solid earring_25mm
  facet normal 0.000000 0.000000 -1.000000
    outer loop
      vertex 0.000000 0.000000 0.000000
      vertex 12.393061 1.631577 0.000000
      vertex 12.500000 0.000000 0.000000
    endloop
  endfacet
  facet normal 0.000000 0.000000 1.000000
    outer loop
      vertex 0.000000 0.000000 0.500000
      vertex 12.500000 0.000000 0.500000
      vertex 12.393061 1.631577 0.500000
    endloop
  endfacet
  facet normal 0.997859 0.065403 0.000000
    outer loop
      vertex 12.500000 0.000000 0.000000
      vertex 12.393061 1.631577 0.000000
      vertex 12.393061 1.631577 0.500000
    endloop
  endfacet
  facet normal 0.997859 0.065403 -0.000000
    outer loop
      vertex 12.500000 0.000000 0.000000
      vertex 12.393061 1.631577 0.500000
      vertex 12.500000 0.000000 0.500000
    endloop
  endfacet
  facet normal 0.000000 0.000000 -1.000000
    outer loop
      vertex 0.000000 0.000000 0.000000
      vertex 12.074073 3.235238 0.000000
      vertex 12.393061 1.631577 0.000000
    endloop
  endfacet
  facet normal 0.000000 0.000000 1.000000
    outer loop
      vertex 0.000000 0.000000 0.500000
      vertex 12.393061 1.631577 0.500000
      vertex 12.074073 3.235238 0.500000
    endloop
  endfacet
  facet normal 0.980785 0.195090 0.000000
    outer loop
      vertex 12.393061 1.631577 0.000000
      vertex 12.074073 3.235238 0.000000
      vertex 12.074073 3.235238 0.500000
    endloop
  endfacet
  facet normal 0.980785 0.195090 -0.000000
    outer loop
      vertex 12.393061 1.631577 0.000000
      vertex 12.074073 3.235238 0.500000
      vertex 12.393061 1.631577 0.500000
    endloop
  endfacet
  facet normal 0.000000 0.000000 -1.000000
    outer loop
      vertex 0.000000 0.000000 0.000000
      vertex 11.548494 4.783543 0.000000
      vertex 12.074073 3.235238 0.000000
    endloop
  endfacet
  facet normal 0.000000 0.000000 1.000000
    outer loop
      vertex 0.000000 0.000000 0.500000
      vertex 12.074073 3.235238 0.500000
      vertex 11.548494 4.783543 0.500000
    endloop
  endfacet
  facet normal 0.946930 0.321439 0.000000
    outer loop
      vertex 12.074073 3.235238 0.000000
      vertex 11.548494 4.783543 0.000000
      vertex 11.548494 4.783543 0.500000
    endloop
  endfacet
  facet normal 0.946930 0.321439 -0.000000
    outer loop
      vertex 12.074073 3.235238 0.000000
      vertex 11.548494 4.783543 0.500000
      vertex 12.074073 3.235238 0.500000
    endloop
  endfacet
  facet normal 0.000000 0.000000 -1.000000
    outer loop
      vertex 0.000000 0.000000 0.000000
      vertex 10.825318 6.250000 0.000000
      vertex 11.548494 4.783543 0.000000
    endloop
  endfacet
  facet normal 0.000000 0.000000 1.000000
    outer loop
      vertex 0.000000 0.000000 0.500000
      vertex 11.548494 4.783543 0.500000
      vertex 10.825318 6.250000 0.500000
    endloop
  endfacet
  facet normal 0.896873 0.442289 0.000000
    outer loop
      vertex 11.548494 4.783543 0.000000
      vertex 10.825318 6.250000 0.000000
      vertex 10.825318 6.250000 0.500000
    endloop
  endfacet
  facet normal 0.896873 0.442289 -0.000000
    outer loop
      vertex 11.548494 4.783543 0.000000
      vertex 10.825318 6.250000 0.500000
      vertex 11.548494 4.783543 0.500000
    endloop
  endfacet
  facet normal 0.000000 0.000000 -1.000000
    outer loop
      vertex 0.000000 0.000000 0.000000
      vertex 9.916917 7.609518 0.000000
      vertex 10.825318 6.250000 0.000000
    endloop
  endfacet
  facet normal 0.000000 0.000000 1.000000
    outer loop
      vertex 0.000000 0.000000 0.500000
      vertex 10.825318 6.250000 0.500000
      vertex 9.916917 7.609518 0.500000
    endloop
  endfacet
  facet normal 0.831470 0.555570 0.000000
    outer loop
      vertex 10.825318 6.250000 0.000000
      vertex 9.916917 7.609518 0.000000
      vertex 9.916917 7.609518 0.500000
    endloop
  endfacet
  facet normal 0.831470 0.555570 -0.000000
    outer loop
      vertex 10.825318 6.250000 0.000000
      vertex 9.916917 7.609518 0.500000
      vertex 10.825318 6.250000 0.500000
    endloop
  endfacet
  facet normal 0.000000 0.000000 -1.000000
    outer loop
      vertex 0.000000 0.000000 0.000000
      vertex 8.838835 8.838835 0.000000
      vertex 9.916917 7.609518 0.000000
    endloop
  endfacet
  facet normal 0.000000 0.000000 1.000000
    outer loop
      vertex 0.000000 0.000000 0.500000
      vertex 9.916917 7.609518 0.500000
      vertex 8.838835 8.838835 0.500000
    endloop
  endfacet
  facet normal 0.751840 0.659346 0.000000
    outer loop
      vertex 9.916917 7.609518 0.000000
      vertex 8.838835 8.838835 0.000000
      vertex 8.838835 8.838835 0.500000
    endloop
  endfacet
  facet normal 0.751840 0.659346 -0.000000
    outer loop
      vertex 9.916917 7.609518 0.000000
      vertex 8.838835 8.838835 0.500000
      vertex 9.916917 7.609518 0.500000
    endloop
  endfacet
  facet normal 0.000000 0.000000 -1.000000
    outer loop
      vertex 0.000000 0.000000 0.000000
      vertex 7.609518 9.916917 0.000000
      vertex 8.838835 8.838835 0.000000
    endloop
  endfacet
  facet normal 0.000000 0.000000 1.000000
    outer loop
      vertex 0.000000 0.000000 0.500000
      vertex 8.838835 8.838835 0.500000
      vertex 7.609518 9.916917 0.500000
    endloop
  endfacet
  facet normal 0.659346 0.751840 0.000000
    outer loop
      vertex 8.838835 8.838835 0.000000
      vertex 7.609518 9.916917 0.000000
      vertex 7.609518 9.916917 0.500000
    endloop
  endfacet
  facet normal 0.659346 0.751840 -0.000000
    outer loop
      vertex 8.838835 8.838835 0.000000
      vertex 7.609518 9.916917 0.500000
      vertex 8.838835 8.838835 0.500000
    endloop
  endfacet
  facet normal 0.000000 0.000000 -1.000000
    outer loop
      vertex 0.000000 0.000000 0.000000
      vertex 6.250000 10.825318 0.000000
      vertex 7.609518 9.916917 0.000000
    endloop
  endfacet
  facet normal 0.000000 0.000000 1.000000
    outer loop
      vertex 0.000000 0.000000 0.500000
      vertex 7.609518 9.916917 0.500000
      vertex 6.250000 10.825318 0.500000
    endloop
  endfacet
  facet normal 0.555570 0.831470 0.000000
    outer loop
      vertex 7.609518 9.916917 0.000000
      vertex 6.250000 10.825318 0.000000
      vertex 6.250000 10.825318 0.500000
    endloop
  endfacet
  facet normal 0.555570 0.831470 -0.000000
    outer loop
      vertex 7.609518 9.916917 0.000000
      vertex 6.250000 10.825318 0.500000
      vertex 7.609518 9.916917 0.500000
    endloop
  endfacet
  facet normal 0.000000 0.000000 -1.000000
    outer loop
      vertex 0.000000 0.000000 0.000000
      vertex 4.783543 11.548494 0.000000
      vertex 6.250000 10.825318 0.000000
    endloop
  endfacet
  facet normal 0.000000 0.000000 1.000000
    outer loop
      vertex 0.000000 0.000000 0.500000
      vertex 6.250000 10.825318 0.500000
      vertex 4.783543 11.548494 0.500000
    endloop
  endfacet
  facet normal 0.442289 0.896873 0.000000
    outer loop
      vertex 6.250000 10.825318 0.000000
      vertex 4.783543 11.548494 0.000000
      vertex 4.783543 11.548494 0.500000
    endloop
  endfacet
  facet normal 0.442289 0.896873 -0.000000
    outer loop
      vertex 6.250000 10.825318 0.000000
      vertex 4.783543 11.548494 0.500000
      vertex 6.250000 10.825318 0.500000
    endloop
  endfacet
  facet normal 0.000000 0.000000 -1.000000
    outer loop
      vertex 0.000000 0.000000 0.000000
      vertex 3.235238 12.074073 0.000000
      vertex 4.783543 11.548494 0.000000
    endloop
  endfacet
  facet normal 0.000000 0.000000 1.000000
    outer loop
      vertex 0.000000 0.000000 0.500000
      vertex 4.783543 11.548494 0.500000
      vertex 3.235238 12.074073 0.500000
    endloop
  endfacet
  facet normal 0.321439 0.946930 0.000000
    outer loop
      vertex 4.783543 11.548494 0.000000
      vertex 3.235238 12.074073 0.000000
      vertex 3.235238 12.074073 0.500000
    endloop
  endfacet
  facet normal 0.321439 0.946930 -0.000000
    outer loop
      vertex 4.783543 11.548494 0.000000
      vertex 3.235238 12.074073 0.500000
      vertex 4.783543 11.548494 0.500000
    endloop
  endfacet
  facet normal 0.000000 0.000000 -1.000000
    outer loop
      vertex 0.000000 0.000000 0.000000
      vertex 1.631577 12.393061 0.000000
      vertex 3.235238 12.074073 0.000000
    endloop
  endfacet
  facet normal 0.000000 0.000000 1.000000
    outer loop
      vertex 0.000000 0.000000 0.500000
      vertex 3.235238 12.074073 0.500000
      vertex 1.631577 12.393061 0.500000
    endloop
  endfacet
  facet normal 0.195090 0.980785 0.000000
    outer loop
      vertex 3.235238 12.074073 0.000000
      vertex 1.631577 12.393061 0.000000
      vertex 1.631577 12.393061 0.500000
    endloop
  endfacet
  facet normal 0.195090 0.980785 -0.000000
    outer loop
      vertex 3.235238 12.074073 0.000000
      vertex 1.631577 12.393061 0.500000
      vertex 3.235238 12.074073 0.500000
    endloop
  endfacet
  facet normal 0.000000 0.000000 -1.000000
    outer loop
      vertex 0.000000 0.000000 0.000000
      vertex 0.000000 12.500000 0.000000
      vertex 1.631577 12.393061 0.000000
    endloop
  endfacet
  facet normal 0.000000 0.000000 1.000000
    outer loop
      vertex 0.000000 0.000000 0.500000
      vertex 1.631577 12.393061 0.500000
      vertex 0.000000 12.500000 0.500000
    endloop
  endfacet
  facet normal 0.065403 0.997859 0.000000
    outer loop
      vertex 1.631577 12.393061 0.000000
      vertex 0.000000 12.500000 0.000000
      vertex 0.000000 12.500000 0.500000
    endloop
  endfacet
  facet normal 0.065403 0.997859 -0.000000
    outer loop
      vertex 1.631577 12.393061 0.000000
      vertex 0.000000 12.500000 0.500000
      vertex 1.631577 12.393061 0.500000
    endloop
  endfacet
  facet normal 0.000000 0.000000 -1.000000
    outer loop
      vertex 0.000000 0.000000 0.000000
      vertex -1.631577 12.393061 0.000000
      vertex 0.000000 12.500000 0.000000
    endloop
  endfacet
  facet normal 0.000000 -0.000000 1.000000
    outer loop
      vertex 0.000000 0.000000 0.500000
      vertex 0.000000 12.500000 0.500000
      vertex -1.631577 12.393061 0.500000
    endloop
  endfacet
  facet normal -0.065403 0.997859 0.000000
    outer loop
      vertex 0.000000 12.500000 0.000000
      vertex -1.631577 12.393061 0.000000
      vertex -1.631577 12.393061 0.500000
    endloop
  endfacet
  facet normal -0.065403 0.997859 0.000000
    outer loop
      vertex 0.000000 12.500000 0.000000
      vertex -1.631577 12.393061 0.500000
      vertex 0.000000 12.500000 0.500000
    endloop
  endfacet
  facet normal 0.000000 0.000000 -1.000000
    outer loop
      vertex 0.000000 0.000000 0.000000
      vertex -3.235238 12.074073 0.000000
      vertex -1.631577 12.393061 0.000000
    endloop
  endfacet
  facet normal 0.000000 0.000000 1.000000
    outer loop
      vertex 0.000000 0.000000 0.500000
      vertex -1.631577 12.393061 0.500000
      vertex -3.235238 12.074073 0.500000
    endloop
  endfacet
  facet normal -0.195090 0.980785 0.000000
    outer loop
      vertex -1.631577 12.393061 0.000000
      vertex -3.235238 12.074073 0.000000
      vertex -3.235238 12.074073 0.500000
    endloop
  endfacet
  facet normal -0.195090 0.980785 0.000000
    outer loop
      vertex -1.631577 12.393061 0.000000
      vertex -3.235238 12.074073 0.500000
      vertex -1.631577 12.393061 0.500000
    endloop
  endfacet
  facet normal 0.000000 0.000000 -1.000000
    outer loop
      vertex 0.000000 0.000000 0.000000
      vertex -4.783543 11.548494 0.000000
      vertex -3.235238 12.074073 0.000000
    endloop
  endfacet
  facet normal 0.000000 0.000000 1.000000
    outer loop
      vertex 0.000000 0.000000 0.500000
      vertex -3.235238 12.074073 0.500000
      vertex -4.783543 11.548494 0.500000
    endloop
  endfacet
  facet normal -0.321439 0.946930 0.000000
    outer loop
      vertex -3.235238 12.074073 0.000000
      vertex -4.783543 11.548494 0.000000
      vertex -4.783543 11.548494 0.500000
    endloop
  endfacet
  facet normal -0.321439 0.946930 0.000000
    outer loop
      vertex -3.235238 12.074073 0.000000
      vertex -4.783543 11.548494 0.500000
      vertex -3.235238 12.074073 0.500000
    endloop
  endfacet
  facet normal 0.000000 0.000000 -1.000000
    outer loop
      vertex 0.000000 0.000000 0.000000
      vertex -6.250000 10.825318 0.000000
      vertex -4.783543 11.548494 0.000000
    endloop
  endfacet
  facet normal 0.000000 0.000000 1.000000
    outer loop
      vertex 0.000000 0.000000 0.500000
      vertex -4.783543 11.548494 0.500000
      vertex -6.250000 10.825318 0.500000
    endloop
  endfacet
  facet normal -0.442289 0.896873 0.000000
    outer loop
      vertex -4.783543 11.548494 0.000000
      vertex -6.250000 10.825318 0.000000
      vertex -6.250000 10.825318 0.500000
    endloop
  endfacet
  facet normal -0.442289 0.896873 0.000000
    outer loop
      vertex -4.783543 11.548494 0.000000
      vertex -6.250000 10.825318 0.500000
      vertex -4.783543 11.548494 0.500000
    endloop
  endfacet
  facet normal 0.000000 0.000000 -1.000000
    outer loop
      vertex 0.000000 0.000000 0.000000
      vertex -7.609518 9.916917 0.000000
      vertex -6.250000 10.825318 0.000000
    endloop
  endfacet
  facet normal 0.000000 0.000000 1.000000
    outer loop
      vertex 0.000000 0.000000 0.500000
      vertex -6.250000 10.825318 0.500000
      vertex -7.609518 9.916917 0.500000
    endloop
  endfacet
  facet normal -0.555570 0.831470 0.000000
    outer loop
      vertex -6.250000 10.825318 0.000000
      vertex -7.609518 9.916917 0.000000
      vertex -7.609518 9.916917 0.500000
    endloop
  endfacet
  facet normal -0.555570 0.831470 0.000000
    outer loop
      vertex -6.250000 10.825318 0.000000
      vertex -7.609518 9.916917 0.500000
      vertex -6.250000 10.825318 0.500000
    endloop
  endfacet
  facet normal 0.000000 0.000000 -1.000000
    outer loop
      vertex 0.000000 0.000000 0.000000
      vertex -8.838835 8.838835 0.000000
      vertex -7.609518 9.916917 0.000000
    endloop
  endfacet
  facet normal 0.000000 0.000000 1.000000
    outer loop
      vertex 0.000000 0.000000 0.500000
      vertex -7.609518 9.916917 0.500000
      vertex -8.838835 8.838835 0.500000
    endloop
  endfacet
  facet normal -0.659346 0.751840 0.000000
    outer loop
      vertex -7.609518 9.916917 0.000000
      vertex -8.838835 8.838835 0.000000
      vertex -8.838835 8.838835 0.500000
    endloop
  endfacet
  facet normal -0.659346 0.751840 0.000000
    outer loop
      vertex -7.609518 9.916917 0.000000
      vertex -8.838835 8.838835 0.500000
      vertex -7.609518 9.916917 0.500000
    endloop
  endfacet
  facet normal 0.000000 0.000000 -1.000000
    outer loop
      vertex 0.000000 0.000000 0.000000
      vertex -9.916917 7.609518 0.000000
      vertex -8.838835 8.838835 0.000000
    endloop
  endfacet
  facet normal 0.000000 0.000000 1.000000
    outer loop
      vertex 0.000000 0.000000 0.500000
      vertex -8.838835 8.838835 0.500000
      vertex -9.916917 7.609518 0.500000
    endloop
  endfacet
  facet normal -0.751840 0.659346 0.000000
    outer loop
      vertex -8.838835 8.838835 0.000000
      vertex -9.916917 7.609518 0.000000
      vertex -9.916917 7.609518 0.500000
    endloop
  endfacet
  facet normal -0.751840 0.659346 0.000000
    outer loop
      vertex -8.838835 8.838835 0.000000
      vertex -9.916917 7.609518 0.500000
      vertex -8.838835 8.838835 0.500000
    endloop
  endfacet
  facet normal 0.000000 0.000000 -1.000000
    outer loop
      vertex 0.000000 0.000000 0.000000
      vertex -10.825318 6.250000 0.000000
      vertex -9.916917 7.609518 0.000000
    endloop
  endfacet
  facet normal 0.000000 0.000000 1.000000
    outer loop
      vertex 0.000000 0.000000 0.500000
      vertex -9.916917 7.609518 0.500000
      vertex -10.825318 6.250000 0.500000
    endloop
  endfacet
  facet normal -0.831470 0.555570 0.000000
    outer loop
      vertex -9.916917 7.609518 0.000000
      vertex -10.825318 6.250000 0.000000
      vertex -10.825318 6.250000 0.500000
    endloop
  endfacet
  facet normal -0.831470 0.555570 0.000000
    outer loop
      vertex -9.916917 7.609518 0.000000
      vertex -10.825318 6.250000 0.500000
      vertex -9.916917 7.609518 0.500000
    endloop
  endfacet
  facet normal 0.000000 0.000000 -1.000000
    outer loop
      vertex 0.000000 0.000000 0.000000
      vertex -11.548494 4.783543 0.000000
      vertex -10.825318 6.250000 0.000000
    endloop
  endfacet
  facet normal 0.000000 0.000000 1.000000
    outer loop
      vertex 0.000000 0.000000 0.500000
      vertex -10.825318 6.250000 0.500000
      vertex -11.548494 4.783543 0.500000
    endloop
  endfacet
  facet normal -0.896873 0.442289 0.000000
    outer loop
      vertex -10.825318 6.250000 0.000000
      vertex -11.548494 4.783543 0.000000
      vertex -11.548494 4.783543 0.500000
    endloop
  endfacet
  facet normal -0.896873 0.442289 0.000000
    outer loop
      vertex -10.825318 6.250000 0.000000
      vertex -11.548494 4.783543 0.500000
      vertex -10.825318 6.250000 0.500000
    endloop
  endfacet
  facet normal 0.000000 0.000000 -1.000000
    outer loop
      vertex 0.000000 0.000000 0.000000
      vertex -12.074073 3.235238 0.000000
      vertex -11.548494 4.783543 0.000000
    endloop
  endfacet
  facet normal 0.000000 0.000000 1.000000
    outer loop
      vertex 0.000000 0.000000 0.500000
      vertex -11.548494 4.783543 0.500000
      vertex -12.074073 3.235238 0.500000
    endloop
  endfacet
  facet normal -0.946930 0.321439 0.000000
    outer loop
      vertex -11.548494 4.783543 0.000000
      vertex -12.074073 3.235238 0.000000
      vertex -12.074073 3.235238 0.500000
    endloop
  endfacet
  facet normal -0.946930 0.321439 0.000000
    outer loop
      vertex -11.548494 4.783543 0.000000
      vertex -12.074073 3.235238 0.500000
      vertex -11.548494 4.783543 0.500000
    endloop
  endfacet
  facet normal 0.000000 0.000000 -1.000000
    outer loop
      vertex 0.000000 0.000000 0.000000
      vertex -12.393061 1.631577 0.000000
      vertex -12.074073 3.235238 0.000000
    endloop
  endfacet
  facet normal 0.000000 0.000000 1.000000
    outer loop
      vertex 0.000000 0.000000 0.500000
      vertex -12.074073 3.235238 0.500000
      vertex -12.393061 1.631577 0.500000
    endloop
  endfacet
  facet normal -0.980785 0.195090 0.000000
    outer loop
      vertex -12.074073 3.235238 0.000000
      vertex -12.393061 1.631577 0.000000
      vertex -12.393061 1.631577 0.500000
    endloop
  endfacet
  facet normal -0.980785 0.195090 0.000000
    outer loop
      vertex -12.074073 3.235238 0.000000
      vertex -12.393061 1.631577 0.500000
      vertex -12.074073 3.235238 0.500000
    endloop
  endfacet
  facet normal 0.000000 0.000000 -1.000000
    outer loop
      vertex 0.000000 0.000000 0.000000
      vertex -12.500000 0.000000 0.000000
      vertex -12.393061 1.631577 0.000000
    endloop
  endfacet
  facet normal 0.000000 0.000000 1.000000
    outer loop
      vertex 0.000000 0.000000 0.500000
      vertex -12.393061 1.631577 0.500000
      vertex -12.500000 0.000000 0.500000
    endloop
  endfacet
  facet normal -0.997859 0.065403 0.000000
    outer loop
      vertex -12.393061 1.631577 0.000000
      vertex -12.500000 0.000000 0.000000
      vertex -12.500000 0.000000 0.500000
    endloop
  endfacet
  facet normal -0.997859 0.065403 0.000000
    outer loop
      vertex -12.393061 1.631577 0.000000
      vertex -12.500000 0.000000 0.500000
      vertex -12.393061 1.631577 0.500000
    endloop
  endfacet
  facet normal -0.000000 0.000000 -1.000000
    outer loop
      vertex 0.000000 0.000000 0.000000
      vertex -12.393061 -1.631577 0.000000
      vertex -12.500000 0.000000 0.000000
    endloop
  endfacet
  facet normal 0.000000 0.000000 1.000000
    outer loop
      vertex 0.000000 0.000000 0.500000
      vertex -12.500000 0.000000 0.500000
      vertex -12.393061 -1.631577 0.500000
    endloop
  endfacet
  facet normal -0.997859 -0.065403 0.000000
    outer loop
      vertex -12.500000 0.000000 0.000000
      vertex -12.393061 -1.631577 0.000000
      vertex -12.393061 -1.631577 0.500000
    endloop
  endfacet
  facet normal -0.997859 -0.065403 0.000000
    outer loop
      vertex -12.500000 0.000000 0.000000
      vertex -12.393061 -1.631577 0.500000
      vertex -12.500000 0.000000 0.500000
    endloop
  endfacet
  facet normal 0.000000 0.000000 -1.000000
    outer loop
      vertex 0.000000 0.000000 0.000000
      vertex -12.074073 -3.235238 0.000000
      vertex -12.393061 -1.631577 0.000000
    endloop
  endfacet
  facet normal 0.000000 0.000000 1.000000
    outer loop
      vertex 0.000000 0.000000 0.500000
      vertex -12.393061 -1.631577 0.500000
      vertex -12.074073 -3.235238 0.500000
    endloop
  endfacet
  facet normal -0.980785 -0.195090 0.000000
    outer loop
      vertex -12.393061 -1.631577 0.000000
      vertex -12.074073 -3.235238 0.000000
      vertex -12.074073 -3.235238 0.500000
    endloop
  endfacet
  facet normal -0.980785 -0.195090 0.000000
    outer loop
      vertex -12.393061 -1.631577 0.000000
      vertex -12.074073 -3.235238 0.500000
      vertex -12.393061 -1.631577 0.500000
    endloop
  endfacet
  facet normal 0.000000 0.000000 -1.000000
    outer loop
      vertex 0.000000 0.000000 0.000000
      vertex -11.548494 -4.783543 0.000000
      vertex -12.074073 -3.235238 0.000000
    endloop
  endfacet
  facet normal 0.000000 0.000000 1.000000
    outer loop
      vertex 0.000000 0.000000 0.500000
      vertex -12.074073 -3.235238 0.500000
      vertex -11.548494 -4.783543 0.500000
    endloop
  endfacet
  facet normal -0.946930 -0.321439 0.000000
    outer loop
      vertex -12.074073 -3.235238 0.000000
      vertex -11.548494 -4.783543 0.000000
      vertex -11.548494 -4.783543 0.500000
    endloop
  endfacet
  facet normal -0.946930 -0.321439 0.000000
    outer loop
      vertex -12.074073 -3.235238 0.000000
      vertex -11.548494 -4.783543 0.500000
      vertex -12.074073 -3.235238 0.500000
    endloop
  endfacet
  facet normal 0.000000 0.000000 -1.000000
    outer loop
      vertex 0.000000 0.000000 0.000000
      vertex -10.825318 -6.250000 0.000000
      vertex -11.548494 -4.783543 0.000000
    endloop
  endfacet
  facet normal 0.000000 0.000000 1.000000
    outer loop
      vertex 0.000000 0.000000 0.500000
      vertex -11.548494 -4.783543 0.500000
      vertex -10.825318 -6.250000 0.500000
    endloop
  endfacet
  facet normal -0.896873 -0.442289 0.000000
    outer loop
      vertex -11.548494 -4.783543 0.000000
      vertex -10.825318 -6.250000 0.000000
      vertex -10.825318 -6.250000 0.500000
    endloop
  endfacet
  facet normal -0.896873 -0.442289 0.000000
    outer loop
      vertex -11.548494 -4.783543 0.000000
      vertex -10.825318 -6.250000 0.500000
      vertex -11.548494 -4.783543 0.500000
    endloop
  endfacet
  facet normal 0.000000 0.000000 -1.000000
    outer loop
      vertex 0.000000 0.000000 0.000000
      vertex -9.916917 -7.609518 0.000000
      vertex -10.825318 -6.250000 0.000000
    endloop
  endfacet
  facet normal 0.000000 0.000000 1.000000
    outer loop
      vertex 0.000000 0.000000 0.500000
      vertex -10.825318 -6.250000 0.500000
      vertex -9.916917 -7.609518 0.500000
    endloop
  endfacet
  facet normal -0.831470 -0.555570 0.000000
    outer loop
      vertex -10.825318 -6.250000 0.000000
      vertex -9.916917 -7.609518 0.000000
      vertex -9.916917 -7.609518 0.500000
    endloop
  endfacet
  facet normal -0.831470 -0.555570 0.000000
    outer loop
      vertex -10.825318 -6.250000 0.000000
      vertex -9.916917 -7.609518 0.500000
      vertex -10.825318 -6.250000 0.500000
    endloop
  endfacet
  facet normal 0.000000 0.000000 -1.000000
    outer loop
      vertex 0.000000 0.000000 0.000000
      vertex -8.838835 -8.838835 0.000000
      vertex -9.916917 -7.609518 0.000000
    endloop
  endfacet
  facet normal 0.000000 0.000000 1.000000
    outer loop
      vertex 0.000000 0.000000 0.500000
      vertex -9.916917 -7.609518 0.500000
      vertex -8.838835 -8.838835 0.500000
    endloop
  endfacet
  facet normal -0.751840 -0.659346 0.000000
    outer loop
      vertex -9.916917 -7.609518 0.000000
      vertex -8.838835 -8.838835 0.000000
      vertex -8.838835 -8.838835 0.500000
    endloop
  endfacet
  facet normal -0.751840 -0.659346 0.000000
    outer loop
      vertex -9.916917 -7.609518 0.000000
      vertex -8.838835 -8.838835 0.500000
      vertex -9.916917 -7.609518 0.500000
    endloop
  endfacet
  facet normal 0.000000 0.000000 -1.000000
    outer loop
      vertex 0.000000 0.000000 0.000000
      vertex -7.609518 -9.916917 0.000000
      vertex -8.838835 -8.838835 0.000000
    endloop
  endfacet
  facet normal 0.000000 0.000000 1.000000
    outer loop
      vertex 0.000000 0.000000 0.500000
      vertex -8.838835 -8.838835 0.500000
      vertex -7.609518 -9.916917 0.500000
    endloop
  endfacet
  facet normal -0.659346 -0.751840 0.000000
    outer loop
      vertex -8.838835 -8.838835 0.000000
      vertex -7.609518 -9.916917 0.000000
      vertex -7.609518 -9.916917 0.500000
    endloop
  endfacet
  facet normal -0.659346 -0.751840 0.000000
    outer loop
      vertex -8.838835 -8.838835 0.000000
      vertex -7.609518 -9.916917 0.500000
      vertex -8.838835 -8.838835 0.500000
    endloop
  endfacet
  facet normal 0.000000 0.000000 -1.000000
    outer loop
      vertex 0.000000 0.000000 0.000000
      vertex -6.250000 -10.825318 0.000000
      vertex -7.609518 -9.916917 0.000000
    endloop
  endfacet
  facet normal 0.000000 0.000000 1.000000
    outer loop
      vertex 0.000000 0.000000 0.500000
      vertex -7.609518 -9.916917 0.500000
      vertex -6.250000 -10.825318 0.500000
    endloop
  endfacet
  facet normal -0.555570 -0.831470 0.000000
    outer loop
      vertex -7.609518 -9.916917 0.000000
      vertex -6.250000 -10.825318 0.000000
      vertex -6.250000 -10.825318 0.500000
    endloop
  endfacet
  facet normal -0.555570 -0.831470 0.000000
    outer loop
      vertex -7.609518 -9.916917 0.000000
      vertex -6.250000 -10.825318 0.500000
      vertex -7.609518 -9.916917 0.500000
    endloop
  endfacet
  facet normal 0.000000 0.000000 -1.000000
    outer loop
      vertex 0.000000 0.000000 0.000000
      vertex -4.783543 -11.548494 0.000000
      vertex -6.250000 -10.825318 0.000000
    endloop
  endfacet
  facet normal 0.000000 0.000000 1.000000
    outer loop
      vertex 0.000000 0.000000 0.500000
      vertex -6.250000 -10.825318 0.500000
      vertex -4.783543 -11.548494 0.500000
    endloop
  endfacet
  facet normal -0.442289 -0.896873 0.000000
    outer loop
      vertex -6.250000 -10.825318 0.000000
      vertex -4.783543 -11.548494 0.000000
      vertex -4.783543 -11.548494 0.500000
    endloop
  endfacet
  facet normal -0.442289 -0.896873 0.000000
    outer loop
      vertex -6.250000 -10.825318 0.000000
      vertex -4.783543 -11.548494 0.500000
      vertex -6.250000 -10.825318 0.500000
    endloop
  endfacet
  facet normal 0.000000 0.000000 -1.000000
    outer loop
      vertex 0.000000 0.000000 0.000000
      vertex -3.235238 -12.074073 0.000000
      vertex -4.783543 -11.548494 0.000000
    endloop
  endfacet
  facet normal 0.000000 0.000000 1.000000
    outer loop
      vertex 0.000000 0.000000 0.500000
      vertex -4.783543 -11.548494 0.500000
      vertex -3.235238 -12.074073 0.500000
    endloop
  endfacet
  facet normal -0.321439 -0.946930 0.000000
    outer loop
      vertex -4.783543 -11.548494 0.000000
      vertex -3.235238 -12.074073 0.000000
      vertex -3.235238 -12.074073 0.500000
    endloop
  endfacet
  facet normal -0.321439 -0.946930 0.000000
    outer loop
      vertex -4.783543 -11.548494 0.000000
      vertex -3.235238 -12.074073 0.500000
      vertex -4.783543 -11.548494 0.500000
    endloop
  endfacet
  facet normal 0.000000 0.000000 -1.000000
    outer loop
      vertex 0.000000 0.000000 0.000000
      vertex -1.631577 -12.393061 0.000000
      vertex -3.235238 -12.074073 0.000000
    endloop
  endfacet
  facet normal 0.000000 0.000000 1.000000
    outer loop
      vertex 0.000000 0.000000 0.500000
      vertex -3.235238 -12.074073 0.500000
      vertex -1.631577 -12.393061 0.500000
    endloop
  endfacet
  facet normal -0.195090 -0.980785 0.000000
    outer loop
      vertex -3.235238 -12.074073 0.000000
      vertex -1.631577 -12.393061 0.000000
      vertex -1.631577 -12.393061 0.500000
    endloop
  endfacet
  facet normal -0.195090 -0.980785 0.000000
    outer loop
      vertex -3.235238 -12.074073 0.000000
      vertex -1.631577 -12.393061 0.500000
      vertex -3.235238 -12.074073 0.500000
    endloop
  endfacet
  facet normal 0.000000 0.000000 -1.000000
    outer loop
      vertex 0.000000 0.000000 0.000000
      vertex -0.000000 -12.500000 0.000000
      vertex -1.631577 -12.393061 0.000000
    endloop
  endfacet
  facet normal 0.000000 0.000000 1.000000
    outer loop
      vertex 0.000000 0.000000 0.500000
      vertex -1.631577 -12.393061 0.500000
      vertex -0.000000 -12.500000 0.500000
    endloop
  endfacet
  facet normal -0.065403 -0.997859 0.000000
    outer loop
      vertex -1.631577 -12.393061 0.000000
      vertex -0.000000 -12.500000 0.000000
      vertex -0.000000 -12.500000 0.500000
    endloop
  endfacet
  facet normal -0.065403 -0.997859 0.000000
    outer loop
      vertex -1.631577 -12.393061 0.000000
      vertex -0.000000 -12.500000 0.500000
      vertex -1.631577 -12.393061 0.500000
    endloop
  endfacet
  facet normal 0.000000 -0.000000 -1.000000
    outer loop
      vertex 0.000000 0.000000 0.000000
      vertex 1.631577 -12.393061 0.000000
      vertex -0.000000 -12.500000 0.000000
    endloop
  endfacet
  facet normal 0.000000 0.000000 1.000000
    outer loop
      vertex 0.000000 0.000000 0.500000
      vertex -0.000000 -12.500000 0.500000
      vertex 1.631577 -12.393061 0.500000
    endloop
  endfacet
  facet normal 0.065403 -0.997859 0.000000
    outer loop
      vertex -0.000000 -12.500000 0.000000
      vertex 1.631577 -12.393061 0.000000
      vertex 1.631577 -12.393061 0.500000
    endloop
  endfacet
  facet normal 0.065403 -0.997859 0.000000
    outer loop
      vertex -0.000000 -12.500000 0.000000
      vertex 1.631577 -12.393061 0.500000
      vertex -0.000000 -12.500000 0.500000
    endloop
  endfacet
  facet normal 0.000000 0.000000 -1.000000
    outer loop
      vertex 0.000000 0.000000 0.000000
      vertex 3.235238 -12.074073 0.000000
      vertex 1.631577 -12.393061 0.000000
    endloop
  endfacet
  facet normal 0.000000 0.000000 1.000000
    outer loop
      vertex 0.000000 0.000000 0.500000
      vertex 1.631577 -12.393061 0.500000
      vertex 3.235238 -12.074073 0.500000
    endloop
  endfacet
  facet normal 0.195090 -0.980785 0.000000
    outer loop
      vertex 1.631577 -12.393061 0.000000
      vertex 3.235238 -12.074073 0.000000
      vertex 3.235238 -12.074073 0.500000
    endloop
  endfacet
  facet normal 0.195090 -0.980785 0.000000
    outer loop
      vertex 1.631577 -12.393061 0.000000
      vertex 3.235238 -12.074073 0.500000
      vertex 1.631577 -12.393061 0.500000
    endloop
  endfacet
  facet normal 0.000000 0.000000 -1.000000
    outer loop
      vertex 0.000000 0.000000 0.000000
      vertex 4.783543 -11.548494 0.000000
      vertex 3.235238 -12.074073 0.000000
    endloop
  endfacet
  facet normal 0.000000 0.000000 1.000000
    outer loop
      vertex 0.000000 0.000000 0.500000
      vertex 3.235238 -12.074073 0.500000
      vertex 4.783543 -11.548494 0.500000
    endloop
  endfacet
  facet normal 0.321439 -0.946930 0.000000
    outer loop
      vertex 3.235238 -12.074073 0.000000
      vertex 4.783543 -11.548494 0.000000
      vertex 4.783543 -11.548494 0.500000
    endloop
  endfacet
  facet normal 0.321439 -0.946930 0.000000
    outer loop
      vertex 3.235238 -12.074073 0.000000
      vertex 4.783543 -11.548494 0.500000
      vertex 3.235238 -12.074073 0.500000
    endloop
  endfacet
  facet normal 0.000000 0.000000 -1.000000
    outer loop
      vertex 0.000000 0.000000 0.000000
      vertex 6.250000 -10.825318 0.000000
      vertex 4.783543 -11.548494 0.000000
    endloop
  endfacet
  facet normal 0.000000 0.000000 1.000000
    outer loop
      vertex 0.000000 0.000000 0.500000
      vertex 4.783543 -11.548494 0.500000
      vertex 6.250000 -10.825318 0.500000
    endloop
  endfacet
  facet normal 0.442289 -0.896873 0.000000
    outer loop
      vertex 4.783543 -11.548494 0.000000
      vertex 6.250000 -10.825318 0.000000
      vertex 6.250000 -10.825318 0.500000
    endloop
  endfacet
  facet normal 0.442289 -0.896873 0.000000
    outer loop
      vertex 4.783543 -11.548494 0.000000
      vertex 6.250000 -10.825318 0.500000
      vertex 4.783543 -11.548494 0.500000
    endloop
  endfacet
  facet normal 0.000000 0.000000 -1.000000
    outer loop
      vertex 0.000000 0.000000 0.000000
      vertex 7.609518 -9.916917 0.000000
      vertex 6.250000 -10.825318 0.000000
    endloop
  endfacet
  facet normal 0.000000 0.000000 1.000000
    outer loop
      vertex 0.000000 0.000000 0.500000
      vertex 6.250000 -10.825318 0.500000
      vertex 7.609518 -9.916917 0.500000
    endloop
  endfacet
  facet normal 0.555570 -0.831470 0.000000
    outer loop
      vertex 6.250000 -10.825318 0.000000
      vertex 7.609518 -9.916917 0.000000
      vertex 7.609518 -9.916917 0.500000
    endloop
  endfacet
  facet normal 0.555570 -0.831470 0.000000
    outer loop
      vertex 6.250000 -10.825318 0.000000
      vertex 7.609518 -9.916917 0.500000
      vertex 6.250000 -10.825318 0.500000
    endloop
  endfacet
  facet normal 0.000000 0.000000 -1.000000
    outer loop
      vertex 0.000000 0.000000 0.000000
      vertex 8.838835 -8.838835 0.000000
      vertex 7.609518 -9.916917 0.000000
    endloop
  endfacet
  facet normal 0.000000 0.000000 1.000000
    outer loop
      vertex 0.000000 0.000000 0.500000
      vertex 7.609518 -9.916917 0.500000
      vertex 8.838835 -8.838835 0.500000
    endloop
  endfacet
  facet normal 0.659346 -0.751840 0.000000
    outer loop
      vertex 7.609518 -9.916917 0.000000
      vertex 8.838835 -8.838835 0.000000
      vertex 8.838835 -8.838835 0.500000
    endloop
  endfacet
  facet normal 0.659346 -0.751840 0.000000
    outer loop
      vertex 7.609518 -9.916917 0.000000
      vertex 8.838835 -8.838835 0.500000
      vertex 7.609518 -9.916917 0.500000
    endloop
  endfacet
  facet normal 0.000000 0.000000 -1.000000
    outer loop
      vertex 0.000000 0.000000 0.000000
      vertex 9.916917 -7.609518 0.000000
      vertex 8.838835 -8.838835 0.000000
    endloop
  endfacet
  facet normal 0.000000 0.000000 1.000000
    outer loop
      vertex 0.000000 0.000000 0.500000
      vertex 8.838835 -8.838835 0.500000
      vertex 9.916917 -7.609518 0.500000
    endloop
  endfacet
  facet normal 0.751840 -0.659346 0.000000
    outer loop
      vertex 8.838835 -8.838835 0.000000
      vertex 9.916917 -7.609518 0.000000
      vertex 9.916917 -7.609518 0.500000
    endloop
  endfacet
  facet normal 0.751840 -0.659346 0.000000
    outer loop
      vertex 8.838835 -8.838835 0.000000
      vertex 9.916917 -7.609518 0.500000
      vertex 8.838835 -8.838835 0.500000
    endloop
  endfacet
  facet normal 0.000000 0.000000 -1.000000
    outer loop
      vertex 0.000000 0.000000 0.000000
      vertex 10.825318 -6.250000 0.000000
      vertex 9.916917 -7.609518 0.000000
    endloop
  endfacet
  facet normal 0.000000 0.000000 1.000000
    outer loop
      vertex 0.000000 0.000000 0.500000
      vertex 9.916917 -7.609518 0.500000
      vertex 10.825318 -6.250000 0.500000
    endloop
  endfacet
  facet normal 0.831470 -0.555570 0.000000
    outer loop
      vertex 9.916917 -7.609518 0.000000
      vertex 10.825318 -6.250000 0.000000
      vertex 10.825318 -6.250000 0.500000
    endloop
  endfacet
  facet normal 0.831470 -0.555570 0.000000
    outer loop
      vertex 9.916917 -7.609518 0.000000
      vertex 10.825318 -6.250000 0.500000
      vertex 9.916917 -7.609518 0.500000
    endloop
  endfacet
  facet normal 0.000000 0.000000 -1.000000
    outer loop
      vertex 0.000000 0.000000 0.000000
      vertex 11.548494 -4.783543 0.000000
      vertex 10.825318 -6.250000 0.000000
    endloop
  endfacet
  facet normal 0.000000 0.000000 1.000000
    outer loop
      vertex 0.000000 0.000000 0.500000
      vertex 10.825318 -6.250000 0.500000
      vertex 11.548494 -4.783543 0.500000
    endloop
  endfacet
  facet normal 0.896873 -0.442289 0.000000
    outer loop
      vertex 10.825318 -6.250000 0.000000
      vertex 11.548494 -4.783543 0.000000
      vertex 11.548494 -4.783543 0.500000
    endloop
  endfacet
  facet normal 0.896873 -0.442289 0.000000
    outer loop
      vertex 10.825318 -6.250000 0.000000
      vertex 11.548494 -4.783543 0.500000
      vertex 10.825318 -6.250000 0.500000
    endloop
  endfacet
  facet normal 0.000000 0.000000 -1.000000
    outer loop
      vertex 0.000000 0.000000 0.000000
      vertex 12.074073 -3.235238 0.000000
      vertex 11.548494 -4.783543 0.000000
    endloop
  endfacet
  facet normal 0.000000 0.000000 1.000000
    outer loop
      vertex 0.000000 0.000000 0.500000
      vertex 11.548494 -4.783543 0.500000
      vertex 12.074073 -3.235238 0.500000
    endloop
  endfacet
  facet normal 0.946930 -0.321439 0.000000
    outer loop
      vertex 11.548494 -4.783543 0.000000
      vertex 12.074073 -3.235238 0.000000
      vertex 12.074073 -3.235238 0.500000
    endloop
  endfacet
  facet normal 0.946930 -0.321439 0.000000
    outer loop
      vertex 11.548494 -4.783543 0.000000
      vertex 12.074073 -3.235238 0.500000
      vertex 11.548494 -4.783543 0.500000
    endloop
  endfacet
  facet normal 0.000000 0.000000 -1.000000
    outer loop
      vertex 0.000000 0.000000 0.000000
      vertex 12.393061 -1.631577 0.000000
      vertex 12.074073 -3.235238 0.000000
    endloop
  endfacet
  facet normal 0.000000 0.000000 1.000000
    outer loop
      vertex 0.000000 0.000000 0.500000
      vertex 12.074073 -3.235238 0.500000
      vertex 12.393061 -1.631577 0.500000
    endloop
  endfacet
  facet normal 0.980785 -0.195090 0.000000
    outer loop
      vertex 12.074073 -3.235238 0.000000
      vertex 12.393061 -1.631577 0.000000
      vertex 12.393061 -1.631577 0.500000
    endloop
  endfacet
  facet normal 0.980785 -0.195090 0.000000
    outer loop
      vertex 12.074073 -3.235238 0.000000
      vertex 12.393061 -1.631577 0.500000
      vertex 12.074073 -3.235238 0.500000
    endloop
  endfacet
  facet normal 0.000000 0.000000 -1.000000
    outer loop
      vertex 0.000000 0.000000 0.000000
      vertex 12.500000 -0.000000 0.000000
      vertex 12.393061 -1.631577 0.000000
    endloop
  endfacet
  facet normal 0.000000 0.000000 1.000000
    outer loop
      vertex 0.000000 0.000000 0.500000
      vertex 12.393061 -1.631577 0.500000
      vertex 12.500000 -0.000000 0.500000
    endloop
  endfacet
  facet normal 0.997859 -0.065403 0.000000
    outer loop
      vertex 12.393061 -1.631577 0.000000
      vertex 12.500000 -0.000000 0.000000
      vertex 12.500000 -0.000000 0.500000
    endloop
  endfacet
  facet normal 0.997859 -0.065403 0.000000
    outer loop
      vertex 12.393061 -1.631577 0.000000
      vertex 12.500000 -0.000000 0.500000
      vertex 12.393061 -1.631577 0.500000
    endloop
  endfacet
  facet normal 0.000000 0.000000 1.000000
    outer loop
      vertex 12.500000 0.000000 0.000000
      vertex 11.599905 1.527156 0.000000
      vertex 11.700000 0.000000 0.000000
    endloop
  endfacet
  facet normal 0.000000 0.000000 1.000000
    outer loop
      vertex 12.500000 0.000000 0.000000
      vertex 12.393061 1.631577 0.000000
      vertex 11.599905 1.527156 0.000000
    endloop
  endfacet
  facet normal 0.000000 0.000000 -1.000000
    outer loop
      vertex 12.500000 0.000000 0.800000
      vertex 11.700000 0.000000 0.800000
      vertex 11.599905 1.527156 0.800000
    endloop
  endfacet
  facet normal 0.000000 0.000000 -1.000000
    outer loop
      vertex 12.500000 0.000000 0.800000
      vertex 11.599905 1.527156 0.800000
      vertex 12.393061 1.631577 0.800000
    endloop
  endfacet
  facet normal 0.997859 0.065403 0.000000
    outer loop
      vertex 12.500000 0.000000 0.000000
      vertex 12.393061 1.631577 0.000000
      vertex 12.393061 1.631577 0.800000
    endloop
  endfacet
  facet normal 0.997859 0.065403 -0.000000
    outer loop
      vertex 12.500000 0.000000 0.000000
      vertex 12.393061 1.631577 0.800000
      vertex 12.500000 0.000000 0.800000
    endloop
  endfacet
  facet normal -0.997859 -0.065403 0.000000
    outer loop
      vertex 11.700000 0.000000 0.000000
      vertex 11.599905 1.527156 0.800000
      vertex 11.599905 1.527156 0.000000
    endloop
  endfacet
  facet normal -0.997859 -0.065403 0.000000
    outer loop
      vertex 11.700000 0.000000 0.000000
      vertex 11.700000 0.000000 0.800000
      vertex 11.599905 1.527156 0.800000
    endloop
  endfacet
  facet normal 0.000000 0.000000 1.000000
    outer loop
      vertex 12.393061 1.631577 0.000000
      vertex 11.301332 3.028183 0.000000
      vertex 11.599905 1.527156 0.000000
    endloop
  endfacet
  facet normal 0.000000 0.000000 1.000000
    outer loop
      vertex 12.393061 1.631577 0.000000
      vertex 12.074073 3.235238 0.000000
      vertex 11.301332 3.028183 0.000000
    endloop
  endfacet
  facet normal -0.000000 0.000000 -1.000000
    outer loop
      vertex 12.393061 1.631577 0.800000
      vertex 11.599905 1.527156 0.800000
      vertex 11.301332 3.028183 0.800000
    endloop
  endfacet
  facet normal 0.000000 0.000000 -1.000000
    outer loop
      vertex 12.393061 1.631577 0.800000
      vertex 11.301332 3.028183 0.800000
      vertex 12.074073 3.235238 0.800000
    endloop
  endfacet
  facet normal 0.980785 0.195090 0.000000
    outer loop
      vertex 12.393061 1.631577 0.000000
      vertex 12.074073 3.235238 0.000000
      vertex 12.074073 3.235238 0.800000
    endloop
  endfacet
  facet normal 0.980785 0.195090 -0.000000
    outer loop
      vertex 12.393061 1.631577 0.000000
      vertex 12.074073 3.235238 0.800000
      vertex 12.393061 1.631577 0.800000
    endloop
  endfacet
  facet normal -0.980785 -0.195090 0.000000
    outer loop
      vertex 11.599905 1.527156 0.000000
      vertex 11.301332 3.028183 0.800000
      vertex 11.301332 3.028183 0.000000
    endloop
  endfacet
  facet normal -0.980785 -0.195090 0.000000
    outer loop
      vertex 11.599905 1.527156 0.000000
      vertex 11.599905 1.527156 0.800000
      vertex 11.301332 3.028183 0.800000
    endloop
  endfacet
  facet normal 0.000000 0.000000 1.000000
    outer loop
      vertex 12.074073 3.235238 0.000000
      vertex 10.809391 4.477396 0.000000
      vertex 11.301332 3.028183 0.000000
    endloop
  endfacet
  facet normal 0.000000 0.000000 1.000000
    outer loop
      vertex 12.074073 3.235238 0.000000
      vertex 11.548494 4.783543 0.000000
      vertex 10.809391 4.477396 0.000000
    endloop
  endfacet
  facet normal -0.000000 0.000000 -1.000000
    outer loop
      vertex 12.074073 3.235238 0.800000
      vertex 11.301332 3.028183 0.800000
      vertex 10.809391 4.477396 0.800000
    endloop
  endfacet
  facet normal 0.000000 0.000000 -1.000000
    outer loop
      vertex 12.074073 3.235238 0.800000
      vertex 10.809391 4.477396 0.800000
      vertex 11.548494 4.783543 0.800000
    endloop
  endfacet
  facet normal 0.946930 0.321439 0.000000
    outer loop
      vertex 12.074073 3.235238 0.000000
      vertex 11.548494 4.783543 0.000000
      vertex 11.548494 4.783543 0.800000
    endloop
  endfacet
  facet normal 0.946930 0.321439 -0.000000
    outer loop
      vertex 12.074073 3.235238 0.000000
      vertex 11.548494 4.783543 0.800000
      vertex 12.074073 3.235238 0.800000
    endloop
  endfacet
  facet normal -0.946930 -0.321439 0.000000
    outer loop
      vertex 11.301332 3.028183 0.000000
      vertex 10.809391 4.477396 0.800000
      vertex 10.809391 4.477396 0.000000
    endloop
  endfacet
  facet normal -0.946930 -0.321439 0.000000
    outer loop
      vertex 11.301332 3.028183 0.000000
      vertex 11.301332 3.028183 0.800000
      vertex 10.809391 4.477396 0.800000
    endloop
  endfacet
  facet normal 0.000000 0.000000 1.000000
    outer loop
      vertex 11.548494 4.783543 0.000000
      vertex 10.132497 5.850000 0.000000
      vertex 10.809391 4.477396 0.000000
    endloop
  endfacet
  facet normal 0.000000 0.000000 1.000000
    outer loop
      vertex 11.548494 4.783543 0.000000
      vertex 10.825318 6.250000 0.000000
      vertex 10.132497 5.850000 0.000000
    endloop
  endfacet
  facet normal -0.000000 0.000000 -1.000000
    outer loop
      vertex 11.548494 4.783543 0.800000
      vertex 10.809391 4.477396 0.800000
      vertex 10.132497 5.850000 0.800000
    endloop
  endfacet
  facet normal 0.000000 0.000000 -1.000000
    outer loop
      vertex 11.548494 4.783543 0.800000
      vertex 10.132497 5.850000 0.800000
      vertex 10.825318 6.250000 0.800000
    endloop
  endfacet
  facet normal 0.896873 0.442289 0.000000
    outer loop
      vertex 11.548494 4.783543 0.000000
      vertex 10.825318 6.250000 0.000000
      vertex 10.825318 6.250000 0.800000
    endloop
  endfacet
  facet normal 0.896873 0.442289 -0.000000
    outer loop
      vertex 11.548494 4.783543 0.000000
      vertex 10.825318 6.250000 0.800000
      vertex 11.548494 4.783543 0.800000
    endloop
  endfacet
  facet normal -0.896873 -0.442289 0.000000
    outer loop
      vertex 10.809391 4.477396 0.000000
      vertex 10.132497 5.850000 0.800000
      vertex 10.132497 5.850000 0.000000
    endloop
  endfacet
  facet normal -0.896873 -0.442289 0.000000
    outer loop
      vertex 10.809391 4.477396 0.000000
      vertex 10.809391 4.477396 0.800000
      vertex 10.132497 5.850000 0.800000
    endloop
  endfacet
  facet normal 0.000000 0.000000 1.000000
    outer loop
      vertex 10.825318 6.250000 0.000000
      vertex 9.282234 7.122509 0.000000
      vertex 10.132497 5.850000 0.000000
    endloop
  endfacet
  facet normal 0.000000 0.000000 1.000000
    outer loop
      vertex 10.825318 6.250000 0.000000
      vertex 9.916917 7.609518 0.000000
      vertex 9.282234 7.122509 0.000000
    endloop
  endfacet
  facet normal -0.000000 0.000000 -1.000000
    outer loop
      vertex 10.825318 6.250000 0.800000
      vertex 10.132497 5.850000 0.800000
      vertex 9.282234 7.122509 0.800000
    endloop
  endfacet
  facet normal 0.000000 0.000000 -1.000000
    outer loop
      vertex 10.825318 6.250000 0.800000
      vertex 9.282234 7.122509 0.800000
      vertex 9.916917 7.609518 0.800000
    endloop
  endfacet
  facet normal 0.831470 0.555570 0.000000
    outer loop
      vertex 10.825318 6.250000 0.000000
      vertex 9.916917 7.609518 0.000000
      vertex 9.916917 7.609518 0.800000
    endloop
  endfacet
  facet normal 0.831470 0.555570 -0.000000
    outer loop
      vertex 10.825318 6.250000 0.000000
      vertex 9.916917 7.609518 0.800000
      vertex 10.825318 6.250000 0.800000
    endloop
  endfacet
  facet normal -0.831470 -0.555570 0.000000
    outer loop
      vertex 10.132497 5.850000 0.000000
      vertex 9.282234 7.122509 0.800000
      vertex 9.282234 7.122509 0.000000
    endloop
  endfacet
  facet normal -0.831470 -0.555570 0.000000
    outer loop
      vertex 10.132497 5.850000 0.000000
      vertex 10.132497 5.850000 0.800000
      vertex 9.282234 7.122509 0.800000
    endloop
  endfacet
  facet normal 0.000000 0.000000 1.000000
    outer loop
      vertex 9.916917 7.609518 0.000000
      vertex 8.273149 8.273149 0.000000
      vertex 9.282234 7.122509 0.000000
    endloop
  endfacet
  facet normal 0.000000 0.000000 1.000000
    outer loop
      vertex 9.916917 7.609518 0.000000
      vertex 8.838835 8.838835 0.000000
      vertex 8.273149 8.273149 0.000000
    endloop
  endfacet
  facet normal -0.000000 0.000000 -1.000000
    outer loop
      vertex 9.916917 7.609518 0.800000
      vertex 9.282234 7.122509 0.800000
      vertex 8.273149 8.273149 0.800000
    endloop
  endfacet
  facet normal 0.000000 0.000000 -1.000000
    outer loop
      vertex 9.916917 7.609518 0.800000
      vertex 8.273149 8.273149 0.800000
      vertex 8.838835 8.838835 0.800000
    endloop
  endfacet
  facet normal 0.751840 0.659346 0.000000
    outer loop
      vertex 9.916917 7.609518 0.000000
      vertex 8.838835 8.838835 0.000000
      vertex 8.838835 8.838835 0.800000
    endloop
  endfacet
  facet normal 0.751840 0.659346 -0.000000
    outer loop
      vertex 9.916917 7.609518 0.000000
      vertex 8.838835 8.838835 0.800000
      vertex 9.916917 7.609518 0.800000
    endloop
  endfacet
  facet normal -0.751840 -0.659346 0.000000
    outer loop
      vertex 9.282234 7.122509 0.000000
      vertex 8.273149 8.273149 0.800000
      vertex 8.273149 8.273149 0.000000
    endloop
  endfacet
  facet normal -0.751840 -0.659346 0.000000
    outer loop
      vertex 9.282234 7.122509 0.000000
      vertex 9.282234 7.122509 0.800000
      vertex 8.273149 8.273149 0.800000
    endloop
  endfacet
  facet normal 0.000000 0.000000 1.000000
    outer loop
      vertex 8.838835 8.838835 0.000000
      vertex 7.122509 9.282234 0.000000
      vertex 8.273149 8.273149 0.000000
    endloop
  endfacet
  facet normal 0.000000 0.000000 1.000000
    outer loop
      vertex 8.838835 8.838835 0.000000
      vertex 7.609518 9.916917 0.000000
      vertex 7.122509 9.282234 0.000000
    endloop
  endfacet
  facet normal -0.000000 0.000000 -1.000000
    outer loop
      vertex 8.838835 8.838835 0.800000
      vertex 8.273149 8.273149 0.800000
      vertex 7.122509 9.282234 0.800000
    endloop
  endfacet
  facet normal 0.000000 0.000000 -1.000000
    outer loop
      vertex 8.838835 8.838835 0.800000
      vertex 7.122509 9.282234 0.800000
      vertex 7.609518 9.916917 0.800000
    endloop
  endfacet
  facet normal 0.659346 0.751840 0.000000
    outer loop
      vertex 8.838835 8.838835 0.000000
      vertex 7.609518 9.916917 0.000000
      vertex 7.609518 9.916917 0.800000
    endloop
  endfacet
  facet normal 0.659346 0.751840 -0.000000
    outer loop
      vertex 8.838835 8.838835 0.000000
      vertex 7.609518 9.916917 0.800000
      vertex 8.838835 8.838835 0.800000
    endloop
  endfacet
  facet normal -0.659346 -0.751840 0.000000
    outer loop
      vertex 8.273149 8.273149 0.000000
      vertex 7.122509 9.282234 0.800000
      vertex 7.122509 9.282234 0.000000
    endloop
  endfacet
  facet normal -0.659346 -0.751840 0.000000
    outer loop
      vertex 8.273149 8.273149 0.000000
      vertex 8.273149 8.273149 0.800000
      vertex 7.122509 9.282234 0.800000
    endloop
  endfacet
  facet normal 0.000000 0.000000 1.000000
    outer loop
      vertex 7.609518 9.916917 0.000000
      vertex 5.850000 10.132497 0.000000
      vertex 7.122509 9.282234 0.000000
    endloop
  endfacet
  facet normal 0.000000 0.000000 1.000000
    outer loop
      vertex 7.609518 9.916917 0.000000
      vertex 6.250000 10.825318 0.000000
      vertex 5.850000 10.132497 0.000000
    endloop
  endfacet
  facet normal -0.000000 0.000000 -1.000000
    outer loop
      vertex 7.609518 9.916917 0.800000
      vertex 7.122509 9.282234 0.800000
      vertex 5.850000 10.132497 0.800000
    endloop
  endfacet
  facet normal 0.000000 0.000000 -1.000000
    outer loop
      vertex 7.609518 9.916917 0.800000
      vertex 5.850000 10.132497 0.800000
      vertex 6.250000 10.825318 0.800000
    endloop
  endfacet
  facet normal 0.555570 0.831470 0.000000
    outer loop
      vertex 7.609518 9.916917 0.000000
      vertex 6.250000 10.825318 0.000000
      vertex 6.250000 10.825318 0.800000
    endloop
  endfacet
  facet normal 0.555570 0.831470 -0.000000
    outer loop
      vertex 7.609518 9.916917 0.000000
      vertex 6.250000 10.825318 0.800000
      vertex 7.609518 9.916917 0.800000
    endloop
  endfacet
  facet normal -0.555570 -0.831470 0.000000
    outer loop
      vertex 7.122509 9.282234 0.000000
      vertex 5.850000 10.132497 0.800000
      vertex 5.850000 10.132497 0.000000
    endloop
  endfacet
  facet normal -0.555570 -0.831470 0.000000
    outer loop
      vertex 7.122509 9.282234 0.000000
      vertex 7.122509 9.282234 0.800000
      vertex 5.850000 10.132497 0.800000
    endloop
  endfacet
  facet normal 0.000000 0.000000 1.000000
    outer loop
      vertex 6.250000 10.825318 0.000000
      vertex 4.477396 10.809391 0.000000
      vertex 5.850000 10.132497 0.000000
    endloop
  endfacet
  facet normal 0.000000 0.000000 1.000000
    outer loop
      vertex 6.250000 10.825318 0.000000
      vertex 4.783543 11.548494 0.000000
      vertex 4.477396 10.809391 0.000000
    endloop
  endfacet
  facet normal 0.000000 0.000000 -1.000000
    outer loop
      vertex 6.250000 10.825318 0.800000
      vertex 5.850000 10.132497 0.800000
      vertex 4.477396 10.809391 0.800000
    endloop
  endfacet
  facet normal -0.000000 0.000000 -1.000000
    outer loop
      vertex 6.250000 10.825318 0.800000
      vertex 4.477396 10.809391 0.800000
      vertex 4.783543 11.548494 0.800000
    endloop
  endfacet
  facet normal 0.442289 0.896873 0.000000
    outer loop
      vertex 6.250000 10.825318 0.000000
      vertex 4.783543 11.548494 0.000000
      vertex 4.783543 11.548494 0.800000
    endloop
  endfacet
  facet normal 0.442289 0.896873 -0.000000
    outer loop
      vertex 6.250000 10.825318 0.000000
      vertex 4.783543 11.548494 0.800000
      vertex 6.250000 10.825318 0.800000
    endloop
  endfacet
  facet normal -0.442289 -0.896873 0.000000
    outer loop
      vertex 5.850000 10.132497 0.000000
      vertex 4.477396 10.809391 0.800000
      vertex 4.477396 10.809391 0.000000
    endloop
  endfacet
  facet normal -0.442289 -0.896873 0.000000
    outer loop
      vertex 5.850000 10.132497 0.000000
      vertex 5.850000 10.132497 0.800000
      vertex 4.477396 10.809391 0.800000
    endloop
  endfacet
  facet normal 0.000000 0.000000 1.000000
    outer loop
      vertex 4.783543 11.548494 0.000000
      vertex 3.028183 11.301332 0.000000
      vertex 4.477396 10.809391 0.000000
    endloop
  endfacet
  facet normal 0.000000 0.000000 1.000000
    outer loop
      vertex 4.783543 11.548494 0.000000
      vertex 3.235238 12.074073 0.000000
      vertex 3.028183 11.301332 0.000000
    endloop
  endfacet
  facet normal 0.000000 0.000000 -1.000000
    outer loop
      vertex 4.783543 11.548494 0.800000
      vertex 4.477396 10.809391 0.800000
      vertex 3.028183 11.301332 0.800000
    endloop
  endfacet
  facet normal -0.000000 0.000000 -1.000000
    outer loop
      vertex 4.783543 11.548494 0.800000
      vertex 3.028183 11.301332 0.800000
      vertex 3.235238 12.074073 0.800000
    endloop
  endfacet
  facet normal 0.321439 0.946930 0.000000
    outer loop
      vertex 4.783543 11.548494 0.000000
      vertex 3.235238 12.074073 0.000000
      vertex 3.235238 12.074073 0.800000
    endloop
  endfacet
  facet normal 0.321439 0.946930 -0.000000
    outer loop
      vertex 4.783543 11.548494 0.000000
      vertex 3.235238 12.074073 0.800000
      vertex 4.783543 11.548494 0.800000
    endloop
  endfacet
  facet normal -0.321439 -0.946930 0.000000
    outer loop
      vertex 4.477396 10.809391 0.000000
      vertex 3.028183 11.301332 0.800000
      vertex 3.028183 11.301332 0.000000
    endloop
  endfacet
  facet normal -0.321439 -0.946930 0.000000
    outer loop
      vertex 4.477396 10.809391 0.000000
      vertex 4.477396 10.809391 0.800000
      vertex 3.028183 11.301332 0.800000
    endloop
  endfacet
  facet normal 0.000000 0.000000 1.000000
    outer loop
      vertex 3.235238 12.074073 0.000000
      vertex 1.527156 11.599905 0.000000
      vertex 3.028183 11.301332 0.000000
    endloop
  endfacet
  facet normal 0.000000 0.000000 1.000000
    outer loop
      vertex 3.235238 12.074073 0.000000
      vertex 1.631577 12.393061 0.000000
      vertex 1.527156 11.599905 0.000000
    endloop
  endfacet
  facet normal 0.000000 0.000000 -1.000000
    outer loop
      vertex 3.235238 12.074073 0.800000
      vertex 3.028183 11.301332 0.800000
      vertex 1.527156 11.599905 0.800000
    endloop
  endfacet
  facet normal -0.000000 0.000000 -1.000000
    outer loop
      vertex 3.235238 12.074073 0.800000
      vertex 1.527156 11.599905 0.800000
      vertex 1.631577 12.393061 0.800000
    endloop
  endfacet
  facet normal 0.195090 0.980785 0.000000
    outer loop
      vertex 3.235238 12.074073 0.000000
      vertex 1.631577 12.393061 0.000000
      vertex 1.631577 12.393061 0.800000
    endloop
  endfacet
  facet normal 0.195090 0.980785 -0.000000
    outer loop
      vertex 3.235238 12.074073 0.000000
      vertex 1.631577 12.393061 0.800000
      vertex 3.235238 12.074073 0.800000
    endloop
  endfacet
  facet normal -0.195090 -0.980785 0.000000
    outer loop
      vertex 3.028183 11.301332 0.000000
      vertex 1.527156 11.599905 0.800000
      vertex 1.527156 11.599905 0.000000
    endloop
  endfacet
  facet normal -0.195090 -0.980785 0.000000
    outer loop
      vertex 3.028183 11.301332 0.000000
      vertex 3.028183 11.301332 0.800000
      vertex 1.527156 11.599905 0.800000
    endloop
  endfacet
  facet normal 0.000000 0.000000 1.000000
    outer loop
      vertex 1.631577 12.393061 0.000000
      vertex 0.000000 11.700000 0.000000
      vertex 1.527156 11.599905 0.000000
    endloop
  endfacet
  facet normal 0.000000 0.000000 1.000000
    outer loop
      vertex 1.631577 12.393061 0.000000
      vertex 0.000000 12.500000 0.000000
      vertex 0.000000 11.700000 0.000000
    endloop
  endfacet
  facet normal 0.000000 0.000000 -1.000000
    outer loop
      vertex 1.631577 12.393061 0.800000
      vertex 1.527156 11.599905 0.800000
      vertex 0.000000 11.700000 0.800000
    endloop
  endfacet
  facet normal -0.000000 0.000000 -1.000000
    outer loop
      vertex 1.631577 12.393061 0.800000
      vertex 0.000000 11.700000 0.800000
      vertex 0.000000 12.500000 0.800000
    endloop
  endfacet
  facet normal 0.065403 0.997859 0.000000
    outer loop
      vertex 1.631577 12.393061 0.000000
      vertex 0.000000 12.500000 0.000000
      vertex 0.000000 12.500000 0.800000
    endloop
  endfacet
  facet normal 0.065403 0.997859 -0.000000
    outer loop
      vertex 1.631577 12.393061 0.000000
      vertex 0.000000 12.500000 0.800000
      vertex 1.631577 12.393061 0.800000
    endloop
  endfacet
  facet normal -0.065403 -0.997859 0.000000
    outer loop
      vertex 1.527156 11.599905 0.000000
      vertex 0.000000 11.700000 0.800000
      vertex 0.000000 11.700000 0.000000
    endloop
  endfacet
  facet normal -0.065403 -0.997859 0.000000
    outer loop
      vertex 1.527156 11.599905 0.000000
      vertex 1.527156 11.599905 0.800000
      vertex 0.000000 11.700000 0.800000
    endloop
  endfacet
  facet normal 0.000000 0.000000 1.000000
    outer loop
      vertex 0.000000 12.500000 0.000000
      vertex -1.527156 11.599905 0.000000
      vertex 0.000000 11.700000 0.000000
    endloop
  endfacet
  facet normal 0.000000 0.000000 1.000000
    outer loop
      vertex 0.000000 12.500000 0.000000
      vertex -1.631577 12.393061 0.000000
      vertex -1.527156 11.599905 0.000000
    endloop
  endfacet
  facet normal 0.000000 0.000000 -1.000000
    outer loop
      vertex 0.000000 12.500000 0.800000
      vertex 0.000000 11.700000 0.800000
      vertex -1.527156 11.599905 0.800000
    endloop
  endfacet
  facet normal 0.000000 0.000000 -1.000000
    outer loop
      vertex 0.000000 12.500000 0.800000
      vertex -1.527156 11.599905 0.800000
      vertex -1.631577 12.393061 0.800000
    endloop
  endfacet
  facet normal -0.065403 0.997859 0.000000
    outer loop
      vertex 0.000000 12.500000 0.000000
      vertex -1.631577 12.393061 0.000000
      vertex -1.631577 12.393061 0.800000
    endloop
  endfacet
  facet normal -0.065403 0.997859 0.000000
    outer loop
      vertex 0.000000 12.500000 0.000000
      vertex -1.631577 12.393061 0.800000
      vertex 0.000000 12.500000 0.800000
    endloop
  endfacet
  facet normal 0.065403 -0.997859 0.000000
    outer loop
      vertex 0.000000 11.700000 0.000000
      vertex -1.527156 11.599905 0.800000
      vertex -1.527156 11.599905 0.000000
    endloop
  endfacet
  facet normal 0.065403 -0.997859 0.000000
    outer loop
      vertex 0.000000 11.700000 0.000000
      vertex 0.000000 11.700000 0.800000
      vertex -1.527156 11.599905 0.800000
    endloop
  endfacet
  facet normal 0.000000 0.000000 1.000000
    outer loop
      vertex -1.631577 12.393061 0.000000
      vertex -3.028183 11.301332 0.000000
      vertex -1.527156 11.599905 0.000000
    endloop
  endfacet
  facet normal 0.000000 0.000000 1.000000
    outer loop
      vertex -1.631577 12.393061 0.000000
      vertex -3.235238 12.074073 0.000000
      vertex -3.028183 11.301332 0.000000
    endloop
  endfacet
  facet normal 0.000000 -0.000000 -1.000000
    outer loop
      vertex -1.631577 12.393061 0.800000
      vertex -1.527156 11.599905 0.800000
      vertex -3.028183 11.301332 0.800000
    endloop
  endfacet
  facet normal 0.000000 0.000000 -1.000000
    outer loop
      vertex -1.631577 12.393061 0.800000
      vertex -3.028183 11.301332 0.800000
      vertex -3.235238 12.074073 0.800000
    endloop
  endfacet
  facet normal -0.195090 0.980785 0.000000
    outer loop
      vertex -1.631577 12.393061 0.000000
      vertex -3.235238 12.074073 0.000000
      vertex -3.235238 12.074073 0.800000
    endloop
  endfacet
  facet normal -0.195090 0.980785 0.000000
    outer loop
      vertex -1.631577 12.393061 0.000000
      vertex -3.235238 12.074073 0.800000
      vertex -1.631577 12.393061 0.800000
    endloop
  endfacet
  facet normal 0.195090 -0.980785 0.000000
    outer loop
      vertex -1.527156 11.599905 0.000000
      vertex -3.028183 11.301332 0.800000
      vertex -3.028183 11.301332 0.000000
    endloop
  endfacet
  facet normal 0.195090 -0.980785 0.000000
    outer loop
      vertex -1.527156 11.599905 0.000000
      vertex -1.527156 11.599905 0.800000
      vertex -3.028183 11.301332 0.800000
    endloop
  endfacet
  facet normal 0.000000 0.000000 1.000000
    outer loop
      vertex -3.235238 12.074073 0.000000
      vertex -4.477396 10.809391 0.000000
      vertex -3.028183 11.301332 0.000000
    endloop
  endfacet
  facet normal 0.000000 0.000000 1.000000
    outer loop
      vertex -3.235238 12.074073 0.000000
      vertex -4.783543 11.548494 0.000000
      vertex -4.477396 10.809391 0.000000
    endloop
  endfacet
  facet normal 0.000000 -0.000000 -1.000000
    outer loop
      vertex -3.235238 12.074073 0.800000
      vertex -3.028183 11.301332 0.800000
      vertex -4.477396 10.809391 0.800000
    endloop
  endfacet
  facet normal 0.000000 0.000000 -1.000000
    outer loop
      vertex -3.235238 12.074073 0.800000
      vertex -4.477396 10.809391 0.800000
      vertex -4.783543 11.548494 0.800000
    endloop
  endfacet
  facet normal -0.321439 0.946930 0.000000
    outer loop
      vertex -3.235238 12.074073 0.000000
      vertex -4.783543 11.548494 0.000000
      vertex -4.783543 11.548494 0.800000
    endloop
  endfacet
  facet normal -0.321439 0.946930 0.000000
    outer loop
      vertex -3.235238 12.074073 0.000000
      vertex -4.783543 11.548494 0.800000
      vertex -3.235238 12.074073 0.800000
    endloop
  endfacet
  facet normal 0.321439 -0.946930 0.000000
    outer loop
      vertex -3.028183 11.301332 0.000000
      vertex -4.477396 10.809391 0.800000
      vertex -4.477396 10.809391 0.000000
    endloop
  endfacet
  facet normal 0.321439 -0.946930 0.000000
    outer loop
      vertex -3.028183 11.301332 0.000000
      vertex -3.028183 11.301332 0.800000
      vertex -4.477396 10.809391 0.800000
    endloop
  endfacet
  facet normal 0.000000 0.000000 1.000000
    outer loop
      vertex -4.783543 11.548494 0.000000
      vertex -5.850000 10.132497 0.000000
      vertex -4.477396 10.809391 0.000000
    endloop
  endfacet
  facet normal 0.000000 0.000000 1.000000
    outer loop
      vertex -4.783543 11.548494 0.000000
      vertex -6.250000 10.825318 0.000000
      vertex -5.850000 10.132497 0.000000
    endloop
  endfacet
  facet normal 0.000000 -0.000000 -1.000000
    outer loop
      vertex -4.783543 11.548494 0.800000
      vertex -4.477396 10.809391 0.800000
      vertex -5.850000 10.132497 0.800000
    endloop
  endfacet
  facet normal 0.000000 0.000000 -1.000000
    outer loop
      vertex -4.783543 11.548494 0.800000
      vertex -5.850000 10.132497 0.800000
      vertex -6.250000 10.825318 0.800000
    endloop
  endfacet
  facet normal -0.442289 0.896873 0.000000
    outer loop
      vertex -4.783543 11.548494 0.000000
      vertex -6.250000 10.825318 0.000000
      vertex -6.250000 10.825318 0.800000
    endloop
  endfacet
  facet normal -0.442289 0.896873 0.000000
    outer loop
      vertex -4.783543 11.548494 0.000000
      vertex -6.250000 10.825318 0.800000
      vertex -4.783543 11.548494 0.800000
    endloop
  endfacet
  facet normal 0.442289 -0.896873 0.000000
    outer loop
      vertex -4.477396 10.809391 0.000000
      vertex -5.850000 10.132497 0.800000
      vertex -5.850000 10.132497 0.000000
    endloop
  endfacet
  facet normal 0.442289 -0.896873 0.000000
    outer loop
      vertex -4.477396 10.809391 0.000000
      vertex -4.477396 10.809391 0.800000
      vertex -5.850000 10.132497 0.800000
    endloop
  endfacet
  facet normal 0.000000 0.000000 1.000000
    outer loop
      vertex -6.250000 10.825318 0.000000
      vertex -7.122509 9.282234 0.000000
      vertex -5.850000 10.132497 0.000000
    endloop
  endfacet
  facet normal 0.000000 0.000000 1.000000
    outer loop
      vertex -6.250000 10.825318 0.000000
      vertex -7.609518 9.916917 0.000000
      vertex -7.122509 9.282234 0.000000
    endloop
  endfacet
  facet normal 0.000000 -0.000000 -1.000000
    outer loop
      vertex -6.250000 10.825318 0.800000
      vertex -5.850000 10.132497 0.800000
      vertex -7.122509 9.282234 0.800000
    endloop
  endfacet
  facet normal 0.000000 0.000000 -1.000000
    outer loop
      vertex -6.250000 10.825318 0.800000
      vertex -7.122509 9.282234 0.800000
      vertex -7.609518 9.916917 0.800000
    endloop
  endfacet
  facet normal -0.555570 0.831470 0.000000
    outer loop
      vertex -6.250000 10.825318 0.000000
      vertex -7.609518 9.916917 0.000000
      vertex -7.609518 9.916917 0.800000
    endloop
  endfacet
  facet normal -0.555570 0.831470 0.000000
    outer loop
      vertex -6.250000 10.825318 0.000000
      vertex -7.609518 9.916917 0.800000
      vertex -6.250000 10.825318 0.800000
    endloop
  endfacet
  facet normal 0.555570 -0.831470 0.000000
    outer loop
      vertex -5.850000 10.132497 0.000000
      vertex -7.122509 9.282234 0.800000
      vertex -7.122509 9.282234 0.000000
    endloop
  endfacet
  facet normal 0.555570 -0.831470 0.000000
    outer loop
      vertex -5.850000 10.132497 0.000000
      vertex -5.850000 10.132497 0.800000
      vertex -7.122509 9.282234 0.800000
    endloop
  endfacet
  facet normal 0.000000 0.000000 1.000000
    outer loop
      vertex -7.609518 9.916917 0.000000
      vertex -8.273149 8.273149 0.000000
      vertex -7.122509 9.282234 0.000000
    endloop
  endfacet
  facet normal 0.000000 0.000000 1.000000
    outer loop
      vertex -7.609518 9.916917 0.000000
      vertex -8.838835 8.838835 0.000000
      vertex -8.273149 8.273149 0.000000
    endloop
  endfacet
  facet normal 0.000000 -0.000000 -1.000000
    outer loop
      vertex -7.609518 9.916917 0.800000
      vertex -7.122509 9.282234 0.800000
      vertex -8.273149 8.273149 0.800000
    endloop
  endfacet
  facet normal 0.000000 0.000000 -1.000000
    outer loop
      vertex -7.609518 9.916917 0.800000
      vertex -8.273149 8.273149 0.800000
      vertex -8.838835 8.838835 0.800000
    endloop
  endfacet
  facet normal -0.659346 0.751840 0.000000
    outer loop
      vertex -7.609518 9.916917 0.000000
      vertex -8.838835 8.838835 0.000000
      vertex -8.838835 8.838835 0.800000
    endloop
  endfacet
  facet normal -0.659346 0.751840 0.000000
    outer loop
      vertex -7.609518 9.916917 0.000000
      vertex -8.838835 8.838835 0.800000
      vertex -7.609518 9.916917 0.800000
    endloop
  endfacet
  facet normal 0.659346 -0.751840 0.000000
    outer loop
      vertex -7.122509 9.282234 0.000000
      vertex -8.273149 8.273149 0.800000
      vertex -8.273149 8.273149 0.000000
    endloop
  endfacet
  facet normal 0.659346 -0.751840 0.000000
    outer loop
      vertex -7.122509 9.282234 0.000000
      vertex -7.122509 9.282234 0.800000
      vertex -8.273149 8.273149 0.800000
    endloop
  endfacet
  facet normal 0.000000 0.000000 1.000000
    outer loop
      vertex -8.838835 8.838835 0.000000
      vertex -9.282234 7.122509 0.000000
      vertex -8.273149 8.273149 0.000000
    endloop
  endfacet
  facet normal 0.000000 0.000000 1.000000
    outer loop
      vertex -8.838835 8.838835 0.000000
      vertex -9.916917 7.609518 0.000000
      vertex -9.282234 7.122509 0.000000
    endloop
  endfacet
  facet normal 0.000000 -0.000000 -1.000000
    outer loop
      vertex -8.838835 8.838835 0.800000
      vertex -8.273149 8.273149 0.800000
      vertex -9.282234 7.122509 0.800000
    endloop
  endfacet
  facet normal 0.000000 0.000000 -1.000000
    outer loop
      vertex -8.838835 8.838835 0.800000
      vertex -9.282234 7.122509 0.800000
      vertex -9.916917 7.609518 0.800000
    endloop
  endfacet
  facet normal -0.751840 0.659346 0.000000
    outer loop
      vertex -8.838835 8.838835 0.000000
      vertex -9.916917 7.609518 0.000000
      vertex -9.916917 7.609518 0.800000
    endloop
  endfacet
  facet normal -0.751840 0.659346 0.000000
    outer loop
      vertex -8.838835 8.838835 0.000000
      vertex -9.916917 7.609518 0.800000
      vertex -8.838835 8.838835 0.800000
    endloop
  endfacet
  facet normal 0.751840 -0.659346 0.000000
    outer loop
      vertex -8.273149 8.273149 0.000000
      vertex -9.282234 7.122509 0.800000
      vertex -9.282234 7.122509 0.000000
    endloop
  endfacet
  facet normal 0.751840 -0.659346 0.000000
    outer loop
      vertex -8.273149 8.273149 0.000000
      vertex -8.273149 8.273149 0.800000
      vertex -9.282234 7.122509 0.800000
    endloop
  endfacet
  facet normal 0.000000 0.000000 1.000000
    outer loop
      vertex -9.916917 7.609518 0.000000
      vertex -10.132497 5.850000 0.000000
      vertex -9.282234 7.122509 0.000000
    endloop
  endfacet
  facet normal 0.000000 0.000000 1.000000
    outer loop
      vertex -9.916917 7.609518 0.000000
      vertex -10.825318 6.250000 0.000000
      vertex -10.132497 5.850000 0.000000
    endloop
  endfacet
  facet normal 0.000000 -0.000000 -1.000000
    outer loop
      vertex -9.916917 7.609518 0.800000
      vertex -9.282234 7.122509 0.800000
      vertex -10.132497 5.850000 0.800000
    endloop
  endfacet
  facet normal 0.000000 0.000000 -1.000000
    outer loop
      vertex -9.916917 7.609518 0.800000
      vertex -10.132497 5.850000 0.800000
      vertex -10.825318 6.250000 0.800000
    endloop
  endfacet
  facet normal -0.831470 0.555570 0.000000
    outer loop
      vertex -9.916917 7.609518 0.000000
      vertex -10.825318 6.250000 0.000000
      vertex -10.825318 6.250000 0.800000
    endloop
  endfacet
  facet normal -0.831470 0.555570 0.000000
    outer loop
      vertex -9.916917 7.609518 0.000000
      vertex -10.825318 6.250000 0.800000
      vertex -9.916917 7.609518 0.800000
    endloop
  endfacet
  facet normal 0.831470 -0.555570 0.000000
    outer loop
      vertex -9.282234 7.122509 0.000000
      vertex -10.132497 5.850000 0.800000
      vertex -10.132497 5.850000 0.000000
    endloop
  endfacet
  facet normal 0.831470 -0.555570 0.000000
    outer loop
      vertex -9.282234 7.122509 0.000000
      vertex -9.282234 7.122509 0.800000
      vertex -10.132497 5.850000 0.800000
    endloop
  endfacet
  facet normal 0.000000 0.000000 1.000000
    outer loop
      vertex -10.825318 6.250000 0.000000
      vertex -10.809391 4.477396 0.000000
      vertex -10.132497 5.850000 0.000000
    endloop
  endfacet
  facet normal 0.000000 0.000000 1.000000
    outer loop
      vertex -10.825318 6.250000 0.000000
      vertex -11.548494 4.783543 0.000000
      vertex -10.809391 4.477396 0.000000
    endloop
  endfacet
  facet normal 0.000000 0.000000 -1.000000
    outer loop
      vertex -10.825318 6.250000 0.800000
      vertex -10.132497 5.850000 0.800000
      vertex -10.809391 4.477396 0.800000
    endloop
  endfacet
  facet normal 0.000000 -0.000000 -1.000000
    outer loop
      vertex -10.825318 6.250000 0.800000
      vertex -10.809391 4.477396 0.800000
      vertex -11.548494 4.783543 0.800000
    endloop
  endfacet
  facet normal -0.896873 0.442289 0.000000
    outer loop
      vertex -10.825318 6.250000 0.000000
      vertex -11.548494 4.783543 0.000000
      vertex -11.548494 4.783543 0.800000
    endloop
  endfacet
  facet normal -0.896873 0.442289 0.000000
    outer loop
      vertex -10.825318 6.250000 0.000000
      vertex -11.548494 4.783543 0.800000
      vertex -10.825318 6.250000 0.800000
    endloop
  endfacet
  facet normal 0.896873 -0.442289 0.000000
    outer loop
      vertex -10.132497 5.850000 0.000000
      vertex -10.809391 4.477396 0.800000
      vertex -10.809391 4.477396 0.000000
    endloop
  endfacet
  facet normal 0.896873 -0.442289 0.000000
    outer loop
      vertex -10.132497 5.850000 0.000000
      vertex -10.132497 5.850000 0.800000
      vertex -10.809391 4.477396 0.800000
    endloop
  endfacet
  facet normal 0.000000 0.000000 1.000000
    outer loop
      vertex -11.548494 4.783543 0.000000
      vertex -11.301332 3.028183 0.000000
      vertex -10.809391 4.477396 0.000000
    endloop
  endfacet
  facet normal 0.000000 0.000000 1.000000
    outer loop
      vertex -11.548494 4.783543 0.000000
      vertex -12.074073 3.235238 0.000000
      vertex -11.301332 3.028183 0.000000
    endloop
  endfacet
  facet normal 0.000000 0.000000 -1.000000
    outer loop
      vertex -11.548494 4.783543 0.800000
      vertex -10.809391 4.477396 0.800000
      vertex -11.301332 3.028183 0.800000
    endloop
  endfacet
  facet normal 0.000000 -0.000000 -1.000000
    outer loop
      vertex -11.548494 4.783543 0.800000
      vertex -11.301332 3.028183 0.800000
      vertex -12.074073 3.235238 0.800000
    endloop
  endfacet
  facet normal -0.946930 0.321439 0.000000
    outer loop
      vertex -11.548494 4.783543 0.000000
      vertex -12.074073 3.235238 0.000000
      vertex -12.074073 3.235238 0.800000
    endloop
  endfacet
  facet normal -0.946930 0.321439 0.000000
    outer loop
      vertex -11.548494 4.783543 0.000000
      vertex -12.074073 3.235238 0.800000
      vertex -11.548494 4.783543 0.800000
    endloop
  endfacet
  facet normal 0.946930 -0.321439 0.000000
    outer loop
      vertex -10.809391 4.477396 0.000000
      vertex -11.301332 3.028183 0.800000
      vertex -11.301332 3.028183 0.000000
    endloop
  endfacet
  facet normal 0.946930 -0.321439 0.000000
    outer loop
      vertex -10.809391 4.477396 0.000000
      vertex -10.809391 4.477396 0.800000
      vertex -11.301332 3.028183 0.800000
    endloop
  endfacet
  facet normal 0.000000 0.000000 1.000000
    outer loop
      vertex -12.074073 3.235238 0.000000
      vertex -11.599905 1.527156 0.000000
      vertex -11.301332 3.028183 0.000000
    endloop
  endfacet
  facet normal 0.000000 0.000000 1.000000
    outer loop
      vertex -12.074073 3.235238 0.000000
      vertex -12.393061 1.631577 0.000000
      vertex -11.599905 1.527156 0.000000
    endloop
  endfacet
  facet normal 0.000000 0.000000 -1.000000
    outer loop
      vertex -12.074073 3.235238 0.800000
      vertex -11.301332 3.028183 0.800000
      vertex -11.599905 1.527156 0.800000
    endloop
  endfacet
  facet normal 0.000000 -0.000000 -1.000000
    outer loop
      vertex -12.074073 3.235238 0.800000
      vertex -11.599905 1.527156 0.800000
      vertex -12.393061 1.631577 0.800000
    endloop
  endfacet
  facet normal -0.980785 0.195090 0.000000
    outer loop
      vertex -12.074073 3.235238 0.000000
      vertex -12.393061 1.631577 0.000000
      vertex -12.393061 1.631577 0.800000
    endloop
  endfacet
  facet normal -0.980785 0.195090 0.000000
    outer loop
      vertex -12.074073 3.235238 0.000000
      vertex -12.393061 1.631577 0.800000
      vertex -12.074073 3.235238 0.800000
    endloop
  endfacet
  facet normal 0.980785 -0.195090 0.000000
    outer loop
      vertex -11.301332 3.028183 0.000000
      vertex -11.599905 1.527156 0.800000
      vertex -11.599905 1.527156 0.000000
    endloop
  endfacet
  facet normal 0.980785 -0.195090 0.000000
    outer loop
      vertex -11.301332 3.028183 0.000000
      vertex -11.301332 3.028183 0.800000
      vertex -11.599905 1.527156 0.800000
    endloop
  endfacet
  facet normal 0.000000 0.000000 1.000000
    outer loop
      vertex -12.393061 1.631577 0.000000
      vertex -11.700000 0.000000 0.000000
      vertex -11.599905 1.527156 0.000000
    endloop
  endfacet
  facet normal 0.000000 0.000000 1.000000
    outer loop
      vertex -12.393061 1.631577 0.000000
      vertex -12.500000 0.000000 0.000000
      vertex -11.700000 0.000000 0.000000
    endloop
  endfacet
  facet normal 0.000000 0.000000 -1.000000
    outer loop
      vertex -12.393061 1.631577 0.800000
      vertex -11.599905 1.527156 0.800000
      vertex -11.700000 0.000000 0.800000
    endloop
  endfacet
  facet normal 0.000000 -0.000000 -1.000000
    outer loop
      vertex -12.393061 1.631577 0.800000
      vertex -11.700000 0.000000 0.800000
      vertex -12.500000 0.000000 0.800000
    endloop
  endfacet
  facet normal -0.997859 0.065403 0.000000
    outer loop
      vertex -12.393061 1.631577 0.000000
      vertex -12.500000 0.000000 0.000000
      vertex -12.500000 0.000000 0.800000
    endloop
  endfacet
  facet normal -0.997859 0.065403 0.000000
    outer loop
      vertex -12.393061 1.631577 0.000000
      vertex -12.500000 0.000000 0.800000
      vertex -12.393061 1.631577 0.800000
    endloop
  endfacet
  facet normal 0.997859 -0.065403 0.000000
    outer loop
      vertex -11.599905 1.527156 0.000000
      vertex -11.700000 0.000000 0.800000
      vertex -11.700000 0.000000 0.000000
    endloop
  endfacet
  facet normal 0.997859 -0.065403 0.000000
    outer loop
      vertex -11.599905 1.527156 0.000000
      vertex -11.599905 1.527156 0.800000
      vertex -11.700000 0.000000 0.800000
    endloop
  endfacet
  facet normal 0.000000 0.000000 1.000000
    outer loop
      vertex -12.500000 0.000000 0.000000
      vertex -11.599905 -1.527156 0.000000
      vertex -11.700000 0.000000 0.000000
    endloop
  endfacet
  facet normal 0.000000 0.000000 1.000000
    outer loop
      vertex -12.500000 0.000000 0.000000
      vertex -12.393061 -1.631577 0.000000
      vertex -11.599905 -1.527156 0.000000
    endloop
  endfacet
  facet normal 0.000000 0.000000 -1.000000
    outer loop
      vertex -12.500000 0.000000 0.800000
      vertex -11.700000 0.000000 0.800000
      vertex -11.599905 -1.527156 0.800000
    endloop
  endfacet
  facet normal 0.000000 0.000000 -1.000000
    outer loop
      vertex -12.500000 0.000000 0.800000
      vertex -11.599905 -1.527156 0.800000
      vertex -12.393061 -1.631577 0.800000
    endloop
  endfacet
  facet normal -0.997859 -0.065403 0.000000
    outer loop
      vertex -12.500000 0.000000 0.000000
      vertex -12.393061 -1.631577 0.000000
      vertex -12.393061 -1.631577 0.800000
    endloop
  endfacet
  facet normal -0.997859 -0.065403 0.000000
    outer loop
      vertex -12.500000 0.000000 0.000000
      vertex -12.393061 -1.631577 0.800000
      vertex -12.500000 0.000000 0.800000
    endloop
  endfacet
  facet normal 0.997859 0.065403 0.000000
    outer loop
      vertex -11.700000 0.000000 0.000000
      vertex -11.599905 -1.527156 0.800000
      vertex -11.599905 -1.527156 0.000000
    endloop
  endfacet
  facet normal 0.997859 0.065403 -0.000000
    outer loop
      vertex -11.700000 0.000000 0.000000
      vertex -11.700000 0.000000 0.800000
      vertex -11.599905 -1.527156 0.800000
    endloop
  endfacet
  facet normal -0.000000 0.000000 1.000000
    outer loop
      vertex -12.393061 -1.631577 0.000000
      vertex -11.301332 -3.028183 0.000000
      vertex -11.599905 -1.527156 0.000000
    endloop
  endfacet
  facet normal 0.000000 0.000000 1.000000
    outer loop
      vertex -12.393061 -1.631577 0.000000
      vertex -12.074073 -3.235238 0.000000
      vertex -11.301332 -3.028183 0.000000
    endloop
  endfacet
  facet normal 0.000000 0.000000 -1.000000
    outer loop
      vertex -12.393061 -1.631577 0.800000
      vertex -11.599905 -1.527156 0.800000
      vertex -11.301332 -3.028183 0.800000
    endloop
  endfacet
  facet normal 0.000000 0.000000 -1.000000
    outer loop
      vertex -12.393061 -1.631577 0.800000
      vertex -11.301332 -3.028183 0.800000
      vertex -12.074073 -3.235238 0.800000
    endloop
  endfacet
  facet normal -0.980785 -0.195090 0.000000
    outer loop
      vertex -12.393061 -1.631577 0.000000
      vertex -12.074073 -3.235238 0.000000
      vertex -12.074073 -3.235238 0.800000
    endloop
  endfacet
  facet normal -0.980785 -0.195090 0.000000
    outer loop
      vertex -12.393061 -1.631577 0.000000
      vertex -12.074073 -3.235238 0.800000
      vertex -12.393061 -1.631577 0.800000
    endloop
  endfacet
  facet normal 0.980785 0.195090 0.000000
    outer loop
      vertex -11.599905 -1.527156 0.000000
      vertex -11.301332 -3.028183 0.800000
      vertex -11.301332 -3.028183 0.000000
    endloop
  endfacet
  facet normal 0.980785 0.195090 -0.000000
    outer loop
      vertex -11.599905 -1.527156 0.000000
      vertex -11.599905 -1.527156 0.800000
      vertex -11.301332 -3.028183 0.800000
    endloop
  endfacet
  facet normal -0.000000 0.000000 1.000000
    outer loop
      vertex -12.074073 -3.235238 0.000000
      vertex -10.809391 -4.477396 0.000000
      vertex -11.301332 -3.028183 0.000000
    endloop
  endfacet
  facet normal 0.000000 0.000000 1.000000
    outer loop
      vertex -12.074073 -3.235238 0.000000
      vertex -11.548494 -4.783543 0.000000
      vertex -10.809391 -4.477396 0.000000
    endloop
  endfacet
  facet normal 0.000000 0.000000 -1.000000
    outer loop
      vertex -12.074073 -3.235238 0.800000
      vertex -11.301332 -3.028183 0.800000
      vertex -10.809391 -4.477396 0.800000
    endloop
  endfacet
  facet normal 0.000000 0.000000 -1.000000
    outer loop
      vertex -12.074073 -3.235238 0.800000
      vertex -10.809391 -4.477396 0.800000
      vertex -11.548494 -4.783543 0.800000
    endloop
  endfacet
  facet normal -0.946930 -0.321439 0.000000
    outer loop
      vertex -12.074073 -3.235238 0.000000
      vertex -11.548494 -4.783543 0.000000
      vertex -11.548494 -4.783543 0.800000
    endloop
  endfacet
  facet normal -0.946930 -0.321439 0.000000
    outer loop
      vertex -12.074073 -3.235238 0.000000
      vertex -11.548494 -4.783543 0.800000
      vertex -12.074073 -3.235238 0.800000
    endloop
  endfacet
  facet normal 0.946930 0.321439 0.000000
    outer loop
      vertex -11.301332 -3.028183 0.000000
      vertex -10.809391 -4.477396 0.800000
      vertex -10.809391 -4.477396 0.000000
    endloop
  endfacet
  facet normal 0.946930 0.321439 -0.000000
    outer loop
      vertex -11.301332 -3.028183 0.000000
      vertex -11.301332 -3.028183 0.800000
      vertex -10.809391 -4.477396 0.800000
    endloop
  endfacet
  facet normal -0.000000 0.000000 1.000000
    outer loop
      vertex -11.548494 -4.783543 0.000000
      vertex -10.132497 -5.850000 0.000000
      vertex -10.809391 -4.477396 0.000000
    endloop
  endfacet
  facet normal 0.000000 0.000000 1.000000
    outer loop
      vertex -11.548494 -4.783543 0.000000
      vertex -10.825318 -6.250000 0.000000
      vertex -10.132497 -5.850000 0.000000
    endloop
  endfacet
  facet normal 0.000000 0.000000 -1.000000
    outer loop
      vertex -11.548494 -4.783543 0.800000
      vertex -10.809391 -4.477396 0.800000
      vertex -10.132497 -5.850000 0.800000
    endloop
  endfacet
  facet normal 0.000000 0.000000 -1.000000
    outer loop
      vertex -11.548494 -4.783543 0.800000
      vertex -10.132497 -5.850000 0.800000
      vertex -10.825318 -6.250000 0.800000
    endloop
  endfacet
  facet normal -0.896873 -0.442289 0.000000
    outer loop
      vertex -11.548494 -4.783543 0.000000
      vertex -10.825318 -6.250000 0.000000
      vertex -10.825318 -6.250000 0.800000
    endloop
  endfacet
  facet normal -0.896873 -0.442289 0.000000
    outer loop
      vertex -11.548494 -4.783543 0.000000
      vertex -10.825318 -6.250000 0.800000
      vertex -11.548494 -4.783543 0.800000
    endloop
  endfacet
  facet normal 0.896873 0.442289 0.000000
    outer loop
      vertex -10.809391 -4.477396 0.000000
      vertex -10.132497 -5.850000 0.800000
      vertex -10.132497 -5.850000 0.000000
    endloop
  endfacet
  facet normal 0.896873 0.442289 -0.000000
    outer loop
      vertex -10.809391 -4.477396 0.000000
      vertex -10.809391 -4.477396 0.800000
      vertex -10.132497 -5.850000 0.800000
    endloop
  endfacet
  facet normal -0.000000 0.000000 1.000000
    outer loop
      vertex -10.825318 -6.250000 0.000000
      vertex -9.282234 -7.122509 0.000000
      vertex -10.132497 -5.850000 0.000000
    endloop
  endfacet
  facet normal 0.000000 0.000000 1.000000
    outer loop
      vertex -10.825318 -6.250000 0.000000
      vertex -9.916917 -7.609518 0.000000
      vertex -9.282234 -7.122509 0.000000
    endloop
  endfacet
  facet normal 0.000000 0.000000 -1.000000
    outer loop
      vertex -10.825318 -6.250000 0.800000
      vertex -10.132497 -5.850000 0.800000
      vertex -9.282234 -7.122509 0.800000
    endloop
  endfacet
  facet normal 0.000000 0.000000 -1.000000
    outer loop
      vertex -10.825318 -6.250000 0.800000
      vertex -9.282234 -7.122509 0.800000
      vertex -9.916917 -7.609518 0.800000
    endloop
  endfacet
  facet normal -0.831470 -0.555570 0.000000
    outer loop
      vertex -10.825318 -6.250000 0.000000
      vertex -9.916917 -7.609518 0.000000
      vertex -9.916917 -7.609518 0.800000
    endloop
  endfacet
  facet normal -0.831470 -0.555570 0.000000
    outer loop
      vertex -10.825318 -6.250000 0.000000
      vertex -9.916917 -7.609518 0.800000
      vertex -10.825318 -6.250000 0.800000
    endloop
  endfacet
  facet normal 0.831470 0.555570 0.000000
    outer loop
      vertex -10.132497 -5.850000 0.000000
      vertex -9.282234 -7.122509 0.800000
      vertex -9.282234 -7.122509 0.000000
    endloop
  endfacet
  facet normal 0.831470 0.555570 -0.000000
    outer loop
      vertex -10.132497 -5.850000 0.000000
      vertex -10.132497 -5.850000 0.800000
      vertex -9.282234 -7.122509 0.800000
    endloop
  endfacet
  facet normal -0.000000 0.000000 1.000000
    outer loop
      vertex -9.916917 -7.609518 0.000000
      vertex -8.273149 -8.273149 0.000000
      vertex -9.282234 -7.122509 0.000000
    endloop
  endfacet
  facet normal 0.000000 0.000000 1.000000
    outer loop
      vertex -9.916917 -7.609518 0.000000
      vertex -8.838835 -8.838835 0.000000
      vertex -8.273149 -8.273149 0.000000
    endloop
  endfacet
  facet normal 0.000000 0.000000 -1.000000
    outer loop
      vertex -9.916917 -7.609518 0.800000
      vertex -9.282234 -7.122509 0.800000
      vertex -8.273149 -8.273149 0.800000
    endloop
  endfacet
  facet normal 0.000000 0.000000 -1.000000
    outer loop
      vertex -9.916917 -7.609518 0.800000
      vertex -8.273149 -8.273149 0.800000
      vertex -8.838835 -8.838835 0.800000
    endloop
  endfacet
  facet normal -0.751840 -0.659346 0.000000
    outer loop
      vertex -9.916917 -7.609518 0.000000
      vertex -8.838835 -8.838835 0.000000
      vertex -8.838835 -8.838835 0.800000
    endloop
  endfacet
  facet normal -0.751840 -0.659346 0.000000
    outer loop
      vertex -9.916917 -7.609518 0.000000
      vertex -8.838835 -8.838835 0.800000
      vertex -9.916917 -7.609518 0.800000
    endloop
  endfacet
  facet normal 0.751840 0.659346 0.000000
    outer loop
      vertex -9.282234 -7.122509 0.000000
      vertex -8.273149 -8.273149 0.800000
      vertex -8.273149 -8.273149 0.000000
    endloop
  endfacet
  facet normal 0.751840 0.659346 -0.000000
    outer loop
      vertex -9.282234 -7.122509 0.000000
      vertex -9.282234 -7.122509 0.800000
      vertex -8.273149 -8.273149 0.800000
    endloop
  endfacet
  facet normal -0.000000 0.000000 1.000000
    outer loop
      vertex -8.838835 -8.838835 0.000000
      vertex -7.122509 -9.282234 0.000000
      vertex -8.273149 -8.273149 0.000000
    endloop
  endfacet
  facet normal 0.000000 0.000000 1.000000
    outer loop
      vertex -8.838835 -8.838835 0.000000
      vertex -7.609518 -9.916917 0.000000
      vertex -7.122509 -9.282234 0.000000
    endloop
  endfacet
  facet normal 0.000000 0.000000 -1.000000
    outer loop
      vertex -8.838835 -8.838835 0.800000
      vertex -8.273149 -8.273149 0.800000
      vertex -7.122509 -9.282234 0.800000
    endloop
  endfacet
  facet normal 0.000000 0.000000 -1.000000
    outer loop
      vertex -8.838835 -8.838835 0.800000
      vertex -7.122509 -9.282234 0.800000
      vertex -7.609518 -9.916917 0.800000
    endloop
  endfacet
  facet normal -0.659346 -0.751840 0.000000
    outer loop
      vertex -8.838835 -8.838835 0.000000
      vertex -7.609518 -9.916917 0.000000
      vertex -7.609518 -9.916917 0.800000
    endloop
  endfacet
  facet normal -0.659346 -0.751840 0.000000
    outer loop
      vertex -8.838835 -8.838835 0.000000
      vertex -7.609518 -9.916917 0.800000
      vertex -8.838835 -8.838835 0.800000
    endloop
  endfacet
  facet normal 0.659346 0.751840 0.000000
    outer loop
      vertex -8.273149 -8.273149 0.000000
      vertex -7.122509 -9.282234 0.800000
      vertex -7.122509 -9.282234 0.000000
    endloop
  endfacet
  facet normal 0.659346 0.751840 -0.000000
    outer loop
      vertex -8.273149 -8.273149 0.000000
      vertex -8.273149 -8.273149 0.800000
      vertex -7.122509 -9.282234 0.800000
    endloop
  endfacet
  facet normal -0.000000 0.000000 1.000000
    outer loop
      vertex -7.609518 -9.916917 0.000000
      vertex -5.850000 -10.132497 0.000000
      vertex -7.122509 -9.282234 0.000000
    endloop
  endfacet
  facet normal 0.000000 0.000000 1.000000
    outer loop
      vertex -7.609518 -9.916917 0.000000
      vertex -6.250000 -10.825318 0.000000
      vertex -5.850000 -10.132497 0.000000
    endloop
  endfacet
  facet normal 0.000000 0.000000 -1.000000
    outer loop
      vertex -7.609518 -9.916917 0.800000
      vertex -7.122509 -9.282234 0.800000
      vertex -5.850000 -10.132497 0.800000
    endloop
  endfacet
  facet normal 0.000000 0.000000 -1.000000
    outer loop
      vertex -7.609518 -9.916917 0.800000
      vertex -5.850000 -10.132497 0.800000
      vertex -6.250000 -10.825318 0.800000
    endloop
  endfacet
  facet normal -0.555570 -0.831470 0.000000
    outer loop
      vertex -7.609518 -9.916917 0.000000
      vertex -6.250000 -10.825318 0.000000
      vertex -6.250000 -10.825318 0.800000
    endloop
  endfacet
  facet normal -0.555570 -0.831470 0.000000
    outer loop
      vertex -7.609518 -9.916917 0.000000
      vertex -6.250000 -10.825318 0.800000
      vertex -7.609518 -9.916917 0.800000
    endloop
  endfacet
  facet normal 0.555570 0.831470 0.000000
    outer loop
      vertex -7.122509 -9.282234 0.000000
      vertex -5.850000 -10.132497 0.800000
      vertex -5.850000 -10.132497 0.000000
    endloop
  endfacet
  facet normal 0.555570 0.831470 -0.000000
    outer loop
      vertex -7.122509 -9.282234 0.000000
      vertex -7.122509 -9.282234 0.800000
      vertex -5.850000 -10.132497 0.800000
    endloop
  endfacet
  facet normal 0.000000 0.000000 1.000000
    outer loop
      vertex -6.250000 -10.825318 0.000000
      vertex -4.477396 -10.809391 0.000000
      vertex -5.850000 -10.132497 0.000000
    endloop
  endfacet
  facet normal -0.000000 0.000000 1.000000
    outer loop
      vertex -6.250000 -10.825318 0.000000
      vertex -4.783543 -11.548494 0.000000
      vertex -4.477396 -10.809391 0.000000
    endloop
  endfacet
  facet normal 0.000000 0.000000 -1.000000
    outer loop
      vertex -6.250000 -10.825318 0.800000
      vertex -5.850000 -10.132497 0.800000
      vertex -4.477396 -10.809391 0.800000
    endloop
  endfacet
  facet normal 0.000000 0.000000 -1.000000
    outer loop
      vertex -6.250000 -10.825318 0.800000
      vertex -4.477396 -10.809391 0.800000
      vertex -4.783543 -11.548494 0.800000
    endloop
  endfacet
  facet normal -0.442289 -0.896873 0.000000
    outer loop
      vertex -6.250000 -10.825318 0.000000
      vertex -4.783543 -11.548494 0.000000
      vertex -4.783543 -11.548494 0.800000
    endloop
  endfacet
  facet normal -0.442289 -0.896873 0.000000
    outer loop
      vertex -6.250000 -10.825318 0.000000
      vertex -4.783543 -11.548494 0.800000
      vertex -6.250000 -10.825318 0.800000
    endloop
  endfacet
  facet normal 0.442289 0.896873 0.000000
    outer loop
      vertex -5.850000 -10.132497 0.000000
      vertex -4.477396 -10.809391 0.800000
      vertex -4.477396 -10.809391 0.000000
    endloop
  endfacet
  facet normal 0.442289 0.896873 -0.000000
    outer loop
      vertex -5.850000 -10.132497 0.000000
      vertex -5.850000 -10.132497 0.800000
      vertex -4.477396 -10.809391 0.800000
    endloop
  endfacet
  facet normal 0.000000 0.000000 1.000000
    outer loop
      vertex -4.783543 -11.548494 0.000000
      vertex -3.028183 -11.301332 0.000000
      vertex -4.477396 -10.809391 0.000000
    endloop
  endfacet
  facet normal -0.000000 0.000000 1.000000
    outer loop
      vertex -4.783543 -11.548494 0.000000
      vertex -3.235238 -12.074073 0.000000
      vertex -3.028183 -11.301332 0.000000
    endloop
  endfacet
  facet normal 0.000000 0.000000 -1.000000
    outer loop
      vertex -4.783543 -11.548494 0.800000
      vertex -4.477396 -10.809391 0.800000
      vertex -3.028183 -11.301332 0.800000
    endloop
  endfacet
  facet normal 0.000000 0.000000 -1.000000
    outer loop
      vertex -4.783543 -11.548494 0.800000
      vertex -3.028183 -11.301332 0.800000
      vertex -3.235238 -12.074073 0.800000
    endloop
  endfacet
  facet normal -0.321439 -0.946930 0.000000
    outer loop
      vertex -4.783543 -11.548494 0.000000
      vertex -3.235238 -12.074073 0.000000
      vertex -3.235238 -12.074073 0.800000
    endloop
  endfacet
  facet normal -0.321439 -0.946930 0.000000
    outer loop
      vertex -4.783543 -11.548494 0.000000
      vertex -3.235238 -12.074073 0.800000
      vertex -4.783543 -11.548494 0.800000
    endloop
  endfacet
  facet normal 0.321439 0.946930 0.000000
    outer loop
      vertex -4.477396 -10.809391 0.000000
      vertex -3.028183 -11.301332 0.800000
      vertex -3.028183 -11.301332 0.000000
    endloop
  endfacet
  facet normal 0.321439 0.946930 -0.000000
    outer loop
      vertex -4.477396 -10.809391 0.000000
      vertex -4.477396 -10.809391 0.800000
      vertex -3.028183 -11.301332 0.800000
    endloop
  endfacet
  facet normal 0.000000 0.000000 1.000000
    outer loop
      vertex -3.235238 -12.074073 0.000000
      vertex -1.527156 -11.599905 0.000000
      vertex -3.028183 -11.301332 0.000000
    endloop
  endfacet
  facet normal -0.000000 0.000000 1.000000
    outer loop
      vertex -3.235238 -12.074073 0.000000
      vertex -1.631577 -12.393061 0.000000
      vertex -1.527156 -11.599905 0.000000
    endloop
  endfacet
  facet normal 0.000000 0.000000 -1.000000
    outer loop
      vertex -3.235238 -12.074073 0.800000
      vertex -3.028183 -11.301332 0.800000
      vertex -1.527156 -11.599905 0.800000
    endloop
  endfacet
  facet normal 0.000000 0.000000 -1.000000
    outer loop
      vertex -3.235238 -12.074073 0.800000
      vertex -1.527156 -11.599905 0.800000
      vertex -1.631577 -12.393061 0.800000
    endloop
  endfacet
  facet normal -0.195090 -0.980785 0.000000
    outer loop
      vertex -3.235238 -12.074073 0.000000
      vertex -1.631577 -12.393061 0.000000
      vertex -1.631577 -12.393061 0.800000
    endloop
  endfacet
  facet normal -0.195090 -0.980785 0.000000
    outer loop
      vertex -3.235238 -12.074073 0.000000
      vertex -1.631577 -12.393061 0.800000
      vertex -3.235238 -12.074073 0.800000
    endloop
  endfacet
  facet normal 0.195090 0.980785 0.000000
    outer loop
      vertex -3.028183 -11.301332 0.000000
      vertex -1.527156 -11.599905 0.800000
      vertex -1.527156 -11.599905 0.000000
    endloop
  endfacet
  facet normal 0.195090 0.980785 -0.000000
    outer loop
      vertex -3.028183 -11.301332 0.000000
      vertex -3.028183 -11.301332 0.800000
      vertex -1.527156 -11.599905 0.800000
    endloop
  endfacet
  facet normal 0.000000 0.000000 1.000000
    outer loop
      vertex -1.631577 -12.393061 0.000000
      vertex -0.000000 -11.700000 0.000000
      vertex -1.527156 -11.599905 0.000000
    endloop
  endfacet
  facet normal -0.000000 0.000000 1.000000
    outer loop
      vertex -1.631577 -12.393061 0.000000
      vertex -0.000000 -12.500000 0.000000
      vertex -0.000000 -11.700000 0.000000
    endloop
  endfacet
  facet normal 0.000000 0.000000 -1.000000
    outer loop
      vertex -1.631577 -12.393061 0.800000
      vertex -1.527156 -11.599905 0.800000
      vertex -0.000000 -11.700000 0.800000
    endloop
  endfacet
  facet normal 0.000000 0.000000 -1.000000
    outer loop
      vertex -1.631577 -12.393061 0.800000
      vertex -0.000000 -11.700000 0.800000
      vertex -0.000000 -12.500000 0.800000
    endloop
  endfacet
  facet normal -0.065403 -0.997859 0.000000
    outer loop
      vertex -1.631577 -12.393061 0.000000
      vertex -0.000000 -12.500000 0.000000
      vertex -0.000000 -12.500000 0.800000
    endloop
  endfacet
  facet normal -0.065403 -0.997859 0.000000
    outer loop
      vertex -1.631577 -12.393061 0.000000
      vertex -0.000000 -12.500000 0.800000
      vertex -1.631577 -12.393061 0.800000
    endloop
  endfacet
  facet normal 0.065403 0.997859 0.000000
    outer loop
      vertex -1.527156 -11.599905 0.000000
      vertex -0.000000 -11.700000 0.800000
      vertex -0.000000 -11.700000 0.000000
    endloop
  endfacet
  facet normal 0.065403 0.997859 -0.000000
    outer loop
      vertex -1.527156 -11.599905 0.000000
      vertex -1.527156 -11.599905 0.800000
      vertex -0.000000 -11.700000 0.800000
    endloop
  endfacet
  facet normal 0.000000 0.000000 1.000000
    outer loop
      vertex -0.000000 -12.500000 0.000000
      vertex 1.527156 -11.599905 0.000000
      vertex -0.000000 -11.700000 0.000000
    endloop
  endfacet
  facet normal 0.000000 0.000000 1.000000
    outer loop
      vertex -0.000000 -12.500000 0.000000
      vertex 1.631577 -12.393061 0.000000
      vertex 1.527156 -11.599905 0.000000
    endloop
  endfacet
  facet normal 0.000000 0.000000 -1.000000
    outer loop
      vertex -0.000000 -12.500000 0.800000
      vertex -0.000000 -11.700000 0.800000
      vertex 1.527156 -11.599905 0.800000
    endloop
  endfacet
  facet normal 0.000000 0.000000 -1.000000
    outer loop
      vertex -0.000000 -12.500000 0.800000
      vertex 1.527156 -11.599905 0.800000
      vertex 1.631577 -12.393061 0.800000
    endloop
  endfacet
  facet normal 0.065403 -0.997859 0.000000
    outer loop
      vertex -0.000000 -12.500000 0.000000
      vertex 1.631577 -12.393061 0.000000
      vertex 1.631577 -12.393061 0.800000
    endloop
  endfacet
  facet normal 0.065403 -0.997859 0.000000
    outer loop
      vertex -0.000000 -12.500000 0.000000
      vertex 1.631577 -12.393061 0.800000
      vertex -0.000000 -12.500000 0.800000
    endloop
  endfacet
  facet normal -0.065403 0.997859 0.000000
    outer loop
      vertex -0.000000 -11.700000 0.000000
      vertex 1.527156 -11.599905 0.800000
      vertex 1.527156 -11.599905 0.000000
    endloop
  endfacet
  facet normal -0.065403 0.997859 0.000000
    outer loop
      vertex -0.000000 -11.700000 0.000000
      vertex -0.000000 -11.700000 0.800000
      vertex 1.527156 -11.599905 0.800000
    endloop
  endfacet
  facet normal 0.000000 -0.000000 1.000000
    outer loop
      vertex 1.631577 -12.393061 0.000000
      vertex 3.028183 -11.301332 0.000000
      vertex 1.527156 -11.599905 0.000000
    endloop
  endfacet
  facet normal 0.000000 0.000000 1.000000
    outer loop
      vertex 1.631577 -12.393061 0.000000
      vertex 3.235238 -12.074073 0.000000
      vertex 3.028183 -11.301332 0.000000
    endloop
  endfacet
  facet normal 0.000000 0.000000 -1.000000
    outer loop
      vertex 1.631577 -12.393061 0.800000
      vertex 1.527156 -11.599905 0.800000
      vertex 3.028183 -11.301332 0.800000
    endloop
  endfacet
  facet normal 0.000000 0.000000 -1.000000
    outer loop
      vertex 1.631577 -12.393061 0.800000
      vertex 3.028183 -11.301332 0.800000
      vertex 3.235238 -12.074073 0.800000
    endloop
  endfacet
  facet normal 0.195090 -0.980785 0.000000
    outer loop
      vertex 1.631577 -12.393061 0.000000
      vertex 3.235238 -12.074073 0.000000
      vertex 3.235238 -12.074073 0.800000
    endloop
  endfacet
  facet normal 0.195090 -0.980785 0.000000
    outer loop
      vertex 1.631577 -12.393061 0.000000
      vertex 3.235238 -12.074073 0.800000
      vertex 1.631577 -12.393061 0.800000
    endloop
  endfacet
  facet normal -0.195090 0.980785 0.000000
    outer loop
      vertex 1.527156 -11.599905 0.000000
      vertex 3.028183 -11.301332 0.800000
      vertex 3.028183 -11.301332 0.000000
    endloop
  endfacet
  facet normal -0.195090 0.980785 0.000000
    outer loop
      vertex 1.527156 -11.599905 0.000000
      vertex 1.527156 -11.599905 0.800000
      vertex 3.028183 -11.301332 0.800000
    endloop
  endfacet
  facet normal 0.000000 -0.000000 1.000000
    outer loop
      vertex 3.235238 -12.074073 0.000000
      vertex 4.477396 -10.809391 0.000000
      vertex 3.028183 -11.301332 0.000000
    endloop
  endfacet
  facet normal 0.000000 0.000000 1.000000
    outer loop
      vertex 3.235238 -12.074073 0.000000
      vertex 4.783543 -11.548494 0.000000
      vertex 4.477396 -10.809391 0.000000
    endloop
  endfacet
  facet normal 0.000000 0.000000 -1.000000
    outer loop
      vertex 3.235238 -12.074073 0.800000
      vertex 3.028183 -11.301332 0.800000
      vertex 4.477396 -10.809391 0.800000
    endloop
  endfacet
  facet normal 0.000000 0.000000 -1.000000
    outer loop
      vertex 3.235238 -12.074073 0.800000
      vertex 4.477396 -10.809391 0.800000
      vertex 4.783543 -11.548494 0.800000
    endloop
  endfacet
  facet normal 0.321439 -0.946930 0.000000
    outer loop
      vertex 3.235238 -12.074073 0.000000
      vertex 4.783543 -11.548494 0.000000
      vertex 4.783543 -11.548494 0.800000
    endloop
  endfacet
  facet normal 0.321439 -0.946930 0.000000
    outer loop
      vertex 3.235238 -12.074073 0.000000
      vertex 4.783543 -11.548494 0.800000
      vertex 3.235238 -12.074073 0.800000
    endloop
  endfacet
  facet normal -0.321439 0.946930 0.000000
    outer loop
      vertex 3.028183 -11.301332 0.000000
      vertex 4.477396 -10.809391 0.800000
      vertex 4.477396 -10.809391 0.000000
    endloop
  endfacet
  facet normal -0.321439 0.946930 0.000000
    outer loop
      vertex 3.028183 -11.301332 0.000000
      vertex 3.028183 -11.301332 0.800000
      vertex 4.477396 -10.809391 0.800000
    endloop
  endfacet
  facet normal 0.000000 -0.000000 1.000000
    outer loop
      vertex 4.783543 -11.548494 0.000000
      vertex 5.850000 -10.132497 0.000000
      vertex 4.477396 -10.809391 0.000000
    endloop
  endfacet
  facet normal 0.000000 0.000000 1.000000
    outer loop
      vertex 4.783543 -11.548494 0.000000
      vertex 6.250000 -10.825318 0.000000
      vertex 5.850000 -10.132497 0.000000
    endloop
  endfacet
  facet normal 0.000000 0.000000 -1.000000
    outer loop
      vertex 4.783543 -11.548494 0.800000
      vertex 4.477396 -10.809391 0.800000
      vertex 5.850000 -10.132497 0.800000
    endloop
  endfacet
  facet normal 0.000000 0.000000 -1.000000
    outer loop
      vertex 4.783543 -11.548494 0.800000
      vertex 5.850000 -10.132497 0.800000
      vertex 6.250000 -10.825318 0.800000
    endloop
  endfacet
  facet normal 0.442289 -0.896873 0.000000
    outer loop
      vertex 4.783543 -11.548494 0.000000
      vertex 6.250000 -10.825318 0.000000
      vertex 6.250000 -10.825318 0.800000
    endloop
  endfacet
  facet normal 0.442289 -0.896873 0.000000
    outer loop
      vertex 4.783543 -11.548494 0.000000
      vertex 6.250000 -10.825318 0.800000
      vertex 4.783543 -11.548494 0.800000
    endloop
  endfacet
  facet normal -0.442289 0.896873 0.000000
    outer loop
      vertex 4.477396 -10.809391 0.000000
      vertex 5.850000 -10.132497 0.800000
      vertex 5.850000 -10.132497 0.000000
    endloop
  endfacet
  facet normal -0.442289 0.896873 0.000000
    outer loop
      vertex 4.477396 -10.809391 0.000000
      vertex 4.477396 -10.809391 0.800000
      vertex 5.850000 -10.132497 0.800000
    endloop
  endfacet
  facet normal 0.000000 -0.000000 1.000000
    outer loop
      vertex 6.250000 -10.825318 0.000000
      vertex 7.122509 -9.282234 0.000000
      vertex 5.850000 -10.132497 0.000000
    endloop
  endfacet
  facet normal 0.000000 0.000000 1.000000
    outer loop
      vertex 6.250000 -10.825318 0.000000
      vertex 7.609518 -9.916917 0.000000
      vertex 7.122509 -9.282234 0.000000
    endloop
  endfacet
  facet normal 0.000000 0.000000 -1.000000
    outer loop
      vertex 6.250000 -10.825318 0.800000
      vertex 5.850000 -10.132497 0.800000
      vertex 7.122509 -9.282234 0.800000
    endloop
  endfacet
  facet normal 0.000000 0.000000 -1.000000
    outer loop
      vertex 6.250000 -10.825318 0.800000
      vertex 7.122509 -9.282234 0.800000
      vertex 7.609518 -9.916917 0.800000
    endloop
  endfacet
  facet normal 0.555570 -0.831470 0.000000
    outer loop
      vertex 6.250000 -10.825318 0.000000
      vertex 7.609518 -9.916917 0.000000
      vertex 7.609518 -9.916917 0.800000
    endloop
  endfacet
  facet normal 0.555570 -0.831470 0.000000
    outer loop
      vertex 6.250000 -10.825318 0.000000
      vertex 7.609518 -9.916917 0.800000
      vertex 6.250000 -10.825318 0.800000
    endloop
  endfacet
  facet normal -0.555570 0.831470 0.000000
    outer loop
      vertex 5.850000 -10.132497 0.000000
      vertex 7.122509 -9.282234 0.800000
      vertex 7.122509 -9.282234 0.000000
    endloop
  endfacet
  facet normal -0.555570 0.831470 0.000000
    outer loop
      vertex 5.850000 -10.132497 0.000000
      vertex 5.850000 -10.132497 0.800000
      vertex 7.122509 -9.282234 0.800000
    endloop
  endfacet
  facet normal 0.000000 -0.000000 1.000000
    outer loop
      vertex 7.609518 -9.916917 0.000000
      vertex 8.273149 -8.273149 0.000000
      vertex 7.122509 -9.282234 0.000000
    endloop
  endfacet
  facet normal 0.000000 0.000000 1.000000
    outer loop
      vertex 7.609518 -9.916917 0.000000
      vertex 8.838835 -8.838835 0.000000
      vertex 8.273149 -8.273149 0.000000
    endloop
  endfacet
  facet normal 0.000000 0.000000 -1.000000
    outer loop
      vertex 7.609518 -9.916917 0.800000
      vertex 7.122509 -9.282234 0.800000
      vertex 8.273149 -8.273149 0.800000
    endloop
  endfacet
  facet normal 0.000000 0.000000 -1.000000
    outer loop
      vertex 7.609518 -9.916917 0.800000
      vertex 8.273149 -8.273149 0.800000
      vertex 8.838835 -8.838835 0.800000
    endloop
  endfacet
  facet normal 0.659346 -0.751840 0.000000
    outer loop
      vertex 7.609518 -9.916917 0.000000
      vertex 8.838835 -8.838835 0.000000
      vertex 8.838835 -8.838835 0.800000
    endloop
  endfacet
  facet normal 0.659346 -0.751840 0.000000
    outer loop
      vertex 7.609518 -9.916917 0.000000
      vertex 8.838835 -8.838835 0.800000
      vertex 7.609518 -9.916917 0.800000
    endloop
  endfacet
  facet normal -0.659346 0.751840 0.000000
    outer loop
      vertex 7.122509 -9.282234 0.000000
      vertex 8.273149 -8.273149 0.800000
      vertex 8.273149 -8.273149 0.000000
    endloop
  endfacet
  facet normal -0.659346 0.751840 0.000000
    outer loop
      vertex 7.122509 -9.282234 0.000000
      vertex 7.122509 -9.282234 0.800000
      vertex 8.273149 -8.273149 0.800000
    endloop
  endfacet
  facet normal 0.000000 -0.000000 1.000000
    outer loop
      vertex 8.838835 -8.838835 0.000000
      vertex 9.282234 -7.122509 0.000000
      vertex 8.273149 -8.273149 0.000000
    endloop
  endfacet
  facet normal 0.000000 0.000000 1.000000
    outer loop
      vertex 8.838835 -8.838835 0.000000
      vertex 9.916917 -7.609518 0.000000
      vertex 9.282234 -7.122509 0.000000
    endloop
  endfacet
  facet normal 0.000000 0.000000 -1.000000
    outer loop
      vertex 8.838835 -8.838835 0.800000
      vertex 8.273149 -8.273149 0.800000
      vertex 9.282234 -7.122509 0.800000
    endloop
  endfacet
  facet normal 0.000000 0.000000 -1.000000
    outer loop
      vertex 8.838835 -8.838835 0.800000
      vertex 9.282234 -7.122509 0.800000
      vertex 9.916917 -7.609518 0.800000
    endloop
  endfacet
  facet normal 0.751840 -0.659346 0.000000
    outer loop
      vertex 8.838835 -8.838835 0.000000
      vertex 9.916917 -7.609518 0.000000
      vertex 9.916917 -7.609518 0.800000
    endloop
  endfacet
  facet normal 0.751840 -0.659346 0.000000
    outer loop
      vertex 8.838835 -8.838835 0.000000
      vertex 9.916917 -7.609518 0.800000
      vertex 8.838835 -8.838835 0.800000
    endloop
  endfacet
  facet normal -0.751840 0.659346 0.000000
    outer loop
      vertex 8.273149 -8.273149 0.000000
      vertex 9.282234 -7.122509 0.800000
      vertex 9.282234 -7.122509 0.000000
    endloop
  endfacet
  facet normal -0.751840 0.659346 0.000000
    outer loop
      vertex 8.273149 -8.273149 0.000000
      vertex 8.273149 -8.273149 0.800000
      vertex 9.282234 -7.122509 0.800000
    endloop
  endfacet
  facet normal 0.000000 -0.000000 1.000000
    outer loop
      vertex 9.916917 -7.609518 0.000000
      vertex 10.132497 -5.850000 0.000000
      vertex 9.282234 -7.122509 0.000000
    endloop
  endfacet
  facet normal 0.000000 0.000000 1.000000
    outer loop
      vertex 9.916917 -7.609518 0.000000
      vertex 10.825318 -6.250000 0.000000
      vertex 10.132497 -5.850000 0.000000
    endloop
  endfacet
  facet normal 0.000000 0.000000 -1.000000
    outer loop
      vertex 9.916917 -7.609518 0.800000
      vertex 9.282234 -7.122509 0.800000
      vertex 10.132497 -5.850000 0.800000
    endloop
  endfacet
  facet normal 0.000000 0.000000 -1.000000
    outer loop
      vertex 9.916917 -7.609518 0.800000
      vertex 10.132497 -5.850000 0.800000
      vertex 10.825318 -6.250000 0.800000
    endloop
  endfacet
  facet normal 0.831470 -0.555570 0.000000
    outer loop
      vertex 9.916917 -7.609518 0.000000
      vertex 10.825318 -6.250000 0.000000
      vertex 10.825318 -6.250000 0.800000
    endloop
  endfacet
  facet normal 0.831470 -0.555570 0.000000
    outer loop
      vertex 9.916917 -7.609518 0.000000
      vertex 10.825318 -6.250000 0.800000
      vertex 9.916917 -7.609518 0.800000
    endloop
  endfacet
  facet normal -0.831470 0.555570 0.000000
    outer loop
      vertex 9.282234 -7.122509 0.000000
      vertex 10.132497 -5.850000 0.800000
      vertex 10.132497 -5.850000 0.000000
    endloop
  endfacet
  facet normal -0.831470 0.555570 0.000000
    outer loop
      vertex 9.282234 -7.122509 0.000000
      vertex 9.282234 -7.122509 0.800000
      vertex 10.132497 -5.850000 0.800000
    endloop
  endfacet
  facet normal 0.000000 0.000000 1.000000
    outer loop
      vertex 10.825318 -6.250000 0.000000
      vertex 10.809391 -4.477396 0.000000
      vertex 10.132497 -5.850000 0.000000
    endloop
  endfacet
  facet normal 0.000000 -0.000000 1.000000
    outer loop
      vertex 10.825318 -6.250000 0.000000
      vertex 11.548494 -4.783543 0.000000
      vertex 10.809391 -4.477396 0.000000
    endloop
  endfacet
  facet normal 0.000000 0.000000 -1.000000
    outer loop
      vertex 10.825318 -6.250000 0.800000
      vertex 10.132497 -5.850000 0.800000
      vertex 10.809391 -4.477396 0.800000
    endloop
  endfacet
  facet normal 0.000000 0.000000 -1.000000
    outer loop
      vertex 10.825318 -6.250000 0.800000
      vertex 10.809391 -4.477396 0.800000
      vertex 11.548494 -4.783543 0.800000
    endloop
  endfacet
  facet normal 0.896873 -0.442289 0.000000
    outer loop
      vertex 10.825318 -6.250000 0.000000
      vertex 11.548494 -4.783543 0.000000
      vertex 11.548494 -4.783543 0.800000
    endloop
  endfacet
  facet normal 0.896873 -0.442289 0.000000
    outer loop
      vertex 10.825318 -6.250000 0.000000
      vertex 11.548494 -4.783543 0.800000
      vertex 10.825318 -6.250000 0.800000
    endloop
  endfacet
  facet normal -0.896873 0.442289 0.000000
    outer loop
      vertex 10.132497 -5.850000 0.000000
      vertex 10.809391 -4.477396 0.800000
      vertex 10.809391 -4.477396 0.000000
    endloop
  endfacet
  facet normal -0.896873 0.442289 0.000000
    outer loop
      vertex 10.132497 -5.850000 0.000000
      vertex 10.132497 -5.850000 0.800000
      vertex 10.809391 -4.477396 0.800000
    endloop
  endfacet
  facet normal 0.000000 0.000000 1.000000
    outer loop
      vertex 11.548494 -4.783543 0.000000
      vertex 11.301332 -3.028183 0.000000
      vertex 10.809391 -4.477396 0.000000
    endloop
  endfacet
  facet normal 0.000000 -0.000000 1.000000
    outer loop
      vertex 11.548494 -4.783543 0.000000
      vertex 12.074073 -3.235238 0.000000
      vertex 11.301332 -3.028183 0.000000
    endloop
  endfacet
  facet normal 0.000000 0.000000 -1.000000
    outer loop
      vertex 11.548494 -4.783543 0.800000
      vertex 10.809391 -4.477396 0.800000
      vertex 11.301332 -3.028183 0.800000
    endloop
  endfacet
  facet normal 0.000000 0.000000 -1.000000
    outer loop
      vertex 11.548494 -4.783543 0.800000
      vertex 11.301332 -3.028183 0.800000
      vertex 12.074073 -3.235238 0.800000
    endloop
  endfacet
  facet normal 0.946930 -0.321439 0.000000
    outer loop
      vertex 11.548494 -4.783543 0.000000
      vertex 12.074073 -3.235238 0.000000
      vertex 12.074073 -3.235238 0.800000
    endloop
  endfacet
  facet normal 0.946930 -0.321439 0.000000
    outer loop
      vertex 11.548494 -4.783543 0.000000
      vertex 12.074073 -3.235238 0.800000
      vertex 11.548494 -4.783543 0.800000
    endloop
  endfacet
  facet normal -0.946930 0.321439 0.000000
    outer loop
      vertex 10.809391 -4.477396 0.000000
      vertex 11.301332 -3.028183 0.800000
      vertex 11.301332 -3.028183 0.000000
    endloop
  endfacet
  facet normal -0.946930 0.321439 0.000000
    outer loop
      vertex 10.809391 -4.477396 0.000000
      vertex 10.809391 -4.477396 0.800000
      vertex 11.301332 -3.028183 0.800000
    endloop
  endfacet
  facet normal 0.000000 0.000000 1.000000
    outer loop
      vertex 12.074073 -3.235238 0.000000
      vertex 11.599905 -1.527156 0.000000
      vertex 11.301332 -3.028183 0.000000
    endloop
  endfacet
  facet normal 0.000000 -0.000000 1.000000
    outer loop
      vertex 12.074073 -3.235238 0.000000
      vertex 12.393061 -1.631577 0.000000
      vertex 11.599905 -1.527156 0.000000
    endloop
  endfacet
  facet normal 0.000000 0.000000 -1.000000
    outer loop
      vertex 12.074073 -3.235238 0.800000
      vertex 11.301332 -3.028183 0.800000
      vertex 11.599905 -1.527156 0.800000
    endloop
  endfacet
  facet normal 0.000000 0.000000 -1.000000
    outer loop
      vertex 12.074073 -3.235238 0.800000
      vertex 11.599905 -1.527156 0.800000
      vertex 12.393061 -1.631577 0.800000
    endloop
  endfacet
  facet normal 0.980785 -0.195090 0.000000
    outer loop
      vertex 12.074073 -3.235238 0.000000
      vertex 12.393061 -1.631577 0.000000
      vertex 12.393061 -1.631577 0.800000
    endloop
  endfacet
  facet normal 0.980785 -0.195090 0.000000
    outer loop
      vertex 12.074073 -3.235238 0.000000
      vertex 12.393061 -1.631577 0.800000
      vertex 12.074073 -3.235238 0.800000
    endloop
  endfacet
  facet normal -0.980785 0.195090 0.000000
    outer loop
      vertex 11.301332 -3.028183 0.000000
      vertex 11.599905 -1.527156 0.800000
      vertex 11.599905 -1.527156 0.000000
    endloop
  endfacet
  facet normal -0.980785 0.195090 0.000000
    outer loop
      vertex 11.301332 -3.028183 0.000000
      vertex 11.301332 -3.028183 0.800000
      vertex 11.599905 -1.527156 0.800000
    endloop
  endfacet
  facet normal 0.000000 0.000000 1.000000
    outer loop
      vertex 12.393061 -1.631577 0.000000
      vertex 11.700000 -0.000000 0.000000
      vertex 11.599905 -1.527156 0.000000
    endloop
  endfacet
  facet normal 0.000000 -0.000000 1.000000
    outer loop
      vertex 12.393061 -1.631577 0.000000
      vertex 12.500000 -0.000000 0.000000
      vertex 11.700000 -0.000000 0.000000
    endloop
  endfacet
  facet normal 0.000000 0.000000 -1.000000
    outer loop
      vertex 12.393061 -1.631577 0.800000
      vertex 11.599905 -1.527156 0.800000
      vertex 11.700000 -0.000000 0.800000
    endloop
  endfacet
  facet normal 0.000000 0.000000 -1.000000
    outer loop
      vertex 12.393061 -1.631577 0.800000
      vertex 11.700000 -0.000000 0.800000
      vertex 12.500000 -0.000000 0.800000
    endloop
  endfacet
  facet normal 0.997859 -0.065403 0.000000
    outer loop
      vertex 12.393061 -1.631577 0.000000
      vertex 12.500000 -0.000000 0.000000
      vertex 12.500000 -0.000000 0.800000
    endloop
  endfacet
  facet normal 0.997859 -0.065403 0.000000
    outer loop
      vertex 12.393061 -1.631577 0.000000
      vertex 12.500000 -0.000000 0.800000
      vertex 12.393061 -1.631577 0.800000
    endloop
  endfacet
  facet normal -0.997859 0.065403 0.000000
    outer loop
      vertex 11.599905 -1.527156 0.000000
      vertex 11.700000 -0.000000 0.800000
      vertex 11.700000 -0.000000 0.000000
    endloop
  endfacet
  facet normal -0.997859 0.065403 0.000000
    outer loop
      vertex 11.599905 -1.527156 0.000000
      vertex 11.599905 -1.527156 0.800000
      vertex 11.700000 -0.000000 0.800000
    endloop
  endfacet
  facet normal -0.196377 0.976869 0.084634
    outer loop
      vertex 7.750000 4.125000 0.500000
      vertex 6.745695 3.923108 0.500000
      vertex 6.822143 3.923108 0.677384
    endloop
  endfacet
  facet normal 0.000000 0.000000 1.000000
    outer loop
      vertex 7.750000 4.125000 0.500000
      vertex 6.822143 3.923108 0.677384
      vertex 7.750000 4.125000 0.500000
    endloop
  endfacet
  facet normal -0.163241 0.957863 0.236327
    outer loop
      vertex 7.750000 4.125000 0.500000
      vertex 6.822143 3.923108 0.677384
      vertex 7.039849 3.923108 0.827762
    endloop
  endfacet
  facet normal 0.000000 0.000000 1.000000
    outer loop
      vertex 7.750000 4.125000 0.500000
      vertex 7.039849 3.923108 0.827762
      vertex 7.750000 4.125000 0.500000
    endloop
  endfacet
  facet normal -0.106218 0.932784 0.344428
    outer loop
      vertex 7.750000 4.125000 0.500000
      vertex 7.039849 3.923108 0.827762
      vertex 7.365669 3.923108 0.928242
    endloop
  endfacet
  facet normal 0.000000 0.000000 1.000000
    outer loop
      vertex 7.750000 4.125000 0.500000
      vertex 7.365669 3.923108 0.928242
      vertex 7.750000 4.125000 0.500000
    endloop
  endfacet
  facet normal -0.036636 0.916195 0.399055
    outer loop
      vertex 7.750000 4.125000 0.500000
      vertex 7.365669 3.923108 0.928242
      vertex 7.750000 3.923108 0.963525
    endloop
  endfacet
  facet normal 0.000000 0.000000 1.000000
    outer loop
      vertex 7.750000 4.125000 0.500000
      vertex 7.750000 3.923108 0.963525
      vertex 7.750000 4.125000 0.500000
    endloop
  endfacet
  facet normal 0.036636 0.916195 0.399055
    outer loop
      vertex 7.750000 4.125000 0.500000
      vertex 7.750000 3.923108 0.963525
      vertex 8.134331 3.923108 0.928242
    endloop
  endfacet
  facet normal 0.000000 0.000000 1.000000
    outer loop
      vertex 7.750000 4.125000 0.500000
      vertex 8.134331 3.923108 0.928242
      vertex 7.750000 4.125000 0.500000
    endloop
  endfacet
  facet normal 0.106218 0.932784 0.344428
    outer loop
      vertex 7.750000 4.125000 0.500000
      vertex 8.134331 3.923108 0.928242
      vertex 8.460151 3.923108 0.827762
    endloop
  endfacet
  facet normal 0.000000 0.000000 1.000000
    outer loop
      vertex 7.750000 4.125000 0.500000
      vertex 8.460151 3.923108 0.827762
      vertex 7.750000 4.125000 0.500000
    endloop
  endfacet
  facet normal 0.163241 0.957863 0.236327
    outer loop
      vertex 7.750000 4.125000 0.500000
      vertex 8.460151 3.923108 0.827762
      vertex 8.677857 3.923108 0.677384
    endloop
  endfacet
  facet normal 0.000000 0.000000 1.000000
    outer loop
      vertex 7.750000 4.125000 0.500000
      vertex 8.677857 3.923108 0.677384
      vertex 7.750000 4.125000 0.500000
    endloop
  endfacet
  facet normal 0.196377 0.976869 0.084634
    outer loop
      vertex 7.750000 4.125000 0.500000
      vertex 8.677857 3.923108 0.677384
      vertex 8.754305 3.923108 0.500000
    endloop
  endfacet
  facet normal 0.000000 0.000000 1.000000
    outer loop
      vertex 7.750000 4.125000 0.500000
      vertex 8.754305 3.923108 0.500000
      vertex 7.750000 4.125000 0.500000
    endloop
  endfacet
  facet normal -0.528754 0.817612 0.227881
    outer loop
      vertex 6.745695 3.923108 0.500000
      vertex 5.839698 3.337195 0.500000
      vertex 5.985111 3.337195 0.837404
    endloop
  endfacet
  facet normal -0.528754 0.817612 0.227881
    outer loop
      vertex 6.745695 3.923108 0.500000
      vertex 5.985111 3.337195 0.837404
      vertex 6.822143 3.923108 0.677384
    endloop
  endfacet
  facet normal -0.394582 0.719712 0.571245
    outer loop
      vertex 6.822143 3.923108 0.677384
      vertex 5.985111 3.337195 0.837404
      vertex 6.399212 3.337195 1.123440
    endloop
  endfacet
  facet normal -0.394582 0.719712 0.571245
    outer loop
      vertex 6.822143 3.923108 0.677384
      vertex 6.399212 3.337195 1.123440
      vertex 7.039849 3.923108 0.827762
    endloop
  endfacet
  facet normal -0.229618 0.626809 0.744571
    outer loop
      vertex 7.039849 3.923108 0.827762
      vertex 6.399212 3.337195 1.123440
      vertex 7.018959 3.337195 1.314564
    endloop
  endfacet
  facet normal -0.229618 0.626809 0.744571
    outer loop
      vertex 7.039849 3.923108 0.827762
      vertex 7.018959 3.337195 1.314564
      vertex 7.365669 3.923108 0.928242
    endloop
  endfacet
  facet normal -0.074519 0.579295 0.811705
    outer loop
      vertex 7.365669 3.923108 0.928242
      vertex 7.018959 3.337195 1.314564
      vertex 7.750000 3.337195 1.381678
    endloop
  endfacet
  facet normal -0.074519 0.579295 0.811705
    outer loop
      vertex 7.365669 3.923108 0.928242
      vertex 7.750000 3.337195 1.381678
      vertex 7.750000 3.923108 0.963525
    endloop
  endfacet
  facet normal 0.074519 0.579295 0.811705
    outer loop
      vertex 7.750000 3.923108 0.963525
      vertex 7.750000 3.337195 1.381678
      vertex 8.481041 3.337195 1.314564
    endloop
  endfacet
  facet normal 0.074519 0.579295 0.811705
    outer loop
      vertex 7.750000 3.923108 0.963525
      vertex 8.481041 3.337195 1.314564
      vertex 8.134331 3.923108 0.928242
    endloop
  endfacet
  facet normal 0.229618 0.626809 0.744571
    outer loop
      vertex 8.134331 3.923108 0.928242
      vertex 8.481041 3.337195 1.314564
      vertex 9.100788 3.337195 1.123440
    endloop
  endfacet
  facet normal 0.229618 0.626809 0.744571
    outer loop
      vertex 8.134331 3.923108 0.928242
      vertex 9.100788 3.337195 1.123440
      vertex 8.460151 3.923108 0.827762
    endloop
  endfacet
  facet normal 0.394582 0.719712 0.571245
    outer loop
      vertex 8.460151 3.923108 0.827762
      vertex 9.100788 3.337195 1.123440
      vertex 9.514889 3.337195 0.837404
    endloop
  endfacet
  facet normal 0.394582 0.719712 0.571245
    outer loop
      vertex 8.460151 3.923108 0.827762
      vertex 9.514889 3.337195 0.837404
      vertex 8.677857 3.923108 0.677384
    endloop
  endfacet
  facet normal 0.528754 0.817612 0.227881
    outer loop
      vertex 8.677857 3.923108 0.677384
      vertex 9.514889 3.337195 0.837404
      vertex 9.660302 3.337195 0.500000
    endloop
  endfacet
  facet normal 0.528754 0.817612 0.227881
    outer loop
      vertex 8.677857 3.923108 0.677384
      vertex 9.660302 3.337195 0.500000
      vertex 8.754305 3.923108 0.500000
    endloop
  endfacet
  facet normal -0.744015 0.586194 0.320653
    outer loop
      vertex 5.839698 3.337195 0.500000
      vertex 5.120695 2.424614 0.500000
      vertex 5.320839 2.424614 0.964396
    endloop
  endfacet
  facet normal -0.744015 0.586194 0.320653
    outer loop
      vertex 5.839698 3.337195 0.500000
      vertex 5.320839 2.424614 0.964396
      vertex 5.985111 3.337195 0.837404
    endloop
  endfacet
  facet normal -0.502543 0.467047 0.727542
    outer loop
      vertex 5.985111 3.337195 0.837404
      vertex 5.320839 2.424614 0.964396
      vertex 5.890800 2.424614 1.358092
    endloop
  endfacet
  facet normal -0.502543 0.467047 0.727542
    outer loop
      vertex 5.985111 3.337195 0.837404
      vertex 5.890800 2.424614 1.358092
      vertex 6.399212 3.337195 1.123440
    endloop
  endfacet
  facet normal -0.272678 0.379266 0.884197
    outer loop
      vertex 6.399212 3.337195 1.123440
      vertex 5.890800 2.424614 1.358092
      vertex 6.743808 2.424614 1.621151
    endloop
  endfacet
  facet normal -0.272678 0.379266 0.884197
    outer loop
      vertex 6.399212 3.337195 1.123440
      vertex 6.743808 2.424614 1.621151
      vertex 7.018959 3.337195 1.314564
    endloop
  endfacet
  facet normal -0.085959 0.340478 0.936315
    outer loop
      vertex 7.018959 3.337195 1.314564
      vertex 6.743808 2.424614 1.621151
      vertex 7.750000 2.424614 1.713525
    endloop
  endfacet
  facet normal -0.085959 0.340478 0.936315
    outer loop
      vertex 7.018959 3.337195 1.314564
      vertex 7.750000 2.424614 1.713525
      vertex 7.750000 3.337195 1.381678
    endloop
  endfacet
  facet normal 0.085959 0.340478 0.936315
    outer loop
      vertex 7.750000 3.337195 1.381678
      vertex 7.750000 2.424614 1.713525
      vertex 8.756192 2.424614 1.621151
    endloop
  endfacet
  facet normal 0.085959 0.340478 0.936315
    outer loop
      vertex 7.750000 3.337195 1.381678
      vertex 8.756192 2.424614 1.621151
      vertex 8.481041 3.337195 1.314564
    endloop
  endfacet
  facet normal 0.272678 0.379266 0.884197
    outer loop
      vertex 8.481041 3.337195 1.314564
      vertex 8.756192 2.424614 1.621151
      vertex 9.609200 2.424614 1.358092
    endloop
  endfacet
  facet normal 0.272678 0.379266 0.884197
    outer loop
      vertex 8.481041 3.337195 1.314564
      vertex 9.609200 2.424614 1.358092
      vertex 9.100788 3.337195 1.123440
    endloop
  endfacet
  facet normal 0.502543 0.467047 0.727542
    outer loop
      vertex 9.100788 3.337195 1.123440
      vertex 9.609200 2.424614 1.358092
      vertex 10.179161 2.424614 0.964396
    endloop
  endfacet
  facet normal 0.502543 0.467047 0.727542
    outer loop
      vertex 9.100788 3.337195 1.123440
      vertex 10.179161 2.424614 0.964396
      vertex 9.514889 3.337195 0.837404
    endloop
  endfacet
  facet normal 0.744015 0.586194 0.320653
    outer loop
      vertex 9.514889 3.337195 0.837404
      vertex 10.179161 2.424614 0.964396
      vertex 10.379305 2.424614 0.500000
    endloop
  endfacet
  facet normal 0.744015 0.586194 0.320653
    outer loop
      vertex 9.514889 3.337195 0.837404
      vertex 10.379305 2.424614 0.500000
      vertex 9.660302 3.337195 0.500000
    endloop
  endfacet
  facet normal -0.861653 0.345906 0.371353
    outer loop
      vertex 5.120695 2.424614 0.500000
      vertex 4.659066 1.274695 0.500000
      vertex 4.894350 1.274695 1.045930
    endloop
  endfacet
  facet normal -0.861653 0.345906 0.371353
    outer loop
      vertex 5.120695 2.424614 0.500000
      vertex 4.894350 1.274695 1.045930
      vertex 5.320839 2.424614 0.964396
    endloop
  endfacet
  facet normal -0.548811 0.259881 0.794524
    outer loop
      vertex 5.320839 2.424614 0.964396
      vertex 4.894350 1.274695 1.045930
      vertex 5.564380 1.274695 1.508748
    endloop
  endfacet
  facet normal -0.548811 0.259881 0.794524
    outer loop
      vertex 5.320839 2.424614 0.964396
      vertex 5.564380 1.274695 1.508748
      vertex 5.890800 2.424614 1.358092
    endloop
  endfacet
  facet normal -0.288471 0.204438 0.935409
    outer loop
      vertex 5.890800 2.424614 1.358092
      vertex 5.564380 1.274695 1.508748
      vertex 6.567151 1.274695 1.817992
    endloop
  endfacet
  facet normal -0.288471 0.204438 0.935409
    outer loop
      vertex 5.890800 2.424614 1.358092
      vertex 6.567151 1.274695 1.817992
      vertex 6.743808 2.424614 1.621151
    endloop
  endfacet
  facet normal -0.089904 0.181444 0.979283
    outer loop
      vertex 6.743808 2.424614 1.621151
      vertex 6.567151 1.274695 1.817992
      vertex 7.750000 1.274695 1.926585
    endloop
  endfacet
  facet normal -0.089904 0.181444 0.979283
    outer loop
      vertex 6.743808 2.424614 1.621151
      vertex 7.750000 1.274695 1.926585
      vertex 7.750000 2.424614 1.713525
    endloop
  endfacet
  facet normal 0.089904 0.181444 0.979283
    outer loop
      vertex 7.750000 2.424614 1.713525
      vertex 7.750000 1.274695 1.926585
      vertex 8.932849 1.274695 1.817992
    endloop
  endfacet
  facet normal 0.089904 0.181444 0.979283
    outer loop
      vertex 7.750000 2.424614 1.713525
      vertex 8.932849 1.274695 1.817992
      vertex 8.756192 2.424614 1.621151
    endloop
  endfacet
  facet normal 0.288471 0.204438 0.935409
    outer loop
      vertex 8.756192 2.424614 1.621151
      vertex 8.932849 1.274695 1.817992
      vertex 9.935620 1.274695 1.508748
    endloop
  endfacet
  facet normal 0.288471 0.204438 0.935409
    outer loop
      vertex 8.756192 2.424614 1.621151
      vertex 9.935620 1.274695 1.508748
      vertex 9.609200 2.424614 1.358092
    endloop
  endfacet
  facet normal 0.548811 0.259881 0.794524
    outer loop
      vertex 9.609200 2.424614 1.358092
      vertex 9.935620 1.274695 1.508748
      vertex 10.605650 1.274695 1.045930
    endloop
  endfacet
  facet normal 0.548811 0.259881 0.794524
    outer loop
      vertex 9.609200 2.424614 1.358092
      vertex 10.605650 1.274695 1.045930
      vertex 10.179161 2.424614 0.964396
    endloop
  endfacet
  facet normal 0.861653 0.345906 0.371353
    outer loop
      vertex 10.179161 2.424614 0.964396
      vertex 10.605650 1.274695 1.045930
      vertex 10.840934 1.274695 0.500000
    endloop
  endfacet
  facet normal 0.861653 0.345906 0.371353
    outer loop
      vertex 10.179161 2.424614 0.964396
      vertex 10.840934 1.274695 0.500000
      vertex 10.379305 2.424614 0.500000
    endloop
  endfacet
  facet normal -0.912372 0.113853 0.393211
    outer loop
      vertex 4.659066 1.274695 0.500000
      vertex 4.500000 0.000000 0.500000
      vertex 4.747392 0.000000 1.074025
    endloop
  endfacet
  facet normal -0.912372 0.113853 0.393211
    outer loop
      vertex 4.659066 1.274695 0.500000
      vertex 4.747392 0.000000 1.074025
      vertex 4.894350 1.274695 1.045930
    endloop
  endfacet
  facet normal -0.566360 0.083367 0.819931
    outer loop
      vertex 4.894350 1.274695 1.045930
      vertex 4.747392 0.000000 1.074025
      vertex 5.451903 0.000000 1.560660
    endloop
  endfacet
  facet normal -0.566360 0.083367 0.819931
    outer loop
      vertex 4.894350 1.274695 1.045930
      vertex 5.451903 0.000000 1.560660
      vertex 5.564380 1.274695 1.508748
    endloop
  endfacet
  facet normal -0.294076 0.064784 0.953584
    outer loop
      vertex 5.564380 1.274695 1.508748
      vertex 5.451903 0.000000 1.560660
      vertex 6.506279 0.000000 1.885819
    endloop
  endfacet
  facet normal -0.294076 0.064784 0.953584
    outer loop
      vertex 5.564380 1.274695 1.508748
      vertex 6.506279 0.000000 1.885819
      vertex 6.567151 1.274695 1.817992
    endloop
  endfacet
  facet normal -0.091271 0.057259 0.994179
    outer loop
      vertex 6.567151 1.274695 1.817992
      vertex 6.506279 0.000000 1.885819
      vertex 7.750000 0.000000 2.000000
    endloop
  endfacet
  facet normal -0.091271 0.057259 0.994179
    outer loop
      vertex 6.567151 1.274695 1.817992
      vertex 7.750000 0.000000 2.000000
      vertex 7.750000 1.274695 1.926585
    endloop
  endfacet
  facet normal 0.091271 0.057259 0.994179
    outer loop
      vertex 7.750000 1.274695 1.926585
      vertex 7.750000 0.000000 2.000000
      vertex 8.993721 0.000000 1.885819
    endloop
  endfacet
  facet normal 0.091271 0.057259 0.994179
    outer loop
      vertex 7.750000 1.274695 1.926585
      vertex 8.993721 0.000000 1.885819
      vertex 8.932849 1.274695 1.817992
    endloop
  endfacet
  facet normal 0.294076 0.064784 0.953584
    outer loop
      vertex 8.932849 1.274695 1.817992
      vertex 8.993721 0.000000 1.885819
      vertex 10.048097 0.000000 1.560660
    endloop
  endfacet
  facet normal 0.294076 0.064784 0.953584
    outer loop
      vertex 8.932849 1.274695 1.817992
      vertex 10.048097 0.000000 1.560660
      vertex 9.935620 1.274695 1.508748
    endloop
  endfacet
  facet normal 0.566360 0.083367 0.819931
    outer loop
      vertex 9.935620 1.274695 1.508748
      vertex 10.048097 0.000000 1.560660
      vertex 10.752608 0.000000 1.074025
    endloop
  endfacet
  facet normal 0.566360 0.083367 0.819931
    outer loop
      vertex 9.935620 1.274695 1.508748
      vertex 10.752608 0.000000 1.074025
      vertex 10.605650 1.274695 1.045930
    endloop
  endfacet
  facet normal 0.912372 0.113853 0.393211
    outer loop
      vertex 10.605650 1.274695 1.045930
      vertex 10.752608 0.000000 1.074025
      vertex 11.000000 0.000000 0.500000
    endloop
  endfacet
  facet normal 0.912372 0.113853 0.393211
    outer loop
      vertex 10.605650 1.274695 1.045930
      vertex 11.000000 0.000000 0.500000
      vertex 10.840934 1.274695 0.500000
    endloop
  endfacet
  facet normal -0.912372 -0.113853 0.393211
    outer loop
      vertex 4.500000 0.000000 0.500000
      vertex 4.659066 -1.274695 0.500000
      vertex 4.894350 -1.274695 1.045930
    endloop
  endfacet
  facet normal -0.912372 -0.113853 0.393211
    outer loop
      vertex 4.500000 0.000000 0.500000
      vertex 4.894350 -1.274695 1.045930
      vertex 4.747392 0.000000 1.074025
    endloop
  endfacet
  facet normal -0.566360 -0.083367 0.819931
    outer loop
      vertex 4.747392 0.000000 1.074025
      vertex 4.894350 -1.274695 1.045930
      vertex 5.564380 -1.274695 1.508748
    endloop
  endfacet
  facet normal -0.566360 -0.083367 0.819931
    outer loop
      vertex 4.747392 0.000000 1.074025
      vertex 5.564380 -1.274695 1.508748
      vertex 5.451903 0.000000 1.560660
    endloop
  endfacet
  facet normal -0.294076 -0.064784 0.953584
    outer loop
      vertex 5.451903 0.000000 1.560660
      vertex 5.564380 -1.274695 1.508748
      vertex 6.567151 -1.274695 1.817992
    endloop
  endfacet
  facet normal -0.294076 -0.064784 0.953584
    outer loop
      vertex 5.451903 0.000000 1.560660
      vertex 6.567151 -1.274695 1.817992
      vertex 6.506279 0.000000 1.885819
    endloop
  endfacet
  facet normal -0.091271 -0.057259 0.994179
    outer loop
      vertex 6.506279 0.000000 1.885819
      vertex 6.567151 -1.274695 1.817992
      vertex 7.750000 -1.274695 1.926585
    endloop
  endfacet
  facet normal -0.091271 -0.057259 0.994179
    outer loop
      vertex 6.506279 0.000000 1.885819
      vertex 7.750000 -1.274695 1.926585
      vertex 7.750000 0.000000 2.000000
    endloop
  endfacet
  facet normal 0.091271 -0.057259 0.994179
    outer loop
      vertex 7.750000 0.000000 2.000000
      vertex 7.750000 -1.274695 1.926585
      vertex 8.932849 -1.274695 1.817992
    endloop
  endfacet
  facet normal 0.091271 -0.057259 0.994179
    outer loop
      vertex 7.750000 0.000000 2.000000
      vertex 8.932849 -1.274695 1.817992
      vertex 8.993721 0.000000 1.885819
    endloop
  endfacet
  facet normal 0.294076 -0.064784 0.953584
    outer loop
      vertex 8.993721 0.000000 1.885819
      vertex 8.932849 -1.274695 1.817992
      vertex 9.935620 -1.274695 1.508748
    endloop
  endfacet
  facet normal 0.294076 -0.064784 0.953584
    outer loop
      vertex 8.993721 0.000000 1.885819
      vertex 9.935620 -1.274695 1.508748
      vertex 10.048097 0.000000 1.560660
    endloop
  endfacet
  facet normal 0.566360 -0.083367 0.819931
    outer loop
      vertex 10.048097 0.000000 1.560660
      vertex 9.935620 -1.274695 1.508748
      vertex 10.605650 -1.274695 1.045930
    endloop
  endfacet
  facet normal 0.566360 -0.083367 0.819931
    outer loop
      vertex 10.048097 0.000000 1.560660
      vertex 10.605650 -1.274695 1.045930
      vertex 10.752608 0.000000 1.074025
    endloop
  endfacet
  facet normal 0.912372 -0.113853 0.393211
    outer loop
      vertex 10.752608 0.000000 1.074025
      vertex 10.605650 -1.274695 1.045930
      vertex 10.840934 -1.274695 0.500000
    endloop
  endfacet
  facet normal 0.912372 -0.113853 0.393211
    outer loop
      vertex 10.752608 0.000000 1.074025
      vertex 10.840934 -1.274695 0.500000
      vertex 11.000000 0.000000 0.500000
    endloop
  endfacet
  facet normal -0.861653 -0.345906 0.371353
    outer loop
      vertex 4.659066 -1.274695 0.500000
      vertex 5.120695 -2.424614 0.500000
      vertex 5.320839 -2.424614 0.964396
    endloop
  endfacet
  facet normal -0.861653 -0.345906 0.371353
    outer loop
      vertex 4.659066 -1.274695 0.500000
      vertex 5.320839 -2.424614 0.964396
      vertex 4.894350 -1.274695 1.045930
    endloop
  endfacet
  facet normal -0.548811 -0.259881 0.794524
    outer loop
      vertex 4.894350 -1.274695 1.045930
      vertex 5.320839 -2.424614 0.964396
      vertex 5.890800 -2.424614 1.358092
    endloop
  endfacet
  facet normal -0.548811 -0.259881 0.794524
    outer loop
      vertex 4.894350 -1.274695 1.045930
      vertex 5.890800 -2.424614 1.358092
      vertex 5.564380 -1.274695 1.508748
    endloop
  endfacet
  facet normal -0.288471 -0.204438 0.935409
    outer loop
      vertex 5.564380 -1.274695 1.508748
      vertex 5.890800 -2.424614 1.358092
      vertex 6.743808 -2.424614 1.621151
    endloop
  endfacet
  facet normal -0.288471 -0.204438 0.935409
    outer loop
      vertex 5.564380 -1.274695 1.508748
      vertex 6.743808 -2.424614 1.621151
      vertex 6.567151 -1.274695 1.817992
    endloop
  endfacet
  facet normal -0.089904 -0.181444 0.979283
    outer loop
      vertex 6.567151 -1.274695 1.817992
      vertex 6.743808 -2.424614 1.621151
      vertex 7.750000 -2.424614 1.713525
    endloop
  endfacet
  facet normal -0.089904 -0.181444 0.979283
    outer loop
      vertex 6.567151 -1.274695 1.817992
      vertex 7.750000 -2.424614 1.713525
      vertex 7.750000 -1.274695 1.926585
    endloop
  endfacet
  facet normal 0.089904 -0.181444 0.979283
    outer loop
      vertex 7.750000 -1.274695 1.926585
      vertex 7.750000 -2.424614 1.713525
      vertex 8.756192 -2.424614 1.621151
    endloop
  endfacet
  facet normal 0.089904 -0.181444 0.979283
    outer loop
      vertex 7.750000 -1.274695 1.926585
      vertex 8.756192 -2.424614 1.621151
      vertex 8.932849 -1.274695 1.817992
    endloop
  endfacet
  facet normal 0.288471 -0.204438 0.935409
    outer loop
      vertex 8.932849 -1.274695 1.817992
      vertex 8.756192 -2.424614 1.621151
      vertex 9.609200 -2.424614 1.358092
    endloop
  endfacet
  facet normal 0.288471 -0.204438 0.935409
    outer loop
      vertex 8.932849 -1.274695 1.817992
      vertex 9.609200 -2.424614 1.358092
      vertex 9.935620 -1.274695 1.508748
    endloop
  endfacet
  facet normal 0.548811 -0.259881 0.794524
    outer loop
      vertex 9.935620 -1.274695 1.508748
      vertex 9.609200 -2.424614 1.358092
      vertex 10.179161 -2.424614 0.964396
    endloop
  endfacet
  facet normal 0.548811 -0.259881 0.794524
    outer loop
      vertex 9.935620 -1.274695 1.508748
      vertex 10.179161 -2.424614 0.964396
      vertex 10.605650 -1.274695 1.045930
    endloop
  endfacet
  facet normal 0.861653 -0.345906 0.371353
    outer loop
      vertex 10.605650 -1.274695 1.045930
      vertex 10.179161 -2.424614 0.964396
      vertex 10.379305 -2.424614 0.500000
    endloop
  endfacet
  facet normal 0.861653 -0.345906 0.371353
    outer loop
      vertex 10.605650 -1.274695 1.045930
      vertex 10.379305 -2.424614 0.500000
      vertex 10.840934 -1.274695 0.500000
    endloop
  endfacet
  facet normal -0.744015 -0.586194 0.320653
    outer loop
      vertex 5.120695 -2.424614 0.500000
      vertex 5.839698 -3.337195 0.500000
      vertex 5.985111 -3.337195 0.837404
    endloop
  endfacet
  facet normal -0.744015 -0.586194 0.320653
    outer loop
      vertex 5.120695 -2.424614 0.500000
      vertex 5.985111 -3.337195 0.837404
      vertex 5.320839 -2.424614 0.964396
    endloop
  endfacet
  facet normal -0.502543 -0.467047 0.727542
    outer loop
      vertex 5.320839 -2.424614 0.964396
      vertex 5.985111 -3.337195 0.837404
      vertex 6.399212 -3.337195 1.123440
    endloop
  endfacet
  facet normal -0.502543 -0.467047 0.727542
    outer loop
      vertex 5.320839 -2.424614 0.964396
      vertex 6.399212 -3.337195 1.123440
      vertex 5.890800 -2.424614 1.358092
    endloop
  endfacet
  facet normal -0.272678 -0.379266 0.884197
    outer loop
      vertex 5.890800 -2.424614 1.358092
      vertex 6.399212 -3.337195 1.123440
      vertex 7.018959 -3.337195 1.314564
    endloop
  endfacet
  facet normal -0.272678 -0.379266 0.884197
    outer loop
      vertex 5.890800 -2.424614 1.358092
      vertex 7.018959 -3.337195 1.314564
      vertex 6.743808 -2.424614 1.621151
    endloop
  endfacet
  facet normal -0.085959 -0.340478 0.936315
    outer loop
      vertex 6.743808 -2.424614 1.621151
      vertex 7.018959 -3.337195 1.314564
      vertex 7.750000 -3.337195 1.381678
    endloop
  endfacet
  facet normal -0.085959 -0.340478 0.936315
    outer loop
      vertex 6.743808 -2.424614 1.621151
      vertex 7.750000 -3.337195 1.381678
      vertex 7.750000 -2.424614 1.713525
    endloop
  endfacet
  facet normal 0.085959 -0.340478 0.936315
    outer loop
      vertex 7.750000 -2.424614 1.713525
      vertex 7.750000 -3.337195 1.381678
      vertex 8.481041 -3.337195 1.314564
    endloop
  endfacet
  facet normal 0.085959 -0.340478 0.936315
    outer loop
      vertex 7.750000 -2.424614 1.713525
      vertex 8.481041 -3.337195 1.314564
      vertex 8.756192 -2.424614 1.621151
    endloop
  endfacet
  facet normal 0.272678 -0.379266 0.884197
    outer loop
      vertex 8.756192 -2.424614 1.621151
      vertex 8.481041 -3.337195 1.314564
      vertex 9.100788 -3.337195 1.123440
    endloop
  endfacet
  facet normal 0.272678 -0.379266 0.884197
    outer loop
      vertex 8.756192 -2.424614 1.621151
      vertex 9.100788 -3.337195 1.123440
      vertex 9.609200 -2.424614 1.358092
    endloop
  endfacet
  facet normal 0.502543 -0.467047 0.727542
    outer loop
      vertex 9.609200 -2.424614 1.358092
      vertex 9.100788 -3.337195 1.123440
      vertex 9.514889 -3.337195 0.837404
    endloop
  endfacet
  facet normal 0.502543 -0.467047 0.727542
    outer loop
      vertex 9.609200 -2.424614 1.358092
      vertex 9.514889 -3.337195 0.837404
      vertex 10.179161 -2.424614 0.964396
    endloop
  endfacet
  facet normal 0.744015 -0.586194 0.320653
    outer loop
      vertex 10.179161 -2.424614 0.964396
      vertex 9.514889 -3.337195 0.837404
      vertex 9.660302 -3.337195 0.500000
    endloop
  endfacet
  facet normal 0.744015 -0.586194 0.320653
    outer loop
      vertex 10.179161 -2.424614 0.964396
      vertex 9.660302 -3.337195 0.500000
      vertex 10.379305 -2.424614 0.500000
    endloop
  endfacet
  facet normal -0.528754 -0.817612 0.227881
    outer loop
      vertex 5.839698 -3.337195 0.500000
      vertex 6.745695 -3.923108 0.500000
      vertex 6.822143 -3.923108 0.677384
    endloop
  endfacet
  facet normal -0.528754 -0.817612 0.227881
    outer loop
      vertex 5.839698 -3.337195 0.500000
      vertex 6.822143 -3.923108 0.677384
      vertex 5.985111 -3.337195 0.837404
    endloop
  endfacet
  facet normal -0.394582 -0.719712 0.571245
    outer loop
      vertex 5.985111 -3.337195 0.837404
      vertex 6.822143 -3.923108 0.677384
      vertex 7.039849 -3.923108 0.827762
    endloop
  endfacet
  facet normal -0.394582 -0.719712 0.571245
    outer loop
      vertex 5.985111 -3.337195 0.837404
      vertex 7.039849 -3.923108 0.827762
      vertex 6.399212 -3.337195 1.123440
    endloop
  endfacet
  facet normal -0.229618 -0.626809 0.744571
    outer loop
      vertex 6.399212 -3.337195 1.123440
      vertex 7.039849 -3.923108 0.827762
      vertex 7.365669 -3.923108 0.928242
    endloop
  endfacet
  facet normal -0.229618 -0.626809 0.744571
    outer loop
      vertex 6.399212 -3.337195 1.123440
      vertex 7.365669 -3.923108 0.928242
      vertex 7.018959 -3.337195 1.314564
    endloop
  endfacet
  facet normal -0.074519 -0.579295 0.811705
    outer loop
      vertex 7.018959 -3.337195 1.314564
      vertex 7.365669 -3.923108 0.928242
      vertex 7.750000 -3.923108 0.963525
    endloop
  endfacet
  facet normal -0.074519 -0.579295 0.811705
    outer loop
      vertex 7.018959 -3.337195 1.314564
      vertex 7.750000 -3.923108 0.963525
      vertex 7.750000 -3.337195 1.381678
    endloop
  endfacet
  facet normal 0.074519 -0.579295 0.811705
    outer loop
      vertex 7.750000 -3.337195 1.381678
      vertex 7.750000 -3.923108 0.963525
      vertex 8.134331 -3.923108 0.928242
    endloop
  endfacet
  facet normal 0.074519 -0.579295 0.811705
    outer loop
      vertex 7.750000 -3.337195 1.381678
      vertex 8.134331 -3.923108 0.928242
      vertex 8.481041 -3.337195 1.314564
    endloop
  endfacet
  facet normal 0.229618 -0.626809 0.744571
    outer loop
      vertex 8.481041 -3.337195 1.314564
      vertex 8.134331 -3.923108 0.928242
      vertex 8.460151 -3.923108 0.827762
    endloop
  endfacet
  facet normal 0.229618 -0.626809 0.744571
    outer loop
      vertex 8.481041 -3.337195 1.314564
      vertex 8.460151 -3.923108 0.827762
      vertex 9.100788 -3.337195 1.123440
    endloop
  endfacet
  facet normal 0.394582 -0.719712 0.571245
    outer loop
      vertex 9.100788 -3.337195 1.123440
      vertex 8.460151 -3.923108 0.827762
      vertex 8.677857 -3.923108 0.677384
    endloop
  endfacet
  facet normal 0.394582 -0.719712 0.571245
    outer loop
      vertex 9.100788 -3.337195 1.123440
      vertex 8.677857 -3.923108 0.677384
      vertex 9.514889 -3.337195 0.837404
    endloop
  endfacet
  facet normal 0.528754 -0.817612 0.227881
    outer loop
      vertex 9.514889 -3.337195 0.837404
      vertex 8.677857 -3.923108 0.677384
      vertex 8.754305 -3.923108 0.500000
    endloop
  endfacet
  facet normal 0.528754 -0.817612 0.227881
    outer loop
      vertex 9.514889 -3.337195 0.837404
      vertex 8.754305 -3.923108 0.500000
      vertex 9.660302 -3.337195 0.500000
    endloop
  endfacet
  facet normal 0.000000 0.000000 1.000000
    outer loop
      vertex 6.745695 -3.923108 0.500000
      vertex 7.750000 -4.125000 0.500000
      vertex 7.750000 -4.125000 0.500000
    endloop
  endfacet
  facet normal -0.196377 -0.976869 0.084634
    outer loop
      vertex 6.745695 -3.923108 0.500000
      vertex 7.750000 -4.125000 0.500000
      vertex 6.822143 -3.923108 0.677384
    endloop
  endfacet
  facet normal 0.000000 0.000000 1.000000
    outer loop
      vertex 6.822143 -3.923108 0.677384
      vertex 7.750000 -4.125000 0.500000
      vertex 7.750000 -4.125000 0.500000
    endloop
  endfacet
  facet normal -0.163241 -0.957863 0.236327
    outer loop
      vertex 6.822143 -3.923108 0.677384
      vertex 7.750000 -4.125000 0.500000
      vertex 7.039849 -3.923108 0.827762
    endloop
  endfacet
  facet normal 0.000000 0.000000 1.000000
    outer loop
      vertex 7.039849 -3.923108 0.827762
      vertex 7.750000 -4.125000 0.500000
      vertex 7.750000 -4.125000 0.500000
    endloop
  endfacet
  facet normal -0.106218 -0.932784 0.344428
    outer loop
      vertex 7.039849 -3.923108 0.827762
      vertex 7.750000 -4.125000 0.500000
      vertex 7.365669 -3.923108 0.928242
    endloop
  endfacet
  facet normal 0.000000 0.000000 1.000000
    outer loop
      vertex 7.365669 -3.923108 0.928242
      vertex 7.750000 -4.125000 0.500000
      vertex 7.750000 -4.125000 0.500000
    endloop
  endfacet
  facet normal -0.036636 -0.916195 0.399055
    outer loop
      vertex 7.365669 -3.923108 0.928242
      vertex 7.750000 -4.125000 0.500000
      vertex 7.750000 -3.923108 0.963525
    endloop
  endfacet
  facet normal 0.000000 0.000000 1.000000
    outer loop
      vertex 7.750000 -3.923108 0.963525
      vertex 7.750000 -4.125000 0.500000
      vertex 7.750000 -4.125000 0.500000
    endloop
  endfacet
  facet normal 0.036636 -0.916195 0.399055
    outer loop
      vertex 7.750000 -3.923108 0.963525
      vertex 7.750000 -4.125000 0.500000
      vertex 8.134331 -3.923108 0.928242
    endloop
  endfacet
  facet normal 0.000000 0.000000 1.000000
    outer loop
      vertex 8.134331 -3.923108 0.928242
      vertex 7.750000 -4.125000 0.500000
      vertex 7.750000 -4.125000 0.500000
    endloop
  endfacet
  facet normal 0.106218 -0.932784 0.344428
    outer loop
      vertex 8.134331 -3.923108 0.928242
      vertex 7.750000 -4.125000 0.500000
      vertex 8.460151 -3.923108 0.827762
    endloop
  endfacet
  facet normal 0.000000 0.000000 1.000000
    outer loop
      vertex 8.460151 -3.923108 0.827762
      vertex 7.750000 -4.125000 0.500000
      vertex 7.750000 -4.125000 0.500000
    endloop
  endfacet
  facet normal 0.163241 -0.957863 0.236327
    outer loop
      vertex 8.460151 -3.923108 0.827762
      vertex 7.750000 -4.125000 0.500000
      vertex 8.677857 -3.923108 0.677384
    endloop
  endfacet
  facet normal 0.000000 0.000000 1.000000
    outer loop
      vertex 8.677857 -3.923108 0.677384
      vertex 7.750000 -4.125000 0.500000
      vertex 7.750000 -4.125000 0.500000
    endloop
  endfacet
  facet normal 0.196377 -0.976869 0.084634
    outer loop
      vertex 8.677857 -3.923108 0.677384
      vertex 7.750000 -4.125000 0.500000
      vertex 8.754305 -3.923108 0.500000
    endloop
  endfacet
  facet normal -0.944182 0.318368 0.084634
    outer loop
      vertex 0.302645 8.774197 0.500000
      vertex -0.024664 7.803497 0.500000
      vertex 0.013560 7.869703 0.677384
    endloop
  endfacet
  facet normal 0.000000 0.000000 1.000000
    outer loop
      vertex 0.302645 8.774197 0.500000
      vertex 0.013560 7.869703 0.677384
      vertex 0.302645 8.774197 0.500000
    endloop
  endfacet
  facet normal -0.911154 0.337561 0.236327
    outer loop
      vertex 0.302645 8.774197 0.500000
      vertex 0.013560 7.869703 0.677384
      vertex 0.122413 8.058242 0.827762
    endloop
  endfacet
  facet normal 0.000000 0.000000 1.000000
    outer loop
      vertex 0.302645 8.774197 0.500000
      vertex 0.122413 8.058242 0.827762
      vertex 0.302645 8.774197 0.500000
    endloop
  endfacet
  facet normal -0.860924 0.374404 0.344428
    outer loop
      vertex 0.302645 8.774197 0.500000
      vertex 0.122413 8.058242 0.827762
      vertex 0.285323 8.340411 0.928242
    endloop
  endfacet
  facet normal 0.000000 0.000000 1.000000
    outer loop
      vertex 0.302645 8.774197 0.500000
      vertex 0.285323 8.340411 0.928242
      vertex 0.302645 8.774197 0.500000
    endloop
  endfacet
  facet normal -0.811766 0.426370 0.399055
    outer loop
      vertex 0.302645 8.774197 0.500000
      vertex 0.285323 8.340411 0.928242
      vertex 0.477489 8.673251 0.963525
    endloop
  endfacet
  facet normal 0.000000 0.000000 1.000000
    outer loop
      vertex 0.302645 8.774197 0.500000
      vertex 0.477489 8.673251 0.963525
      vertex 0.302645 8.774197 0.500000
    endloop
  endfacet
  facet normal -0.775130 0.489825 0.399055
    outer loop
      vertex 0.302645 8.774197 0.500000
      vertex 0.477489 8.673251 0.963525
      vertex 0.669654 9.006091 0.928242
    endloop
  endfacet
  facet normal 0.000000 0.000000 1.000000
    outer loop
      vertex 0.302645 8.774197 0.500000
      vertex 0.669654 9.006091 0.928242
      vertex 0.302645 8.774197 0.500000
    endloop
  endfacet
  facet normal -0.754706 0.558380 0.344428
    outer loop
      vertex 0.302645 8.774197 0.500000
      vertex 0.669654 9.006091 0.928242
      vertex 0.832564 9.288260 0.827762
    endloop
  endfacet
  facet normal 0.000000 0.000000 1.000000
    outer loop
      vertex 0.302645 8.774197 0.500000
      vertex 0.832564 9.288260 0.827762
      vertex 0.302645 8.774197 0.500000
    endloop
  endfacet
  facet normal -0.747913 0.620302 0.236327
    outer loop
      vertex 0.302645 8.774197 0.500000
      vertex 0.832564 9.288260 0.827762
      vertex 0.941417 9.476799 0.677384
    endloop
  endfacet
  facet normal 0.000000 0.000000 1.000000
    outer loop
      vertex 0.302645 8.774197 0.500000
      vertex 0.941417 9.476799 0.677384
      vertex 0.302645 8.774197 0.500000
    endloop
  endfacet
  facet normal -0.747805 0.658502 0.084634
    outer loop
      vertex 0.302645 8.774197 0.500000
      vertex 0.941417 9.476799 0.677384
      vertex 0.979641 9.543005 0.500000
    endloop
  endfacet
  facet normal 0.000000 0.000000 1.000000
    outer loop
      vertex 0.302645 8.774197 0.500000
      vertex 0.979641 9.543005 0.500000
      vertex 0.302645 8.774197 0.500000
    endloop
  endfacet
  facet normal -0.972450 -0.049108 0.227881
    outer loop
      vertex -0.024664 7.803497 0.500000
      vertex 0.029753 6.725924 0.500000
      vertex 0.102460 6.851856 0.837404
    endloop
  endfacet
  facet normal -0.972450 -0.049108 0.227881
    outer loop
      vertex -0.024664 7.803497 0.500000
      vertex 0.102460 6.851856 0.837404
      vertex 0.013560 7.869703 0.677384
    endloop
  endfacet
  facet normal -0.820579 0.018138 0.571245
    outer loop
      vertex 0.013560 7.869703 0.677384
      vertex 0.102460 6.851856 0.837404
      vertex 0.309510 7.210478 1.123440
    endloop
  endfacet
  facet normal -0.820579 0.018138 0.571245
    outer loop
      vertex 0.013560 7.869703 0.677384
      vertex 0.309510 7.210478 1.123440
      vertex 0.122413 8.058242 0.827762
    endloop
  endfacet
  facet normal -0.657642 0.114549 0.744571
    outer loop
      vertex 0.122413 8.058242 0.827762
      vertex 0.309510 7.210478 1.123440
      vertex 0.619384 7.747194 1.314564
    endloop
  endfacet
  facet normal -0.657642 0.114549 0.744571
    outer loop
      vertex 0.122413 8.058242 0.827762
      vertex 0.619384 7.747194 1.314564
      vertex 0.285323 8.340411 0.928242
    endloop
  endfacet
  facet normal -0.538943 0.225112 0.811705
    outer loop
      vertex 0.285323 8.340411 0.928242
      vertex 0.619384 7.747194 1.314564
      vertex 0.984904 8.380294 1.381678
    endloop
  endfacet
  facet normal -0.538943 0.225112 0.811705
    outer loop
      vertex 0.285323 8.340411 0.928242
      vertex 0.984904 8.380294 1.381678
      vertex 0.477489 8.673251 0.963525
    endloop
  endfacet
  facet normal -0.464424 0.354183 0.811705
    outer loop
      vertex 0.477489 8.673251 0.963525
      vertex 0.984904 8.380294 1.381678
      vertex 1.350425 9.013394 1.314564
    endloop
  endfacet
  facet normal -0.464424 0.354183 0.811705
    outer loop
      vertex 0.477489 8.673251 0.963525
      vertex 1.350425 9.013394 1.314564
      vertex 0.669654 9.006091 0.928242
    endloop
  endfacet
  facet normal -0.428023 0.512260 0.744571
    outer loop
      vertex 0.669654 9.006091 0.928242
      vertex 1.350425 9.013394 1.314564
      vertex 1.660298 9.550111 1.123440
    endloop
  endfacet
  facet normal -0.428023 0.512260 0.744571
    outer loop
      vertex 0.669654 9.006091 0.928242
      vertex 1.660298 9.550111 1.123440
      vertex 0.832564 9.288260 0.827762
    endloop
  endfacet
  facet normal -0.425997 0.701574 0.571245
    outer loop
      vertex 0.832564 9.288260 0.827762
      vertex 1.660298 9.550111 1.123440
      vertex 1.867349 9.908733 0.837404
    endloop
  endfacet
  facet normal -0.425997 0.701574 0.571245
    outer loop
      vertex 0.832564 9.288260 0.827762
      vertex 1.867349 9.908733 0.837404
      vertex 0.941417 9.476799 0.677384
    endloop
  endfacet
  facet normal -0.443696 0.866721 0.227881
    outer loop
      vertex 0.941417 9.476799 0.677384
      vertex 1.867349 9.908733 0.837404
      vertex 1.940055 10.034665 0.500000
    endloop
  endfacet
  facet normal -0.443696 0.866721 0.227881
    outer loop
      vertex 0.941417 9.476799 0.677384
      vertex 1.940055 10.034665 0.500000
      vertex 0.979641 9.543005 0.500000
    endloop
  endfacet
  facet normal -0.879666 -0.351239 0.320653
    outer loop
      vertex 0.029753 6.725924 0.500000
      vertex 0.460570 5.646959 0.500000
      vertex 0.560642 5.820289 0.964396
    endloop
  endfacet
  facet normal -0.879666 -0.351239 0.320653
    outer loop
      vertex 0.029753 6.725924 0.500000
      vertex 0.560642 5.820289 0.964396
      vertex 0.102460 6.851856 0.837404
    endloop
  endfacet
  facet normal -0.655746 -0.201692 0.727542
    outer loop
      vertex 0.102460 6.851856 0.837404
      vertex 0.560642 5.820289 0.964396
      vertex 0.845623 6.313890 1.358092
    endloop
  endfacet
  facet normal -0.655746 -0.201692 0.727542
    outer loop
      vertex 0.102460 6.851856 0.837404
      vertex 0.845623 6.313890 1.358092
      vertex 0.309510 7.210478 1.123440
    endloop
  endfacet
  facet normal -0.464793 -0.046513 0.884197
    outer loop
      vertex 0.309510 7.210478 1.123440
      vertex 0.845623 6.313890 1.358092
      vertex 1.272127 7.052617 1.621151
    endloop
  endfacet
  facet normal -0.464793 -0.046513 0.884197
    outer loop
      vertex 0.309510 7.210478 1.123440
      vertex 1.272127 7.052617 1.621151
      vertex 0.619384 7.747194 1.314564
    endloop
  endfacet
  facet normal -0.337842 0.095796 0.936315
    outer loop
      vertex 0.619384 7.747194 1.314564
      vertex 1.272127 7.052617 1.621151
      vertex 1.775223 7.924004 1.713525
    endloop
  endfacet
  facet normal -0.337842 0.095796 0.936315
    outer loop
      vertex 0.619384 7.747194 1.314564
      vertex 1.775223 7.924004 1.713525
      vertex 0.984904 8.380294 1.381678
    endloop
  endfacet
  facet normal -0.251883 0.244682 0.936315
    outer loop
      vertex 0.984904 8.380294 1.381678
      vertex 1.775223 7.924004 1.713525
      vertex 2.278318 8.795391 1.621151
    endloop
  endfacet
  facet normal -0.251883 0.244682 0.936315
    outer loop
      vertex 0.984904 8.380294 1.381678
      vertex 2.278318 8.795391 1.621151
      vertex 1.350425 9.013394 1.314564
    endloop
  endfacet
  facet normal -0.192115 0.425779 0.884197
    outer loop
      vertex 1.350425 9.013394 1.314564
      vertex 2.278318 8.795391 1.621151
      vertex 2.704822 9.534118 1.358092
    endloop
  endfacet
  facet normal -0.192115 0.425779 0.884197
    outer loop
      vertex 1.350425 9.013394 1.314564
      vertex 2.704822 9.534118 1.358092
      vertex 1.660298 9.550111 1.123440
    endloop
  endfacet
  facet normal -0.153203 0.668739 0.727542
    outer loop
      vertex 1.660298 9.550111 1.123440
      vertex 2.704822 9.534118 1.358092
      vertex 2.989803 10.027719 0.964396
    endloop
  endfacet
  facet normal -0.153203 0.668739 0.727542
    outer loop
      vertex 1.660298 9.550111 1.123440
      vertex 2.989803 10.027719 0.964396
      vertex 1.867349 9.908733 0.837404
    endloop
  endfacet
  facet normal -0.135651 0.937433 0.320653
    outer loop
      vertex 1.867349 9.908733 0.837404
      vertex 2.989803 10.027719 0.964396
      vertex 3.089875 10.201049 0.500000
    endloop
  endfacet
  facet normal -0.135651 0.937433 0.320653
    outer loop
      vertex 1.867349 9.908733 0.837404
      vertex 3.089875 10.201049 0.500000
      vertex 1.940055 10.034665 0.500000
    endloop
  endfacet
  facet normal -0.730390 -0.573261 0.371353
    outer loop
      vertex 0.460570 5.646959 0.500000
      vertex 1.225615 4.672217 0.500000
      vertex 1.343256 4.875979 1.045930
    endloop
  endfacet
  facet normal -0.730390 -0.573261 0.371353
    outer loop
      vertex 0.460570 5.646959 0.500000
      vertex 1.343256 4.875979 1.045930
      vertex 0.560642 5.820289 0.964396
    endloop
  endfacet
  facet normal -0.499469 -0.345343 0.794524
    outer loop
      vertex 0.560642 5.820289 0.964396
      vertex 1.343256 4.875979 1.045930
      vertex 1.678272 5.456242 1.508748
    endloop
  endfacet
  facet normal -0.499469 -0.345343 0.794524
    outer loop
      vertex 0.560642 5.820289 0.964396
      vertex 1.678272 5.456242 1.508748
      vertex 0.845623 6.313890 1.358092
    endloop
  endfacet
  facet normal -0.321284 -0.147604 0.935409
    outer loop
      vertex 0.845623 6.313890 1.358092
      vertex 1.678272 5.456242 1.508748
      vertex 2.179657 6.324667 1.817992
    endloop
  endfacet
  facet normal -0.321284 -0.147604 0.935409
    outer loop
      vertex 0.845623 6.313890 1.358092
      vertex 2.179657 6.324667 1.817992
      vertex 1.272127 7.052617 1.621151
    endloop
  endfacet
  facet normal -0.202087 0.012863 0.979283
    outer loop
      vertex 1.272127 7.052617 1.621151
      vertex 2.179657 6.324667 1.817992
      vertex 2.771082 7.349044 1.926585
    endloop
  endfacet
  facet normal -0.202087 0.012863 0.979283
    outer loop
      vertex 1.272127 7.052617 1.621151
      vertex 2.771082 7.349044 1.926585
      vertex 1.775223 7.924004 1.713525
    endloop
  endfacet
  facet normal -0.112183 0.168581 0.979283
    outer loop
      vertex 1.775223 7.924004 1.713525
      vertex 2.771082 7.349044 1.926585
      vertex 3.362506 8.373422 1.817992
    endloop
  endfacet
  facet normal -0.112183 0.168581 0.979283
    outer loop
      vertex 1.775223 7.924004 1.713525
      vertex 3.362506 8.373422 1.817992
      vertex 2.278318 8.795391 1.621151
    endloop
  endfacet
  facet normal -0.032813 0.352042 0.935409
    outer loop
      vertex 2.278318 8.795391 1.621151
      vertex 3.362506 8.373422 1.817992
      vertex 3.863892 9.241847 1.508748
    endloop
  endfacet
  facet normal -0.032813 0.352042 0.935409
    outer loop
      vertex 2.278318 8.795391 1.621151
      vertex 3.863892 9.241847 1.508748
      vertex 2.704822 9.534118 1.358092
    endloop
  endfacet
  facet normal 0.049341 0.605225 0.794524
    outer loop
      vertex 2.704822 9.534118 1.358092
      vertex 3.863892 9.241847 1.508748
      vertex 4.198907 9.822110 1.045930
    endloop
  endfacet
  facet normal 0.049341 0.605225 0.794524
    outer loop
      vertex 2.704822 9.534118 1.358092
      vertex 4.198907 9.822110 1.045930
      vertex 2.989803 10.027719 0.964396
    endloop
  endfacet
  facet normal 0.131263 0.919167 0.371353
    outer loop
      vertex 2.989803 10.027719 0.964396
      vertex 4.198907 9.822110 1.045930
      vertex 4.316548 10.025872 0.500000
    endloop
  endfacet
  facet normal 0.131263 0.919167 0.371353
    outer loop
      vertex 2.989803 10.027719 0.964396
      vertex 4.316548 10.025872 0.500000
      vertex 3.089875 10.201049 0.500000
    endloop
  endfacet
  facet normal -0.554785 -0.733211 0.393211
    outer loop
      vertex 1.225615 4.672217 0.500000
      vertex 2.250000 3.897114 0.500000
      vertex 2.373696 4.111362 1.074025
    endloop
  endfacet
  facet normal -0.554785 -0.733211 0.393211
    outer loop
      vertex 1.225615 4.672217 0.500000
      vertex 2.373696 4.111362 1.074025
      vertex 1.343256 4.875979 1.045930
    endloop
  endfacet
  facet normal -0.355378 -0.448799 0.819931
    outer loop
      vertex 1.343256 4.875979 1.045930
      vertex 2.373696 4.111362 1.074025
      vertex 2.725951 4.721486 1.560660
    endloop
  endfacet
  facet normal -0.355378 -0.448799 0.819931
    outer loop
      vertex 1.343256 4.875979 1.045930
      vertex 2.725951 4.721486 1.560660
      vertex 1.678272 5.456242 1.508748
    endloop
  endfacet
  facet normal -0.203142 -0.222285 0.953584
    outer loop
      vertex 1.678272 5.456242 1.508748
      vertex 2.725951 4.721486 1.560660
      vertex 3.253139 5.634603 1.885819
    endloop
  endfacet
  facet normal -0.203142 -0.222285 0.953584
    outer loop
      vertex 1.678272 5.456242 1.508748
      vertex 3.253139 5.634603 1.885819
      vertex 2.179657 6.324667 1.817992
    endloop
  endfacet
  facet normal -0.095223 -0.050414 0.994179
    outer loop
      vertex 2.179657 6.324667 1.817992
      vertex 3.253139 5.634603 1.885819
      vertex 3.875000 6.711697 2.000000
    endloop
  endfacet
  facet normal -0.095223 -0.050414 0.994179
    outer loop
      vertex 2.179657 6.324667 1.817992
      vertex 3.875000 6.711697 2.000000
      vertex 2.771082 7.349044 1.926585
    endloop
  endfacet
  facet normal -0.003952 0.107673 0.994179
    outer loop
      vertex 2.771082 7.349044 1.926585
      vertex 3.875000 6.711697 2.000000
      vertex 4.496861 7.788791 1.885819
    endloop
  endfacet
  facet normal -0.003952 0.107673 0.994179
    outer loop
      vertex 2.771082 7.349044 1.926585
      vertex 4.496861 7.788791 1.885819
      vertex 3.362506 8.373422 1.817992
    endloop
  endfacet
  facet normal 0.090934 0.287069 0.953584
    outer loop
      vertex 3.362506 8.373422 1.817992
      vertex 4.496861 7.788791 1.885819
      vertex 5.024049 8.701907 1.560660
    endloop
  endfacet
  facet normal 0.090934 0.287069 0.953584
    outer loop
      vertex 3.362506 8.373422 1.817992
      vertex 5.024049 8.701907 1.560660
      vertex 3.863892 9.241847 1.508748
    endloop
  endfacet
  facet normal 0.210982 0.532165 0.819931
    outer loop
      vertex 3.863892 9.241847 1.508748
      vertex 5.024049 8.701907 1.560660
      vertex 5.376304 9.312032 1.074025
    endloop
  endfacet
  facet normal 0.210982 0.532165 0.819931
    outer loop
      vertex 3.863892 9.241847 1.508748
      vertex 5.376304 9.312032 1.074025
      vertex 4.198907 9.822110 1.045930
    endloop
  endfacet
  facet normal 0.357587 0.847064 0.393211
    outer loop
      vertex 4.198907 9.822110 1.045930
      vertex 5.376304 9.312032 1.074025
      vertex 5.500000 9.526279 0.500000
    endloop
  endfacet
  facet normal 0.357587 0.847064 0.393211
    outer loop
      vertex 4.198907 9.822110 1.045930
      vertex 5.500000 9.526279 0.500000
      vertex 4.316548 10.025872 0.500000
    endloop
  endfacet
  facet normal -0.357587 -0.847064 0.393211
    outer loop
      vertex 2.250000 3.897114 0.500000
      vertex 3.433452 3.397522 0.500000
      vertex 3.551093 3.601284 1.045930
    endloop
  endfacet
  facet normal -0.357587 -0.847064 0.393211
    outer loop
      vertex 2.250000 3.897114 0.500000
      vertex 3.551093 3.601284 1.045930
      vertex 2.373696 4.111362 1.074025
    endloop
  endfacet
  facet normal -0.210982 -0.532165 0.819931
    outer loop
      vertex 2.373696 4.111362 1.074025
      vertex 3.551093 3.601284 1.045930
      vertex 3.886108 4.181547 1.508748
    endloop
  endfacet
  facet normal -0.210982 -0.532165 0.819931
    outer loop
      vertex 2.373696 4.111362 1.074025
      vertex 3.886108 4.181547 1.508748
      vertex 2.725951 4.721486 1.560660
    endloop
  endfacet
  facet normal -0.090934 -0.287069 0.953584
    outer loop
      vertex 2.725951 4.721486 1.560660
      vertex 3.886108 4.181547 1.508748
      vertex 4.387494 5.049972 1.817992
    endloop
  endfacet
  facet normal -0.090934 -0.287069 0.953584
    outer loop
      vertex 2.725951 4.721486 1.560660
      vertex 4.387494 5.049972 1.817992
      vertex 3.253139 5.634603 1.885819
    endloop
  endfacet
  facet normal 0.003952 -0.107673 0.994179
    outer loop
      vertex 3.253139 5.634603 1.885819
      vertex 4.387494 5.049972 1.817992
      vertex 4.978918 6.074349 1.926585
    endloop
  endfacet
  facet normal 0.003952 -0.107673 0.994179
    outer loop
      vertex 3.253139 5.634603 1.885819
      vertex 4.978918 6.074349 1.926585
      vertex 3.875000 6.711697 2.000000
    endloop
  endfacet
  facet normal 0.095223 0.050414 0.994179
    outer loop
      vertex 3.875000 6.711697 2.000000
      vertex 4.978918 6.074349 1.926585
      vertex 5.570343 7.098727 1.817992
    endloop
  endfacet
  facet normal 0.095223 0.050414 0.994179
    outer loop
      vertex 3.875000 6.711697 2.000000
      vertex 5.570343 7.098727 1.817992
      vertex 4.496861 7.788791 1.885819
    endloop
  endfacet
  facet normal 0.203142 0.222285 0.953584
    outer loop
      vertex 4.496861 7.788791 1.885819
      vertex 5.570343 7.098727 1.817992
      vertex 6.071728 7.967152 1.508748
    endloop
  endfacet
  facet normal 0.203142 0.222285 0.953584
    outer loop
      vertex 4.496861 7.788791 1.885819
      vertex 6.071728 7.967152 1.508748
      vertex 5.024049 8.701907 1.560660
    endloop
  endfacet
  facet normal 0.355378 0.448799 0.819931
    outer loop
      vertex 5.024049 8.701907 1.560660
      vertex 6.071728 7.967152 1.508748
      vertex 6.406744 8.547415 1.045930
    endloop
  endfacet
  facet normal 0.355378 0.448799 0.819931
    outer loop
      vertex 5.024049 8.701907 1.560660
      vertex 6.406744 8.547415 1.045930
      vertex 5.376304 9.312032 1.074025
    endloop
  endfacet
  facet normal 0.554785 0.733211 0.393211
    outer loop
      vertex 5.376304 9.312032 1.074025
      vertex 6.406744 8.547415 1.045930
      vertex 6.524385 8.751176 0.500000
    endloop
  endfacet
  facet normal 0.554785 0.733211 0.393211
    outer loop
      vertex 5.376304 9.312032 1.074025
      vertex 6.524385 8.751176 0.500000
      vertex 5.500000 9.526279 0.500000
    endloop
  endfacet
  facet normal -0.131263 -0.919167 0.371353
    outer loop
      vertex 3.433452 3.397522 0.500000
      vertex 4.660125 3.222345 0.500000
      vertex 4.760197 3.395674 0.964396
    endloop
  endfacet
  facet normal -0.131263 -0.919167 0.371353
    outer loop
      vertex 3.433452 3.397522 0.500000
      vertex 4.760197 3.395674 0.964396
      vertex 3.551093 3.601284 1.045930
    endloop
  endfacet
  facet normal -0.049341 -0.605225 0.794524
    outer loop
      vertex 3.551093 3.601284 1.045930
      vertex 4.760197 3.395674 0.964396
      vertex 5.045178 3.889276 1.358092
    endloop
  endfacet
  facet normal -0.049341 -0.605225 0.794524
    outer loop
      vertex 3.551093 3.601284 1.045930
      vertex 5.045178 3.889276 1.358092
      vertex 3.886108 4.181547 1.508748
    endloop
  endfacet
  facet normal 0.032813 -0.352042 0.935409
    outer loop
      vertex 3.886108 4.181547 1.508748
      vertex 5.045178 3.889276 1.358092
      vertex 5.471682 4.628002 1.621151
    endloop
  endfacet
  facet normal 0.032813 -0.352042 0.935409
    outer loop
      vertex 3.886108 4.181547 1.508748
      vertex 5.471682 4.628002 1.621151
      vertex 4.387494 5.049972 1.817992
    endloop
  endfacet
  facet normal 0.112183 -0.168581 0.979283
    outer loop
      vertex 4.387494 5.049972 1.817992
      vertex 5.471682 4.628002 1.621151
      vertex 5.974777 5.499390 1.713525
    endloop
  endfacet
  facet normal 0.112183 -0.168581 0.979283
    outer loop
      vertex 4.387494 5.049972 1.817992
      vertex 5.974777 5.499390 1.713525
      vertex 4.978918 6.074349 1.926585
    endloop
  endfacet
  facet normal 0.202087 -0.012863 0.979283
    outer loop
      vertex 4.978918 6.074349 1.926585
      vertex 5.974777 5.499390 1.713525
      vertex 6.477873 6.370777 1.621151
    endloop
  endfacet
  facet normal 0.202087 -0.012863 0.979283
    outer loop
      vertex 4.978918 6.074349 1.926585
      vertex 6.477873 6.370777 1.621151
      vertex 5.570343 7.098727 1.817992
    endloop
  endfacet
  facet normal 0.321284 0.147604 0.935409
    outer loop
      vertex 5.570343 7.098727 1.817992
      vertex 6.477873 6.370777 1.621151
      vertex 6.904377 7.109504 1.358092
    endloop
  endfacet
  facet normal 0.321284 0.147604 0.935409
    outer loop
      vertex 5.570343 7.098727 1.817992
      vertex 6.904377 7.109504 1.358092
      vertex 6.071728 7.967152 1.508748
    endloop
  endfacet
  facet normal 0.499469 0.345343 0.794524
    outer loop
      vertex 6.071728 7.967152 1.508748
      vertex 6.904377 7.109504 1.358092
      vertex 7.189358 7.603105 0.964396
    endloop
  endfacet
  facet normal 0.499469 0.345343 0.794524
    outer loop
      vertex 6.071728 7.967152 1.508748
      vertex 7.189358 7.603105 0.964396
      vertex 6.406744 8.547415 1.045930
    endloop
  endfacet
  facet normal 0.730390 0.573261 0.371353
    outer loop
      vertex 6.406744 8.547415 1.045930
      vertex 7.189358 7.603105 0.964396
      vertex 7.289430 7.776435 0.500000
    endloop
  endfacet
  facet normal 0.730390 0.573261 0.371353
    outer loop
      vertex 6.406744 8.547415 1.045930
      vertex 7.289430 7.776435 0.500000
      vertex 6.524385 8.751176 0.500000
    endloop
  endfacet
  facet normal 0.135651 -0.937433 0.320653
    outer loop
      vertex 4.660125 3.222345 0.500000
      vertex 5.809945 3.388729 0.500000
      vertex 5.882651 3.514661 0.837404
    endloop
  endfacet
  facet normal 0.135651 -0.937433 0.320653
    outer loop
      vertex 4.660125 3.222345 0.500000
      vertex 5.882651 3.514661 0.837404
      vertex 4.760197 3.395674 0.964396
    endloop
  endfacet
  facet normal 0.153203 -0.668739 0.727542
    outer loop
      vertex 4.760197 3.395674 0.964396
      vertex 5.882651 3.514661 0.837404
      vertex 6.089702 3.873283 1.123440
    endloop
  endfacet
  facet normal 0.153203 -0.668739 0.727542
    outer loop
      vertex 4.760197 3.395674 0.964396
      vertex 6.089702 3.873283 1.123440
      vertex 5.045178 3.889276 1.358092
    endloop
  endfacet
  facet normal 0.192115 -0.425779 0.884197
    outer loop
      vertex 5.045178 3.889276 1.358092
      vertex 6.089702 3.873283 1.123440
      vertex 6.399575 4.409999 1.314564
    endloop
  endfacet
  facet normal 0.192115 -0.425779 0.884197
    outer loop
      vertex 5.045178 3.889276 1.358092
      vertex 6.399575 4.409999 1.314564
      vertex 5.471682 4.628002 1.621151
    endloop
  endfacet
  facet normal 0.251883 -0.244682 0.936315
    outer loop
      vertex 5.471682 4.628002 1.621151
      vertex 6.399575 4.409999 1.314564
      vertex 6.765096 5.043099 1.381678
    endloop
  endfacet
  facet normal 0.251883 -0.244682 0.936315
    outer loop
      vertex 5.471682 4.628002 1.621151
      vertex 6.765096 5.043099 1.381678
      vertex 5.974777 5.499390 1.713525
    endloop
  endfacet
  facet normal 0.337842 -0.095796 0.936315
    outer loop
      vertex 5.974777 5.499390 1.713525
      vertex 6.765096 5.043099 1.381678
      vertex 7.130616 5.676199 1.314564
    endloop
  endfacet
  facet normal 0.337842 -0.095796 0.936315
    outer loop
      vertex 5.974777 5.499390 1.713525
      vertex 7.130616 5.676199 1.314564
      vertex 6.477873 6.370777 1.621151
    endloop
  endfacet
  facet normal 0.464793 0.046513 0.884197
    outer loop
      vertex 6.477873 6.370777 1.621151
      vertex 7.130616 5.676199 1.314564
      vertex 7.440490 6.212916 1.123440
    endloop
  endfacet
  facet normal 0.464793 0.046513 0.884197
    outer loop
      vertex 6.477873 6.370777 1.621151
      vertex 7.440490 6.212916 1.123440
      vertex 6.904377 7.109504 1.358092
    endloop
  endfacet
  facet normal 0.655746 0.201692 0.727542
    outer loop
      vertex 6.904377 7.109504 1.358092
      vertex 7.440490 6.212916 1.123440
      vertex 7.647540 6.571538 0.837404
    endloop
  endfacet
  facet normal 0.655746 0.201692 0.727542
    outer loop
      vertex 6.904377 7.109504 1.358092
      vertex 7.647540 6.571538 0.837404
      vertex 7.189358 7.603105 0.964396
    endloop
  endfacet
  facet normal 0.879666 0.351239 0.320653
    outer loop
      vertex 7.189358 7.603105 0.964396
      vertex 7.647540 6.571538 0.837404
      vertex 7.720247 6.697469 0.500000
    endloop
  endfacet
  facet normal 0.879666 0.351239 0.320653
    outer loop
      vertex 7.189358 7.603105 0.964396
      vertex 7.720247 6.697469 0.500000
      vertex 7.289430 7.776435 0.500000
    endloop
  endfacet
  facet normal 0.443696 -0.866721 0.227881
    outer loop
      vertex 5.809945 3.388729 0.500000
      vertex 6.770359 3.880389 0.500000
      vertex 6.808583 3.946595 0.677384
    endloop
  endfacet
  facet normal 0.443696 -0.866721 0.227881
    outer loop
      vertex 5.809945 3.388729 0.500000
      vertex 6.808583 3.946595 0.677384
      vertex 5.882651 3.514661 0.837404
    endloop
  endfacet
  facet normal 0.425997 -0.701574 0.571245
    outer loop
      vertex 5.882651 3.514661 0.837404
      vertex 6.808583 3.946595 0.677384
      vertex 6.917436 4.135134 0.827762
    endloop
  endfacet
  facet normal 0.425997 -0.701574 0.571245
    outer loop
      vertex 5.882651 3.514661 0.837404
      vertex 6.917436 4.135134 0.827762
      vertex 6.089702 3.873283 1.123440
    endloop
  endfacet
  facet normal 0.428023 -0.512260 0.744571
    outer loop
      vertex 6.089702 3.873283 1.123440
      vertex 6.917436 4.135134 0.827762
      vertex 7.080346 4.417302 0.928242
    endloop
  endfacet
  facet normal 0.428023 -0.512260 0.744571
    outer loop
      vertex 6.089702 3.873283 1.123440
      vertex 7.080346 4.417302 0.928242
      vertex 6.399575 4.409999 1.314564
    endloop
  endfacet
  facet normal 0.464424 -0.354183 0.811705
    outer loop
      vertex 6.399575 4.409999 1.314564
      vertex 7.080346 4.417302 0.928242
      vertex 7.272511 4.750143 0.963525
    endloop
  endfacet
  facet normal 0.464424 -0.354183 0.811705
    outer loop
      vertex 6.399575 4.409999 1.314564
      vertex 7.272511 4.750143 0.963525
      vertex 6.765096 5.043099 1.381678
    endloop
  endfacet
  facet normal 0.538943 -0.225112 0.811705
    outer loop
      vertex 6.765096 5.043099 1.381678
      vertex 7.272511 4.750143 0.963525
      vertex 7.464677 5.082983 0.928242
    endloop
  endfacet
  facet normal 0.538943 -0.225112 0.811705
    outer loop
      vertex 6.765096 5.043099 1.381678
      vertex 7.464677 5.082983 0.928242
      vertex 7.130616 5.676199 1.314564
    endloop
  endfacet
  facet normal 0.657642 -0.114549 0.744571
    outer loop
      vertex 7.130616 5.676199 1.314564
      vertex 7.464677 5.082983 0.928242
      vertex 7.627587 5.365152 0.827762
    endloop
  endfacet
  facet normal 0.657642 -0.114549 0.744571
    outer loop
      vertex 7.130616 5.676199 1.314564
      vertex 7.627587 5.365152 0.827762
      vertex 7.440490 6.212916 1.123440
    endloop
  endfacet
  facet normal 0.820579 -0.018138 0.571245
    outer loop
      vertex 7.440490 6.212916 1.123440
      vertex 7.627587 5.365152 0.827762
      vertex 7.736440 5.553691 0.677384
    endloop
  endfacet
  facet normal 0.820579 -0.018138 0.571245
    outer loop
      vertex 7.440490 6.212916 1.123440
      vertex 7.736440 5.553691 0.677384
      vertex 7.647540 6.571538 0.837404
    endloop
  endfacet
  facet normal 0.972450 0.049108 0.227881
    outer loop
      vertex 7.647540 6.571538 0.837404
      vertex 7.736440 5.553691 0.677384
      vertex 7.774664 5.619897 0.500000
    endloop
  endfacet
  facet normal 0.972450 0.049108 0.227881
    outer loop
      vertex 7.647540 6.571538 0.837404
      vertex 7.774664 5.619897 0.500000
      vertex 7.720247 6.697469 0.500000
    endloop
  endfacet
  facet normal 0.000000 0.000000 1.000000
    outer loop
      vertex 6.770359 3.880389 0.500000
      vertex 7.447355 4.649197 0.500000
      vertex 7.447355 4.649197 0.500000
    endloop
  endfacet
  facet normal 0.747805 -0.658502 0.084634
    outer loop
      vertex 6.770359 3.880389 0.500000
      vertex 7.447355 4.649197 0.500000
      vertex 6.808583 3.946595 0.677384
    endloop
  endfacet
  facet normal 0.000000 0.000000 1.000000
    outer loop
      vertex 6.808583 3.946595 0.677384
      vertex 7.447355 4.649197 0.500000
      vertex 7.447355 4.649197 0.500000
    endloop
  endfacet
  facet normal 0.747913 -0.620302 0.236327
    outer loop
      vertex 6.808583 3.946595 0.677384
      vertex 7.447355 4.649197 0.500000
      vertex 6.917436 4.135134 0.827762
    endloop
  endfacet
  facet normal 0.000000 0.000000 1.000000
    outer loop
      vertex 6.917436 4.135134 0.827762
      vertex 7.447355 4.649197 0.500000
      vertex 7.447355 4.649197 0.500000
    endloop
  endfacet
  facet normal 0.754706 -0.558380 0.344428
    outer loop
      vertex 6.917436 4.135134 0.827762
      vertex 7.447355 4.649197 0.500000
      vertex 7.080346 4.417302 0.928242
    endloop
  endfacet
  facet normal 0.000000 0.000000 1.000000
    outer loop
      vertex 7.080346 4.417302 0.928242
      vertex 7.447355 4.649197 0.500000
      vertex 7.447355 4.649197 0.500000
    endloop
  endfacet
  facet normal 0.775130 -0.489825 0.399055
    outer loop
      vertex 7.080346 4.417302 0.928242
      vertex 7.447355 4.649197 0.500000
      vertex 7.272511 4.750143 0.963525
    endloop
  endfacet
  facet normal 0.000000 0.000000 1.000000
    outer loop
      vertex 7.272511 4.750143 0.963525
      vertex 7.447355 4.649197 0.500000
      vertex 7.447355 4.649197 0.500000
    endloop
  endfacet
  facet normal 0.811766 -0.426370 0.399055
    outer loop
      vertex 7.272511 4.750143 0.963525
      vertex 7.447355 4.649197 0.500000
      vertex 7.464677 5.082983 0.928242
    endloop
  endfacet
  facet normal 0.000000 0.000000 1.000000
    outer loop
      vertex 7.464677 5.082983 0.928242
      vertex 7.447355 4.649197 0.500000
      vertex 7.447355 4.649197 0.500000
    endloop
  endfacet
  facet normal 0.860924 -0.374404 0.344428
    outer loop
      vertex 7.464677 5.082983 0.928242
      vertex 7.447355 4.649197 0.500000
      vertex 7.627587 5.365152 0.827762
    endloop
  endfacet
  facet normal 0.000000 0.000000 1.000000
    outer loop
      vertex 7.627587 5.365152 0.827762
      vertex 7.447355 4.649197 0.500000
      vertex 7.447355 4.649197 0.500000
    endloop
  endfacet
  facet normal 0.911154 -0.337561 0.236327
    outer loop
      vertex 7.627587 5.365152 0.827762
      vertex 7.447355 4.649197 0.500000
      vertex 7.736440 5.553691 0.677384
    endloop
  endfacet
  facet normal 0.000000 0.000000 1.000000
    outer loop
      vertex 7.736440 5.553691 0.677384
      vertex 7.447355 4.649197 0.500000
      vertex 7.447355 4.649197 0.500000
    endloop
  endfacet
  facet normal 0.944182 -0.318368 0.084634
    outer loop
      vertex 7.736440 5.553691 0.677384
      vertex 7.447355 4.649197 0.500000
      vertex 7.774664 5.619897 0.500000
    endloop
  endfacet
  facet normal -0.747805 -0.658502 0.084634
    outer loop
      vertex -7.447355 4.649197 0.500000
      vertex -6.770359 3.880389 0.500000
      vertex -6.808583 3.946595 0.677384
    endloop
  endfacet
  facet normal 0.000000 0.000000 1.000000
    outer loop
      vertex -7.447355 4.649197 0.500000
      vertex -6.808583 3.946595 0.677384
      vertex -7.447355 4.649197 0.500000
    endloop
  endfacet
  facet normal -0.747913 -0.620302 0.236327
    outer loop
      vertex -7.447355 4.649197 0.500000
      vertex -6.808583 3.946595 0.677384
      vertex -6.917436 4.135134 0.827762
    endloop
  endfacet
  facet normal 0.000000 0.000000 1.000000
    outer loop
      vertex -7.447355 4.649197 0.500000
      vertex -6.917436 4.135134 0.827762
      vertex -7.447355 4.649197 0.500000
    endloop
  endfacet
  facet normal -0.754706 -0.558380 0.344428
    outer loop
      vertex -7.447355 4.649197 0.500000
      vertex -6.917436 4.135134 0.827762
      vertex -7.080346 4.417302 0.928242
    endloop
  endfacet
  facet normal 0.000000 0.000000 1.000000
    outer loop
      vertex -7.447355 4.649197 0.500000
      vertex -7.080346 4.417302 0.928242
      vertex -7.447355 4.649197 0.500000
    endloop
  endfacet
  facet normal -0.775130 -0.489825 0.399055
    outer loop
      vertex -7.447355 4.649197 0.500000
      vertex -7.080346 4.417302 0.928242
      vertex -7.272511 4.750143 0.963525
    endloop
  endfacet
  facet normal 0.000000 0.000000 1.000000
    outer loop
      vertex -7.447355 4.649197 0.500000
      vertex -7.272511 4.750143 0.963525
      vertex -7.447355 4.649197 0.500000
    endloop
  endfacet
  facet normal -0.811766 -0.426370 0.399055
    outer loop
      vertex -7.447355 4.649197 0.500000
      vertex -7.272511 4.750143 0.963525
      vertex -7.464677 5.082983 0.928242
    endloop
  endfacet
  facet normal 0.000000 0.000000 1.000000
    outer loop
      vertex -7.447355 4.649197 0.500000
      vertex -7.464677 5.082983 0.928242
      vertex -7.447355 4.649197 0.500000
    endloop
  endfacet
  facet normal -0.860924 -0.374404 0.344428
    outer loop
      vertex -7.447355 4.649197 0.500000
      vertex -7.464677 5.082983 0.928242
      vertex -7.627587 5.365152 0.827762
    endloop
  endfacet
  facet normal 0.000000 0.000000 1.000000
    outer loop
      vertex -7.447355 4.649197 0.500000
      vertex -7.627587 5.365152 0.827762
      vertex -7.447355 4.649197 0.500000
    endloop
  endfacet
  facet normal -0.911154 -0.337561 0.236327
    outer loop
      vertex -7.447355 4.649197 0.500000
      vertex -7.627587 5.365152 0.827762
      vertex -7.736440 5.553691 0.677384
    endloop
  endfacet
  facet normal 0.000000 0.000000 1.000000
    outer loop
      vertex -7.447355 4.649197 0.500000
      vertex -7.736440 5.553691 0.677384
      vertex -7.447355 4.649197 0.500000
    endloop
  endfacet
  facet normal -0.944182 -0.318368 0.084634
    outer loop
      vertex -7.447355 4.649197 0.500000
      vertex -7.736440 5.553691 0.677384
      vertex -7.774664 5.619897 0.500000
    endloop
  endfacet
  facet normal 0.000000 0.000000 1.000000
    outer loop
      vertex -7.447355 4.649197 0.500000
      vertex -7.774664 5.619897 0.500000
      vertex -7.447355 4.649197 0.500000
    endloop
  endfacet
  facet normal -0.443696 -0.866721 0.227881
    outer loop
      vertex -6.770359 3.880389 0.500000
      vertex -5.809945 3.388729 0.500000
      vertex -5.882651 3.514661 0.837404
    endloop
  endfacet
  facet normal -0.443696 -0.866721 0.227881
    outer loop
      vertex -6.770359 3.880389 0.500000
      vertex -5.882651 3.514661 0.837404
      vertex -6.808583 3.946595 0.677384
    endloop
  endfacet
  facet normal -0.425997 -0.701574 0.571245
    outer loop
      vertex -6.808583 3.946595 0.677384
      vertex -5.882651 3.514661 0.837404
      vertex -6.089702 3.873283 1.123440
    endloop
  endfacet
  facet normal -0.425997 -0.701574 0.571245
    outer loop
      vertex -6.808583 3.946595 0.677384
      vertex -6.089702 3.873283 1.123440
      vertex -6.917436 4.135134 0.827762
    endloop
  endfacet
  facet normal -0.428023 -0.512260 0.744571
    outer loop
      vertex -6.917436 4.135134 0.827762
      vertex -6.089702 3.873283 1.123440
      vertex -6.399575 4.409999 1.314564
    endloop
  endfacet
  facet normal -0.428023 -0.512260 0.744571
    outer loop
      vertex -6.917436 4.135134 0.827762
      vertex -6.399575 4.409999 1.314564
      vertex -7.080346 4.417302 0.928242
    endloop
  endfacet
  facet normal -0.464424 -0.354183 0.811705
    outer loop
      vertex -7.080346 4.417302 0.928242
      vertex -6.399575 4.409999 1.314564
      vertex -6.765096 5.043099 1.381678
    endloop
  endfacet
  facet normal -0.464424 -0.354183 0.811705
    outer loop
      vertex -7.080346 4.417302 0.928242
      vertex -6.765096 5.043099 1.381678
      vertex -7.272511 4.750143 0.963525
    endloop
  endfacet
  facet normal -0.538943 -0.225112 0.811705
    outer loop
      vertex -7.272511 4.750143 0.963525
      vertex -6.765096 5.043099 1.381678
      vertex -7.130616 5.676199 1.314564
    endloop
  endfacet
  facet normal -0.538943 -0.225112 0.811705
    outer loop
      vertex -7.272511 4.750143 0.963525
      vertex -7.130616 5.676199 1.314564
      vertex -7.464677 5.082983 0.928242
    endloop
  endfacet
  facet normal -0.657642 -0.114549 0.744571
    outer loop
      vertex -7.464677 5.082983 0.928242
      vertex -7.130616 5.676199 1.314564
      vertex -7.440490 6.212916 1.123440
    endloop
  endfacet
  facet normal -0.657642 -0.114549 0.744571
    outer loop
      vertex -7.464677 5.082983 0.928242
      vertex -7.440490 6.212916 1.123440
      vertex -7.627587 5.365152 0.827762
    endloop
  endfacet
  facet normal -0.820579 -0.018138 0.571245
    outer loop
      vertex -7.627587 5.365152 0.827762
      vertex -7.440490 6.212916 1.123440
      vertex -7.647540 6.571538 0.837404
    endloop
  endfacet
  facet normal -0.820579 -0.018138 0.571245
    outer loop
      vertex -7.627587 5.365152 0.827762
      vertex -7.647540 6.571538 0.837404
      vertex -7.736440 5.553691 0.677384
    endloop
  endfacet
  facet normal -0.972450 0.049108 0.227881
    outer loop
      vertex -7.736440 5.553691 0.677384
      vertex -7.647540 6.571538 0.837404
      vertex -7.720247 6.697469 0.500000
    endloop
  endfacet
  facet normal -0.972450 0.049108 0.227881
    outer loop
      vertex -7.736440 5.553691 0.677384
      vertex -7.720247 6.697469 0.500000
      vertex -7.774664 5.619897 0.500000
    endloop
  endfacet
  facet normal -0.135651 -0.937433 0.320653
    outer loop
      vertex -5.809945 3.388729 0.500000
      vertex -4.660125 3.222345 0.500000
      vertex -4.760197 3.395674 0.964396
    endloop
  endfacet
  facet normal -0.135651 -0.937433 0.320653
    outer loop
      vertex -5.809945 3.388729 0.500000
      vertex -4.760197 3.395674 0.964396
      vertex -5.882651 3.514661 0.837404
    endloop
  endfacet
  facet normal -0.153203 -0.668739 0.727542
    outer loop
      vertex -5.882651 3.514661 0.837404
      vertex -4.760197 3.395674 0.964396
      vertex -5.045178 3.889276 1.358092
    endloop
  endfacet
  facet normal -0.153203 -0.668739 0.727542
    outer loop
      vertex -5.882651 3.514661 0.837404
      vertex -5.045178 3.889276 1.358092
      vertex -6.089702 3.873283 1.123440
    endloop
  endfacet
  facet normal -0.192115 -0.425779 0.884197
    outer loop
      vertex -6.089702 3.873283 1.123440
      vertex -5.045178 3.889276 1.358092
      vertex -5.471682 4.628002 1.621151
    endloop
  endfacet
  facet normal -0.192115 -0.425779 0.884197
    outer loop
      vertex -6.089702 3.873283 1.123440
      vertex -5.471682 4.628002 1.621151
      vertex -6.399575 4.409999 1.314564
    endloop
  endfacet
  facet normal -0.251883 -0.244682 0.936315
    outer loop
      vertex -6.399575 4.409999 1.314564
      vertex -5.471682 4.628002 1.621151
      vertex -5.974777 5.499390 1.713525
    endloop
  endfacet
  facet normal -0.251883 -0.244682 0.936315
    outer loop
      vertex -6.399575 4.409999 1.314564
      vertex -5.974777 5.499390 1.713525
      vertex -6.765096 5.043099 1.381678
    endloop
  endfacet
  facet normal -0.337842 -0.095796 0.936315
    outer loop
      vertex -6.765096 5.043099 1.381678
      vertex -5.974777 5.499390 1.713525
      vertex -6.477873 6.370777 1.621151
    endloop
  endfacet
  facet normal -0.337842 -0.095796 0.936315
    outer loop
      vertex -6.765096 5.043099 1.381678
      vertex -6.477873 6.370777 1.621151
      vertex -7.130616 5.676199 1.314564
    endloop
  endfacet
  facet normal -0.464793 0.046513 0.884197
    outer loop
      vertex -7.130616 5.676199 1.314564
      vertex -6.477873 6.370777 1.621151
      vertex -6.904377 7.109504 1.358092
    endloop
  endfacet
  facet normal -0.464793 0.046513 0.884197
    outer loop
      vertex -7.130616 5.676199 1.314564
      vertex -6.904377 7.109504 1.358092
      vertex -7.440490 6.212916 1.123440
    endloop
  endfacet
  facet normal -0.655746 0.201692 0.727542
    outer loop
      vertex -7.440490 6.212916 1.123440
      vertex -6.904377 7.109504 1.358092
      vertex -7.189358 7.603105 0.964396
    endloop
  endfacet
  facet normal -0.655746 0.201692 0.727542
    outer loop
      vertex -7.440490 6.212916 1.123440
      vertex -7.189358 7.603105 0.964396
      vertex -7.647540 6.571538 0.837404
    endloop
  endfacet
  facet normal -0.879666 0.351239 0.320653
    outer loop
      vertex -7.647540 6.571538 0.837404
      vertex -7.189358 7.603105 0.964396
      vertex -7.289430 7.776435 0.500000
    endloop
  endfacet
  facet normal -0.879666 0.351239 0.320653
    outer loop
      vertex -7.647540 6.571538 0.837404
      vertex -7.289430 7.776435 0.500000
      vertex -7.720247 6.697469 0.500000
    endloop
  endfacet
  facet normal 0.131263 -0.919167 0.371353
    outer loop
      vertex -4.660125 3.222345 0.500000
      vertex -3.433452 3.397522 0.500000
      vertex -3.551093 3.601284 1.045930
    endloop
  endfacet
  facet normal 0.131263 -0.919167 0.371353
    outer loop
      vertex -4.660125 3.222345 0.500000
      vertex -3.551093 3.601284 1.045930
      vertex -4.760197 3.395674 0.964396
    endloop
  endfacet
  facet normal 0.049341 -0.605225 0.794524
    outer loop
      vertex -4.760197 3.395674 0.964396
      vertex -3.551093 3.601284 1.045930
      vertex -3.886108 4.181547 1.508748
    endloop
  endfacet
  facet normal 0.049341 -0.605225 0.794524
    outer loop
      vertex -4.760197 3.395674 0.964396
      vertex -3.886108 4.181547 1.508748
      vertex -5.045178 3.889276 1.358092
    endloop
  endfacet
  facet normal -0.032813 -0.352042 0.935409
    outer loop
      vertex -5.045178 3.889276 1.358092
      vertex -3.886108 4.181547 1.508748
      vertex -4.387494 5.049972 1.817992
    endloop
  endfacet
  facet normal -0.032813 -0.352042 0.935409
    outer loop
      vertex -5.045178 3.889276 1.358092
      vertex -4.387494 5.049972 1.817992
      vertex -5.471682 4.628002 1.621151
    endloop
  endfacet
  facet normal -0.112183 -0.168581 0.979283
    outer loop
      vertex -5.471682 4.628002 1.621151
      vertex -4.387494 5.049972 1.817992
      vertex -4.978918 6.074349 1.926585
    endloop
  endfacet
  facet normal -0.112183 -0.168581 0.979283
    outer loop
      vertex -5.471682 4.628002 1.621151
      vertex -4.978918 6.074349 1.926585
      vertex -5.974777 5.499390 1.713525
    endloop
  endfacet
  facet normal -0.202087 -0.012863 0.979283
    outer loop
      vertex -5.974777 5.499390 1.713525
      vertex -4.978918 6.074349 1.926585
      vertex -5.570343 7.098727 1.817992
    endloop
  endfacet
  facet normal -0.202087 -0.012863 0.979283
    outer loop
      vertex -5.974777 5.499390 1.713525
      vertex -5.570343 7.098727 1.817992
      vertex -6.477873 6.370777 1.621151
    endloop
  endfacet
  facet normal -0.321284 0.147604 0.935409
    outer loop
      vertex -6.477873 6.370777 1.621151
      vertex -5.570343 7.098727 1.817992
      vertex -6.071728 7.967152 1.508748
    endloop
  endfacet
  facet normal -0.321284 0.147604 0.935409
    outer loop
      vertex -6.477873 6.370777 1.621151
      vertex -6.071728 7.967152 1.508748
      vertex -6.904377 7.109504 1.358092
    endloop
  endfacet
  facet normal -0.499469 0.345343 0.794524
    outer loop
      vertex -6.904377 7.109504 1.358092
      vertex -6.071728 7.967152 1.508748
      vertex -6.406744 8.547415 1.045930
    endloop
  endfacet
  facet normal -0.499469 0.345343 0.794524
    outer loop
      vertex -6.904377 7.109504 1.358092
      vertex -6.406744 8.547415 1.045930
      vertex -7.189358 7.603105 0.964396
    endloop
  endfacet
  facet normal -0.730390 0.573261 0.371353
    outer loop
      vertex -7.189358 7.603105 0.964396
      vertex -6.406744 8.547415 1.045930
      vertex -6.524385 8.751176 0.500000
    endloop
  endfacet
  facet normal -0.730390 0.573261 0.371353
    outer loop
      vertex -7.189358 7.603105 0.964396
      vertex -6.524385 8.751176 0.500000
      vertex -7.289430 7.776435 0.500000
    endloop
  endfacet
  facet normal 0.357587 -0.847064 0.393211
    outer loop
      vertex -3.433452 3.397522 0.500000
      vertex -2.250000 3.897114 0.500000
      vertex -2.373696 4.111362 1.074025
    endloop
  endfacet
  facet normal 0.357587 -0.847064 0.393211
    outer loop
      vertex -3.433452 3.397522 0.500000
      vertex -2.373696 4.111362 1.074025
      vertex -3.551093 3.601284 1.045930
    endloop
  endfacet
  facet normal 0.210982 -0.532165 0.819931
    outer loop
      vertex -3.551093 3.601284 1.045930
      vertex -2.373696 4.111362 1.074025
      vertex -2.725951 4.721486 1.560660
    endloop
  endfacet
  facet normal 0.210982 -0.532165 0.819931
    outer loop
      vertex -3.551093 3.601284 1.045930
      vertex -2.725951 4.721486 1.560660
      vertex -3.886108 4.181547 1.508748
    endloop
  endfacet
  facet normal 0.090934 -0.287069 0.953584
    outer loop
      vertex -3.886108 4.181547 1.508748
      vertex -2.725951 4.721486 1.560660
      vertex -3.253139 5.634603 1.885819
    endloop
  endfacet
  facet normal 0.090934 -0.287069 0.953584
    outer loop
      vertex -3.886108 4.181547 1.508748
      vertex -3.253139 5.634603 1.885819
      vertex -4.387494 5.049972 1.817992
    endloop
  endfacet
  facet normal -0.003952 -0.107673 0.994179
    outer loop
      vertex -4.387494 5.049972 1.817992
      vertex -3.253139 5.634603 1.885819
      vertex -3.875000 6.711697 2.000000
    endloop
  endfacet
  facet normal -0.003952 -0.107673 0.994179
    outer loop
      vertex -4.387494 5.049972 1.817992
      vertex -3.875000 6.711697 2.000000
      vertex -4.978918 6.074349 1.926585
    endloop
  endfacet
  facet normal -0.095223 0.050414 0.994179
    outer loop
      vertex -4.978918 6.074349 1.926585
      vertex -3.875000 6.711697 2.000000
      vertex -4.496861 7.788791 1.885819
    endloop
  endfacet
  facet normal -0.095223 0.050414 0.994179
    outer loop
      vertex -4.978918 6.074349 1.926585
      vertex -4.496861 7.788791 1.885819
      vertex -5.570343 7.098727 1.817992
    endloop
  endfacet
  facet normal -0.203142 0.222285 0.953584
    outer loop
      vertex -5.570343 7.098727 1.817992
      vertex -4.496861 7.788791 1.885819
      vertex -5.024049 8.701907 1.560660
    endloop
  endfacet
  facet normal -0.203142 0.222285 0.953584
    outer loop
      vertex -5.570343 7.098727 1.817992
      vertex -5.024049 8.701907 1.560660
      vertex -6.071728 7.967152 1.508748
    endloop
  endfacet
  facet normal -0.355378 0.448799 0.819931
    outer loop
      vertex -6.071728 7.967152 1.508748
      vertex -5.024049 8.701907 1.560660
      vertex -5.376304 9.312032 1.074025
    endloop
  endfacet
  facet normal -0.355378 0.448799 0.819931
    outer loop
      vertex -6.071728 7.967152 1.508748
      vertex -5.376304 9.312032 1.074025
      vertex -6.406744 8.547415 1.045930
    endloop
  endfacet
  facet normal -0.554785 0.733211 0.393211
    outer loop
      vertex -6.406744 8.547415 1.045930
      vertex -5.376304 9.312032 1.074025
      vertex -5.500000 9.526279 0.500000
    endloop
  endfacet
  facet normal -0.554785 0.733211 0.393211
    outer loop
      vertex -6.406744 8.547415 1.045930
      vertex -5.500000 9.526279 0.500000
      vertex -6.524385 8.751176 0.500000
    endloop
  endfacet
  facet normal 0.554785 -0.733211 0.393211
    outer loop
      vertex -2.250000 3.897114 0.500000
      vertex -1.225615 4.672217 0.500000
      vertex -1.343256 4.875979 1.045930
    endloop
  endfacet
  facet normal 0.554785 -0.733211 0.393211
    outer loop
      vertex -2.250000 3.897114 0.500000
      vertex -1.343256 4.875979 1.045930
      vertex -2.373696 4.111362 1.074025
    endloop
  endfacet
  facet normal 0.355378 -0.448799 0.819931
    outer loop
      vertex -2.373696 4.111362 1.074025
      vertex -1.343256 4.875979 1.045930
      vertex -1.678272 5.456242 1.508748
    endloop
  endfacet
  facet normal 0.355378 -0.448799 0.819931
    outer loop
      vertex -2.373696 4.111362 1.074025
      vertex -1.678272 5.456242 1.508748
      vertex -2.725951 4.721486 1.560660
    endloop
  endfacet
  facet normal 0.203142 -0.222285 0.953584
    outer loop
      vertex -2.725951 4.721486 1.560660
      vertex -1.678272 5.456242 1.508748
      vertex -2.179657 6.324667 1.817992
    endloop
  endfacet
  facet normal 0.203142 -0.222285 0.953584
    outer loop
      vertex -2.725951 4.721486 1.560660
      vertex -2.179657 6.324667 1.817992
      vertex -3.253139 5.634603 1.885819
    endloop
  endfacet
  facet normal 0.095223 -0.050414 0.994179
    outer loop
      vertex -3.253139 5.634603 1.885819
      vertex -2.179657 6.324667 1.817992
      vertex -2.771082 7.349044 1.926585
    endloop
  endfacet
  facet normal 0.095223 -0.050414 0.994179
    outer loop
      vertex -3.253139 5.634603 1.885819
      vertex -2.771082 7.349044 1.926585
      vertex -3.875000 6.711697 2.000000
    endloop
  endfacet
  facet normal 0.003952 0.107673 0.994179
    outer loop
      vertex -3.875000 6.711697 2.000000
      vertex -2.771082 7.349044 1.926585
      vertex -3.362506 8.373422 1.817992
    endloop
  endfacet
  facet normal 0.003952 0.107673 0.994179
    outer loop
      vertex -3.875000 6.711697 2.000000
      vertex -3.362506 8.373422 1.817992
      vertex -4.496861 7.788791 1.885819
    endloop
  endfacet
  facet normal -0.090934 0.287069 0.953584
    outer loop
      vertex -4.496861 7.788791 1.885819
      vertex -3.362506 8.373422 1.817992
      vertex -3.863892 9.241847 1.508748
    endloop
  endfacet
  facet normal -0.090934 0.287069 0.953584
    outer loop
      vertex -4.496861 7.788791 1.885819
      vertex -3.863892 9.241847 1.508748
      vertex -5.024049 8.701907 1.560660
    endloop
  endfacet
  facet normal -0.210982 0.532165 0.819931
    outer loop
      vertex -5.024049 8.701907 1.560660
      vertex -3.863892 9.241847 1.508748
      vertex -4.198907 9.822110 1.045930
    endloop
  endfacet
  facet normal -0.210982 0.532165 0.819931
    outer loop
      vertex -5.024049 8.701907 1.560660
      vertex -4.198907 9.822110 1.045930
      vertex -5.376304 9.312032 1.074025
    endloop
  endfacet
  facet normal -0.357587 0.847064 0.393211
    outer loop
      vertex -5.376304 9.312032 1.074025
      vertex -4.198907 9.822110 1.045930
      vertex -4.316548 10.025872 0.500000
    endloop
  endfacet
  facet normal -0.357587 0.847064 0.393211
    outer loop
      vertex -5.376304 9.312032 1.074025
      vertex -4.316548 10.025872 0.500000
      vertex -5.500000 9.526279 0.500000
    endloop
  endfacet
  facet normal 0.730390 -0.573261 0.371353
    outer loop
      vertex -1.225615 4.672217 0.500000
      vertex -0.460570 5.646959 0.500000
      vertex -0.560642 5.820289 0.964396
    endloop
  endfacet
  facet normal 0.730390 -0.573261 0.371353
    outer loop
      vertex -1.225615 4.672217 0.500000
      vertex -0.560642 5.820289 0.964396
      vertex -1.343256 4.875979 1.045930
    endloop
  endfacet
  facet normal 0.499469 -0.345343 0.794524
    outer loop
      vertex -1.343256 4.875979 1.045930
      vertex -0.560642 5.820289 0.964396
      vertex -0.845623 6.313890 1.358092
    endloop
  endfacet
  facet normal 0.499469 -0.345343 0.794524
    outer loop
      vertex -1.343256 4.875979 1.045930
      vertex -0.845623 6.313890 1.358092
      vertex -1.678272 5.456242 1.508748
    endloop
  endfacet
  facet normal 0.321284 -0.147604 0.935409
    outer loop
      vertex -1.678272 5.456242 1.508748
      vertex -0.845623 6.313890 1.358092
      vertex -1.272127 7.052617 1.621151
    endloop
  endfacet
  facet normal 0.321284 -0.147604 0.935409
    outer loop
      vertex -1.678272 5.456242 1.508748
      vertex -1.272127 7.052617 1.621151
      vertex -2.179657 6.324667 1.817992
    endloop
  endfacet
  facet normal 0.202087 0.012863 0.979283
    outer loop
      vertex -2.179657 6.324667 1.817992
      vertex -1.272127 7.052617 1.621151
      vertex -1.775223 7.924004 1.713525
    endloop
  endfacet
  facet normal 0.202087 0.012863 0.979283
    outer loop
      vertex -2.179657 6.324667 1.817992
      vertex -1.775223 7.924004 1.713525
      vertex -2.771082 7.349044 1.926585
    endloop
  endfacet
  facet normal 0.112183 0.168581 0.979283
    outer loop
      vertex -2.771082 7.349044 1.926585
      vertex -1.775223 7.924004 1.713525
      vertex -2.278318 8.795391 1.621151
    endloop
  endfacet
  facet normal 0.112183 0.168581 0.979283
    outer loop
      vertex -2.771082 7.349044 1.926585
      vertex -2.278318 8.795391 1.621151
      vertex -3.362506 8.373422 1.817992
    endloop
  endfacet
  facet normal 0.032813 0.352042 0.935409
    outer loop
      vertex -3.362506 8.373422 1.817992
      vertex -2.278318 8.795391 1.621151
      vertex -2.704822 9.534118 1.358092
    endloop
  endfacet
  facet normal 0.032813 0.352042 0.935409
    outer loop
      vertex -3.362506 8.373422 1.817992
      vertex -2.704822 9.534118 1.358092
      vertex -3.863892 9.241847 1.508748
    endloop
  endfacet
  facet normal -0.049341 0.605225 0.794524
    outer loop
      vertex -3.863892 9.241847 1.508748
      vertex -2.704822 9.534118 1.358092
      vertex -2.989803 10.027719 0.964396
    endloop
  endfacet
  facet normal -0.049341 0.605225 0.794524
    outer loop
      vertex -3.863892 9.241847 1.508748
      vertex -2.989803 10.027719 0.964396
      vertex -4.198907 9.822110 1.045930
    endloop
  endfacet
  facet normal -0.131263 0.919167 0.371353
    outer loop
      vertex -4.198907 9.822110 1.045930
      vertex -2.989803 10.027719 0.964396
      vertex -3.089875 10.201049 0.500000
    endloop
  endfacet
  facet normal -0.131263 0.919167 0.371353
    outer loop
      vertex -4.198907 9.822110 1.045930
      vertex -3.089875 10.201049 0.500000
      vertex -4.316548 10.025872 0.500000
    endloop
  endfacet
  facet normal 0.879666 -0.351239 0.320653
    outer loop
      vertex -0.460570 5.646959 0.500000
      vertex -0.029753 6.725924 0.500000
      vertex -0.102460 6.851856 0.837404
    endloop
  endfacet
  facet normal 0.879666 -0.351239 0.320653
    outer loop
      vertex -0.460570 5.646959 0.500000
      vertex -0.102460 6.851856 0.837404
      vertex -0.560642 5.820289 0.964396
    endloop
  endfacet
  facet normal 0.655746 -0.201692 0.727542
    outer loop
      vertex -0.560642 5.820289 0.964396
      vertex -0.102460 6.851856 0.837404
      vertex -0.309510 7.210478 1.123440
    endloop
  endfacet
  facet normal 0.655746 -0.201692 0.727542
    outer loop
      vertex -0.560642 5.820289 0.964396
      vertex -0.309510 7.210478 1.123440
      vertex -0.845623 6.313890 1.358092
    endloop
  endfacet
  facet normal 0.464793 -0.046513 0.884197
    outer loop
      vertex -0.845623 6.313890 1.358092
      vertex -0.309510 7.210478 1.123440
      vertex -0.619384 7.747194 1.314564
    endloop
  endfacet
  facet normal 0.464793 -0.046513 0.884197
    outer loop
      vertex -0.845623 6.313890 1.358092
      vertex -0.619384 7.747194 1.314564
      vertex -1.272127 7.052617 1.621151
    endloop
  endfacet
  facet normal 0.337842 0.095796 0.936315
    outer loop
      vertex -1.272127 7.052617 1.621151
      vertex -0.619384 7.747194 1.314564
      vertex -0.984904 8.380294 1.381678
    endloop
  endfacet
  facet normal 0.337842 0.095796 0.936315
    outer loop
      vertex -1.272127 7.052617 1.621151
      vertex -0.984904 8.380294 1.381678
      vertex -1.775223 7.924004 1.713525
    endloop
  endfacet
  facet normal 0.251883 0.244682 0.936315
    outer loop
      vertex -1.775223 7.924004 1.713525
      vertex -0.984904 8.380294 1.381678
      vertex -1.350425 9.013394 1.314564
    endloop
  endfacet
  facet normal 0.251883 0.244682 0.936315
    outer loop
      vertex -1.775223 7.924004 1.713525
      vertex -1.350425 9.013394 1.314564
      vertex -2.278318 8.795391 1.621151
    endloop
  endfacet
  facet normal 0.192115 0.425779 0.884197
    outer loop
      vertex -2.278318 8.795391 1.621151
      vertex -1.350425 9.013394 1.314564
      vertex -1.660298 9.550111 1.123440
    endloop
  endfacet
  facet normal 0.192115 0.425779 0.884197
    outer loop
      vertex -2.278318 8.795391 1.621151
      vertex -1.660298 9.550111 1.123440
      vertex -2.704822 9.534118 1.358092
    endloop
  endfacet
  facet normal 0.153203 0.668739 0.727542
    outer loop
      vertex -2.704822 9.534118 1.358092
      vertex -1.660298 9.550111 1.123440
      vertex -1.867349 9.908733 0.837404
    endloop
  endfacet
  facet normal 0.153203 0.668739 0.727542
    outer loop
      vertex -2.704822 9.534118 1.358092
      vertex -1.867349 9.908733 0.837404
      vertex -2.989803 10.027719 0.964396
    endloop
  endfacet
  facet normal 0.135651 0.937433 0.320653
    outer loop
      vertex -2.989803 10.027719 0.964396
      vertex -1.867349 9.908733 0.837404
      vertex -1.940055 10.034665 0.500000
    endloop
  endfacet
  facet normal 0.135651 0.937433 0.320653
    outer loop
      vertex -2.989803 10.027719 0.964396
      vertex -1.940055 10.034665 0.500000
      vertex -3.089875 10.201049 0.500000
    endloop
  endfacet
  facet normal 0.972450 -0.049108 0.227881
    outer loop
      vertex -0.029753 6.725924 0.500000
      vertex 0.024664 7.803497 0.500000
      vertex -0.013560 7.869703 0.677384
    endloop
  endfacet
  facet normal 0.972450 -0.049108 0.227881
    outer loop
      vertex -0.029753 6.725924 0.500000
      vertex -0.013560 7.869703 0.677384
      vertex -0.102460 6.851856 0.837404
    endloop
  endfacet
  facet normal 0.820579 0.018138 0.571245
    outer loop
      vertex -0.102460 6.851856 0.837404
      vertex -0.013560 7.869703 0.677384
      vertex -0.122413 8.058242 0.827762
    endloop
  endfacet
  facet normal 0.820579 0.018138 0.571245
    outer loop
      vertex -0.102460 6.851856 0.837404
      vertex -0.122413 8.058242 0.827762
      vertex -0.309510 7.210478 1.123440
    endloop
  endfacet
  facet normal 0.657642 0.114549 0.744571
    outer loop
      vertex -0.309510 7.210478 1.123440
      vertex -0.122413 8.058242 0.827762
      vertex -0.285323 8.340411 0.928242
    endloop
  endfacet
  facet normal 0.657642 0.114549 0.744571
    outer loop
      vertex -0.309510 7.210478 1.123440
      vertex -0.285323 8.340411 0.928242
      vertex -0.619384 7.747194 1.314564
    endloop
  endfacet
  facet normal 0.538943 0.225112 0.811705
    outer loop
      vertex -0.619384 7.747194 1.314564
      vertex -0.285323 8.340411 0.928242
      vertex -0.477489 8.673251 0.963525
    endloop
  endfacet
  facet normal 0.538943 0.225112 0.811705
    outer loop
      vertex -0.619384 7.747194 1.314564
      vertex -0.477489 8.673251 0.963525
      vertex -0.984904 8.380294 1.381678
    endloop
  endfacet
  facet normal 0.464424 0.354183 0.811705
    outer loop
      vertex -0.984904 8.380294 1.381678
      vertex -0.477489 8.673251 0.963525
      vertex -0.669654 9.006091 0.928242
    endloop
  endfacet
  facet normal 0.464424 0.354183 0.811705
    outer loop
      vertex -0.984904 8.380294 1.381678
      vertex -0.669654 9.006091 0.928242
      vertex -1.350425 9.013394 1.314564
    endloop
  endfacet
  facet normal 0.428023 0.512260 0.744571
    outer loop
      vertex -1.350425 9.013394 1.314564
      vertex -0.669654 9.006091 0.928242
      vertex -0.832564 9.288260 0.827762
    endloop
  endfacet
  facet normal 0.428023 0.512260 0.744571
    outer loop
      vertex -1.350425 9.013394 1.314564
      vertex -0.832564 9.288260 0.827762
      vertex -1.660298 9.550111 1.123440
    endloop
  endfacet
  facet normal 0.425997 0.701574 0.571245
    outer loop
      vertex -1.660298 9.550111 1.123440
      vertex -0.832564 9.288260 0.827762
      vertex -0.941417 9.476799 0.677384
    endloop
  endfacet
  facet normal 0.425997 0.701574 0.571245
    outer loop
      vertex -1.660298 9.550111 1.123440
      vertex -0.941417 9.476799 0.677384
      vertex -1.867349 9.908733 0.837404
    endloop
  endfacet
  facet normal 0.443696 0.866721 0.227881
    outer loop
      vertex -1.867349 9.908733 0.837404
      vertex -0.941417 9.476799 0.677384
      vertex -0.979641 9.543005 0.500000
    endloop
  endfacet
  facet normal 0.443696 0.866721 0.227881
    outer loop
      vertex -1.867349 9.908733 0.837404
      vertex -0.979641 9.543005 0.500000
      vertex -1.940055 10.034665 0.500000
    endloop
  endfacet
  facet normal 0.000000 0.000000 1.000000
    outer loop
      vertex 0.024664 7.803497 0.500000
      vertex -0.302645 8.774197 0.500000
      vertex -0.302645 8.774197 0.500000
    endloop
  endfacet
  facet normal 0.944182 0.318368 0.084634
    outer loop
      vertex 0.024664 7.803497 0.500000
      vertex -0.302645 8.774197 0.500000
      vertex -0.013560 7.869703 0.677384
    endloop
  endfacet
  facet normal 0.000000 0.000000 1.000000
    outer loop
      vertex -0.013560 7.869703 0.677384
      vertex -0.302645 8.774197 0.500000
      vertex -0.302645 8.774197 0.500000
    endloop
  endfacet
  facet normal 0.911154 0.337561 0.236327
    outer loop
      vertex -0.013560 7.869703 0.677384
      vertex -0.302645 8.774197 0.500000
      vertex -0.122413 8.058242 0.827762
    endloop
  endfacet
  facet normal 0.000000 0.000000 1.000000
    outer loop
      vertex -0.122413 8.058242 0.827762
      vertex -0.302645 8.774197 0.500000
      vertex -0.302645 8.774197 0.500000
    endloop
  endfacet
  facet normal 0.860924 0.374404 0.344428
    outer loop
      vertex -0.122413 8.058242 0.827762
      vertex -0.302645 8.774197 0.500000
      vertex -0.285323 8.340411 0.928242
    endloop
  endfacet
  facet normal 0.000000 0.000000 1.000000
    outer loop
      vertex -0.285323 8.340411 0.928242
      vertex -0.302645 8.774197 0.500000
      vertex -0.302645 8.774197 0.500000
    endloop
  endfacet
  facet normal 0.811766 0.426370 0.399055
    outer loop
      vertex -0.285323 8.340411 0.928242
      vertex -0.302645 8.774197 0.500000
      vertex -0.477489 8.673251 0.963525
    endloop
  endfacet
  facet normal 0.000000 0.000000 1.000000
    outer loop
      vertex -0.477489 8.673251 0.963525
      vertex -0.302645 8.774197 0.500000
      vertex -0.302645 8.774197 0.500000
    endloop
  endfacet
  facet normal 0.775130 0.489825 0.399055
    outer loop
      vertex -0.477489 8.673251 0.963525
      vertex -0.302645 8.774197 0.500000
      vertex -0.669654 9.006091 0.928242
    endloop
  endfacet
  facet normal 0.000000 0.000000 1.000000
    outer loop
      vertex -0.669654 9.006091 0.928242
      vertex -0.302645 8.774197 0.500000
      vertex -0.302645 8.774197 0.500000
    endloop
  endfacet
  facet normal 0.754706 0.558380 0.344428
    outer loop
      vertex -0.669654 9.006091 0.928242
      vertex -0.302645 8.774197 0.500000
      vertex -0.832564 9.288260 0.827762
    endloop
  endfacet
  facet normal 0.000000 0.000000 1.000000
    outer loop
      vertex -0.832564 9.288260 0.827762
      vertex -0.302645 8.774197 0.500000
      vertex -0.302645 8.774197 0.500000
    endloop
  endfacet
  facet normal 0.747913 0.620302 0.236327
    outer loop
      vertex -0.832564 9.288260 0.827762
      vertex -0.302645 8.774197 0.500000
      vertex -0.941417 9.476799 0.677384
    endloop
  endfacet
  facet normal 0.000000 0.000000 1.000000
    outer loop
      vertex -0.941417 9.476799 0.677384
      vertex -0.302645 8.774197 0.500000
      vertex -0.302645 8.774197 0.500000
    endloop
  endfacet
  facet normal 0.747805 0.658502 0.084634
    outer loop
      vertex -0.941417 9.476799 0.677384
      vertex -0.302645 8.774197 0.500000
      vertex -0.979641 9.543005 0.500000
    endloop
  endfacet
  facet normal 0.196377 -0.976869 0.084634
    outer loop
      vertex -7.750000 -4.125000 0.500000
      vertex -6.745695 -3.923108 0.500000
      vertex -6.822143 -3.923108 0.677384
    endloop
  endfacet
  facet normal 0.000000 0.000000 1.000000
    outer loop
      vertex -7.750000 -4.125000 0.500000
      vertex -6.822143 -3.923108 0.677384
      vertex -7.750000 -4.125000 0.500000
    endloop
  endfacet
  facet normal 0.163241 -0.957863 0.236327
    outer loop
      vertex -7.750000 -4.125000 0.500000
      vertex -6.822143 -3.923108 0.677384
      vertex -7.039849 -3.923108 0.827762
    endloop
  endfacet
  facet normal 0.000000 0.000000 1.000000
    outer loop
      vertex -7.750000 -4.125000 0.500000
      vertex -7.039849 -3.923108 0.827762
      vertex -7.750000 -4.125000 0.500000
    endloop
  endfacet
  facet normal 0.106218 -0.932784 0.344428
    outer loop
      vertex -7.750000 -4.125000 0.500000
      vertex -7.039849 -3.923108 0.827762
      vertex -7.365669 -3.923108 0.928242
    endloop
  endfacet
  facet normal 0.000000 0.000000 1.000000
    outer loop
      vertex -7.750000 -4.125000 0.500000
      vertex -7.365669 -3.923108 0.928242
      vertex -7.750000 -4.125000 0.500000
    endloop
  endfacet
  facet normal 0.036636 -0.916195 0.399055
    outer loop
      vertex -7.750000 -4.125000 0.500000
      vertex -7.365669 -3.923108 0.928242
      vertex -7.750000 -3.923108 0.963525
    endloop
  endfacet
  facet normal 0.000000 0.000000 1.000000
    outer loop
      vertex -7.750000 -4.125000 0.500000
      vertex -7.750000 -3.923108 0.963525
      vertex -7.750000 -4.125000 0.500000
    endloop
  endfacet
  facet normal -0.036636 -0.916195 0.399055
    outer loop
      vertex -7.750000 -4.125000 0.500000
      vertex -7.750000 -3.923108 0.963525
      vertex -8.134331 -3.923108 0.928242
    endloop
  endfacet
  facet normal 0.000000 0.000000 1.000000
    outer loop
      vertex -7.750000 -4.125000 0.500000
      vertex -8.134331 -3.923108 0.928242
      vertex -7.750000 -4.125000 0.500000
    endloop
  endfacet
  facet normal -0.106218 -0.932784 0.344428
    outer loop
      vertex -7.750000 -4.125000 0.500000
      vertex -8.134331 -3.923108 0.928242
      vertex -8.460151 -3.923108 0.827762
    endloop
  endfacet
  facet normal 0.000000 0.000000 1.000000
    outer loop
      vertex -7.750000 -4.125000 0.500000
      vertex -8.460151 -3.923108 0.827762
      vertex -7.750000 -4.125000 0.500000
    endloop
  endfacet
  facet normal -0.163241 -0.957863 0.236327
    outer loop
      vertex -7.750000 -4.125000 0.500000
      vertex -8.460151 -3.923108 0.827762
      vertex -8.677857 -3.923108 0.677384
    endloop
  endfacet
  facet normal 0.000000 0.000000 1.000000
    outer loop
      vertex -7.750000 -4.125000 0.500000
      vertex -8.677857 -3.923108 0.677384
      vertex -7.750000 -4.125000 0.500000
    endloop
  endfacet
  facet normal -0.196377 -0.976869 0.084634
    outer loop
      vertex -7.750000 -4.125000 0.500000
      vertex -8.677857 -3.923108 0.677384
      vertex -8.754305 -3.923108 0.500000
    endloop
  endfacet
  facet normal 0.000000 0.000000 1.000000
    outer loop
      vertex -7.750000 -4.125000 0.500000
      vertex -8.754305 -3.923108 0.500000
      vertex -7.750000 -4.125000 0.500000
    endloop
  endfacet
  facet normal 0.528754 -0.817612 0.227881
    outer loop
      vertex -6.745695 -3.923108 0.500000
      vertex -5.839698 -3.337195 0.500000
      vertex -5.985111 -3.337195 0.837404
    endloop
  endfacet
  facet normal 0.528754 -0.817612 0.227881
    outer loop
      vertex -6.745695 -3.923108 0.500000
      vertex -5.985111 -3.337195 0.837404
      vertex -6.822143 -3.923108 0.677384
    endloop
  endfacet
  facet normal 0.394582 -0.719712 0.571245
    outer loop
      vertex -6.822143 -3.923108 0.677384
      vertex -5.985111 -3.337195 0.837404
      vertex -6.399212 -3.337195 1.123440
    endloop
  endfacet
  facet normal 0.394582 -0.719712 0.571245
    outer loop
      vertex -6.822143 -3.923108 0.677384
      vertex -6.399212 -3.337195 1.123440
      vertex -7.039849 -3.923108 0.827762
    endloop
  endfacet
  facet normal 0.229618 -0.626809 0.744571
    outer loop
      vertex -7.039849 -3.923108 0.827762
      vertex -6.399212 -3.337195 1.123440
      vertex -7.018959 -3.337195 1.314564
    endloop
  endfacet
  facet normal 0.229618 -0.626809 0.744571
    outer loop
      vertex -7.039849 -3.923108 0.827762
      vertex -7.018959 -3.337195 1.314564
      vertex -7.365669 -3.923108 0.928242
    endloop
  endfacet
  facet normal 0.074519 -0.579295 0.811705
    outer loop
      vertex -7.365669 -3.923108 0.928242
      vertex -7.018959 -3.337195 1.314564
      vertex -7.750000 -3.337195 1.381678
    endloop
  endfacet
  facet normal 0.074519 -0.579295 0.811705
    outer loop
      vertex -7.365669 -3.923108 0.928242
      vertex -7.750000 -3.337195 1.381678
      vertex -7.750000 -3.923108 0.963525
    endloop
  endfacet
  facet normal -0.074519 -0.579295 0.811705
    outer loop
      vertex -7.750000 -3.923108 0.963525
      vertex -7.750000 -3.337195 1.381678
      vertex -8.481041 -3.337195 1.314564
    endloop
  endfacet
  facet normal -0.074519 -0.579295 0.811705
    outer loop
      vertex -7.750000 -3.923108 0.963525
      vertex -8.481041 -3.337195 1.314564
      vertex -8.134331 -3.923108 0.928242
    endloop
  endfacet
  facet normal -0.229618 -0.626809 0.744571
    outer loop
      vertex -8.134331 -3.923108 0.928242
      vertex -8.481041 -3.337195 1.314564
      vertex -9.100788 -3.337195 1.123440
    endloop
  endfacet
  facet normal -0.229618 -0.626809 0.744571
    outer loop
      vertex -8.134331 -3.923108 0.928242
      vertex -9.100788 -3.337195 1.123440
      vertex -8.460151 -3.923108 0.827762
    endloop
  endfacet
  facet normal -0.394582 -0.719712 0.571245
    outer loop
      vertex -8.460151 -3.923108 0.827762
      vertex -9.100788 -3.337195 1.123440
      vertex -9.514889 -3.337195 0.837404
    endloop
  endfacet
  facet normal -0.394582 -0.719712 0.571245
    outer loop
      vertex -8.460151 -3.923108 0.827762
      vertex -9.514889 -3.337195 0.837404
      vertex -8.677857 -3.923108 0.677384
    endloop
  endfacet
  facet normal -0.528754 -0.817612 0.227881
    outer loop
      vertex -8.677857 -3.923108 0.677384
      vertex -9.514889 -3.337195 0.837404
      vertex -9.660302 -3.337195 0.500000
    endloop
  endfacet
  facet normal -0.528754 -0.817612 0.227881
    outer loop
      vertex -8.677857 -3.923108 0.677384
      vertex -9.660302 -3.337195 0.500000
      vertex -8.754305 -3.923108 0.500000
    endloop
  endfacet
  facet normal 0.744015 -0.586194 0.320653
    outer loop
      vertex -5.839698 -3.337195 0.500000
      vertex -5.120695 -2.424614 0.500000
      vertex -5.320839 -2.424614 0.964396
    endloop
  endfacet
  facet normal 0.744015 -0.586194 0.320653
    outer loop
      vertex -5.839698 -3.337195 0.500000
      vertex -5.320839 -2.424614 0.964396
      vertex -5.985111 -3.337195 0.837404
    endloop
  endfacet
  facet normal 0.502543 -0.467047 0.727542
    outer loop
      vertex -5.985111 -3.337195 0.837404
      vertex -5.320839 -2.424614 0.964396
      vertex -5.890800 -2.424614 1.358092
    endloop
  endfacet
  facet normal 0.502543 -0.467047 0.727542
    outer loop
      vertex -5.985111 -3.337195 0.837404
      vertex -5.890800 -2.424614 1.358092
      vertex -6.399212 -3.337195 1.123440
    endloop
  endfacet
  facet normal 0.272678 -0.379266 0.884197
    outer loop
      vertex -6.399212 -3.337195 1.123440
      vertex -5.890800 -2.424614 1.358092
      vertex -6.743808 -2.424614 1.621151
    endloop
  endfacet
  facet normal 0.272678 -0.379266 0.884197
    outer loop
      vertex -6.399212 -3.337195 1.123440
      vertex -6.743808 -2.424614 1.621151
      vertex -7.018959 -3.337195 1.314564
    endloop
  endfacet
  facet normal 0.085959 -0.340478 0.936315
    outer loop
      vertex -7.018959 -3.337195 1.314564
      vertex -6.743808 -2.424614 1.621151
      vertex -7.750000 -2.424614 1.713525
    endloop
  endfacet
  facet normal 0.085959 -0.340478 0.936315
    outer loop
      vertex -7.018959 -3.337195 1.314564
      vertex -7.750000 -2.424614 1.713525
      vertex -7.750000 -3.337195 1.381678
    endloop
  endfacet
  facet normal -0.085959 -0.340478 0.936315
    outer loop
      vertex -7.750000 -3.337195 1.381678
      vertex -7.750000 -2.424614 1.713525
      vertex -8.756192 -2.424614 1.621151
    endloop
  endfacet
  facet normal -0.085959 -0.340478 0.936315
    outer loop
      vertex -7.750000 -3.337195 1.381678
      vertex -8.756192 -2.424614 1.621151
      vertex -8.481041 -3.337195 1.314564
    endloop
  endfacet
  facet normal -0.272678 -0.379266 0.884197
    outer loop
      vertex -8.481041 -3.337195 1.314564
      vertex -8.756192 -2.424614 1.621151
      vertex -9.609200 -2.424614 1.358092
    endloop
  endfacet
  facet normal -0.272678 -0.379266 0.884197
    outer loop
      vertex -8.481041 -3.337195 1.314564
      vertex -9.609200 -2.424614 1.358092
      vertex -9.100788 -3.337195 1.123440
    endloop
  endfacet
  facet normal -0.502543 -0.467047 0.727542
    outer loop
      vertex -9.100788 -3.337195 1.123440
      vertex -9.609200 -2.424614 1.358092
      vertex -10.179161 -2.424614 0.964396
    endloop
  endfacet
  facet normal -0.502543 -0.467047 0.727542
    outer loop
      vertex -9.100788 -3.337195 1.123440
      vertex -10.179161 -2.424614 0.964396
      vertex -9.514889 -3.337195 0.837404
    endloop
  endfacet
  facet normal -0.744015 -0.586194 0.320653
    outer loop
      vertex -9.514889 -3.337195 0.837404
      vertex -10.179161 -2.424614 0.964396
      vertex -10.379305 -2.424614 0.500000
    endloop
  endfacet
  facet normal -0.744015 -0.586194 0.320653
    outer loop
      vertex -9.514889 -3.337195 0.837404
      vertex -10.379305 -2.424614 0.500000
      vertex -9.660302 -3.337195 0.500000
    endloop
  endfacet
  facet normal 0.861653 -0.345906 0.371353
    outer loop
      vertex -5.120695 -2.424614 0.500000
      vertex -4.659066 -1.274695 0.500000
      vertex -4.894350 -1.274695 1.045930
    endloop
  endfacet
  facet normal 0.861653 -0.345906 0.371353
    outer loop
      vertex -5.120695 -2.424614 0.500000
      vertex -4.894350 -1.274695 1.045930
      vertex -5.320839 -2.424614 0.964396
    endloop
  endfacet
  facet normal 0.548811 -0.259881 0.794524
    outer loop
      vertex -5.320839 -2.424614 0.964396
      vertex -4.894350 -1.274695 1.045930
      vertex -5.564380 -1.274695 1.508748
    endloop
  endfacet
  facet normal 0.548811 -0.259881 0.794524
    outer loop
      vertex -5.320839 -2.424614 0.964396
      vertex -5.564380 -1.274695 1.508748
      vertex -5.890800 -2.424614 1.358092
    endloop
  endfacet
  facet normal 0.288471 -0.204438 0.935409
    outer loop
      vertex -5.890800 -2.424614 1.358092
      vertex -5.564380 -1.274695 1.508748
      vertex -6.567151 -1.274695 1.817992
    endloop
  endfacet
  facet normal 0.288471 -0.204438 0.935409
    outer loop
      vertex -5.890800 -2.424614 1.358092
      vertex -6.567151 -1.274695 1.817992
      vertex -6.743808 -2.424614 1.621151
    endloop
  endfacet
  facet normal 0.089904 -0.181444 0.979283
    outer loop
      vertex -6.743808 -2.424614 1.621151
      vertex -6.567151 -1.274695 1.817992
      vertex -7.750000 -1.274695 1.926585
    endloop
  endfacet
  facet normal 0.089904 -0.181444 0.979283
    outer loop
      vertex -6.743808 -2.424614 1.621151
      vertex -7.750000 -1.274695 1.926585
      vertex -7.750000 -2.424614 1.713525
    endloop
  endfacet
  facet normal -0.089904 -0.181444 0.979283
    outer loop
      vertex -7.750000 -2.424614 1.713525
      vertex -7.750000 -1.274695 1.926585
      vertex -8.932849 -1.274695 1.817992
    endloop
  endfacet
  facet normal -0.089904 -0.181444 0.979283
    outer loop
      vertex -7.750000 -2.424614 1.713525
      vertex -8.932849 -1.274695 1.817992
      vertex -8.756192 -2.424614 1.621151
    endloop
  endfacet
  facet normal -0.288471 -0.204438 0.935409
    outer loop
      vertex -8.756192 -2.424614 1.621151
      vertex -8.932849 -1.274695 1.817992
      vertex -9.935620 -1.274695 1.508748
    endloop
  endfacet
  facet normal -0.288471 -0.204438 0.935409
    outer loop
      vertex -8.756192 -2.424614 1.621151
      vertex -9.935620 -1.274695 1.508748
      vertex -9.609200 -2.424614 1.358092
    endloop
  endfacet
  facet normal -0.548811 -0.259881 0.794524
    outer loop
      vertex -9.609200 -2.424614 1.358092
      vertex -9.935620 -1.274695 1.508748
      vertex -10.605650 -1.274695 1.045930
    endloop
  endfacet
  facet normal -0.548811 -0.259881 0.794524
    outer loop
      vertex -9.609200 -2.424614 1.358092
      vertex -10.605650 -1.274695 1.045930
      vertex -10.179161 -2.424614 0.964396
    endloop
  endfacet
  facet normal -0.861653 -0.345906 0.371353
    outer loop
      vertex -10.179161 -2.424614 0.964396
      vertex -10.605650 -1.274695 1.045930
      vertex -10.840934 -1.274695 0.500000
    endloop
  endfacet
  facet normal -0.861653 -0.345906 0.371353
    outer loop
      vertex -10.179161 -2.424614 0.964396
      vertex -10.840934 -1.274695 0.500000
      vertex -10.379305 -2.424614 0.500000
    endloop
  endfacet
  facet normal 0.912372 -0.113853 0.393211
    outer loop
      vertex -4.659066 -1.274695 0.500000
      vertex -4.500000 0.000000 0.500000
      vertex -4.747392 0.000000 1.074025
    endloop
  endfacet
  facet normal 0.912372 -0.113853 0.393211
    outer loop
      vertex -4.659066 -1.274695 0.500000
      vertex -4.747392 0.000000 1.074025
      vertex -4.894350 -1.274695 1.045930
    endloop
  endfacet
  facet normal 0.566360 -0.083367 0.819931
    outer loop
      vertex -4.894350 -1.274695 1.045930
      vertex -4.747392 0.000000 1.074025
      vertex -5.451903 0.000000 1.560660
    endloop
  endfacet
  facet normal 0.566360 -0.083367 0.819931
    outer loop
      vertex -4.894350 -1.274695 1.045930
      vertex -5.451903 0.000000 1.560660
      vertex -5.564380 -1.274695 1.508748
    endloop
  endfacet
  facet normal 0.294076 -0.064784 0.953584
    outer loop
      vertex -5.564380 -1.274695 1.508748
      vertex -5.451903 0.000000 1.560660
      vertex -6.506279 0.000000 1.885819
    endloop
  endfacet
  facet normal 0.294076 -0.064784 0.953584
    outer loop
      vertex -5.564380 -1.274695 1.508748
      vertex -6.506279 0.000000 1.885819
      vertex -6.567151 -1.274695 1.817992
    endloop
  endfacet
  facet normal 0.091271 -0.057259 0.994179
    outer loop
      vertex -6.567151 -1.274695 1.817992
      vertex -6.506279 0.000000 1.885819
      vertex -7.750000 0.000000 2.000000
    endloop
  endfacet
  facet normal 0.091271 -0.057259 0.994179
    outer loop
      vertex -6.567151 -1.274695 1.817992
      vertex -7.750000 0.000000 2.000000
      vertex -7.750000 -1.274695 1.926585
    endloop
  endfacet
  facet normal -0.091271 -0.057259 0.994179
    outer loop
      vertex -7.750000 -1.274695 1.926585
      vertex -7.750000 0.000000 2.000000
      vertex -8.993721 0.000000 1.885819
    endloop
  endfacet
  facet normal -0.091271 -0.057259 0.994179
    outer loop
      vertex -7.750000 -1.274695 1.926585
      vertex -8.993721 0.000000 1.885819
      vertex -8.932849 -1.274695 1.817992
    endloop
  endfacet
  facet normal -0.294076 -0.064784 0.953584
    outer loop
      vertex -8.932849 -1.274695 1.817992
      vertex -8.993721 0.000000 1.885819
      vertex -10.048097 0.000000 1.560660
    endloop
  endfacet
  facet normal -0.294076 -0.064784 0.953584
    outer loop
      vertex -8.932849 -1.274695 1.817992
      vertex -10.048097 0.000000 1.560660
      vertex -9.935620 -1.274695 1.508748
    endloop
  endfacet
  facet normal -0.566360 -0.083367 0.819931
    outer loop
      vertex -9.935620 -1.274695 1.508748
      vertex -10.048097 0.000000 1.560660
      vertex -10.752608 0.000000 1.074025
    endloop
  endfacet
  facet normal -0.566360 -0.083367 0.819931
    outer loop
      vertex -9.935620 -1.274695 1.508748
      vertex -10.752608 0.000000 1.074025
      vertex -10.605650 -1.274695 1.045930
    endloop
  endfacet
  facet normal -0.912372 -0.113853 0.393211
    outer loop
      vertex -10.605650 -1.274695 1.045930
      vertex -10.752608 0.000000 1.074025
      vertex -11.000000 0.000000 0.500000
    endloop
  endfacet
  facet normal -0.912372 -0.113853 0.393211
    outer loop
      vertex -10.605650 -1.274695 1.045930
      vertex -11.000000 0.000000 0.500000
      vertex -10.840934 -1.274695 0.500000
    endloop
  endfacet
  facet normal 0.912372 0.113853 0.393211
    outer loop
      vertex -4.500000 0.000000 0.500000
      vertex -4.659066 1.274695 0.500000
      vertex -4.894350 1.274695 1.045930
    endloop
  endfacet
  facet normal 0.912372 0.113853 0.393211
    outer loop
      vertex -4.500000 0.000000 0.500000
      vertex -4.894350 1.274695 1.045930
      vertex -4.747392 0.000000 1.074025
    endloop
  endfacet
  facet normal 0.566360 0.083367 0.819931
    outer loop
      vertex -4.747392 0.000000 1.074025
      vertex -4.894350 1.274695 1.045930
      vertex -5.564380 1.274695 1.508748
    endloop
  endfacet
  facet normal 0.566360 0.083367 0.819931
    outer loop
      vertex -4.747392 0.000000 1.074025
      vertex -5.564380 1.274695 1.508748
      vertex -5.451903 0.000000 1.560660
    endloop
  endfacet
  facet normal 0.294076 0.064784 0.953584
    outer loop
      vertex -5.451903 0.000000 1.560660
      vertex -5.564380 1.274695 1.508748
      vertex -6.567151 1.274695 1.817992
    endloop
  endfacet
  facet normal 0.294076 0.064784 0.953584
    outer loop
      vertex -5.451903 0.000000 1.560660
      vertex -6.567151 1.274695 1.817992
      vertex -6.506279 0.000000 1.885819
    endloop
  endfacet
  facet normal 0.091271 0.057259 0.994179
    outer loop
      vertex -6.506279 0.000000 1.885819
      vertex -6.567151 1.274695 1.817992
      vertex -7.750000 1.274695 1.926585
    endloop
  endfacet
  facet normal 0.091271 0.057259 0.994179
    outer loop
      vertex -6.506279 0.000000 1.885819
      vertex -7.750000 1.274695 1.926585
      vertex -7.750000 0.000000 2.000000
    endloop
  endfacet
  facet normal -0.091271 0.057259 0.994179
    outer loop
      vertex -7.750000 0.000000 2.000000
      vertex -7.750000 1.274695 1.926585
      vertex -8.932849 1.274695 1.817992
    endloop
  endfacet
  facet normal -0.091271 0.057259 0.994179
    outer loop
      vertex -7.750000 0.000000 2.000000
      vertex -8.932849 1.274695 1.817992
      vertex -8.993721 0.000000 1.885819
    endloop
  endfacet
  facet normal -0.294076 0.064784 0.953584
    outer loop
      vertex -8.993721 0.000000 1.885819
      vertex -8.932849 1.274695 1.817992
      vertex -9.935620 1.274695 1.508748
    endloop
  endfacet
  facet normal -0.294076 0.064784 0.953584
    outer loop
      vertex -8.993721 0.000000 1.885819
      vertex -9.935620 1.274695 1.508748
      vertex -10.048097 0.000000 1.560660
    endloop
  endfacet
  facet normal -0.566360 0.083367 0.819931
    outer loop
      vertex -10.048097 0.000000 1.560660
      vertex -9.935620 1.274695 1.508748
      vertex -10.605650 1.274695 1.045930
    endloop
  endfacet
  facet normal -0.566360 0.083367 0.819931
    outer loop
      vertex -10.048097 0.000000 1.560660
      vertex -10.605650 1.274695 1.045930
      vertex -10.752608 0.000000 1.074025
    endloop
  endfacet
  facet normal -0.912372 0.113853 0.393211
    outer loop
      vertex -10.752608 0.000000 1.074025
      vertex -10.605650 1.274695 1.045930
      vertex -10.840934 1.274695 0.500000
    endloop
  endfacet
  facet normal -0.912372 0.113853 0.393211
    outer loop
      vertex -10.752608 0.000000 1.074025
      vertex -10.840934 1.274695 0.500000
      vertex -11.000000 0.000000 0.500000
    endloop
  endfacet
  facet normal 0.861653 0.345906 0.371353
    outer loop
      vertex -4.659066 1.274695 0.500000
      vertex -5.120695 2.424614 0.500000
      vertex -5.320839 2.424614 0.964396
    endloop
  endfacet
  facet normal 0.861653 0.345906 0.371353
    outer loop
      vertex -4.659066 1.274695 0.500000
      vertex -5.320839 2.424614 0.964396
      vertex -4.894350 1.274695 1.045930
    endloop
  endfacet
  facet normal 0.548811 0.259881 0.794524
    outer loop
      vertex -4.894350 1.274695 1.045930
      vertex -5.320839 2.424614 0.964396
      vertex -5.890800 2.424614 1.358092
    endloop
  endfacet
  facet normal 0.548811 0.259881 0.794524
    outer loop
      vertex -4.894350 1.274695 1.045930
      vertex -5.890800 2.424614 1.358092
      vertex -5.564380 1.274695 1.508748
    endloop
  endfacet
  facet normal 0.288471 0.204438 0.935409
    outer loop
      vertex -5.564380 1.274695 1.508748
      vertex -5.890800 2.424614 1.358092
      vertex -6.743808 2.424614 1.621151
    endloop
  endfacet
  facet normal 0.288471 0.204438 0.935409
    outer loop
      vertex -5.564380 1.274695 1.508748
      vertex -6.743808 2.424614 1.621151
      vertex -6.567151 1.274695 1.817992
    endloop
  endfacet
  facet normal 0.089904 0.181444 0.979283
    outer loop
      vertex -6.567151 1.274695 1.817992
      vertex -6.743808 2.424614 1.621151
      vertex -7.750000 2.424614 1.713525
    endloop
  endfacet
  facet normal 0.089904 0.181444 0.979283
    outer loop
      vertex -6.567151 1.274695 1.817992
      vertex -7.750000 2.424614 1.713525
      vertex -7.750000 1.274695 1.926585
    endloop
  endfacet
  facet normal -0.089904 0.181444 0.979283
    outer loop
      vertex -7.750000 1.274695 1.926585
      vertex -7.750000 2.424614 1.713525
      vertex -8.756192 2.424614 1.621151
    endloop
  endfacet
  facet normal -0.089904 0.181444 0.979283
    outer loop
      vertex -7.750000 1.274695 1.926585
      vertex -8.756192 2.424614 1.621151
      vertex -8.932849 1.274695 1.817992
    endloop
  endfacet
  facet normal -0.288471 0.204438 0.935409
    outer loop
      vertex -8.932849 1.274695 1.817992
      vertex -8.756192 2.424614 1.621151
      vertex -9.609200 2.424614 1.358092
    endloop
  endfacet
  facet normal -0.288471 0.204438 0.935409
    outer loop
      vertex -8.932849 1.274695 1.817992
      vertex -9.609200 2.424614 1.358092
      vertex -9.935620 1.274695 1.508748
    endloop
  endfacet
  facet normal -0.548811 0.259881 0.794524
    outer loop
      vertex -9.935620 1.274695 1.508748
      vertex -9.609200 2.424614 1.358092
      vertex -10.179161 2.424614 0.964396
    endloop
  endfacet
  facet normal -0.548811 0.259881 0.794524
    outer loop
      vertex -9.935620 1.274695 1.508748
      vertex -10.179161 2.424614 0.964396
      vertex -10.605650 1.274695 1.045930
    endloop
  endfacet
  facet normal -0.861653 0.345906 0.371353
    outer loop
      vertex -10.605650 1.274695 1.045930
      vertex -10.179161 2.424614 0.964396
      vertex -10.379305 2.424614 0.500000
    endloop
  endfacet
  facet normal -0.861653 0.345906 0.371353
    outer loop
      vertex -10.605650 1.274695 1.045930
      vertex -10.379305 2.424614 0.500000
      vertex -10.840934 1.274695 0.500000
    endloop
  endfacet
  facet normal 0.744015 0.586194 0.320653
    outer loop
      vertex -5.120695 2.424614 0.500000
      vertex -5.839698 3.337195 0.500000
      vertex -5.985111 3.337195 0.837404
    endloop
  endfacet
  facet normal 0.744015 0.586194 0.320653
    outer loop
      vertex -5.120695 2.424614 0.500000
      vertex -5.985111 3.337195 0.837404
      vertex -5.320839 2.424614 0.964396
    endloop
  endfacet
  facet normal 0.502543 0.467047 0.727542
    outer loop
      vertex -5.320839 2.424614 0.964396
      vertex -5.985111 3.337195 0.837404
      vertex -6.399212 3.337195 1.123440
    endloop
  endfacet
  facet normal 0.502543 0.467047 0.727542
    outer loop
      vertex -5.320839 2.424614 0.964396
      vertex -6.399212 3.337195 1.123440
      vertex -5.890800 2.424614 1.358092
    endloop
  endfacet
  facet normal 0.272678 0.379266 0.884197
    outer loop
      vertex -5.890800 2.424614 1.358092
      vertex -6.399212 3.337195 1.123440
      vertex -7.018959 3.337195 1.314564
    endloop
  endfacet
  facet normal 0.272678 0.379266 0.884197
    outer loop
      vertex -5.890800 2.424614 1.358092
      vertex -7.018959 3.337195 1.314564
      vertex -6.743808 2.424614 1.621151
    endloop
  endfacet
  facet normal 0.085959 0.340478 0.936315
    outer loop
      vertex -6.743808 2.424614 1.621151
      vertex -7.018959 3.337195 1.314564
      vertex -7.750000 3.337195 1.381678
    endloop
  endfacet
  facet normal 0.085959 0.340478 0.936315
    outer loop
      vertex -6.743808 2.424614 1.621151
      vertex -7.750000 3.337195 1.381678
      vertex -7.750000 2.424614 1.713525
    endloop
  endfacet
  facet normal -0.085959 0.340478 0.936315
    outer loop
      vertex -7.750000 2.424614 1.713525
      vertex -7.750000 3.337195 1.381678
      vertex -8.481041 3.337195 1.314564
    endloop
  endfacet
  facet normal -0.085959 0.340478 0.936315
    outer loop
      vertex -7.750000 2.424614 1.713525
      vertex -8.481041 3.337195 1.314564
      vertex -8.756192 2.424614 1.621151
    endloop
  endfacet
  facet normal -0.272678 0.379266 0.884197
    outer loop
      vertex -8.756192 2.424614 1.621151
      vertex -8.481041 3.337195 1.314564
      vertex -9.100788 3.337195 1.123440
    endloop
  endfacet
  facet normal -0.272678 0.379266 0.884197
    outer loop
      vertex -8.756192 2.424614 1.621151
      vertex -9.100788 3.337195 1.123440
      vertex -9.609200 2.424614 1.358092
    endloop
  endfacet
  facet normal -0.502543 0.467047 0.727542
    outer loop
      vertex -9.609200 2.424614 1.358092
      vertex -9.100788 3.337195 1.123440
      vertex -9.514889 3.337195 0.837404
    endloop
  endfacet
  facet normal -0.502543 0.467047 0.727542
    outer loop
      vertex -9.609200 2.424614 1.358092
      vertex -9.514889 3.337195 0.837404
      vertex -10.179161 2.424614 0.964396
    endloop
  endfacet
  facet normal -0.744015 0.586194 0.320653
    outer loop
      vertex -10.179161 2.424614 0.964396
      vertex -9.514889 3.337195 0.837404
      vertex -9.660302 3.337195 0.500000
    endloop
  endfacet
  facet normal -0.744015 0.586194 0.320653
    outer loop
      vertex -10.179161 2.424614 0.964396
      vertex -9.660302 3.337195 0.500000
      vertex -10.379305 2.424614 0.500000
    endloop
  endfacet
  facet normal 0.528754 0.817612 0.227881
    outer loop
      vertex -5.839698 3.337195 0.500000
      vertex -6.745695 3.923108 0.500000
      vertex -6.822143 3.923108 0.677384
    endloop
  endfacet
  facet normal 0.528754 0.817612 0.227881
    outer loop
      vertex -5.839698 3.337195 0.500000
      vertex -6.822143 3.923108 0.677384
      vertex -5.985111 3.337195 0.837404
    endloop
  endfacet
  facet normal 0.394582 0.719712 0.571245
    outer loop
      vertex -5.985111 3.337195 0.837404
      vertex -6.822143 3.923108 0.677384
      vertex -7.039849 3.923108 0.827762
    endloop
  endfacet
  facet normal 0.394582 0.719712 0.571245
    outer loop
      vertex -5.985111 3.337195 0.837404
      vertex -7.039849 3.923108 0.827762
      vertex -6.399212 3.337195 1.123440
    endloop
  endfacet
  facet normal 0.229618 0.626809 0.744571
    outer loop
      vertex -6.399212 3.337195 1.123440
      vertex -7.039849 3.923108 0.827762
      vertex -7.365669 3.923108 0.928242
    endloop
  endfacet
  facet normal 0.229618 0.626809 0.744571
    outer loop
      vertex -6.399212 3.337195 1.123440
      vertex -7.365669 3.923108 0.928242
      vertex -7.018959 3.337195 1.314564
    endloop
  endfacet
  facet normal 0.074519 0.579295 0.811705
    outer loop
      vertex -7.018959 3.337195 1.314564
      vertex -7.365669 3.923108 0.928242
      vertex -7.750000 3.923108 0.963525
    endloop
  endfacet
  facet normal 0.074519 0.579295 0.811705
    outer loop
      vertex -7.018959 3.337195 1.314564
      vertex -7.750000 3.923108 0.963525
      vertex -7.750000 3.337195 1.381678
    endloop
  endfacet
  facet normal -0.074519 0.579295 0.811705
    outer loop
      vertex -7.750000 3.337195 1.381678
      vertex -7.750000 3.923108 0.963525
      vertex -8.134331 3.923108 0.928242
    endloop
  endfacet
  facet normal -0.074519 0.579295 0.811705
    outer loop
      vertex -7.750000 3.337195 1.381678
      vertex -8.134331 3.923108 0.928242
      vertex -8.481041 3.337195 1.314564
    endloop
  endfacet
  facet normal -0.229618 0.626809 0.744571
    outer loop
      vertex -8.481041 3.337195 1.314564
      vertex -8.134331 3.923108 0.928242
      vertex -8.460151 3.923108 0.827762
    endloop
  endfacet
  facet normal -0.229618 0.626809 0.744571
    outer loop
      vertex -8.481041 3.337195 1.314564
      vertex -8.460151 3.923108 0.827762
      vertex -9.100788 3.337195 1.123440
    endloop
  endfacet
  facet normal -0.394582 0.719712 0.571245
    outer loop
      vertex -9.100788 3.337195 1.123440
      vertex -8.460151 3.923108 0.827762
      vertex -8.677857 3.923108 0.677384
    endloop
  endfacet
  facet normal -0.394582 0.719712 0.571245
    outer loop
      vertex -9.100788 3.337195 1.123440
      vertex -8.677857 3.923108 0.677384
      vertex -9.514889 3.337195 0.837404
    endloop
  endfacet
  facet normal -0.528754 0.817612 0.227881
    outer loop
      vertex -9.514889 3.337195 0.837404
      vertex -8.677857 3.923108 0.677384
      vertex -8.754305 3.923108 0.500000
    endloop
  endfacet
  facet normal -0.528754 0.817612 0.227881
    outer loop
      vertex -9.514889 3.337195 0.837404
      vertex -8.754305 3.923108 0.500000
      vertex -9.660302 3.337195 0.500000
    endloop
  endfacet
  facet normal 0.000000 0.000000 1.000000
    outer loop
      vertex -6.745695 3.923108 0.500000
      vertex -7.750000 4.125000 0.500000
      vertex -7.750000 4.125000 0.500000
    endloop
  endfacet
  facet normal 0.196377 0.976869 0.084634
    outer loop
      vertex -6.745695 3.923108 0.500000
      vertex -7.750000 4.125000 0.500000
      vertex -6.822143 3.923108 0.677384
    endloop
  endfacet
  facet normal 0.000000 0.000000 1.000000
    outer loop
      vertex -6.822143 3.923108 0.677384
      vertex -7.750000 4.125000 0.500000
      vertex -7.750000 4.125000 0.500000
    endloop
  endfacet
  facet normal 0.163241 0.957863 0.236327
    outer loop
      vertex -6.822143 3.923108 0.677384
      vertex -7.750000 4.125000 0.500000
      vertex -7.039849 3.923108 0.827762
    endloop
  endfacet
  facet normal 0.000000 0.000000 1.000000
    outer loop
      vertex -7.039849 3.923108 0.827762
      vertex -7.750000 4.125000 0.500000
      vertex -7.750000 4.125000 0.500000
    endloop
  endfacet
  facet normal 0.106218 0.932784 0.344428
    outer loop
      vertex -7.039849 3.923108 0.827762
      vertex -7.750000 4.125000 0.500000
      vertex -7.365669 3.923108 0.928242
    endloop
  endfacet
  facet normal 0.000000 0.000000 1.000000
    outer loop
      vertex -7.365669 3.923108 0.928242
      vertex -7.750000 4.125000 0.500000
      vertex -7.750000 4.125000 0.500000
    endloop
  endfacet
  facet normal 0.036636 0.916195 0.399055
    outer loop
      vertex -7.365669 3.923108 0.928242
      vertex -7.750000 4.125000 0.500000
      vertex -7.750000 3.923108 0.963525
    endloop
  endfacet
  facet normal 0.000000 0.000000 1.000000
    outer loop
      vertex -7.750000 3.923108 0.963525
      vertex -7.750000 4.125000 0.500000
      vertex -7.750000 4.125000 0.500000
    endloop
  endfacet
  facet normal -0.036636 0.916195 0.399055
    outer loop
      vertex -7.750000 3.923108 0.963525
      vertex -7.750000 4.125000 0.500000
      vertex -8.134331 3.923108 0.928242
    endloop
  endfacet
  facet normal 0.000000 0.000000 1.000000
    outer loop
      vertex -8.134331 3.923108 0.928242
      vertex -7.750000 4.125000 0.500000
      vertex -7.750000 4.125000 0.500000
    endloop
  endfacet
  facet normal -0.106218 0.932784 0.344428
    outer loop
      vertex -8.134331 3.923108 0.928242
      vertex -7.750000 4.125000 0.500000
      vertex -8.460151 3.923108 0.827762
    endloop
  endfacet
  facet normal 0.000000 0.000000 1.000000
    outer loop
      vertex -8.460151 3.923108 0.827762
      vertex -7.750000 4.125000 0.500000
      vertex -7.750000 4.125000 0.500000
    endloop
  endfacet
  facet normal -0.163241 0.957863 0.236327
    outer loop
      vertex -8.460151 3.923108 0.827762
      vertex -7.750000 4.125000 0.500000
      vertex -8.677857 3.923108 0.677384
    endloop
  endfacet
  facet normal 0.000000 0.000000 1.000000
    outer loop
      vertex -8.677857 3.923108 0.677384
      vertex -7.750000 4.125000 0.500000
      vertex -7.750000 4.125000 0.500000
    endloop
  endfacet
  facet normal -0.196377 0.976869 0.084634
    outer loop
      vertex -8.677857 3.923108 0.677384
      vertex -7.750000 4.125000 0.500000
      vertex -8.754305 3.923108 0.500000
    endloop
  endfacet
  facet normal 0.944182 -0.318368 0.084634
    outer loop
      vertex -0.302645 -8.774197 0.500000
      vertex 0.024664 -7.803497 0.500000
      vertex -0.013560 -7.869703 0.677384
    endloop
  endfacet
  facet normal 0.000000 0.000000 1.000000
    outer loop
      vertex -0.302645 -8.774197 0.500000
      vertex -0.013560 -7.869703 0.677384
      vertex -0.302645 -8.774197 0.500000
    endloop
  endfacet
  facet normal 0.911154 -0.337561 0.236327
    outer loop
      vertex -0.302645 -8.774197 0.500000
      vertex -0.013560 -7.869703 0.677384
      vertex -0.122413 -8.058242 0.827762
    endloop
  endfacet
  facet normal 0.000000 0.000000 1.000000
    outer loop
      vertex -0.302645 -8.774197 0.500000
      vertex -0.122413 -8.058242 0.827762
      vertex -0.302645 -8.774197 0.500000
    endloop
  endfacet
  facet normal 0.860924 -0.374404 0.344428
    outer loop
      vertex -0.302645 -8.774197 0.500000
      vertex -0.122413 -8.058242 0.827762
      vertex -0.285323 -8.340411 0.928242
    endloop
  endfacet
  facet normal 0.000000 0.000000 1.000000
    outer loop
      vertex -0.302645 -8.774197 0.500000
      vertex -0.285323 -8.340411 0.928242
      vertex -0.302645 -8.774197 0.500000
    endloop
  endfacet
  facet normal 0.811766 -0.426370 0.399055
    outer loop
      vertex -0.302645 -8.774197 0.500000
      vertex -0.285323 -8.340411 0.928242
      vertex -0.477489 -8.673251 0.963525
    endloop
  endfacet
  facet normal 0.000000 0.000000 1.000000
    outer loop
      vertex -0.302645 -8.774197 0.500000
      vertex -0.477489 -8.673251 0.963525
      vertex -0.302645 -8.774197 0.500000
    endloop
  endfacet
  facet normal 0.775130 -0.489825 0.399055
    outer loop
      vertex -0.302645 -8.774197 0.500000
      vertex -0.477489 -8.673251 0.963525
      vertex -0.669654 -9.006091 0.928242
    endloop
  endfacet
  facet normal 0.000000 0.000000 1.000000
    outer loop
      vertex -0.302645 -8.774197 0.500000
      vertex -0.669654 -9.006091 0.928242
      vertex -0.302645 -8.774197 0.500000
    endloop
  endfacet
  facet normal 0.754706 -0.558380 0.344428
    outer loop
      vertex -0.302645 -8.774197 0.500000
      vertex -0.669654 -9.006091 0.928242
      vertex -0.832564 -9.288260 0.827762
    endloop
  endfacet
  facet normal 0.000000 0.000000 1.000000
    outer loop
      vertex -0.302645 -8.774197 0.500000
      vertex -0.832564 -9.288260 0.827762
      vertex -0.302645 -8.774197 0.500000
    endloop
  endfacet
  facet normal 0.747913 -0.620302 0.236327
    outer loop
      vertex -0.302645 -8.774197 0.500000
      vertex -0.832564 -9.288260 0.827762
      vertex -0.941417 -9.476799 0.677384
    endloop
  endfacet
  facet normal 0.000000 0.000000 1.000000
    outer loop
      vertex -0.302645 -8.774197 0.500000
      vertex -0.941417 -9.476799 0.677384
      vertex -0.302645 -8.774197 0.500000
    endloop
  endfacet
  facet normal 0.747805 -0.658502 0.084634
    outer loop
      vertex -0.302645 -8.774197 0.500000
      vertex -0.941417 -9.476799 0.677384
      vertex -0.979641 -9.543005 0.500000
    endloop
  endfacet
  facet normal 0.000000 0.000000 1.000000
    outer loop
      vertex -0.302645 -8.774197 0.500000
      vertex -0.979641 -9.543005 0.500000
      vertex -0.302645 -8.774197 0.500000
    endloop
  endfacet
  facet normal 0.972450 0.049108 0.227881
    outer loop
      vertex 0.024664 -7.803497 0.500000
      vertex -0.029753 -6.725924 0.500000
      vertex -0.102460 -6.851856 0.837404
    endloop
  endfacet
  facet normal 0.972450 0.049108 0.227881
    outer loop
      vertex 0.024664 -7.803497 0.500000
      vertex -0.102460 -6.851856 0.837404
      vertex -0.013560 -7.869703 0.677384
    endloop
  endfacet
  facet normal 0.820579 -0.018138 0.571245
    outer loop
      vertex -0.013560 -7.869703 0.677384
      vertex -0.102460 -6.851856 0.837404
      vertex -0.309510 -7.210478 1.123440
    endloop
  endfacet
  facet normal 0.820579 -0.018138 0.571245
    outer loop
      vertex -0.013560 -7.869703 0.677384
      vertex -0.309510 -7.210478 1.123440
      vertex -0.122413 -8.058242 0.827762
    endloop
  endfacet
  facet normal 0.657642 -0.114549 0.744571
    outer loop
      vertex -0.122413 -8.058242 0.827762
      vertex -0.309510 -7.210478 1.123440
      vertex -0.619384 -7.747194 1.314564
    endloop
  endfacet
  facet normal 0.657642 -0.114549 0.744571
    outer loop
      vertex -0.122413 -8.058242 0.827762
      vertex -0.619384 -7.747194 1.314564
      vertex -0.285323 -8.340411 0.928242
    endloop
  endfacet
  facet normal 0.538943 -0.225112 0.811705
    outer loop
      vertex -0.285323 -8.340411 0.928242
      vertex -0.619384 -7.747194 1.314564
      vertex -0.984904 -8.380294 1.381678
    endloop
  endfacet
  facet normal 0.538943 -0.225112 0.811705
    outer loop
      vertex -0.285323 -8.340411 0.928242
      vertex -0.984904 -8.380294 1.381678
      vertex -0.477489 -8.673251 0.963525
    endloop
  endfacet
  facet normal 0.464424 -0.354183 0.811705
    outer loop
      vertex -0.477489 -8.673251 0.963525
      vertex -0.984904 -8.380294 1.381678
      vertex -1.350425 -9.013394 1.314564
    endloop
  endfacet
  facet normal 0.464424 -0.354183 0.811705
    outer loop
      vertex -0.477489 -8.673251 0.963525
      vertex -1.350425 -9.013394 1.314564
      vertex -0.669654 -9.006091 0.928242
    endloop
  endfacet
  facet normal 0.428023 -0.512260 0.744571
    outer loop
      vertex -0.669654 -9.006091 0.928242
      vertex -1.350425 -9.013394 1.314564
      vertex -1.660298 -9.550111 1.123440
    endloop
  endfacet
  facet normal 0.428023 -0.512260 0.744571
    outer loop
      vertex -0.669654 -9.006091 0.928242
      vertex -1.660298 -9.550111 1.123440
      vertex -0.832564 -9.288260 0.827762
    endloop
  endfacet
  facet normal 0.425997 -0.701574 0.571245
    outer loop
      vertex -0.832564 -9.288260 0.827762
      vertex -1.660298 -9.550111 1.123440
      vertex -1.867349 -9.908733 0.837404
    endloop
  endfacet
  facet normal 0.425997 -0.701574 0.571245
    outer loop
      vertex -0.832564 -9.288260 0.827762
      vertex -1.867349 -9.908733 0.837404
      vertex -0.941417 -9.476799 0.677384
    endloop
  endfacet
  facet normal 0.443696 -0.866721 0.227881
    outer loop
      vertex -0.941417 -9.476799 0.677384
      vertex -1.867349 -9.908733 0.837404
      vertex -1.940055 -10.034665 0.500000
    endloop
  endfacet
  facet normal 0.443696 -0.866721 0.227881
    outer loop
      vertex -0.941417 -9.476799 0.677384
      vertex -1.940055 -10.034665 0.500000
      vertex -0.979641 -9.543005 0.500000
    endloop
  endfacet
  facet normal 0.879666 0.351239 0.320653
    outer loop
      vertex -0.029753 -6.725924 0.500000
      vertex -0.460570 -5.646959 0.500000
      vertex -0.560642 -5.820289 0.964396
    endloop
  endfacet
  facet normal 0.879666 0.351239 0.320653
    outer loop
      vertex -0.029753 -6.725924 0.500000
      vertex -0.560642 -5.820289 0.964396
      vertex -0.102460 -6.851856 0.837404
    endloop
  endfacet
  facet normal 0.655746 0.201692 0.727542
    outer loop
      vertex -0.102460 -6.851856 0.837404
      vertex -0.560642 -5.820289 0.964396
      vertex -0.845623 -6.313890 1.358092
    endloop
  endfacet
  facet normal 0.655746 0.201692 0.727542
    outer loop
      vertex -0.102460 -6.851856 0.837404
      vertex -0.845623 -6.313890 1.358092
      vertex -0.309510 -7.210478 1.123440
    endloop
  endfacet
  facet normal 0.464793 0.046513 0.884197
    outer loop
      vertex -0.309510 -7.210478 1.123440
      vertex -0.845623 -6.313890 1.358092
      vertex -1.272127 -7.052617 1.621151
    endloop
  endfacet
  facet normal 0.464793 0.046513 0.884197
    outer loop
      vertex -0.309510 -7.210478 1.123440
      vertex -1.272127 -7.052617 1.621151
      vertex -0.619384 -7.747194 1.314564
    endloop
  endfacet
  facet normal 0.337842 -0.095796 0.936315
    outer loop
      vertex -0.619384 -7.747194 1.314564
      vertex -1.272127 -7.052617 1.621151
      vertex -1.775223 -7.924004 1.713525
    endloop
  endfacet
  facet normal 0.337842 -0.095796 0.936315
    outer loop
      vertex -0.619384 -7.747194 1.314564
      vertex -1.775223 -7.924004 1.713525
      vertex -0.984904 -8.380294 1.381678
    endloop
  endfacet
  facet normal 0.251883 -0.244682 0.936315
    outer loop
      vertex -0.984904 -8.380294 1.381678
      vertex -1.775223 -7.924004 1.713525
      vertex -2.278318 -8.795391 1.621151
    endloop
  endfacet
  facet normal 0.251883 -0.244682 0.936315
    outer loop
      vertex -0.984904 -8.380294 1.381678
      vertex -2.278318 -8.795391 1.621151
      vertex -1.350425 -9.013394 1.314564
    endloop
  endfacet
  facet normal 0.192115 -0.425779 0.884197
    outer loop
      vertex -1.350425 -9.013394 1.314564
      vertex -2.278318 -8.795391 1.621151
      vertex -2.704822 -9.534118 1.358092
    endloop
  endfacet
  facet normal 0.192115 -0.425779 0.884197
    outer loop
      vertex -1.350425 -9.013394 1.314564
      vertex -2.704822 -9.534118 1.358092
      vertex -1.660298 -9.550111 1.123440
    endloop
  endfacet
  facet normal 0.153203 -0.668739 0.727542
    outer loop
      vertex -1.660298 -9.550111 1.123440
      vertex -2.704822 -9.534118 1.358092
      vertex -2.989803 -10.027719 0.964396
    endloop
  endfacet
  facet normal 0.153203 -0.668739 0.727542
    outer loop
      vertex -1.660298 -9.550111 1.123440
      vertex -2.989803 -10.027719 0.964396
      vertex -1.867349 -9.908733 0.837404
    endloop
  endfacet
  facet normal 0.135651 -0.937433 0.320653
    outer loop
      vertex -1.867349 -9.908733 0.837404
      vertex -2.989803 -10.027719 0.964396
      vertex -3.089875 -10.201049 0.500000
    endloop
  endfacet
  facet normal 0.135651 -0.937433 0.320653
    outer loop
      vertex -1.867349 -9.908733 0.837404
      vertex -3.089875 -10.201049 0.500000
      vertex -1.940055 -10.034665 0.500000
    endloop
  endfacet
  facet normal 0.730390 0.573261 0.371353
    outer loop
      vertex -0.460570 -5.646959 0.500000
      vertex -1.225615 -4.672217 0.500000
      vertex -1.343256 -4.875979 1.045930
    endloop
  endfacet
  facet normal 0.730390 0.573261 0.371353
    outer loop
      vertex -0.460570 -5.646959 0.500000
      vertex -1.343256 -4.875979 1.045930
      vertex -0.560642 -5.820289 0.964396
    endloop
  endfacet
  facet normal 0.499469 0.345343 0.794524
    outer loop
      vertex -0.560642 -5.820289 0.964396
      vertex -1.343256 -4.875979 1.045930
      vertex -1.678272 -5.456242 1.508748
    endloop
  endfacet
  facet normal 0.499469 0.345343 0.794524
    outer loop
      vertex -0.560642 -5.820289 0.964396
      vertex -1.678272 -5.456242 1.508748
      vertex -0.845623 -6.313890 1.358092
    endloop
  endfacet
  facet normal 0.321284 0.147604 0.935409
    outer loop
      vertex -0.845623 -6.313890 1.358092
      vertex -1.678272 -5.456242 1.508748
      vertex -2.179657 -6.324667 1.817992
    endloop
  endfacet
  facet normal 0.321284 0.147604 0.935409
    outer loop
      vertex -0.845623 -6.313890 1.358092
      vertex -2.179657 -6.324667 1.817992
      vertex -1.272127 -7.052617 1.621151
    endloop
  endfacet
  facet normal 0.202087 -0.012863 0.979283
    outer loop
      vertex -1.272127 -7.052617 1.621151
      vertex -2.179657 -6.324667 1.817992
      vertex -2.771082 -7.349044 1.926585
    endloop
  endfacet
  facet normal 0.202087 -0.012863 0.979283
    outer loop
      vertex -1.272127 -7.052617 1.621151
      vertex -2.771082 -7.349044 1.926585
      vertex -1.775223 -7.924004 1.713525
    endloop
  endfacet
  facet normal 0.112183 -0.168581 0.979283
    outer loop
      vertex -1.775223 -7.924004 1.713525
      vertex -2.771082 -7.349044 1.926585
      vertex -3.362506 -8.373422 1.817992
    endloop
  endfacet
  facet normal 0.112183 -0.168581 0.979283
    outer loop
      vertex -1.775223 -7.924004 1.713525
      vertex -3.362506 -8.373422 1.817992
      vertex -2.278318 -8.795391 1.621151
    endloop
  endfacet
  facet normal 0.032813 -0.352042 0.935409
    outer loop
      vertex -2.278318 -8.795391 1.621151
      vertex -3.362506 -8.373422 1.817992
      vertex -3.863892 -9.241847 1.508748
    endloop
  endfacet
  facet normal 0.032813 -0.352042 0.935409
    outer loop
      vertex -2.278318 -8.795391 1.621151
      vertex -3.863892 -9.241847 1.508748
      vertex -2.704822 -9.534118 1.358092
    endloop
  endfacet
  facet normal -0.049341 -0.605225 0.794524
    outer loop
      vertex -2.704822 -9.534118 1.358092
      vertex -3.863892 -9.241847 1.508748
      vertex -4.198907 -9.822110 1.045930
    endloop
  endfacet
  facet normal -0.049341 -0.605225 0.794524
    outer loop
      vertex -2.704822 -9.534118 1.358092
      vertex -4.198907 -9.822110 1.045930
      vertex -2.989803 -10.027719 0.964396
    endloop
  endfacet
  facet normal -0.131263 -0.919167 0.371353
    outer loop
      vertex -2.989803 -10.027719 0.964396
      vertex -4.198907 -9.822110 1.045930
      vertex -4.316548 -10.025872 0.500000
    endloop
  endfacet
  facet normal -0.131263 -0.919167 0.371353
    outer loop
      vertex -2.989803 -10.027719 0.964396
      vertex -4.316548 -10.025872 0.500000
      vertex -3.089875 -10.201049 0.500000
    endloop
  endfacet
  facet normal 0.554785 0.733211 0.393211
    outer loop
      vertex -1.225615 -4.672217 0.500000
      vertex -2.250000 -3.897114 0.500000
      vertex -2.373696 -4.111362 1.074025
    endloop
  endfacet
  facet normal 0.554785 0.733211 0.393211
    outer loop
      vertex -1.225615 -4.672217 0.500000
      vertex -2.373696 -4.111362 1.074025
      vertex -1.343256 -4.875979 1.045930
    endloop
  endfacet
  facet normal 0.355378 0.448799 0.819931
    outer loop
      vertex -1.343256 -4.875979 1.045930
      vertex -2.373696 -4.111362 1.074025
      vertex -2.725951 -4.721486 1.560660
    endloop
  endfacet
  facet normal 0.355378 0.448799 0.819931
    outer loop
      vertex -1.343256 -4.875979 1.045930
      vertex -2.725951 -4.721486 1.560660
      vertex -1.678272 -5.456242 1.508748
    endloop
  endfacet
  facet normal 0.203142 0.222285 0.953584
    outer loop
      vertex -1.678272 -5.456242 1.508748
      vertex -2.725951 -4.721486 1.560660
      vertex -3.253139 -5.634603 1.885819
    endloop
  endfacet
  facet normal 0.203142 0.222285 0.953584
    outer loop
      vertex -1.678272 -5.456242 1.508748
      vertex -3.253139 -5.634603 1.885819
      vertex -2.179657 -6.324667 1.817992
    endloop
  endfacet
  facet normal 0.095223 0.050414 0.994179
    outer loop
      vertex -2.179657 -6.324667 1.817992
      vertex -3.253139 -5.634603 1.885819
      vertex -3.875000 -6.711697 2.000000
    endloop
  endfacet
  facet normal 0.095223 0.050414 0.994179
    outer loop
      vertex -2.179657 -6.324667 1.817992
      vertex -3.875000 -6.711697 2.000000
      vertex -2.771082 -7.349044 1.926585
    endloop
  endfacet
  facet normal 0.003952 -0.107673 0.994179
    outer loop
      vertex -2.771082 -7.349044 1.926585
      vertex -3.875000 -6.711697 2.000000
      vertex -4.496861 -7.788791 1.885819
    endloop
  endfacet
  facet normal 0.003952 -0.107673 0.994179
    outer loop
      vertex -2.771082 -7.349044 1.926585
      vertex -4.496861 -7.788791 1.885819
      vertex -3.362506 -8.373422 1.817992
    endloop
  endfacet
  facet normal -0.090934 -0.287069 0.953584
    outer loop
      vertex -3.362506 -8.373422 1.817992
      vertex -4.496861 -7.788791 1.885819
      vertex -5.024049 -8.701907 1.560660
    endloop
  endfacet
  facet normal -0.090934 -0.287069 0.953584
    outer loop
      vertex -3.362506 -8.373422 1.817992
      vertex -5.024049 -8.701907 1.560660
      vertex -3.863892 -9.241847 1.508748
    endloop
  endfacet
  facet normal -0.210982 -0.532165 0.819931
    outer loop
      vertex -3.863892 -9.241847 1.508748
      vertex -5.024049 -8.701907 1.560660
      vertex -5.376304 -9.312032 1.074025
    endloop
  endfacet
  facet normal -0.210982 -0.532165 0.819931
    outer loop
      vertex -3.863892 -9.241847 1.508748
      vertex -5.376304 -9.312032 1.074025
      vertex -4.198907 -9.822110 1.045930
    endloop
  endfacet
  facet normal -0.357587 -0.847064 0.393211
    outer loop
      vertex -4.198907 -9.822110 1.045930
      vertex -5.376304 -9.312032 1.074025
      vertex -5.500000 -9.526279 0.500000
    endloop
  endfacet
  facet normal -0.357587 -0.847064 0.393211
    outer loop
      vertex -4.198907 -9.822110 1.045930
      vertex -5.500000 -9.526279 0.500000
      vertex -4.316548 -10.025872 0.500000
    endloop
  endfacet
  facet normal 0.357587 0.847064 0.393211
    outer loop
      vertex -2.250000 -3.897114 0.500000
      vertex -3.433452 -3.397522 0.500000
      vertex -3.551093 -3.601284 1.045930
    endloop
  endfacet
  facet normal 0.357587 0.847064 0.393211
    outer loop
      vertex -2.250000 -3.897114 0.500000
      vertex -3.551093 -3.601284 1.045930
      vertex -2.373696 -4.111362 1.074025
    endloop
  endfacet
  facet normal 0.210982 0.532165 0.819931
    outer loop
      vertex -2.373696 -4.111362 1.074025
      vertex -3.551093 -3.601284 1.045930
      vertex -3.886108 -4.181547 1.508748
    endloop
  endfacet
  facet normal 0.210982 0.532165 0.819931
    outer loop
      vertex -2.373696 -4.111362 1.074025
      vertex -3.886108 -4.181547 1.508748
      vertex -2.725951 -4.721486 1.560660
    endloop
  endfacet
  facet normal 0.090934 0.287069 0.953584
    outer loop
      vertex -2.725951 -4.721486 1.560660
      vertex -3.886108 -4.181547 1.508748
      vertex -4.387494 -5.049972 1.817992
    endloop
  endfacet
  facet normal 0.090934 0.287069 0.953584
    outer loop
      vertex -2.725951 -4.721486 1.560660
      vertex -4.387494 -5.049972 1.817992
      vertex -3.253139 -5.634603 1.885819
    endloop
  endfacet
  facet normal -0.003952 0.107673 0.994179
    outer loop
      vertex -3.253139 -5.634603 1.885819
      vertex -4.387494 -5.049972 1.817992
      vertex -4.978918 -6.074349 1.926585
    endloop
  endfacet
  facet normal -0.003952 0.107673 0.994179
    outer loop
      vertex -3.253139 -5.634603 1.885819
      vertex -4.978918 -6.074349 1.926585
      vertex -3.875000 -6.711697 2.000000
    endloop
  endfacet
  facet normal -0.095223 -0.050414 0.994179
    outer loop
      vertex -3.875000 -6.711697 2.000000
      vertex -4.978918 -6.074349 1.926585
      vertex -5.570343 -7.098727 1.817992
    endloop
  endfacet
  facet normal -0.095223 -0.050414 0.994179
    outer loop
      vertex -3.875000 -6.711697 2.000000
      vertex -5.570343 -7.098727 1.817992
      vertex -4.496861 -7.788791 1.885819
    endloop
  endfacet
  facet normal -0.203142 -0.222285 0.953584
    outer loop
      vertex -4.496861 -7.788791 1.885819
      vertex -5.570343 -7.098727 1.817992
      vertex -6.071728 -7.967152 1.508748
    endloop
  endfacet
  facet normal -0.203142 -0.222285 0.953584
    outer loop
      vertex -4.496861 -7.788791 1.885819
      vertex -6.071728 -7.967152 1.508748
      vertex -5.024049 -8.701907 1.560660
    endloop
  endfacet
  facet normal -0.355378 -0.448799 0.819931
    outer loop
      vertex -5.024049 -8.701907 1.560660
      vertex -6.071728 -7.967152 1.508748
      vertex -6.406744 -8.547415 1.045930
    endloop
  endfacet
  facet normal -0.355378 -0.448799 0.819931
    outer loop
      vertex -5.024049 -8.701907 1.560660
      vertex -6.406744 -8.547415 1.045930
      vertex -5.376304 -9.312032 1.074025
    endloop
  endfacet
  facet normal -0.554785 -0.733211 0.393211
    outer loop
      vertex -5.376304 -9.312032 1.074025
      vertex -6.406744 -8.547415 1.045930
      vertex -6.524385 -8.751176 0.500000
    endloop
  endfacet
  facet normal -0.554785 -0.733211 0.393211
    outer loop
      vertex -5.376304 -9.312032 1.074025
      vertex -6.524385 -8.751176 0.500000
      vertex -5.500000 -9.526279 0.500000
    endloop
  endfacet
  facet normal 0.131263 0.919167 0.371353
    outer loop
      vertex -3.433452 -3.397522 0.500000
      vertex -4.660125 -3.222345 0.500000
      vertex -4.760197 -3.395674 0.964396
    endloop
  endfacet
  facet normal 0.131263 0.919167 0.371353
    outer loop
      vertex -3.433452 -3.397522 0.500000
      vertex -4.760197 -3.395674 0.964396
      vertex -3.551093 -3.601284 1.045930
    endloop
  endfacet
  facet normal 0.049341 0.605225 0.794524
    outer loop
      vertex -3.551093 -3.601284 1.045930
      vertex -4.760197 -3.395674 0.964396
      vertex -5.045178 -3.889276 1.358092
    endloop
  endfacet
  facet normal 0.049341 0.605225 0.794524
    outer loop
      vertex -3.551093 -3.601284 1.045930
      vertex -5.045178 -3.889276 1.358092
      vertex -3.886108 -4.181547 1.508748
    endloop
  endfacet
  facet normal -0.032813 0.352042 0.935409
    outer loop
      vertex -3.886108 -4.181547 1.508748
      vertex -5.045178 -3.889276 1.358092
      vertex -5.471682 -4.628002 1.621151
    endloop
  endfacet
  facet normal -0.032813 0.352042 0.935409
    outer loop
      vertex -3.886108 -4.181547 1.508748
      vertex -5.471682 -4.628002 1.621151
      vertex -4.387494 -5.049972 1.817992
    endloop
  endfacet
  facet normal -0.112183 0.168581 0.979283
    outer loop
      vertex -4.387494 -5.049972 1.817992
      vertex -5.471682 -4.628002 1.621151
      vertex -5.974777 -5.499390 1.713525
    endloop
  endfacet
  facet normal -0.112183 0.168581 0.979283
    outer loop
      vertex -4.387494 -5.049972 1.817992
      vertex -5.974777 -5.499390 1.713525
      vertex -4.978918 -6.074349 1.926585
    endloop
  endfacet
  facet normal -0.202087 0.012863 0.979283
    outer loop
      vertex -4.978918 -6.074349 1.926585
      vertex -5.974777 -5.499390 1.713525
      vertex -6.477873 -6.370777 1.621151
    endloop
  endfacet
  facet normal -0.202087 0.012863 0.979283
    outer loop
      vertex -4.978918 -6.074349 1.926585
      vertex -6.477873 -6.370777 1.621151
      vertex -5.570343 -7.098727 1.817992
    endloop
  endfacet
  facet normal -0.321284 -0.147604 0.935409
    outer loop
      vertex -5.570343 -7.098727 1.817992
      vertex -6.477873 -6.370777 1.621151
      vertex -6.904377 -7.109504 1.358092
    endloop
  endfacet
  facet normal -0.321284 -0.147604 0.935409
    outer loop
      vertex -5.570343 -7.098727 1.817992
      vertex -6.904377 -7.109504 1.358092
      vertex -6.071728 -7.967152 1.508748
    endloop
  endfacet
  facet normal -0.499469 -0.345343 0.794524
    outer loop
      vertex -6.071728 -7.967152 1.508748
      vertex -6.904377 -7.109504 1.358092
      vertex -7.189358 -7.603105 0.964396
    endloop
  endfacet
  facet normal -0.499469 -0.345343 0.794524
    outer loop
      vertex -6.071728 -7.967152 1.508748
      vertex -7.189358 -7.603105 0.964396
      vertex -6.406744 -8.547415 1.045930
    endloop
  endfacet
  facet normal -0.730390 -0.573261 0.371353
    outer loop
      vertex -6.406744 -8.547415 1.045930
      vertex -7.189358 -7.603105 0.964396
      vertex -7.289430 -7.776435 0.500000
    endloop
  endfacet
  facet normal -0.730390 -0.573261 0.371353
    outer loop
      vertex -6.406744 -8.547415 1.045930
      vertex -7.289430 -7.776435 0.500000
      vertex -6.524385 -8.751176 0.500000
    endloop
  endfacet
  facet normal -0.135651 0.937433 0.320653
    outer loop
      vertex -4.660125 -3.222345 0.500000
      vertex -5.809945 -3.388729 0.500000
      vertex -5.882651 -3.514661 0.837404
    endloop
  endfacet
  facet normal -0.135651 0.937433 0.320653
    outer loop
      vertex -4.660125 -3.222345 0.500000
      vertex -5.882651 -3.514661 0.837404
      vertex -4.760197 -3.395674 0.964396
    endloop
  endfacet
  facet normal -0.153203 0.668739 0.727542
    outer loop
      vertex -4.760197 -3.395674 0.964396
      vertex -5.882651 -3.514661 0.837404
      vertex -6.089702 -3.873283 1.123440
    endloop
  endfacet
  facet normal -0.153203 0.668739 0.727542
    outer loop
      vertex -4.760197 -3.395674 0.964396
      vertex -6.089702 -3.873283 1.123440
      vertex -5.045178 -3.889276 1.358092
    endloop
  endfacet
  facet normal -0.192115 0.425779 0.884197
    outer loop
      vertex -5.045178 -3.889276 1.358092
      vertex -6.089702 -3.873283 1.123440
      vertex -6.399575 -4.409999 1.314564
    endloop
  endfacet
  facet normal -0.192115 0.425779 0.884197
    outer loop
      vertex -5.045178 -3.889276 1.358092
      vertex -6.399575 -4.409999 1.314564
      vertex -5.471682 -4.628002 1.621151
    endloop
  endfacet
  facet normal -0.251883 0.244682 0.936315
    outer loop
      vertex -5.471682 -4.628002 1.621151
      vertex -6.399575 -4.409999 1.314564
      vertex -6.765096 -5.043099 1.381678
    endloop
  endfacet
  facet normal -0.251883 0.244682 0.936315
    outer loop
      vertex -5.471682 -4.628002 1.621151
      vertex -6.765096 -5.043099 1.381678
      vertex -5.974777 -5.499390 1.713525
    endloop
  endfacet
  facet normal -0.337842 0.095796 0.936315
    outer loop
      vertex -5.974777 -5.499390 1.713525
      vertex -6.765096 -5.043099 1.381678
      vertex -7.130616 -5.676199 1.314564
    endloop
  endfacet
  facet normal -0.337842 0.095796 0.936315
    outer loop
      vertex -5.974777 -5.499390 1.713525
      vertex -7.130616 -5.676199 1.314564
      vertex -6.477873 -6.370777 1.621151
    endloop
  endfacet
  facet normal -0.464793 -0.046513 0.884197
    outer loop
      vertex -6.477873 -6.370777 1.621151
      vertex -7.130616 -5.676199 1.314564
      vertex -7.440490 -6.212916 1.123440
    endloop
  endfacet
  facet normal -0.464793 -0.046513 0.884197
    outer loop
      vertex -6.477873 -6.370777 1.621151
      vertex -7.440490 -6.212916 1.123440
      vertex -6.904377 -7.109504 1.358092
    endloop
  endfacet
  facet normal -0.655746 -0.201692 0.727542
    outer loop
      vertex -6.904377 -7.109504 1.358092
      vertex -7.440490 -6.212916 1.123440
      vertex -7.647540 -6.571538 0.837404
    endloop
  endfacet
  facet normal -0.655746 -0.201692 0.727542
    outer loop
      vertex -6.904377 -7.109504 1.358092
      vertex -7.647540 -6.571538 0.837404
      vertex -7.189358 -7.603105 0.964396
    endloop
  endfacet
  facet normal -0.879666 -0.351239 0.320653
    outer loop
      vertex -7.189358 -7.603105 0.964396
      vertex -7.647540 -6.571538 0.837404
      vertex -7.720247 -6.697469 0.500000
    endloop
  endfacet
  facet normal -0.879666 -0.351239 0.320653
    outer loop
      vertex -7.189358 -7.603105 0.964396
      vertex -7.720247 -6.697469 0.500000
      vertex -7.289430 -7.776435 0.500000
    endloop
  endfacet
  facet normal -0.443696 0.866721 0.227881
    outer loop
      vertex -5.809945 -3.388729 0.500000
      vertex -6.770359 -3.880389 0.500000
      vertex -6.808583 -3.946595 0.677384
    endloop
  endfacet
  facet normal -0.443696 0.866721 0.227881
    outer loop
      vertex -5.809945 -3.388729 0.500000
      vertex -6.808583 -3.946595 0.677384
      vertex -5.882651 -3.514661 0.837404
    endloop
  endfacet
  facet normal -0.425997 0.701574 0.571245
    outer loop
      vertex -5.882651 -3.514661 0.837404
      vertex -6.808583 -3.946595 0.677384
      vertex -6.917436 -4.135134 0.827762
    endloop
  endfacet
  facet normal -0.425997 0.701574 0.571245
    outer loop
      vertex -5.882651 -3.514661 0.837404
      vertex -6.917436 -4.135134 0.827762
      vertex -6.089702 -3.873283 1.123440
    endloop
  endfacet
  facet normal -0.428023 0.512260 0.744571
    outer loop
      vertex -6.089702 -3.873283 1.123440
      vertex -6.917436 -4.135134 0.827762
      vertex -7.080346 -4.417302 0.928242
    endloop
  endfacet
  facet normal -0.428023 0.512260 0.744571
    outer loop
      vertex -6.089702 -3.873283 1.123440
      vertex -7.080346 -4.417302 0.928242
      vertex -6.399575 -4.409999 1.314564
    endloop
  endfacet
  facet normal -0.464424 0.354183 0.811705
    outer loop
      vertex -6.399575 -4.409999 1.314564
      vertex -7.080346 -4.417302 0.928242
      vertex -7.272511 -4.750143 0.963525
    endloop
  endfacet
  facet normal -0.464424 0.354183 0.811705
    outer loop
      vertex -6.399575 -4.409999 1.314564
      vertex -7.272511 -4.750143 0.963525
      vertex -6.765096 -5.043099 1.381678
    endloop
  endfacet
  facet normal -0.538943 0.225112 0.811705
    outer loop
      vertex -6.765096 -5.043099 1.381678
      vertex -7.272511 -4.750143 0.963525
      vertex -7.464677 -5.082983 0.928242
    endloop
  endfacet
  facet normal -0.538943 0.225112 0.811705
    outer loop
      vertex -6.765096 -5.043099 1.381678
      vertex -7.464677 -5.082983 0.928242
      vertex -7.130616 -5.676199 1.314564
    endloop
  endfacet
  facet normal -0.657642 0.114549 0.744571
    outer loop
      vertex -7.130616 -5.676199 1.314564
      vertex -7.464677 -5.082983 0.928242
      vertex -7.627587 -5.365152 0.827762
    endloop
  endfacet
  facet normal -0.657642 0.114549 0.744571
    outer loop
      vertex -7.130616 -5.676199 1.314564
      vertex -7.627587 -5.365152 0.827762
      vertex -7.440490 -6.212916 1.123440
    endloop
  endfacet
  facet normal -0.820579 0.018138 0.571245
    outer loop
      vertex -7.440490 -6.212916 1.123440
      vertex -7.627587 -5.365152 0.827762
      vertex -7.736440 -5.553691 0.677384
    endloop
  endfacet
  facet normal -0.820579 0.018138 0.571245
    outer loop
      vertex -7.440490 -6.212916 1.123440
      vertex -7.736440 -5.553691 0.677384
      vertex -7.647540 -6.571538 0.837404
    endloop
  endfacet
  facet normal -0.972450 -0.049108 0.227881
    outer loop
      vertex -7.647540 -6.571538 0.837404
      vertex -7.736440 -5.553691 0.677384
      vertex -7.774664 -5.619897 0.500000
    endloop
  endfacet
  facet normal -0.972450 -0.049108 0.227881
    outer loop
      vertex -7.647540 -6.571538 0.837404
      vertex -7.774664 -5.619897 0.500000
      vertex -7.720247 -6.697469 0.500000
    endloop
  endfacet
  facet normal 0.000000 0.000000 1.000000
    outer loop
      vertex -6.770359 -3.880389 0.500000
      vertex -7.447355 -4.649197 0.500000
      vertex -7.447355 -4.649197 0.500000
    endloop
  endfacet
  facet normal -0.747805 0.658502 0.084634
    outer loop
      vertex -6.770359 -3.880389 0.500000
      vertex -7.447355 -4.649197 0.500000
      vertex -6.808583 -3.946595 0.677384
    endloop
  endfacet
  facet normal 0.000000 0.000000 1.000000
    outer loop
      vertex -6.808583 -3.946595 0.677384
      vertex -7.447355 -4.649197 0.500000
      vertex -7.447355 -4.649197 0.500000
    endloop
  endfacet
  facet normal -0.747913 0.620302 0.236327
    outer loop
      vertex -6.808583 -3.946595 0.677384
      vertex -7.447355 -4.649197 0.500000
      vertex -6.917436 -4.135134 0.827762
    endloop
  endfacet
  facet normal 0.000000 0.000000 1.000000
    outer loop
      vertex -6.917436 -4.135134 0.827762
      vertex -7.447355 -4.649197 0.500000
      vertex -7.447355 -4.649197 0.500000
    endloop
  endfacet
  facet normal -0.754706 0.558380 0.344428
    outer loop
      vertex -6.917436 -4.135134 0.827762
      vertex -7.447355 -4.649197 0.500000
      vertex -7.080346 -4.417302 0.928242
    endloop
  endfacet
  facet normal 0.000000 0.000000 1.000000
    outer loop
      vertex -7.080346 -4.417302 0.928242
      vertex -7.447355 -4.649197 0.500000
      vertex -7.447355 -4.649197 0.500000
    endloop
  endfacet
  facet normal -0.775130 0.489825 0.399055
    outer loop
      vertex -7.080346 -4.417302 0.928242
      vertex -7.447355 -4.649197 0.500000
      vertex -7.272511 -4.750143 0.963525
    endloop
  endfacet
  facet normal 0.000000 0.000000 1.000000
    outer loop
      vertex -7.272511 -4.750143 0.963525
      vertex -7.447355 -4.649197 0.500000
      vertex -7.447355 -4.649197 0.500000
    endloop
  endfacet
  facet normal -0.811766 0.426370 0.399055
    outer loop
      vertex -7.272511 -4.750143 0.963525
      vertex -7.447355 -4.649197 0.500000
      vertex -7.464677 -5.082983 0.928242
    endloop
  endfacet
  facet normal 0.000000 0.000000 1.000000
    outer loop
      vertex -7.464677 -5.082983 0.928242
      vertex -7.447355 -4.649197 0.500000
      vertex -7.447355 -4.649197 0.500000
    endloop
  endfacet
  facet normal -0.860924 0.374404 0.344428
    outer loop
      vertex -7.464677 -5.082983 0.928242
      vertex -7.447355 -4.649197 0.500000
      vertex -7.627587 -5.365152 0.827762
    endloop
  endfacet
  facet normal 0.000000 0.000000 1.000000
    outer loop
      vertex -7.627587 -5.365152 0.827762
      vertex -7.447355 -4.649197 0.500000
      vertex -7.447355 -4.649197 0.500000
    endloop
  endfacet
  facet normal -0.911154 0.337561 0.236327
    outer loop
      vertex -7.627587 -5.365152 0.827762
      vertex -7.447355 -4.649197 0.500000
      vertex -7.736440 -5.553691 0.677384
    endloop
  endfacet
  facet normal 0.000000 0.000000 1.000000
    outer loop
      vertex -7.736440 -5.553691 0.677384
      vertex -7.447355 -4.649197 0.500000
      vertex -7.447355 -4.649197 0.500000
    endloop
  endfacet
  facet normal -0.944182 0.318368 0.084634
    outer loop
      vertex -7.736440 -5.553691 0.677384
      vertex -7.447355 -4.649197 0.500000
      vertex -7.774664 -5.619897 0.500000
    endloop
  endfacet
  facet normal 0.747805 0.658502 0.084634
    outer loop
      vertex 7.447355 -4.649197 0.500000
      vertex 6.770359 -3.880389 0.500000
      vertex 6.808583 -3.946595 0.677384
    endloop
  endfacet
  facet normal 0.000000 0.000000 1.000000
    outer loop
      vertex 7.447355 -4.649197 0.500000
      vertex 6.808583 -3.946595 0.677384
      vertex 7.447355 -4.649197 0.500000
    endloop
  endfacet
  facet normal 0.747913 0.620302 0.236327
    outer loop
      vertex 7.447355 -4.649197 0.500000
      vertex 6.808583 -3.946595 0.677384
      vertex 6.917436 -4.135134 0.827762
    endloop
  endfacet
  facet normal 0.000000 0.000000 1.000000
    outer loop
      vertex 7.447355 -4.649197 0.500000
      vertex 6.917436 -4.135134 0.827762
      vertex 7.447355 -4.649197 0.500000
    endloop
  endfacet
  facet normal 0.754706 0.558380 0.344428
    outer loop
      vertex 7.447355 -4.649197 0.500000
      vertex 6.917436 -4.135134 0.827762
      vertex 7.080346 -4.417302 0.928242
    endloop
  endfacet
  facet normal 0.000000 0.000000 1.000000
    outer loop
      vertex 7.447355 -4.649197 0.500000
      vertex 7.080346 -4.417302 0.928242
      vertex 7.447355 -4.649197 0.500000
    endloop
  endfacet
  facet normal 0.775130 0.489825 0.399055
    outer loop
      vertex 7.447355 -4.649197 0.500000
      vertex 7.080346 -4.417302 0.928242
      vertex 7.272511 -4.750143 0.963525
    endloop
  endfacet
  facet normal 0.000000 0.000000 1.000000
    outer loop
      vertex 7.447355 -4.649197 0.500000
      vertex 7.272511 -4.750143 0.963525
      vertex 7.447355 -4.649197 0.500000
    endloop
  endfacet
  facet normal 0.811766 0.426370 0.399055
    outer loop
      vertex 7.447355 -4.649197 0.500000
      vertex 7.272511 -4.750143 0.963525
      vertex 7.464677 -5.082983 0.928242
    endloop
  endfacet
  facet normal 0.000000 0.000000 1.000000
    outer loop
      vertex 7.447355 -4.649197 0.500000
      vertex 7.464677 -5.082983 0.928242
      vertex 7.447355 -4.649197 0.500000
    endloop
  endfacet
  facet normal 0.860924 0.374404 0.344428
    outer loop
      vertex 7.447355 -4.649197 0.500000
      vertex 7.464677 -5.082983 0.928242
      vertex 7.627587 -5.365152 0.827762
    endloop
  endfacet
  facet normal 0.000000 0.000000 1.000000
    outer loop
      vertex 7.447355 -4.649197 0.500000
      vertex 7.627587 -5.365152 0.827762
      vertex 7.447355 -4.649197 0.500000
    endloop
  endfacet
  facet normal 0.911154 0.337561 0.236327
    outer loop
      vertex 7.447355 -4.649197 0.500000
      vertex 7.627587 -5.365152 0.827762
      vertex 7.736440 -5.553691 0.677384
    endloop
  endfacet
  facet normal 0.000000 0.000000 1.000000
    outer loop
      vertex 7.447355 -4.649197 0.500000
      vertex 7.736440 -5.553691 0.677384
      vertex 7.447355 -4.649197 0.500000
    endloop
  endfacet
  facet normal 0.944182 0.318368 0.084634
    outer loop
      vertex 7.447355 -4.649197 0.500000
      vertex 7.736440 -5.553691 0.677384
      vertex 7.774664 -5.619897 0.500000
    endloop
  endfacet
  facet normal 0.000000 0.000000 1.000000
    outer loop
      vertex 7.447355 -4.649197 0.500000
      vertex 7.774664 -5.619897 0.500000
      vertex 7.447355 -4.649197 0.500000
    endloop
  endfacet
  facet normal 0.443696 0.866721 0.227881
    outer loop
      vertex 6.770359 -3.880389 0.500000
      vertex 5.809945 -3.388729 0.500000
      vertex 5.882651 -3.514661 0.837404
    endloop
  endfacet
  facet normal 0.443696 0.866721 0.227881
    outer loop
      vertex 6.770359 -3.880389 0.500000
      vertex 5.882651 -3.514661 0.837404
      vertex 6.808583 -3.946595 0.677384
    endloop
  endfacet
  facet normal 0.425997 0.701574 0.571245
    outer loop
      vertex 6.808583 -3.946595 0.677384
      vertex 5.882651 -3.514661 0.837404
      vertex 6.089702 -3.873283 1.123440
    endloop
  endfacet
  facet normal 0.425997 0.701574 0.571245
    outer loop
      vertex 6.808583 -3.946595 0.677384
      vertex 6.089702 -3.873283 1.123440
      vertex 6.917436 -4.135134 0.827762
    endloop
  endfacet
  facet normal 0.428023 0.512260 0.744571
    outer loop
      vertex 6.917436 -4.135134 0.827762
      vertex 6.089702 -3.873283 1.123440
      vertex 6.399575 -4.409999 1.314564
    endloop
  endfacet
  facet normal 0.428023 0.512260 0.744571
    outer loop
      vertex 6.917436 -4.135134 0.827762
      vertex 6.399575 -4.409999 1.314564
      vertex 7.080346 -4.417302 0.928242
    endloop
  endfacet
  facet normal 0.464424 0.354183 0.811705
    outer loop
      vertex 7.080346 -4.417302 0.928242
      vertex 6.399575 -4.409999 1.314564
      vertex 6.765096 -5.043099 1.381678
    endloop
  endfacet
  facet normal 0.464424 0.354183 0.811705
    outer loop
      vertex 7.080346 -4.417302 0.928242
      vertex 6.765096 -5.043099 1.381678
      vertex 7.272511 -4.750143 0.963525
    endloop
  endfacet
  facet normal 0.538943 0.225112 0.811705
    outer loop
      vertex 7.272511 -4.750143 0.963525
      vertex 6.765096 -5.043099 1.381678
      vertex 7.130616 -5.676199 1.314564
    endloop
  endfacet
  facet normal 0.538943 0.225112 0.811705
    outer loop
      vertex 7.272511 -4.750143 0.963525
      vertex 7.130616 -5.676199 1.314564
      vertex 7.464677 -5.082983 0.928242
    endloop
  endfacet
  facet normal 0.657642 0.114549 0.744571
    outer loop
      vertex 7.464677 -5.082983 0.928242
      vertex 7.130616 -5.676199 1.314564
      vertex 7.440490 -6.212916 1.123440
    endloop
  endfacet
  facet normal 0.657642 0.114549 0.744571
    outer loop
      vertex 7.464677 -5.082983 0.928242
      vertex 7.440490 -6.212916 1.123440
      vertex 7.627587 -5.365152 0.827762
    endloop
  endfacet
  facet normal 0.820579 0.018138 0.571245
    outer loop
      vertex 7.627587 -5.365152 0.827762
      vertex 7.440490 -6.212916 1.123440
      vertex 7.647540 -6.571538 0.837404
    endloop
  endfacet
  facet normal 0.820579 0.018138 0.571245
    outer loop
      vertex 7.627587 -5.365152 0.827762
      vertex 7.647540 -6.571538 0.837404
      vertex 7.736440 -5.553691 0.677384
    endloop
  endfacet
  facet normal 0.972450 -0.049108 0.227881
    outer loop
      vertex 7.736440 -5.553691 0.677384
      vertex 7.647540 -6.571538 0.837404
      vertex 7.720247 -6.697469 0.500000
    endloop
  endfacet
  facet normal 0.972450 -0.049108 0.227881
    outer loop
      vertex 7.736440 -5.553691 0.677384
      vertex 7.720247 -6.697469 0.500000
      vertex 7.774664 -5.619897 0.500000
    endloop
  endfacet
  facet normal 0.135651 0.937433 0.320653
    outer loop
      vertex 5.809945 -3.388729 0.500000
      vertex 4.660125 -3.222345 0.500000
      vertex 4.760197 -3.395674 0.964396
    endloop
  endfacet
  facet normal 0.135651 0.937433 0.320653
    outer loop
      vertex 5.809945 -3.388729 0.500000
      vertex 4.760197 -3.395674 0.964396
      vertex 5.882651 -3.514661 0.837404
    endloop
  endfacet
  facet normal 0.153203 0.668739 0.727542
    outer loop
      vertex 5.882651 -3.514661 0.837404
      vertex 4.760197 -3.395674 0.964396
      vertex 5.045178 -3.889276 1.358092
    endloop
  endfacet
  facet normal 0.153203 0.668739 0.727542
    outer loop
      vertex 5.882651 -3.514661 0.837404
      vertex 5.045178 -3.889276 1.358092
      vertex 6.089702 -3.873283 1.123440
    endloop
  endfacet
  facet normal 0.192115 0.425779 0.884197
    outer loop
      vertex 6.089702 -3.873283 1.123440
      vertex 5.045178 -3.889276 1.358092
      vertex 5.471682 -4.628002 1.621151
    endloop
  endfacet
  facet normal 0.192115 0.425779 0.884197
    outer loop
      vertex 6.089702 -3.873283 1.123440
      vertex 5.471682 -4.628002 1.621151
      vertex 6.399575 -4.409999 1.314564
    endloop
  endfacet
  facet normal 0.251883 0.244682 0.936315
    outer loop
      vertex 6.399575 -4.409999 1.314564
      vertex 5.471682 -4.628002 1.621151
      vertex 5.974777 -5.499390 1.713525
    endloop
  endfacet
  facet normal 0.251883 0.244682 0.936315
    outer loop
      vertex 6.399575 -4.409999 1.314564
      vertex 5.974777 -5.499390 1.713525
      vertex 6.765096 -5.043099 1.381678
    endloop
  endfacet
  facet normal 0.337842 0.095796 0.936315
    outer loop
      vertex 6.765096 -5.043099 1.381678
      vertex 5.974777 -5.499390 1.713525
      vertex 6.477873 -6.370777 1.621151
    endloop
  endfacet
  facet normal 0.337842 0.095796 0.936315
    outer loop
      vertex 6.765096 -5.043099 1.381678
      vertex 6.477873 -6.370777 1.621151
      vertex 7.130616 -5.676199 1.314564
    endloop
  endfacet
  facet normal 0.464793 -0.046513 0.884197
    outer loop
      vertex 7.130616 -5.676199 1.314564
      vertex 6.477873 -6.370777 1.621151
      vertex 6.904377 -7.109504 1.358092
    endloop
  endfacet
  facet normal 0.464793 -0.046513 0.884197
    outer loop
      vertex 7.130616 -5.676199 1.314564
      vertex 6.904377 -7.109504 1.358092
      vertex 7.440490 -6.212916 1.123440
    endloop
  endfacet
  facet normal 0.655746 -0.201692 0.727542
    outer loop
      vertex 7.440490 -6.212916 1.123440
      vertex 6.904377 -7.109504 1.358092
      vertex 7.189358 -7.603105 0.964396
    endloop
  endfacet
  facet normal 0.655746 -0.201692 0.727542
    outer loop
      vertex 7.440490 -6.212916 1.123440
      vertex 7.189358 -7.603105 0.964396
      vertex 7.647540 -6.571538 0.837404
    endloop
  endfacet
  facet normal 0.879666 -0.351239 0.320653
    outer loop
      vertex 7.647540 -6.571538 0.837404
      vertex 7.189358 -7.603105 0.964396
      vertex 7.289430 -7.776435 0.500000
    endloop
  endfacet
  facet normal 0.879666 -0.351239 0.320653
    outer loop
      vertex 7.647540 -6.571538 0.837404
      vertex 7.289430 -7.776435 0.500000
      vertex 7.720247 -6.697469 0.500000
    endloop
  endfacet
  facet normal -0.131263 0.919167 0.371353
    outer loop
      vertex 4.660125 -3.222345 0.500000
      vertex 3.433452 -3.397522 0.500000
      vertex 3.551093 -3.601284 1.045930
    endloop
  endfacet
  facet normal -0.131263 0.919167 0.371353
    outer loop
      vertex 4.660125 -3.222345 0.500000
      vertex 3.551093 -3.601284 1.045930
      vertex 4.760197 -3.395674 0.964396
    endloop
  endfacet
  facet normal -0.049341 0.605225 0.794524
    outer loop
      vertex 4.760197 -3.395674 0.964396
      vertex 3.551093 -3.601284 1.045930
      vertex 3.886108 -4.181547 1.508748
    endloop
  endfacet
  facet normal -0.049341 0.605225 0.794524
    outer loop
      vertex 4.760197 -3.395674 0.964396
      vertex 3.886108 -4.181547 1.508748
      vertex 5.045178 -3.889276 1.358092
    endloop
  endfacet
  facet normal 0.032813 0.352042 0.935409
    outer loop
      vertex 5.045178 -3.889276 1.358092
      vertex 3.886108 -4.181547 1.508748
      vertex 4.387494 -5.049972 1.817992
    endloop
  endfacet
  facet normal 0.032813 0.352042 0.935409
    outer loop
      vertex 5.045178 -3.889276 1.358092
      vertex 4.387494 -5.049972 1.817992
      vertex 5.471682 -4.628002 1.621151
    endloop
  endfacet
  facet normal 0.112183 0.168581 0.979283
    outer loop
      vertex 5.471682 -4.628002 1.621151
      vertex 4.387494 -5.049972 1.817992
      vertex 4.978918 -6.074349 1.926585
    endloop
  endfacet
  facet normal 0.112183 0.168581 0.979283
    outer loop
      vertex 5.471682 -4.628002 1.621151
      vertex 4.978918 -6.074349 1.926585
      vertex 5.974777 -5.499390 1.713525
    endloop
  endfacet
  facet normal 0.202087 0.012863 0.979283
    outer loop
      vertex 5.974777 -5.499390 1.713525
      vertex 4.978918 -6.074349 1.926585
      vertex 5.570343 -7.098727 1.817992
    endloop
  endfacet
  facet normal 0.202087 0.012863 0.979283
    outer loop
      vertex 5.974777 -5.499390 1.713525
      vertex 5.570343 -7.098727 1.817992
      vertex 6.477873 -6.370777 1.621151
    endloop
  endfacet
  facet normal 0.321284 -0.147604 0.935409
    outer loop
      vertex 6.477873 -6.370777 1.621151
      vertex 5.570343 -7.098727 1.817992
      vertex 6.071728 -7.967152 1.508748
    endloop
  endfacet
  facet normal 0.321284 -0.147604 0.935409
    outer loop
      vertex 6.477873 -6.370777 1.621151
      vertex 6.071728 -7.967152 1.508748
      vertex 6.904377 -7.109504 1.358092
    endloop
  endfacet
  facet normal 0.499469 -0.345343 0.794524
    outer loop
      vertex 6.904377 -7.109504 1.358092
      vertex 6.071728 -7.967152 1.508748
      vertex 6.406744 -8.547415 1.045930
    endloop
  endfacet
  facet normal 0.499469 -0.345343 0.794524
    outer loop
      vertex 6.904377 -7.109504 1.358092
      vertex 6.406744 -8.547415 1.045930
      vertex 7.189358 -7.603105 0.964396
    endloop
  endfacet
  facet normal 0.730390 -0.573261 0.371353
    outer loop
      vertex 7.189358 -7.603105 0.964396
      vertex 6.406744 -8.547415 1.045930
      vertex 6.524385 -8.751176 0.500000
    endloop
  endfacet
  facet normal 0.730390 -0.573261 0.371353
    outer loop
      vertex 7.189358 -7.603105 0.964396
      vertex 6.524385 -8.751176 0.500000
      vertex 7.289430 -7.776435 0.500000
    endloop
  endfacet
  facet normal -0.357587 0.847064 0.393211
    outer loop
      vertex 3.433452 -3.397522 0.500000
      vertex 2.250000 -3.897114 0.500000
      vertex 2.373696 -4.111362 1.074025
    endloop
  endfacet
  facet normal -0.357587 0.847064 0.393211
    outer loop
      vertex 3.433452 -3.397522 0.500000
      vertex 2.373696 -4.111362 1.074025
      vertex 3.551093 -3.601284 1.045930
    endloop
  endfacet
  facet normal -0.210982 0.532165 0.819931
    outer loop
      vertex 3.551093 -3.601284 1.045930
      vertex 2.373696 -4.111362 1.074025
      vertex 2.725951 -4.721486 1.560660
    endloop
  endfacet
  facet normal -0.210982 0.532165 0.819931
    outer loop
      vertex 3.551093 -3.601284 1.045930
      vertex 2.725951 -4.721486 1.560660
      vertex 3.886108 -4.181547 1.508748
    endloop
  endfacet
  facet normal -0.090934 0.287069 0.953584
    outer loop
      vertex 3.886108 -4.181547 1.508748
      vertex 2.725951 -4.721486 1.560660
      vertex 3.253139 -5.634603 1.885819
    endloop
  endfacet
  facet normal -0.090934 0.287069 0.953584
    outer loop
      vertex 3.886108 -4.181547 1.508748
      vertex 3.253139 -5.634603 1.885819
      vertex 4.387494 -5.049972 1.817992
    endloop
  endfacet
  facet normal 0.003952 0.107673 0.994179
    outer loop
      vertex 4.387494 -5.049972 1.817992
      vertex 3.253139 -5.634603 1.885819
      vertex 3.875000 -6.711697 2.000000
    endloop
  endfacet
  facet normal 0.003952 0.107673 0.994179
    outer loop
      vertex 4.387494 -5.049972 1.817992
      vertex 3.875000 -6.711697 2.000000
      vertex 4.978918 -6.074349 1.926585
    endloop
  endfacet
  facet normal 0.095223 -0.050414 0.994179
    outer loop
      vertex 4.978918 -6.074349 1.926585
      vertex 3.875000 -6.711697 2.000000
      vertex 4.496861 -7.788791 1.885819
    endloop
  endfacet
  facet normal 0.095223 -0.050414 0.994179
    outer loop
      vertex 4.978918 -6.074349 1.926585
      vertex 4.496861 -7.788791 1.885819
      vertex 5.570343 -7.098727 1.817992
    endloop
  endfacet
  facet normal 0.203142 -0.222285 0.953584
    outer loop
      vertex 5.570343 -7.098727 1.817992
      vertex 4.496861 -7.788791 1.885819
      vertex 5.024049 -8.701907 1.560660
    endloop
  endfacet
  facet normal 0.203142 -0.222285 0.953584
    outer loop
      vertex 5.570343 -7.098727 1.817992
      vertex 5.024049 -8.701907 1.560660
      vertex 6.071728 -7.967152 1.508748
    endloop
  endfacet
  facet normal 0.355378 -0.448799 0.819931
    outer loop
      vertex 6.071728 -7.967152 1.508748
      vertex 5.024049 -8.701907 1.560660
      vertex 5.376304 -9.312032 1.074025
    endloop
  endfacet
  facet normal 0.355378 -0.448799 0.819931
    outer loop
      vertex 6.071728 -7.967152 1.508748
      vertex 5.376304 -9.312032 1.074025
      vertex 6.406744 -8.547415 1.045930
    endloop
  endfacet
  facet normal 0.554785 -0.733211 0.393211
    outer loop
      vertex 6.406744 -8.547415 1.045930
      vertex 5.376304 -9.312032 1.074025
      vertex 5.500000 -9.526279 0.500000
    endloop
  endfacet
  facet normal 0.554785 -0.733211 0.393211
    outer loop
      vertex 6.406744 -8.547415 1.045930
      vertex 5.500000 -9.526279 0.500000
      vertex 6.524385 -8.751176 0.500000
    endloop
  endfacet
  facet normal -0.554785 0.733211 0.393211
    outer loop
      vertex 2.250000 -3.897114 0.500000
      vertex 1.225615 -4.672217 0.500000
      vertex 1.343256 -4.875979 1.045930
    endloop
  endfacet
  facet normal -0.554785 0.733211 0.393211
    outer loop
      vertex 2.250000 -3.897114 0.500000
      vertex 1.343256 -4.875979 1.045930
      vertex 2.373696 -4.111362 1.074025
    endloop
  endfacet
  facet normal -0.355378 0.448799 0.819931
    outer loop
      vertex 2.373696 -4.111362 1.074025
      vertex 1.343256 -4.875979 1.045930
      vertex 1.678272 -5.456242 1.508748
    endloop
  endfacet
  facet normal -0.355378 0.448799 0.819931
    outer loop
      vertex 2.373696 -4.111362 1.074025
      vertex 1.678272 -5.456242 1.508748
      vertex 2.725951 -4.721486 1.560660
    endloop
  endfacet
  facet normal -0.203142 0.222285 0.953584
    outer loop
      vertex 2.725951 -4.721486 1.560660
      vertex 1.678272 -5.456242 1.508748
      vertex 2.179657 -6.324667 1.817992
    endloop
  endfacet
  facet normal -0.203142 0.222285 0.953584
    outer loop
      vertex 2.725951 -4.721486 1.560660
      vertex 2.179657 -6.324667 1.817992
      vertex 3.253139 -5.634603 1.885819
    endloop
  endfacet
  facet normal -0.095223 0.050414 0.994179
    outer loop
      vertex 3.253139 -5.634603 1.885819
      vertex 2.179657 -6.324667 1.817992
      vertex 2.771082 -7.349044 1.926585
    endloop
  endfacet
  facet normal -0.095223 0.050414 0.994179
    outer loop
      vertex 3.253139 -5.634603 1.885819
      vertex 2.771082 -7.349044 1.926585
      vertex 3.875000 -6.711697 2.000000
    endloop
  endfacet
  facet normal -0.003952 -0.107673 0.994179
    outer loop
      vertex 3.875000 -6.711697 2.000000
      vertex 2.771082 -7.349044 1.926585
      vertex 3.362506 -8.373422 1.817992
    endloop
  endfacet
  facet normal -0.003952 -0.107673 0.994179
    outer loop
      vertex 3.875000 -6.711697 2.000000
      vertex 3.362506 -8.373422 1.817992
      vertex 4.496861 -7.788791 1.885819
    endloop
  endfacet
  facet normal 0.090934 -0.287069 0.953584
    outer loop
      vertex 4.496861 -7.788791 1.885819
      vertex 3.362506 -8.373422 1.817992
      vertex 3.863892 -9.241847 1.508748
    endloop
  endfacet
  facet normal 0.090934 -0.287069 0.953584
    outer loop
      vertex 4.496861 -7.788791 1.885819
      vertex 3.863892 -9.241847 1.508748
      vertex 5.024049 -8.701907 1.560660
    endloop
  endfacet
  facet normal 0.210982 -0.532165 0.819931
    outer loop
      vertex 5.024049 -8.701907 1.560660
      vertex 3.863892 -9.241847 1.508748
      vertex 4.198907 -9.822110 1.045930
    endloop
  endfacet
  facet normal 0.210982 -0.532165 0.819931
    outer loop
      vertex 5.024049 -8.701907 1.560660
      vertex 4.198907 -9.822110 1.045930
      vertex 5.376304 -9.312032 1.074025
    endloop
  endfacet
  facet normal 0.357587 -0.847064 0.393211
    outer loop
      vertex 5.376304 -9.312032 1.074025
      vertex 4.198907 -9.822110 1.045930
      vertex 4.316548 -10.025872 0.500000
    endloop
  endfacet
  facet normal 0.357587 -0.847064 0.393211
    outer loop
      vertex 5.376304 -9.312032 1.074025
      vertex 4.316548 -10.025872 0.500000
      vertex 5.500000 -9.526279 0.500000
    endloop
  endfacet
  facet normal -0.730390 0.573261 0.371353
    outer loop
      vertex 1.225615 -4.672217 0.500000
      vertex 0.460570 -5.646959 0.500000
      vertex 0.560642 -5.820289 0.964396
    endloop
  endfacet
  facet normal -0.730390 0.573261 0.371353
    outer loop
      vertex 1.225615 -4.672217 0.500000
      vertex 0.560642 -5.820289 0.964396
      vertex 1.343256 -4.875979 1.045930
    endloop
  endfacet
  facet normal -0.499469 0.345343 0.794524
    outer loop
      vertex 1.343256 -4.875979 1.045930
      vertex 0.560642 -5.820289 0.964396
      vertex 0.845623 -6.313890 1.358092
    endloop
  endfacet
  facet normal -0.499469 0.345343 0.794524
    outer loop
      vertex 1.343256 -4.875979 1.045930
      vertex 0.845623 -6.313890 1.358092
      vertex 1.678272 -5.456242 1.508748
    endloop
  endfacet
  facet normal -0.321284 0.147604 0.935409
    outer loop
      vertex 1.678272 -5.456242 1.508748
      vertex 0.845623 -6.313890 1.358092
      vertex 1.272127 -7.052617 1.621151
    endloop
  endfacet
  facet normal -0.321284 0.147604 0.935409
    outer loop
      vertex 1.678272 -5.456242 1.508748
      vertex 1.272127 -7.052617 1.621151
      vertex 2.179657 -6.324667 1.817992
    endloop
  endfacet
  facet normal -0.202087 -0.012863 0.979283
    outer loop
      vertex 2.179657 -6.324667 1.817992
      vertex 1.272127 -7.052617 1.621151
      vertex 1.775223 -7.924004 1.713525
    endloop
  endfacet
  facet normal -0.202087 -0.012863 0.979283
    outer loop
      vertex 2.179657 -6.324667 1.817992
      vertex 1.775223 -7.924004 1.713525
      vertex 2.771082 -7.349044 1.926585
    endloop
  endfacet
  facet normal -0.112183 -0.168581 0.979283
    outer loop
      vertex 2.771082 -7.349044 1.926585
      vertex 1.775223 -7.924004 1.713525
      vertex 2.278318 -8.795391 1.621151
    endloop
  endfacet
  facet normal -0.112183 -0.168581 0.979283
    outer loop
      vertex 2.771082 -7.349044 1.926585
      vertex 2.278318 -8.795391 1.621151
      vertex 3.362506 -8.373422 1.817992
    endloop
  endfacet
  facet normal -0.032813 -0.352042 0.935409
    outer loop
      vertex 3.362506 -8.373422 1.817992
      vertex 2.278318 -8.795391 1.621151
      vertex 2.704822 -9.534118 1.358092
    endloop
  endfacet
  facet normal -0.032813 -0.352042 0.935409
    outer loop
      vertex 3.362506 -8.373422 1.817992
      vertex 2.704822 -9.534118 1.358092
      vertex 3.863892 -9.241847 1.508748
    endloop
  endfacet
  facet normal 0.049341 -0.605225 0.794524
    outer loop
      vertex 3.863892 -9.241847 1.508748
      vertex 2.704822 -9.534118 1.358092
      vertex 2.989803 -10.027719 0.964396
    endloop
  endfacet
  facet normal 0.049341 -0.605225 0.794524
    outer loop
      vertex 3.863892 -9.241847 1.508748
      vertex 2.989803 -10.027719 0.964396
      vertex 4.198907 -9.822110 1.045930
    endloop
  endfacet
  facet normal 0.131263 -0.919167 0.371353
    outer loop
      vertex 4.198907 -9.822110 1.045930
      vertex 2.989803 -10.027719 0.964396
      vertex 3.089875 -10.201049 0.500000
    endloop
  endfacet
  facet normal 0.131263 -0.919167 0.371353
    outer loop
      vertex 4.198907 -9.822110 1.045930
      vertex 3.089875 -10.201049 0.500000
      vertex 4.316548 -10.025872 0.500000
    endloop
  endfacet
  facet normal -0.879666 0.351239 0.320653
    outer loop
      vertex 0.460570 -5.646959 0.500000
      vertex 0.029753 -6.725924 0.500000
      vertex 0.102460 -6.851856 0.837404
    endloop
  endfacet
  facet normal -0.879666 0.351239 0.320653
    outer loop
      vertex 0.460570 -5.646959 0.500000
      vertex 0.102460 -6.851856 0.837404
      vertex 0.560642 -5.820289 0.964396
    endloop
  endfacet
  facet normal -0.655746 0.201692 0.727542
    outer loop
      vertex 0.560642 -5.820289 0.964396
      vertex 0.102460 -6.851856 0.837404
      vertex 0.309510 -7.210478 1.123440
    endloop
  endfacet
  facet normal -0.655746 0.201692 0.727542
    outer loop
      vertex 0.560642 -5.820289 0.964396
      vertex 0.309510 -7.210478 1.123440
      vertex 0.845623 -6.313890 1.358092
    endloop
  endfacet
  facet normal -0.464793 0.046513 0.884197
    outer loop
      vertex 0.845623 -6.313890 1.358092
      vertex 0.309510 -7.210478 1.123440
      vertex 0.619384 -7.747194 1.314564
    endloop
  endfacet
  facet normal -0.464793 0.046513 0.884197
    outer loop
      vertex 0.845623 -6.313890 1.358092
      vertex 0.619384 -7.747194 1.314564
      vertex 1.272127 -7.052617 1.621151
    endloop
  endfacet
  facet normal -0.337842 -0.095796 0.936315
    outer loop
      vertex 1.272127 -7.052617 1.621151
      vertex 0.619384 -7.747194 1.314564
      vertex 0.984904 -8.380294 1.381678
    endloop
  endfacet
  facet normal -0.337842 -0.095796 0.936315
    outer loop
      vertex 1.272127 -7.052617 1.621151
      vertex 0.984904 -8.380294 1.381678
      vertex 1.775223 -7.924004 1.713525
    endloop
  endfacet
  facet normal -0.251883 -0.244682 0.936315
    outer loop
      vertex 1.775223 -7.924004 1.713525
      vertex 0.984904 -8.380294 1.381678
      vertex 1.350425 -9.013394 1.314564
    endloop
  endfacet
  facet normal -0.251883 -0.244682 0.936315
    outer loop
      vertex 1.775223 -7.924004 1.713525
      vertex 1.350425 -9.013394 1.314564
      vertex 2.278318 -8.795391 1.621151
    endloop
  endfacet
  facet normal -0.192115 -0.425779 0.884197
    outer loop
      vertex 2.278318 -8.795391 1.621151
      vertex 1.350425 -9.013394 1.314564
      vertex 1.660298 -9.550111 1.123440
    endloop
  endfacet
  facet normal -0.192115 -0.425779 0.884197
    outer loop
      vertex 2.278318 -8.795391 1.621151
      vertex 1.660298 -9.550111 1.123440
      vertex 2.704822 -9.534118 1.358092
    endloop
  endfacet
  facet normal -0.153203 -0.668739 0.727542
    outer loop
      vertex 2.704822 -9.534118 1.358092
      vertex 1.660298 -9.550111 1.123440
      vertex 1.867349 -9.908733 0.837404
    endloop
  endfacet
  facet normal -0.153203 -0.668739 0.727542
    outer loop
      vertex 2.704822 -9.534118 1.358092
      vertex 1.867349 -9.908733 0.837404
      vertex 2.989803 -10.027719 0.964396
    endloop
  endfacet
  facet normal -0.135651 -0.937433 0.320653
    outer loop
      vertex 2.989803 -10.027719 0.964396
      vertex 1.867349 -9.908733 0.837404
      vertex 1.940055 -10.034665 0.500000
    endloop
  endfacet
  facet normal -0.135651 -0.937433 0.320653
    outer loop
      vertex 2.989803 -10.027719 0.964396
      vertex 1.940055 -10.034665 0.500000
      vertex 3.089875 -10.201049 0.500000
    endloop
  endfacet
  facet normal -0.972450 0.049108 0.227881
    outer loop
      vertex 0.029753 -6.725924 0.500000
      vertex -0.024664 -7.803497 0.500000
      vertex 0.013560 -7.869703 0.677384
    endloop
  endfacet
  facet normal -0.972450 0.049108 0.227881
    outer loop
      vertex 0.029753 -6.725924 0.500000
      vertex 0.013560 -7.869703 0.677384
      vertex 0.102460 -6.851856 0.837404
    endloop
  endfacet
  facet normal -0.820579 -0.018138 0.571245
    outer loop
      vertex 0.102460 -6.851856 0.837404
      vertex 0.013560 -7.869703 0.677384
      vertex 0.122413 -8.058242 0.827762
    endloop
  endfacet
  facet normal -0.820579 -0.018138 0.571245
    outer loop
      vertex 0.102460 -6.851856 0.837404
      vertex 0.122413 -8.058242 0.827762
      vertex 0.309510 -7.210478 1.123440
    endloop
  endfacet
  facet normal -0.657642 -0.114549 0.744571
    outer loop
      vertex 0.309510 -7.210478 1.123440
      vertex 0.122413 -8.058242 0.827762
      vertex 0.285323 -8.340411 0.928242
    endloop
  endfacet
  facet normal -0.657642 -0.114549 0.744571
    outer loop
      vertex 0.309510 -7.210478 1.123440
      vertex 0.285323 -8.340411 0.928242
      vertex 0.619384 -7.747194 1.314564
    endloop
  endfacet
  facet normal -0.538943 -0.225112 0.811705
    outer loop
      vertex 0.619384 -7.747194 1.314564
      vertex 0.285323 -8.340411 0.928242
      vertex 0.477489 -8.673251 0.963525
    endloop
  endfacet
  facet normal -0.538943 -0.225112 0.811705
    outer loop
      vertex 0.619384 -7.747194 1.314564
      vertex 0.477489 -8.673251 0.963525
      vertex 0.984904 -8.380294 1.381678
    endloop
  endfacet
  facet normal -0.464424 -0.354183 0.811705
    outer loop
      vertex 0.984904 -8.380294 1.381678
      vertex 0.477489 -8.673251 0.963525
      vertex 0.669654 -9.006091 0.928242
    endloop
  endfacet
  facet normal -0.464424 -0.354183 0.811705
    outer loop
      vertex 0.984904 -8.380294 1.381678
      vertex 0.669654 -9.006091 0.928242
      vertex 1.350425 -9.013394 1.314564
    endloop
  endfacet
  facet normal -0.428023 -0.512260 0.744571
    outer loop
      vertex 1.350425 -9.013394 1.314564
      vertex 0.669654 -9.006091 0.928242
      vertex 0.832564 -9.288260 0.827762
    endloop
  endfacet
  facet normal -0.428023 -0.512260 0.744571
    outer loop
      vertex 1.350425 -9.013394 1.314564
      vertex 0.832564 -9.288260 0.827762
      vertex 1.660298 -9.550111 1.123440
    endloop
  endfacet
  facet normal -0.425997 -0.701574 0.571245
    outer loop
      vertex 1.660298 -9.550111 1.123440
      vertex 0.832564 -9.288260 0.827762
      vertex 0.941417 -9.476799 0.677384
    endloop
  endfacet
  facet normal -0.425997 -0.701574 0.571245
    outer loop
      vertex 1.660298 -9.550111 1.123440
      vertex 0.941417 -9.476799 0.677384
      vertex 1.867349 -9.908733 0.837404
    endloop
  endfacet
  facet normal -0.443696 -0.866721 0.227881
    outer loop
      vertex 1.867349 -9.908733 0.837404
      vertex 0.941417 -9.476799 0.677384
      vertex 0.979641 -9.543005 0.500000
    endloop
  endfacet
  facet normal -0.443696 -0.866721 0.227881
    outer loop
      vertex 1.867349 -9.908733 0.837404
      vertex 0.979641 -9.543005 0.500000
      vertex 1.940055 -10.034665 0.500000
    endloop
  endfacet
  facet normal 0.000000 0.000000 1.000000
    outer loop
      vertex -0.024664 -7.803497 0.500000
      vertex 0.302645 -8.774197 0.500000
      vertex 0.302645 -8.774197 0.500000
    endloop
  endfacet
  facet normal -0.944182 -0.318368 0.084634
    outer loop
      vertex -0.024664 -7.803497 0.500000
      vertex 0.302645 -8.774197 0.500000
      vertex 0.013560 -7.869703 0.677384
    endloop
  endfacet
  facet normal 0.000000 0.000000 1.000000
    outer loop
      vertex 0.013560 -7.869703 0.677384
      vertex 0.302645 -8.774197 0.500000
      vertex 0.302645 -8.774197 0.500000
    endloop
  endfacet
  facet normal -0.911154 -0.337561 0.236327
    outer loop
      vertex 0.013560 -7.869703 0.677384
      vertex 0.302645 -8.774197 0.500000
      vertex 0.122413 -8.058242 0.827762
    endloop
  endfacet
  facet normal 0.000000 0.000000 1.000000
    outer loop
      vertex 0.122413 -8.058242 0.827762
      vertex 0.302645 -8.774197 0.500000
      vertex 0.302645 -8.774197 0.500000
    endloop
  endfacet
  facet normal -0.860924 -0.374404 0.344428
    outer loop
      vertex 0.122413 -8.058242 0.827762
      vertex 0.302645 -8.774197 0.500000
      vertex 0.285323 -8.340411 0.928242
    endloop
  endfacet
  facet normal 0.000000 0.000000 1.000000
    outer loop
      vertex 0.285323 -8.340411 0.928242
      vertex 0.302645 -8.774197 0.500000
      vertex 0.302645 -8.774197 0.500000
    endloop
  endfacet
  facet normal -0.811766 -0.426370 0.399055
    outer loop
      vertex 0.285323 -8.340411 0.928242
      vertex 0.302645 -8.774197 0.500000
      vertex 0.477489 -8.673251 0.963525
    endloop
  endfacet
  facet normal 0.000000 0.000000 1.000000
    outer loop
      vertex 0.477489 -8.673251 0.963525
      vertex 0.302645 -8.774197 0.500000
      vertex 0.302645 -8.774197 0.500000
    endloop
  endfacet
  facet normal -0.775130 -0.489825 0.399055
    outer loop
      vertex 0.477489 -8.673251 0.963525
      vertex 0.302645 -8.774197 0.500000
      vertex 0.669654 -9.006091 0.928242
    endloop
  endfacet
  facet normal 0.000000 0.000000 1.000000
    outer loop
      vertex 0.669654 -9.006091 0.928242
      vertex 0.302645 -8.774197 0.500000
      vertex 0.302645 -8.774197 0.500000
    endloop
  endfacet
  facet normal -0.754706 -0.558380 0.344428
    outer loop
      vertex 0.669654 -9.006091 0.928242
      vertex 0.302645 -8.774197 0.500000
      vertex 0.832564 -9.288260 0.827762
    endloop
  endfacet
  facet normal 0.000000 0.000000 1.000000
    outer loop
      vertex 0.832564 -9.288260 0.827762
      vertex 0.302645 -8.774197 0.500000
      vertex 0.302645 -8.774197 0.500000
    endloop
  endfacet
  facet normal -0.747913 -0.620302 0.236327
    outer loop
      vertex 0.832564 -9.288260 0.827762
      vertex 0.302645 -8.774197 0.500000
      vertex 0.941417 -9.476799 0.677384
    endloop
  endfacet
  facet normal 0.000000 0.000000 1.000000
    outer loop
      vertex 0.941417 -9.476799 0.677384
      vertex 0.302645 -8.774197 0.500000
      vertex 0.302645 -8.774197 0.500000
    endloop
  endfacet
  facet normal -0.747805 -0.658502 0.084634
    outer loop
      vertex 0.941417 -9.476799 0.677384
      vertex 0.302645 -8.774197 0.500000
      vertex 0.979641 -9.543005 0.500000
    endloop
  endfacet
  facet normal 0.985280 0.156053 0.069789
    outer loop
      vertex 2.250000 0.000000 0.500000
      vertex 2.139877 0.695288 0.500000
      vertex 2.113532 0.686728 0.891086
    endloop
  endfacet
  facet normal 0.985280 0.156053 0.069789
    outer loop
      vertex 2.250000 0.000000 0.500000
      vertex 2.113532 0.686728 0.891086
      vertex 2.222299 0.000000 0.891086
    endloop
  endfacet
  facet normal 0.965937 0.152989 0.208711
    outer loop
      vertex 2.222299 0.000000 0.891086
      vertex 2.113532 0.686728 0.891086
      vertex 2.035144 0.661258 1.272542
    endloop
  endfacet
  facet normal 0.965937 0.152989 0.208711
    outer loop
      vertex 2.222299 0.000000 0.891086
      vertex 2.035144 0.661258 1.272542
      vertex 2.139877 0.000000 1.272542
    endloop
  endfacet
  facet normal 0.926856 0.146800 0.345525
    outer loop
      vertex 2.139877 0.000000 1.272542
      vertex 2.035144 0.661258 1.272542
      vertex 1.906645 0.619506 1.634976
    endloop
  endfacet
  facet normal 0.926856 0.146800 0.345525
    outer loop
      vertex 2.139877 0.000000 1.272542
      vertex 1.906645 0.619506 1.634976
      vertex 2.004765 0.000000 1.634976
    endloop
  endfacet
  facet normal 0.867351 0.137375 0.478362
    outer loop
      vertex 2.004765 0.000000 1.634976
      vertex 1.906645 0.619506 1.634976
      vertex 1.731197 0.562500 1.969463
    endloop
  endfacet
  facet normal 0.867351 0.137375 0.478362
    outer loop
      vertex 2.004765 0.000000 1.634976
      vertex 1.731197 0.562500 1.969463
      vertex 1.820288 0.000000 1.969463
    endloop
  endfacet
  facet normal 0.786660 0.124595 0.604684
    outer loop
      vertex 1.820288 0.000000 1.969463
      vertex 1.731197 0.562500 1.969463
      vertex 1.513122 0.491643 2.267767
    endloop
  endfacet
  facet normal 0.786660 0.124595 0.604684
    outer loop
      vertex 1.820288 0.000000 1.969463
      vertex 1.513122 0.491643 2.267767
      vertex 1.590990 0.000000 2.267767
    endloop
  endfacet
  facet normal 0.684305 0.108383 0.721096
    outer loop
      vertex 1.590990 0.000000 2.267767
      vertex 1.513122 0.491643 2.267767
      vertex 1.257788 0.408680 2.522542
    endloop
  endfacet
  facet normal 0.684305 0.108383 0.721096
    outer loop
      vertex 1.590990 0.000000 2.267767
      vertex 1.257788 0.408680 2.522542
      vertex 1.322517 0.000000 2.522542
    endloop
  endfacet
  facet normal 0.560590 0.088789 0.823320
    outer loop
      vertex 1.322517 0.000000 2.522542
      vertex 1.257788 0.408680 2.522542
      vertex 0.971484 0.315654 2.727516
    endloop
  endfacet
  facet normal 0.560590 0.088789 0.823320
    outer loop
      vertex 1.322517 0.000000 2.522542
      vertex 0.971484 0.315654 2.727516
      vertex 1.021479 0.000000 2.727516
    endloop
  endfacet
  facet normal 0.417170 0.066073 0.906424
    outer loop
      vertex 1.021479 0.000000 2.727516
      vertex 0.971484 0.315654 2.727516
      vertex 0.661258 0.214856 2.877641
    endloop
  endfacet
  facet normal 0.417170 0.066073 0.906424
    outer loop
      vertex 1.021479 0.000000 2.727516
      vertex 0.661258 0.214856 2.877641
      vertex 0.695288 0.000000 2.877641
    endloop
  endfacet
  facet normal 0.257527 0.040788 0.965410
    outer loop
      vertex 0.695288 0.000000 2.877641
      vertex 0.661258 0.214856 2.877641
      vertex 0.334751 0.108767 2.969221
    endloop
  endfacet
  facet normal 0.257527 0.040788 0.965410
    outer loop
      vertex 0.695288 0.000000 2.877641
      vertex 0.334751 0.108767 2.969221
      vertex 0.351978 0.000000 2.969221
    endloop
  endfacet
  facet normal 0.087106 0.013796 0.996104
    outer loop
      vertex 0.351978 0.000000 2.969221
      vertex 0.334751 0.108767 2.969221
      vertex 0.000000 0.000000 3.000000
    endloop
  endfacet
  facet normal 0.000000 0.000000 1.000000
    outer loop
      vertex 0.351978 0.000000 2.969221
      vertex 0.000000 0.000000 3.000000
      vertex 0.000000 0.000000 3.000000
    endloop
  endfacet
  facet normal 0.888834 0.452884 0.069789
    outer loop
      vertex 2.139877 0.695288 0.500000
      vertex 1.820288 1.322517 0.500000
      vertex 1.797877 1.306234 0.891086
    endloop
  endfacet
  facet normal 0.888834 0.452884 0.069789
    outer loop
      vertex 2.139877 0.695288 0.500000
      vertex 1.797877 1.306234 0.891086
      vertex 2.113532 0.686728 0.891086
    endloop
  endfacet
  facet normal 0.871384 0.443992 0.208711
    outer loop
      vertex 2.113532 0.686728 0.891086
      vertex 1.797877 1.306234 0.891086
      vertex 1.731197 1.257788 1.272542
    endloop
  endfacet
  facet normal 0.871384 0.443992 0.208711
    outer loop
      vertex 2.113532 0.686728 0.891086
      vertex 1.731197 1.257788 1.272542
      vertex 2.035144 0.661258 1.272542
    endloop
  endfacet
  facet normal 0.836129 0.426029 0.345525
    outer loop
      vertex 2.035144 0.661258 1.272542
      vertex 1.731197 1.257788 1.272542
      vertex 1.621889 1.178371 1.634976
    endloop
  endfacet
  facet normal 0.836129 0.426029 0.345525
    outer loop
      vertex 2.035144 0.661258 1.272542
      vertex 1.621889 1.178371 1.634976
      vertex 1.906645 0.619506 1.634976
    endloop
  endfacet
  facet normal 0.782449 0.398678 0.478362
    outer loop
      vertex 1.906645 0.619506 1.634976
      vertex 1.621889 1.178371 1.634976
      vertex 1.472644 1.069939 1.969463
    endloop
  endfacet
  facet normal 0.782449 0.398678 0.478362
    outer loop
      vertex 1.906645 0.619506 1.634976
      vertex 1.472644 1.069939 1.969463
      vertex 1.731197 0.562500 1.969463
    endloop
  endfacet
  facet normal 0.709656 0.361588 0.604684
    outer loop
      vertex 1.731197 0.562500 1.969463
      vertex 1.472644 1.069939 1.969463
      vertex 1.287138 0.935161 2.267767
    endloop
  endfacet
  facet normal 0.709656 0.361588 0.604684
    outer loop
      vertex 1.731197 0.562500 1.969463
      vertex 1.287138 0.935161 2.267767
      vertex 1.513122 0.491643 2.267767
    endloop
  endfacet
  facet normal 0.617320 0.314540 0.721096
    outer loop
      vertex 1.513122 0.491643 2.267767
      vertex 1.287138 0.935161 2.267767
      vertex 1.069939 0.777356 2.522542
    endloop
  endfacet
  facet normal 0.617320 0.314540 0.721096
    outer loop
      vertex 1.513122 0.491643 2.267767
      vertex 1.069939 0.777356 2.522542
      vertex 1.257788 0.408680 2.522542
    endloop
  endfacet
  facet normal 0.505716 0.257675 0.823320
    outer loop
      vertex 1.257788 0.408680 2.522542
      vertex 1.069939 0.777356 2.522542
      vertex 0.826394 0.600410 2.727516
    endloop
  endfacet
  facet normal 0.505716 0.257675 0.823320
    outer loop
      vertex 1.257788 0.408680 2.522542
      vertex 0.826394 0.600410 2.727516
      vertex 0.971484 0.315654 2.727516
    endloop
  endfacet
  facet normal 0.376334 0.191752 0.906424
    outer loop
      vertex 0.971484 0.315654 2.727516
      vertex 0.826394 0.600410 2.727516
      vertex 0.562500 0.408680 2.877641
    endloop
  endfacet
  facet normal 0.376334 0.191752 0.906424
    outer loop
      vertex 0.971484 0.315654 2.727516
      vertex 0.562500 0.408680 2.877641
      vertex 0.661258 0.214856 2.877641
    endloop
  endfacet
  facet normal 0.232319 0.118372 0.965410
    outer loop
      vertex 0.661258 0.214856 2.877641
      vertex 0.562500 0.408680 2.877641
      vertex 0.284756 0.206887 2.969221
    endloop
  endfacet
  facet normal 0.232319 0.118372 0.965410
    outer loop
      vertex 0.661258 0.214856 2.877641
      vertex 0.284756 0.206887 2.969221
      vertex 0.334751 0.108767 2.969221
    endloop
  endfacet
  facet normal 0.078579 0.040038 0.996104
    outer loop
      vertex 0.334751 0.108767 2.969221
      vertex 0.284756 0.206887 2.969221
      vertex 0.000000 0.000000 3.000000
    endloop
  endfacet
  facet normal 0.000000 0.000000 1.000000
    outer loop
      vertex 0.334751 0.108767 2.969221
      vertex 0.000000 0.000000 3.000000
      vertex 0.000000 0.000000 3.000000
    endloop
  endfacet
  facet normal 0.705383 0.705383 0.069789
    outer loop
      vertex 1.820288 1.322517 0.500000
      vertex 1.322517 1.820288 0.500000
      vertex 1.306234 1.797877 0.891086
    endloop
  endfacet
  facet normal 0.705383 0.705383 0.069789
    outer loop
      vertex 1.820288 1.322517 0.500000
      vertex 1.306234 1.797877 0.891086
      vertex 1.797877 1.306234 0.891086
    endloop
  endfacet
  facet normal 0.691534 0.691534 0.208711
    outer loop
      vertex 1.797877 1.306234 0.891086
      vertex 1.306234 1.797877 0.891086
      vertex 1.257788 1.731197 1.272542
    endloop
  endfacet
  facet normal 0.691534 0.691534 0.208711
    outer loop
      vertex 1.797877 1.306234 0.891086
      vertex 1.257788 1.731197 1.272542
      vertex 1.731197 1.257788 1.272542
    endloop
  endfacet
  facet normal 0.663556 0.663556 0.345525
    outer loop
      vertex 1.731197 1.257788 1.272542
      vertex 1.257788 1.731197 1.272542
      vertex 1.178371 1.621889 1.634976
    endloop
  endfacet
  facet normal 0.663556 0.663556 0.345525
    outer loop
      vertex 1.731197 1.257788 1.272542
      vertex 1.178371 1.621889 1.634976
      vertex 1.621889 1.178371 1.634976
    endloop
  endfacet
  facet normal 0.620955 0.620955 0.478362
    outer loop
      vertex 1.621889 1.178371 1.634976
      vertex 1.178371 1.621889 1.634976
      vertex 1.069939 1.472644 1.969463
    endloop
  endfacet
  facet normal 0.620955 0.620955 0.478362
    outer loop
      vertex 1.621889 1.178371 1.634976
      vertex 1.069939 1.472644 1.969463
      vertex 1.472644 1.069939 1.969463
    endloop
  endfacet
  facet normal 0.563186 0.563186 0.604684
    outer loop
      vertex 1.472644 1.069939 1.969463
      vertex 1.069939 1.472644 1.969463
      vertex 0.935161 1.287138 2.267767
    endloop
  endfacet
  facet normal 0.563186 0.563186 0.604684
    outer loop
      vertex 1.472644 1.069939 1.969463
      vertex 0.935161 1.287138 2.267767
      vertex 1.287138 0.935161 2.267767
    endloop
  endfacet
  facet normal 0.489908 0.489908 0.721096
    outer loop
      vertex 1.287138 0.935161 2.267767
      vertex 0.935161 1.287138 2.267767
      vertex 0.777356 1.069939 2.522542
    endloop
  endfacet
  facet normal 0.489908 0.489908 0.721096
    outer loop
      vertex 1.287138 0.935161 2.267767
      vertex 0.777356 1.069939 2.522542
      vertex 1.069939 0.777356 2.522542
    endloop
  endfacet
  facet normal 0.401338 0.401338 0.823320
    outer loop
      vertex 1.069939 0.777356 2.522542
      vertex 0.777356 1.069939 2.522542
      vertex 0.600410 0.826394 2.727516
    endloop
  endfacet
  facet normal 0.401338 0.401338 0.823320
    outer loop
      vertex 1.069939 0.777356 2.522542
      vertex 0.600410 0.826394 2.727516
      vertex 0.826394 0.600410 2.727516
    endloop
  endfacet
  facet normal 0.298661 0.298661 0.906424
    outer loop
      vertex 0.826394 0.600410 2.727516
      vertex 0.600410 0.826394 2.727516
      vertex 0.408680 0.562500 2.877641
    endloop
  endfacet
  facet normal 0.298661 0.298661 0.906424
    outer loop
      vertex 0.826394 0.600410 2.727516
      vertex 0.408680 0.562500 2.877641
      vertex 0.562500 0.408680 2.877641
    endloop
  endfacet
  facet normal 0.184369 0.184369 0.965410
    outer loop
      vertex 0.562500 0.408680 2.877641
      vertex 0.408680 0.562500 2.877641
      vertex 0.206887 0.284756 2.969221
    endloop
  endfacet
  facet normal 0.184369 0.184369 0.965410
    outer loop
      vertex 0.562500 0.408680 2.877641
      vertex 0.206887 0.284756 2.969221
      vertex 0.284756 0.206887 2.969221
    endloop
  endfacet
  facet normal 0.062361 0.062361 0.996104
    outer loop
      vertex 0.284756 0.206887 2.969221
      vertex 0.206887 0.284756 2.969221
      vertex 0.000000 0.000000 3.000000
    endloop
  endfacet
  facet normal 0.000000 0.000000 1.000000
    outer loop
      vertex 0.284756 0.206887 2.969221
      vertex 0.000000 0.000000 3.000000
      vertex 0.000000 0.000000 3.000000
    endloop
  endfacet
  facet normal 0.452884 0.888834 0.069789
    outer loop
      vertex 1.322517 1.820288 0.500000
      vertex 0.695288 2.139877 0.500000
      vertex 0.686728 2.113532 0.891086
    endloop
  endfacet
  facet normal 0.452884 0.888834 0.069789
    outer loop
      vertex 1.322517 1.820288 0.500000
      vertex 0.686728 2.113532 0.891086
      vertex 1.306234 1.797877 0.891086
    endloop
  endfacet
  facet normal 0.443992 0.871384 0.208711
    outer loop
      vertex 1.306234 1.797877 0.891086
      vertex 0.686728 2.113532 0.891086
      vertex 0.661258 2.035144 1.272542
    endloop
  endfacet
  facet normal 0.443992 0.871384 0.208711
    outer loop
      vertex 1.306234 1.797877 0.891086
      vertex 0.661258 2.035144 1.272542
      vertex 1.257788 1.731197 1.272542
    endloop
  endfacet
  facet normal 0.426029 0.836129 0.345525
    outer loop
      vertex 1.257788 1.731197 1.272542
      vertex 0.661258 2.035144 1.272542
      vertex 0.619506 1.906645 1.634976
    endloop
  endfacet
  facet normal 0.426029 0.836129 0.345525
    outer loop
      vertex 1.257788 1.731197 1.272542
      vertex 0.619506 1.906645 1.634976
      vertex 1.178371 1.621889 1.634976
    endloop
  endfacet
  facet normal 0.398678 0.782449 0.478362
    outer loop
      vertex 1.178371 1.621889 1.634976
      vertex 0.619506 1.906645 1.634976
      vertex 0.562500 1.731197 1.969463
    endloop
  endfacet
  facet normal 0.398678 0.782449 0.478362
    outer loop
      vertex 1.178371 1.621889 1.634976
      vertex 0.562500 1.731197 1.969463
      vertex 1.069939 1.472644 1.969463
    endloop
  endfacet
  facet normal 0.361588 0.709656 0.604684
    outer loop
      vertex 1.069939 1.472644 1.969463
      vertex 0.562500 1.731197 1.969463
      vertex 0.491643 1.513122 2.267767
    endloop
  endfacet
  facet normal 0.361588 0.709656 0.604684
    outer loop
      vertex 1.069939 1.472644 1.969463
      vertex 0.491643 1.513122 2.267767
      vertex 0.935161 1.287138 2.267767
    endloop
  endfacet
  facet normal 0.314540 0.617320 0.721096
    outer loop
      vertex 0.935161 1.287138 2.267767
      vertex 0.491643 1.513122 2.267767
      vertex 0.408680 1.257788 2.522542
    endloop
  endfacet
  facet normal 0.314540 0.617320 0.721096
    outer loop
      vertex 0.935161 1.287138 2.267767
      vertex 0.408680 1.257788 2.522542
      vertex 0.777356 1.069939 2.522542
    endloop
  endfacet
  facet normal 0.257675 0.505716 0.823320
    outer loop
      vertex 0.777356 1.069939 2.522542
      vertex 0.408680 1.257788 2.522542
      vertex 0.315654 0.971484 2.727516
    endloop
  endfacet
  facet normal 0.257675 0.505716 0.823320
    outer loop
      vertex 0.777356 1.069939 2.522542
      vertex 0.315654 0.971484 2.727516
      vertex 0.600410 0.826394 2.727516
    endloop
  endfacet
  facet normal 0.191752 0.376334 0.906424
    outer loop
      vertex 0.600410 0.826394 2.727516
      vertex 0.315654 0.971484 2.727516
      vertex 0.214856 0.661258 2.877641
    endloop
  endfacet
  facet normal 0.191752 0.376334 0.906424
    outer loop
      vertex 0.600410 0.826394 2.727516
      vertex 0.214856 0.661258 2.877641
      vertex 0.408680 0.562500 2.877641
    endloop
  endfacet
  facet normal 0.118372 0.232319 0.965410
    outer loop
      vertex 0.408680 0.562500 2.877641
      vertex 0.214856 0.661258 2.877641
      vertex 0.108767 0.334751 2.969221
    endloop
  endfacet
  facet normal 0.118372 0.232319 0.965410
    outer loop
      vertex 0.408680 0.562500 2.877641
      vertex 0.108767 0.334751 2.969221
      vertex 0.206887 0.284756 2.969221
    endloop
  endfacet
  facet normal 0.040038 0.078579 0.996104
    outer loop
      vertex 0.206887 0.284756 2.969221
      vertex 0.108767 0.334751 2.969221
      vertex 0.000000 0.000000 3.000000
    endloop
  endfacet
  facet normal 0.000000 0.000000 1.000000
    outer loop
      vertex 0.206887 0.284756 2.969221
      vertex 0.000000 0.000000 3.000000
      vertex 0.000000 0.000000 3.000000
    endloop
  endfacet
  facet normal 0.156053 0.985280 0.069789
    outer loop
      vertex 0.695288 2.139877 0.500000
      vertex 0.000000 2.250000 0.500000
      vertex 0.000000 2.222299 0.891086
    endloop
  endfacet
  facet normal 0.156053 0.985280 0.069789
    outer loop
      vertex 0.695288 2.139877 0.500000
      vertex 0.000000 2.222299 0.891086
      vertex 0.686728 2.113532 0.891086
    endloop
  endfacet
  facet normal 0.152989 0.965937 0.208711
    outer loop
      vertex 0.686728 2.113532 0.891086
      vertex 0.000000 2.222299 0.891086
      vertex 0.000000 2.139877 1.272542
    endloop
  endfacet
  facet normal 0.152989 0.965937 0.208711
    outer loop
      vertex 0.686728 2.113532 0.891086
      vertex 0.000000 2.139877 1.272542
      vertex 0.661258 2.035144 1.272542
    endloop
  endfacet
  facet normal 0.146800 0.926856 0.345525
    outer loop
      vertex 0.661258 2.035144 1.272542
      vertex 0.000000 2.139877 1.272542
      vertex 0.000000 2.004765 1.634976
    endloop
  endfacet
  facet normal 0.146800 0.926856 0.345525
    outer loop
      vertex 0.661258 2.035144 1.272542
      vertex 0.000000 2.004765 1.634976
      vertex 0.619506 1.906645 1.634976
    endloop
  endfacet
  facet normal 0.137375 0.867351 0.478362
    outer loop
      vertex 0.619506 1.906645 1.634976
      vertex 0.000000 2.004765 1.634976
      vertex 0.000000 1.820288 1.969463
    endloop
  endfacet
  facet normal 0.137375 0.867351 0.478362
    outer loop
      vertex 0.619506 1.906645 1.634976
      vertex 0.000000 1.820288 1.969463
      vertex 0.562500 1.731197 1.969463
    endloop
  endfacet
  facet normal 0.124595 0.786660 0.604684
    outer loop
      vertex 0.562500 1.731197 1.969463
      vertex 0.000000 1.820288 1.969463
      vertex 0.000000 1.590990 2.267767
    endloop
  endfacet
  facet normal 0.124595 0.786660 0.604684
    outer loop
      vertex 0.562500 1.731197 1.969463
      vertex 0.000000 1.590990 2.267767
      vertex 0.491643 1.513122 2.267767
    endloop
  endfacet
  facet normal 0.108383 0.684305 0.721096
    outer loop
      vertex 0.491643 1.513122 2.267767
      vertex 0.000000 1.590990 2.267767
      vertex 0.000000 1.322517 2.522542
    endloop
  endfacet
  facet normal 0.108383 0.684305 0.721096
    outer loop
      vertex 0.491643 1.513122 2.267767
      vertex 0.000000 1.322517 2.522542
      vertex 0.408680 1.257788 2.522542
    endloop
  endfacet
  facet normal 0.088789 0.560590 0.823320
    outer loop
      vertex 0.408680 1.257788 2.522542
      vertex 0.000000 1.322517 2.522542
      vertex 0.000000 1.021479 2.727516
    endloop
  endfacet
  facet normal 0.088789 0.560590 0.823320
    outer loop
      vertex 0.408680 1.257788 2.522542
      vertex 0.000000 1.021479 2.727516
      vertex 0.315654 0.971484 2.727516
    endloop
  endfacet
  facet normal 0.066073 0.417170 0.906424
    outer loop
      vertex 0.315654 0.971484 2.727516
      vertex 0.000000 1.021479 2.727516
      vertex 0.000000 0.695288 2.877641
    endloop
  endfacet
  facet normal 0.066073 0.417170 0.906424
    outer loop
      vertex 0.315654 0.971484 2.727516
      vertex 0.000000 0.695288 2.877641
      vertex 0.214856 0.661258 2.877641
    endloop
  endfacet
  facet normal 0.040788 0.257527 0.965410
    outer loop
      vertex 0.214856 0.661258 2.877641
      vertex 0.000000 0.695288 2.877641
      vertex 0.000000 0.351978 2.969221
    endloop
  endfacet
  facet normal 0.040788 0.257527 0.965410
    outer loop
      vertex 0.214856 0.661258 2.877641
      vertex 0.000000 0.351978 2.969221
      vertex 0.108767 0.334751 2.969221
    endloop
  endfacet
  facet normal 0.013796 0.087106 0.996104
    outer loop
      vertex 0.108767 0.334751 2.969221
      vertex 0.000000 0.351978 2.969221
      vertex 0.000000 0.000000 3.000000
    endloop
  endfacet
  facet normal 0.000000 0.000000 1.000000
    outer loop
      vertex 0.108767 0.334751 2.969221
      vertex 0.000000 0.000000 3.000000
      vertex 0.000000 0.000000 3.000000
    endloop
  endfacet
  facet normal -0.156053 0.985280 0.069789
    outer loop
      vertex 0.000000 2.250000 0.500000
      vertex -0.695288 2.139877 0.500000
      vertex -0.686728 2.113532 0.891086
    endloop
  endfacet
  facet normal -0.156053 0.985280 0.069789
    outer loop
      vertex 0.000000 2.250000 0.500000
      vertex -0.686728 2.113532 0.891086
      vertex 0.000000 2.222299 0.891086
    endloop
  endfacet
  facet normal -0.152989 0.965937 0.208711
    outer loop
      vertex 0.000000 2.222299 0.891086
      vertex -0.686728 2.113532 0.891086
      vertex -0.661258 2.035144 1.272542
    endloop
  endfacet
  facet normal -0.152989 0.965937 0.208711
    outer loop
      vertex 0.000000 2.222299 0.891086
      vertex -0.661258 2.035144 1.272542
      vertex 0.000000 2.139877 1.272542
    endloop
  endfacet
  facet normal -0.146800 0.926856 0.345525
    outer loop
      vertex 0.000000 2.139877 1.272542
      vertex -0.661258 2.035144 1.272542
      vertex -0.619506 1.906645 1.634976
    endloop
  endfacet
  facet normal -0.146800 0.926856 0.345525
    outer loop
      vertex 0.000000 2.139877 1.272542
      vertex -0.619506 1.906645 1.634976
      vertex 0.000000 2.004765 1.634976
    endloop
  endfacet
  facet normal -0.137375 0.867351 0.478362
    outer loop
      vertex 0.000000 2.004765 1.634976
      vertex -0.619506 1.906645 1.634976
      vertex -0.562500 1.731197 1.969463
    endloop
  endfacet
  facet normal -0.137375 0.867351 0.478362
    outer loop
      vertex 0.000000 2.004765 1.634976
      vertex -0.562500 1.731197 1.969463
      vertex 0.000000 1.820288 1.969463
    endloop
  endfacet
  facet normal -0.124595 0.786660 0.604684
    outer loop
      vertex 0.000000 1.820288 1.969463
      vertex -0.562500 1.731197 1.969463
      vertex -0.491643 1.513122 2.267767
    endloop
  endfacet
  facet normal -0.124595 0.786660 0.604684
    outer loop
      vertex 0.000000 1.820288 1.969463
      vertex -0.491643 1.513122 2.267767
      vertex 0.000000 1.590990 2.267767
    endloop
  endfacet
  facet normal -0.108383 0.684305 0.721096
    outer loop
      vertex 0.000000 1.590990 2.267767
      vertex -0.491643 1.513122 2.267767
      vertex -0.408680 1.257788 2.522542
    endloop
  endfacet
  facet normal -0.108383 0.684305 0.721096
    outer loop
      vertex 0.000000 1.590990 2.267767
      vertex -0.408680 1.257788 2.522542
      vertex 0.000000 1.322517 2.522542
    endloop
  endfacet
  facet normal -0.088789 0.560590 0.823320
    outer loop
      vertex 0.000000 1.322517 2.522542
      vertex -0.408680 1.257788 2.522542
      vertex -0.315654 0.971484 2.727516
    endloop
  endfacet
  facet normal -0.088789 0.560590 0.823320
    outer loop
      vertex 0.000000 1.322517 2.522542
      vertex -0.315654 0.971484 2.727516
      vertex 0.000000 1.021479 2.727516
    endloop
  endfacet
  facet normal -0.066073 0.417170 0.906424
    outer loop
      vertex 0.000000 1.021479 2.727516
      vertex -0.315654 0.971484 2.727516
      vertex -0.214856 0.661258 2.877641
    endloop
  endfacet
  facet normal -0.066073 0.417170 0.906424
    outer loop
      vertex 0.000000 1.021479 2.727516
      vertex -0.214856 0.661258 2.877641
      vertex 0.000000 0.695288 2.877641
    endloop
  endfacet
  facet normal -0.040788 0.257527 0.965410
    outer loop
      vertex 0.000000 0.695288 2.877641
      vertex -0.214856 0.661258 2.877641
      vertex -0.108767 0.334751 2.969221
    endloop
  endfacet
  facet normal -0.040788 0.257527 0.965410
    outer loop
      vertex 0.000000 0.695288 2.877641
      vertex -0.108767 0.334751 2.969221
      vertex 0.000000 0.351978 2.969221
    endloop
  endfacet
  facet normal -0.013796 0.087106 0.996104
    outer loop
      vertex 0.000000 0.351978 2.969221
      vertex -0.108767 0.334751 2.969221
      vertex -0.000000 0.000000 3.000000
    endloop
  endfacet
  facet normal 0.000000 0.000000 1.000000
    outer loop
      vertex 0.000000 0.351978 2.969221
      vertex -0.000000 0.000000 3.000000
      vertex 0.000000 0.000000 3.000000
    endloop
  endfacet
  facet normal -0.452884 0.888834 0.069789
    outer loop
      vertex -0.695288 2.139877 0.500000
      vertex -1.322517 1.820288 0.500000
      vertex -1.306234 1.797877 0.891086
    endloop
  endfacet
  facet normal -0.452884 0.888834 0.069789
    outer loop
      vertex -0.695288 2.139877 0.500000
      vertex -1.306234 1.797877 0.891086
      vertex -0.686728 2.113532 0.891086
    endloop
  endfacet
  facet normal -0.443992 0.871384 0.208711
    outer loop
      vertex -0.686728 2.113532 0.891086
      vertex -1.306234 1.797877 0.891086
      vertex -1.257788 1.731197 1.272542
    endloop
  endfacet
  facet normal -0.443992 0.871384 0.208711
    outer loop
      vertex -0.686728 2.113532 0.891086
      vertex -1.257788 1.731197 1.272542
      vertex -0.661258 2.035144 1.272542
    endloop
  endfacet
  facet normal -0.426029 0.836129 0.345525
    outer loop
      vertex -0.661258 2.035144 1.272542
      vertex -1.257788 1.731197 1.272542
      vertex -1.178371 1.621889 1.634976
    endloop
  endfacet
  facet normal -0.426029 0.836129 0.345525
    outer loop
      vertex -0.661258 2.035144 1.272542
      vertex -1.178371 1.621889 1.634976
      vertex -0.619506 1.906645 1.634976
    endloop
  endfacet
  facet normal -0.398678 0.782449 0.478362
    outer loop
      vertex -0.619506 1.906645 1.634976
      vertex -1.178371 1.621889 1.634976
      vertex -1.069939 1.472644 1.969463
    endloop
  endfacet
  facet normal -0.398678 0.782449 0.478362
    outer loop
      vertex -0.619506 1.906645 1.634976
      vertex -1.069939 1.472644 1.969463
      vertex -0.562500 1.731197 1.969463
    endloop
  endfacet
  facet normal -0.361588 0.709656 0.604684
    outer loop
      vertex -0.562500 1.731197 1.969463
      vertex -1.069939 1.472644 1.969463
      vertex -0.935161 1.287138 2.267767
    endloop
  endfacet
  facet normal -0.361588 0.709656 0.604684
    outer loop
      vertex -0.562500 1.731197 1.969463
      vertex -0.935161 1.287138 2.267767
      vertex -0.491643 1.513122 2.267767
    endloop
  endfacet
  facet normal -0.314540 0.617320 0.721096
    outer loop
      vertex -0.491643 1.513122 2.267767
      vertex -0.935161 1.287138 2.267767
      vertex -0.777356 1.069939 2.522542
    endloop
  endfacet
  facet normal -0.314540 0.617320 0.721096
    outer loop
      vertex -0.491643 1.513122 2.267767
      vertex -0.777356 1.069939 2.522542
      vertex -0.408680 1.257788 2.522542
    endloop
  endfacet
  facet normal -0.257675 0.505716 0.823320
    outer loop
      vertex -0.408680 1.257788 2.522542
      vertex -0.777356 1.069939 2.522542
      vertex -0.600410 0.826394 2.727516
    endloop
  endfacet
  facet normal -0.257675 0.505716 0.823320
    outer loop
      vertex -0.408680 1.257788 2.522542
      vertex -0.600410 0.826394 2.727516
      vertex -0.315654 0.971484 2.727516
    endloop
  endfacet
  facet normal -0.191752 0.376334 0.906424
    outer loop
      vertex -0.315654 0.971484 2.727516
      vertex -0.600410 0.826394 2.727516
      vertex -0.408680 0.562500 2.877641
    endloop
  endfacet
  facet normal -0.191752 0.376334 0.906424
    outer loop
      vertex -0.315654 0.971484 2.727516
      vertex -0.408680 0.562500 2.877641
      vertex -0.214856 0.661258 2.877641
    endloop
  endfacet
  facet normal -0.118372 0.232319 0.965410
    outer loop
      vertex -0.214856 0.661258 2.877641
      vertex -0.408680 0.562500 2.877641
      vertex -0.206887 0.284756 2.969221
    endloop
  endfacet
  facet normal -0.118372 0.232319 0.965410
    outer loop
      vertex -0.214856 0.661258 2.877641
      vertex -0.206887 0.284756 2.969221
      vertex -0.108767 0.334751 2.969221
    endloop
  endfacet
  facet normal -0.040038 0.078579 0.996104
    outer loop
      vertex -0.108767 0.334751 2.969221
      vertex -0.206887 0.284756 2.969221
      vertex -0.000000 0.000000 3.000000
    endloop
  endfacet
  facet normal 0.000000 0.000000 1.000000
    outer loop
      vertex -0.108767 0.334751 2.969221
      vertex -0.000000 0.000000 3.000000
      vertex -0.000000 0.000000 3.000000
    endloop
  endfacet
  facet normal -0.705383 0.705383 0.069789
    outer loop
      vertex -1.322517 1.820288 0.500000
      vertex -1.820288 1.322517 0.500000
      vertex -1.797877 1.306234 0.891086
    endloop
  endfacet
  facet normal -0.705383 0.705383 0.069789
    outer loop
      vertex -1.322517 1.820288 0.500000
      vertex -1.797877 1.306234 0.891086
      vertex -1.306234 1.797877 0.891086
    endloop
  endfacet
  facet normal -0.691534 0.691534 0.208711
    outer loop
      vertex -1.306234 1.797877 0.891086
      vertex -1.797877 1.306234 0.891086
      vertex -1.731197 1.257788 1.272542
    endloop
  endfacet
  facet normal -0.691534 0.691534 0.208711
    outer loop
      vertex -1.306234 1.797877 0.891086
      vertex -1.731197 1.257788 1.272542
      vertex -1.257788 1.731197 1.272542
    endloop
  endfacet
  facet normal -0.663556 0.663556 0.345525
    outer loop
      vertex -1.257788 1.731197 1.272542
      vertex -1.731197 1.257788 1.272542
      vertex -1.621889 1.178371 1.634976
    endloop
  endfacet
  facet normal -0.663556 0.663556 0.345525
    outer loop
      vertex -1.257788 1.731197 1.272542
      vertex -1.621889 1.178371 1.634976
      vertex -1.178371 1.621889 1.634976
    endloop
  endfacet
  facet normal -0.620955 0.620955 0.478362
    outer loop
      vertex -1.178371 1.621889 1.634976
      vertex -1.621889 1.178371 1.634976
      vertex -1.472644 1.069939 1.969463
    endloop
  endfacet
  facet normal -0.620955 0.620955 0.478362
    outer loop
      vertex -1.178371 1.621889 1.634976
      vertex -1.472644 1.069939 1.969463
      vertex -1.069939 1.472644 1.969463
    endloop
  endfacet
  facet normal -0.563186 0.563186 0.604684
    outer loop
      vertex -1.069939 1.472644 1.969463
      vertex -1.472644 1.069939 1.969463
      vertex -1.287138 0.935161 2.267767
    endloop
  endfacet
  facet normal -0.563186 0.563186 0.604684
    outer loop
      vertex -1.069939 1.472644 1.969463
      vertex -1.287138 0.935161 2.267767
      vertex -0.935161 1.287138 2.267767
    endloop
  endfacet
  facet normal -0.489908 0.489908 0.721096
    outer loop
      vertex -0.935161 1.287138 2.267767
      vertex -1.287138 0.935161 2.267767
      vertex -1.069939 0.777356 2.522542
    endloop
  endfacet
  facet normal -0.489908 0.489908 0.721096
    outer loop
      vertex -0.935161 1.287138 2.267767
      vertex -1.069939 0.777356 2.522542
      vertex -0.777356 1.069939 2.522542
    endloop
  endfacet
  facet normal -0.401338 0.401338 0.823320
    outer loop
      vertex -0.777356 1.069939 2.522542
      vertex -1.069939 0.777356 2.522542
      vertex -0.826394 0.600410 2.727516
    endloop
  endfacet
  facet normal -0.401338 0.401338 0.823320
    outer loop
      vertex -0.777356 1.069939 2.522542
      vertex -0.826394 0.600410 2.727516
      vertex -0.600410 0.826394 2.727516
    endloop
  endfacet
  facet normal -0.298661 0.298661 0.906424
    outer loop
      vertex -0.600410 0.826394 2.727516
      vertex -0.826394 0.600410 2.727516
      vertex -0.562500 0.408680 2.877641
    endloop
  endfacet
  facet normal -0.298661 0.298661 0.906424
    outer loop
      vertex -0.600410 0.826394 2.727516
      vertex -0.562500 0.408680 2.877641
      vertex -0.408680 0.562500 2.877641
    endloop
  endfacet
  facet normal -0.184369 0.184369 0.965410
    outer loop
      vertex -0.408680 0.562500 2.877641
      vertex -0.562500 0.408680 2.877641
      vertex -0.284756 0.206887 2.969221
    endloop
  endfacet
  facet normal -0.184369 0.184369 0.965410
    outer loop
      vertex -0.408680 0.562500 2.877641
      vertex -0.284756 0.206887 2.969221
      vertex -0.206887 0.284756 2.969221
    endloop
  endfacet
  facet normal -0.062361 0.062361 0.996104
    outer loop
      vertex -0.206887 0.284756 2.969221
      vertex -0.284756 0.206887 2.969221
      vertex -0.000000 0.000000 3.000000
    endloop
  endfacet
  facet normal 0.000000 0.000000 1.000000
    outer loop
      vertex -0.206887 0.284756 2.969221
      vertex -0.000000 0.000000 3.000000
      vertex -0.000000 0.000000 3.000000
    endloop
  endfacet
  facet normal -0.888834 0.452884 0.069789
    outer loop
      vertex -1.820288 1.322517 0.500000
      vertex -2.139877 0.695288 0.500000
      vertex -2.113532 0.686728 0.891086
    endloop
  endfacet
  facet normal -0.888834 0.452884 0.069789
    outer loop
      vertex -1.820288 1.322517 0.500000
      vertex -2.113532 0.686728 0.891086
      vertex -1.797877 1.306234 0.891086
    endloop
  endfacet
  facet normal -0.871384 0.443992 0.208711
    outer loop
      vertex -1.797877 1.306234 0.891086
      vertex -2.113532 0.686728 0.891086
      vertex -2.035144 0.661258 1.272542
    endloop
  endfacet
  facet normal -0.871384 0.443992 0.208711
    outer loop
      vertex -1.797877 1.306234 0.891086
      vertex -2.035144 0.661258 1.272542
      vertex -1.731197 1.257788 1.272542
    endloop
  endfacet
  facet normal -0.836129 0.426029 0.345525
    outer loop
      vertex -1.731197 1.257788 1.272542
      vertex -2.035144 0.661258 1.272542
      vertex -1.906645 0.619506 1.634976
    endloop
  endfacet
  facet normal -0.836129 0.426029 0.345525
    outer loop
      vertex -1.731197 1.257788 1.272542
      vertex -1.906645 0.619506 1.634976
      vertex -1.621889 1.178371 1.634976
    endloop
  endfacet
  facet normal -0.782449 0.398678 0.478362
    outer loop
      vertex -1.621889 1.178371 1.634976
      vertex -1.906645 0.619506 1.634976
      vertex -1.731197 0.562500 1.969463
    endloop
  endfacet
  facet normal -0.782449 0.398678 0.478362
    outer loop
      vertex -1.621889 1.178371 1.634976
      vertex -1.731197 0.562500 1.969463
      vertex -1.472644 1.069939 1.969463
    endloop
  endfacet
  facet normal -0.709656 0.361588 0.604684
    outer loop
      vertex -1.472644 1.069939 1.969463
      vertex -1.731197 0.562500 1.969463
      vertex -1.513122 0.491643 2.267767
    endloop
  endfacet
  facet normal -0.709656 0.361588 0.604684
    outer loop
      vertex -1.472644 1.069939 1.969463
      vertex -1.513122 0.491643 2.267767
      vertex -1.287138 0.935161 2.267767
    endloop
  endfacet
  facet normal -0.617320 0.314540 0.721096
    outer loop
      vertex -1.287138 0.935161 2.267767
      vertex -1.513122 0.491643 2.267767
      vertex -1.257788 0.408680 2.522542
    endloop
  endfacet
  facet normal -0.617320 0.314540 0.721096
    outer loop
      vertex -1.287138 0.935161 2.267767
      vertex -1.257788 0.408680 2.522542
      vertex -1.069939 0.777356 2.522542
    endloop
  endfacet
  facet normal -0.505716 0.257675 0.823320
    outer loop
      vertex -1.069939 0.777356 2.522542
      vertex -1.257788 0.408680 2.522542
      vertex -0.971484 0.315654 2.727516
    endloop
  endfacet
  facet normal -0.505716 0.257675 0.823320
    outer loop
      vertex -1.069939 0.777356 2.522542
      vertex -0.971484 0.315654 2.727516
      vertex -0.826394 0.600410 2.727516
    endloop
  endfacet
  facet normal -0.376334 0.191752 0.906424
    outer loop
      vertex -0.826394 0.600410 2.727516
      vertex -0.971484 0.315654 2.727516
      vertex -0.661258 0.214856 2.877641
    endloop
  endfacet
  facet normal -0.376334 0.191752 0.906424
    outer loop
      vertex -0.826394 0.600410 2.727516
      vertex -0.661258 0.214856 2.877641
      vertex -0.562500 0.408680 2.877641
    endloop
  endfacet
  facet normal -0.232319 0.118372 0.965410
    outer loop
      vertex -0.562500 0.408680 2.877641
      vertex -0.661258 0.214856 2.877641
      vertex -0.334751 0.108767 2.969221
    endloop
  endfacet
  facet normal -0.232319 0.118372 0.965410
    outer loop
      vertex -0.562500 0.408680 2.877641
      vertex -0.334751 0.108767 2.969221
      vertex -0.284756 0.206887 2.969221
    endloop
  endfacet
  facet normal -0.078579 0.040038 0.996104
    outer loop
      vertex -0.284756 0.206887 2.969221
      vertex -0.334751 0.108767 2.969221
      vertex -0.000000 0.000000 3.000000
    endloop
  endfacet
  facet normal 0.000000 0.000000 1.000000
    outer loop
      vertex -0.284756 0.206887 2.969221
      vertex -0.000000 0.000000 3.000000
      vertex -0.000000 0.000000 3.000000
    endloop
  endfacet
  facet normal -0.985280 0.156053 0.069789
    outer loop
      vertex -2.139877 0.695288 0.500000
      vertex -2.250000 0.000000 0.500000
      vertex -2.222299 0.000000 0.891086
    endloop
  endfacet
  facet normal -0.985280 0.156053 0.069789
    outer loop
      vertex -2.139877 0.695288 0.500000
      vertex -2.222299 0.000000 0.891086
      vertex -2.113532 0.686728 0.891086
    endloop
  endfacet
  facet normal -0.965937 0.152989 0.208711
    outer loop
      vertex -2.113532 0.686728 0.891086
      vertex -2.222299 0.000000 0.891086
      vertex -2.139877 0.000000 1.272542
    endloop
  endfacet
  facet normal -0.965937 0.152989 0.208711
    outer loop
      vertex -2.113532 0.686728 0.891086
      vertex -2.139877 0.000000 1.272542
      vertex -2.035144 0.661258 1.272542
    endloop
  endfacet
  facet normal -0.926856 0.146800 0.345525
    outer loop
      vertex -2.035144 0.661258 1.272542
      vertex -2.139877 0.000000 1.272542
      vertex -2.004765 0.000000 1.634976
    endloop
  endfacet
  facet normal -0.926856 0.146800 0.345525
    outer loop
      vertex -2.035144 0.661258 1.272542
      vertex -2.004765 0.000000 1.634976
      vertex -1.906645 0.619506 1.634976
    endloop
  endfacet
  facet normal -0.867351 0.137375 0.478362
    outer loop
      vertex -1.906645 0.619506 1.634976
      vertex -2.004765 0.000000 1.634976
      vertex -1.820288 0.000000 1.969463
    endloop
  endfacet
  facet normal -0.867351 0.137375 0.478362
    outer loop
      vertex -1.906645 0.619506 1.634976
      vertex -1.820288 0.000000 1.969463
      vertex -1.731197 0.562500 1.969463
    endloop
  endfacet
  facet normal -0.786660 0.124595 0.604684
    outer loop
      vertex -1.731197 0.562500 1.969463
      vertex -1.820288 0.000000 1.969463
      vertex -1.590990 0.000000 2.267767
    endloop
  endfacet
  facet normal -0.786660 0.124595 0.604684
    outer loop
      vertex -1.731197 0.562500 1.969463
      vertex -1.590990 0.000000 2.267767
      vertex -1.513122 0.491643 2.267767
    endloop
  endfacet
  facet normal -0.684305 0.108383 0.721096
    outer loop
      vertex -1.513122 0.491643 2.267767
      vertex -1.590990 0.000000 2.267767
      vertex -1.322517 0.000000 2.522542
    endloop
  endfacet
  facet normal -0.684305 0.108383 0.721096
    outer loop
      vertex -1.513122 0.491643 2.267767
      vertex -1.322517 0.000000 2.522542
      vertex -1.257788 0.408680 2.522542
    endloop
  endfacet
  facet normal -0.560590 0.088789 0.823320
    outer loop
      vertex -1.257788 0.408680 2.522542
      vertex -1.322517 0.000000 2.522542
      vertex -1.021479 0.000000 2.727516
    endloop
  endfacet
  facet normal -0.560590 0.088789 0.823320
    outer loop
      vertex -1.257788 0.408680 2.522542
      vertex -1.021479 0.000000 2.727516
      vertex -0.971484 0.315654 2.727516
    endloop
  endfacet
  facet normal -0.417170 0.066073 0.906424
    outer loop
      vertex -0.971484 0.315654 2.727516
      vertex -1.021479 0.000000 2.727516
      vertex -0.695288 0.000000 2.877641
    endloop
  endfacet
  facet normal -0.417170 0.066073 0.906424
    outer loop
      vertex -0.971484 0.315654 2.727516
      vertex -0.695288 0.000000 2.877641
      vertex -0.661258 0.214856 2.877641
    endloop
  endfacet
  facet normal -0.257527 0.040788 0.965410
    outer loop
      vertex -0.661258 0.214856 2.877641
      vertex -0.695288 0.000000 2.877641
      vertex -0.351978 0.000000 2.969221
    endloop
  endfacet
  facet normal -0.257527 0.040788 0.965410
    outer loop
      vertex -0.661258 0.214856 2.877641
      vertex -0.351978 0.000000 2.969221
      vertex -0.334751 0.108767 2.969221
    endloop
  endfacet
  facet normal -0.087106 0.013796 0.996104
    outer loop
      vertex -0.334751 0.108767 2.969221
      vertex -0.351978 0.000000 2.969221
      vertex -0.000000 0.000000 3.000000
    endloop
  endfacet
  facet normal 0.000000 0.000000 1.000000
    outer loop
      vertex -0.334751 0.108767 2.969221
      vertex -0.000000 0.000000 3.000000
      vertex -0.000000 0.000000 3.000000
    endloop
  endfacet
  facet normal -0.985280 -0.156053 0.069789
    outer loop
      vertex -2.250000 0.000000 0.500000
      vertex -2.139877 -0.695288 0.500000
      vertex -2.113532 -0.686728 0.891086
    endloop
  endfacet
  facet normal -0.985280 -0.156053 0.069789
    outer loop
      vertex -2.250000 0.000000 0.500000
      vertex -2.113532 -0.686728 0.891086
      vertex -2.222299 0.000000 0.891086
    endloop
  endfacet
  facet normal -0.965937 -0.152989 0.208711
    outer loop
      vertex -2.222299 0.000000 0.891086
      vertex -2.113532 -0.686728 0.891086
      vertex -2.035144 -0.661258 1.272542
    endloop
  endfacet
  facet normal -0.965937 -0.152989 0.208711
    outer loop
      vertex -2.222299 0.000000 0.891086
      vertex -2.035144 -0.661258 1.272542
      vertex -2.139877 0.000000 1.272542
    endloop
  endfacet
  facet normal -0.926856 -0.146800 0.345525
    outer loop
      vertex -2.139877 0.000000 1.272542
      vertex -2.035144 -0.661258 1.272542
      vertex -1.906645 -0.619506 1.634976
    endloop
  endfacet
  facet normal -0.926856 -0.146800 0.345525
    outer loop
      vertex -2.139877 0.000000 1.272542
      vertex -1.906645 -0.619506 1.634976
      vertex -2.004765 0.000000 1.634976
    endloop
  endfacet
  facet normal -0.867351 -0.137375 0.478362
    outer loop
      vertex -2.004765 0.000000 1.634976
      vertex -1.906645 -0.619506 1.634976
      vertex -1.731197 -0.562500 1.969463
    endloop
  endfacet
  facet normal -0.867351 -0.137375 0.478362
    outer loop
      vertex -2.004765 0.000000 1.634976
      vertex -1.731197 -0.562500 1.969463
      vertex -1.820288 0.000000 1.969463
    endloop
  endfacet
  facet normal -0.786660 -0.124595 0.604684
    outer loop
      vertex -1.820288 0.000000 1.969463
      vertex -1.731197 -0.562500 1.969463
      vertex -1.513122 -0.491643 2.267767
    endloop
  endfacet
  facet normal -0.786660 -0.124595 0.604684
    outer loop
      vertex -1.820288 0.000000 1.969463
      vertex -1.513122 -0.491643 2.267767
      vertex -1.590990 0.000000 2.267767
    endloop
  endfacet
  facet normal -0.684305 -0.108383 0.721096
    outer loop
      vertex -1.590990 0.000000 2.267767
      vertex -1.513122 -0.491643 2.267767
      vertex -1.257788 -0.408680 2.522542
    endloop
  endfacet
  facet normal -0.684305 -0.108383 0.721096
    outer loop
      vertex -1.590990 0.000000 2.267767
      vertex -1.257788 -0.408680 2.522542
      vertex -1.322517 0.000000 2.522542
    endloop
  endfacet
  facet normal -0.560590 -0.088789 0.823320
    outer loop
      vertex -1.322517 0.000000 2.522542
      vertex -1.257788 -0.408680 2.522542
      vertex -0.971484 -0.315654 2.727516
    endloop
  endfacet
  facet normal -0.560590 -0.088789 0.823320
    outer loop
      vertex -1.322517 0.000000 2.522542
      vertex -0.971484 -0.315654 2.727516
      vertex -1.021479 0.000000 2.727516
    endloop
  endfacet
  facet normal -0.417170 -0.066073 0.906424
    outer loop
      vertex -1.021479 0.000000 2.727516
      vertex -0.971484 -0.315654 2.727516
      vertex -0.661258 -0.214856 2.877641
    endloop
  endfacet
  facet normal -0.417170 -0.066073 0.906424
    outer loop
      vertex -1.021479 0.000000 2.727516
      vertex -0.661258 -0.214856 2.877641
      vertex -0.695288 0.000000 2.877641
    endloop
  endfacet
  facet normal -0.257527 -0.040788 0.965410
    outer loop
      vertex -0.695288 0.000000 2.877641
      vertex -0.661258 -0.214856 2.877641
      vertex -0.334751 -0.108767 2.969221
    endloop
  endfacet
  facet normal -0.257527 -0.040788 0.965410
    outer loop
      vertex -0.695288 0.000000 2.877641
      vertex -0.334751 -0.108767 2.969221
      vertex -0.351978 0.000000 2.969221
    endloop
  endfacet
  facet normal -0.087106 -0.013796 0.996104
    outer loop
      vertex -0.351978 0.000000 2.969221
      vertex -0.334751 -0.108767 2.969221
      vertex -0.000000 -0.000000 3.000000
    endloop
  endfacet
  facet normal 0.000000 0.000000 1.000000
    outer loop
      vertex -0.351978 0.000000 2.969221
      vertex -0.000000 -0.000000 3.000000
      vertex -0.000000 0.000000 3.000000
    endloop
  endfacet
  facet normal -0.888834 -0.452884 0.069789
    outer loop
      vertex -2.139877 -0.695288 0.500000
      vertex -1.820288 -1.322517 0.500000
      vertex -1.797877 -1.306234 0.891086
    endloop
  endfacet
  facet normal -0.888834 -0.452884 0.069789
    outer loop
      vertex -2.139877 -0.695288 0.500000
      vertex -1.797877 -1.306234 0.891086
      vertex -2.113532 -0.686728 0.891086
    endloop
  endfacet
  facet normal -0.871384 -0.443992 0.208711
    outer loop
      vertex -2.113532 -0.686728 0.891086
      vertex -1.797877 -1.306234 0.891086
      vertex -1.731197 -1.257788 1.272542
    endloop
  endfacet
  facet normal -0.871384 -0.443992 0.208711
    outer loop
      vertex -2.113532 -0.686728 0.891086
      vertex -1.731197 -1.257788 1.272542
      vertex -2.035144 -0.661258 1.272542
    endloop
  endfacet
  facet normal -0.836129 -0.426029 0.345525
    outer loop
      vertex -2.035144 -0.661258 1.272542
      vertex -1.731197 -1.257788 1.272542
      vertex -1.621889 -1.178371 1.634976
    endloop
  endfacet
  facet normal -0.836129 -0.426029 0.345525
    outer loop
      vertex -2.035144 -0.661258 1.272542
      vertex -1.621889 -1.178371 1.634976
      vertex -1.906645 -0.619506 1.634976
    endloop
  endfacet
  facet normal -0.782449 -0.398678 0.478362
    outer loop
      vertex -1.906645 -0.619506 1.634976
      vertex -1.621889 -1.178371 1.634976
      vertex -1.472644 -1.069939 1.969463
    endloop
  endfacet
  facet normal -0.782449 -0.398678 0.478362
    outer loop
      vertex -1.906645 -0.619506 1.634976
      vertex -1.472644 -1.069939 1.969463
      vertex -1.731197 -0.562500 1.969463
    endloop
  endfacet
  facet normal -0.709656 -0.361588 0.604684
    outer loop
      vertex -1.731197 -0.562500 1.969463
      vertex -1.472644 -1.069939 1.969463
      vertex -1.287138 -0.935161 2.267767
    endloop
  endfacet
  facet normal -0.709656 -0.361588 0.604684
    outer loop
      vertex -1.731197 -0.562500 1.969463
      vertex -1.287138 -0.935161 2.267767
      vertex -1.513122 -0.491643 2.267767
    endloop
  endfacet
  facet normal -0.617320 -0.314540 0.721096
    outer loop
      vertex -1.513122 -0.491643 2.267767
      vertex -1.287138 -0.935161 2.267767
      vertex -1.069939 -0.777356 2.522542
    endloop
  endfacet
  facet normal -0.617320 -0.314540 0.721096
    outer loop
      vertex -1.513122 -0.491643 2.267767
      vertex -1.069939 -0.777356 2.522542
      vertex -1.257788 -0.408680 2.522542
    endloop
  endfacet
  facet normal -0.505716 -0.257675 0.823320
    outer loop
      vertex -1.257788 -0.408680 2.522542
      vertex -1.069939 -0.777356 2.522542
      vertex -0.826394 -0.600410 2.727516
    endloop
  endfacet
  facet normal -0.505716 -0.257675 0.823320
    outer loop
      vertex -1.257788 -0.408680 2.522542
      vertex -0.826394 -0.600410 2.727516
      vertex -0.971484 -0.315654 2.727516
    endloop
  endfacet
  facet normal -0.376334 -0.191752 0.906424
    outer loop
      vertex -0.971484 -0.315654 2.727516
      vertex -0.826394 -0.600410 2.727516
      vertex -0.562500 -0.408680 2.877641
    endloop
  endfacet
  facet normal -0.376334 -0.191752 0.906424
    outer loop
      vertex -0.971484 -0.315654 2.727516
      vertex -0.562500 -0.408680 2.877641
      vertex -0.661258 -0.214856 2.877641
    endloop
  endfacet
  facet normal -0.232319 -0.118372 0.965410
    outer loop
      vertex -0.661258 -0.214856 2.877641
      vertex -0.562500 -0.408680 2.877641
      vertex -0.284756 -0.206887 2.969221
    endloop
  endfacet
  facet normal -0.232319 -0.118372 0.965410
    outer loop
      vertex -0.661258 -0.214856 2.877641
      vertex -0.284756 -0.206887 2.969221
      vertex -0.334751 -0.108767 2.969221
    endloop
  endfacet
  facet normal -0.078579 -0.040038 0.996104
    outer loop
      vertex -0.334751 -0.108767 2.969221
      vertex -0.284756 -0.206887 2.969221
      vertex -0.000000 -0.000000 3.000000
    endloop
  endfacet
  facet normal 0.000000 0.000000 1.000000
    outer loop
      vertex -0.334751 -0.108767 2.969221
      vertex -0.000000 -0.000000 3.000000
      vertex -0.000000 -0.000000 3.000000
    endloop
  endfacet
  facet normal -0.705383 -0.705383 0.069789
    outer loop
      vertex -1.820288 -1.322517 0.500000
      vertex -1.322517 -1.820288 0.500000
      vertex -1.306234 -1.797877 0.891086
    endloop
  endfacet
  facet normal -0.705383 -0.705383 0.069789
    outer loop
      vertex -1.820288 -1.322517 0.500000
      vertex -1.306234 -1.797877 0.891086
      vertex -1.797877 -1.306234 0.891086
    endloop
  endfacet
  facet normal -0.691534 -0.691534 0.208711
    outer loop
      vertex -1.797877 -1.306234 0.891086
      vertex -1.306234 -1.797877 0.891086
      vertex -1.257788 -1.731197 1.272542
    endloop
  endfacet
  facet normal -0.691534 -0.691534 0.208711
    outer loop
      vertex -1.797877 -1.306234 0.891086
      vertex -1.257788 -1.731197 1.272542
      vertex -1.731197 -1.257788 1.272542
    endloop
  endfacet
  facet normal -0.663556 -0.663556 0.345525
    outer loop
      vertex -1.731197 -1.257788 1.272542
      vertex -1.257788 -1.731197 1.272542
      vertex -1.178371 -1.621889 1.634976
    endloop
  endfacet
  facet normal -0.663556 -0.663556 0.345525
    outer loop
      vertex -1.731197 -1.257788 1.272542
      vertex -1.178371 -1.621889 1.634976
      vertex -1.621889 -1.178371 1.634976
    endloop
  endfacet
  facet normal -0.620955 -0.620955 0.478362
    outer loop
      vertex -1.621889 -1.178371 1.634976
      vertex -1.178371 -1.621889 1.634976
      vertex -1.069939 -1.472644 1.969463
    endloop
  endfacet
  facet normal -0.620955 -0.620955 0.478362
    outer loop
      vertex -1.621889 -1.178371 1.634976
      vertex -1.069939 -1.472644 1.969463
      vertex -1.472644 -1.069939 1.969463
    endloop
  endfacet
  facet normal -0.563186 -0.563186 0.604684
    outer loop
      vertex -1.472644 -1.069939 1.969463
      vertex -1.069939 -1.472644 1.969463
      vertex -0.935161 -1.287138 2.267767
    endloop
  endfacet
  facet normal -0.563186 -0.563186 0.604684
    outer loop
      vertex -1.472644 -1.069939 1.969463
      vertex -0.935161 -1.287138 2.267767
      vertex -1.287138 -0.935161 2.267767
    endloop
  endfacet
  facet normal -0.489908 -0.489908 0.721096
    outer loop
      vertex -1.287138 -0.935161 2.267767
      vertex -0.935161 -1.287138 2.267767
      vertex -0.777356 -1.069939 2.522542
    endloop
  endfacet
  facet normal -0.489908 -0.489908 0.721096
    outer loop
      vertex -1.287138 -0.935161 2.267767
      vertex -0.777356 -1.069939 2.522542
      vertex -1.069939 -0.777356 2.522542
    endloop
  endfacet
  facet normal -0.401338 -0.401338 0.823320
    outer loop
      vertex -1.069939 -0.777356 2.522542
      vertex -0.777356 -1.069939 2.522542
      vertex -0.600410 -0.826394 2.727516
    endloop
  endfacet
  facet normal -0.401338 -0.401338 0.823320
    outer loop
      vertex -1.069939 -0.777356 2.522542
      vertex -0.600410 -0.826394 2.727516
      vertex -0.826394 -0.600410 2.727516
    endloop
  endfacet
  facet normal -0.298661 -0.298661 0.906424
    outer loop
      vertex -0.826394 -0.600410 2.727516
      vertex -0.600410 -0.826394 2.727516
      vertex -0.408680 -0.562500 2.877641
    endloop
  endfacet
  facet normal -0.298661 -0.298661 0.906424
    outer loop
      vertex -0.826394 -0.600410 2.727516
      vertex -0.408680 -0.562500 2.877641
      vertex -0.562500 -0.408680 2.877641
    endloop
  endfacet
  facet normal -0.184369 -0.184369 0.965410
    outer loop
      vertex -0.562500 -0.408680 2.877641
      vertex -0.408680 -0.562500 2.877641
      vertex -0.206887 -0.284756 2.969221
    endloop
  endfacet
  facet normal -0.184369 -0.184369 0.965410
    outer loop
      vertex -0.562500 -0.408680 2.877641
      vertex -0.206887 -0.284756 2.969221
      vertex -0.284756 -0.206887 2.969221
    endloop
  endfacet
  facet normal -0.062361 -0.062361 0.996104
    outer loop
      vertex -0.284756 -0.206887 2.969221
      vertex -0.206887 -0.284756 2.969221
      vertex -0.000000 -0.000000 3.000000
    endloop
  endfacet
  facet normal 0.000000 0.000000 1.000000
    outer loop
      vertex -0.284756 -0.206887 2.969221
      vertex -0.000000 -0.000000 3.000000
      vertex -0.000000 -0.000000 3.000000
    endloop
  endfacet
  facet normal -0.452884 -0.888834 0.069789
    outer loop
      vertex -1.322517 -1.820288 0.500000
      vertex -0.695288 -2.139877 0.500000
      vertex -0.686728 -2.113532 0.891086
    endloop
  endfacet
  facet normal -0.452884 -0.888834 0.069789
    outer loop
      vertex -1.322517 -1.820288 0.500000
      vertex -0.686728 -2.113532 0.891086
      vertex -1.306234 -1.797877 0.891086
    endloop
  endfacet
  facet normal -0.443992 -0.871384 0.208711
    outer loop
      vertex -1.306234 -1.797877 0.891086
      vertex -0.686728 -2.113532 0.891086
      vertex -0.661258 -2.035144 1.272542
    endloop
  endfacet
  facet normal -0.443992 -0.871384 0.208711
    outer loop
      vertex -1.306234 -1.797877 0.891086
      vertex -0.661258 -2.035144 1.272542
      vertex -1.257788 -1.731197 1.272542
    endloop
  endfacet
  facet normal -0.426029 -0.836129 0.345525
    outer loop
      vertex -1.257788 -1.731197 1.272542
      vertex -0.661258 -2.035144 1.272542
      vertex -0.619506 -1.906645 1.634976
    endloop
  endfacet
  facet normal -0.426029 -0.836129 0.345525
    outer loop
      vertex -1.257788 -1.731197 1.272542
      vertex -0.619506 -1.906645 1.634976
      vertex -1.178371 -1.621889 1.634976
    endloop
  endfacet
  facet normal -0.398678 -0.782449 0.478362
    outer loop
      vertex -1.178371 -1.621889 1.634976
      vertex -0.619506 -1.906645 1.634976
      vertex -0.562500 -1.731197 1.969463
    endloop
  endfacet
  facet normal -0.398678 -0.782449 0.478362
    outer loop
      vertex -1.178371 -1.621889 1.634976
      vertex -0.562500 -1.731197 1.969463
      vertex -1.069939 -1.472644 1.969463
    endloop
  endfacet
  facet normal -0.361588 -0.709656 0.604684
    outer loop
      vertex -1.069939 -1.472644 1.969463
      vertex -0.562500 -1.731197 1.969463
      vertex -0.491643 -1.513122 2.267767
    endloop
  endfacet
  facet normal -0.361588 -0.709656 0.604684
    outer loop
      vertex -1.069939 -1.472644 1.969463
      vertex -0.491643 -1.513122 2.267767
      vertex -0.935161 -1.287138 2.267767
    endloop
  endfacet
  facet normal -0.314540 -0.617320 0.721096
    outer loop
      vertex -0.935161 -1.287138 2.267767
      vertex -0.491643 -1.513122 2.267767
      vertex -0.408680 -1.257788 2.522542
    endloop
  endfacet
  facet normal -0.314540 -0.617320 0.721096
    outer loop
      vertex -0.935161 -1.287138 2.267767
      vertex -0.408680 -1.257788 2.522542
      vertex -0.777356 -1.069939 2.522542
    endloop
  endfacet
  facet normal -0.257675 -0.505716 0.823320
    outer loop
      vertex -0.777356 -1.069939 2.522542
      vertex -0.408680 -1.257788 2.522542
      vertex -0.315654 -0.971484 2.727516
    endloop
  endfacet
  facet normal -0.257675 -0.505716 0.823320
    outer loop
      vertex -0.777356 -1.069939 2.522542
      vertex -0.315654 -0.971484 2.727516
      vertex -0.600410 -0.826394 2.727516
    endloop
  endfacet
  facet normal -0.191752 -0.376334 0.906424
    outer loop
      vertex -0.600410 -0.826394 2.727516
      vertex -0.315654 -0.971484 2.727516
      vertex -0.214856 -0.661258 2.877641
    endloop
  endfacet
  facet normal -0.191752 -0.376334 0.906424
    outer loop
      vertex -0.600410 -0.826394 2.727516
      vertex -0.214856 -0.661258 2.877641
      vertex -0.408680 -0.562500 2.877641
    endloop
  endfacet
  facet normal -0.118372 -0.232319 0.965410
    outer loop
      vertex -0.408680 -0.562500 2.877641
      vertex -0.214856 -0.661258 2.877641
      vertex -0.108767 -0.334751 2.969221
    endloop
  endfacet
  facet normal -0.118372 -0.232319 0.965410
    outer loop
      vertex -0.408680 -0.562500 2.877641
      vertex -0.108767 -0.334751 2.969221
      vertex -0.206887 -0.284756 2.969221
    endloop
  endfacet
  facet normal -0.040038 -0.078579 0.996104
    outer loop
      vertex -0.206887 -0.284756 2.969221
      vertex -0.108767 -0.334751 2.969221
      vertex -0.000000 -0.000000 3.000000
    endloop
  endfacet
  facet normal 0.000000 0.000000 1.000000
    outer loop
      vertex -0.206887 -0.284756 2.969221
      vertex -0.000000 -0.000000 3.000000
      vertex -0.000000 -0.000000 3.000000
    endloop
  endfacet
  facet normal -0.156053 -0.985280 0.069789
    outer loop
      vertex -0.695288 -2.139877 0.500000
      vertex -0.000000 -2.250000 0.500000
      vertex -0.000000 -2.222299 0.891086
    endloop
  endfacet
  facet normal -0.156053 -0.985280 0.069789
    outer loop
      vertex -0.695288 -2.139877 0.500000
      vertex -0.000000 -2.222299 0.891086
      vertex -0.686728 -2.113532 0.891086
    endloop
  endfacet
  facet normal -0.152989 -0.965937 0.208711
    outer loop
      vertex -0.686728 -2.113532 0.891086
      vertex -0.000000 -2.222299 0.891086
      vertex -0.000000 -2.139877 1.272542
    endloop
  endfacet
  facet normal -0.152989 -0.965937 0.208711
    outer loop
      vertex -0.686728 -2.113532 0.891086
      vertex -0.000000 -2.139877 1.272542
      vertex -0.661258 -2.035144 1.272542
    endloop
  endfacet
  facet normal -0.146800 -0.926856 0.345525
    outer loop
      vertex -0.661258 -2.035144 1.272542
      vertex -0.000000 -2.139877 1.272542
      vertex -0.000000 -2.004765 1.634976
    endloop
  endfacet
  facet normal -0.146800 -0.926856 0.345525
    outer loop
      vertex -0.661258 -2.035144 1.272542
      vertex -0.000000 -2.004765 1.634976
      vertex -0.619506 -1.906645 1.634976
    endloop
  endfacet
  facet normal -0.137375 -0.867351 0.478362
    outer loop
      vertex -0.619506 -1.906645 1.634976
      vertex -0.000000 -2.004765 1.634976
      vertex -0.000000 -1.820288 1.969463
    endloop
  endfacet
  facet normal -0.137375 -0.867351 0.478362
    outer loop
      vertex -0.619506 -1.906645 1.634976
      vertex -0.000000 -1.820288 1.969463
      vertex -0.562500 -1.731197 1.969463
    endloop
  endfacet
  facet normal -0.124595 -0.786660 0.604684
    outer loop
      vertex -0.562500 -1.731197 1.969463
      vertex -0.000000 -1.820288 1.969463
      vertex -0.000000 -1.590990 2.267767
    endloop
  endfacet
  facet normal -0.124595 -0.786660 0.604684
    outer loop
      vertex -0.562500 -1.731197 1.969463
      vertex -0.000000 -1.590990 2.267767
      vertex -0.491643 -1.513122 2.267767
    endloop
  endfacet
  facet normal -0.108383 -0.684305 0.721096
    outer loop
      vertex -0.491643 -1.513122 2.267767
      vertex -0.000000 -1.590990 2.267767
      vertex -0.000000 -1.322517 2.522542
    endloop
  endfacet
  facet normal -0.108383 -0.684305 0.721096
    outer loop
      vertex -0.491643 -1.513122 2.267767
      vertex -0.000000 -1.322517 2.522542
      vertex -0.408680 -1.257788 2.522542
    endloop
  endfacet
  facet normal -0.088789 -0.560590 0.823320
    outer loop
      vertex -0.408680 -1.257788 2.522542
      vertex -0.000000 -1.322517 2.522542
      vertex -0.000000 -1.021479 2.727516
    endloop
  endfacet
  facet normal -0.088789 -0.560590 0.823320
    outer loop
      vertex -0.408680 -1.257788 2.522542
      vertex -0.000000 -1.021479 2.727516
      vertex -0.315654 -0.971484 2.727516
    endloop
  endfacet
  facet normal -0.066073 -0.417170 0.906424
    outer loop
      vertex -0.315654 -0.971484 2.727516
      vertex -0.000000 -1.021479 2.727516
      vertex -0.000000 -0.695288 2.877641
    endloop
  endfacet
  facet normal -0.066073 -0.417170 0.906424
    outer loop
      vertex -0.315654 -0.971484 2.727516
      vertex -0.000000 -0.695288 2.877641
      vertex -0.214856 -0.661258 2.877641
    endloop
  endfacet
  facet normal -0.040788 -0.257527 0.965410
    outer loop
      vertex -0.214856 -0.661258 2.877641
      vertex -0.000000 -0.695288 2.877641
      vertex -0.000000 -0.351978 2.969221
    endloop
  endfacet
  facet normal -0.040788 -0.257527 0.965410
    outer loop
      vertex -0.214856 -0.661258 2.877641
      vertex -0.000000 -0.351978 2.969221
      vertex -0.108767 -0.334751 2.969221
    endloop
  endfacet
  facet normal -0.013796 -0.087106 0.996104
    outer loop
      vertex -0.108767 -0.334751 2.969221
      vertex -0.000000 -0.351978 2.969221
      vertex -0.000000 -0.000000 3.000000
    endloop
  endfacet
  facet normal 0.000000 0.000000 1.000000
    outer loop
      vertex -0.108767 -0.334751 2.969221
      vertex -0.000000 -0.000000 3.000000
      vertex -0.000000 -0.000000 3.000000
    endloop
  endfacet
  facet normal 0.156053 -0.985280 0.069789
    outer loop
      vertex -0.000000 -2.250000 0.500000
      vertex 0.695288 -2.139877 0.500000
      vertex 0.686728 -2.113532 0.891086
    endloop
  endfacet
  facet normal 0.156053 -0.985280 0.069789
    outer loop
      vertex -0.000000 -2.250000 0.500000
      vertex 0.686728 -2.113532 0.891086
      vertex -0.000000 -2.222299 0.891086
    endloop
  endfacet
  facet normal 0.152989 -0.965937 0.208711
    outer loop
      vertex -0.000000 -2.222299 0.891086
      vertex 0.686728 -2.113532 0.891086
      vertex 0.661258 -2.035144 1.272542
    endloop
  endfacet
  facet normal 0.152989 -0.965937 0.208711
    outer loop
      vertex -0.000000 -2.222299 0.891086
      vertex 0.661258 -2.035144 1.272542
      vertex -0.000000 -2.139877 1.272542
    endloop
  endfacet
  facet normal 0.146800 -0.926856 0.345525
    outer loop
      vertex -0.000000 -2.139877 1.272542
      vertex 0.661258 -2.035144 1.272542
      vertex 0.619506 -1.906645 1.634976
    endloop
  endfacet
  facet normal 0.146800 -0.926856 0.345525
    outer loop
      vertex -0.000000 -2.139877 1.272542
      vertex 0.619506 -1.906645 1.634976
      vertex -0.000000 -2.004765 1.634976
    endloop
  endfacet
  facet normal 0.137375 -0.867351 0.478362
    outer loop
      vertex -0.000000 -2.004765 1.634976
      vertex 0.619506 -1.906645 1.634976
      vertex 0.562500 -1.731197 1.969463
    endloop
  endfacet
  facet normal 0.137375 -0.867351 0.478362
    outer loop
      vertex -0.000000 -2.004765 1.634976
      vertex 0.562500 -1.731197 1.969463
      vertex -0.000000 -1.820288 1.969463
    endloop
  endfacet
  facet normal 0.124595 -0.786660 0.604684
    outer loop
      vertex -0.000000 -1.820288 1.969463
      vertex 0.562500 -1.731197 1.969463
      vertex 0.491643 -1.513122 2.267767
    endloop
  endfacet
  facet normal 0.124595 -0.786660 0.604684
    outer loop
      vertex -0.000000 -1.820288 1.969463
      vertex 0.491643 -1.513122 2.267767
      vertex -0.000000 -1.590990 2.267767
    endloop
  endfacet
  facet normal 0.108383 -0.684305 0.721096
    outer loop
      vertex -0.000000 -1.590990 2.267767
      vertex 0.491643 -1.513122 2.267767
      vertex 0.408680 -1.257788 2.522542
    endloop
  endfacet
  facet normal 0.108383 -0.684305 0.721096
    outer loop
      vertex -0.000000 -1.590990 2.267767
      vertex 0.408680 -1.257788 2.522542
      vertex -0.000000 -1.322517 2.522542
    endloop
  endfacet
  facet normal 0.088789 -0.560590 0.823320
    outer loop
      vertex -0.000000 -1.322517 2.522542
      vertex 0.408680 -1.257788 2.522542
      vertex 0.315654 -0.971484 2.727516
    endloop
  endfacet
  facet normal 0.088789 -0.560590 0.823320
    outer loop
      vertex -0.000000 -1.322517 2.522542
      vertex 0.315654 -0.971484 2.727516
      vertex -0.000000 -1.021479 2.727516
    endloop
  endfacet
  facet normal 0.066073 -0.417170 0.906424
    outer loop
      vertex -0.000000 -1.021479 2.727516
      vertex 0.315654 -0.971484 2.727516
      vertex 0.214856 -0.661258 2.877641
    endloop
  endfacet
  facet normal 0.066073 -0.417170 0.906424
    outer loop
      vertex -0.000000 -1.021479 2.727516
      vertex 0.214856 -0.661258 2.877641
      vertex -0.000000 -0.695288 2.877641
    endloop
  endfacet
  facet normal 0.040788 -0.257527 0.965410
    outer loop
      vertex -0.000000 -0.695288 2.877641
      vertex 0.214856 -0.661258 2.877641
      vertex 0.108767 -0.334751 2.969221
    endloop
  endfacet
  facet normal 0.040788 -0.257527 0.965410
    outer loop
      vertex -0.000000 -0.695288 2.877641
      vertex 0.108767 -0.334751 2.969221
      vertex -0.000000 -0.351978 2.969221
    endloop
  endfacet
  facet normal 0.013796 -0.087106 0.996104
    outer loop
      vertex -0.000000 -0.351978 2.969221
      vertex 0.108767 -0.334751 2.969221
      vertex 0.000000 -0.000000 3.000000
    endloop
  endfacet
  facet normal 0.000000 0.000000 1.000000
    outer loop
      vertex -0.000000 -0.351978 2.969221
      vertex 0.000000 -0.000000 3.000000
      vertex -0.000000 -0.000000 3.000000
    endloop
  endfacet
  facet normal 0.452884 -0.888834 0.069789
    outer loop
      vertex 0.695288 -2.139877 0.500000
      vertex 1.322517 -1.820288 0.500000
      vertex 1.306234 -1.797877 0.891086
    endloop
  endfacet
  facet normal 0.452884 -0.888834 0.069789
    outer loop
      vertex 0.695288 -2.139877 0.500000
      vertex 1.306234 -1.797877 0.891086
      vertex 0.686728 -2.113532 0.891086
    endloop
  endfacet
  facet normal 0.443992 -0.871384 0.208711
    outer loop
      vertex 0.686728 -2.113532 0.891086
      vertex 1.306234 -1.797877 0.891086
      vertex 1.257788 -1.731197 1.272542
    endloop
  endfacet
  facet normal 0.443992 -0.871384 0.208711
    outer loop
      vertex 0.686728 -2.113532 0.891086
      vertex 1.257788 -1.731197 1.272542
      vertex 0.661258 -2.035144 1.272542
    endloop
  endfacet
  facet normal 0.426029 -0.836129 0.345525
    outer loop
      vertex 0.661258 -2.035144 1.272542
      vertex 1.257788 -1.731197 1.272542
      vertex 1.178371 -1.621889 1.634976
    endloop
  endfacet
  facet normal 0.426029 -0.836129 0.345525
    outer loop
      vertex 0.661258 -2.035144 1.272542
      vertex 1.178371 -1.621889 1.634976
      vertex 0.619506 -1.906645 1.634976
    endloop
  endfacet
  facet normal 0.398678 -0.782449 0.478362
    outer loop
      vertex 0.619506 -1.906645 1.634976
      vertex 1.178371 -1.621889 1.634976
      vertex 1.069939 -1.472644 1.969463
    endloop
  endfacet
  facet normal 0.398678 -0.782449 0.478362
    outer loop
      vertex 0.619506 -1.906645 1.634976
      vertex 1.069939 -1.472644 1.969463
      vertex 0.562500 -1.731197 1.969463
    endloop
  endfacet
  facet normal 0.361588 -0.709656 0.604684
    outer loop
      vertex 0.562500 -1.731197 1.969463
      vertex 1.069939 -1.472644 1.969463
      vertex 0.935161 -1.287138 2.267767
    endloop
  endfacet
  facet normal 0.361588 -0.709656 0.604684
    outer loop
      vertex 0.562500 -1.731197 1.969463
      vertex 0.935161 -1.287138 2.267767
      vertex 0.491643 -1.513122 2.267767
    endloop
  endfacet
  facet normal 0.314540 -0.617320 0.721096
    outer loop
      vertex 0.491643 -1.513122 2.267767
      vertex 0.935161 -1.287138 2.267767
      vertex 0.777356 -1.069939 2.522542
    endloop
  endfacet
  facet normal 0.314540 -0.617320 0.721096
    outer loop
      vertex 0.491643 -1.513122 2.267767
      vertex 0.777356 -1.069939 2.522542
      vertex 0.408680 -1.257788 2.522542
    endloop
  endfacet
  facet normal 0.257675 -0.505716 0.823320
    outer loop
      vertex 0.408680 -1.257788 2.522542
      vertex 0.777356 -1.069939 2.522542
      vertex 0.600410 -0.826394 2.727516
    endloop
  endfacet
  facet normal 0.257675 -0.505716 0.823320
    outer loop
      vertex 0.408680 -1.257788 2.522542
      vertex 0.600410 -0.826394 2.727516
      vertex 0.315654 -0.971484 2.727516
    endloop
  endfacet
  facet normal 0.191752 -0.376334 0.906424
    outer loop
      vertex 0.315654 -0.971484 2.727516
      vertex 0.600410 -0.826394 2.727516
      vertex 0.408680 -0.562500 2.877641
    endloop
  endfacet
  facet normal 0.191752 -0.376334 0.906424
    outer loop
      vertex 0.315654 -0.971484 2.727516
      vertex 0.408680 -0.562500 2.877641
      vertex 0.214856 -0.661258 2.877641
    endloop
  endfacet
  facet normal 0.118372 -0.232319 0.965410
    outer loop
      vertex 0.214856 -0.661258 2.877641
      vertex 0.408680 -0.562500 2.877641
      vertex 0.206887 -0.284756 2.969221
    endloop
  endfacet
  facet normal 0.118372 -0.232319 0.965410
    outer loop
      vertex 0.214856 -0.661258 2.877641
      vertex 0.206887 -0.284756 2.969221
      vertex 0.108767 -0.334751 2.969221
    endloop
  endfacet
  facet normal 0.040038 -0.078579 0.996104
    outer loop
      vertex 0.108767 -0.334751 2.969221
      vertex 0.206887 -0.284756 2.969221
      vertex 0.000000 -0.000000 3.000000
    endloop
  endfacet
  facet normal 0.000000 0.000000 1.000000
    outer loop
      vertex 0.108767 -0.334751 2.969221
      vertex 0.000000 -0.000000 3.000000
      vertex 0.000000 -0.000000 3.000000
    endloop
  endfacet
  facet normal 0.705383 -0.705383 0.069789
    outer loop
      vertex 1.322517 -1.820288 0.500000
      vertex 1.820288 -1.322517 0.500000
      vertex 1.797877 -1.306234 0.891086
    endloop
  endfacet
  facet normal 0.705383 -0.705383 0.069789
    outer loop
      vertex 1.322517 -1.820288 0.500000
      vertex 1.797877 -1.306234 0.891086
      vertex 1.306234 -1.797877 0.891086
    endloop
  endfacet
  facet normal 0.691534 -0.691534 0.208711
    outer loop
      vertex 1.306234 -1.797877 0.891086
      vertex 1.797877 -1.306234 0.891086
      vertex 1.731197 -1.257788 1.272542
    endloop
  endfacet
  facet normal 0.691534 -0.691534 0.208711
    outer loop
      vertex 1.306234 -1.797877 0.891086
      vertex 1.731197 -1.257788 1.272542
      vertex 1.257788 -1.731197 1.272542
    endloop
  endfacet
  facet normal 0.663556 -0.663556 0.345525
    outer loop
      vertex 1.257788 -1.731197 1.272542
      vertex 1.731197 -1.257788 1.272542
      vertex 1.621889 -1.178371 1.634976
    endloop
  endfacet
  facet normal 0.663556 -0.663556 0.345525
    outer loop
      vertex 1.257788 -1.731197 1.272542
      vertex 1.621889 -1.178371 1.634976
      vertex 1.178371 -1.621889 1.634976
    endloop
  endfacet
  facet normal 0.620955 -0.620955 0.478362
    outer loop
      vertex 1.178371 -1.621889 1.634976
      vertex 1.621889 -1.178371 1.634976
      vertex 1.472644 -1.069939 1.969463
    endloop
  endfacet
  facet normal 0.620955 -0.620955 0.478362
    outer loop
      vertex 1.178371 -1.621889 1.634976
      vertex 1.472644 -1.069939 1.969463
      vertex 1.069939 -1.472644 1.969463
    endloop
  endfacet
  facet normal 0.563186 -0.563186 0.604684
    outer loop
      vertex 1.069939 -1.472644 1.969463
      vertex 1.472644 -1.069939 1.969463
      vertex 1.287138 -0.935161 2.267767
    endloop
  endfacet
  facet normal 0.563186 -0.563186 0.604684
    outer loop
      vertex 1.069939 -1.472644 1.969463
      vertex 1.287138 -0.935161 2.267767
      vertex 0.935161 -1.287138 2.267767
    endloop
  endfacet
  facet normal 0.489908 -0.489908 0.721096
    outer loop
      vertex 0.935161 -1.287138 2.267767
      vertex 1.287138 -0.935161 2.267767
      vertex 1.069939 -0.777356 2.522542
    endloop
  endfacet
  facet normal 0.489908 -0.489908 0.721096
    outer loop
      vertex 0.935161 -1.287138 2.267767
      vertex 1.069939 -0.777356 2.522542
      vertex 0.777356 -1.069939 2.522542
    endloop
  endfacet
  facet normal 0.401338 -0.401338 0.823320
    outer loop
      vertex 0.777356 -1.069939 2.522542
      vertex 1.069939 -0.777356 2.522542
      vertex 0.826394 -0.600410 2.727516
    endloop
  endfacet
  facet normal 0.401338 -0.401338 0.823320
    outer loop
      vertex 0.777356 -1.069939 2.522542
      vertex 0.826394 -0.600410 2.727516
      vertex 0.600410 -0.826394 2.727516
    endloop
  endfacet
  facet normal 0.298661 -0.298661 0.906424
    outer loop
      vertex 0.600410 -0.826394 2.727516
      vertex 0.826394 -0.600410 2.727516
      vertex 0.562500 -0.408680 2.877641
    endloop
  endfacet
  facet normal 0.298661 -0.298661 0.906424
    outer loop
      vertex 0.600410 -0.826394 2.727516
      vertex 0.562500 -0.408680 2.877641
      vertex 0.408680 -0.562500 2.877641
    endloop
  endfacet
  facet normal 0.184369 -0.184369 0.965410
    outer loop
      vertex 0.408680 -0.562500 2.877641
      vertex 0.562500 -0.408680 2.877641
      vertex 0.284756 -0.206887 2.969221
    endloop
  endfacet
  facet normal 0.184369 -0.184369 0.965410
    outer loop
      vertex 0.408680 -0.562500 2.877641
      vertex 0.284756 -0.206887 2.969221
      vertex 0.206887 -0.284756 2.969221
    endloop
  endfacet
  facet normal 0.062361 -0.062361 0.996104
    outer loop
      vertex 0.206887 -0.284756 2.969221
      vertex 0.284756 -0.206887 2.969221
      vertex 0.000000 -0.000000 3.000000
    endloop
  endfacet
  facet normal 0.000000 0.000000 1.000000
    outer loop
      vertex 0.206887 -0.284756 2.969221
      vertex 0.000000 -0.000000 3.000000
      vertex 0.000000 -0.000000 3.000000
    endloop
  endfacet
  facet normal 0.888834 -0.452884 0.069789
    outer loop
      vertex 1.820288 -1.322517 0.500000
      vertex 2.139877 -0.695288 0.500000
      vertex 2.113532 -0.686728 0.891086
    endloop
  endfacet
  facet normal 0.888834 -0.452884 0.069789
    outer loop
      vertex 1.820288 -1.322517 0.500000
      vertex 2.113532 -0.686728 0.891086
      vertex 1.797877 -1.306234 0.891086
    endloop
  endfacet
  facet normal 0.871384 -0.443992 0.208711
    outer loop
      vertex 1.797877 -1.306234 0.891086
      vertex 2.113532 -0.686728 0.891086
      vertex 2.035144 -0.661258 1.272542
    endloop
  endfacet
  facet normal 0.871384 -0.443992 0.208711
    outer loop
      vertex 1.797877 -1.306234 0.891086
      vertex 2.035144 -0.661258 1.272542
      vertex 1.731197 -1.257788 1.272542
    endloop
  endfacet
  facet normal 0.836129 -0.426029 0.345525
    outer loop
      vertex 1.731197 -1.257788 1.272542
      vertex 2.035144 -0.661258 1.272542
      vertex 1.906645 -0.619506 1.634976
    endloop
  endfacet
  facet normal 0.836129 -0.426029 0.345525
    outer loop
      vertex 1.731197 -1.257788 1.272542
      vertex 1.906645 -0.619506 1.634976
      vertex 1.621889 -1.178371 1.634976
    endloop
  endfacet
  facet normal 0.782449 -0.398678 0.478362
    outer loop
      vertex 1.621889 -1.178371 1.634976
      vertex 1.906645 -0.619506 1.634976
      vertex 1.731197 -0.562500 1.969463
    endloop
  endfacet
  facet normal 0.782449 -0.398678 0.478362
    outer loop
      vertex 1.621889 -1.178371 1.634976
      vertex 1.731197 -0.562500 1.969463
      vertex 1.472644 -1.069939 1.969463
    endloop
  endfacet
  facet normal 0.709656 -0.361588 0.604684
    outer loop
      vertex 1.472644 -1.069939 1.969463
      vertex 1.731197 -0.562500 1.969463
      vertex 1.513122 -0.491643 2.267767
    endloop
  endfacet
  facet normal 0.709656 -0.361588 0.604684
    outer loop
      vertex 1.472644 -1.069939 1.969463
      vertex 1.513122 -0.491643 2.267767
      vertex 1.287138 -0.935161 2.267767
    endloop
  endfacet
  facet normal 0.617320 -0.314540 0.721096
    outer loop
      vertex 1.287138 -0.935161 2.267767
      vertex 1.513122 -0.491643 2.267767
      vertex 1.257788 -0.408680 2.522542
    endloop
  endfacet
  facet normal 0.617320 -0.314540 0.721096
    outer loop
      vertex 1.287138 -0.935161 2.267767
      vertex 1.257788 -0.408680 2.522542
      vertex 1.069939 -0.777356 2.522542
    endloop
  endfacet
  facet normal 0.505716 -0.257675 0.823320
    outer loop
      vertex 1.069939 -0.777356 2.522542
      vertex 1.257788 -0.408680 2.522542
      vertex 0.971484 -0.315654 2.727516
    endloop
  endfacet
  facet normal 0.505716 -0.257675 0.823320
    outer loop
      vertex 1.069939 -0.777356 2.522542
      vertex 0.971484 -0.315654 2.727516
      vertex 0.826394 -0.600410 2.727516
    endloop
  endfacet
  facet normal 0.376334 -0.191752 0.906424
    outer loop
      vertex 0.826394 -0.600410 2.727516
      vertex 0.971484 -0.315654 2.727516
      vertex 0.661258 -0.214856 2.877641
    endloop
  endfacet
  facet normal 0.376334 -0.191752 0.906424
    outer loop
      vertex 0.826394 -0.600410 2.727516
      vertex 0.661258 -0.214856 2.877641
      vertex 0.562500 -0.408680 2.877641
    endloop
  endfacet
  facet normal 0.232319 -0.118372 0.965410
    outer loop
      vertex 0.562500 -0.408680 2.877641
      vertex 0.661258 -0.214856 2.877641
      vertex 0.334751 -0.108767 2.969221
    endloop
  endfacet
  facet normal 0.232319 -0.118372 0.965410
    outer loop
      vertex 0.562500 -0.408680 2.877641
      vertex 0.334751 -0.108767 2.969221
      vertex 0.284756 -0.206887 2.969221
    endloop
  endfacet
  facet normal 0.078579 -0.040038 0.996104
    outer loop
      vertex 0.284756 -0.206887 2.969221
      vertex 0.334751 -0.108767 2.969221
      vertex 0.000000 -0.000000 3.000000
    endloop
  endfacet
  facet normal 0.000000 0.000000 1.000000
    outer loop
      vertex 0.284756 -0.206887 2.969221
      vertex 0.000000 -0.000000 3.000000
      vertex 0.000000 -0.000000 3.000000
    endloop
  endfacet
  facet normal 0.985280 -0.156053 0.069789
    outer loop
      vertex 2.139877 -0.695288 0.500000
      vertex 2.250000 -0.000000 0.500000
      vertex 2.222299 -0.000000 0.891086
    endloop
  endfacet
  facet normal 0.985280 -0.156053 0.069789
    outer loop
      vertex 2.139877 -0.695288 0.500000
      vertex 2.222299 -0.000000 0.891086
      vertex 2.113532 -0.686728 0.891086
    endloop
  endfacet
  facet normal 0.965937 -0.152989 0.208711
    outer loop
      vertex 2.113532 -0.686728 0.891086
      vertex 2.222299 -0.000000 0.891086
      vertex 2.139877 -0.000000 1.272542
    endloop
  endfacet
  facet normal 0.965937 -0.152989 0.208711
    outer loop
      vertex 2.113532 -0.686728 0.891086
      vertex 2.139877 -0.000000 1.272542
      vertex 2.035144 -0.661258 1.272542
    endloop
  endfacet
  facet normal 0.926856 -0.146800 0.345525
    outer loop
      vertex 2.035144 -0.661258 1.272542
      vertex 2.139877 -0.000000 1.272542
      vertex 2.004765 -0.000000 1.634976
    endloop
  endfacet
  facet normal 0.926856 -0.146800 0.345525
    outer loop
      vertex 2.035144 -0.661258 1.272542
      vertex 2.004765 -0.000000 1.634976
      vertex 1.906645 -0.619506 1.634976
    endloop
  endfacet
  facet normal 0.867351 -0.137375 0.478362
    outer loop
      vertex 1.906645 -0.619506 1.634976
      vertex 2.004765 -0.000000 1.634976
      vertex 1.820288 -0.000000 1.969463
    endloop
  endfacet
  facet normal 0.867351 -0.137375 0.478362
    outer loop
      vertex 1.906645 -0.619506 1.634976
      vertex 1.820288 -0.000000 1.969463
      vertex 1.731197 -0.562500 1.969463
    endloop
  endfacet
  facet normal 0.786660 -0.124595 0.604684
    outer loop
      vertex 1.731197 -0.562500 1.969463
      vertex 1.820288 -0.000000 1.969463
      vertex 1.590990 -0.000000 2.267767
    endloop
  endfacet
  facet normal 0.786660 -0.124595 0.604684
    outer loop
      vertex 1.731197 -0.562500 1.969463
      vertex 1.590990 -0.000000 2.267767
      vertex 1.513122 -0.491643 2.267767
    endloop
  endfacet
  facet normal 0.684305 -0.108383 0.721096
    outer loop
      vertex 1.513122 -0.491643 2.267767
      vertex 1.590990 -0.000000 2.267767
      vertex 1.322517 -0.000000 2.522542
    endloop
  endfacet
  facet normal 0.684305 -0.108383 0.721096
    outer loop
      vertex 1.513122 -0.491643 2.267767
      vertex 1.322517 -0.000000 2.522542
      vertex 1.257788 -0.408680 2.522542
    endloop
  endfacet
  facet normal 0.560590 -0.088789 0.823320
    outer loop
      vertex 1.257788 -0.408680 2.522542
      vertex 1.322517 -0.000000 2.522542
      vertex 1.021479 -0.000000 2.727516
    endloop
  endfacet
  facet normal 0.560590 -0.088789 0.823320
    outer loop
      vertex 1.257788 -0.408680 2.522542
      vertex 1.021479 -0.000000 2.727516
      vertex 0.971484 -0.315654 2.727516
    endloop
  endfacet
  facet normal 0.417170 -0.066073 0.906424
    outer loop
      vertex 0.971484 -0.315654 2.727516
      vertex 1.021479 -0.000000 2.727516
      vertex 0.695288 -0.000000 2.877641
    endloop
  endfacet
  facet normal 0.417170 -0.066073 0.906424
    outer loop
      vertex 0.971484 -0.315654 2.727516
      vertex 0.695288 -0.000000 2.877641
      vertex 0.661258 -0.214856 2.877641
    endloop
  endfacet
  facet normal 0.257527 -0.040788 0.965410
    outer loop
      vertex 0.661258 -0.214856 2.877641
      vertex 0.695288 -0.000000 2.877641
      vertex 0.351978 -0.000000 2.969221
    endloop
  endfacet
  facet normal 0.257527 -0.040788 0.965410
    outer loop
      vertex 0.661258 -0.214856 2.877641
      vertex 0.351978 -0.000000 2.969221
      vertex 0.334751 -0.108767 2.969221
    endloop
  endfacet
  facet normal 0.087106 -0.013796 0.996104
    outer loop
      vertex 0.334751 -0.108767 2.969221
      vertex 0.351978 -0.000000 2.969221
      vertex 0.000000 -0.000000 3.000000
    endloop
  endfacet
  facet normal 0.000000 0.000000 1.000000
    outer loop
      vertex 0.334751 -0.108767 2.969221
      vertex 0.000000 -0.000000 3.000000
      vertex 0.000000 -0.000000 3.000000
    endloop
  endfacet
  facet normal 0.000000 0.000000 1.000000
    outer loop
      vertex 0.000000 0.000000 0.500000
      vertex 2.250000 0.000000 0.500000
      vertex 2.139877 0.695288 0.500000
    endloop
  endfacet
  facet normal 0.000000 0.000000 1.000000
    outer loop
      vertex 0.000000 0.000000 0.500000
      vertex 2.139877 0.695288 0.500000
      vertex 1.820288 1.322517 0.500000
    endloop
  endfacet
  facet normal 0.000000 0.000000 1.000000
    outer loop
      vertex 0.000000 0.000000 0.500000
      vertex 1.820288 1.322517 0.500000
      vertex 1.322517 1.820288 0.500000
    endloop
  endfacet
  facet normal 0.000000 0.000000 1.000000
    outer loop
      vertex 0.000000 0.000000 0.500000
      vertex 1.322517 1.820288 0.500000
      vertex 0.695288 2.139877 0.500000
    endloop
  endfacet
  facet normal 0.000000 0.000000 1.000000
    outer loop
      vertex 0.000000 0.000000 0.500000
      vertex 0.695288 2.139877 0.500000
      vertex 0.000000 2.250000 0.500000
    endloop
  endfacet
  facet normal 0.000000 -0.000000 1.000000
    outer loop
      vertex 0.000000 0.000000 0.500000
      vertex 0.000000 2.250000 0.500000
      vertex -0.695288 2.139877 0.500000
    endloop
  endfacet
  facet normal 0.000000 0.000000 1.000000
    outer loop
      vertex 0.000000 0.000000 0.500000
      vertex -0.695288 2.139877 0.500000
      vertex -1.322517 1.820288 0.500000
    endloop
  endfacet
  facet normal 0.000000 0.000000 1.000000
    outer loop
      vertex 0.000000 0.000000 0.500000
      vertex -1.322517 1.820288 0.500000
      vertex -1.820288 1.322517 0.500000
    endloop
  endfacet
  facet normal 0.000000 0.000000 1.000000
    outer loop
      vertex 0.000000 0.000000 0.500000
      vertex -1.820288 1.322517 0.500000
      vertex -2.139877 0.695288 0.500000
    endloop
  endfacet
  facet normal 0.000000 0.000000 1.000000
    outer loop
      vertex 0.000000 0.000000 0.500000
      vertex -2.139877 0.695288 0.500000
      vertex -2.250000 0.000000 0.500000
    endloop
  endfacet
  facet normal 0.000000 0.000000 1.000000
    outer loop
      vertex 0.000000 0.000000 0.500000
      vertex -2.250000 0.000000 0.500000
      vertex -2.139877 -0.695288 0.500000
    endloop
  endfacet
  facet normal 0.000000 0.000000 1.000000
    outer loop
      vertex 0.000000 0.000000 0.500000
      vertex -2.139877 -0.695288 0.500000
      vertex -1.820288 -1.322517 0.500000
    endloop
  endfacet
  facet normal 0.000000 0.000000 1.000000
    outer loop
      vertex 0.000000 0.000000 0.500000
      vertex -1.820288 -1.322517 0.500000
      vertex -1.322517 -1.820288 0.500000
    endloop
  endfacet
  facet normal 0.000000 0.000000 1.000000
    outer loop
      vertex 0.000000 0.000000 0.500000
      vertex -1.322517 -1.820288 0.500000
      vertex -0.695288 -2.139877 0.500000
    endloop
  endfacet
  facet normal 0.000000 0.000000 1.000000
    outer loop
      vertex 0.000000 0.000000 0.500000
      vertex -0.695288 -2.139877 0.500000
      vertex -0.000000 -2.250000 0.500000
    endloop
  endfacet
  facet normal 0.000000 0.000000 1.000000
    outer loop
      vertex 0.000000 0.000000 0.500000
      vertex -0.000000 -2.250000 0.500000
      vertex 0.695288 -2.139877 0.500000
    endloop
  endfacet
  facet normal 0.000000 0.000000 1.000000
    outer loop
      vertex 0.000000 0.000000 0.500000
      vertex 0.695288 -2.139877 0.500000
      vertex 1.322517 -1.820288 0.500000
    endloop
  endfacet
  facet normal 0.000000 0.000000 1.000000
    outer loop
      vertex 0.000000 0.000000 0.500000
      vertex 1.322517 -1.820288 0.500000
      vertex 1.820288 -1.322517 0.500000
    endloop
  endfacet
  facet normal 0.000000 0.000000 1.000000
    outer loop
      vertex 0.000000 0.000000 0.500000
      vertex 1.820288 -1.322517 0.500000
      vertex 2.139877 -0.695288 0.500000
    endloop
  endfacet
  facet normal 0.000000 0.000000 1.000000
    outer loop
      vertex 0.000000 0.000000 0.500000
      vertex 2.139877 -0.695288 0.500000
      vertex 2.250000 -0.000000 0.500000
    endloop
  endfacet
endsolid earring_25mm
