solid earring_15mm
  facet normal 0.000000 0.000000 -1.000000
    outer loop
      vertex 0.000000 0.000000 0.000000
      vertex 7.435836 0.978946 0.000000
      vertex 7.500000 0.000000 0.000000
    endloop
  endfacet
  facet normal 0.000000 0.000000 1.000000
    outer loop
      vertex 0.000000 0.000000 0.500000
      vertex 7.500000 0.000000 0.500000
      vertex 7.435836 0.978946 0.500000
    endloop
  endfacet
  facet normal 0.997859 0.065403 0.000000
    outer loop
      vertex 7.500000 0.000000 0.000000
      vertex 7.435836 0.978946 0.000000
      vertex 7.435836 0.978946 0.500000
    endloop
  endfacet
  facet normal 0.997859 0.065403 -0.000000
    outer loop
      vertex 7.500000 0.000000 0.000000
      vertex 7.435836 0.978946 0.500000
      vertex 7.500000 0.000000 0.500000
    endloop
  endfacet
  facet normal 0.000000 0.000000 -1.000000
    outer loop
      vertex 0.000000 0.000000 0.000000
      vertex 7.244444 1.941143 0.000000
      vertex 7.435836 0.978946 0.000000
    endloop
  endfacet
  facet normal 0.000000 0.000000 1.000000
    outer loop
      vertex 0.000000 0.000000 0.500000
      vertex 7.435836 0.978946 0.500000
      vertex 7.244444 1.941143 0.500000
    endloop
  endfacet
  facet normal 0.980785 0.195090 0.000000
    outer loop
      vertex 7.435836 0.978946 0.000000
      vertex 7.244444 1.941143 0.000000
      vertex 7.244444 1.941143 0.500000
    endloop
  endfacet
  facet normal 0.980785 0.195090 -0.000000
    outer loop
      vertex 7.435836 0.978946 0.000000
      vertex 7.244444 1.941143 0.500000
      vertex 7.435836 0.978946 0.500000
    endloop
  endfacet
  facet normal 0.000000 0.000000 -1.000000
    outer loop
      vertex 0.000000 0.000000 0.000000
      vertex 6.929096 2.870126 0.000000
      vertex 7.244444 1.941143 0.000000
    endloop
  endfacet
  facet normal 0.000000 0.000000 1.000000
    outer loop
      vertex 0.000000 0.000000 0.500000
      vertex 7.244444 1.941143 0.500000
      vertex 6.929096 2.870126 0.500000
    endloop
  endfacet
  facet normal 0.946930 0.321439 0.000000
    outer loop
      vertex 7.244444 1.941143 0.000000
      vertex 6.929096 2.870126 0.000000
      vertex 6.929096 2.870126 0.500000
    endloop
  endfacet
  facet normal 0.946930 0.321439 -0.000000
    outer loop
      vertex 7.244444 1.941143 0.000000
      vertex 6.929096 2.870126 0.500000
      vertex 7.244444 1.941143 0.500000
    endloop
  endfacet
  facet normal 0.000000 0.000000 -1.000000
    outer loop
      vertex 0.000000 0.000000 0.000000
      vertex 6.495191 3.750000 0.000000
      vertex 6.929096 2.870126 0.000000
    endloop
  endfacet
  facet normal 0.000000 0.000000 1.000000
    outer loop
      vertex 0.000000 0.000000 0.500000
      vertex 6.929096 2.870126 0.500000
      vertex 6.495191 3.750000 0.500000
    endloop
  endfacet
  facet normal 0.896873 0.442289 0.000000
    outer loop
      vertex 6.929096 2.870126 0.000000
      vertex 6.495191 3.750000 0.000000
      vertex 6.495191 3.750000 0.500000
    endloop
  endfacet
  facet normal 0.896873 0.442289 -0.000000
    outer loop
      vertex 6.929096 2.870126 0.000000
      vertex 6.495191 3.750000 0.500000
      vertex 6.929096 2.870126 0.500000
    endloop
  endfacet
  facet normal 0.000000 0.000000 -1.000000
    outer loop
      vertex 0.000000 0.000000 0.000000
      vertex 5.950150 4.565711 0.000000
      vertex 6.495191 3.750000 0.000000
    endloop
  endfacet
  facet normal 0.000000 0.000000 1.000000
    outer loop
      vertex 0.000000 0.000000 0.500000
      vertex 6.495191 3.750000 0.500000
      vertex 5.950150 4.565711 0.500000
    endloop
  endfacet
  facet normal 0.831470 0.555570 0.000000
    outer loop
      vertex 6.495191 3.750000 0.000000
      vertex 5.950150 4.565711 0.000000
      vertex 5.950150 4.565711 0.500000
    endloop
  endfacet
  facet normal 0.831470 0.555570 -0.000000
    outer loop
      vertex 6.495191 3.750000 0.000000
      vertex 5.950150 4.565711 0.500000
      vertex 6.495191 3.750000 0.500000
    endloop
  endfacet
  facet normal 0.000000 0.000000 -1.000000
    outer loop
      vertex 0.000000 0.000000 0.000000
      vertex 5.303301 5.303301 0.000000
      vertex 5.950150 4.565711 0.000000
    endloop
  endfacet
  facet normal 0.000000 0.000000 1.000000
    outer loop
      vertex 0.000000 0.000000 0.500000
      vertex 5.950150 4.565711 0.500000
      vertex 5.303301 5.303301 0.500000
    endloop
  endfacet
  facet normal 0.751840 0.659346 0.000000
    outer loop
      vertex 5.950150 4.565711 0.000000
      vertex 5.303301 5.303301 0.000000
      vertex 5.303301 5.303301 0.500000
    endloop
  endfacet
  facet normal 0.751840 0.659346 -0.000000
    outer loop
      vertex 5.950150 4.565711 0.000000
      vertex 5.303301 5.303301 0.500000
      vertex 5.950150 4.565711 0.500000
    endloop
  endfacet
  facet normal 0.000000 0.000000 -1.000000
    outer loop
      vertex 0.000000 0.000000 0.000000
      vertex 4.565711 5.950150 0.000000
      vertex 5.303301 5.303301 0.000000
    endloop
  endfacet
  facet normal 0.000000 0.000000 1.000000
    outer loop
      vertex 0.000000 0.000000 0.500000
      vertex 5.303301 5.303301 0.500000
      vertex 4.565711 5.950150 0.500000
    endloop
  endfacet
  facet normal 0.659346 0.751840 0.000000
    outer loop
      vertex 5.303301 5.303301 0.000000
      vertex 4.565711 5.950150 0.000000
      vertex 4.565711 5.950150 0.500000
    endloop
  endfacet
  facet normal 0.659346 0.751840 -0.000000
    outer loop
      vertex 5.303301 5.303301 0.000000
      vertex 4.565711 5.950150 0.500000
      vertex 5.303301 5.303301 0.500000
    endloop
  endfacet
  facet normal 0.000000 0.000000 -1.000000
    outer loop
      vertex 0.000000 0.000000 0.000000
      vertex 3.750000 6.495191 0.000000
      vertex 4.565711 5.950150 0.000000
    endloop
  endfacet
  facet normal 0.000000 0.000000 1.000000
    outer loop
      vertex 0.000000 0.000000 0.500000
      vertex 4.565711 5.950150 0.500000
      vertex 3.750000 6.495191 0.500000
    endloop
  endfacet
  facet normal 0.555570 0.831470 0.000000
    outer loop
      vertex 4.565711 5.950150 0.000000
      vertex 3.750000 6.495191 0.000000
      vertex 3.750000 6.495191 0.500000
    endloop
  endfacet
  facet normal 0.555570 0.831470 -0.000000
    outer loop
      vertex 4.565711 5.950150 0.000000
      vertex 3.750000 6.495191 0.500000
      vertex 4.565711 5.950150 0.500000
    endloop
  endfacet
  facet normal 0.000000 0.000000 -1.000000
    outer loop
      vertex 0.000000 0.000000 0.000000
      vertex 2.870126 6.929096 0.000000
      vertex 3.750000 6.495191 0.000000
    endloop
  endfacet
  facet normal 0.000000 0.000000 1.000000
    outer loop
      vertex 0.000000 0.000000 0.500000
      vertex 3.750000 6.495191 0.500000
      vertex 2.870126 6.929096 0.500000
    endloop
  endfacet
  facet normal 0.442289 0.896873 0.000000
    outer loop
      vertex 3.750000 6.495191 0.000000
      vertex 2.870126 6.929096 0.000000
      vertex 2.870126 6.929096 0.500000
    endloop
  endfacet
  facet normal 0.442289 0.896873 -0.000000
    outer loop
      vertex 3.750000 6.495191 0.000000
      vertex 2.870126 6.929096 0.500000
      vertex 3.750000 6.495191 0.500000
    endloop
  endfacet
  facet normal 0.000000 0.000000 -1.000000
    outer loop
      vertex 0.000000 0.000000 0.000000
      vertex 1.941143 7.244444 0.000000
      vertex 2.870126 6.929096 0.000000
    endloop
  endfacet
  facet normal 0.000000 0.000000 1.000000
    outer loop
      vertex 0.000000 0.000000 0.500000
      vertex 2.870126 6.929096 0.500000
      vertex 1.941143 7.244444 0.500000
    endloop
  endfacet
  facet normal 0.321439 0.946930 0.000000
    outer loop
      vertex 2.870126 6.929096 0.000000
      vertex 1.941143 7.244444 0.000000
      vertex 1.941143 7.244444 0.500000
    endloop
  endfacet
  facet normal 0.321439 0.946930 -0.000000
    outer loop
      vertex 2.870126 6.929096 0.000000
      vertex 1.941143 7.244444 0.500000
      vertex 2.870126 6.929096 0.500000
    endloop
  endfacet
  facet normal 0.000000 0.000000 -1.000000
    outer loop
      vertex 0.000000 0.000000 0.000000
      vertex 0.978946 7.435836 0.000000
      vertex 1.941143 7.244444 0.000000
    endloop
  endfacet
  facet normal 0.000000 0.000000 1.000000
    outer loop
      vertex 0.000000 0.000000 0.500000
      vertex 1.941143 7.244444 0.500000
      vertex 0.978946 7.435836 0.500000
    endloop
  endfacet
  facet normal 0.195090 0.980785 0.000000
    outer loop
      vertex 1.941143 7.244444 0.000000
      vertex 0.978946 7.435836 0.000000
      vertex 0.978946 7.435836 0.500000
    endloop
  endfacet
  facet normal 0.195090 0.980785 -0.000000
    outer loop
      vertex 1.941143 7.244444 0.000000
      vertex 0.978946 7.435836 0.500000
      vertex 1.941143 7.244444 0.500000
    endloop
  endfacet
  facet normal 0.000000 0.000000 -1.000000
    outer loop
      vertex 0.000000 0.000000 0.000000
      vertex 0.000000 7.500000 0.000000
      vertex 0.978946 7.435836 0.000000
    endloop
  endfacet
  facet normal 0.000000 0.000000 1.000000
    outer loop
      vertex 0.000000 0.000000 0.500000
      vertex 0.978946 7.435836 0.500000
      vertex 0.000000 7.500000 0.500000
    endloop
  endfacet
  facet normal 0.065403 0.997859 0.000000
    outer loop
      vertex 0.978946 7.435836 0.000000
      vertex 0.000000 7.500000 0.000000
      vertex 0.000000 7.500000 0.500000
    endloop
  endfacet
  facet normal 0.065403 0.997859 -0.000000
    outer loop
      vertex 0.978946 7.435836 0.000000
      vertex 0.000000 7.500000 0.500000
      vertex 0.978946 7.435836 0.500000
    endloop
  endfacet
  facet normal 0.000000 0.000000 -1.000000
    outer loop
      vertex 0.000000 0.000000 0.000000
      vertex -0.978946 7.435836 0.000000
      vertex 0.000000 7.500000 0.000000
    endloop
  endfacet
  facet normal 0.000000 -0.000000 1.000000
    outer loop
      vertex 0.000000 0.000000 0.500000
      vertex 0.000000 7.500000 0.500000
      vertex -0.978946 7.435836 0.500000
    endloop
  endfacet
  facet normal -0.065403 0.997859 0.000000
    outer loop
      vertex 0.000000 7.500000 0.000000
      vertex -0.978946 7.435836 0.000000
      vertex -0.978946 7.435836 0.500000
    endloop
  endfacet
  facet normal -0.065403 0.997859 0.000000
    outer loop
      vertex 0.000000 7.500000 0.000000
      vertex -0.978946 7.435836 0.500000
      vertex 0.000000 7.500000 0.500000
    endloop
  endfacet
  facet normal 0.000000 0.000000 -1.000000
    outer loop
      vertex 0.000000 0.000000 0.000000
      vertex -1.941143 7.244444 0.000000
      vertex -0.978946 7.435836 0.000000
    endloop
  endfacet
  facet normal 0.000000 0.000000 1.000000
    outer loop
      vertex 0.000000 0.000000 0.500000
      vertex -0.978946 7.435836 0.500000
      vertex -1.941143 7.244444 0.500000
    endloop
  endfacet
  facet normal -0.195090 0.980785 0.000000
    outer loop
      vertex -0.978946 7.435836 0.000000
      vertex -1.941143 7.244444 0.000000
      vertex -1.941143 7.244444 0.500000
    endloop
  endfacet
  facet normal -0.195090 0.980785 0.000000
    outer loop
      vertex -0.978946 7.435836 0.000000
      vertex -1.941143 7.244444 0.500000
      vertex -0.978946 7.435836 0.500000
    endloop
  endfacet
  facet normal 0.000000 0.000000 -1.000000
    outer loop
      vertex 0.000000 0.000000 0.000000
      vertex -2.870126 6.929096 0.000000
      vertex -1.941143 7.244444 0.000000
    endloop
  endfacet
  facet normal 0.000000 0.000000 1.000000
    outer loop
      vertex 0.000000 0.000000 0.500000
      vertex -1.941143 7.244444 0.500000
      vertex -2.870126 6.929096 0.500000
    endloop
  endfacet
  facet normal -0.321439 0.946930 0.000000
    outer loop
      vertex -1.941143 7.244444 0.000000
      vertex -2.870126 6.929096 0.000000
      vertex -2.870126 6.929096 0.500000
    endloop
  endfacet
  facet normal -0.321439 0.946930 0.000000
    outer loop
      vertex -1.941143 7.244444 0.000000
      vertex -2.870126 6.929096 0.500000
      vertex -1.941143 7.244444 0.500000
    endloop
  endfacet
  facet normal 0.000000 0.000000 -1.000000
    outer loop
      vertex 0.000000 0.000000 0.000000
      vertex -3.750000 6.495191 0.000000
      vertex -2.870126 6.929096 0.000000
    endloop
  endfacet
  facet normal 0.000000 0.000000 1.000000
    outer loop
      vertex 0.000000 0.000000 0.500000
      vertex -2.870126 6.929096 0.500000
      vertex -3.750000 6.495191 0.500000
    endloop
  endfacet
  facet normal -0.442289 0.896873 0.000000
    outer loop
      vertex -2.870126 6.929096 0.000000
      vertex -3.750000 6.495191 0.000000
      vertex -3.750000 6.495191 0.500000
    endloop
  endfacet
  facet normal -0.442289 0.896873 0.000000
    outer loop
      vertex -2.870126 6.929096 0.000000
      vertex -3.750000 6.495191 0.500000
      vertex -2.870126 6.929096 0.500000
    endloop
  endfacet
  facet normal 0.000000 0.000000 -1.000000
    outer loop
      vertex 0.000000 0.000000 0.000000
      vertex -4.565711 5.950150 0.000000
      vertex -3.750000 6.495191 0.000000
    endloop
  endfacet
  facet normal 0.000000 0.000000 1.000000
    outer loop
      vertex 0.000000 0.000000 0.500000
      vertex -3.750000 6.495191 0.500000
      vertex -4.565711 5.950150 0.500000
    endloop
  endfacet
  facet normal -0.555570 0.831470 0.000000
    outer loop
      vertex -3.750000 6.495191 0.000000
      vertex -4.565711 5.950150 0.000000
      vertex -4.565711 5.950150 0.500000
    endloop
  endfacet
  facet normal -0.555570 0.831470 0.000000
    outer loop
      vertex -3.750000 6.495191 0.000000
      vertex -4.565711 5.950150 0.500000
      vertex -3.750000 6.495191 0.500000
    endloop
  endfacet
  facet normal 0.000000 0.000000 -1.000000
    outer loop
      vertex 0.000000 0.000000 0.000000
      vertex -5.303301 5.303301 0.000000
      vertex -4.565711 5.950150 0.000000
    endloop
  endfacet
  facet normal 0.000000 0.000000 1.000000
    outer loop
      vertex 0.000000 0.000000 0.500000
      vertex -4.565711 5.950150 0.500000
      vertex -5.303301 5.303301 0.500000
    endloop
  endfacet
  facet normal -0.659346 0.751840 0.000000
    outer loop
      vertex -4.565711 5.950150 0.000000
      vertex -5.303301 5.303301 0.000000
      vertex -5.303301 5.303301 0.500000
    endloop
  endfacet
  facet normal -0.659346 0.751840 0.000000
    outer loop
      vertex -4.565711 5.950150 0.000000
      vertex -5.303301 5.303301 0.500000
      vertex -4.565711 5.950150 0.500000
    endloop
  endfacet
  facet normal 0.000000 0.000000 -1.000000
    outer loop
      vertex 0.000000 0.000000 0.000000
      vertex -5.950150 4.565711 0.000000
      vertex -5.303301 5.303301 0.000000
    endloop
  endfacet
  facet normal 0.000000 0.000000 1.000000
    outer loop
      vertex 0.000000 0.000000 0.500000
      vertex -5.303301 5.303301 0.500000
      vertex -5.950150 4.565711 0.500000
    endloop
  endfacet
  facet normal -0.751840 0.659346 0.000000
    outer loop
      vertex -5.303301 5.303301 0.000000
      vertex -5.950150 4.565711 0.000000
      vertex -5.950150 4.565711 0.500000
    endloop
  endfacet
  facet normal -0.751840 0.659346 0.000000
    outer loop
      vertex -5.303301 5.303301 0.000000
      vertex -5.950150 4.565711 0.500000
      vertex -5.303301 5.303301 0.500000
    endloop
  endfacet
  facet normal 0.000000 0.000000 -1.000000
    outer loop
      vertex 0.000000 0.000000 0.000000
      vertex -6.495191 3.750000 0.000000
      vertex -5.950150 4.565711 0.000000
    endloop
  endfacet
  facet normal 0.000000 0.000000 1.000000
    outer loop
      vertex 0.000000 0.000000 0.500000
      vertex -5.950150 4.565711 0.500000
      vertex -6.495191 3.750000 0.500000
    endloop
  endfacet
  facet normal -0.831470 0.555570 0.000000
    outer loop
      vertex -5.950150 4.565711 0.000000
      vertex -6.495191 3.750000 0.000000
      vertex -6.495191 3.750000 0.500000
    endloop
  endfacet
  facet normal -0.831470 0.555570 0.000000
    outer loop
      vertex -5.950150 4.565711 0.000000
      vertex -6.495191 3.750000 0.500000
      vertex -5.950150 4.565711 0.500000
    endloop
  endfacet
  facet normal 0.000000 0.000000 -1.000000
    outer loop
      vertex 0.000000 0.000000 0.000000
      vertex -6.929096 2.870126 0.000000
      vertex -6.495191 3.750000 0.000000
    endloop
  endfacet
  facet normal 0.000000 0.000000 1.000000
    outer loop
      vertex 0.000000 0.000000 0.500000
      vertex -6.495191 3.750000 0.500000
      vertex -6.929096 2.870126 0.500000
    endloop
  endfacet
  facet normal -0.896873 0.442289 0.000000
    outer loop
      vertex -6.495191 3.750000 0.000000
      vertex -6.929096 2.870126 0.000000
      vertex -6.929096 2.870126 0.500000
    endloop
  endfacet
  facet normal -0.896873 0.442289 0.000000
    outer loop
      vertex -6.495191 3.750000 0.000000
      vertex -6.929096 2.870126 0.500000
      vertex -6.495191 3.750000 0.500000
    endloop
  endfacet
  facet normal 0.000000 0.000000 -1.000000
    outer loop
      vertex 0.000000 0.000000 0.000000
      vertex -7.244444 1.941143 0.000000
      vertex -6.929096 2.870126 0.000000
    endloop
  endfacet
  facet normal 0.000000 0.000000 1.000000
    outer loop
      vertex 0.000000 0.000000 0.500000
      vertex -6.929096 2.870126 0.500000
      vertex -7.244444 1.941143 0.500000
    endloop
  endfacet
  facet normal -0.946930 0.321439 0.000000
    outer loop
      vertex -6.929096 2.870126 0.000000
      vertex -7.244444 1.941143 0.000000
      vertex -7.244444 1.941143 0.500000
    endloop
  endfacet
  facet normal -0.946930 0.321439 0.000000
    outer loop
      vertex -6.929096 2.870126 0.000000
      vertex -7.244444 1.941143 0.500000
      vertex -6.929096 2.870126 0.500000
    endloop
  endfacet
  facet normal 0.000000 0.000000 -1.000000
    outer loop
      vertex 0.000000 0.000000 0.000000
      vertex -7.435836 0.978946 0.000000
      vertex -7.244444 1.941143 0.000000
    endloop
  endfacet
  facet normal 0.000000 0.000000 1.000000
    outer loop
      vertex 0.000000 0.000000 0.500000
      vertex -7.244444 1.941143 0.500000
      vertex -7.435836 0.978946 0.500000
    endloop
  endfacet
  facet normal -0.980785 0.195090 0.000000
    outer loop
      vertex -7.244444 1.941143 0.000000
      vertex -7.435836 0.978946 0.000000
      vertex -7.435836 0.978946 0.500000
    endloop
  endfacet
  facet normal -0.980785 0.195090 0.000000
    outer loop
      vertex -7.244444 1.941143 0.000000
      vertex -7.435836 0.978946 0.500000
      vertex -7.244444 1.941143 0.500000
    endloop
  endfacet
  facet normal 0.000000 0.000000 -1.000000
    outer loop
      vertex 0.000000 0.000000 0.000000
      vertex -7.500000 0.000000 0.000000
      vertex -7.435836 0.978946 0.000000
    endloop
  endfacet
  facet normal 0.000000 0.000000 1.000000
    outer loop
      vertex 0.000000 0.000000 0.500000
      vertex -7.435836 0.978946 0.500000
      vertex -7.500000 0.000000 0.500000
    endloop
  endfacet
  facet normal -0.997859 0.065403 0.000000
    outer loop
      vertex -7.435836 0.978946 0.000000
      vertex -7.500000 0.000000 0.000000
      vertex -7.500000 0.000000 0.500000
    endloop
  endfacet
  facet normal -0.997859 0.065403 0.000000
    outer loop
      vertex -7.435836 0.978946 0.000000
      vertex -7.500000 0.000000 0.500000
      vertex -7.435836 0.978946 0.500000
    endloop
  endfacet
  facet normal -0.000000 0.000000 -1.000000
    outer loop
      vertex 0.000000 0.000000 0.000000
      vertex -7.435836 -0.978946 0.000000
      vertex -7.500000 0.000000 0.000000
    endloop
  endfacet
  facet normal 0.000000 0.000000 1.000000
    outer loop
      vertex 0.000000 0.000000 0.500000
      vertex -7.500000 0.000000 0.500000
      vertex -7.435836 -0.978946 0.500000
    endloop
  endfacet
  facet normal -0.997859 -0.065403 0.000000
    outer loop
      vertex -7.500000 0.000000 0.000000
      vertex -7.435836 -0.978946 0.000000
      vertex -7.435836 -0.978946 0.500000
    endloop
  endfacet
  facet normal -0.997859 -0.065403 0.000000
    outer loop
      vertex -7.500000 0.000000 0.000000
      vertex -7.435836 -0.978946 0.500000
      vertex -7.500000 0.000000 0.500000
    endloop
  endfacet
  facet normal 0.000000 0.000000 -1.000000
    outer loop
      vertex 0.000000 0.000000 0.000000
      vertex -7.244444 -1.941143 0.000000
      vertex -7.435836 -0.978946 0.000000
    endloop
  endfacet
  facet normal 0.000000 0.000000 1.000000
    outer loop
      vertex 0.000000 0.000000 0.500000
      vertex -7.435836 -0.978946 0.500000
      vertex -7.244444 -1.941143 0.500000
    endloop
  endfacet
  facet normal -0.980785 -0.195090 0.000000
    outer loop
      vertex -7.435836 -0.978946 0.000000
      vertex -7.244444 -1.941143 0.000000
      vertex -7.244444 -1.941143 0.500000
    endloop
  endfacet
  facet normal -0.980785 -0.195090 0.000000
    outer loop
      vertex -7.435836 -0.978946 0.000000
      vertex -7.244444 -1.941143 0.500000
      vertex -7.435836 -0.978946 0.500000
    endloop
  endfacet
  facet normal 0.000000 0.000000 -1.000000
    outer loop
      vertex 0.000000 0.000000 0.000000
      vertex -6.929096 -2.870126 0.000000
      vertex -7.244444 -1.941143 0.000000
    endloop
  endfacet
  facet normal 0.000000 0.000000 1.000000
    outer loop
      vertex 0.000000 0.000000 0.500000
      vertex -7.244444 -1.941143 0.500000
      vertex -6.929096 -2.870126 0.500000
    endloop
  endfacet
  facet normal -0.946930 -0.321439 0.000000
    outer loop
      vertex -7.244444 -1.941143 0.000000
      vertex -6.929096 -2.870126 0.000000
      vertex -6.929096 -2.870126 0.500000
    endloop
  endfacet
  facet normal -0.946930 -0.321439 0.000000
    outer loop
      vertex -7.244444 -1.941143 0.000000
      vertex -6.929096 -2.870126 0.500000
      vertex -7.244444 -1.941143 0.500000
    endloop
  endfacet
  facet normal 0.000000 0.000000 -1.000000
    outer loop
      vertex 0.000000 0.000000 0.000000
      vertex -6.495191 -3.750000 0.000000
      vertex -6.929096 -2.870126 0.000000
    endloop
  endfacet
  facet normal 0.000000 0.000000 1.000000
    outer loop
      vertex 0.000000 0.000000 0.500000
      vertex -6.929096 -2.870126 0.500000
      vertex -6.495191 -3.750000 0.500000
    endloop
  endfacet
  facet normal -0.896873 -0.442289 0.000000
    outer loop
      vertex -6.929096 -2.870126 0.000000
      vertex -6.495191 -3.750000 0.000000
      vertex -6.495191 -3.750000 0.500000
    endloop
  endfacet
  facet normal -0.896873 -0.442289 0.000000
    outer loop
      vertex -6.929096 -2.870126 0.000000
      vertex -6.495191 -3.750000 0.500000
      vertex -6.929096 -2.870126 0.500000
    endloop
  endfacet
  facet normal 0.000000 0.000000 -1.000000
    outer loop
      vertex 0.000000 0.000000 0.000000
      vertex -5.950150 -4.565711 0.000000
      vertex -6.495191 -3.750000 0.000000
    endloop
  endfacet
  facet normal 0.000000 0.000000 1.000000
    outer loop
      vertex 0.000000 0.000000 0.500000
      vertex -6.495191 -3.750000 0.500000
      vertex -5.950150 -4.565711 0.500000
    endloop
  endfacet
  facet normal -0.831470 -0.555570 0.000000
    outer loop
      vertex -6.495191 -3.750000 0.000000
      vertex -5.950150 -4.565711 0.000000
      vertex -5.950150 -4.565711 0.500000
    endloop
  endfacet
  facet normal -0.831470 -0.555570 0.000000
    outer loop
      vertex -6.495191 -3.750000 0.000000
      vertex -5.950150 -4.565711 0.500000
      vertex -6.495191 -3.750000 0.500000
    endloop
  endfacet
  facet normal 0.000000 0.000000 -1.000000
    outer loop
      vertex 0.000000 0.000000 0.000000
      vertex -5.303301 -5.303301 0.000000
      vertex -5.950150 -4.565711 0.000000
    endloop
  endfacet
  facet normal 0.000000 0.000000 1.000000
    outer loop
      vertex 0.000000 0.000000 0.500000
      vertex -5.950150 -4.565711 0.500000
      vertex -5.303301 -5.303301 0.500000
    endloop
  endfacet
  facet normal -0.751840 -0.659346 0.000000
    outer loop
      vertex -5.950150 -4.565711 0.000000
      vertex -5.303301 -5.303301 0.000000
      vertex -5.303301 -5.303301 0.500000
    endloop
  endfacet
  facet normal -0.751840 -0.659346 0.000000
    outer loop
      vertex -5.950150 -4.565711 0.000000
      vertex -5.303301 -5.303301 0.500000
      vertex -5.950150 -4.565711 0.500000
    endloop
  endfacet
  facet normal 0.000000 0.000000 -1.000000
    outer loop
      vertex 0.000000 0.000000 0.000000
      vertex -4.565711 -5.950150 0.000000
      vertex -5.303301 -5.303301 0.000000
    endloop
  endfacet
  facet normal 0.000000 0.000000 1.000000
    outer loop
      vertex 0.000000 0.000000 0.500000
      vertex -5.303301 -5.303301 0.500000
      vertex -4.565711 -5.950150 0.500000
    endloop
  endfacet
  facet normal -0.659346 -0.751840 0.000000
    outer loop
      vertex -5.303301 -5.303301 0.000000
      vertex -4.565711 -5.950150 0.000000
      vertex -4.565711 -5.950150 0.500000
    endloop
  endfacet
  facet normal -0.659346 -0.751840 0.000000
    outer loop
      vertex -5.303301 -5.303301 0.000000
      vertex -4.565711 -5.950150 0.500000
      vertex -5.303301 -5.303301 0.500000
    endloop
  endfacet
  facet normal 0.000000 0.000000 -1.000000
    outer loop
      vertex 0.000000 0.000000 0.000000
      vertex -3.750000 -6.495191 0.000000
      vertex -4.565711 -5.950150 0.000000
    endloop
  endfacet
  facet normal 0.000000 0.000000 1.000000
    outer loop
      vertex 0.000000 0.000000 0.500000
      vertex -4.565711 -5.950150 0.500000
      vertex -3.750000 -6.495191 0.500000
    endloop
  endfacet
  facet normal -0.555570 -0.831470 0.000000
    outer loop
      vertex -4.565711 -5.950150 0.000000
      vertex -3.750000 -6.495191 0.000000
      vertex -3.750000 -6.495191 0.500000
    endloop
  endfacet
  facet normal -0.555570 -0.831470 0.000000
    outer loop
      vertex -4.565711 -5.950150 0.000000
      vertex -3.750000 -6.495191 0.500000
      vertex -4.565711 -5.950150 0.500000
    endloop
  endfacet
  facet normal 0.000000 0.000000 -1.000000
    outer loop
      vertex 0.000000 0.000000 0.000000
      vertex -2.870126 -6.929096 0.000000
      vertex -3.750000 -6.495191 0.000000
    endloop
  endfacet
  facet normal 0.000000 0.000000 1.000000
    outer loop
      vertex 0.000000 0.000000 0.500000
      vertex -3.750000 -6.495191 0.500000
      vertex -2.870126 -6.929096 0.500000
    endloop
  endfacet
  facet normal -0.442289 -0.896873 0.000000
    outer loop
      vertex -3.750000 -6.495191 0.000000
      vertex -2.870126 -6.929096 0.000000
      vertex -2.870126 -6.929096 0.500000
    endloop
  endfacet
  facet normal -0.442289 -0.896873 0.000000
    outer loop
      vertex -3.750000 -6.495191 0.000000
      vertex -2.870126 -6.929096 0.500000
      vertex -3.750000 -6.495191 0.500000
    endloop
  endfacet
  facet normal 0.000000 0.000000 -1.000000
    outer loop
      vertex 0.000000 0.000000 0.000000
      vertex -1.941143 -7.244444 0.000000
      vertex -2.870126 -6.929096 0.000000
    endloop
  endfacet
  facet normal 0.000000 0.000000 1.000000
    outer loop
      vertex 0.000000 0.000000 0.500000
      vertex -2.870126 -6.929096 0.500000
      vertex -1.941143 -7.244444 0.500000
    endloop
  endfacet
  facet normal -0.321439 -0.946930 0.000000
    outer loop
      vertex -2.870126 -6.929096 0.000000
      vertex -1.941143 -7.244444 0.000000
      vertex -1.941143 -7.244444 0.500000
    endloop
  endfacet
  facet normal -0.321439 -0.946930 0.000000
    outer loop
      vertex -2.870126 -6.929096 0.000000
      vertex -1.941143 -7.244444 0.500000
      vertex -2.870126 -6.929096 0.500000
    endloop
  endfacet
  facet normal 0.000000 0.000000 -1.000000
    outer loop
      vertex 0.000000 0.000000 0.000000
      vertex -0.978946 -7.435836 0.000000
      vertex -1.941143 -7.244444 0.000000
    endloop
  endfacet
  facet normal 0.000000 0.000000 1.000000
    outer loop
      vertex 0.000000 0.000000 0.500000
      vertex -1.941143 -7.244444 0.500000
      vertex -0.978946 -7.435836 0.500000
    endloop
  endfacet
  facet normal -0.195090 -0.980785 0.000000
    outer loop
      vertex -1.941143 -7.244444 0.000000
      vertex -0.978946 -7.435836 0.000000
      vertex -0.978946 -7.435836 0.500000
    endloop
  endfacet
  facet normal -0.195090 -0.980785 0.000000
    outer loop
      vertex -1.941143 -7.244444 0.000000
      vertex -0.978946 -7.435836 0.500000
      vertex -1.941143 -7.244444 0.500000
    endloop
  endfacet
  facet normal 0.000000 0.000000 -1.000000
    outer loop
      vertex 0.000000 0.000000 0.000000
      vertex -0.000000 -7.500000 0.000000
      vertex -0.978946 -7.435836 0.000000
    endloop
  endfacet
  facet normal 0.000000 0.000000 1.000000
    outer loop
      vertex 0.000000 0.000000 0.500000
      vertex -0.978946 -7.435836 0.500000
      vertex -0.000000 -7.500000 0.500000
    endloop
  endfacet
  facet normal -0.065403 -0.997859 0.000000
    outer loop
      vertex -0.978946 -7.435836 0.000000
      vertex -0.000000 -7.500000 0.000000
      vertex -0.000000 -7.500000 0.500000
    endloop
  endfacet
  facet normal -0.065403 -0.997859 0.000000
    outer loop
      vertex -0.978946 -7.435836 0.000000
      vertex -0.000000 -7.500000 0.500000
      vertex -0.978946 -7.435836 0.500000
    endloop
  endfacet
  facet normal 0.000000 -0.000000 -1.000000
    outer loop
      vertex 0.000000 0.000000 0.000000
      vertex 0.978946 -7.435836 0.000000
      vertex -0.000000 -7.500000 0.000000
    endloop
  endfacet
  facet normal 0.000000 0.000000 1.000000
    outer loop
      vertex 0.000000 0.000000 0.500000
      vertex -0.000000 -7.500000 0.500000
      vertex 0.978946 -7.435836 0.500000
    endloop
  endfacet
  facet normal 0.065403 -0.997859 0.000000
    outer loop
      vertex -0.000000 -7.500000 0.000000
      vertex 0.978946 -7.435836 0.000000
      vertex 0.978946 -7.435836 0.500000
    endloop
  endfacet
  facet normal 0.065403 -0.997859 0.000000
    outer loop
      vertex -0.000000 -7.500000 0.000000
      vertex 0.978946 -7.435836 0.500000
      vertex -0.000000 -7.500000 0.500000
    endloop
  endfacet
  facet normal 0.000000 0.000000 -1.000000
    outer loop
      vertex 0.000000 0.000000 0.000000
      vertex 1.941143 -7.244444 0.000000
      vertex 0.978946 -7.435836 0.000000
    endloop
  endfacet
  facet normal 0.000000 0.000000 1.000000
    outer loop
      vertex 0.000000 0.000000 0.500000
      vertex 0.978946 -7.435836 0.500000
      vertex 1.941143 -7.244444 0.500000
    endloop
  endfacet
  facet normal 0.195090 -0.980785 0.000000
    outer loop
      vertex 0.978946 -7.435836 0.000000
      vertex 1.941143 -7.244444 0.000000
      vertex 1.941143 -7.244444 0.500000
    endloop
  endfacet
  facet normal 0.195090 -0.980785 0.000000
    outer loop
      vertex 0.978946 -7.435836 0.000000
      vertex 1.941143 -7.244444 0.500000
      vertex 0.978946 -7.435836 0.500000
    endloop
  endfacet
  facet normal 0.000000 0.000000 -1.000000
    outer loop
      vertex 0.000000 0.000000 0.000000
      vertex 2.870126 -6.929096 0.000000
      vertex 1.941143 -7.244444 0.000000
    endloop
  endfacet
  facet normal 0.000000 0.000000 1.000000
    outer loop
      vertex 0.000000 0.000000 0.500000
      vertex 1.941143 -7.244444 0.500000
      vertex 2.870126 -6.929096 0.500000
    endloop
  endfacet
  facet normal 0.321439 -0.946930 0.000000
    outer loop
      vertex 1.941143 -7.244444 0.000000
      vertex 2.870126 -6.929096 0.000000
      vertex 2.870126 -6.929096 0.500000
    endloop
  endfacet
  facet normal 0.321439 -0.946930 0.000000
    outer loop
      vertex 1.941143 -7.244444 0.000000
      vertex 2.870126 -6.929096 0.500000
      vertex 1.941143 -7.244444 0.500000
    endloop
  endfacet
  facet normal 0.000000 0.000000 -1.000000
    outer loop
      vertex 0.000000 0.000000 0.000000
      vertex 3.750000 -6.495191 0.000000
      vertex 2.870126 -6.929096 0.000000
    endloop
  endfacet
  facet normal 0.000000 0.000000 1.000000
    outer loop
      vertex 0.000000 0.000000 0.500000
      vertex 2.870126 -6.929096 0.500000
      vertex 3.750000 -6.495191 0.500000
    endloop
  endfacet
  facet normal 0.442289 -0.896873 0.000000
    outer loop
      vertex 2.870126 -6.929096 0.000000
      vertex 3.750000 -6.495191 0.000000
      vertex 3.750000 -6.495191 0.500000
    endloop
  endfacet
  facet normal 0.442289 -0.896873 0.000000
    outer loop
      vertex 2.870126 -6.929096 0.000000
      vertex 3.750000 -6.495191 0.500000
      vertex 2.870126 -6.929096 0.500000
    endloop
  endfacet
  facet normal 0.000000 0.000000 -1.000000
    outer loop
      vertex 0.000000 0.000000 0.000000
      vertex 4.565711 -5.950150 0.000000
      vertex 3.750000 -6.495191 0.000000
    endloop
  endfacet
  facet normal 0.000000 0.000000 1.000000
    outer loop
      vertex 0.000000 0.000000 0.500000
      vertex 3.750000 -6.495191 0.500000
      vertex 4.565711 -5.950150 0.500000
    endloop
  endfacet
  facet normal 0.555570 -0.831470 0.000000
    outer loop
      vertex 3.750000 -6.495191 0.000000
      vertex 4.565711 -5.950150 0.000000
      vertex 4.565711 -5.950150 0.500000
    endloop
  endfacet
  facet normal 0.555570 -0.831470 0.000000
    outer loop
      vertex 3.750000 -6.495191 0.000000
      vertex 4.565711 -5.950150 0.500000
      vertex 3.750000 -6.495191 0.500000
    endloop
  endfacet
  facet normal 0.000000 0.000000 -1.000000
    outer loop
      vertex 0.000000 0.000000 0.000000
      vertex 5.303301 -5.303301 0.000000
      vertex 4.565711 -5.950150 0.000000
    endloop
  endfacet
  facet normal 0.000000 0.000000 1.000000
    outer loop
      vertex 0.000000 0.000000 0.500000
      vertex 4.565711 -5.950150 0.500000
      vertex 5.303301 -5.303301 0.500000
    endloop
  endfacet
  facet normal 0.659346 -0.751840 0.000000
    outer loop
      vertex 4.565711 -5.950150 0.000000
      vertex 5.303301 -5.303301 0.000000
      vertex 5.303301 -5.303301 0.500000
    endloop
  endfacet
  facet normal 0.659346 -0.751840 0.000000
    outer loop
      vertex 4.565711 -5.950150 0.000000
      vertex 5.303301 -5.303301 0.500000
      vertex 4.565711 -5.950150 0.500000
    endloop
  endfacet
  facet normal 0.000000 0.000000 -1.000000
    outer loop
      vertex 0.000000 0.000000 0.000000
      vertex 5.950150 -4.565711 0.000000
      vertex 5.303301 -5.303301 0.000000
    endloop
  endfacet
  facet normal 0.000000 0.000000 1.000000
    outer loop
      vertex 0.000000 0.000000 0.500000
      vertex 5.303301 -5.303301 0.500000
      vertex 5.950150 -4.565711 0.500000
    endloop
  endfacet
  facet normal 0.751840 -0.659346 0.000000
    outer loop
      vertex 5.303301 -5.303301 0.000000
      vertex 5.950150 -4.565711 0.000000
      vertex 5.950150 -4.565711 0.500000
    endloop
  endfacet
  facet normal 0.751840 -0.659346 0.000000
    outer loop
      vertex 5.303301 -5.303301 0.000000
      vertex 5.950150 -4.565711 0.500000
      vertex 5.303301 -5.303301 0.500000
    endloop
  endfacet
  facet normal 0.000000 0.000000 -1.000000
    outer loop
      vertex 0.000000 0.000000 0.000000
      vertex 6.495191 -3.750000 0.000000
      vertex 5.950150 -4.565711 0.000000
    endloop
  endfacet
  facet normal 0.000000 0.000000 1.000000
    outer loop
      vertex 0.000000 0.000000 0.500000
      vertex 5.950150 -4.565711 0.500000
      vertex 6.495191 -3.750000 0.500000
    endloop
  endfacet
  facet normal 0.831470 -0.555570 0.000000
    outer loop
      vertex 5.950150 -4.565711 0.000000
      vertex 6.495191 -3.750000 0.000000
      vertex 6.495191 -3.750000 0.500000
    endloop
  endfacet
  facet normal 0.831470 -0.555570 0.000000
    outer loop
      vertex 5.950150 -4.565711 0.000000
      vertex 6.495191 -3.750000 0.500000
      vertex 5.950150 -4.565711 0.500000
    endloop
  endfacet
  facet normal 0.000000 0.000000 -1.000000
    outer loop
      vertex 0.000000 0.000000 0.000000
      vertex 6.929096 -2.870126 0.000000
      vertex 6.495191 -3.750000 0.000000
    endloop
  endfacet
  facet normal 0.000000 0.000000 1.000000
    outer loop
      vertex 0.000000 0.000000 0.500000
      vertex 6.495191 -3.750000 0.500000
      vertex 6.929096 -2.870126 0.500000
    endloop
  endfacet
  facet normal 0.896873 -0.442289 0.000000
    outer loop
      vertex 6.495191 -3.750000 0.000000
      vertex 6.929096 -2.870126 0.000000
      vertex 6.929096 -2.870126 0.500000
    endloop
  endfacet
  facet normal 0.896873 -0.442289 0.000000
    outer loop
      vertex 6.495191 -3.750000 0.000000
      vertex 6.929096 -2.870126 0.500000
      vertex 6.495191 -3.750000 0.500000
    endloop
  endfacet
  facet normal 0.000000 0.000000 -1.000000
    outer loop
      vertex 0.000000 0.000000 0.000000
      vertex 7.244444 -1.941143 0.000000
      vertex 6.929096 -2.870126 0.000000
    endloop
  endfacet
  facet normal 0.000000 0.000000 1.000000
    outer loop
      vertex 0.000000 0.000000 0.500000
      vertex 6.929096 -2.870126 0.500000
      vertex 7.244444 -1.941143 0.500000
    endloop
  endfacet
  facet normal 0.946930 -0.321439 0.000000
    outer loop
      vertex 6.929096 -2.870126 0.000000
      vertex 7.244444 -1.941143 0.000000
      vertex 7.244444 -1.941143 0.500000
    endloop
  endfacet
  facet normal 0.946930 -0.321439 0.000000
    outer loop
      vertex 6.929096 -2.870126 0.000000
      vertex 7.244444 -1.941143 0.500000
      vertex 6.929096 -2.870126 0.500000
    endloop
  endfacet
  facet normal 0.000000 0.000000 -1.000000
    outer loop
      vertex 0.000000 0.000000 0.000000
      vertex 7.435836 -0.978946 0.000000
      vertex 7.244444 -1.941143 0.000000
    endloop
  endfacet
  facet normal 0.000000 0.000000 1.000000
    outer loop
      vertex 0.000000 0.000000 0.500000
      vertex 7.244444 -1.941143 0.500000
      vertex 7.435836 -0.978946 0.500000
    endloop
  endfacet
  facet normal 0.980785 -0.195090 0.000000
    outer loop
      vertex 7.244444 -1.941143 0.000000
      vertex 7.435836 -0.978946 0.000000
      vertex 7.435836 -0.978946 0.500000
    endloop
  endfacet
  facet normal 0.980785 -0.195090 0.000000
    outer loop
      vertex 7.244444 -1.941143 0.000000
      vertex 7.435836 -0.978946 0.500000
      vertex 7.244444 -1.941143 0.500000
    endloop
  endfacet
  facet normal 0.000000 0.000000 -1.000000
    outer loop
      vertex 0.000000 0.000000 0.000000
      vertex 7.500000 -0.000000 0.000000
      vertex 7.435836 -0.978946 0.000000
    endloop
  endfacet
  facet normal 0.000000 0.000000 1.000000
    outer loop
      vertex 0.000000 0.000000 0.500000
      vertex 7.435836 -0.978946 0.500000
      vertex 7.500000 -0.000000 0.500000
    endloop
  endfacet
  facet normal 0.997859 -0.065403 0.000000
    outer loop
      vertex 7.435836 -0.978946 0.000000
      vertex 7.500000 -0.000000 0.000000
      vertex 7.500000 -0.000000 0.500000
    endloop
  endfacet
  facet normal 0.997859 -0.065403 0.000000
    outer loop
      vertex 7.435836 -0.978946 0.000000
      vertex 7.500000 -0.000000 0.500000
      vertex 7.435836 -0.978946 0.500000
    endloop
  endfacet
  facet normal 0.000000 0.000000 1.000000
    outer loop
      vertex 7.500000 0.000000 0.000000
      vertex 6.642681 0.874525 0.000000
      vertex 6.700000 0.000000 0.000000
    endloop
  endfacet
  facet normal 0.000000 0.000000 1.000000
    outer loop
      vertex 7.500000 0.000000 0.000000
      vertex 7.435836 0.978946 0.000000
      vertex 6.642681 0.874525 0.000000
    endloop
  endfacet
  facet normal 0.000000 0.000000 -1.000000
    outer loop
      vertex 7.500000 0.000000 0.800000
      vertex 6.700000 0.000000 0.800000
      vertex 6.642681 0.874525 0.800000
    endloop
  endfacet
  facet normal 0.000000 0.000000 -1.000000
    outer loop
      vertex 7.500000 0.000000 0.800000
      vertex 6.642681 0.874525 0.800000
      vertex 7.435836 0.978946 0.800000
    endloop
  endfacet
  facet normal 0.997859 0.065403 0.000000
    outer loop
      vertex 7.500000 0.000000 0.000000
      vertex 7.435836 0.978946 0.000000
      vertex 7.435836 0.978946 0.800000
    endloop
  endfacet
  facet normal 0.997859 0.065403 -0.000000
    outer loop
      vertex 7.500000 0.000000 0.000000
      vertex 7.435836 0.978946 0.800000
      vertex 7.500000 0.000000 0.800000
    endloop
  endfacet
  facet normal -0.997859 -0.065403 0.000000
    outer loop
      vertex 6.700000 0.000000 0.000000
      vertex 6.642681 0.874525 0.800000
      vertex 6.642681 0.874525 0.000000
    endloop
  endfacet
  facet normal -0.997859 -0.065403 0.000000
    outer loop
      vertex 6.700000 0.000000 0.000000
      vertex 6.700000 0.000000 0.800000
      vertex 6.642681 0.874525 0.800000
    endloop
  endfacet
  facet normal 0.000000 0.000000 1.000000
    outer loop
      vertex 7.435836 0.978946 0.000000
      vertex 6.471703 1.734088 0.000000
      vertex 6.642681 0.874525 0.000000
    endloop
  endfacet
  facet normal 0.000000 0.000000 1.000000
    outer loop
      vertex 7.435836 0.978946 0.000000
      vertex 7.244444 1.941143 0.000000
      vertex 6.471703 1.734088 0.000000
    endloop
  endfacet
  facet normal -0.000000 0.000000 -1.000000
    outer loop
      vertex 7.435836 0.978946 0.800000
      vertex 6.642681 0.874525 0.800000
      vertex 6.471703 1.734088 0.800000
    endloop
  endfacet
  facet normal 0.000000 0.000000 -1.000000
    outer loop
      vertex 7.435836 0.978946 0.800000
      vertex 6.471703 1.734088 0.800000
      vertex 7.244444 1.941143 0.800000
    endloop
  endfacet
  facet normal 0.980785 0.195090 0.000000
    outer loop
      vertex 7.435836 0.978946 0.000000
      vertex 7.244444 1.941143 0.000000
      vertex 7.244444 1.941143 0.800000
    endloop
  endfacet
  facet normal 0.980785 0.195090 -0.000000
    outer loop
      vertex 7.435836 0.978946 0.000000
      vertex 7.244444 1.941143 0.800000
      vertex 7.435836 0.978946 0.800000
    endloop
  endfacet
  facet normal -0.980785 -0.195090 0.000000
    outer loop
      vertex 6.642681 0.874525 0.000000
      vertex 6.471703 1.734088 0.800000
      vertex 6.471703 1.734088 0.000000
    endloop
  endfacet
  facet normal -0.980785 -0.195090 0.000000
    outer loop
      vertex 6.642681 0.874525 0.000000
      vertex 6.642681 0.874525 0.800000
      vertex 6.471703 1.734088 0.800000
    endloop
  endfacet
  facet normal 0.000000 0.000000 1.000000
    outer loop
      vertex 7.244444 1.941143 0.000000
      vertex 6.189993 2.563979 0.000000
      vertex 6.471703 1.734088 0.000000
    endloop
  endfacet
  facet normal 0.000000 0.000000 1.000000
    outer loop
      vertex 7.244444 1.941143 0.000000
      vertex 6.929096 2.870126 0.000000
      vertex 6.189993 2.563979 0.000000
    endloop
  endfacet
  facet normal -0.000000 0.000000 -1.000000
    outer loop
      vertex 7.244444 1.941143 0.800000
      vertex 6.471703 1.734088 0.800000
      vertex 6.189993 2.563979 0.800000
    endloop
  endfacet
  facet normal 0.000000 0.000000 -1.000000
    outer loop
      vertex 7.244444 1.941143 0.800000
      vertex 6.189993 2.563979 0.800000
      vertex 6.929096 2.870126 0.800000
    endloop
  endfacet
  facet normal 0.946930 0.321439 0.000000
    outer loop
      vertex 7.244444 1.941143 0.000000
      vertex 6.929096 2.870126 0.000000
      vertex 6.929096 2.870126 0.800000
    endloop
  endfacet
  facet normal 0.946930 0.321439 -0.000000
    outer loop
      vertex 7.244444 1.941143 0.000000
      vertex 6.929096 2.870126 0.800000
      vertex 7.244444 1.941143 0.800000
    endloop
  endfacet
  facet normal -0.946930 -0.321439 0.000000
    outer loop
      vertex 6.471703 1.734088 0.000000
      vertex 6.189993 2.563979 0.800000
      vertex 6.189993 2.563979 0.000000
    endloop
  endfacet
  facet normal -0.946930 -0.321439 0.000000
    outer loop
      vertex 6.471703 1.734088 0.000000
      vertex 6.471703 1.734088 0.800000
      vertex 6.189993 2.563979 0.800000
    endloop
  endfacet
  facet normal 0.000000 0.000000 1.000000
    outer loop
      vertex 6.929096 2.870126 0.000000
      vertex 5.802370 3.350000 0.000000
      vertex 6.189993 2.563979 0.000000
    endloop
  endfacet
  facet normal 0.000000 0.000000 1.000000
    outer loop
      vertex 6.929096 2.870126 0.000000
      vertex 6.495191 3.750000 0.000000
      vertex 5.802370 3.350000 0.000000
    endloop
  endfacet
  facet normal -0.000000 0.000000 -1.000000
    outer loop
      vertex 6.929096 2.870126 0.800000
      vertex 6.189993 2.563979 0.800000
      vertex 5.802370 3.350000 0.800000
    endloop
  endfacet
  facet normal 0.000000 0.000000 -1.000000
    outer loop
      vertex 6.929096 2.870126 0.800000
      vertex 5.802370 3.350000 0.800000
      vertex 6.495191 3.750000 0.800000
    endloop
  endfacet
  facet normal 0.896873 0.442289 0.000000
    outer loop
      vertex 6.929096 2.870126 0.000000
      vertex 6.495191 3.750000 0.000000
      vertex 6.495191 3.750000 0.800000
    endloop
  endfacet
  facet normal 0.896873 0.442289 -0.000000
    outer loop
      vertex 6.929096 2.870126 0.000000
      vertex 6.495191 3.750000 0.800000
      vertex 6.929096 2.870126 0.800000
    endloop
  endfacet
  facet normal -0.896873 -0.442289 0.000000
    outer loop
      vertex 6.189993 2.563979 0.000000
      vertex 5.802370 3.350000 0.800000
      vertex 5.802370 3.350000 0.000000
    endloop
  endfacet
  facet normal -0.896873 -0.442289 0.000000
    outer loop
      vertex 6.189993 2.563979 0.000000
      vertex 6.189993 2.563979 0.800000
      vertex 5.802370 3.350000 0.800000
    endloop
  endfacet
  facet normal 0.000000 0.000000 1.000000
    outer loop
      vertex 6.495191 3.750000 0.000000
      vertex 5.315467 4.078702 0.000000
      vertex 5.802370 3.350000 0.000000
    endloop
  endfacet
  facet normal 0.000000 0.000000 1.000000
    outer loop
      vertex 6.495191 3.750000 0.000000
      vertex 5.950150 4.565711 0.000000
      vertex 5.315467 4.078702 0.000000
    endloop
  endfacet
  facet normal -0.000000 0.000000 -1.000000
    outer loop
      vertex 6.495191 3.750000 0.800000
      vertex 5.802370 3.350000 0.800000
      vertex 5.315467 4.078702 0.800000
    endloop
  endfacet
  facet normal 0.000000 0.000000 -1.000000
    outer loop
      vertex 6.495191 3.750000 0.800000
      vertex 5.315467 4.078702 0.800000
      vertex 5.950150 4.565711 0.800000
    endloop
  endfacet
  facet normal 0.831470 0.555570 0.000000
    outer loop
      vertex 6.495191 3.750000 0.000000
      vertex 5.950150 4.565711 0.000000
      vertex 5.950150 4.565711 0.800000
    endloop
  endfacet
  facet normal 0.831470 0.555570 -0.000000
    outer loop
      vertex 6.495191 3.750000 0.000000
      vertex 5.950150 4.565711 0.800000
      vertex 6.495191 3.750000 0.800000
    endloop
  endfacet
  facet normal -0.831470 -0.555570 0.000000
    outer loop
      vertex 5.802370 3.350000 0.000000
      vertex 5.315467 4.078702 0.800000
      vertex 5.315467 4.078702 0.000000
    endloop
  endfacet
  facet normal -0.831470 -0.555570 0.000000
    outer loop
      vertex 5.802370 3.350000 0.000000
      vertex 5.802370 3.350000 0.800000
      vertex 5.315467 4.078702 0.800000
    endloop
  endfacet
  facet normal 0.000000 0.000000 1.000000
    outer loop
      vertex 5.950150 4.565711 0.000000
      vertex 4.737615 4.737615 0.000000
      vertex 5.315467 4.078702 0.000000
    endloop
  endfacet
  facet normal 0.000000 0.000000 1.000000
    outer loop
      vertex 5.950150 4.565711 0.000000
      vertex 5.303301 5.303301 0.000000
      vertex 4.737615 4.737615 0.000000
    endloop
  endfacet
  facet normal -0.000000 0.000000 -1.000000
    outer loop
      vertex 5.950150 4.565711 0.800000
      vertex 5.315467 4.078702 0.800000
      vertex 4.737615 4.737615 0.800000
    endloop
  endfacet
  facet normal 0.000000 0.000000 -1.000000
    outer loop
      vertex 5.950150 4.565711 0.800000
      vertex 4.737615 4.737615 0.800000
      vertex 5.303301 5.303301 0.800000
    endloop
  endfacet
  facet normal 0.751840 0.659346 0.000000
    outer loop
      vertex 5.950150 4.565711 0.000000
      vertex 5.303301 5.303301 0.000000
      vertex 5.303301 5.303301 0.800000
    endloop
  endfacet
  facet normal 0.751840 0.659346 -0.000000
    outer loop
      vertex 5.950150 4.565711 0.000000
      vertex 5.303301 5.303301 0.800000
      vertex 5.950150 4.565711 0.800000
    endloop
  endfacet
  facet normal -0.751840 -0.659346 0.000000
    outer loop
      vertex 5.315467 4.078702 0.000000
      vertex 4.737615 4.737615 0.800000
      vertex 4.737615 4.737615 0.000000
    endloop
  endfacet
  facet normal -0.751840 -0.659346 0.000000
    outer loop
      vertex 5.315467 4.078702 0.000000
      vertex 5.315467 4.078702 0.800000
      vertex 4.737615 4.737615 0.800000
    endloop
  endfacet
  facet normal 0.000000 0.000000 1.000000
    outer loop
      vertex 5.303301 5.303301 0.000000
      vertex 4.078702 5.315467 0.000000
      vertex 4.737615 4.737615 0.000000
    endloop
  endfacet
  facet normal 0.000000 0.000000 1.000000
    outer loop
      vertex 5.303301 5.303301 0.000000
      vertex 4.565711 5.950150 0.000000
      vertex 4.078702 5.315467 0.000000
    endloop
  endfacet
  facet normal -0.000000 0.000000 -1.000000
    outer loop
      vertex 5.303301 5.303301 0.800000
      vertex 4.737615 4.737615 0.800000
      vertex 4.078702 5.315467 0.800000
    endloop
  endfacet
  facet normal 0.000000 0.000000 -1.000000
    outer loop
      vertex 5.303301 5.303301 0.800000
      vertex 4.078702 5.315467 0.800000
      vertex 4.565711 5.950150 0.800000
    endloop
  endfacet
  facet normal 0.659346 0.751840 0.000000
    outer loop
      vertex 5.303301 5.303301 0.000000
      vertex 4.565711 5.950150 0.000000
      vertex 4.565711 5.950150 0.800000
    endloop
  endfacet
  facet normal 0.659346 0.751840 -0.000000
    outer loop
      vertex 5.303301 5.303301 0.000000
      vertex 4.565711 5.950150 0.800000
      vertex 5.303301 5.303301 0.800000
    endloop
  endfacet
  facet normal -0.659346 -0.751840 0.000000
    outer loop
      vertex 4.737615 4.737615 0.000000
      vertex 4.078702 5.315467 0.800000
      vertex 4.078702 5.315467 0.000000
    endloop
  endfacet
  facet normal -0.659346 -0.751840 0.000000
    outer loop
      vertex 4.737615 4.737615 0.000000
      vertex 4.737615 4.737615 0.800000
      vertex 4.078702 5.315467 0.800000
    endloop
  endfacet
  facet normal 0.000000 0.000000 1.000000
    outer loop
      vertex 4.565711 5.950150 0.000000
      vertex 3.350000 5.802370 0.000000
      vertex 4.078702 5.315467 0.000000
    endloop
  endfacet
  facet normal 0.000000 0.000000 1.000000
    outer loop
      vertex 4.565711 5.950150 0.000000
      vertex 3.750000 6.495191 0.000000
      vertex 3.350000 5.802370 0.000000
    endloop
  endfacet
  facet normal 0.000000 0.000000 -1.000000
    outer loop
      vertex 4.565711 5.950150 0.800000
      vertex 4.078702 5.315467 0.800000
      vertex 3.350000 5.802370 0.800000
    endloop
  endfacet
  facet normal -0.000000 0.000000 -1.000000
    outer loop
      vertex 4.565711 5.950150 0.800000
      vertex 3.350000 5.802370 0.800000
      vertex 3.750000 6.495191 0.800000
    endloop
  endfacet
  facet normal 0.555570 0.831470 0.000000
    outer loop
      vertex 4.565711 5.950150 0.000000
      vertex 3.750000 6.495191 0.000000
      vertex 3.750000 6.495191 0.800000
    endloop
  endfacet
  facet normal 0.555570 0.831470 -0.000000
    outer loop
      vertex 4.565711 5.950150 0.000000
      vertex 3.750000 6.495191 0.800000
      vertex 4.565711 5.950150 0.800000
    endloop
  endfacet
  facet normal -0.555570 -0.831470 0.000000
    outer loop
      vertex 4.078702 5.315467 0.000000
      vertex 3.350000 5.802370 0.800000
      vertex 3.350000 5.802370 0.000000
    endloop
  endfacet
  facet normal -0.555570 -0.831470 0.000000
    outer loop
      vertex 4.078702 5.315467 0.000000
      vertex 4.078702 5.315467 0.800000
      vertex 3.350000 5.802370 0.800000
    endloop
  endfacet
  facet normal 0.000000 0.000000 1.000000
    outer loop
      vertex 3.750000 6.495191 0.000000
      vertex 2.563979 6.189993 0.000000
      vertex 3.350000 5.802370 0.000000
    endloop
  endfacet
  facet normal 0.000000 0.000000 1.000000
    outer loop
      vertex 3.750000 6.495191 0.000000
      vertex 2.870126 6.929096 0.000000
      vertex 2.563979 6.189993 0.000000
    endloop
  endfacet
  facet normal 0.000000 0.000000 -1.000000
    outer loop
      vertex 3.750000 6.495191 0.800000
      vertex 3.350000 5.802370 0.800000
      vertex 2.563979 6.189993 0.800000
    endloop
  endfacet
  facet normal -0.000000 0.000000 -1.000000
    outer loop
      vertex 3.750000 6.495191 0.800000
      vertex 2.563979 6.189993 0.800000
      vertex 2.870126 6.929096 0.800000
    endloop
  endfacet
  facet normal 0.442289 0.896873 0.000000
    outer loop
      vertex 3.750000 6.495191 0.000000
      vertex 2.870126 6.929096 0.000000
      vertex 2.870126 6.929096 0.800000
    endloop
  endfacet
  facet normal 0.442289 0.896873 -0.000000
    outer loop
      vertex 3.750000 6.495191 0.000000
      vertex 2.870126 6.929096 0.800000
      vertex 3.750000 6.495191 0.800000
    endloop
  endfacet
  facet normal -0.442289 -0.896873 0.000000
    outer loop
      vertex 3.350000 5.802370 0.000000
      vertex 2.563979 6.189993 0.800000
      vertex 2.563979 6.189993 0.000000
    endloop
  endfacet
  facet normal -0.442289 -0.896873 0.000000
    outer loop
      vertex 3.350000 5.802370 0.000000
      vertex 3.350000 5.802370 0.800000
      vertex 2.563979 6.189993 0.800000
    endloop
  endfacet
  facet normal 0.000000 0.000000 1.000000
    outer loop
      vertex 2.870126 6.929096 0.000000
      vertex 1.734088 6.471703 0.000000
      vertex 2.563979 6.189993 0.000000
    endloop
  endfacet
  facet normal 0.000000 0.000000 1.000000
    outer loop
      vertex 2.870126 6.929096 0.000000
      vertex 1.941143 7.244444 0.000000
      vertex 1.734088 6.471703 0.000000
    endloop
  endfacet
  facet normal 0.000000 0.000000 -1.000000
    outer loop
      vertex 2.870126 6.929096 0.800000
      vertex 2.563979 6.189993 0.800000
      vertex 1.734088 6.471703 0.800000
    endloop
  endfacet
  facet normal -0.000000 0.000000 -1.000000
    outer loop
      vertex 2.870126 6.929096 0.800000
      vertex 1.734088 6.471703 0.800000
      vertex 1.941143 7.244444 0.800000
    endloop
  endfacet
  facet normal 0.321439 0.946930 0.000000
    outer loop
      vertex 2.870126 6.929096 0.000000
      vertex 1.941143 7.244444 0.000000
      vertex 1.941143 7.244444 0.800000
    endloop
  endfacet
  facet normal 0.321439 0.946930 -0.000000
    outer loop
      vertex 2.870126 6.929096 0.000000
      vertex 1.941143 7.244444 0.800000
      vertex 2.870126 6.929096 0.800000
    endloop
  endfacet
  facet normal -0.321439 -0.946930 0.000000
    outer loop
      vertex 2.563979 6.189993 0.000000
      vertex 1.734088 6.471703 0.800000
      vertex 1.734088 6.471703 0.000000
    endloop
  endfacet
  facet normal -0.321439 -0.946930 0.000000
    outer loop
      vertex 2.563979 6.189993 0.000000
      vertex 2.563979 6.189993 0.800000
      vertex 1.734088 6.471703 0.800000
    endloop
  endfacet
  facet normal 0.000000 0.000000 1.000000
    outer loop
      vertex 1.941143 7.244444 0.000000
      vertex 0.874525 6.642681 0.000000
      vertex 1.734088 6.471703 0.000000
    endloop
  endfacet
  facet normal 0.000000 0.000000 1.000000
    outer loop
      vertex 1.941143 7.244444 0.000000
      vertex 0.978946 7.435836 0.000000
      vertex 0.874525 6.642681 0.000000
    endloop
  endfacet
  facet normal 0.000000 0.000000 -1.000000
    outer loop
      vertex 1.941143 7.244444 0.800000
      vertex 1.734088 6.471703 0.800000
      vertex 0.874525 6.642681 0.800000
    endloop
  endfacet
  facet normal -0.000000 0.000000 -1.000000
    outer loop
      vertex 1.941143 7.244444 0.800000
      vertex 0.874525 6.642681 0.800000
      vertex 0.978946 7.435836 0.800000
    endloop
  endfacet
  facet normal 0.195090 0.980785 0.000000
    outer loop
      vertex 1.941143 7.244444 0.000000
      vertex 0.978946 7.435836 0.000000
      vertex 0.978946 7.435836 0.800000
    endloop
  endfacet
  facet normal 0.195090 0.980785 -0.000000
    outer loop
      vertex 1.941143 7.244444 0.000000
      vertex 0.978946 7.435836 0.800000
      vertex 1.941143 7.244444 0.800000
    endloop
  endfacet
  facet normal -0.195090 -0.980785 0.000000
    outer loop
      vertex 1.734088 6.471703 0.000000
      vertex 0.874525 6.642681 0.800000
      vertex 0.874525 6.642681 0.000000
    endloop
  endfacet
  facet normal -0.195090 -0.980785 0.000000
    outer loop
      vertex 1.734088 6.471703 0.000000
      vertex 1.734088 6.471703 0.800000
      vertex 0.874525 6.642681 0.800000
    endloop
  endfacet
  facet normal 0.000000 0.000000 1.000000
    outer loop
      vertex 0.978946 7.435836 0.000000
      vertex 0.000000 6.700000 0.000000
      vertex 0.874525 6.642681 0.000000
    endloop
  endfacet
  facet normal 0.000000 0.000000 1.000000
    outer loop
      vertex 0.978946 7.435836 0.000000
      vertex 0.000000 7.500000 0.000000
      vertex 0.000000 6.700000 0.000000
    endloop
  endfacet
  facet normal 0.000000 0.000000 -1.000000
    outer loop
      vertex 0.978946 7.435836 0.800000
      vertex 0.874525 6.642681 0.800000
      vertex 0.000000 6.700000 0.800000
    endloop
  endfacet
  facet normal -0.000000 0.000000 -1.000000
    outer loop
      vertex 0.978946 7.435836 0.800000
      vertex 0.000000 6.700000 0.800000
      vertex 0.000000 7.500000 0.800000
    endloop
  endfacet
  facet normal 0.065403 0.997859 0.000000
    outer loop
      vertex 0.978946 7.435836 0.000000
      vertex 0.000000 7.500000 0.000000
      vertex 0.000000 7.500000 0.800000
    endloop
  endfacet
  facet normal 0.065403 0.997859 -0.000000
    outer loop
      vertex 0.978946 7.435836 0.000000
      vertex 0.000000 7.500000 0.800000
      vertex 0.978946 7.435836 0.800000
    endloop
  endfacet
  facet normal -0.065403 -0.997859 0.000000
    outer loop
      vertex 0.874525 6.642681 0.000000
      vertex 0.000000 6.700000 0.800000
      vertex 0.000000 6.700000 0.000000
    endloop
  endfacet
  facet normal -0.065403 -0.997859 0.000000
    outer loop
      vertex 0.874525 6.642681 0.000000
      vertex 0.874525 6.642681 0.800000
      vertex 0.000000 6.700000 0.800000
    endloop
  endfacet
  facet normal 0.000000 0.000000 1.000000
    outer loop
      vertex 0.000000 7.500000 0.000000
      vertex -0.874525 6.642681 0.000000
      vertex 0.000000 6.700000 0.000000
    endloop
  endfacet
  facet normal 0.000000 0.000000 1.000000
    outer loop
      vertex 0.000000 7.500000 0.000000
      vertex -0.978946 7.435836 0.000000
      vertex -0.874525 6.642681 0.000000
    endloop
  endfacet
  facet normal 0.000000 0.000000 -1.000000
    outer loop
      vertex 0.000000 7.500000 0.800000
      vertex 0.000000 6.700000 0.800000
      vertex -0.874525 6.642681 0.800000
    endloop
  endfacet
  facet normal 0.000000 0.000000 -1.000000
    outer loop
      vertex 0.000000 7.500000 0.800000
      vertex -0.874525 6.642681 0.800000
      vertex -0.978946 7.435836 0.800000
    endloop
  endfacet
  facet normal -0.065403 0.997859 0.000000
    outer loop
      vertex 0.000000 7.500000 0.000000
      vertex -0.978946 7.435836 0.000000
      vertex -0.978946 7.435836 0.800000
    endloop
  endfacet
  facet normal -0.065403 0.997859 0.000000
    outer loop
      vertex 0.000000 7.500000 0.000000
      vertex -0.978946 7.435836 0.800000
      vertex 0.000000 7.500000 0.800000
    endloop
  endfacet
  facet normal 0.065403 -0.997859 0.000000
    outer loop
      vertex 0.000000 6.700000 0.000000
      vertex -0.874525 6.642681 0.800000
      vertex -0.874525 6.642681 0.000000
    endloop
  endfacet
  facet normal 0.065403 -0.997859 0.000000
    outer loop
      vertex 0.000000 6.700000 0.000000
      vertex 0.000000 6.700000 0.800000
      vertex -0.874525 6.642681 0.800000
    endloop
  endfacet
  facet normal 0.000000 0.000000 1.000000
    outer loop
      vertex -0.978946 7.435836 0.000000
      vertex -1.734088 6.471703 0.000000
      vertex -0.874525 6.642681 0.000000
    endloop
  endfacet
  facet normal 0.000000 0.000000 1.000000
    outer loop
      vertex -0.978946 7.435836 0.000000
      vertex -1.941143 7.244444 0.000000
      vertex -1.734088 6.471703 0.000000
    endloop
  endfacet
  facet normal 0.000000 -0.000000 -1.000000
    outer loop
      vertex -0.978946 7.435836 0.800000
      vertex -0.874525 6.642681 0.800000
      vertex -1.734088 6.471703 0.800000
    endloop
  endfacet
  facet normal 0.000000 0.000000 -1.000000
    outer loop
      vertex -0.978946 7.435836 0.800000
      vertex -1.734088 6.471703 0.800000
      vertex -1.941143 7.244444 0.800000
    endloop
  endfacet
  facet normal -0.195090 0.980785 0.000000
    outer loop
      vertex -0.978946 7.435836 0.000000
      vertex -1.941143 7.244444 0.000000
      vertex -1.941143 7.244444 0.800000
    endloop
  endfacet
  facet normal -0.195090 0.980785 0.000000
    outer loop
      vertex -0.978946 7.435836 0.000000
      vertex -1.941143 7.244444 0.800000
      vertex -0.978946 7.435836 0.800000
    endloop
  endfacet
  facet normal 0.195090 -0.980785 0.000000
    outer loop
      vertex -0.874525 6.642681 0.000000
      vertex -1.734088 6.471703 0.800000
      vertex -1.734088 6.471703 0.000000
    endloop
  endfacet
  facet normal 0.195090 -0.980785 0.000000
    outer loop
      vertex -0.874525 6.642681 0.000000
      vertex -0.874525 6.642681 0.800000
      vertex -1.734088 6.471703 0.800000
    endloop
  endfacet
  facet normal 0.000000 0.000000 1.000000
    outer loop
      vertex -1.941143 7.244444 0.000000
      vertex -2.563979 6.189993 0.000000
      vertex -1.734088 6.471703 0.000000
    endloop
  endfacet
  facet normal 0.000000 0.000000 1.000000
    outer loop
      vertex -1.941143 7.244444 0.000000
      vertex -2.870126 6.929096 0.000000
      vertex -2.563979 6.189993 0.000000
    endloop
  endfacet
  facet normal 0.000000 -0.000000 -1.000000
    outer loop
      vertex -1.941143 7.244444 0.800000
      vertex -1.734088 6.471703 0.800000
      vertex -2.563979 6.189993 0.800000
    endloop
  endfacet
  facet normal 0.000000 0.000000 -1.000000
    outer loop
      vertex -1.941143 7.244444 0.800000
      vertex -2.563979 6.189993 0.800000
      vertex -2.870126 6.929096 0.800000
    endloop
  endfacet
  facet normal -0.321439 0.946930 0.000000
    outer loop
      vertex -1.941143 7.244444 0.000000
      vertex -2.870126 6.929096 0.000000
      vertex -2.870126 6.929096 0.800000
    endloop
  endfacet
  facet normal -0.321439 0.946930 0.000000
    outer loop
      vertex -1.941143 7.244444 0.000000
      vertex -2.870126 6.929096 0.800000
      vertex -1.941143 7.244444 0.800000
    endloop
  endfacet
  facet normal 0.321439 -0.946930 0.000000
    outer loop
      vertex -1.734088 6.471703 0.000000
      vertex -2.563979 6.189993 0.800000
      vertex -2.563979 6.189993 0.000000
    endloop
  endfacet
  facet normal 0.321439 -0.946930 0.000000
    outer loop
      vertex -1.734088 6.471703 0.000000
      vertex -1.734088 6.471703 0.800000
      vertex -2.563979 6.189993 0.800000
    endloop
  endfacet
  facet normal 0.000000 0.000000 1.000000
    outer loop
      vertex -2.870126 6.929096 0.000000
      vertex -3.350000 5.802370 0.000000
      vertex -2.563979 6.189993 0.000000
    endloop
  endfacet
  facet normal 0.000000 0.000000 1.000000
    outer loop
      vertex -2.870126 6.929096 0.000000
      vertex -3.750000 6.495191 0.000000
      vertex -3.350000 5.802370 0.000000
    endloop
  endfacet
  facet normal 0.000000 -0.000000 -1.000000
    outer loop
      vertex -2.870126 6.929096 0.800000
      vertex -2.563979 6.189993 0.800000
      vertex -3.350000 5.802370 0.800000
    endloop
  endfacet
  facet normal 0.000000 0.000000 -1.000000
    outer loop
      vertex -2.870126 6.929096 0.800000
      vertex -3.350000 5.802370 0.800000
      vertex -3.750000 6.495191 0.800000
    endloop
  endfacet
  facet normal -0.442289 0.896873 0.000000
    outer loop
      vertex -2.870126 6.929096 0.000000
      vertex -3.750000 6.495191 0.000000
      vertex -3.750000 6.495191 0.800000
    endloop
  endfacet
  facet normal -0.442289 0.896873 0.000000
    outer loop
      vertex -2.870126 6.929096 0.000000
      vertex -3.750000 6.495191 0.800000
      vertex -2.870126 6.929096 0.800000
    endloop
  endfacet
  facet normal 0.442289 -0.896873 0.000000
    outer loop
      vertex -2.563979 6.189993 0.000000
      vertex -3.350000 5.802370 0.800000
      vertex -3.350000 5.802370 0.000000
    endloop
  endfacet
  facet normal 0.442289 -0.896873 0.000000
    outer loop
      vertex -2.563979 6.189993 0.000000
      vertex -2.563979 6.189993 0.800000
      vertex -3.350000 5.802370 0.800000
    endloop
  endfacet
  facet normal 0.000000 0.000000 1.000000
    outer loop
      vertex -3.750000 6.495191 0.000000
      vertex -4.078702 5.315467 0.000000
      vertex -3.350000 5.802370 0.000000
    endloop
  endfacet
  facet normal 0.000000 0.000000 1.000000
    outer loop
      vertex -3.750000 6.495191 0.000000
      vertex -4.565711 5.950150 0.000000
      vertex -4.078702 5.315467 0.000000
    endloop
  endfacet
  facet normal 0.000000 -0.000000 -1.000000
    outer loop
      vertex -3.750000 6.495191 0.800000
      vertex -3.350000 5.802370 0.800000
      vertex -4.078702 5.315467 0.800000
    endloop
  endfacet
  facet normal 0.000000 0.000000 -1.000000
    outer loop
      vertex -3.750000 6.495191 0.800000
      vertex -4.078702 5.315467 0.800000
      vertex -4.565711 5.950150 0.800000
    endloop
  endfacet
  facet normal -0.555570 0.831470 0.000000
    outer loop
      vertex -3.750000 6.495191 0.000000
      vertex -4.565711 5.950150 0.000000
      vertex -4.565711 5.950150 0.800000
    endloop
  endfacet
  facet normal -0.555570 0.831470 0.000000
    outer loop
      vertex -3.750000 6.495191 0.000000
      vertex -4.565711 5.950150 0.800000
      vertex -3.750000 6.495191 0.800000
    endloop
  endfacet
  facet normal 0.555570 -0.831470 0.000000
    outer loop
      vertex -3.350000 5.802370 0.000000
      vertex -4.078702 5.315467 0.800000
      vertex -4.078702 5.315467 0.000000
    endloop
  endfacet
  facet normal 0.555570 -0.831470 0.000000
    outer loop
      vertex -3.350000 5.802370 0.000000
      vertex -3.350000 5.802370 0.800000
      vertex -4.078702 5.315467 0.800000
    endloop
  endfacet
  facet normal 0.000000 0.000000 1.000000
    outer loop
      vertex -4.565711 5.950150 0.000000
      vertex -4.737615 4.737615 0.000000
      vertex -4.078702 5.315467 0.000000
    endloop
  endfacet
  facet normal 0.000000 0.000000 1.000000
    outer loop
      vertex -4.565711 5.950150 0.000000
      vertex -5.303301 5.303301 0.000000
      vertex -4.737615 4.737615 0.000000
    endloop
  endfacet
  facet normal 0.000000 -0.000000 -1.000000
    outer loop
      vertex -4.565711 5.950150 0.800000
      vertex -4.078702 5.315467 0.800000
      vertex -4.737615 4.737615 0.800000
    endloop
  endfacet
  facet normal 0.000000 0.000000 -1.000000
    outer loop
      vertex -4.565711 5.950150 0.800000
      vertex -4.737615 4.737615 0.800000
      vertex -5.303301 5.303301 0.800000
    endloop
  endfacet
  facet normal -0.659346 0.751840 0.000000
    outer loop
      vertex -4.565711 5.950150 0.000000
      vertex -5.303301 5.303301 0.000000
      vertex -5.303301 5.303301 0.800000
    endloop
  endfacet
  facet normal -0.659346 0.751840 0.000000
    outer loop
      vertex -4.565711 5.950150 0.000000
      vertex -5.303301 5.303301 0.800000
      vertex -4.565711 5.950150 0.800000
    endloop
  endfacet
  facet normal 0.659346 -0.751840 0.000000
    outer loop
      vertex -4.078702 5.315467 0.000000
      vertex -4.737615 4.737615 0.800000
      vertex -4.737615 4.737615 0.000000
    endloop
  endfacet
  facet normal 0.659346 -0.751840 0.000000
    outer loop
      vertex -4.078702 5.315467 0.000000
      vertex -4.078702 5.315467 0.800000
      vertex -4.737615 4.737615 0.800000
    endloop
  endfacet
  facet normal 0.000000 0.000000 1.000000
    outer loop
      vertex -5.303301 5.303301 0.000000
      vertex -5.315467 4.078702 0.000000
      vertex -4.737615 4.737615 0.000000
    endloop
  endfacet
  facet normal 0.000000 0.000000 1.000000
    outer loop
      vertex -5.303301 5.303301 0.000000
      vertex -5.950150 4.565711 0.000000
      vertex -5.315467 4.078702 0.000000
    endloop
  endfacet
  facet normal 0.000000 -0.000000 -1.000000
    outer loop
      vertex -5.303301 5.303301 0.800000
      vertex -4.737615 4.737615 0.800000
      vertex -5.315467 4.078702 0.800000
    endloop
  endfacet
  facet normal 0.000000 0.000000 -1.000000
    outer loop
      vertex -5.303301 5.303301 0.800000
      vertex -5.315467 4.078702 0.800000
      vertex -5.950150 4.565711 0.800000
    endloop
  endfacet
  facet normal -0.751840 0.659346 0.000000
    outer loop
      vertex -5.303301 5.303301 0.000000
      vertex -5.950150 4.565711 0.000000
      vertex -5.950150 4.565711 0.800000
    endloop
  endfacet
  facet normal -0.751840 0.659346 0.000000
    outer loop
      vertex -5.303301 5.303301 0.000000
      vertex -5.950150 4.565711 0.800000
      vertex -5.303301 5.303301 0.800000
    endloop
  endfacet
  facet normal 0.751840 -0.659346 0.000000
    outer loop
      vertex -4.737615 4.737615 0.000000
      vertex -5.315467 4.078702 0.800000
      vertex -5.315467 4.078702 0.000000
    endloop
  endfacet
  facet normal 0.751840 -0.659346 0.000000
    outer loop
      vertex -4.737615 4.737615 0.000000
      vertex -4.737615 4.737615 0.800000
      vertex -5.315467 4.078702 0.800000
    endloop
  endfacet
  facet normal 0.000000 0.000000 1.000000
    outer loop
      vertex -5.950150 4.565711 0.000000
      vertex -5.802370 3.350000 0.000000
      vertex -5.315467 4.078702 0.000000
    endloop
  endfacet
  facet normal 0.000000 0.000000 1.000000
    outer loop
      vertex -5.950150 4.565711 0.000000
      vertex -6.495191 3.750000 0.000000
      vertex -5.802370 3.350000 0.000000
    endloop
  endfacet
  facet normal 0.000000 0.000000 -1.000000
    outer loop
      vertex -5.950150 4.565711 0.800000
      vertex -5.315467 4.078702 0.800000
      vertex -5.802370 3.350000 0.800000
    endloop
  endfacet
  facet normal 0.000000 -0.000000 -1.000000
    outer loop
      vertex -5.950150 4.565711 0.800000
      vertex -5.802370 3.350000 0.800000
      vertex -6.495191 3.750000 0.800000
    endloop
  endfacet
  facet normal -0.831470 0.555570 0.000000
    outer loop
      vertex -5.950150 4.565711 0.000000
      vertex -6.495191 3.750000 0.000000
      vertex -6.495191 3.750000 0.800000
    endloop
  endfacet
  facet normal -0.831470 0.555570 0.000000
    outer loop
      vertex -5.950150 4.565711 0.000000
      vertex -6.495191 3.750000 0.800000
      vertex -5.950150 4.565711 0.800000
    endloop
  endfacet
  facet normal 0.831470 -0.555570 0.000000
    outer loop
      vertex -5.315467 4.078702 0.000000
      vertex -5.802370 3.350000 0.800000
      vertex -5.802370 3.350000 0.000000
    endloop
  endfacet
  facet normal 0.831470 -0.555570 0.000000
    outer loop
      vertex -5.315467 4.078702 0.000000
      vertex -5.315467 4.078702 0.800000
      vertex -5.802370 3.350000 0.800000
    endloop
  endfacet
  facet normal 0.000000 0.000000 1.000000
    outer loop
      vertex -6.495191 3.750000 0.000000
      vertex -6.189993 2.563979 0.000000
      vertex -5.802370 3.350000 0.000000
    endloop
  endfacet
  facet normal 0.000000 0.000000 1.000000
    outer loop
      vertex -6.495191 3.750000 0.000000
      vertex -6.929096 2.870126 0.000000
      vertex -6.189993 2.563979 0.000000
    endloop
  endfacet
  facet normal 0.000000 0.000000 -1.000000
    outer loop
      vertex -6.495191 3.750000 0.800000
      vertex -5.802370 3.350000 0.800000
      vertex -6.189993 2.563979 0.800000
    endloop
  endfacet
  facet normal 0.000000 -0.000000 -1.000000
    outer loop
      vertex -6.495191 3.750000 0.800000
      vertex -6.189993 2.563979 0.800000
      vertex -6.929096 2.870126 0.800000
    endloop
  endfacet
  facet normal -0.896873 0.442289 0.000000
    outer loop
      vertex -6.495191 3.750000 0.000000
      vertex -6.929096 2.870126 0.000000
      vertex -6.929096 2.870126 0.800000
    endloop
  endfacet
  facet normal -0.896873 0.442289 0.000000
    outer loop
      vertex -6.495191 3.750000 0.000000
      vertex -6.929096 2.870126 0.800000
      vertex -6.495191 3.750000 0.800000
    endloop
  endfacet
  facet normal 0.896873 -0.442289 0.000000
    outer loop
      vertex -5.802370 3.350000 0.000000
      vertex -6.189993 2.563979 0.800000
      vertex -6.189993 2.563979 0.000000
    endloop
  endfacet
  facet normal 0.896873 -0.442289 0.000000
    outer loop
      vertex -5.802370 3.350000 0.000000
      vertex -5.802370 3.350000 0.800000
      vertex -6.189993 2.563979 0.800000
    endloop
  endfacet
  facet normal 0.000000 0.000000 1.000000
    outer loop
      vertex -6.929096 2.870126 0.000000
      vertex -6.471703 1.734088 0.000000
      vertex -6.189993 2.563979 0.000000
    endloop
  endfacet
  facet normal 0.000000 0.000000 1.000000
    outer loop
      vertex -6.929096 2.870126 0.000000
      vertex -7.244444 1.941143 0.000000
      vertex -6.471703 1.734088 0.000000
    endloop
  endfacet
  facet normal 0.000000 0.000000 -1.000000
    outer loop
      vertex -6.929096 2.870126 0.800000
      vertex -6.189993 2.563979 0.800000
      vertex -6.471703 1.734088 0.800000
    endloop
  endfacet
  facet normal 0.000000 -0.000000 -1.000000
    outer loop
      vertex -6.929096 2.870126 0.800000
      vertex -6.471703 1.734088 0.800000
      vertex -7.244444 1.941143 0.800000
    endloop
  endfacet
  facet normal -0.946930 0.321439 0.000000
    outer loop
      vertex -6.929096 2.870126 0.000000
      vertex -7.244444 1.941143 0.000000
      vertex -7.244444 1.941143 0.800000
    endloop
  endfacet
  facet normal -0.946930 0.321439 0.000000
    outer loop
      vertex -6.929096 2.870126 0.000000
      vertex -7.244444 1.941143 0.800000
      vertex -6.929096 2.870126 0.800000
    endloop
  endfacet
  facet normal 0.946930 -0.321439 0.000000
    outer loop
      vertex -6.189993 2.563979 0.000000
      vertex -6.471703 1.734088 0.800000
      vertex -6.471703 1.734088 0.000000
    endloop
  endfacet
  facet normal 0.946930 -0.321439 0.000000
    outer loop
      vertex -6.189993 2.563979 0.000000
      vertex -6.189993 2.563979 0.800000
      vertex -6.471703 1.734088 0.800000
    endloop
  endfacet
  facet normal 0.000000 0.000000 1.000000
    outer loop
      vertex -7.244444 1.941143 0.000000
      vertex -6.642681 0.874525 0.000000
      vertex -6.471703 1.734088 0.000000
    endloop
  endfacet
  facet normal 0.000000 0.000000 1.000000
    outer loop
      vertex -7.244444 1.941143 0.000000
      vertex -7.435836 0.978946 0.000000
      vertex -6.642681 0.874525 0.000000
    endloop
  endfacet
  facet normal 0.000000 0.000000 -1.000000
    outer loop
      vertex -7.244444 1.941143 0.800000
      vertex -6.471703 1.734088 0.800000
      vertex -6.642681 0.874525 0.800000
    endloop
  endfacet
  facet normal 0.000000 -0.000000 -1.000000
    outer loop
      vertex -7.244444 1.941143 0.800000
      vertex -6.642681 0.874525 0.800000
      vertex -7.435836 0.978946 0.800000
    endloop
  endfacet
  facet normal -0.980785 0.195090 0.000000
    outer loop
      vertex -7.244444 1.941143 0.000000
      vertex -7.435836 0.978946 0.000000
      vertex -7.435836 0.978946 0.800000
    endloop
  endfacet
  facet normal -0.980785 0.195090 0.000000
    outer loop
      vertex -7.244444 1.941143 0.000000
      vertex -7.435836 0.978946 0.800000
      vertex -7.244444 1.941143 0.800000
    endloop
  endfacet
  facet normal 0.980785 -0.195090 0.000000
    outer loop
      vertex -6.471703 1.734088 0.000000
      vertex -6.642681 0.874525 0.800000
      vertex -6.642681 0.874525 0.000000
    endloop
  endfacet
  facet normal 0.980785 -0.195090 0.000000
    outer loop
      vertex -6.471703 1.734088 0.000000
      vertex -6.471703 1.734088 0.800000
      vertex -6.642681 0.874525 0.800000
    endloop
  endfacet
  facet normal 0.000000 0.000000 1.000000
    outer loop
      vertex -7.435836 0.978946 0.000000
      vertex -6.700000 0.000000 0.000000
      vertex -6.642681 0.874525 0.000000
    endloop
  endfacet
  facet normal 0.000000 0.000000 1.000000
    outer loop
      vertex -7.435836 0.978946 0.000000
      vertex -7.500000 0.000000 0.000000
      vertex -6.700000 0.000000 0.000000
    endloop
  endfacet
  facet normal 0.000000 0.000000 -1.000000
    outer loop
      vertex -7.435836 0.978946 0.800000
      vertex -6.642681 0.874525 0.800000
      vertex -6.700000 0.000000 0.800000
    endloop
  endfacet
  facet normal 0.000000 -0.000000 -1.000000
    outer loop
      vertex -7.435836 0.978946 0.800000
      vertex -6.700000 0.000000 0.800000
      vertex -7.500000 0.000000 0.800000
    endloop
  endfacet
  facet normal -0.997859 0.065403 0.000000
    outer loop
      vertex -7.435836 0.978946 0.000000
      vertex -7.500000 0.000000 0.000000
      vertex -7.500000 0.000000 0.800000
    endloop
  endfacet
  facet normal -0.997859 0.065403 0.000000
    outer loop
      vertex -7.435836 0.978946 0.000000
      vertex -7.500000 0.000000 0.800000
      vertex -7.435836 0.978946 0.800000
    endloop
  endfacet
  facet normal 0.997859 -0.065403 0.000000
    outer loop
      vertex -6.642681 0.874525 0.000000
      vertex -6.700000 0.000000 0.800000
      vertex -6.700000 0.000000 0.000000
    endloop
  endfacet
  facet normal 0.997859 -0.065403 0.000000
    outer loop
      vertex -6.642681 0.874525 0.000000
      vertex -6.642681 0.874525 0.800000
      vertex -6.700000 0.000000 0.800000
    endloop
  endfacet
  facet normal 0.000000 0.000000 1.000000
    outer loop
      vertex -7.500000 0.000000 0.000000
      vertex -6.642681 -0.874525 0.000000
      vertex -6.700000 0.000000 0.000000
    endloop
  endfacet
  facet normal 0.000000 0.000000 1.000000
    outer loop
      vertex -7.500000 0.000000 0.000000
      vertex -7.435836 -0.978946 0.000000
      vertex -6.642681 -0.874525 0.000000
    endloop
  endfacet
  facet normal 0.000000 0.000000 -1.000000
    outer loop
      vertex -7.500000 0.000000 0.800000
      vertex -6.700000 0.000000 0.800000
      vertex -6.642681 -0.874525 0.800000
    endloop
  endfacet
  facet normal 0.000000 0.000000 -1.000000
    outer loop
      vertex -7.500000 0.000000 0.800000
      vertex -6.642681 -0.874525 0.800000
      vertex -7.435836 -0.978946 0.800000
    endloop
  endfacet
  facet normal -0.997859 -0.065403 0.000000
    outer loop
      vertex -7.500000 0.000000 0.000000
      vertex -7.435836 -0.978946 0.000000
      vertex -7.435836 -0.978946 0.800000
    endloop
  endfacet
  facet normal -0.997859 -0.065403 0.000000
    outer loop
      vertex -7.500000 0.000000 0.000000
      vertex -7.435836 -0.978946 0.800000
      vertex -7.500000 0.000000 0.800000
    endloop
  endfacet
  facet normal 0.997859 0.065403 0.000000
    outer loop
      vertex -6.700000 0.000000 0.000000
      vertex -6.642681 -0.874525 0.800000
      vertex -6.642681 -0.874525 0.000000
    endloop
  endfacet
  facet normal 0.997859 0.065403 -0.000000
    outer loop
      vertex -6.700000 0.000000 0.000000
      vertex -6.700000 0.000000 0.800000
      vertex -6.642681 -0.874525 0.800000
    endloop
  endfacet
  facet normal -0.000000 0.000000 1.000000
    outer loop
      vertex -7.435836 -0.978946 0.000000
      vertex -6.471703 -1.734088 0.000000
      vertex -6.642681 -0.874525 0.000000
    endloop
  endfacet
  facet normal 0.000000 0.000000 1.000000
    outer loop
      vertex -7.435836 -0.978946 0.000000
      vertex -7.244444 -1.941143 0.000000
      vertex -6.471703 -1.734088 0.000000
    endloop
  endfacet
  facet normal 0.000000 0.000000 -1.000000
    outer loop
      vertex -7.435836 -0.978946 0.800000
      vertex -6.642681 -0.874525 0.800000
      vertex -6.471703 -1.734088 0.800000
    endloop
  endfacet
  facet normal 0.000000 0.000000 -1.000000
    outer loop
      vertex -7.435836 -0.978946 0.800000
      vertex -6.471703 -1.734088 0.800000
      vertex -7.244444 -1.941143 0.800000
    endloop
  endfacet
  facet normal -0.980785 -0.195090 0.000000
    outer loop
      vertex -7.435836 -0.978946 0.000000
      vertex -7.244444 -1.941143 0.000000
      vertex -7.244444 -1.941143 0.800000
    endloop
  endfacet
  facet normal -0.980785 -0.195090 0.000000
    outer loop
      vertex -7.435836 -0.978946 0.000000
      vertex -7.244444 -1.941143 0.800000
      vertex -7.435836 -0.978946 0.800000
    endloop
  endfacet
  facet normal 0.980785 0.195090 0.000000
    outer loop
      vertex -6.642681 -0.874525 0.000000
      vertex -6.471703 -1.734088 0.800000
      vertex -6.471703 -1.734088 0.000000
    endloop
  endfacet
  facet normal 0.980785 0.195090 -0.000000
    outer loop
      vertex -6.642681 -0.874525 0.000000
      vertex -6.642681 -0.874525 0.800000
      vertex -6.471703 -1.734088 0.800000
    endloop
  endfacet
  facet normal -0.000000 0.000000 1.000000
    outer loop
      vertex -7.244444 -1.941143 0.000000
      vertex -6.189993 -2.563979 0.000000
      vertex -6.471703 -1.734088 0.000000
    endloop
  endfacet
  facet normal 0.000000 0.000000 1.000000
    outer loop
      vertex -7.244444 -1.941143 0.000000
      vertex -6.929096 -2.870126 0.000000
      vertex -6.189993 -2.563979 0.000000
    endloop
  endfacet
  facet normal 0.000000 0.000000 -1.000000
    outer loop
      vertex -7.244444 -1.941143 0.800000
      vertex -6.471703 -1.734088 0.800000
      vertex -6.189993 -2.563979 0.800000
    endloop
  endfacet
  facet normal 0.000000 0.000000 -1.000000
    outer loop
      vertex -7.244444 -1.941143 0.800000
      vertex -6.189993 -2.563979 0.800000
      vertex -6.929096 -2.870126 0.800000
    endloop
  endfacet
  facet normal -0.946930 -0.321439 0.000000
    outer loop
      vertex -7.244444 -1.941143 0.000000
      vertex -6.929096 -2.870126 0.000000
      vertex -6.929096 -2.870126 0.800000
    endloop
  endfacet
  facet normal -0.946930 -0.321439 0.000000
    outer loop
      vertex -7.244444 -1.941143 0.000000
      vertex -6.929096 -2.870126 0.800000
      vertex -7.244444 -1.941143 0.800000
    endloop
  endfacet
  facet normal 0.946930 0.321439 0.000000
    outer loop
      vertex -6.471703 -1.734088 0.000000
      vertex -6.189993 -2.563979 0.800000
      vertex -6.189993 -2.563979 0.000000
    endloop
  endfacet
  facet normal 0.946930 0.321439 -0.000000
    outer loop
      vertex -6.471703 -1.734088 0.000000
      vertex -6.471703 -1.734088 0.800000
      vertex -6.189993 -2.563979 0.800000
    endloop
  endfacet
  facet normal -0.000000 0.000000 1.000000
    outer loop
      vertex -6.929096 -2.870126 0.000000
      vertex -5.802370 -3.350000 0.000000
      vertex -6.189993 -2.563979 0.000000
    endloop
  endfacet
  facet normal 0.000000 0.000000 1.000000
    outer loop
      vertex -6.929096 -2.870126 0.000000
      vertex -6.495191 -3.750000 0.000000
      vertex -5.802370 -3.350000 0.000000
    endloop
  endfacet
  facet normal 0.000000 0.000000 -1.000000
    outer loop
      vertex -6.929096 -2.870126 0.800000
      vertex -6.189993 -2.563979 0.800000
      vertex -5.802370 -3.350000 0.800000
    endloop
  endfacet
  facet normal 0.000000 0.000000 -1.000000
    outer loop
      vertex -6.929096 -2.870126 0.800000
      vertex -5.802370 -3.350000 0.800000
      vertex -6.495191 -3.750000 0.800000
    endloop
  endfacet
  facet normal -0.896873 -0.442289 0.000000
    outer loop
      vertex -6.929096 -2.870126 0.000000
      vertex -6.495191 -3.750000 0.000000
      vertex -6.495191 -3.750000 0.800000
    endloop
  endfacet
  facet normal -0.896873 -0.442289 0.000000
    outer loop
      vertex -6.929096 -2.870126 0.000000
      vertex -6.495191 -3.750000 0.800000
      vertex -6.929096 -2.870126 0.800000
    endloop
  endfacet
  facet normal 0.896873 0.442289 0.000000
    outer loop
      vertex -6.189993 -2.563979 0.000000
      vertex -5.802370 -3.350000 0.800000
      vertex -5.802370 -3.350000 0.000000
    endloop
  endfacet
  facet normal 0.896873 0.442289 -0.000000
    outer loop
      vertex -6.189993 -2.563979 0.000000
      vertex -6.189993 -2.563979 0.800000
      vertex -5.802370 -3.350000 0.800000
    endloop
  endfacet
  facet normal -0.000000 0.000000 1.000000
    outer loop
      vertex -6.495191 -3.750000 0.000000
      vertex -5.315467 -4.078702 0.000000
      vertex -5.802370 -3.350000 0.000000
    endloop
  endfacet
  facet normal 0.000000 0.000000 1.000000
    outer loop
      vertex -6.495191 -3.750000 0.000000
      vertex -5.950150 -4.565711 0.000000
      vertex -5.315467 -4.078702 0.000000
    endloop
  endfacet
  facet normal 0.000000 0.000000 -1.000000
    outer loop
      vertex -6.495191 -3.750000 0.800000
      vertex -5.802370 -3.350000 0.800000
      vertex -5.315467 -4.078702 0.800000
    endloop
  endfacet
  facet normal 0.000000 0.000000 -1.000000
    outer loop
      vertex -6.495191 -3.750000 0.800000
      vertex -5.315467 -4.078702 0.800000
      vertex -5.950150 -4.565711 0.800000
    endloop
  endfacet
  facet normal -0.831470 -0.555570 0.000000
    outer loop
      vertex -6.495191 -3.750000 0.000000
      vertex -5.950150 -4.565711 0.000000
      vertex -5.950150 -4.565711 0.800000
    endloop
  endfacet
  facet normal -0.831470 -0.555570 0.000000
    outer loop
      vertex -6.495191 -3.750000 0.000000
      vertex -5.950150 -4.565711 0.800000
      vertex -6.495191 -3.750000 0.800000
    endloop
  endfacet
  facet normal 0.831470 0.555570 0.000000
    outer loop
      vertex -5.802370 -3.350000 0.000000
      vertex -5.315467 -4.078702 0.800000
      vertex -5.315467 -4.078702 0.000000
    endloop
  endfacet
  facet normal 0.831470 0.555570 -0.000000
    outer loop
      vertex -5.802370 -3.350000 0.000000
      vertex -5.802370 -3.350000 0.800000
      vertex -5.315467 -4.078702 0.800000
    endloop
  endfacet
  facet normal -0.000000 0.000000 1.000000
    outer loop
      vertex -5.950150 -4.565711 0.000000
      vertex -4.737615 -4.737615 0.000000
      vertex -5.315467 -4.078702 0.000000
    endloop
  endfacet
  facet normal 0.000000 0.000000 1.000000
    outer loop
      vertex -5.950150 -4.565711 0.000000
      vertex -5.303301 -5.303301 0.000000
      vertex -4.737615 -4.737615 0.000000
    endloop
  endfacet
  facet normal 0.000000 0.000000 -1.000000
    outer loop
      vertex -5.950150 -4.565711 0.800000
      vertex -5.315467 -4.078702 0.800000
      vertex -4.737615 -4.737615 0.800000
    endloop
  endfacet
  facet normal 0.000000 0.000000 -1.000000
    outer loop
      vertex -5.950150 -4.565711 0.800000
      vertex -4.737615 -4.737615 0.800000
      vertex -5.303301 -5.303301 0.800000
    endloop
  endfacet
  facet normal -0.751840 -0.659346 0.000000
    outer loop
      vertex -5.950150 -4.565711 0.000000
      vertex -5.303301 -5.303301 0.000000
      vertex -5.303301 -5.303301 0.800000
    endloop
  endfacet
  facet normal -0.751840 -0.659346 0.000000
    outer loop
      vertex -5.950150 -4.565711 0.000000
      vertex -5.303301 -5.303301 0.800000
      vertex -5.950150 -4.565711 0.800000
    endloop
  endfacet
  facet normal 0.751840 0.659346 0.000000
    outer loop
      vertex -5.315467 -4.078702 0.000000
      vertex -4.737615 -4.737615 0.800000
      vertex -4.737615 -4.737615 0.000000
    endloop
  endfacet
  facet normal 0.751840 0.659346 -0.000000
    outer loop
      vertex -5.315467 -4.078702 0.000000
      vertex -5.315467 -4.078702 0.800000
      vertex -4.737615 -4.737615 0.800000
    endloop
  endfacet
  facet normal -0.000000 0.000000 1.000000
    outer loop
      vertex -5.303301 -5.303301 0.000000
      vertex -4.078702 -5.315467 0.000000
      vertex -4.737615 -4.737615 0.000000
    endloop
  endfacet
  facet normal 0.000000 0.000000 1.000000
    outer loop
      vertex -5.303301 -5.303301 0.000000
      vertex -4.565711 -5.950150 0.000000
      vertex -4.078702 -5.315467 0.000000
    endloop
  endfacet
  facet normal 0.000000 0.000000 -1.000000
    outer loop
      vertex -5.303301 -5.303301 0.800000
      vertex -4.737615 -4.737615 0.800000
      vertex -4.078702 -5.315467 0.800000
    endloop
  endfacet
  facet normal 0.000000 0.000000 -1.000000
    outer loop
      vertex -5.303301 -5.303301 0.800000
      vertex -4.078702 -5.315467 0.800000
      vertex -4.565711 -5.950150 0.800000
    endloop
  endfacet
  facet normal -0.659346 -0.751840 0.000000
    outer loop
      vertex -5.303301 -5.303301 0.000000
      vertex -4.565711 -5.950150 0.000000
      vertex -4.565711 -5.950150 0.800000
    endloop
  endfacet
  facet normal -0.659346 -0.751840 0.000000
    outer loop
      vertex -5.303301 -5.303301 0.000000
      vertex -4.565711 -5.950150 0.800000
      vertex -5.303301 -5.303301 0.800000
    endloop
  endfacet
  facet normal 0.659346 0.751840 0.000000
    outer loop
      vertex -4.737615 -4.737615 0.000000
      vertex -4.078702 -5.315467 0.800000
      vertex -4.078702 -5.315467 0.000000
    endloop
  endfacet
  facet normal 0.659346 0.751840 -0.000000
    outer loop
      vertex -4.737615 -4.737615 0.000000
      vertex -4.737615 -4.737615 0.800000
      vertex -4.078702 -5.315467 0.800000
    endloop
  endfacet
  facet normal 0.000000 0.000000 1.000000
    outer loop
      vertex -4.565711 -5.950150 0.000000
      vertex -3.350000 -5.802370 0.000000
      vertex -4.078702 -5.315467 0.000000
    endloop
  endfacet
  facet normal -0.000000 0.000000 1.000000
    outer loop
      vertex -4.565711 -5.950150 0.000000
      vertex -3.750000 -6.495191 0.000000
      vertex -3.350000 -5.802370 0.000000
    endloop
  endfacet
  facet normal 0.000000 0.000000 -1.000000
    outer loop
      vertex -4.565711 -5.950150 0.800000
      vertex -4.078702 -5.315467 0.800000
      vertex -3.350000 -5.802370 0.800000
    endloop
  endfacet
  facet normal 0.000000 0.000000 -1.000000
    outer loop
      vertex -4.565711 -5.950150 0.800000
      vertex -3.350000 -5.802370 0.800000
      vertex -3.750000 -6.495191 0.800000
    endloop
  endfacet
  facet normal -0.555570 -0.831470 0.000000
    outer loop
      vertex -4.565711 -5.950150 0.000000
      vertex -3.750000 -6.495191 0.000000
      vertex -3.750000 -6.495191 0.800000
    endloop
  endfacet
  facet normal -0.555570 -0.831470 0.000000
    outer loop
      vertex -4.565711 -5.950150 0.000000
      vertex -3.750000 -6.495191 0.800000
      vertex -4.565711 -5.950150 0.800000
    endloop
  endfacet
  facet normal 0.555570 0.831470 0.000000
    outer loop
      vertex -4.078702 -5.315467 0.000000
      vertex -3.350000 -5.802370 0.800000
      vertex -3.350000 -5.802370 0.000000
    endloop
  endfacet
  facet normal 0.555570 0.831470 -0.000000
    outer loop
      vertex -4.078702 -5.315467 0.000000
      vertex -4.078702 -5.315467 0.800000
      vertex -3.350000 -5.802370 0.800000
    endloop
  endfacet
  facet normal 0.000000 0.000000 1.000000
    outer loop
      vertex -3.750000 -6.495191 0.000000
      vertex -2.563979 -6.189993 0.000000
      vertex -3.350000 -5.802370 0.000000
    endloop
  endfacet
  facet normal -0.000000 0.000000 1.000000
    outer loop
      vertex -3.750000 -6.495191 0.000000
      vertex -2.870126 -6.929096 0.000000
      vertex -2.563979 -6.189993 0.000000
    endloop
  endfacet
  facet normal 0.000000 0.000000 -1.000000
    outer loop
      vertex -3.750000 -6.495191 0.800000
      vertex -3.350000 -5.802370 0.800000
      vertex -2.563979 -6.189993 0.800000
    endloop
  endfacet
  facet normal 0.000000 0.000000 -1.000000
    outer loop
      vertex -3.750000 -6.495191 0.800000
      vertex -2.563979 -6.189993 0.800000
      vertex -2.870126 -6.929096 0.800000
    endloop
  endfacet
  facet normal -0.442289 -0.896873 0.000000
    outer loop
      vertex -3.750000 -6.495191 0.000000
      vertex -2.870126 -6.929096 0.000000
      vertex -2.870126 -6.929096 0.800000
    endloop
  endfacet
  facet normal -0.442289 -0.896873 0.000000
    outer loop
      vertex -3.750000 -6.495191 0.000000
      vertex -2.870126 -6.929096 0.800000
      vertex -3.750000 -6.495191 0.800000
    endloop
  endfacet
  facet normal 0.442289 0.896873 0.000000
    outer loop
      vertex -3.350000 -5.802370 0.000000
      vertex -2.563979 -6.189993 0.800000
      vertex -2.563979 -6.189993 0.000000
    endloop
  endfacet
  facet normal 0.442289 0.896873 -0.000000
    outer loop
      vertex -3.350000 -5.802370 0.000000
      vertex -3.350000 -5.802370 0.800000
      vertex -2.563979 -6.189993 0.800000
    endloop
  endfacet
  facet normal 0.000000 0.000000 1.000000
    outer loop
      vertex -2.870126 -6.929096 0.000000
      vertex -1.734088 -6.471703 0.000000
      vertex -2.563979 -6.189993 0.000000
    endloop
  endfacet
  facet normal -0.000000 0.000000 1.000000
    outer loop
      vertex -2.870126 -6.929096 0.000000
      vertex -1.941143 -7.244444 0.000000
      vertex -1.734088 -6.471703 0.000000
    endloop
  endfacet
  facet normal 0.000000 0.000000 -1.000000
    outer loop
      vertex -2.870126 -6.929096 0.800000
      vertex -2.563979 -6.189993 0.800000
      vertex -1.734088 -6.471703 0.800000
    endloop
  endfacet
  facet normal 0.000000 0.000000 -1.000000
    outer loop
      vertex -2.870126 -6.929096 0.800000
      vertex -1.734088 -6.471703 0.800000
      vertex -1.941143 -7.244444 0.800000
    endloop
  endfacet
  facet normal -0.321439 -0.946930 0.000000
    outer loop
      vertex -2.870126 -6.929096 0.000000
      vertex -1.941143 -7.244444 0.000000
      vertex -1.941143 -7.244444 0.800000
    endloop
  endfacet
  facet normal -0.321439 -0.946930 0.000000
    outer loop
      vertex -2.870126 -6.929096 0.000000
      vertex -1.941143 -7.244444 0.800000
      vertex -2.870126 -6.929096 0.800000
    endloop
  endfacet
  facet normal 0.321439 0.946930 0.000000
    outer loop
      vertex -2.563979 -6.189993 0.000000
      vertex -1.734088 -6.471703 0.800000
      vertex -1.734088 -6.471703 0.000000
    endloop
  endfacet
  facet normal 0.321439 0.946930 -0.000000
    outer loop
      vertex -2.563979 -6.189993 0.000000
      vertex -2.563979 -6.189993 0.800000
      vertex -1.734088 -6.471703 0.800000
    endloop
  endfacet
  facet normal 0.000000 0.000000 1.000000
    outer loop
      vertex -1.941143 -7.244444 0.000000
      vertex -0.874525 -6.642681 0.000000
      vertex -1.734088 -6.471703 0.000000
    endloop
  endfacet
  facet normal -0.000000 0.000000 1.000000
    outer loop
      vertex -1.941143 -7.244444 0.000000
      vertex -0.978946 -7.435836 0.000000
      vertex -0.874525 -6.642681 0.000000
    endloop
  endfacet
  facet normal 0.000000 0.000000 -1.000000
    outer loop
      vertex -1.941143 -7.244444 0.800000
      vertex -1.734088 -6.471703 0.800000
      vertex -0.874525 -6.642681 0.800000
    endloop
  endfacet
  facet normal 0.000000 0.000000 -1.000000
    outer loop
      vertex -1.941143 -7.244444 0.800000
      vertex -0.874525 -6.642681 0.800000
      vertex -0.978946 -7.435836 0.800000
    endloop
  endfacet
  facet normal -0.195090 -0.980785 0.000000
    outer loop
      vertex -1.941143 -7.244444 0.000000
      vertex -0.978946 -7.435836 0.000000
      vertex -0.978946 -7.435836 0.800000
    endloop
  endfacet
  facet normal -0.195090 -0.980785 0.000000
    outer loop
      vertex -1.941143 -7.244444 0.000000
      vertex -0.978946 -7.435836 0.800000
      vertex -1.941143 -7.244444 0.800000
    endloop
  endfacet
  facet normal 0.195090 0.980785 0.000000
    outer loop
      vertex -1.734088 -6.471703 0.000000
      vertex -0.874525 -6.642681 0.800000
      vertex -0.874525 -6.642681 0.000000
    endloop
  endfacet
  facet normal 0.195090 0.980785 -0.000000
    outer loop
      vertex -1.734088 -6.471703 0.000000
      vertex -1.734088 -6.471703 0.800000
      vertex -0.874525 -6.642681 0.800000
    endloop
  endfacet
  facet normal 0.000000 0.000000 1.000000
    outer loop
      vertex -0.978946 -7.435836 0.000000
      vertex -0.000000 -6.700000 0.000000
      vertex -0.874525 -6.642681 0.000000
    endloop
  endfacet
  facet normal -0.000000 0.000000 1.000000
    outer loop
      vertex -0.978946 -7.435836 0.000000
      vertex -0.000000 -7.500000 0.000000
      vertex -0.000000 -6.700000 0.000000
    endloop
  endfacet
  facet normal 0.000000 0.000000 -1.000000
    outer loop
      vertex -0.978946 -7.435836 0.800000
      vertex -0.874525 -6.642681 0.800000
      vertex -0.000000 -6.700000 0.800000
    endloop
  endfacet
  facet normal 0.000000 0.000000 -1.000000
    outer loop
      vertex -0.978946 -7.435836 0.800000
      vertex -0.000000 -6.700000 0.800000
      vertex -0.000000 -7.500000 0.800000
    endloop
  endfacet
  facet normal -0.065403 -0.997859 0.000000
    outer loop
      vertex -0.978946 -7.435836 0.000000
      vertex -0.000000 -7.500000 0.000000
      vertex -0.000000 -7.500000 0.800000
    endloop
  endfacet
  facet normal -0.065403 -0.997859 0.000000
    outer loop
      vertex -0.978946 -7.435836 0.000000
      vertex -0.000000 -7.500000 0.800000
      vertex -0.978946 -7.435836 0.800000
    endloop
  endfacet
  facet normal 0.065403 0.997859 0.000000
    outer loop
      vertex -0.874525 -6.642681 0.000000
      vertex -0.000000 -6.700000 0.800000
      vertex -0.000000 -6.700000 0.000000
    endloop
  endfacet
  facet normal 0.065403 0.997859 -0.000000
    outer loop
      vertex -0.874525 -6.642681 0.000000
      vertex -0.874525 -6.642681 0.800000
      vertex -0.000000 -6.700000 0.800000
    endloop
  endfacet
  facet normal 0.000000 0.000000 1.000000
    outer loop
      vertex -0.000000 -7.500000 0.000000
      vertex 0.874525 -6.642681 0.000000
      vertex -0.000000 -6.700000 0.000000
    endloop
  endfacet
  facet normal 0.000000 0.000000 1.000000
    outer loop
      vertex -0.000000 -7.500000 0.000000
      vertex 0.978946 -7.435836 0.000000
      vertex 0.874525 -6.642681 0.000000
    endloop
  endfacet
  facet normal 0.000000 0.000000 -1.000000
    outer loop
      vertex -0.000000 -7.500000 0.800000
      vertex -0.000000 -6.700000 0.800000
      vertex 0.874525 -6.642681 0.800000
    endloop
  endfacet
  facet normal 0.000000 0.000000 -1.000000
    outer loop
      vertex -0.000000 -7.500000 0.800000
      vertex 0.874525 -6.642681 0.800000
      vertex 0.978946 -7.435836 0.800000
    endloop
  endfacet
  facet normal 0.065403 -0.997859 0.000000
    outer loop
      vertex -0.000000 -7.500000 0.000000
      vertex 0.978946 -7.435836 0.000000
      vertex 0.978946 -7.435836 0.800000
    endloop
  endfacet
  facet normal 0.065403 -0.997859 0.000000
    outer loop
      vertex -0.000000 -7.500000 0.000000
      vertex 0.978946 -7.435836 0.800000
      vertex -0.000000 -7.500000 0.800000
    endloop
  endfacet
  facet normal -0.065403 0.997859 0.000000
    outer loop
      vertex -0.000000 -6.700000 0.000000
      vertex 0.874525 -6.642681 0.800000
      vertex 0.874525 -6.642681 0.000000
    endloop
  endfacet
  facet normal -0.065403 0.997859 0.000000
    outer loop
      vertex -0.000000 -6.700000 0.000000
      vertex -0.000000 -6.700000 0.800000
      vertex 0.874525 -6.642681 0.800000
    endloop
  endfacet
  facet normal 0.000000 -0.000000 1.000000
    outer loop
      vertex 0.978946 -7.435836 0.000000
      vertex 1.734088 -6.471703 0.000000
      vertex 0.874525 -6.642681 0.000000
    endloop
  endfacet
  facet normal 0.000000 0.000000 1.000000
    outer loop
      vertex 0.978946 -7.435836 0.000000
      vertex 1.941143 -7.244444 0.000000
      vertex 1.734088 -6.471703 0.000000
    endloop
  endfacet
  facet normal 0.000000 0.000000 -1.000000
    outer loop
      vertex 0.978946 -7.435836 0.800000
      vertex 0.874525 -6.642681 0.800000
      vertex 1.734088 -6.471703 0.800000
    endloop
  endfacet
  facet normal 0.000000 0.000000 -1.000000
    outer loop
      vertex 0.978946 -7.435836 0.800000
      vertex 1.734088 -6.471703 0.800000
      vertex 1.941143 -7.244444 0.800000
    endloop
  endfacet
  facet normal 0.195090 -0.980785 0.000000
    outer loop
      vertex 0.978946 -7.435836 0.000000
      vertex 1.941143 -7.244444 0.000000
      vertex 1.941143 -7.244444 0.800000
    endloop
  endfacet
  facet normal 0.195090 -0.980785 0.000000
    outer loop
      vertex 0.978946 -7.435836 0.000000
      vertex 1.941143 -7.244444 0.800000
      vertex 0.978946 -7.435836 0.800000
    endloop
  endfacet
  facet normal -0.195090 0.980785 0.000000
    outer loop
      vertex 0.874525 -6.642681 0.000000
      vertex 1.734088 -6.471703 0.800000
      vertex 1.734088 -6.471703 0.000000
    endloop
  endfacet
  facet normal -0.195090 0.980785 0.000000
    outer loop
      vertex 0.874525 -6.642681 0.000000
      vertex 0.874525 -6.642681 0.800000
      vertex 1.734088 -6.471703 0.800000
    endloop
  endfacet
  facet normal 0.000000 -0.000000 1.000000
    outer loop
      vertex 1.941143 -7.244444 0.000000
      vertex 2.563979 -6.189993 0.000000
      vertex 1.734088 -6.471703 0.000000
    endloop
  endfacet
  facet normal 0.000000 0.000000 1.000000
    outer loop
      vertex 1.941143 -7.244444 0.000000
      vertex 2.870126 -6.929096 0.000000
      vertex 2.563979 -6.189993 0.000000
    endloop
  endfacet
  facet normal 0.000000 0.000000 -1.000000
    outer loop
      vertex 1.941143 -7.244444 0.800000
      vertex 1.734088 -6.471703 0.800000
      vertex 2.563979 -6.189993 0.800000
    endloop
  endfacet
  facet normal 0.000000 0.000000 -1.000000
    outer loop
      vertex 1.941143 -7.244444 0.800000
      vertex 2.563979 -6.189993 0.800000
      vertex 2.870126 -6.929096 0.800000
    endloop
  endfacet
  facet normal 0.321439 -0.946930 0.000000
    outer loop
      vertex 1.941143 -7.244444 0.000000
      vertex 2.870126 -6.929096 0.000000
      vertex 2.870126 -6.929096 0.800000
    endloop
  endfacet
  facet normal 0.321439 -0.946930 0.000000
    outer loop
      vertex 1.941143 -7.244444 0.000000
      vertex 2.870126 -6.929096 0.800000
      vertex 1.941143 -7.244444 0.800000
    endloop
  endfacet
  facet normal -0.321439 0.946930 0.000000
    outer loop
      vertex 1.734088 -6.471703 0.000000
      vertex 2.563979 -6.189993 0.800000
      vertex 2.563979 -6.189993 0.000000
    endloop
  endfacet
  facet normal -0.321439 0.946930 0.000000
    outer loop
      vertex 1.734088 -6.471703 0.000000
      vertex 1.734088 -6.471703 0.800000
      vertex 2.563979 -6.189993 0.800000
    endloop
  endfacet
  facet normal 0.000000 -0.000000 1.000000
    outer loop
      vertex 2.870126 -6.929096 0.000000
      vertex 3.350000 -5.802370 0.000000
      vertex 2.563979 -6.189993 0.000000
    endloop
  endfacet
  facet normal 0.000000 0.000000 1.000000
    outer loop
      vertex 2.870126 -6.929096 0.000000
      vertex 3.750000 -6.495191 0.000000
      vertex 3.350000 -5.802370 0.000000
    endloop
  endfacet
  facet normal 0.000000 0.000000 -1.000000
    outer loop
      vertex 2.870126 -6.929096 0.800000
      vertex 2.563979 -6.189993 0.800000
      vertex 3.350000 -5.802370 0.800000
    endloop
  endfacet
  facet normal 0.000000 0.000000 -1.000000
    outer loop
      vertex 2.870126 -6.929096 0.800000
      vertex 3.350000 -5.802370 0.800000
      vertex 3.750000 -6.495191 0.800000
    endloop
  endfacet
  facet normal 0.442289 -0.896873 0.000000
    outer loop
      vertex 2.870126 -6.929096 0.000000
      vertex 3.750000 -6.495191 0.000000
      vertex 3.750000 -6.495191 0.800000
    endloop
  endfacet
  facet normal 0.442289 -0.896873 0.000000
    outer loop
      vertex 2.870126 -6.929096 0.000000
      vertex 3.750000 -6.495191 0.800000
      vertex 2.870126 -6.929096 0.800000
    endloop
  endfacet
  facet normal -0.442289 0.896873 0.000000
    outer loop
      vertex 2.563979 -6.189993 0.000000
      vertex 3.350000 -5.802370 0.800000
      vertex 3.350000 -5.802370 0.000000
    endloop
  endfacet
  facet normal -0.442289 0.896873 0.000000
    outer loop
      vertex 2.563979 -6.189993 0.000000
      vertex 2.563979 -6.189993 0.800000
      vertex 3.350000 -5.802370 0.800000
    endloop
  endfacet
  facet normal 0.000000 -0.000000 1.000000
    outer loop
      vertex 3.750000 -6.495191 0.000000
      vertex 4.078702 -5.315467 0.000000
      vertex 3.350000 -5.802370 0.000000
    endloop
  endfacet
  facet normal 0.000000 0.000000 1.000000
    outer loop
      vertex 3.750000 -6.495191 0.000000
      vertex 4.565711 -5.950150 0.000000
      vertex 4.078702 -5.315467 0.000000
    endloop
  endfacet
  facet normal 0.000000 0.000000 -1.000000
    outer loop
      vertex 3.750000 -6.495191 0.800000
      vertex 3.350000 -5.802370 0.800000
      vertex 4.078702 -5.315467 0.800000
    endloop
  endfacet
  facet normal 0.000000 0.000000 -1.000000
    outer loop
      vertex 3.750000 -6.495191 0.800000
      vertex 4.078702 -5.315467 0.800000
      vertex 4.565711 -5.950150 0.800000
    endloop
  endfacet
  facet normal 0.555570 -0.831470 0.000000
    outer loop
      vertex 3.750000 -6.495191 0.000000
      vertex 4.565711 -5.950150 0.000000
      vertex 4.565711 -5.950150 0.800000
    endloop
  endfacet
  facet normal 0.555570 -0.831470 0.000000
    outer loop
      vertex 3.750000 -6.495191 0.000000
      vertex 4.565711 -5.950150 0.800000
      vertex 3.750000 -6.495191 0.800000
    endloop
  endfacet
  facet normal -0.555570 0.831470 0.000000
    outer loop
      vertex 3.350000 -5.802370 0.000000
      vertex 4.078702 -5.315467 0.800000
      vertex 4.078702 -5.315467 0.000000
    endloop
  endfacet
  facet normal -0.555570 0.831470 0.000000
    outer loop
      vertex 3.350000 -5.802370 0.000000
      vertex 3.350000 -5.802370 0.800000
      vertex 4.078702 -5.315467 0.800000
    endloop
  endfacet
  facet normal 0.000000 -0.000000 1.000000
    outer loop
      vertex 4.565711 -5.950150 0.000000
      vertex 4.737615 -4.737615 0.000000
      vertex 4.078702 -5.315467 0.000000
    endloop
  endfacet
  facet normal 0.000000 0.000000 1.000000
    outer loop
      vertex 4.565711 -5.950150 0.000000
      vertex 5.303301 -5.303301 0.000000
      vertex 4.737615 -4.737615 0.000000
    endloop
  endfacet
  facet normal 0.000000 0.000000 -1.000000
    outer loop
      vertex 4.565711 -5.950150 0.800000
      vertex 4.078702 -5.315467 0.800000
      vertex 4.737615 -4.737615 0.800000
    endloop
  endfacet
  facet normal 0.000000 0.000000 -1.000000
    outer loop
      vertex 4.565711 -5.950150 0.800000
      vertex 4.737615 -4.737615 0.800000
      vertex 5.303301 -5.303301 0.800000
    endloop
  endfacet
  facet normal 0.659346 -0.751840 0.000000
    outer loop
      vertex 4.565711 -5.950150 0.000000
      vertex 5.303301 -5.303301 0.000000
      vertex 5.303301 -5.303301 0.800000
    endloop
  endfacet
  facet normal 0.659346 -0.751840 0.000000
    outer loop
      vertex 4.565711 -5.950150 0.000000
      vertex 5.303301 -5.303301 0.800000
      vertex 4.565711 -5.950150 0.800000
    endloop
  endfacet
  facet normal -0.659346 0.751840 0.000000
    outer loop
      vertex 4.078702 -5.315467 0.000000
      vertex 4.737615 -4.737615 0.800000
      vertex 4.737615 -4.737615 0.000000
    endloop
  endfacet
  facet normal -0.659346 0.751840 0.000000
    outer loop
      vertex 4.078702 -5.315467 0.000000
      vertex 4.078702 -5.315467 0.800000
      vertex 4.737615 -4.737615 0.800000
    endloop
  endfacet
  facet normal 0.000000 -0.000000 1.000000
    outer loop
      vertex 5.303301 -5.303301 0.000000
      vertex 5.315467 -4.078702 0.000000
      vertex 4.737615 -4.737615 0.000000
    endloop
  endfacet
  facet normal 0.000000 0.000000 1.000000
    outer loop
      vertex 5.303301 -5.303301 0.000000
      vertex 5.950150 -4.565711 0.000000
      vertex 5.315467 -4.078702 0.000000
    endloop
  endfacet
  facet normal 0.000000 0.000000 -1.000000
    outer loop
      vertex 5.303301 -5.303301 0.800000
      vertex 4.737615 -4.737615 0.800000
      vertex 5.315467 -4.078702 0.800000
    endloop
  endfacet
  facet normal 0.000000 0.000000 -1.000000
    outer loop
      vertex 5.303301 -5.303301 0.800000
      vertex 5.315467 -4.078702 0.800000
      vertex 5.950150 -4.565711 0.800000
    endloop
  endfacet
  facet normal 0.751840 -0.659346 0.000000
    outer loop
      vertex 5.303301 -5.303301 0.000000
      vertex 5.950150 -4.565711 0.000000
      vertex 5.950150 -4.565711 0.800000
    endloop
  endfacet
  facet normal 0.751840 -0.659346 0.000000
    outer loop
      vertex 5.303301 -5.303301 0.000000
      vertex 5.950150 -4.565711 0.800000
      vertex 5.303301 -5.303301 0.800000
    endloop
  endfacet
  facet normal -0.751840 0.659346 0.000000
    outer loop
      vertex 4.737615 -4.737615 0.000000
      vertex 5.315467 -4.078702 0.800000
      vertex 5.315467 -4.078702 0.000000
    endloop
  endfacet
  facet normal -0.751840 0.659346 0.000000
    outer loop
      vertex 4.737615 -4.737615 0.000000
      vertex 4.737615 -4.737615 0.800000
      vertex 5.315467 -4.078702 0.800000
    endloop
  endfacet
  facet normal 0.000000 0.000000 1.000000
    outer loop
      vertex 5.950150 -4.565711 0.000000
      vertex 5.802370 -3.350000 0.000000
      vertex 5.315467 -4.078702 0.000000
    endloop
  endfacet
  facet normal 0.000000 -0.000000 1.000000
    outer loop
      vertex 5.950150 -4.565711 0.000000
      vertex 6.495191 -3.750000 0.000000
      vertex 5.802370 -3.350000 0.000000
    endloop
  endfacet
  facet normal 0.000000 0.000000 -1.000000
    outer loop
      vertex 5.950150 -4.565711 0.800000
      vertex 5.315467 -4.078702 0.800000
      vertex 5.802370 -3.350000 0.800000
    endloop
  endfacet
  facet normal 0.000000 0.000000 -1.000000
    outer loop
      vertex 5.950150 -4.565711 0.800000
      vertex 5.802370 -3.350000 0.800000
      vertex 6.495191 -3.750000 0.800000
    endloop
  endfacet
  facet normal 0.831470 -0.555570 0.000000
    outer loop
      vertex 5.950150 -4.565711 0.000000
      vertex 6.495191 -3.750000 0.000000
      vertex 6.495191 -3.750000 0.800000
    endloop
  endfacet
  facet normal 0.831470 -0.555570 0.000000
    outer loop
      vertex 5.950150 -4.565711 0.000000
      vertex 6.495191 -3.750000 0.800000
      vertex 5.950150 -4.565711 0.800000
    endloop
  endfacet
  facet normal -0.831470 0.555570 0.000000
    outer loop
      vertex 5.315467 -4.078702 0.000000
      vertex 5.802370 -3.350000 0.800000
      vertex 5.802370 -3.350000 0.000000
    endloop
  endfacet
  facet normal -0.831470 0.555570 0.000000
    outer loop
      vertex 5.315467 -4.078702 0.000000
      vertex 5.315467 -4.078702 0.800000
      vertex 5.802370 -3.350000 0.800000
    endloop
  endfacet
  facet normal 0.000000 0.000000 1.000000
    outer loop
      vertex 6.495191 -3.750000 0.000000
      vertex 6.189993 -2.563979 0.000000
      vertex 5.802370 -3.350000 0.000000
    endloop
  endfacet
  facet normal 0.000000 -0.000000 1.000000
    outer loop
      vertex 6.495191 -3.750000 0.000000
      vertex 6.929096 -2.870126 0.000000
      vertex 6.189993 -2.563979 0.000000
    endloop
  endfacet
  facet normal 0.000000 0.000000 -1.000000
    outer loop
      vertex 6.495191 -3.750000 0.800000
      vertex 5.802370 -3.350000 0.800000
      vertex 6.189993 -2.563979 0.800000
    endloop
  endfacet
  facet normal 0.000000 0.000000 -1.000000
    outer loop
      vertex 6.495191 -3.750000 0.800000
      vertex 6.189993 -2.563979 0.800000
      vertex 6.929096 -2.870126 0.800000
    endloop
  endfacet
  facet normal 0.896873 -0.442289 0.000000
    outer loop
      vertex 6.495191 -3.750000 0.000000
      vertex 6.929096 -2.870126 0.000000
      vertex 6.929096 -2.870126 0.800000
    endloop
  endfacet
  facet normal 0.896873 -0.442289 0.000000
    outer loop
      vertex 6.495191 -3.750000 0.000000
      vertex 6.929096 -2.870126 0.800000
      vertex 6.495191 -3.750000 0.800000
    endloop
  endfacet
  facet normal -0.896873 0.442289 0.000000
    outer loop
      vertex 5.802370 -3.350000 0.000000
      vertex 6.189993 -2.563979 0.800000
      vertex 6.189993 -2.563979 0.000000
    endloop
  endfacet
  facet normal -0.896873 0.442289 0.000000
    outer loop
      vertex 5.802370 -3.350000 0.000000
      vertex 5.802370 -3.350000 0.800000
      vertex 6.189993 -2.563979 0.800000
    endloop
  endfacet
  facet normal 0.000000 0.000000 1.000000
    outer loop
      vertex 6.929096 -2.870126 0.000000
      vertex 6.471703 -1.734088 0.000000
      vertex 6.189993 -2.563979 0.000000
    endloop
  endfacet
  facet normal 0.000000 -0.000000 1.000000
    outer loop
      vertex 6.929096 -2.870126 0.000000
      vertex 7.244444 -1.941143 0.000000
      vertex 6.471703 -1.734088 0.000000
    endloop
  endfacet
  facet normal 0.000000 0.000000 -1.000000
    outer loop
      vertex 6.929096 -2.870126 0.800000
      vertex 6.189993 -2.563979 0.800000
      vertex 6.471703 -1.734088 0.800000
    endloop
  endfacet
  facet normal 0.000000 0.000000 -1.000000
    outer loop
      vertex 6.929096 -2.870126 0.800000
      vertex 6.471703 -1.734088 0.800000
      vertex 7.244444 -1.941143 0.800000
    endloop
  endfacet
  facet normal 0.946930 -0.321439 0.000000
    outer loop
      vertex 6.929096 -2.870126 0.000000
      vertex 7.244444 -1.941143 0.000000
      vertex 7.244444 -1.941143 0.800000
    endloop
  endfacet
  facet normal 0.946930 -0.321439 0.000000
    outer loop
      vertex 6.929096 -2.870126 0.000000
      vertex 7.244444 -1.941143 0.800000
      vertex 6.929096 -2.870126 0.800000
    endloop
  endfacet
  facet normal -0.946930 0.321439 0.000000
    outer loop
      vertex 6.189993 -2.563979 0.000000
      vertex 6.471703 -1.734088 0.800000
      vertex 6.471703 -1.734088 0.000000
    endloop
  endfacet
  facet normal -0.946930 0.321439 0.000000
    outer loop
      vertex 6.189993 -2.563979 0.000000
      vertex 6.189993 -2.563979 0.800000
      vertex 6.471703 -1.734088 0.800000
    endloop
  endfacet
  facet normal 0.000000 0.000000 1.000000
    outer loop
      vertex 7.244444 -1.941143 0.000000
      vertex 6.642681 -0.874525 0.000000
      vertex 6.471703 -1.734088 0.000000
    endloop
  endfacet
  facet normal 0.000000 -0.000000 1.000000
    outer loop
      vertex 7.244444 -1.941143 0.000000
      vertex 7.435836 -0.978946 0.000000
      vertex 6.642681 -0.874525 0.000000
    endloop
  endfacet
  facet normal 0.000000 0.000000 -1.000000
    outer loop
      vertex 7.244444 -1.941143 0.800000
      vertex 6.471703 -1.734088 0.800000
      vertex 6.642681 -0.874525 0.800000
    endloop
  endfacet
  facet normal 0.000000 0.000000 -1.000000
    outer loop
      vertex 7.244444 -1.941143 0.800000
      vertex 6.642681 -0.874525 0.800000
      vertex 7.435836 -0.978946 0.800000
    endloop
  endfacet
  facet normal 0.980785 -0.195090 0.000000
    outer loop
      vertex 7.244444 -1.941143 0.000000
      vertex 7.435836 -0.978946 0.000000
      vertex 7.435836 -0.978946 0.800000
    endloop
  endfacet
  facet normal 0.980785 -0.195090 0.000000
    outer loop
      vertex 7.244444 -1.941143 0.000000
      vertex 7.435836 -0.978946 0.800000
      vertex 7.244444 -1.941143 0.800000
    endloop
  endfacet
  facet normal -0.980785 0.195090 0.000000
    outer loop
      vertex 6.471703 -1.734088 0.000000
      vertex 6.642681 -0.874525 0.800000
      vertex 6.642681 -0.874525 0.000000
    endloop
  endfacet
  facet normal -0.980785 0.195090 0.000000
    outer loop
      vertex 6.471703 -1.734088 0.000000
      vertex 6.471703 -1.734088 0.800000
      vertex 6.642681 -0.874525 0.800000
    endloop
  endfacet
  facet normal 0.000000 0.000000 1.000000
    outer loop
      vertex 7.435836 -0.978946 0.000000
      vertex 6.700000 -0.000000 0.000000
      vertex 6.642681 -0.874525 0.000000
    endloop
  endfacet
  facet normal 0.000000 -0.000000 1.000000
    outer loop
      vertex 7.435836 -0.978946 0.000000
      vertex 7.500000 -0.000000 0.000000
      vertex 6.700000 -0.000000 0.000000
    endloop
  endfacet
  facet normal 0.000000 0.000000 -1.000000
    outer loop
      vertex 7.435836 -0.978946 0.800000
      vertex 6.642681 -0.874525 0.800000
      vertex 6.700000 -0.000000 0.800000
    endloop
  endfacet
  facet normal 0.000000 0.000000 -1.000000
    outer loop
      vertex 7.435836 -0.978946 0.800000
      vertex 6.700000 -0.000000 0.800000
      vertex 7.500000 -0.000000 0.800000
    endloop
  endfacet
  facet normal 0.997859 -0.065403 0.000000
    outer loop
      vertex 7.435836 -0.978946 0.000000
      vertex 7.500000 -0.000000 0.000000
      vertex 7.500000 -0.000000 0.800000
    endloop
  endfacet
  facet normal 0.997859 -0.065403 0.000000
    outer loop
      vertex 7.435836 -0.978946 0.000000
      vertex 7.500000 -0.000000 0.800000
      vertex 7.435836 -0.978946 0.800000
    endloop
  endfacet
  facet normal -0.997859 0.065403 0.000000
    outer loop
      vertex 6.642681 -0.874525 0.000000
      vertex 6.700000 -0.000000 0.800000
      vertex 6.700000 -0.000000 0.000000
    endloop
  endfacet
  facet normal -0.997859 0.065403 0.000000
    outer loop
      vertex 6.642681 -0.874525 0.000000
      vertex 6.642681 -0.874525 0.800000
      vertex 6.700000 -0.000000 0.800000
    endloop
  endfacet
  facet normal -0.196828 0.979116 0.050897
    outer loop
      vertex 4.650000 2.475000 0.500000
      vertex 4.047417 2.353865 0.500000
      vertex 4.093286 2.353865 0.677384
    endloop
  endfacet
  facet normal 0.000000 0.000000 1.000000
    outer loop
      vertex 4.650000 2.475000 0.500000
      vertex 4.093286 2.353865 0.677384
      vertex 4.650000 2.475000 0.500000
    endloop
  endfacet
  facet normal -0.166239 0.975455 0.144401
    outer loop
      vertex 4.650000 2.475000 0.500000
      vertex 4.093286 2.353865 0.677384
      vertex 4.223909 2.353865 0.827762
    endloop
  endfacet
  facet normal 0.000000 0.000000 1.000000
    outer loop
      vertex 4.650000 2.475000 0.500000
      vertex 4.223909 2.353865 0.827762
      vertex 4.650000 2.475000 0.500000
    endloop
  endfacet
  facet normal -0.110496 0.970348 0.214979
    outer loop
      vertex 4.650000 2.475000 0.500000
      vertex 4.223909 2.353865 0.827762
      vertex 4.419401 2.353865 0.928242
    endloop
  endfacet
  facet normal 0.000000 0.000000 1.000000
    outer loop
      vertex 4.650000 2.475000 0.500000
      vertex 4.419401 2.353865 0.928242
      vertex 4.650000 2.475000 0.500000
    endloop
  endfacet
  facet normal -0.038658 0.966784 0.252654
    outer loop
      vertex 4.650000 2.475000 0.500000
      vertex 4.419401 2.353865 0.928242
      vertex 4.650000 2.353865 0.963525
    endloop
  endfacet
  facet normal 0.000000 0.000000 1.000000
    outer loop
      vertex 4.650000 2.475000 0.500000
      vertex 4.650000 2.353865 0.963525
      vertex 4.650000 2.475000 0.500000
    endloop
  endfacet
  facet normal 0.038658 0.966784 0.252654
    outer loop
      vertex 4.650000 2.475000 0.500000
      vertex 4.650000 2.353865 0.963525
      vertex 4.880599 2.353865 0.928242
    endloop
  endfacet
  facet normal 0.000000 0.000000 1.000000
    outer loop
      vertex 4.650000 2.475000 0.500000
      vertex 4.880599 2.353865 0.928242
      vertex 4.650000 2.475000 0.500000
    endloop
  endfacet
  facet normal 0.110496 0.970348 0.214979
    outer loop
      vertex 4.650000 2.475000 0.500000
      vertex 4.880599 2.353865 0.928242
      vertex 5.076091 2.353865 0.827762
    endloop
  endfacet
  facet normal 0.000000 0.000000 1.000000
    outer loop
      vertex 4.650000 2.475000 0.500000
      vertex 5.076091 2.353865 0.827762
      vertex 4.650000 2.475000 0.500000
    endloop
  endfacet
  facet normal 0.166239 0.975455 0.144401
    outer loop
      vertex 4.650000 2.475000 0.500000
      vertex 5.076091 2.353865 0.827762
      vertex 5.206714 2.353865 0.677384
    endloop
  endfacet
  facet normal 0.000000 0.000000 1.000000
    outer loop
      vertex 4.650000 2.475000 0.500000
      vertex 5.206714 2.353865 0.677384
      vertex 4.650000 2.475000 0.500000
    endloop
  endfacet
  facet normal 0.196828 0.979116 0.050897
    outer loop
      vertex 4.650000 2.475000 0.500000
      vertex 5.206714 2.353865 0.677384
      vertex 5.252583 2.353865 0.500000
    endloop
  endfacet
  facet normal 0.000000 0.000000 1.000000
    outer loop
      vertex 4.650000 2.475000 0.500000
      vertex 5.252583 2.353865 0.500000
      vertex 4.650000 2.475000 0.500000
    endloop
  endfacet
  facet normal -0.537766 0.831547 0.139059
    outer loop
      vertex 4.047417 2.353865 0.500000
      vertex 3.503819 2.002317 0.500000
      vertex 3.591067 2.002317 0.837404
    endloop
  endfacet
  facet normal -0.537766 0.831547 0.139059
    outer loop
      vertex 4.047417 2.353865 0.500000
      vertex 3.591067 2.002317 0.837404
      vertex 4.093286 2.353865 0.677384
    endloop
  endfacet
  facet normal -0.443615 0.809147 0.385339
    outer loop
      vertex 4.093286 2.353865 0.677384
      vertex 3.591067 2.002317 0.837404
      vertex 3.839527 2.002317 1.123440
    endloop
  endfacet
  facet normal -0.443615 0.809147 0.385339
    outer loop
      vertex 4.093286 2.353865 0.677384
      vertex 3.839527 2.002317 1.123440
      vertex 4.223909 2.353865 0.827762
    endloop
  endfacet
  facet normal -0.285866 0.780352 0.556176
    outer loop
      vertex 4.223909 2.353865 0.827762
      vertex 3.839527 2.002317 1.123440
      vertex 4.211375 2.002317 1.314564
    endloop
  endfacet
  facet normal -0.285866 0.780352 0.556176
    outer loop
      vertex 4.223909 2.353865 0.827762
      vertex 4.211375 2.002317 1.314564
      vertex 4.419401 2.353865 0.928242
    endloop
  endfacet
  facet normal -0.097990 0.761751 0.640417
    outer loop
      vertex 4.419401 2.353865 0.928242
      vertex 4.211375 2.002317 1.314564
      vertex 4.650000 2.002317 1.381678
    endloop
  endfacet
  facet normal -0.097990 0.761751 0.640417
    outer loop
      vertex 4.419401 2.353865 0.928242
      vertex 4.650000 2.002317 1.381678
      vertex 4.650000 2.353865 0.963525
    endloop
  endfacet
  facet normal 0.097990 0.761751 0.640417
    outer loop
      vertex 4.650000 2.353865 0.963525
      vertex 4.650000 2.002317 1.381678
      vertex 5.088625 2.002317 1.314564
    endloop
  endfacet
  facet normal 0.097990 0.761751 0.640417
    outer loop
      vertex 4.650000 2.353865 0.963525
      vertex 5.088625 2.002317 1.314564
      vertex 4.880599 2.353865 0.928242
    endloop
  endfacet
  facet normal 0.285866 0.780352 0.556176
    outer loop
      vertex 4.880599 2.353865 0.928242
      vertex 5.088625 2.002317 1.314564
      vertex 5.460473 2.002317 1.123440
    endloop
  endfacet
  facet normal 0.285866 0.780352 0.556176
    outer loop
      vertex 4.880599 2.353865 0.928242
      vertex 5.460473 2.002317 1.123440
      vertex 5.076091 2.353865 0.827762
    endloop
  endfacet
  facet normal 0.443615 0.809147 0.385339
    outer loop
      vertex 5.076091 2.353865 0.827762
      vertex 5.460473 2.002317 1.123440
      vertex 5.708933 2.002317 0.837404
    endloop
  endfacet
  facet normal 0.443615 0.809147 0.385339
    outer loop
      vertex 5.076091 2.353865 0.827762
      vertex 5.708933 2.002317 0.837404
      vertex 5.206714 2.353865 0.677384
    endloop
  endfacet
  facet normal 0.537766 0.831547 0.139059
    outer loop
      vertex 5.206714 2.353865 0.677384
      vertex 5.708933 2.002317 0.837404
      vertex 5.796181 2.002317 0.500000
    endloop
  endfacet
  facet normal 0.537766 0.831547 0.139059
    outer loop
      vertex 5.206714 2.353865 0.677384
      vertex 5.796181 2.002317 0.500000
      vertex 5.252583 2.353865 0.500000
    endloop
  endfacet
  facet normal -0.769773 0.606488 0.199053
    outer loop
      vertex 3.503819 2.002317 0.500000
      vertex 3.072417 1.454768 0.500000
      vertex 3.192503 1.454768 0.964396
    endloop
  endfacet
  facet normal -0.769773 0.606488 0.199053
    outer loop
      vertex 3.503819 2.002317 0.500000
      vertex 3.192503 1.454768 0.964396
      vertex 3.591067 2.002317 0.837404
    endloop
  endfacet
  facet normal -0.618009 0.574357 0.536823
    outer loop
      vertex 3.591067 2.002317 0.837404
      vertex 3.192503 1.454768 0.964396
      vertex 3.534480 1.454768 1.358092
    endloop
  endfacet
  facet normal -0.618009 0.574357 0.536823
    outer loop
      vertex 3.591067 2.002317 0.837404
      vertex 3.534480 1.454768 1.358092
      vertex 3.839527 2.002317 1.123440
    endloop
  endfacet
  facet normal -0.385761 0.536553 0.750532
    outer loop
      vertex 3.839527 2.002317 1.123440
      vertex 3.534480 1.454768 1.358092
      vertex 4.046285 1.454768 1.621151
    endloop
  endfacet
  facet normal -0.385761 0.536553 0.750532
    outer loop
      vertex 3.839527 2.002317 1.123440
      vertex 4.046285 1.454768 1.621151
      vertex 4.211375 2.002317 1.314564
    endloop
  endfacet
  facet normal -0.129747 0.513921 0.847969
    outer loop
      vertex 4.211375 2.002317 1.314564
      vertex 4.046285 1.454768 1.621151
      vertex 4.650000 1.454768 1.713525
    endloop
  endfacet
  facet normal -0.129747 0.513921 0.847969
    outer loop
      vertex 4.211375 2.002317 1.314564
      vertex 4.650000 1.454768 1.713525
      vertex 4.650000 2.002317 1.381678
    endloop
  endfacet
  facet normal 0.129747 0.513921 0.847969
    outer loop
      vertex 4.650000 2.002317 1.381678
      vertex 4.650000 1.454768 1.713525
      vertex 5.253715 1.454768 1.621151
    endloop
  endfacet
  facet normal 0.129747 0.513921 0.847969
    outer loop
      vertex 4.650000 2.002317 1.381678
      vertex 5.253715 1.454768 1.621151
      vertex 5.088625 2.002317 1.314564
    endloop
  endfacet
  facet normal 0.385761 0.536553 0.750532
    outer loop
      vertex 5.088625 2.002317 1.314564
      vertex 5.253715 1.454768 1.621151
      vertex 5.765520 1.454768 1.358092
    endloop
  endfacet
  facet normal 0.385761 0.536553 0.750532
    outer loop
      vertex 5.088625 2.002317 1.314564
      vertex 5.765520 1.454768 1.358092
      vertex 5.460473 2.002317 1.123440
    endloop
  endfacet
  facet normal 0.618009 0.574357 0.536823
    outer loop
      vertex 5.460473 2.002317 1.123440
      vertex 5.765520 1.454768 1.358092
      vertex 6.107497 1.454768 0.964396
    endloop
  endfacet
  facet normal 0.618009 0.574357 0.536823
    outer loop
      vertex 5.460473 2.002317 1.123440
      vertex 6.107497 1.454768 0.964396
      vertex 5.708933 2.002317 0.837404
    endloop
  endfacet
  facet normal 0.769773 0.606488 0.199053
    outer loop
      vertex 5.708933 2.002317 0.837404
      vertex 6.107497 1.454768 0.964396
      vertex 6.227583 1.454768 0.500000
    endloop
  endfacet
  facet normal 0.769773 0.606488 0.199053
    outer loop
      vertex 5.708933 2.002317 0.837404
      vertex 6.227583 1.454768 0.500000
      vertex 5.796181 2.002317 0.500000
    endloop
  endfacet
  facet normal -0.902395 0.362261 0.233347
    outer loop
      vertex 3.072417 1.454768 0.500000
      vertex 2.795440 0.764817 0.500000
      vertex 2.936610 0.764817 1.045930
    endloop
  endfacet
  facet normal -0.902395 0.362261 0.233347
    outer loop
      vertex 3.072417 1.454768 0.500000
      vertex 2.936610 0.764817 1.045930
      vertex 3.192503 1.454768 0.964396
    endloop
  endfacet
  facet normal -0.710892 0.336633 0.617504
    outer loop
      vertex 3.192503 1.454768 0.964396
      vertex 2.936610 0.764817 1.045930
      vertex 3.338628 0.764817 1.508748
    endloop
  endfacet
  facet normal -0.710892 0.336633 0.617504
    outer loop
      vertex 3.192503 1.454768 0.964396
      vertex 3.338628 0.764817 1.508748
      vertex 3.534480 1.454768 1.358092
    endloop
  endfacet
  facet normal -0.434883 0.308200 0.846103
    outer loop
      vertex 3.534480 1.454768 1.358092
      vertex 3.338628 0.764817 1.508748
      vertex 3.940291 0.764817 1.817992
    endloop
  endfacet
  facet normal -0.434883 0.308200 0.846103
    outer loop
      vertex 3.534480 1.454768 1.358092
      vertex 3.940291 0.764817 1.817992
      vertex 4.046285 1.454768 1.621151
    endloop
  endfacet
  facet normal -0.144660 0.291952 0.945430
    outer loop
      vertex 4.046285 1.454768 1.621151
      vertex 3.940291 0.764817 1.817992
      vertex 4.650000 0.764817 1.926585
    endloop
  endfacet
  facet normal -0.144660 0.291952 0.945430
    outer loop
      vertex 4.046285 1.454768 1.621151
      vertex 4.650000 0.764817 1.926585
      vertex 4.650000 1.454768 1.713525
    endloop
  endfacet
  facet normal 0.144660 0.291952 0.945430
    outer loop
      vertex 4.650000 1.454768 1.713525
      vertex 4.650000 0.764817 1.926585
      vertex 5.359709 0.764817 1.817992
    endloop
  endfacet
  facet normal 0.144660 0.291952 0.945430
    outer loop
      vertex 4.650000 1.454768 1.713525
      vertex 5.359709 0.764817 1.817992
      vertex 5.253715 1.454768 1.621151
    endloop
  endfacet
  facet normal 0.434883 0.308200 0.846103
    outer loop
      vertex 5.253715 1.454768 1.621151
      vertex 5.359709 0.764817 1.817992
      vertex 5.961372 0.764817 1.508748
    endloop
  endfacet
  facet normal 0.434883 0.308200 0.846103
    outer loop
      vertex 5.253715 1.454768 1.621151
      vertex 5.961372 0.764817 1.508748
      vertex 5.765520 1.454768 1.358092
    endloop
  endfacet
  facet normal 0.710892 0.336633 0.617504
    outer loop
      vertex 5.765520 1.454768 1.358092
      vertex 5.961372 0.764817 1.508748
      vertex 6.363390 0.764817 1.045930
    endloop
  endfacet
  facet normal 0.710892 0.336633 0.617504
    outer loop
      vertex 5.765520 1.454768 1.358092
      vertex 6.363390 0.764817 1.045930
      vertex 6.107497 1.454768 0.964396
    endloop
  endfacet
  facet normal 0.902395 0.362261 0.233347
    outer loop
      vertex 6.107497 1.454768 0.964396
      vertex 6.363390 0.764817 1.045930
      vertex 6.504560 0.764817 0.500000
    endloop
  endfacet
  facet normal 0.902395 0.362261 0.233347
    outer loop
      vertex 6.107497 1.454768 0.964396
      vertex 6.504560 0.764817 0.500000
      vertex 6.227583 1.454768 0.500000
    endloop
  endfacet
  facet normal -0.961166 0.119942 0.248544
    outer loop
      vertex 2.795440 0.764817 0.500000
      vertex 2.700000 0.000000 0.500000
      vertex 2.848435 0.000000 1.074025
    endloop
  endfacet
  facet normal -0.961166 0.119942 0.248544
    outer loop
      vertex 2.795440 0.764817 0.500000
      vertex 2.848435 0.000000 1.074025
      vertex 2.936610 0.764817 1.045930
    endloop
  endfacet
  facet normal -0.750335 0.110447 0.651765
    outer loop
      vertex 2.936610 0.764817 1.045930
      vertex 2.848435 0.000000 1.074025
      vertex 3.271142 0.000000 1.560660
    endloop
  endfacet
  facet normal -0.750335 0.110447 0.651765
    outer loop
      vertex 2.936610 0.764817 1.045930
      vertex 3.271142 0.000000 1.560660
      vertex 3.338628 0.764817 1.508748
    endloop
  endfacet
  facet normal -0.454835 0.100198 0.884921
    outer loop
      vertex 3.338628 0.764817 1.508748
      vertex 3.271142 0.000000 1.560660
      vertex 3.903767 0.000000 1.885819
    endloop
  endfacet
  facet normal -0.454835 0.100198 0.884921
    outer loop
      vertex 3.338628 0.764817 1.508748
      vertex 3.903767 0.000000 1.885819
      vertex 3.940291 0.764817 1.817992
    endloop
  endfacet
  facet normal -0.150573 0.094462 0.984076
    outer loop
      vertex 3.940291 0.764817 1.817992
      vertex 3.903767 0.000000 1.885819
      vertex 4.650000 0.000000 2.000000
    endloop
  endfacet
  facet normal -0.150573 0.094462 0.984076
    outer loop
      vertex 3.940291 0.764817 1.817992
      vertex 4.650000 0.000000 2.000000
      vertex 4.650000 0.764817 1.926585
    endloop
  endfacet
  facet normal 0.150573 0.094462 0.984076
    outer loop
      vertex 4.650000 0.764817 1.926585
      vertex 4.650000 0.000000 2.000000
      vertex 5.396233 0.000000 1.885819
    endloop
  endfacet
  facet normal 0.150573 0.094462 0.984076
    outer loop
      vertex 4.650000 0.764817 1.926585
      vertex 5.396233 0.000000 1.885819
      vertex 5.359709 0.764817 1.817992
    endloop
  endfacet
  facet normal 0.454835 0.100198 0.884921
    outer loop
      vertex 5.359709 0.764817 1.817992
      vertex 5.396233 0.000000 1.885819
      vertex 6.028858 0.000000 1.560660
    endloop
  endfacet
  facet normal 0.454835 0.100198 0.884921
    outer loop
      vertex 5.359709 0.764817 1.817992
      vertex 6.028858 0.000000 1.560660
      vertex 5.961372 0.764817 1.508748
    endloop
  endfacet
  facet normal 0.750335 0.110447 0.651765
    outer loop
      vertex 5.961372 0.764817 1.508748
      vertex 6.028858 0.000000 1.560660
      vertex 6.451565 0.000000 1.074025
    endloop
  endfacet
  facet normal 0.750335 0.110447 0.651765
    outer loop
      vertex 5.961372 0.764817 1.508748
      vertex 6.451565 0.000000 1.074025
      vertex 6.363390 0.764817 1.045930
    endloop
  endfacet
  facet normal 0.961166 0.119942 0.248544
    outer loop
      vertex 6.363390 0.764817 1.045930
      vertex 6.451565 0.000000 1.074025
      vertex 6.600000 0.000000 0.500000
    endloop
  endfacet
  facet normal 0.961166 0.119942 0.248544
    outer loop
      vertex 6.363390 0.764817 1.045930
      vertex 6.600000 0.000000 0.500000
      vertex 6.504560 0.764817 0.500000
    endloop
  endfacet
  facet normal -0.961166 -0.119942 0.248544
    outer loop
      vertex 2.700000 0.000000 0.500000
      vertex 2.795440 -0.764817 0.500000
      vertex 2.936610 -0.764817 1.045930
    endloop
  endfacet
  facet normal -0.961166 -0.119942 0.248544
    outer loop
      vertex 2.700000 0.000000 0.500000
      vertex 2.936610 -0.764817 1.045930
      vertex 2.848435 0.000000 1.074025
    endloop
  endfacet
  facet normal -0.750335 -0.110447 0.651765
    outer loop
      vertex 2.848435 0.000000 1.074025
      vertex 2.936610 -0.764817 1.045930
      vertex 3.338628 -0.764817 1.508748
    endloop
  endfacet
  facet normal -0.750335 -0.110447 0.651765
    outer loop
      vertex 2.848435 0.000000 1.074025
      vertex 3.338628 -0.764817 1.508748
      vertex 3.271142 0.000000 1.560660
    endloop
  endfacet
  facet normal -0.454835 -0.100198 0.884921
    outer loop
      vertex 3.271142 0.000000 1.560660
      vertex 3.338628 -0.764817 1.508748
      vertex 3.940291 -0.764817 1.817992
    endloop
  endfacet
  facet normal -0.454835 -0.100198 0.884921
    outer loop
      vertex 3.271142 0.000000 1.560660
      vertex 3.940291 -0.764817 1.817992
      vertex 3.903767 0.000000 1.885819
    endloop
  endfacet
  facet normal -0.150573 -0.094462 0.984076
    outer loop
      vertex 3.903767 0.000000 1.885819
      vertex 3.940291 -0.764817 1.817992
      vertex 4.650000 -0.764817 1.926585
    endloop
  endfacet
  facet normal -0.150573 -0.094462 0.984076
    outer loop
      vertex 3.903767 0.000000 1.885819
      vertex 4.650000 -0.764817 1.926585
      vertex 4.650000 0.000000 2.000000
    endloop
  endfacet
  facet normal 0.150573 -0.094462 0.984076
    outer loop
      vertex 4.650000 0.000000 2.000000
      vertex 4.650000 -0.764817 1.926585
      vertex 5.359709 -0.764817 1.817992
    endloop
  endfacet
  facet normal 0.150573 -0.094462 0.984076
    outer loop
      vertex 4.650000 0.000000 2.000000
      vertex 5.359709 -0.764817 1.817992
      vertex 5.396233 0.000000 1.885819
    endloop
  endfacet
  facet normal 0.454835 -0.100198 0.884921
    outer loop
      vertex 5.396233 0.000000 1.885819
      vertex 5.359709 -0.764817 1.817992
      vertex 5.961372 -0.764817 1.508748
    endloop
  endfacet
  facet normal 0.454835 -0.100198 0.884921
    outer loop
      vertex 5.396233 0.000000 1.885819
      vertex 5.961372 -0.764817 1.508748
      vertex 6.028858 0.000000 1.560660
    endloop
  endfacet
  facet normal 0.750335 -0.110447 0.651765
    outer loop
      vertex 6.028858 0.000000 1.560660
      vertex 5.961372 -0.764817 1.508748
      vertex 6.363390 -0.764817 1.045930
    endloop
  endfacet
  facet normal 0.750335 -0.110447 0.651765
    outer loop
      vertex 6.028858 0.000000 1.560660
      vertex 6.363390 -0.764817 1.045930
      vertex 6.451565 0.000000 1.074025
    endloop
  endfacet
  facet normal 0.961166 -0.119942 0.248544
    outer loop
      vertex 6.451565 0.000000 1.074025
      vertex 6.363390 -0.764817 1.045930
      vertex 6.504560 -0.764817 0.500000
    endloop
  endfacet
  facet normal 0.961166 -0.119942 0.248544
    outer loop
      vertex 6.451565 0.000000 1.074025
      vertex 6.504560 -0.764817 0.500000
      vertex 6.600000 0.000000 0.500000
    endloop
  endfacet
  facet normal -0.902395 -0.362261 0.233347
    outer loop
      vertex 2.795440 -0.764817 0.500000
      vertex 3.072417 -1.454768 0.500000
      vertex 3.192503 -1.454768 0.964396
    endloop
  endfacet
  facet normal -0.902395 -0.362261 0.233347
    outer loop
      vertex 2.795440 -0.764817 0.500000
      vertex 3.192503 -1.454768 0.964396
      vertex 2.936610 -0.764817 1.045930
    endloop
  endfacet
  facet normal -0.710892 -0.336633 0.617504
    outer loop
      vertex 2.936610 -0.764817 1.045930
      vertex 3.192503 -1.454768 0.964396
      vertex 3.534480 -1.454768 1.358092
    endloop
  endfacet
  facet normal -0.710892 -0.336633 0.617504
    outer loop
      vertex 2.936610 -0.764817 1.045930
      vertex 3.534480 -1.454768 1.358092
      vertex 3.338628 -0.764817 1.508748
    endloop
  endfacet
  facet normal -0.434883 -0.308200 0.846103
    outer loop
      vertex 3.338628 -0.764817 1.508748
      vertex 3.534480 -1.454768 1.358092
      vertex 4.046285 -1.454768 1.621151
    endloop
  endfacet
  facet normal -0.434883 -0.308200 0.846103
    outer loop
      vertex 3.338628 -0.764817 1.508748
      vertex 4.046285 -1.454768 1.621151
      vertex 3.940291 -0.764817 1.817992
    endloop
  endfacet
  facet normal -0.144660 -0.291952 0.945430
    outer loop
      vertex 3.940291 -0.764817 1.817992
      vertex 4.046285 -1.454768 1.621151
      vertex 4.650000 -1.454768 1.713525
    endloop
  endfacet
  facet normal -0.144660 -0.291952 0.945430
    outer loop
      vertex 3.940291 -0.764817 1.817992
      vertex 4.650000 -1.454768 1.713525
      vertex 4.650000 -0.764817 1.926585
    endloop
  endfacet
  facet normal 0.144660 -0.291952 0.945430
    outer loop
      vertex 4.650000 -0.764817 1.926585
      vertex 4.650000 -1.454768 1.713525
      vertex 5.253715 -1.454768 1.621151
    endloop
  endfacet
  facet normal 0.144660 -0.291952 0.945430
    outer loop
      vertex 4.650000 -0.764817 1.926585
      vertex 5.253715 -1.454768 1.621151
      vertex 5.359709 -0.764817 1.817992
    endloop
  endfacet
  facet normal 0.434883 -0.308200 0.846103
    outer loop
      vertex 5.359709 -0.764817 1.817992
      vertex 5.253715 -1.454768 1.621151
      vertex 5.765520 -1.454768 1.358092
    endloop
  endfacet
  facet normal 0.434883 -0.308200 0.846103
    outer loop
      vertex 5.359709 -0.764817 1.817992
      vertex 5.765520 -1.454768 1.358092
      vertex 5.961372 -0.764817 1.508748
    endloop
  endfacet
  facet normal 0.710892 -0.336633 0.617504
    outer loop
      vertex 5.961372 -0.764817 1.508748
      vertex 5.765520 -1.454768 1.358092
      vertex 6.107497 -1.454768 0.964396
    endloop
  endfacet
  facet normal 0.710892 -0.336633 0.617504
    outer loop
      vertex 5.961372 -0.764817 1.508748
      vertex 6.107497 -1.454768 0.964396
      vertex 6.363390 -0.764817 1.045930
    endloop
  endfacet
  facet normal 0.902395 -0.362261 0.233347
    outer loop
      vertex 6.363390 -0.764817 1.045930
      vertex 6.107497 -1.454768 0.964396
      vertex 6.227583 -1.454768 0.500000
    endloop
  endfacet
  facet normal 0.902395 -0.362261 0.233347
    outer loop
      vertex 6.363390 -0.764817 1.045930
      vertex 6.227583 -1.454768 0.500000
      vertex 6.504560 -0.764817 0.500000
    endloop
  endfacet
  facet normal -0.769773 -0.606488 0.199053
    outer loop
      vertex 3.072417 -1.454768 0.500000
      vertex 3.503819 -2.002317 0.500000
      vertex 3.591067 -2.002317 0.837404
    endloop
  endfacet
  facet normal -0.769773 -0.606488 0.199053
    outer loop
      vertex 3.072417 -1.454768 0.500000
      vertex 3.591067 -2.002317 0.837404
      vertex 3.192503 -1.454768 0.964396
    endloop
  endfacet
  facet normal -0.618009 -0.574357 0.536823
    outer loop
      vertex 3.192503 -1.454768 0.964396
      vertex 3.591067 -2.002317 0.837404
      vertex 3.839527 -2.002317 1.123440
    endloop
  endfacet
  facet normal -0.618009 -0.574357 0.536823
    outer loop
      vertex 3.192503 -1.454768 0.964396
      vertex 3.839527 -2.002317 1.123440
      vertex 3.534480 -1.454768 1.358092
    endloop
  endfacet
  facet normal -0.385761 -0.536553 0.750532
    outer loop
      vertex 3.534480 -1.454768 1.358092
      vertex 3.839527 -2.002317 1.123440
      vertex 4.211375 -2.002317 1.314564
    endloop
  endfacet
  facet normal -0.385761 -0.536553 0.750532
    outer loop
      vertex 3.534480 -1.454768 1.358092
      vertex 4.211375 -2.002317 1.314564
      vertex 4.046285 -1.454768 1.621151
    endloop
  endfacet
  facet normal -0.129747 -0.513921 0.847969
    outer loop
      vertex 4.046285 -1.454768 1.621151
      vertex 4.211375 -2.002317 1.314564
      vertex 4.650000 -2.002317 1.381678
    endloop
  endfacet
  facet normal -0.129747 -0.513921 0.847969
    outer loop
      vertex 4.046285 -1.454768 1.621151
      vertex 4.650000 -2.002317 1.381678
      vertex 4.650000 -1.454768 1.713525
    endloop
  endfacet
  facet normal 0.129747 -0.513921 0.847969
    outer loop
      vertex 4.650000 -1.454768 1.713525
      vertex 4.650000 -2.002317 1.381678
      vertex 5.088625 -2.002317 1.314564
    endloop
  endfacet
  facet normal 0.129747 -0.513921 0.847969
    outer loop
      vertex 4.650000 -1.454768 1.713525
      vertex 5.088625 -2.002317 1.314564
      vertex 5.253715 -1.454768 1.621151
    endloop
  endfacet
  facet normal 0.385761 -0.536553 0.750532
    outer loop
      vertex 5.253715 -1.454768 1.621151
      vertex 5.088625 -2.002317 1.314564
      vertex 5.460473 -2.002317 1.123440
    endloop
  endfacet
  facet normal 0.385761 -0.536553 0.750532
    outer loop
      vertex 5.253715 -1.454768 1.621151
      vertex 5.460473 -2.002317 1.123440
      vertex 5.765520 -1.454768 1.358092
    endloop
  endfacet
  facet normal 0.618009 -0.574357 0.536823
    outer loop
      vertex 5.765520 -1.454768 1.358092
      vertex 5.460473 -2.002317 1.123440
      vertex 5.708933 -2.002317 0.837404
    endloop
  endfacet
  facet normal 0.618009 -0.574357 0.536823
    outer loop
      vertex 5.765520 -1.454768 1.358092
      vertex 5.708933 -2.002317 0.837404
      vertex 6.107497 -1.454768 0.964396
    endloop
  endfacet
  facet normal 0.769773 -0.606488 0.199053
    outer loop
      vertex 6.107497 -1.454768 0.964396
      vertex 5.708933 -2.002317 0.837404
      vertex 5.796181 -2.002317 0.500000
    endloop
  endfacet
  facet normal 0.769773 -0.606488 0.199053
    outer loop
      vertex 6.107497 -1.454768 0.964396
      vertex 5.796181 -2.002317 0.500000
      vertex 6.227583 -1.454768 0.500000
    endloop
  endfacet
  facet normal -0.537766 -0.831547 0.139059
    outer loop
      vertex 3.503819 -2.002317 0.500000
      vertex 4.047417 -2.353865 0.500000
      vertex 4.093286 -2.353865 0.677384
    endloop
  endfacet
  facet normal -0.537766 -0.831547 0.139059
    outer loop
      vertex 3.503819 -2.002317 0.500000
      vertex 4.093286 -2.353865 0.677384
      vertex 3.591067 -2.002317 0.837404
    endloop
  endfacet
  facet normal -0.443615 -0.809147 0.385339
    outer loop
      vertex 3.591067 -2.002317 0.837404
      vertex 4.093286 -2.353865 0.677384
      vertex 4.223909 -2.353865 0.827762
    endloop
  endfacet
  facet normal -0.443615 -0.809147 0.385339
    outer loop
      vertex 3.591067 -2.002317 0.837404
      vertex 4.223909 -2.353865 0.827762
      vertex 3.839527 -2.002317 1.123440
    endloop
  endfacet
  facet normal -0.285866 -0.780352 0.556176
    outer loop
      vertex 3.839527 -2.002317 1.123440
      vertex 4.223909 -2.353865 0.827762
      vertex 4.419401 -2.353865 0.928242
    endloop
  endfacet
  facet normal -0.285866 -0.780352 0.556176
    outer loop
      vertex 3.839527 -2.002317 1.123440
      vertex 4.419401 -2.353865 0.928242
      vertex 4.211375 -2.002317 1.314564
    endloop
  endfacet
  facet normal -0.097990 -0.761751 0.640417
    outer loop
      vertex 4.211375 -2.002317 1.314564
      vertex 4.419401 -2.353865 0.928242
      vertex 4.650000 -2.353865 0.963525
    endloop
  endfacet
  facet normal -0.097990 -0.761751 0.640417
    outer loop
      vertex 4.211375 -2.002317 1.314564
      vertex 4.650000 -2.353865 0.963525
      vertex 4.650000 -2.002317 1.381678
    endloop
  endfacet
  facet normal 0.097990 -0.761751 0.640417
    outer loop
      vertex 4.650000 -2.002317 1.381678
      vertex 4.650000 -2.353865 0.963525
      vertex 4.880599 -2.353865 0.928242
    endloop
  endfacet
  facet normal 0.097990 -0.761751 0.640417
    outer loop
      vertex 4.650000 -2.002317 1.381678
      vertex 4.880599 -2.353865 0.928242
      vertex 5.088625 -2.002317 1.314564
    endloop
  endfacet
  facet normal 0.285866 -0.780352 0.556176
    outer loop
      vertex 5.088625 -2.002317 1.314564
      vertex 4.880599 -2.353865 0.928242
      vertex 5.076091 -2.353865 0.827762
    endloop
  endfacet
  facet normal 0.285866 -0.780352 0.556176
    outer loop
      vertex 5.088625 -2.002317 1.314564
      vertex 5.076091 -2.353865 0.827762
      vertex 5.460473 -2.002317 1.123440
    endloop
  endfacet
  facet normal 0.443615 -0.809147 0.385339
    outer loop
      vertex 5.460473 -2.002317 1.123440
      vertex 5.076091 -2.353865 0.827762
      vertex 5.206714 -2.353865 0.677384
    endloop
  endfacet
  facet normal 0.443615 -0.809147 0.385339
    outer loop
      vertex 5.460473 -2.002317 1.123440
      vertex 5.206714 -2.353865 0.677384
      vertex 5.708933 -2.002317 0.837404
    endloop
  endfacet
  facet normal 0.537766 -0.831547 0.139059
    outer loop
      vertex 5.708933 -2.002317 0.837404
      vertex 5.206714 -2.353865 0.677384
      vertex 5.252583 -2.353865 0.500000
    endloop
  endfacet
  facet normal 0.537766 -0.831547 0.139059
    outer loop
      vertex 5.708933 -2.002317 0.837404
      vertex 5.252583 -2.353865 0.500000
      vertex 5.796181 -2.002317 0.500000
    endloop
  endfacet
  facet normal 0.000000 0.000000 1.000000
    outer loop
      vertex 4.047417 -2.353865 0.500000
      vertex 4.650000 -2.475000 0.500000
      vertex 4.650000 -2.475000 0.500000
    endloop
  endfacet
  facet normal -0.196828 -0.979116 0.050897
    outer loop
      vertex 4.047417 -2.353865 0.500000
      vertex 4.650000 -2.475000 0.500000
      vertex 4.093286 -2.353865 0.677384
    endloop
  endfacet
  facet normal 0.000000 0.000000 1.000000
    outer loop
      vertex 4.093286 -2.353865 0.677384
      vertex 4.650000 -2.475000 0.500000
      vertex 4.650000 -2.475000 0.500000
    endloop
  endfacet
  facet normal -0.166239 -0.975455 0.144401
    outer loop
      vertex 4.093286 -2.353865 0.677384
      vertex 4.650000 -2.475000 0.500000
      vertex 4.223909 -2.353865 0.827762
    endloop
  endfacet
  facet normal 0.000000 0.000000 1.000000
    outer loop
      vertex 4.223909 -2.353865 0.827762
      vertex 4.650000 -2.475000 0.500000
      vertex 4.650000 -2.475000 0.500000
    endloop
  endfacet
  facet normal -0.110496 -0.970348 0.214979
    outer loop
      vertex 4.223909 -2.353865 0.827762
      vertex 4.650000 -2.475000 0.500000
      vertex 4.419401 -2.353865 0.928242
    endloop
  endfacet
  facet normal 0.000000 0.000000 1.000000
    outer loop
      vertex 4.419401 -2.353865 0.928242
      vertex 4.650000 -2.475000 0.500000
      vertex 4.650000 -2.475000 0.500000
    endloop
  endfacet
  facet normal -0.038658 -0.966784 0.252654
    outer loop
      vertex 4.419401 -2.353865 0.928242
      vertex 4.650000 -2.475000 0.500000
      vertex 4.650000 -2.353865 0.963525
    endloop
  endfacet
  facet normal 0.000000 0.000000 1.000000
    outer loop
      vertex 4.650000 -2.353865 0.963525
      vertex 4.650000 -2.475000 0.500000
      vertex 4.650000 -2.475000 0.500000
    endloop
  endfacet
  facet normal 0.038658 -0.966784 0.252654
    outer loop
      vertex 4.650000 -2.353865 0.963525
      vertex 4.650000 -2.475000 0.500000
      vertex 4.880599 -2.353865 0.928242
    endloop
  endfacet
  facet normal 0.000000 0.000000 1.000000
    outer loop
      vertex 4.880599 -2.353865 0.928242
      vertex 4.650000 -2.475000 0.500000
      vertex 4.650000 -2.475000 0.500000
    endloop
  endfacet
  facet normal 0.110496 -0.970348 0.214979
    outer loop
      vertex 4.880599 -2.353865 0.928242
      vertex 4.650000 -2.475000 0.500000
      vertex 5.076091 -2.353865 0.827762
    endloop
  endfacet
  facet normal 0.000000 0.000000 1.000000
    outer loop
      vertex 5.076091 -2.353865 0.827762
      vertex 4.650000 -2.475000 0.500000
      vertex 4.650000 -2.475000 0.500000
    endloop
  endfacet
  facet normal 0.166239 -0.975455 0.144401
    outer loop
      vertex 5.076091 -2.353865 0.827762
      vertex 4.650000 -2.475000 0.500000
      vertex 5.206714 -2.353865 0.677384
    endloop
  endfacet
  facet normal 0.000000 0.000000 1.000000
    outer loop
      vertex 5.206714 -2.353865 0.677384
      vertex 4.650000 -2.475000 0.500000
      vertex 4.650000 -2.475000 0.500000
    endloop
  endfacet
  facet normal 0.196828 -0.979116 0.050897
    outer loop
      vertex 5.206714 -2.353865 0.677384
      vertex 4.650000 -2.475000 0.500000
      vertex 5.252583 -2.353865 0.500000
    endloop
  endfacet
  facet normal -0.946353 0.319100 0.050897
    outer loop
      vertex 0.181587 5.264518 0.500000
      vertex -0.014798 4.682098 0.500000
      vertex 0.008136 4.721822 0.677384
    endloop
  endfacet
  facet normal 0.000000 0.000000 1.000000
    outer loop
      vertex 0.181587 5.264518 0.500000
      vertex 0.008136 4.721822 0.677384
      vertex 0.181587 5.264518 0.500000
    endloop
  endfacet
  facet normal -0.927889 0.343760 0.144401
    outer loop
      vertex 0.181587 5.264518 0.500000
      vertex 0.008136 4.721822 0.677384
      vertex 0.073448 4.834945 0.827762
    endloop
  endfacet
  facet normal 0.000000 0.000000 1.000000
    outer loop
      vertex 0.181587 5.264518 0.500000
      vertex 0.073448 4.834945 0.827762
      vertex 0.181587 5.264518 0.500000
    endloop
  endfacet
  facet normal -0.895594 0.389482 0.214979
    outer loop
      vertex 0.181587 5.264518 0.500000
      vertex 0.073448 4.834945 0.827762
      vertex 0.171194 5.004246 0.928242
    endloop
  endfacet
  facet normal 0.000000 0.000000 1.000000
    outer loop
      vertex 0.181587 5.264518 0.500000
      vertex 0.171194 5.004246 0.928242
      vertex 0.181587 5.264518 0.500000
    endloop
  endfacet
  facet normal -0.856589 0.449913 0.252654
    outer loop
      vertex 0.181587 5.264518 0.500000
      vertex 0.171194 5.004246 0.928242
      vertex 0.286493 5.203951 0.963525
    endloop
  endfacet
  facet normal 0.000000 0.000000 1.000000
    outer loop
      vertex 0.181587 5.264518 0.500000
      vertex 0.286493 5.203951 0.963525
      vertex 0.181587 5.264518 0.500000
    endloop
  endfacet
  facet normal -0.817930 0.516871 0.252654
    outer loop
      vertex 0.181587 5.264518 0.500000
      vertex 0.286493 5.203951 0.963525
      vertex 0.401793 5.403655 0.928242
    endloop
  endfacet
  facet normal 0.000000 0.000000 1.000000
    outer loop
      vertex 0.181587 5.264518 0.500000
      vertex 0.401793 5.403655 0.928242
      vertex 0.181587 5.264518 0.500000
    endloop
  endfacet
  facet normal -0.785098 0.580866 0.214979
    outer loop
      vertex 0.181587 5.264518 0.500000
      vertex 0.401793 5.403655 0.928242
      vertex 0.499539 5.572956 0.827762
    endloop
  endfacet
  facet normal 0.000000 0.000000 1.000000
    outer loop
      vertex 0.181587 5.264518 0.500000
      vertex 0.499539 5.572956 0.827762
      vertex 0.181587 5.264518 0.500000
    endloop
  endfacet
  facet normal -0.761650 0.631695 0.144401
    outer loop
      vertex 0.181587 5.264518 0.500000
      vertex 0.499539 5.572956 0.827762
      vertex 0.564850 5.686079 0.677384
    endloop
  endfacet
  facet normal 0.000000 0.000000 1.000000
    outer loop
      vertex 0.181587 5.264518 0.500000
      vertex 0.564850 5.686079 0.677384
      vertex 0.181587 5.264518 0.500000
    endloop
  endfacet
  facet normal -0.749525 0.660016 0.050897
    outer loop
      vertex 0.181587 5.264518 0.500000
      vertex 0.564850 5.686079 0.677384
      vertex 0.587785 5.725803 0.500000
    endloop
  endfacet
  facet normal 0.000000 0.000000 1.000000
    outer loop
      vertex 0.181587 5.264518 0.500000
      vertex 0.587785 5.725803 0.500000
      vertex 0.181587 5.264518 0.500000
    endloop
  endfacet
  facet normal -0.989024 -0.049945 0.139059
    outer loop
      vertex -0.014798 4.682098 0.500000
      vertex 0.017852 4.035555 0.500000
      vertex 0.061476 4.111113 0.837404
    endloop
  endfacet
  facet normal -0.989024 -0.049945 0.139059
    outer loop
      vertex -0.014798 4.682098 0.500000
      vertex 0.061476 4.111113 0.837404
      vertex 0.008136 4.721822 0.677384
    endloop
  endfacet
  facet normal -0.922550 0.020392 0.385339
    outer loop
      vertex 0.008136 4.721822 0.677384
      vertex 0.061476 4.111113 0.837404
      vertex 0.185706 4.326287 1.123440
    endloop
  endfacet
  facet normal -0.922550 0.020392 0.385339
    outer loop
      vertex 0.008136 4.721822 0.677384
      vertex 0.185706 4.326287 1.123440
      vertex 0.073448 4.834945 0.827762
    endloop
  endfacet
  facet normal -0.818737 0.142609 0.556176
    outer loop
      vertex 0.073448 4.834945 0.827762
      vertex 0.185706 4.326287 1.123440
      vertex 0.371630 4.648317 1.314564
    endloop
  endfacet
  facet normal -0.818737 0.142609 0.556176
    outer loop
      vertex 0.073448 4.834945 0.827762
      vertex 0.371630 4.648317 1.314564
      vertex 0.171194 5.004246 0.928242
    endloop
  endfacet
  facet normal -0.708690 0.296014 0.640417
    outer loop
      vertex 0.171194 5.004246 0.928242
      vertex 0.371630 4.648317 1.314564
      vertex 0.590943 5.028177 1.381678
    endloop
  endfacet
  facet normal -0.708690 0.296014 0.640417
    outer loop
      vertex 0.171194 5.004246 0.928242
      vertex 0.590943 5.028177 1.381678
      vertex 0.286493 5.203951 0.963525
    endloop
  endfacet
  facet normal -0.610701 0.465737 0.640417
    outer loop
      vertex 0.286493 5.203951 0.963525
      vertex 0.590943 5.028177 1.381678
      vertex 0.810255 5.408037 1.314564
    endloop
  endfacet
  facet normal -0.610701 0.465737 0.640417
    outer loop
      vertex 0.286493 5.203951 0.963525
      vertex 0.810255 5.408037 1.314564
      vertex 0.401793 5.403655 0.928242
    endloop
  endfacet
  facet normal -0.532872 0.637743 0.556176
    outer loop
      vertex 0.401793 5.403655 0.928242
      vertex 0.810255 5.408037 1.314564
      vertex 0.996179 5.730066 1.123440
    endloop
  endfacet
  facet normal -0.532872 0.637743 0.556176
    outer loop
      vertex 0.401793 5.403655 0.928242
      vertex 0.996179 5.730066 1.123440
      vertex 0.499539 5.572956 0.827762
    endloop
  endfacet
  facet normal -0.478935 0.788756 0.385339
    outer loop
      vertex 0.499539 5.572956 0.827762
      vertex 0.996179 5.730066 1.123440
      vertex 1.120409 5.945240 0.837404
    endloop
  endfacet
  facet normal -0.478935 0.788756 0.385339
    outer loop
      vertex 0.499539 5.572956 0.827762
      vertex 1.120409 5.945240 0.837404
      vertex 0.564850 5.686079 0.677384
    endloop
  endfacet
  facet normal -0.451258 0.881492 0.139059
    outer loop
      vertex 0.564850 5.686079 0.677384
      vertex 1.120409 5.945240 0.837404
      vertex 1.164033 6.020799 0.500000
    endloop
  endfacet
  facet normal -0.451258 0.881492 0.139059
    outer loop
      vertex 0.564850 5.686079 0.677384
      vertex 1.164033 6.020799 0.500000
      vertex 0.587785 5.725803 0.500000
    endloop
  endfacet
  facet normal -0.910120 -0.363399 0.199053
    outer loop
      vertex 0.017852 4.035555 0.500000
      vertex 0.276342 3.388175 0.500000
      vertex 0.336385 3.492173 0.964396
    endloop
  endfacet
  facet normal -0.910120 -0.363399 0.199053
    outer loop
      vertex 0.017852 4.035555 0.500000
      vertex 0.336385 3.492173 0.964396
      vertex 0.061476 4.111113 0.837404
    endloop
  endfacet
  facet normal -0.806412 -0.248033 0.536823
    outer loop
      vertex 0.061476 4.111113 0.837404
      vertex 0.336385 3.492173 0.964396
      vertex 0.507374 3.788334 1.358092
    endloop
  endfacet
  facet normal -0.806412 -0.248033 0.536823
    outer loop
      vertex 0.061476 4.111113 0.837404
      vertex 0.507374 3.788334 1.358092
      vertex 0.185706 4.326287 1.123440
    endloop
  endfacet
  facet normal -0.657550 -0.065802 0.750532
    outer loop
      vertex 0.185706 4.326287 1.123440
      vertex 0.507374 3.788334 1.358092
      vertex 0.763276 4.231570 1.621151
    endloop
  endfacet
  facet normal -0.657550 -0.065802 0.750532
    outer loop
      vertex 0.185706 4.326287 1.123440
      vertex 0.763276 4.231570 1.621151
      vertex 0.371630 4.648317 1.314564
    endloop
  endfacet
  facet normal -0.509942 0.144596 0.847969
    outer loop
      vertex 0.371630 4.648317 1.314564
      vertex 0.763276 4.231570 1.621151
      vertex 1.065134 4.754402 1.713525
    endloop
  endfacet
  facet normal -0.509942 0.144596 0.847969
    outer loop
      vertex 0.371630 4.648317 1.314564
      vertex 1.065134 4.754402 1.713525
      vertex 0.590943 5.028177 1.381678
    endloop
  endfacet
  facet normal -0.380195 0.369325 0.847969
    outer loop
      vertex 0.590943 5.028177 1.381678
      vertex 1.065134 4.754402 1.713525
      vertex 1.366991 5.277235 1.621151
    endloop
  endfacet
  facet normal -0.380195 0.369325 0.847969
    outer loop
      vertex 0.590943 5.028177 1.381678
      vertex 1.366991 5.277235 1.621151
      vertex 0.810255 5.408037 1.314564
    endloop
  endfacet
  facet normal -0.271788 0.602356 0.750532
    outer loop
      vertex 0.810255 5.408037 1.314564
      vertex 1.366991 5.277235 1.621151
      vertex 1.622893 5.720471 1.358092
    endloop
  endfacet
  facet normal -0.271788 0.602356 0.750532
    outer loop
      vertex 0.810255 5.408037 1.314564
      vertex 1.622893 5.720471 1.358092
      vertex 0.996179 5.730066 1.123440
    endloop
  endfacet
  facet normal -0.188403 0.822390 0.536823
    outer loop
      vertex 0.996179 5.730066 1.123440
      vertex 1.622893 5.720471 1.358092
      vertex 1.793882 6.016632 0.964396
    endloop
  endfacet
  facet normal -0.188403 0.822390 0.536823
    outer loop
      vertex 0.996179 5.730066 1.123440
      vertex 1.793882 6.016632 0.964396
      vertex 1.120409 5.945240 0.837404
    endloop
  endfacet
  facet normal -0.140347 0.969887 0.199053
    outer loop
      vertex 1.120409 5.945240 0.837404
      vertex 1.793882 6.016632 0.964396
      vertex 1.853925 6.120629 0.500000
    endloop
  endfacet
  facet normal -0.140347 0.969887 0.199053
    outer loop
      vertex 1.120409 5.945240 0.837404
      vertex 1.853925 6.120629 0.500000
      vertex 1.164033 6.020799 0.500000
    endloop
  endfacet
  facet normal -0.764925 -0.600366 0.233347
    outer loop
      vertex 0.276342 3.388175 0.500000
      vertex 0.735369 2.803330 0.500000
      vertex 0.805954 2.925587 1.045930
    endloop
  endfacet
  facet normal -0.764925 -0.600366 0.233347
    outer loop
      vertex 0.276342 3.388175 0.500000
      vertex 0.805954 2.925587 1.045930
      vertex 0.336385 3.492173 0.964396
    endloop
  endfacet
  facet normal -0.646979 -0.447334 0.617504
    outer loop
      vertex 0.336385 3.492173 0.964396
      vertex 0.805954 2.925587 1.045930
      vertex 1.006963 3.273745 1.508748
    endloop
  endfacet
  facet normal -0.646979 -0.447334 0.617504
    outer loop
      vertex 0.336385 3.492173 0.964396
      vertex 1.006963 3.273745 1.508748
      vertex 0.507374 3.788334 1.358092
    endloop
  endfacet
  facet normal -0.484350 -0.222520 0.846103
    outer loop
      vertex 0.507374 3.788334 1.358092
      vertex 1.006963 3.273745 1.508748
      vertex 1.307794 3.794800 1.817992
    endloop
  endfacet
  facet normal -0.484350 -0.222520 0.846103
    outer loop
      vertex 0.507374 3.788334 1.358092
      vertex 1.307794 3.794800 1.817992
      vertex 0.763276 4.231570 1.621151
    endloop
  endfacet
  facet normal -0.325168 0.020697 0.945430
    outer loop
      vertex 0.763276 4.231570 1.621151
      vertex 1.307794 3.794800 1.817992
      vertex 1.662649 4.409427 1.926585
    endloop
  endfacet
  facet normal -0.325168 0.020697 0.945430
    outer loop
      vertex 0.763276 4.231570 1.621151
      vertex 1.662649 4.409427 1.926585
      vertex 1.065134 4.754402 1.713525
    endloop
  endfacet
  facet normal -0.180508 0.271255 0.945430
    outer loop
      vertex 1.065134 4.754402 1.713525
      vertex 1.662649 4.409427 1.926585
      vertex 2.017504 5.024053 1.817992
    endloop
  endfacet
  facet normal -0.180508 0.271255 0.945430
    outer loop
      vertex 1.065134 4.754402 1.713525
      vertex 2.017504 5.024053 1.817992
      vertex 1.366991 5.277235 1.621151
    endloop
  endfacet
  facet normal -0.049468 0.530720 0.846103
    outer loop
      vertex 1.366991 5.277235 1.621151
      vertex 2.017504 5.024053 1.817992
      vertex 2.318335 5.545108 1.508748
    endloop
  endfacet
  facet normal -0.049468 0.530720 0.846103
    outer loop
      vertex 1.366991 5.277235 1.621151
      vertex 2.318335 5.545108 1.508748
      vertex 1.622893 5.720471 1.358092
    endloop
  endfacet
  facet normal 0.063913 0.783967 0.617504
    outer loop
      vertex 1.622893 5.720471 1.358092
      vertex 2.318335 5.545108 1.508748
      vertex 2.519344 5.893266 1.045930
    endloop
  endfacet
  facet normal 0.063913 0.783967 0.617504
    outer loop
      vertex 1.622893 5.720471 1.358092
      vertex 2.519344 5.893266 1.045930
      vertex 1.793882 6.016632 0.964396
    endloop
  endfacet
  facet normal 0.137470 0.962627 0.233347
    outer loop
      vertex 1.793882 6.016632 0.964396
      vertex 2.519344 5.893266 1.045930
      vertex 2.589929 6.015523 0.500000
    endloop
  endfacet
  facet normal 0.137470 0.962627 0.233347
    outer loop
      vertex 1.793882 6.016632 0.964396
      vertex 2.589929 6.015523 0.500000
      vertex 1.853925 6.120629 0.500000
    endloop
  endfacet
  facet normal -0.584456 -0.772423 0.248544
    outer loop
      vertex 0.735369 2.803330 0.500000
      vertex 1.350000 2.338269 0.500000
      vertex 1.424217 2.466817 1.074025
    endloop
  endfacet
  facet normal -0.584456 -0.772423 0.248544
    outer loop
      vertex 0.735369 2.803330 0.500000
      vertex 1.424217 2.466817 1.074025
      vertex 0.805954 2.925587 1.045930
    endloop
  endfacet
  facet normal -0.470818 -0.594586 0.651765
    outer loop
      vertex 0.805954 2.925587 1.045930
      vertex 1.424217 2.466817 1.074025
      vertex 1.635571 2.832892 1.560660
    endloop
  endfacet
  facet normal -0.470818 -0.594586 0.651765
    outer loop
      vertex 0.805954 2.925587 1.045930
      vertex 1.635571 2.832892 1.560660
      vertex 1.006963 3.273745 1.508748
    endloop
  endfacet
  facet normal -0.314192 -0.343799 0.884921
    outer loop
      vertex 1.006963 3.273745 1.508748
      vertex 1.635571 2.832892 1.560660
      vertex 1.951884 3.380762 1.885819
    endloop
  endfacet
  facet normal -0.314192 -0.343799 0.884921
    outer loop
      vertex 1.006963 3.273745 1.508748
      vertex 1.951884 3.380762 1.885819
      vertex 1.307794 3.794800 1.817992
    endloop
  endfacet
  facet normal -0.157093 -0.083169 0.984076
    outer loop
      vertex 1.307794 3.794800 1.817992
      vertex 1.951884 3.380762 1.885819
      vertex 2.325000 4.027018 2.000000
    endloop
  endfacet
  facet normal -0.157093 -0.083169 0.984076
    outer loop
      vertex 1.307794 3.794800 1.817992
      vertex 2.325000 4.027018 2.000000
      vertex 1.662649 4.409427 1.926585
    endloop
  endfacet
  facet normal -0.006520 0.177631 0.984076
    outer loop
      vertex 1.662649 4.409427 1.926585
      vertex 2.325000 4.027018 2.000000
      vertex 2.698116 4.673275 1.885819
    endloop
  endfacet
  facet normal -0.006520 0.177631 0.984076
    outer loop
      vertex 1.662649 4.409427 1.926585
      vertex 2.698116 4.673275 1.885819
      vertex 2.017504 5.024053 1.817992
    endloop
  endfacet
  facet normal 0.140643 0.443998 0.884921
    outer loop
      vertex 2.017504 5.024053 1.817992
      vertex 2.698116 4.673275 1.885819
      vertex 3.014429 5.221144 1.560660
    endloop
  endfacet
  facet normal 0.140643 0.443998 0.884921
    outer loop
      vertex 2.017504 5.024053 1.817992
      vertex 3.014429 5.221144 1.560660
      vertex 2.318335 5.545108 1.508748
    endloop
  endfacet
  facet normal 0.279518 0.705033 0.651765
    outer loop
      vertex 2.318335 5.545108 1.508748
      vertex 3.014429 5.221144 1.560660
      vertex 3.225783 5.587219 1.074025
    endloop
  endfacet
  facet normal 0.279518 0.705033 0.651765
    outer loop
      vertex 2.318335 5.545108 1.508748
      vertex 3.225783 5.587219 1.074025
      vertex 2.519344 5.893266 1.045930
    endloop
  endfacet
  facet normal 0.376710 0.892365 0.248544
    outer loop
      vertex 2.519344 5.893266 1.045930
      vertex 3.225783 5.587219 1.074025
      vertex 3.300000 5.715768 0.500000
    endloop
  endfacet
  facet normal 0.376710 0.892365 0.248544
    outer loop
      vertex 2.519344 5.893266 1.045930
      vertex 3.300000 5.715768 0.500000
      vertex 2.589929 6.015523 0.500000
    endloop
  endfacet
  facet normal -0.376710 -0.892365 0.248544
    outer loop
      vertex 1.350000 2.338269 0.500000
      vertex 2.060071 2.038513 0.500000
      vertex 2.130656 2.160770 1.045930
    endloop
  endfacet
  facet normal -0.376710 -0.892365 0.248544
    outer loop
      vertex 1.350000 2.338269 0.500000
      vertex 2.130656 2.160770 1.045930
      vertex 1.424217 2.466817 1.074025
    endloop
  endfacet
  facet normal -0.279518 -0.705033 0.651765
    outer loop
      vertex 1.424217 2.466817 1.074025
      vertex 2.130656 2.160770 1.045930
      vertex 2.331665 2.508928 1.508748
    endloop
  endfacet
  facet normal -0.279518 -0.705033 0.651765
    outer loop
      vertex 1.424217 2.466817 1.074025
      vertex 2.331665 2.508928 1.508748
      vertex 1.635571 2.832892 1.560660
    endloop
  endfacet
  facet normal -0.140643 -0.443998 0.884921
    outer loop
      vertex 1.635571 2.832892 1.560660
      vertex 2.331665 2.508928 1.508748
      vertex 2.632496 3.029983 1.817992
    endloop
  endfacet
  facet normal -0.140643 -0.443998 0.884921
    outer loop
      vertex 1.635571 2.832892 1.560660
      vertex 2.632496 3.029983 1.817992
      vertex 1.951884 3.380762 1.885819
    endloop
  endfacet
  facet normal 0.006520 -0.177631 0.984076
    outer loop
      vertex 1.951884 3.380762 1.885819
      vertex 2.632496 3.029983 1.817992
      vertex 2.987351 3.644610 1.926585
    endloop
  endfacet
  facet normal 0.006520 -0.177631 0.984076
    outer loop
      vertex 1.951884 3.380762 1.885819
      vertex 2.987351 3.644610 1.926585
      vertex 2.325000 4.027018 2.000000
    endloop
  endfacet
  facet normal 0.157093 0.083169 0.984076
    outer loop
      vertex 2.325000 4.027018 2.000000
      vertex 2.987351 3.644610 1.926585
      vertex 3.342206 4.259236 1.817992
    endloop
  endfacet
  facet normal 0.157093 0.083169 0.984076
    outer loop
      vertex 2.325000 4.027018 2.000000
      vertex 3.342206 4.259236 1.817992
      vertex 2.698116 4.673275 1.885819
    endloop
  endfacet
  facet normal 0.314192 0.343799 0.884921
    outer loop
      vertex 2.698116 4.673275 1.885819
      vertex 3.342206 4.259236 1.817992
      vertex 3.643037 4.780291 1.508748
    endloop
  endfacet
  facet normal 0.314192 0.343799 0.884921
    outer loop
      vertex 2.698116 4.673275 1.885819
      vertex 3.643037 4.780291 1.508748
      vertex 3.014429 5.221144 1.560660
    endloop
  endfacet
  facet normal 0.470818 0.594586 0.651765
    outer loop
      vertex 3.014429 5.221144 1.560660
      vertex 3.643037 4.780291 1.508748
      vertex 3.844046 5.128449 1.045930
    endloop
  endfacet
  facet normal 0.470818 0.594586 0.651765
    outer loop
      vertex 3.014429 5.221144 1.560660
      vertex 3.844046 5.128449 1.045930
      vertex 3.225783 5.587219 1.074025
    endloop
  endfacet
  facet normal 0.584456 0.772423 0.248544
    outer loop
      vertex 3.225783 5.587219 1.074025
      vertex 3.844046 5.128449 1.045930
      vertex 3.914631 5.250706 0.500000
    endloop
  endfacet
  facet normal 0.584456 0.772423 0.248544
    outer loop
      vertex 3.225783 5.587219 1.074025
      vertex 3.914631 5.250706 0.500000
      vertex 3.300000 5.715768 0.500000
    endloop
  endfacet
  facet normal -0.137470 -0.962627 0.233347
    outer loop
      vertex 2.060071 2.038513 0.500000
      vertex 2.796075 1.933407 0.500000
      vertex 2.856118 2.037405 0.964396
    endloop
  endfacet
  facet normal -0.137470 -0.962627 0.233347
    outer loop
      vertex 2.060071 2.038513 0.500000
      vertex 2.856118 2.037405 0.964396
      vertex 2.130656 2.160770 1.045930
    endloop
  endfacet
  facet normal -0.063913 -0.783967 0.617504
    outer loop
      vertex 2.130656 2.160770 1.045930
      vertex 2.856118 2.037405 0.964396
      vertex 3.027107 2.333565 1.358092
    endloop
  endfacet
  facet normal -0.063913 -0.783967 0.617504
    outer loop
      vertex 2.130656 2.160770 1.045930
      vertex 3.027107 2.333565 1.358092
      vertex 2.331665 2.508928 1.508748
    endloop
  endfacet
  facet normal 0.049468 -0.530720 0.846103
    outer loop
      vertex 2.331665 2.508928 1.508748
      vertex 3.027107 2.333565 1.358092
      vertex 3.283009 2.776801 1.621151
    endloop
  endfacet
  facet normal 0.049468 -0.530720 0.846103
    outer loop
      vertex 2.331665 2.508928 1.508748
      vertex 3.283009 2.776801 1.621151
      vertex 2.632496 3.029983 1.817992
    endloop
  endfacet
  facet normal 0.180508 -0.271255 0.945430
    outer loop
      vertex 2.632496 3.029983 1.817992
      vertex 3.283009 2.776801 1.621151
      vertex 3.584866 3.299634 1.713525
    endloop
  endfacet
  facet normal 0.180508 -0.271255 0.945430
    outer loop
      vertex 2.632496 3.029983 1.817992
      vertex 3.584866 3.299634 1.713525
      vertex 2.987351 3.644610 1.926585
    endloop
  endfacet
  facet normal 0.325168 -0.020697 0.945430
    outer loop
      vertex 2.987351 3.644610 1.926585
      vertex 3.584866 3.299634 1.713525
      vertex 3.886724 3.822466 1.621151
    endloop
  endfacet
  facet normal 0.325168 -0.020697 0.945430
    outer loop
      vertex 2.987351 3.644610 1.926585
      vertex 3.886724 3.822466 1.621151
      vertex 3.342206 4.259236 1.817992
    endloop
  endfacet
  facet normal 0.484350 0.222520 0.846103
    outer loop
      vertex 3.342206 4.259236 1.817992
      vertex 3.886724 3.822466 1.621151
      vertex 4.142626 4.265702 1.358092
    endloop
  endfacet
  facet normal 0.484350 0.222520 0.846103
    outer loop
      vertex 3.342206 4.259236 1.817992
      vertex 4.142626 4.265702 1.358092
      vertex 3.643037 4.780291 1.508748
    endloop
  endfacet
  facet normal 0.646979 0.447334 0.617504
    outer loop
      vertex 3.643037 4.780291 1.508748
      vertex 4.142626 4.265702 1.358092
      vertex 4.313615 4.561863 0.964396
    endloop
  endfacet
  facet normal 0.646979 0.447334 0.617504
    outer loop
      vertex 3.643037 4.780291 1.508748
      vertex 4.313615 4.561863 0.964396
      vertex 3.844046 5.128449 1.045930
    endloop
  endfacet
  facet normal 0.764925 0.600366 0.233347
    outer loop
      vertex 3.844046 5.128449 1.045930
      vertex 4.313615 4.561863 0.964396
      vertex 4.373658 4.665861 0.500000
    endloop
  endfacet
  facet normal 0.764925 0.600366 0.233347
    outer loop
      vertex 3.844046 5.128449 1.045930
      vertex 4.373658 4.665861 0.500000
      vertex 3.914631 5.250706 0.500000
    endloop
  endfacet
  facet normal 0.140347 -0.969887 0.199053
    outer loop
      vertex 2.796075 1.933407 0.500000
      vertex 3.485967 2.033238 0.500000
      vertex 3.529591 2.108796 0.837404
    endloop
  endfacet
  facet normal 0.140347 -0.969887 0.199053
    outer loop
      vertex 2.796075 1.933407 0.500000
      vertex 3.529591 2.108796 0.837404
      vertex 2.856118 2.037405 0.964396
    endloop
  endfacet
  facet normal 0.188403 -0.822390 0.536823
    outer loop
      vertex 2.856118 2.037405 0.964396
      vertex 3.529591 2.108796 0.837404
      vertex 3.653821 2.323970 1.123440
    endloop
  endfacet
  facet normal 0.188403 -0.822390 0.536823
    outer loop
      vertex 2.856118 2.037405 0.964396
      vertex 3.653821 2.323970 1.123440
      vertex 3.027107 2.333565 1.358092
    endloop
  endfacet
  facet normal 0.271788 -0.602356 0.750532
    outer loop
      vertex 3.027107 2.333565 1.358092
      vertex 3.653821 2.323970 1.123440
      vertex 3.839745 2.646000 1.314564
    endloop
  endfacet
  facet normal 0.271788 -0.602356 0.750532
    outer loop
      vertex 3.027107 2.333565 1.358092
      vertex 3.839745 2.646000 1.314564
      vertex 3.283009 2.776801 1.621151
    endloop
  endfacet
  facet normal 0.380195 -0.369325 0.847969
    outer loop
      vertex 3.283009 2.776801 1.621151
      vertex 3.839745 2.646000 1.314564
      vertex 4.059057 3.025860 1.381678
    endloop
  endfacet
  facet normal 0.380195 -0.369325 0.847969
    outer loop
      vertex 3.283009 2.776801 1.621151
      vertex 4.059057 3.025860 1.381678
      vertex 3.584866 3.299634 1.713525
    endloop
  endfacet
  facet normal 0.509942 -0.144596 0.847969
    outer loop
      vertex 3.584866 3.299634 1.713525
      vertex 4.059057 3.025860 1.381678
      vertex 4.278370 3.405720 1.314564
    endloop
  endfacet
  facet normal 0.509942 -0.144596 0.847969
    outer loop
      vertex 3.584866 3.299634 1.713525
      vertex 4.278370 3.405720 1.314564
      vertex 3.886724 3.822466 1.621151
    endloop
  endfacet
  facet normal 0.657550 0.065802 0.750532
    outer loop
      vertex 3.886724 3.822466 1.621151
      vertex 4.278370 3.405720 1.314564
      vertex 4.464294 3.727749 1.123440
    endloop
  endfacet
  facet normal 0.657550 0.065802 0.750532
    outer loop
      vertex 3.886724 3.822466 1.621151
      vertex 4.464294 3.727749 1.123440
      vertex 4.142626 4.265702 1.358092
    endloop
  endfacet
  facet normal 0.806412 0.248033 0.536823
    outer loop
      vertex 4.142626 4.265702 1.358092
      vertex 4.464294 3.727749 1.123440
      vertex 4.588524 3.942923 0.837404
    endloop
  endfacet
  facet normal 0.806412 0.248033 0.536823
    outer loop
      vertex 4.142626 4.265702 1.358092
      vertex 4.588524 3.942923 0.837404
      vertex 4.313615 4.561863 0.964396
    endloop
  endfacet
  facet normal 0.910120 0.363399 0.199053
    outer loop
      vertex 4.313615 4.561863 0.964396
      vertex 4.588524 3.942923 0.837404
      vertex 4.632148 4.018482 0.500000
    endloop
  endfacet
  facet normal 0.910120 0.363399 0.199053
    outer loop
      vertex 4.313615 4.561863 0.964396
      vertex 4.632148 4.018482 0.500000
      vertex 4.373658 4.665861 0.500000
    endloop
  endfacet
  facet normal 0.451258 -0.881492 0.139059
    outer loop
      vertex 3.485967 2.033238 0.500000
      vertex 4.062215 2.328233 0.500000
      vertex 4.085150 2.367957 0.677384
    endloop
  endfacet
  facet normal 0.451258 -0.881492 0.139059
    outer loop
      vertex 3.485967 2.033238 0.500000
      vertex 4.085150 2.367957 0.677384
      vertex 3.529591 2.108796 0.837404
    endloop
  endfacet
  facet normal 0.478935 -0.788756 0.385339
    outer loop
      vertex 3.529591 2.108796 0.837404
      vertex 4.085150 2.367957 0.677384
      vertex 4.150461 2.481080 0.827762
    endloop
  endfacet
  facet normal 0.478935 -0.788756 0.385339
    outer loop
      vertex 3.529591 2.108796 0.837404
      vertex 4.150461 2.481080 0.827762
      vertex 3.653821 2.323970 1.123440
    endloop
  endfacet
  facet normal 0.532872 -0.637743 0.556176
    outer loop
      vertex 3.653821 2.323970 1.123440
      vertex 4.150461 2.481080 0.827762
      vertex 4.248207 2.650381 0.928242
    endloop
  endfacet
  facet normal 0.532872 -0.637743 0.556176
    outer loop
      vertex 3.653821 2.323970 1.123440
      vertex 4.248207 2.650381 0.928242
      vertex 3.839745 2.646000 1.314564
    endloop
  endfacet
  facet normal 0.610701 -0.465737 0.640417
    outer loop
      vertex 3.839745 2.646000 1.314564
      vertex 4.248207 2.650381 0.928242
      vertex 4.363507 2.850086 0.963525
    endloop
  endfacet
  facet normal 0.610701 -0.465737 0.640417
    outer loop
      vertex 3.839745 2.646000 1.314564
      vertex 4.363507 2.850086 0.963525
      vertex 4.059057 3.025860 1.381678
    endloop
  endfacet
  facet normal 0.708690 -0.296014 0.640417
    outer loop
      vertex 4.059057 3.025860 1.381678
      vertex 4.363507 2.850086 0.963525
      vertex 4.478806 3.049790 0.928242
    endloop
  endfacet
  facet normal 0.708690 -0.296014 0.640417
    outer loop
      vertex 4.059057 3.025860 1.381678
      vertex 4.478806 3.049790 0.928242
      vertex 4.278370 3.405720 1.314564
    endloop
  endfacet
  facet normal 0.818737 -0.142609 0.556176
    outer loop
      vertex 4.278370 3.405720 1.314564
      vertex 4.478806 3.049790 0.928242
      vertex 4.576552 3.219091 0.827762
    endloop
  endfacet
  facet normal 0.818737 -0.142609 0.556176
    outer loop
      vertex 4.278370 3.405720 1.314564
      vertex 4.576552 3.219091 0.827762
      vertex 4.464294 3.727749 1.123440
    endloop
  endfacet
  facet normal 0.922550 -0.020392 0.385339
    outer loop
      vertex 4.464294 3.727749 1.123440
      vertex 4.576552 3.219091 0.827762
      vertex 4.641864 3.332214 0.677384
    endloop
  endfacet
  facet normal 0.922550 -0.020392 0.385339
    outer loop
      vertex 4.464294 3.727749 1.123440
      vertex 4.641864 3.332214 0.677384
      vertex 4.588524 3.942923 0.837404
    endloop
  endfacet
  facet normal 0.989024 0.049945 0.139059
    outer loop
      vertex 4.588524 3.942923 0.837404
      vertex 4.641864 3.332214 0.677384
      vertex 4.664798 3.371938 0.500000
    endloop
  endfacet
  facet normal 0.989024 0.049945 0.139059
    outer loop
      vertex 4.588524 3.942923 0.837404
      vertex 4.664798 3.371938 0.500000
      vertex 4.632148 4.018482 0.500000
    endloop
  endfacet
  facet normal 0.000000 0.000000 1.000000
    outer loop
      vertex 4.062215 2.328233 0.500000
      vertex 4.468413 2.789518 0.500000
      vertex 4.468413 2.789518 0.500000
    endloop
  endfacet
  facet normal 0.749525 -0.660016 0.050897
    outer loop
      vertex 4.062215 2.328233 0.500000
      vertex 4.468413 2.789518 0.500000
      vertex 4.085150 2.367957 0.677384
    endloop
  endfacet
  facet normal 0.000000 0.000000 1.000000
    outer loop
      vertex 4.085150 2.367957 0.677384
      vertex 4.468413 2.789518 0.500000
      vertex 4.468413 2.789518 0.500000
    endloop
  endfacet
  facet normal 0.761650 -0.631695 0.144401
    outer loop
      vertex 4.085150 2.367957 0.677384
      vertex 4.468413 2.789518 0.500000
      vertex 4.150461 2.481080 0.827762
    endloop
  endfacet
  facet normal 0.000000 0.000000 1.000000
    outer loop
      vertex 4.150461 2.481080 0.827762
      vertex 4.468413 2.789518 0.500000
      vertex 4.468413 2.789518 0.500000
    endloop
  endfacet
  facet normal 0.785098 -0.580866 0.214979
    outer loop
      vertex 4.150461 2.481080 0.827762
      vertex 4.468413 2.789518 0.500000
      vertex 4.248207 2.650381 0.928242
    endloop
  endfacet
  facet normal 0.000000 0.000000 1.000000
    outer loop
      vertex 4.248207 2.650381 0.928242
      vertex 4.468413 2.789518 0.500000
      vertex 4.468413 2.789518 0.500000
    endloop
  endfacet
  facet normal 0.817930 -0.516871 0.252654
    outer loop
      vertex 4.248207 2.650381 0.928242
      vertex 4.468413 2.789518 0.500000
      vertex 4.363507 2.850086 0.963525
    endloop
  endfacet
  facet normal 0.000000 0.000000 1.000000
    outer loop
      vertex 4.363507 2.850086 0.963525
      vertex 4.468413 2.789518 0.500000
      vertex 4.468413 2.789518 0.500000
    endloop
  endfacet
  facet normal 0.856589 -0.449913 0.252654
    outer loop
      vertex 4.363507 2.850086 0.963525
      vertex 4.468413 2.789518 0.500000
      vertex 4.478806 3.049790 0.928242
    endloop
  endfacet
  facet normal 0.000000 0.000000 1.000000
    outer loop
      vertex 4.478806 3.049790 0.928242
      vertex 4.468413 2.789518 0.500000
      vertex 4.468413 2.789518 0.500000
    endloop
  endfacet
  facet normal 0.895594 -0.389482 0.214979
    outer loop
      vertex 4.478806 3.049790 0.928242
      vertex 4.468413 2.789518 0.500000
      vertex 4.576552 3.219091 0.827762
    endloop
  endfacet
  facet normal 0.000000 0.000000 1.000000
    outer loop
      vertex 4.576552 3.219091 0.827762
      vertex 4.468413 2.789518 0.500000
      vertex 4.468413 2.789518 0.500000
    endloop
  endfacet
  facet normal 0.927889 -0.343760 0.144401
    outer loop
      vertex 4.576552 3.219091 0.827762
      vertex 4.468413 2.789518 0.500000
      vertex 4.641864 3.332214 0.677384
    endloop
  endfacet
  facet normal 0.000000 0.000000 1.000000
    outer loop
      vertex 4.641864 3.332214 0.677384
      vertex 4.468413 2.789518 0.500000
      vertex 4.468413 2.789518 0.500000
    endloop
  endfacet
  facet normal 0.946353 -0.319100 0.050897
    outer loop
      vertex 4.641864 3.332214 0.677384
      vertex 4.468413 2.789518 0.500000
      vertex 4.664798 3.371938 0.500000
    endloop
  endfacet
  facet normal -0.749525 -0.660016 0.050897
    outer loop
      vertex -4.468413 2.789518 0.500000
      vertex -4.062215 2.328233 0.500000
      vertex -4.085150 2.367957 0.677384
    endloop
  endfacet
  facet normal 0.000000 0.000000 1.000000
    outer loop
      vertex -4.468413 2.789518 0.500000
      vertex -4.085150 2.367957 0.677384
      vertex -4.468413 2.789518 0.500000
    endloop
  endfacet
  facet normal -0.761650 -0.631695 0.144401
    outer loop
      vertex -4.468413 2.789518 0.500000
      vertex -4.085150 2.367957 0.677384
      vertex -4.150461 2.481080 0.827762
    endloop
  endfacet
  facet normal 0.000000 0.000000 1.000000
    outer loop
      vertex -4.468413 2.789518 0.500000
      vertex -4.150461 2.481080 0.827762
      vertex -4.468413 2.789518 0.500000
    endloop
  endfacet
  facet normal -0.785098 -0.580866 0.214979
    outer loop
      vertex -4.468413 2.789518 0.500000
      vertex -4.150461 2.481080 0.827762
      vertex -4.248207 2.650381 0.928242
    endloop
  endfacet
  facet normal 0.000000 0.000000 1.000000
    outer loop
      vertex -4.468413 2.789518 0.500000
      vertex -4.248207 2.650381 0.928242
      vertex -4.468413 2.789518 0.500000
    endloop
  endfacet
  facet normal -0.817930 -0.516871 0.252654
    outer loop
      vertex -4.468413 2.789518 0.500000
      vertex -4.248207 2.650381 0.928242
      vertex -4.363507 2.850086 0.963525
    endloop
  endfacet
  facet normal 0.000000 0.000000 1.000000
    outer loop
      vertex -4.468413 2.789518 0.500000
      vertex -4.363507 2.850086 0.963525
      vertex -4.468413 2.789518 0.500000
    endloop
  endfacet
  facet normal -0.856589 -0.449913 0.252654
    outer loop
      vertex -4.468413 2.789518 0.500000
      vertex -4.363507 2.850086 0.963525
      vertex -4.478806 3.049790 0.928242
    endloop
  endfacet
  facet normal 0.000000 0.000000 1.000000
    outer loop
      vertex -4.468413 2.789518 0.500000
      vertex -4.478806 3.049790 0.928242
      vertex -4.468413 2.789518 0.500000
    endloop
  endfacet
  facet normal -0.895594 -0.389482 0.214979
    outer loop
      vertex -4.468413 2.789518 0.500000
      vertex -4.478806 3.049790 0.928242
      vertex -4.576552 3.219091 0.827762
    endloop
  endfacet
  facet normal 0.000000 0.000000 1.000000
    outer loop
      vertex -4.468413 2.789518 0.500000
      vertex -4.576552 3.219091 0.827762
      vertex -4.468413 2.789518 0.500000
    endloop
  endfacet
  facet normal -0.927889 -0.343760 0.144401
    outer loop
      vertex -4.468413 2.789518 0.500000
      vertex -4.576552 3.219091 0.827762
      vertex -4.641864 3.332214 0.677384
    endloop
  endfacet
  facet normal 0.000000 0.000000 1.000000
    outer loop
      vertex -4.468413 2.789518 0.500000
      vertex -4.641864 3.332214 0.677384
      vertex -4.468413 2.789518 0.500000
    endloop
  endfacet
  facet normal -0.946353 -0.319100 0.050897
    outer loop
      vertex -4.468413 2.789518 0.500000
      vertex -4.641864 3.332214 0.677384
      vertex -4.664798 3.371938 0.500000
    endloop
  endfacet
  facet normal 0.000000 0.000000 1.000000
    outer loop
      vertex -4.468413 2.789518 0.500000
      vertex -4.664798 3.371938 0.500000
      vertex -4.468413 2.789518 0.500000
    endloop
  endfacet
  facet normal -0.451258 -0.881492 0.139059
    outer loop
      vertex -4.062215 2.328233 0.500000
      vertex -3.485967 2.033238 0.500000
      vertex -3.529591 2.108796 0.837404
    endloop
  endfacet
  facet normal -0.451258 -0.881492 0.139059
    outer loop
      vertex -4.062215 2.328233 0.500000
      vertex -3.529591 2.108796 0.837404
      vertex -4.085150 2.367957 0.677384
    endloop
  endfacet
  facet normal -0.478935 -0.788756 0.385339
    outer loop
      vertex -4.085150 2.367957 0.677384
      vertex -3.529591 2.108796 0.837404
      vertex -3.653821 2.323970 1.123440
    endloop
  endfacet
  facet normal -0.478935 -0.788756 0.385339
    outer loop
      vertex -4.085150 2.367957 0.677384
      vertex -3.653821 2.323970 1.123440
      vertex -4.150461 2.481080 0.827762
    endloop
  endfacet
  facet normal -0.532872 -0.637743 0.556176
    outer loop
      vertex -4.150461 2.481080 0.827762
      vertex -3.653821 2.323970 1.123440
      vertex -3.839745 2.646000 1.314564
    endloop
  endfacet
  facet normal -0.532872 -0.637743 0.556176
    outer loop
      vertex -4.150461 2.481080 0.827762
      vertex -3.839745 2.646000 1.314564
      vertex -4.248207 2.650381 0.928242
    endloop
  endfacet
  facet normal -0.610701 -0.465737 0.640417
    outer loop
      vertex -4.248207 2.650381 0.928242
      vertex -3.839745 2.646000 1.314564
      vertex -4.059057 3.025860 1.381678
    endloop
  endfacet
  facet normal -0.610701 -0.465737 0.640417
    outer loop
      vertex -4.248207 2.650381 0.928242
      vertex -4.059057 3.025860 1.381678
      vertex -4.363507 2.850086 0.963525
    endloop
  endfacet
  facet normal -0.708690 -0.296014 0.640417
    outer loop
      vertex -4.363507 2.850086 0.963525
      vertex -4.059057 3.025860 1.381678
      vertex -4.278370 3.405720 1.314564
    endloop
  endfacet
  facet normal -0.708690 -0.296014 0.640417
    outer loop
      vertex -4.363507 2.850086 0.963525
      vertex -4.278370 3.405720 1.314564
      vertex -4.478806 3.049790 0.928242
    endloop
  endfacet
  facet normal -0.818737 -0.142609 0.556176
    outer loop
      vertex -4.478806 3.049790 0.928242
      vertex -4.278370 3.405720 1.314564
      vertex -4.464294 3.727749 1.123440
    endloop
  endfacet
  facet normal -0.818737 -0.142609 0.556176
    outer loop
      vertex -4.478806 3.049790 0.928242
      vertex -4.464294 3.727749 1.123440
      vertex -4.576552 3.219091 0.827762
    endloop
  endfacet
  facet normal -0.922550 -0.020392 0.385339
    outer loop
      vertex -4.576552 3.219091 0.827762
      vertex -4.464294 3.727749 1.123440
      vertex -4.588524 3.942923 0.837404
    endloop
  endfacet
  facet normal -0.922550 -0.020392 0.385339
    outer loop
      vertex -4.576552 3.219091 0.827762
      vertex -4.588524 3.942923 0.837404
      vertex -4.641864 3.332214 0.677384
    endloop
  endfacet
  facet normal -0.989024 0.049945 0.139059
    outer loop
      vertex -4.641864 3.332214 0.677384
      vertex -4.588524 3.942923 0.837404
      vertex -4.632148 4.018482 0.500000
    endloop
  endfacet
  facet normal -0.989024 0.049945 0.139059
    outer loop
      vertex -4.641864 3.332214 0.677384
      vertex -4.632148 4.018482 0.500000
      vertex -4.664798 3.371938 0.500000
    endloop
  endfacet
  facet normal -0.140347 -0.969887 0.199053
    outer loop
      vertex -3.485967 2.033238 0.500000
      vertex -2.796075 1.933407 0.500000
      vertex -2.856118 2.037405 0.964396
    endloop
  endfacet
  facet normal -0.140347 -0.969887 0.199053
    outer loop
      vertex -3.485967 2.033238 0.500000
      vertex -2.856118 2.037405 0.964396
      vertex -3.529591 2.108796 0.837404
    endloop
  endfacet
  facet normal -0.188403 -0.822390 0.536823
    outer loop
      vertex -3.529591 2.108796 0.837404
      vertex -2.856118 2.037405 0.964396
      vertex -3.027107 2.333565 1.358092
    endloop
  endfacet
  facet normal -0.188403 -0.822390 0.536823
    outer loop
      vertex -3.529591 2.108796 0.837404
      vertex -3.027107 2.333565 1.358092
      vertex -3.653821 2.323970 1.123440
    endloop
  endfacet
  facet normal -0.271788 -0.602356 0.750532
    outer loop
      vertex -3.653821 2.323970 1.123440
      vertex -3.027107 2.333565 1.358092
      vertex -3.283009 2.776801 1.621151
    endloop
  endfacet
  facet normal -0.271788 -0.602356 0.750532
    outer loop
      vertex -3.653821 2.323970 1.123440
      vertex -3.283009 2.776801 1.621151
      vertex -3.839745 2.646000 1.314564
    endloop
  endfacet
  facet normal -0.380195 -0.369325 0.847969
    outer loop
      vertex -3.839745 2.646000 1.314564
      vertex -3.283009 2.776801 1.621151
      vertex -3.584866 3.299634 1.713525
    endloop
  endfacet
  facet normal -0.380195 -0.369325 0.847969
    outer loop
      vertex -3.839745 2.646000 1.314564
      vertex -3.584866 3.299634 1.713525
      vertex -4.059057 3.025860 1.381678
    endloop
  endfacet
  facet normal -0.509942 -0.144596 0.847969
    outer loop
      vertex -4.059057 3.025860 1.381678
      vertex -3.584866 3.299634 1.713525
      vertex -3.886724 3.822466 1.621151
    endloop
  endfacet
  facet normal -0.509942 -0.144596 0.847969
    outer loop
      vertex -4.059057 3.025860 1.381678
      vertex -3.886724 3.822466 1.621151
      vertex -4.278370 3.405720 1.314564
    endloop
  endfacet
  facet normal -0.657550 0.065802 0.750532
    outer loop
      vertex -4.278370 3.405720 1.314564
      vertex -3.886724 3.822466 1.621151
      vertex -4.142626 4.265702 1.358092
    endloop
  endfacet
  facet normal -0.657550 0.065802 0.750532
    outer loop
      vertex -4.278370 3.405720 1.314564
      vertex -4.142626 4.265702 1.358092
      vertex -4.464294 3.727749 1.123440
    endloop
  endfacet
  facet normal -0.806412 0.248033 0.536823
    outer loop
      vertex -4.464294 3.727749 1.123440
      vertex -4.142626 4.265702 1.358092
      vertex -4.313615 4.561863 0.964396
    endloop
  endfacet
  facet normal -0.806412 0.248033 0.536823
    outer loop
      vertex -4.464294 3.727749 1.123440
      vertex -4.313615 4.561863 0.964396
      vertex -4.588524 3.942923 0.837404
    endloop
  endfacet
  facet normal -0.910120 0.363399 0.199053
    outer loop
      vertex -4.588524 3.942923 0.837404
      vertex -4.313615 4.561863 0.964396
      vertex -4.373658 4.665861 0.500000
    endloop
  endfacet
  facet normal -0.910120 0.363399 0.199053
    outer loop
      vertex -4.588524 3.942923 0.837404
      vertex -4.373658 4.665861 0.500000
      vertex -4.632148 4.018482 0.500000
    endloop
  endfacet
  facet normal 0.137470 -0.962627 0.233347
    outer loop
      vertex -2.796075 1.933407 0.500000
      vertex -2.060071 2.038513 0.500000
      vertex -2.130656 2.160770 1.045930
    endloop
  endfacet
  facet normal 0.137470 -0.962627 0.233347
    outer loop
      vertex -2.796075 1.933407 0.500000
      vertex -2.130656 2.160770 1.045930
      vertex -2.856118 2.037405 0.964396
    endloop
  endfacet
  facet normal 0.063913 -0.783967 0.617504
    outer loop
      vertex -2.856118 2.037405 0.964396
      vertex -2.130656 2.160770 1.045930
      vertex -2.331665 2.508928 1.508748
    endloop
  endfacet
  facet normal 0.063913 -0.783967 0.617504
    outer loop
      vertex -2.856118 2.037405 0.964396
      vertex -2.331665 2.508928 1.508748
      vertex -3.027107 2.333565 1.358092
    endloop
  endfacet
  facet normal -0.049468 -0.530720 0.846103
    outer loop
      vertex -3.027107 2.333565 1.358092
      vertex -2.331665 2.508928 1.508748
      vertex -2.632496 3.029983 1.817992
    endloop
  endfacet
  facet normal -0.049468 -0.530720 0.846103
    outer loop
      vertex -3.027107 2.333565 1.358092
      vertex -2.632496 3.029983 1.817992
      vertex -3.283009 2.776801 1.621151
    endloop
  endfacet
  facet normal -0.180508 -0.271255 0.945430
    outer loop
      vertex -3.283009 2.776801 1.621151
      vertex -2.632496 3.029983 1.817992
      vertex -2.987351 3.644610 1.926585
    endloop
  endfacet
  facet normal -0.180508 -0.271255 0.945430
    outer loop
      vertex -3.283009 2.776801 1.621151
      vertex -2.987351 3.644610 1.926585
      vertex -3.584866 3.299634 1.713525
    endloop
  endfacet
  facet normal -0.325168 -0.020697 0.945430
    outer loop
      vertex -3.584866 3.299634 1.713525
      vertex -2.987351 3.644610 1.926585
      vertex -3.342206 4.259236 1.817992
    endloop
  endfacet
  facet normal -0.325168 -0.020697 0.945430
    outer loop
      vertex -3.584866 3.299634 1.713525
      vertex -3.342206 4.259236 1.817992
      vertex -3.886724 3.822466 1.621151
    endloop
  endfacet
  facet normal -0.484350 0.222520 0.846103
    outer loop
      vertex -3.886724 3.822466 1.621151
      vertex -3.342206 4.259236 1.817992
      vertex -3.643037 4.780291 1.508748
    endloop
  endfacet
  facet normal -0.484350 0.222520 0.846103
    outer loop
      vertex -3.886724 3.822466 1.621151
      vertex -3.643037 4.780291 1.508748
      vertex -4.142626 4.265702 1.358092
    endloop
  endfacet
  facet normal -0.646979 0.447334 0.617504
    outer loop
      vertex -4.142626 4.265702 1.358092
      vertex -3.643037 4.780291 1.508748
      vertex -3.844046 5.128449 1.045930
    endloop
  endfacet
  facet normal -0.646979 0.447334 0.617504
    outer loop
      vertex -4.142626 4.265702 1.358092
      vertex -3.844046 5.128449 1.045930
      vertex -4.313615 4.561863 0.964396
    endloop
  endfacet
  facet normal -0.764925 0.600366 0.233347
    outer loop
      vertex -4.313615 4.561863 0.964396
      vertex -3.844046 5.128449 1.045930
      vertex -3.914631 5.250706 0.500000
    endloop
  endfacet
  facet normal -0.764925 0.600366 0.233347
    outer loop
      vertex -4.313615 4.561863 0.964396
      vertex -3.914631 5.250706 0.500000
      vertex -4.373658 4.665861 0.500000
    endloop
  endfacet
  facet normal 0.376710 -0.892365 0.248544
    outer loop
      vertex -2.060071 2.038513 0.500000
      vertex -1.350000 2.338269 0.500000
      vertex -1.424217 2.466817 1.074025
    endloop
  endfacet
  facet normal 0.376710 -0.892365 0.248544
    outer loop
      vertex -2.060071 2.038513 0.500000
      vertex -1.424217 2.466817 1.074025
      vertex -2.130656 2.160770 1.045930
    endloop
  endfacet
  facet normal 0.279518 -0.705033 0.651765
    outer loop
      vertex -2.130656 2.160770 1.045930
      vertex -1.424217 2.466817 1.074025
      vertex -1.635571 2.832892 1.560660
    endloop
  endfacet
  facet normal 0.279518 -0.705033 0.651765
    outer loop
      vertex -2.130656 2.160770 1.045930
      vertex -1.635571 2.832892 1.560660
      vertex -2.331665 2.508928 1.508748
    endloop
  endfacet
  facet normal 0.140643 -0.443998 0.884921
    outer loop
      vertex -2.331665 2.508928 1.508748
      vertex -1.635571 2.832892 1.560660
      vertex -1.951884 3.380762 1.885819
    endloop
  endfacet
  facet normal 0.140643 -0.443998 0.884921
    outer loop
      vertex -2.331665 2.508928 1.508748
      vertex -1.951884 3.380762 1.885819
      vertex -2.632496 3.029983 1.817992
    endloop
  endfacet
  facet normal -0.006520 -0.177631 0.984076
    outer loop
      vertex -2.632496 3.029983 1.817992
      vertex -1.951884 3.380762 1.885819
      vertex -2.325000 4.027018 2.000000
    endloop
  endfacet
  facet normal -0.006520 -0.177631 0.984076
    outer loop
      vertex -2.632496 3.029983 1.817992
      vertex -2.325000 4.027018 2.000000
      vertex -2.987351 3.644610 1.926585
    endloop
  endfacet
  facet normal -0.157093 0.083169 0.984076
    outer loop
      vertex -2.987351 3.644610 1.926585
      vertex -2.325000 4.027018 2.000000
      vertex -2.698116 4.673275 1.885819
    endloop
  endfacet
  facet normal -0.157093 0.083169 0.984076
    outer loop
      vertex -2.987351 3.644610 1.926585
      vertex -2.698116 4.673275 1.885819
      vertex -3.342206 4.259236 1.817992
    endloop
  endfacet
  facet normal -0.314192 0.343799 0.884921
    outer loop
      vertex -3.342206 4.259236 1.817992
      vertex -2.698116 4.673275 1.885819
      vertex -3.014429 5.221144 1.560660
    endloop
  endfacet
  facet normal -0.314192 0.343799 0.884921
    outer loop
      vertex -3.342206 4.259236 1.817992
      vertex -3.014429 5.221144 1.560660
      vertex -3.643037 4.780291 1.508748
    endloop
  endfacet
  facet normal -0.470818 0.594586 0.651765
    outer loop
      vertex -3.643037 4.780291 1.508748
      vertex -3.014429 5.221144 1.560660
      vertex -3.225783 5.587219 1.074025
    endloop
  endfacet
  facet normal -0.470818 0.594586 0.651765
    outer loop
      vertex -3.643037 4.780291 1.508748
      vertex -3.225783 5.587219 1.074025
      vertex -3.844046 5.128449 1.045930
    endloop
  endfacet
  facet normal -0.584456 0.772423 0.248544
    outer loop
      vertex -3.844046 5.128449 1.045930
      vertex -3.225783 5.587219 1.074025
      vertex -3.300000 5.715768 0.500000
    endloop
  endfacet
  facet normal -0.584456 0.772423 0.248544
    outer loop
      vertex -3.844046 5.128449 1.045930
      vertex -3.300000 5.715768 0.500000
      vertex -3.914631 5.250706 0.500000
    endloop
  endfacet
  facet normal 0.584456 -0.772423 0.248544
    outer loop
      vertex -1.350000 2.338269 0.500000
      vertex -0.735369 2.803330 0.500000
      vertex -0.805954 2.925587 1.045930
    endloop
  endfacet
  facet normal 0.584456 -0.772423 0.248544
    outer loop
      vertex -1.350000 2.338269 0.500000
      vertex -0.805954 2.925587 1.045930
      vertex -1.424217 2.466817 1.074025
    endloop
  endfacet
  facet normal 0.470818 -0.594586 0.651765
    outer loop
      vertex -1.424217 2.466817 1.074025
      vertex -0.805954 2.925587 1.045930
      vertex -1.006963 3.273745 1.508748
    endloop
  endfacet
  facet normal 0.470818 -0.594586 0.651765
    outer loop
      vertex -1.424217 2.466817 1.074025
      vertex -1.006963 3.273745 1.508748
      vertex -1.635571 2.832892 1.560660
    endloop
  endfacet
  facet normal 0.314192 -0.343799 0.884921
    outer loop
      vertex -1.635571 2.832892 1.560660
      vertex -1.006963 3.273745 1.508748
      vertex -1.307794 3.794800 1.817992
    endloop
  endfacet
  facet normal 0.314192 -0.343799 0.884921
    outer loop
      vertex -1.635571 2.832892 1.560660
      vertex -1.307794 3.794800 1.817992
      vertex -1.951884 3.380762 1.885819
    endloop
  endfacet
  facet normal 0.157093 -0.083169 0.984076
    outer loop
      vertex -1.951884 3.380762 1.885819
      vertex -1.307794 3.794800 1.817992
      vertex -1.662649 4.409427 1.926585
    endloop
  endfacet
  facet normal 0.157093 -0.083169 0.984076
    outer loop
      vertex -1.951884 3.380762 1.885819
      vertex -1.662649 4.409427 1.926585
      vertex -2.325000 4.027018 2.000000
    endloop
  endfacet
  facet normal 0.006520 0.177631 0.984076
    outer loop
      vertex -2.325000 4.027018 2.000000
      vertex -1.662649 4.409427 1.926585
      vertex -2.017504 5.024053 1.817992
    endloop
  endfacet
  facet normal 0.006520 0.177631 0.984076
    outer loop
      vertex -2.325000 4.027018 2.000000
      vertex -2.017504 5.024053 1.817992
      vertex -2.698116 4.673275 1.885819
    endloop
  endfacet
  facet normal -0.140643 0.443998 0.884921
    outer loop
      vertex -2.698116 4.673275 1.885819
      vertex -2.017504 5.024053 1.817992
      vertex -2.318335 5.545108 1.508748
    endloop
  endfacet
  facet normal -0.140643 0.443998 0.884921
    outer loop
      vertex -2.698116 4.673275 1.885819
      vertex -2.318335 5.545108 1.508748
      vertex -3.014429 5.221144 1.560660
    endloop
  endfacet
  facet normal -0.279518 0.705033 0.651765
    outer loop
      vertex -3.014429 5.221144 1.560660
      vertex -2.318335 5.545108 1.508748
      vertex -2.519344 5.893266 1.045930
    endloop
  endfacet
  facet normal -0.279518 0.705033 0.651765
    outer loop
      vertex -3.014429 5.221144 1.560660
      vertex -2.519344 5.893266 1.045930
      vertex -3.225783 5.587219 1.074025
    endloop
  endfacet
  facet normal -0.376710 0.892365 0.248544
    outer loop
      vertex -3.225783 5.587219 1.074025
      vertex -2.519344 5.893266 1.045930
      vertex -2.589929 6.015523 0.500000
    endloop
  endfacet
  facet normal -0.376710 0.892365 0.248544
    outer loop
      vertex -3.225783 5.587219 1.074025
      vertex -2.589929 6.015523 0.500000
      vertex -3.300000 5.715768 0.500000
    endloop
  endfacet
  facet normal 0.764925 -0.600366 0.233347
    outer loop
      vertex -0.735369 2.803330 0.500000
      vertex -0.276342 3.388175 0.500000
      vertex -0.336385 3.492173 0.964396
    endloop
  endfacet
  facet normal 0.764925 -0.600366 0.233347
    outer loop
      vertex -0.735369 2.803330 0.500000
      vertex -0.336385 3.492173 0.964396
      vertex -0.805954 2.925587 1.045930
    endloop
  endfacet
  facet normal 0.646979 -0.447334 0.617504
    outer loop
      vertex -0.805954 2.925587 1.045930
      vertex -0.336385 3.492173 0.964396
      vertex -0.507374 3.788334 1.358092
    endloop
  endfacet
  facet normal 0.646979 -0.447334 0.617504
    outer loop
      vertex -0.805954 2.925587 1.045930
      vertex -0.507374 3.788334 1.358092
      vertex -1.006963 3.273745 1.508748
    endloop
  endfacet
  facet normal 0.484350 -0.222520 0.846103
    outer loop
      vertex -1.006963 3.273745 1.508748
      vertex -0.507374 3.788334 1.358092
      vertex -0.763276 4.231570 1.621151
    endloop
  endfacet
  facet normal 0.484350 -0.222520 0.846103
    outer loop
      vertex -1.006963 3.273745 1.508748
      vertex -0.763276 4.231570 1.621151
      vertex -1.307794 3.794800 1.817992
    endloop
  endfacet
  facet normal 0.325168 0.020697 0.945430
    outer loop
      vertex -1.307794 3.794800 1.817992
      vertex -0.763276 4.231570 1.621151
      vertex -1.065134 4.754402 1.713525
    endloop
  endfacet
  facet normal 0.325168 0.020697 0.945430
    outer loop
      vertex -1.307794 3.794800 1.817992
      vertex -1.065134 4.754402 1.713525
      vertex -1.662649 4.409427 1.926585
    endloop
  endfacet
  facet normal 0.180508 0.271255 0.945430
    outer loop
      vertex -1.662649 4.409427 1.926585
      vertex -1.065134 4.754402 1.713525
      vertex -1.366991 5.277235 1.621151
    endloop
  endfacet
  facet normal 0.180508 0.271255 0.945430
    outer loop
      vertex -1.662649 4.409427 1.926585
      vertex -1.366991 5.277235 1.621151
      vertex -2.017504 5.024053 1.817992
    endloop
  endfacet
  facet normal 0.049468 0.530720 0.846103
    outer loop
      vertex -2.017504 5.024053 1.817992
      vertex -1.366991 5.277235 1.621151
      vertex -1.622893 5.720471 1.358092
    endloop
  endfacet
  facet normal 0.049468 0.530720 0.846103
    outer loop
      vertex -2.017504 5.024053 1.817992
      vertex -1.622893 5.720471 1.358092
      vertex -2.318335 5.545108 1.508748
    endloop
  endfacet
  facet normal -0.063913 0.783967 0.617504
    outer loop
      vertex -2.318335 5.545108 1.508748
      vertex -1.622893 5.720471 1.358092
      vertex -1.793882 6.016632 0.964396
    endloop
  endfacet
  facet normal -0.063913 0.783967 0.617504
    outer loop
      vertex -2.318335 5.545108 1.508748
      vertex -1.793882 6.016632 0.964396
      vertex -2.519344 5.893266 1.045930
    endloop
  endfacet
  facet normal -0.137470 0.962627 0.233347
    outer loop
      vertex -2.519344 5.893266 1.045930
      vertex -1.793882 6.016632 0.964396
      vertex -1.853925 6.120629 0.500000
    endloop
  endfacet
  facet normal -0.137470 0.962627 0.233347
    outer loop
      vertex -2.519344 5.893266 1.045930
      vertex -1.853925 6.120629 0.500000
      vertex -2.589929 6.015523 0.500000
    endloop
  endfacet
  facet normal 0.910120 -0.363399 0.199053
    outer loop
      vertex -0.276342 3.388175 0.500000
      vertex -0.017852 4.035555 0.500000
      vertex -0.061476 4.111113 0.837404
    endloop
  endfacet
  facet normal 0.910120 -0.363399 0.199053
    outer loop
      vertex -0.276342 3.388175 0.500000
      vertex -0.061476 4.111113 0.837404
      vertex -0.336385 3.492173 0.964396
    endloop
  endfacet
  facet normal 0.806412 -0.248033 0.536823
    outer loop
      vertex -0.336385 3.492173 0.964396
      vertex -0.061476 4.111113 0.837404
      vertex -0.185706 4.326287 1.123440
    endloop
  endfacet
  facet normal 0.806412 -0.248033 0.536823
    outer loop
      vertex -0.336385 3.492173 0.964396
      vertex -0.185706 4.326287 1.123440
      vertex -0.507374 3.788334 1.358092
    endloop
  endfacet
  facet normal 0.657550 -0.065802 0.750532
    outer loop
      vertex -0.507374 3.788334 1.358092
      vertex -0.185706 4.326287 1.123440
      vertex -0.371630 4.648317 1.314564
    endloop
  endfacet
  facet normal 0.657550 -0.065802 0.750532
    outer loop
      vertex -0.507374 3.788334 1.358092
      vertex -0.371630 4.648317 1.314564
      vertex -0.763276 4.231570 1.621151
    endloop
  endfacet
  facet normal 0.509942 0.144596 0.847969
    outer loop
      vertex -0.763276 4.231570 1.621151
      vertex -0.371630 4.648317 1.314564
      vertex -0.590943 5.028177 1.381678
    endloop
  endfacet
  facet normal 0.509942 0.144596 0.847969
    outer loop
      vertex -0.763276 4.231570 1.621151
      vertex -0.590943 5.028177 1.381678
      vertex -1.065134 4.754402 1.713525
    endloop
  endfacet
  facet normal 0.380195 0.369325 0.847969
    outer loop
      vertex -1.065134 4.754402 1.713525
      vertex -0.590943 5.028177 1.381678
      vertex -0.810255 5.408037 1.314564
    endloop
  endfacet
  facet normal 0.380195 0.369325 0.847969
    outer loop
      vertex -1.065134 4.754402 1.713525
      vertex -0.810255 5.408037 1.314564
      vertex -1.366991 5.277235 1.621151
    endloop
  endfacet
  facet normal 0.271788 0.602356 0.750532
    outer loop
      vertex -1.366991 5.277235 1.621151
      vertex -0.810255 5.408037 1.314564
      vertex -0.996179 5.730066 1.123440
    endloop
  endfacet
  facet normal 0.271788 0.602356 0.750532
    outer loop
      vertex -1.366991 5.277235 1.621151
      vertex -0.996179 5.730066 1.123440
      vertex -1.622893 5.720471 1.358092
    endloop
  endfacet
  facet normal 0.188403 0.822390 0.536823
    outer loop
      vertex -1.622893 5.720471 1.358092
      vertex -0.996179 5.730066 1.123440
      vertex -1.120409 5.945240 0.837404
    endloop
  endfacet
  facet normal 0.188403 0.822390 0.536823
    outer loop
      vertex -1.622893 5.720471 1.358092
      vertex -1.120409 5.945240 0.837404
      vertex -1.793882 6.016632 0.964396
    endloop
  endfacet
  facet normal 0.140347 0.969887 0.199053
    outer loop
      vertex -1.793882 6.016632 0.964396
      vertex -1.120409 5.945240 0.837404
      vertex -1.164033 6.020799 0.500000
    endloop
  endfacet
  facet normal 0.140347 0.969887 0.199053
    outer loop
      vertex -1.793882 6.016632 0.964396
      vertex -1.164033 6.020799 0.500000
      vertex -1.853925 6.120629 0.500000
    endloop
  endfacet
  facet normal 0.989024 -0.049945 0.139059
    outer loop
      vertex -0.017852 4.035555 0.500000
      vertex 0.014798 4.682098 0.500000
      vertex -0.008136 4.721822 0.677384
    endloop
  endfacet
  facet normal 0.989024 -0.049945 0.139059
    outer loop
      vertex -0.017852 4.035555 0.500000
      vertex -0.008136 4.721822 0.677384
      vertex -0.061476 4.111113 0.837404
    endloop
  endfacet
  facet normal 0.922550 0.020392 0.385339
    outer loop
      vertex -0.061476 4.111113 0.837404
      vertex -0.008136 4.721822 0.677384
      vertex -0.073448 4.834945 0.827762
    endloop
  endfacet
  facet normal 0.922550 0.020392 0.385339
    outer loop
      vertex -0.061476 4.111113 0.837404
      vertex -0.073448 4.834945 0.827762
      vertex -0.185706 4.326287 1.123440
    endloop
  endfacet
  facet normal 0.818737 0.142609 0.556176
    outer loop
      vertex -0.185706 4.326287 1.123440
      vertex -0.073448 4.834945 0.827762
      vertex -0.171194 5.004246 0.928242
    endloop
  endfacet
  facet normal 0.818737 0.142609 0.556176
    outer loop
      vertex -0.185706 4.326287 1.123440
      vertex -0.171194 5.004246 0.928242
      vertex -0.371630 4.648317 1.314564
    endloop
  endfacet
  facet normal 0.708690 0.296014 0.640417
    outer loop
      vertex -0.371630 4.648317 1.314564
      vertex -0.171194 5.004246 0.928242
      vertex -0.286493 5.203951 0.963525
    endloop
  endfacet
  facet normal 0.708690 0.296014 0.640417
    outer loop
      vertex -0.371630 4.648317 1.314564
      vertex -0.286493 5.203951 0.963525
      vertex -0.590943 5.028177 1.381678
    endloop
  endfacet
  facet normal 0.610701 0.465737 0.640417
    outer loop
      vertex -0.590943 5.028177 1.381678
      vertex -0.286493 5.203951 0.963525
      vertex -0.401793 5.403655 0.928242
    endloop
  endfacet
  facet normal 0.610701 0.465737 0.640417
    outer loop
      vertex -0.590943 5.028177 1.381678
      vertex -0.401793 5.403655 0.928242
      vertex -0.810255 5.408037 1.314564
    endloop
  endfacet
  facet normal 0.532872 0.637743 0.556176
    outer loop
      vertex -0.810255 5.408037 1.314564
      vertex -0.401793 5.403655 0.928242
      vertex -0.499539 5.572956 0.827762
    endloop
  endfacet
  facet normal 0.532872 0.637743 0.556176
    outer loop
      vertex -0.810255 5.408037 1.314564
      vertex -0.499539 5.572956 0.827762
      vertex -0.996179 5.730066 1.123440
    endloop
  endfacet
  facet normal 0.478935 0.788756 0.385339
    outer loop
      vertex -0.996179 5.730066 1.123440
      vertex -0.499539 5.572956 0.827762
      vertex -0.564850 5.686079 0.677384
    endloop
  endfacet
  facet normal 0.478935 0.788756 0.385339
    outer loop
      vertex -0.996179 5.730066 1.123440
      vertex -0.564850 5.686079 0.677384
      vertex -1.120409 5.945240 0.837404
    endloop
  endfacet
  facet normal 0.451258 0.881492 0.139059
    outer loop
      vertex -1.120409 5.945240 0.837404
      vertex -0.564850 5.686079 0.677384
      vertex -0.587785 5.725803 0.500000
    endloop
  endfacet
  facet normal 0.451258 0.881492 0.139059
    outer loop
      vertex -1.120409 5.945240 0.837404
      vertex -0.587785 5.725803 0.500000
      vertex -1.164033 6.020799 0.500000
    endloop
  endfacet
  facet normal 0.000000 0.000000 1.000000
    outer loop
      vertex 0.014798 4.682098 0.500000
      vertex -0.181587 5.264518 0.500000
      vertex -0.181587 5.264518 0.500000
    endloop
  endfacet
  facet normal 0.946353 0.319100 0.050897
    outer loop
      vertex 0.014798 4.682098 0.500000
      vertex -0.181587 5.264518 0.500000
      vertex -0.008136 4.721822 0.677384
    endloop
  endfacet
  facet normal 0.000000 0.000000 1.000000
    outer loop
      vertex -0.008136 4.721822 0.677384
      vertex -0.181587 5.264518 0.500000
      vertex -0.181587 5.264518 0.500000
    endloop
  endfacet
  facet normal 0.927889 0.343760 0.144401
    outer loop
      vertex -0.008136 4.721822 0.677384
      vertex -0.181587 5.264518 0.500000
      vertex -0.073448 4.834945 0.827762
    endloop
  endfacet
  facet normal 0.000000 0.000000 1.000000
    outer loop
      vertex -0.073448 4.834945 0.827762
      vertex -0.181587 5.264518 0.500000
      vertex -0.181587 5.264518 0.500000
    endloop
  endfacet
  facet normal 0.895594 0.389482 0.214979
    outer loop
      vertex -0.073448 4.834945 0.827762
      vertex -0.181587 5.264518 0.500000
      vertex -0.171194 5.004246 0.928242
    endloop
  endfacet
  facet normal 0.000000 0.000000 1.000000
    outer loop
      vertex -0.171194 5.004246 0.928242
      vertex -0.181587 5.264518 0.500000
      vertex -0.181587 5.264518 0.500000
    endloop
  endfacet
  facet normal 0.856589 0.449913 0.252654
    outer loop
      vertex -0.171194 5.004246 0.928242
      vertex -0.181587 5.264518 0.500000
      vertex -0.286493 5.203951 0.963525
    endloop
  endfacet
  facet normal 0.000000 0.000000 1.000000
    outer loop
      vertex -0.286493 5.203951 0.963525
      vertex -0.181587 5.264518 0.500000
      vertex -0.181587 5.264518 0.500000
    endloop
  endfacet
  facet normal 0.817930 0.516871 0.252654
    outer loop
      vertex -0.286493 5.203951 0.963525
      vertex -0.181587 5.264518 0.500000
      vertex -0.401793 5.403655 0.928242
    endloop
  endfacet
  facet normal 0.000000 0.000000 1.000000
    outer loop
      vertex -0.401793 5.403655 0.928242
      vertex -0.181587 5.264518 0.500000
      vertex -0.181587 5.264518 0.500000
    endloop
  endfacet
  facet normal 0.785098 0.580866 0.214979
    outer loop
      vertex -0.401793 5.403655 0.928242
      vertex -0.181587 5.264518 0.500000
      vertex -0.499539 5.572956 0.827762
    endloop
  endfacet
  facet normal 0.000000 0.000000 1.000000
    outer loop
      vertex -0.499539 5.572956 0.827762
      vertex -0.181587 5.264518 0.500000
      vertex -0.181587 5.264518 0.500000
    endloop
  endfacet
  facet normal 0.761650 0.631695 0.144401
    outer loop
      vertex -0.499539 5.572956 0.827762
      vertex -0.181587 5.264518 0.500000
      vertex -0.564850 5.686079 0.677384
    endloop
  endfacet
  facet normal 0.000000 0.000000 1.000000
    outer loop
      vertex -0.564850 5.686079 0.677384
      vertex -0.181587 5.264518 0.500000
      vertex -0.181587 5.264518 0.500000
    endloop
  endfacet
  facet normal 0.749525 0.660016 0.050897
    outer loop
      vertex -0.564850 5.686079 0.677384
      vertex -0.181587 5.264518 0.500000
      vertex -0.587785 5.725803 0.500000
    endloop
  endfacet
  facet normal 0.196828 -0.979116 0.050897
    outer loop
      vertex -4.650000 -2.475000 0.500000
      vertex -4.047417 -2.353865 0.500000
      vertex -4.093286 -2.353865 0.677384
    endloop
  endfacet
  facet normal 0.000000 0.000000 1.000000
    outer loop
      vertex -4.650000 -2.475000 0.500000
      vertex -4.093286 -2.353865 0.677384
      vertex -4.650000 -2.475000 0.500000
    endloop
  endfacet
  facet normal 0.166239 -0.975455 0.144401
    outer loop
      vertex -4.650000 -2.475000 0.500000
      vertex -4.093286 -2.353865 0.677384
      vertex -4.223909 -2.353865 0.827762
    endloop
  endfacet
  facet normal 0.000000 0.000000 1.000000
    outer loop
      vertex -4.650000 -2.475000 0.500000
      vertex -4.223909 -2.353865 0.827762
      vertex -4.650000 -2.475000 0.500000
    endloop
  endfacet
  facet normal 0.110496 -0.970348 0.214979
    outer loop
      vertex -4.650000 -2.475000 0.500000
      vertex -4.223909 -2.353865 0.827762
      vertex -4.419401 -2.353865 0.928242
    endloop
  endfacet
  facet normal 0.000000 0.000000 1.000000
    outer loop
      vertex -4.650000 -2.475000 0.500000
      vertex -4.419401 -2.353865 0.928242
      vertex -4.650000 -2.475000 0.500000
    endloop
  endfacet
  facet normal 0.038658 -0.966784 0.252654
    outer loop
      vertex -4.650000 -2.475000 0.500000
      vertex -4.419401 -2.353865 0.928242
      vertex -4.650000 -2.353865 0.963525
    endloop
  endfacet
  facet normal 0.000000 0.000000 1.000000
    outer loop
      vertex -4.650000 -2.475000 0.500000
      vertex -4.650000 -2.353865 0.963525
      vertex -4.650000 -2.475000 0.500000
    endloop
  endfacet
  facet normal -0.038658 -0.966784 0.252654
    outer loop
      vertex -4.650000 -2.475000 0.500000
      vertex -4.650000 -2.353865 0.963525
      vertex -4.880599 -2.353865 0.928242
    endloop
  endfacet
  facet normal 0.000000 0.000000 1.000000
    outer loop
      vertex -4.650000 -2.475000 0.500000
      vertex -4.880599 -2.353865 0.928242
      vertex -4.650000 -2.475000 0.500000
    endloop
  endfacet
  facet normal -0.110496 -0.970348 0.214979
    outer loop
      vertex -4.650000 -2.475000 0.500000
      vertex -4.880599 -2.353865 0.928242
      vertex -5.076091 -2.353865 0.827762
    endloop
  endfacet
  facet normal 0.000000 0.000000 1.000000
    outer loop
      vertex -4.650000 -2.475000 0.500000
      vertex -5.076091 -2.353865 0.827762
      vertex -4.650000 -2.475000 0.500000
    endloop
  endfacet
  facet normal -0.166239 -0.975455 0.144401
    outer loop
      vertex -4.650000 -2.475000 0.500000
      vertex -5.076091 -2.353865 0.827762
      vertex -5.206714 -2.353865 0.677384
    endloop
  endfacet
  facet normal 0.000000 0.000000 1.000000
    outer loop
      vertex -4.650000 -2.475000 0.500000
      vertex -5.206714 -2.353865 0.677384
      vertex -4.650000 -2.475000 0.500000
    endloop
  endfacet
  facet normal -0.196828 -0.979116 0.050897
    outer loop
      vertex -4.650000 -2.475000 0.500000
      vertex -5.206714 -2.353865 0.677384
      vertex -5.252583 -2.353865 0.500000
    endloop
  endfacet
  facet normal 0.000000 0.000000 1.000000
    outer loop
      vertex -4.650000 -2.475000 0.500000
      vertex -5.252583 -2.353865 0.500000
      vertex -4.650000 -2.475000 0.500000
    endloop
  endfacet
  facet normal 0.537766 -0.831547 0.139059
    outer loop
      vertex -4.047417 -2.353865 0.500000
      vertex -3.503819 -2.002317 0.500000
      vertex -3.591067 -2.002317 0.837404
    endloop
  endfacet
  facet normal 0.537766 -0.831547 0.139059
    outer loop
      vertex -4.047417 -2.353865 0.500000
      vertex -3.591067 -2.002317 0.837404
      vertex -4.093286 -2.353865 0.677384
    endloop
  endfacet
  facet normal 0.443615 -0.809147 0.385339
    outer loop
      vertex -4.093286 -2.353865 0.677384
      vertex -3.591067 -2.002317 0.837404
      vertex -3.839527 -2.002317 1.123440
    endloop
  endfacet
  facet normal 0.443615 -0.809147 0.385339
    outer loop
      vertex -4.093286 -2.353865 0.677384
      vertex -3.839527 -2.002317 1.123440
      vertex -4.223909 -2.353865 0.827762
    endloop
  endfacet
  facet normal 0.285866 -0.780352 0.556176
    outer loop
      vertex -4.223909 -2.353865 0.827762
      vertex -3.839527 -2.002317 1.123440
      vertex -4.211375 -2.002317 1.314564
    endloop
  endfacet
  facet normal 0.285866 -0.780352 0.556176
    outer loop
      vertex -4.223909 -2.353865 0.827762
      vertex -4.211375 -2.002317 1.314564
      vertex -4.419401 -2.353865 0.928242
    endloop
  endfacet
  facet normal 0.097990 -0.761751 0.640417
    outer loop
      vertex -4.419401 -2.353865 0.928242
      vertex -4.211375 -2.002317 1.314564
      vertex -4.650000 -2.002317 1.381678
    endloop
  endfacet
  facet normal 0.097990 -0.761751 0.640417
    outer loop
      vertex -4.419401 -2.353865 0.928242
      vertex -4.650000 -2.002317 1.381678
      vertex -4.650000 -2.353865 0.963525
    endloop
  endfacet
  facet normal -0.097990 -0.761751 0.640417
    outer loop
      vertex -4.650000 -2.353865 0.963525
      vertex -4.650000 -2.002317 1.381678
      vertex -5.088625 -2.002317 1.314564
    endloop
  endfacet
  facet normal -0.097990 -0.761751 0.640417
    outer loop
      vertex -4.650000 -2.353865 0.963525
      vertex -5.088625 -2.002317 1.314564
      vertex -4.880599 -2.353865 0.928242
    endloop
  endfacet
  facet normal -0.285866 -0.780352 0.556176
    outer loop
      vertex -4.880599 -2.353865 0.928242
      vertex -5.088625 -2.002317 1.314564
      vertex -5.460473 -2.002317 1.123440
    endloop
  endfacet
  facet normal -0.285866 -0.780352 0.556176
    outer loop
      vertex -4.880599 -2.353865 0.928242
      vertex -5.460473 -2.002317 1.123440
      vertex -5.076091 -2.353865 0.827762
    endloop
  endfacet
  facet normal -0.443615 -0.809147 0.385339
    outer loop
      vertex -5.076091 -2.353865 0.827762
      vertex -5.460473 -2.002317 1.123440
      vertex -5.708933 -2.002317 0.837404
    endloop
  endfacet
  facet normal -0.443615 -0.809147 0.385339
    outer loop
      vertex -5.076091 -2.353865 0.827762
      vertex -5.708933 -2.002317 0.837404
      vertex -5.206714 -2.353865 0.677384
    endloop
  endfacet
  facet normal -0.537766 -0.831547 0.139059
    outer loop
      vertex -5.206714 -2.353865 0.677384
      vertex -5.708933 -2.002317 0.837404
      vertex -5.796181 -2.002317 0.500000
    endloop
  endfacet
  facet normal -0.537766 -0.831547 0.139059
    outer loop
      vertex -5.206714 -2.353865 0.677384
      vertex -5.796181 -2.002317 0.500000
      vertex -5.252583 -2.353865 0.500000
    endloop
  endfacet
  facet normal 0.769773 -0.606488 0.199053
    outer loop
      vertex -3.503819 -2.002317 0.500000
      vertex -3.072417 -1.454768 0.500000
      vertex -3.192503 -1.454768 0.964396
    endloop
  endfacet
  facet normal 0.769773 -0.606488 0.199053
    outer loop
      vertex -3.503819 -2.002317 0.500000
      vertex -3.192503 -1.454768 0.964396
      vertex -3.591067 -2.002317 0.837404
    endloop
  endfacet
  facet normal 0.618009 -0.574357 0.536823
    outer loop
      vertex -3.591067 -2.002317 0.837404
      vertex -3.192503 -1.454768 0.964396
      vertex -3.534480 -1.454768 1.358092
    endloop
  endfacet
  facet normal 0.618009 -0.574357 0.536823
    outer loop
      vertex -3.591067 -2.002317 0.837404
      vertex -3.534480 -1.454768 1.358092
      vertex -3.839527 -2.002317 1.123440
    endloop
  endfacet
  facet normal 0.385761 -0.536553 0.750532
    outer loop
      vertex -3.839527 -2.002317 1.123440
      vertex -3.534480 -1.454768 1.358092
      vertex -4.046285 -1.454768 1.621151
    endloop
  endfacet
  facet normal 0.385761 -0.536553 0.750532
    outer loop
      vertex -3.839527 -2.002317 1.123440
      vertex -4.046285 -1.454768 1.621151
      vertex -4.211375 -2.002317 1.314564
    endloop
  endfacet
  facet normal 0.129747 -0.513921 0.847969
    outer loop
      vertex -4.211375 -2.002317 1.314564
      vertex -4.046285 -1.454768 1.621151
      vertex -4.650000 -1.454768 1.713525
    endloop
  endfacet
  facet normal 0.129747 -0.513921 0.847969
    outer loop
      vertex -4.211375 -2.002317 1.314564
      vertex -4.650000 -1.454768 1.713525
      vertex -4.650000 -2.002317 1.381678
    endloop
  endfacet
  facet normal -0.129747 -0.513921 0.847969
    outer loop
      vertex -4.650000 -2.002317 1.381678
      vertex -4.650000 -1.454768 1.713525
      vertex -5.253715 -1.454768 1.621151
    endloop
  endfacet
  facet normal -0.129747 -0.513921 0.847969
    outer loop
      vertex -4.650000 -2.002317 1.381678
      vertex -5.253715 -1.454768 1.621151
      vertex -5.088625 -2.002317 1.314564
    endloop
  endfacet
  facet normal -0.385761 -0.536553 0.750532
    outer loop
      vertex -5.088625 -2.002317 1.314564
      vertex -5.253715 -1.454768 1.621151
      vertex -5.765520 -1.454768 1.358092
    endloop
  endfacet
  facet normal -0.385761 -0.536553 0.750532
    outer loop
      vertex -5.088625 -2.002317 1.314564
      vertex -5.765520 -1.454768 1.358092
      vertex -5.460473 -2.002317 1.123440
    endloop
  endfacet
  facet normal -0.618009 -0.574357 0.536823
    outer loop
      vertex -5.460473 -2.002317 1.123440
      vertex -5.765520 -1.454768 1.358092
      vertex -6.107497 -1.454768 0.964396
    endloop
  endfacet
  facet normal -0.618009 -0.574357 0.536823
    outer loop
      vertex -5.460473 -2.002317 1.123440
      vertex -6.107497 -1.454768 0.964396
      vertex -5.708933 -2.002317 0.837404
    endloop
  endfacet
  facet normal -0.769773 -0.606488 0.199053
    outer loop
      vertex -5.708933 -2.002317 0.837404
      vertex -6.107497 -1.454768 0.964396
      vertex -6.227583 -1.454768 0.500000
    endloop
  endfacet
  facet normal -0.769773 -0.606488 0.199053
    outer loop
      vertex -5.708933 -2.002317 0.837404
      vertex -6.227583 -1.454768 0.500000
      vertex -5.796181 -2.002317 0.500000
    endloop
  endfacet
  facet normal 0.902395 -0.362261 0.233347
    outer loop
      vertex -3.072417 -1.454768 0.500000
      vertex -2.795440 -0.764817 0.500000
      vertex -2.936610 -0.764817 1.045930
    endloop
  endfacet
  facet normal 0.902395 -0.362261 0.233347
    outer loop
      vertex -3.072417 -1.454768 0.500000
      vertex -2.936610 -0.764817 1.045930
      vertex -3.192503 -1.454768 0.964396
    endloop
  endfacet
  facet normal 0.710892 -0.336633 0.617504
    outer loop
      vertex -3.192503 -1.454768 0.964396
      vertex -2.936610 -0.764817 1.045930
      vertex -3.338628 -0.764817 1.508748
    endloop
  endfacet
  facet normal 0.710892 -0.336633 0.617504
    outer loop
      vertex -3.192503 -1.454768 0.964396
      vertex -3.338628 -0.764817 1.508748
      vertex -3.534480 -1.454768 1.358092
    endloop
  endfacet
  facet normal 0.434883 -0.308200 0.846103
    outer loop
      vertex -3.534480 -1.454768 1.358092
      vertex -3.338628 -0.764817 1.508748
      vertex -3.940291 -0.764817 1.817992
    endloop
  endfacet
  facet normal 0.434883 -0.308200 0.846103
    outer loop
      vertex -3.534480 -1.454768 1.358092
      vertex -3.940291 -0.764817 1.817992
      vertex -4.046285 -1.454768 1.621151
    endloop
  endfacet
  facet normal 0.144660 -0.291952 0.945430
    outer loop
      vertex -4.046285 -1.454768 1.621151
      vertex -3.940291 -0.764817 1.817992
      vertex -4.650000 -0.764817 1.926585
    endloop
  endfacet
  facet normal 0.144660 -0.291952 0.945430
    outer loop
      vertex -4.046285 -1.454768 1.621151
      vertex -4.650000 -0.764817 1.926585
      vertex -4.650000 -1.454768 1.713525
    endloop
  endfacet
  facet normal -0.144660 -0.291952 0.945430
    outer loop
      vertex -4.650000 -1.454768 1.713525
      vertex -4.650000 -0.764817 1.926585
      vertex -5.359709 -0.764817 1.817992
    endloop
  endfacet
  facet normal -0.144660 -0.291952 0.945430
    outer loop
      vertex -4.650000 -1.454768 1.713525
      vertex -5.359709 -0.764817 1.817992
      vertex -5.253715 -1.454768 1.621151
    endloop
  endfacet
  facet normal -0.434883 -0.308200 0.846103
    outer loop
      vertex -5.253715 -1.454768 1.621151
      vertex -5.359709 -0.764817 1.817992
      vertex -5.961372 -0.764817 1.508748
    endloop
  endfacet
  facet normal -0.434883 -0.308200 0.846103
    outer loop
      vertex -5.253715 -1.454768 1.621151
      vertex -5.961372 -0.764817 1.508748
      vertex -5.765520 -1.454768 1.358092
    endloop
  endfacet
  facet normal -0.710892 -0.336633 0.617504
    outer loop
      vertex -5.765520 -1.454768 1.358092
      vertex -5.961372 -0.764817 1.508748
      vertex -6.363390 -0.764817 1.045930
    endloop
  endfacet
  facet normal -0.710892 -0.336633 0.617504
    outer loop
      vertex -5.765520 -1.454768 1.358092
      vertex -6.363390 -0.764817 1.045930
      vertex -6.107497 -1.454768 0.964396
    endloop
  endfacet
  facet normal -0.902395 -0.362261 0.233347
    outer loop
      vertex -6.107497 -1.454768 0.964396
      vertex -6.363390 -0.764817 1.045930
      vertex -6.504560 -0.764817 0.500000
    endloop
  endfacet
  facet normal -0.902395 -0.362261 0.233347
    outer loop
      vertex -6.107497 -1.454768 0.964396
      vertex -6.504560 -0.764817 0.500000
      vertex -6.227583 -1.454768 0.500000
    endloop
  endfacet
  facet normal 0.961166 -0.119942 0.248544
    outer loop
      vertex -2.795440 -0.764817 0.500000
      vertex -2.700000 0.000000 0.500000
      vertex -2.848435 0.000000 1.074025
    endloop
  endfacet
  facet normal 0.961166 -0.119942 0.248544
    outer loop
      vertex -2.795440 -0.764817 0.500000
      vertex -2.848435 0.000000 1.074025
      vertex -2.936610 -0.764817 1.045930
    endloop
  endfacet
  facet normal 0.750335 -0.110447 0.651765
    outer loop
      vertex -2.936610 -0.764817 1.045930
      vertex -2.848435 0.000000 1.074025
      vertex -3.271142 0.000000 1.560660
    endloop
  endfacet
  facet normal 0.750335 -0.110447 0.651765
    outer loop
      vertex -2.936610 -0.764817 1.045930
      vertex -3.271142 0.000000 1.560660
      vertex -3.338628 -0.764817 1.508748
    endloop
  endfacet
  facet normal 0.454835 -0.100198 0.884921
    outer loop
      vertex -3.338628 -0.764817 1.508748
      vertex -3.271142 0.000000 1.560660
      vertex -3.903767 0.000000 1.885819
    endloop
  endfacet
  facet normal 0.454835 -0.100198 0.884921
    outer loop
      vertex -3.338628 -0.764817 1.508748
      vertex -3.903767 0.000000 1.885819
      vertex -3.940291 -0.764817 1.817992
    endloop
  endfacet
  facet normal 0.150573 -0.094462 0.984076
    outer loop
      vertex -3.940291 -0.764817 1.817992
      vertex -3.903767 0.000000 1.885819
      vertex -4.650000 0.000000 2.000000
    endloop
  endfacet
  facet normal 0.150573 -0.094462 0.984076
    outer loop
      vertex -3.940291 -0.764817 1.817992
      vertex -4.650000 0.000000 2.000000
      vertex -4.650000 -0.764817 1.926585
    endloop
  endfacet
  facet normal -0.150573 -0.094462 0.984076
    outer loop
      vertex -4.650000 -0.764817 1.926585
      vertex -4.650000 0.000000 2.000000
      vertex -5.396233 0.000000 1.885819
    endloop
  endfacet
  facet normal -0.150573 -0.094462 0.984076
    outer loop
      vertex -4.650000 -0.764817 1.926585
      vertex -5.396233 0.000000 1.885819
      vertex -5.359709 -0.764817 1.817992
    endloop
  endfacet
  facet normal -0.454835 -0.100198 0.884921
    outer loop
      vertex -5.359709 -0.764817 1.817992
      vertex -5.396233 0.000000 1.885819
      vertex -6.028858 0.000000 1.560660
    endloop
  endfacet
  facet normal -0.454835 -0.100198 0.884921
    outer loop
      vertex -5.359709 -0.764817 1.817992
      vertex -6.028858 0.000000 1.560660
      vertex -5.961372 -0.764817 1.508748
    endloop
  endfacet
  facet normal -0.750335 -0.110447 0.651765
    outer loop
      vertex -5.961372 -0.764817 1.508748
      vertex -6.028858 0.000000 1.560660
      vertex -6.451565 0.000000 1.074025
    endloop
  endfacet
  facet normal -0.750335 -0.110447 0.651765
    outer loop
      vertex -5.961372 -0.764817 1.508748
      vertex -6.451565 0.000000 1.074025
      vertex -6.363390 -0.764817 1.045930
    endloop
  endfacet
  facet normal -0.961166 -0.119942 0.248544
    outer loop
      vertex -6.363390 -0.764817 1.045930
      vertex -6.451565 0.000000 1.074025
      vertex -6.600000 0.000000 0.500000
    endloop
  endfacet
  facet normal -0.961166 -0.119942 0.248544
    outer loop
      vertex -6.363390 -0.764817 1.045930
      vertex -6.600000 0.000000 0.500000
      vertex -6.504560 -0.764817 0.500000
    endloop
  endfacet
  facet normal 0.961166 0.119942 0.248544
    outer loop
      vertex -2.700000 0.000000 0.500000
      vertex -2.795440 0.764817 0.500000
      vertex -2.936610 0.764817 1.045930
    endloop
  endfacet
  facet normal 0.961166 0.119942 0.248544
    outer loop
      vertex -2.700000 0.000000 0.500000
      vertex -2.936610 0.764817 1.045930
      vertex -2.848435 0.000000 1.074025
    endloop
  endfacet
  facet normal 0.750335 0.110447 0.651765
    outer loop
      vertex -2.848435 0.000000 1.074025
      vertex -2.936610 0.764817 1.045930
      vertex -3.338628 0.764817 1.508748
    endloop
  endfacet
  facet normal 0.750335 0.110447 0.651765
    outer loop
      vertex -2.848435 0.000000 1.074025
      vertex -3.338628 0.764817 1.508748
      vertex -3.271142 0.000000 1.560660
    endloop
  endfacet
  facet normal 0.454835 0.100198 0.884921
    outer loop
      vertex -3.271142 0.000000 1.560660
      vertex -3.338628 0.764817 1.508748
      vertex -3.940291 0.764817 1.817992
    endloop
  endfacet
  facet normal 0.454835 0.100198 0.884921
    outer loop
      vertex -3.271142 0.000000 1.560660
      vertex -3.940291 0.764817 1.817992
      vertex -3.903767 0.000000 1.885819
    endloop
  endfacet
  facet normal 0.150573 0.094462 0.984076
    outer loop
      vertex -3.903767 0.000000 1.885819
      vertex -3.940291 0.764817 1.817992
      vertex -4.650000 0.764817 1.926585
    endloop
  endfacet
  facet normal 0.150573 0.094462 0.984076
    outer loop
      vertex -3.903767 0.000000 1.885819
      vertex -4.650000 0.764817 1.926585
      vertex -4.650000 0.000000 2.000000
    endloop
  endfacet
  facet normal -0.150573 0.094462 0.984076
    outer loop
      vertex -4.650000 0.000000 2.000000
      vertex -4.650000 0.764817 1.926585
      vertex -5.359709 0.764817 1.817992
    endloop
  endfacet
  facet normal -0.150573 0.094462 0.984076
    outer loop
      vertex -4.650000 0.000000 2.000000
      vertex -5.359709 0.764817 1.817992
      vertex -5.396233 0.000000 1.885819
    endloop
  endfacet
  facet normal -0.454835 0.100198 0.884921
    outer loop
      vertex -5.396233 0.000000 1.885819
      vertex -5.359709 0.764817 1.817992
      vertex -5.961372 0.764817 1.508748
    endloop
  endfacet
  facet normal -0.454835 0.100198 0.884921
    outer loop
      vertex -5.396233 0.000000 1.885819
      vertex -5.961372 0.764817 1.508748
      vertex -6.028858 0.000000 1.560660
    endloop
  endfacet
  facet normal -0.750335 0.110447 0.651765
    outer loop
      vertex -6.028858 0.000000 1.560660
      vertex -5.961372 0.764817 1.508748
      vertex -6.363390 0.764817 1.045930
    endloop
  endfacet
  facet normal -0.750335 0.110447 0.651765
    outer loop
      vertex -6.028858 0.000000 1.560660
      vertex -6.363390 0.764817 1.045930
      vertex -6.451565 0.000000 1.074025
    endloop
  endfacet
  facet normal -0.961166 0.119942 0.248544
    outer loop
      vertex -6.451565 0.000000 1.074025
      vertex -6.363390 0.764817 1.045930
      vertex -6.504560 0.764817 0.500000
    endloop
  endfacet
  facet normal -0.961166 0.119942 0.248544
    outer loop
      vertex -6.451565 0.000000 1.074025
      vertex -6.504560 0.764817 0.500000
      vertex -6.600000 0.000000 0.500000
    endloop
  endfacet
  facet normal 0.902395 0.362261 0.233347
    outer loop
      vertex -2.795440 0.764817 0.500000
      vertex -3.072417 1.454768 0.500000
      vertex -3.192503 1.454768 0.964396
    endloop
  endfacet
  facet normal 0.902395 0.362261 0.233347
    outer loop
      vertex -2.795440 0.764817 0.500000
      vertex -3.192503 1.454768 0.964396
      vertex -2.936610 0.764817 1.045930
    endloop
  endfacet
  facet normal 0.710892 0.336633 0.617504
    outer loop
      vertex -2.936610 0.764817 1.045930
      vertex -3.192503 1.454768 0.964396
      vertex -3.534480 1.454768 1.358092
    endloop
  endfacet
  facet normal 0.710892 0.336633 0.617504
    outer loop
      vertex -2.936610 0.764817 1.045930
      vertex -3.534480 1.454768 1.358092
      vertex -3.338628 0.764817 1.508748
    endloop
  endfacet
  facet normal 0.434883 0.308200 0.846103
    outer loop
      vertex -3.338628 0.764817 1.508748
      vertex -3.534480 1.454768 1.358092
      vertex -4.046285 1.454768 1.621151
    endloop
  endfacet
  facet normal 0.434883 0.308200 0.846103
    outer loop
      vertex -3.338628 0.764817 1.508748
      vertex -4.046285 1.454768 1.621151
      vertex -3.940291 0.764817 1.817992
    endloop
  endfacet
  facet normal 0.144660 0.291952 0.945430
    outer loop
      vertex -3.940291 0.764817 1.817992
      vertex -4.046285 1.454768 1.621151
      vertex -4.650000 1.454768 1.713525
    endloop
  endfacet
  facet normal 0.144660 0.291952 0.945430
    outer loop
      vertex -3.940291 0.764817 1.817992
      vertex -4.650000 1.454768 1.713525
      vertex -4.650000 0.764817 1.926585
    endloop
  endfacet
  facet normal -0.144660 0.291952 0.945430
    outer loop
      vertex -4.650000 0.764817 1.926585
      vertex -4.650000 1.454768 1.713525
      vertex -5.253715 1.454768 1.621151
    endloop
  endfacet
  facet normal -0.144660 0.291952 0.945430
    outer loop
      vertex -4.650000 0.764817 1.926585
      vertex -5.253715 1.454768 1.621151
      vertex -5.359709 0.764817 1.817992
    endloop
  endfacet
  facet normal -0.434883 0.308200 0.846103
    outer loop
      vertex -5.359709 0.764817 1.817992
      vertex -5.253715 1.454768 1.621151
      vertex -5.765520 1.454768 1.358092
    endloop
  endfacet
  facet normal -0.434883 0.308200 0.846103
    outer loop
      vertex -5.359709 0.764817 1.817992
      vertex -5.765520 1.454768 1.358092
      vertex -5.961372 0.764817 1.508748
    endloop
  endfacet
  facet normal -0.710892 0.336633 0.617504
    outer loop
      vertex -5.961372 0.764817 1.508748
      vertex -5.765520 1.454768 1.358092
      vertex -6.107497 1.454768 0.964396
    endloop
  endfacet
  facet normal -0.710892 0.336633 0.617504
    outer loop
      vertex -5.961372 0.764817 1.508748
      vertex -6.107497 1.454768 0.964396
      vertex -6.363390 0.764817 1.045930
    endloop
  endfacet
  facet normal -0.902395 0.362261 0.233347
    outer loop
      vertex -6.363390 0.764817 1.045930
      vertex -6.107497 1.454768 0.964396
      vertex -6.227583 1.454768 0.500000
    endloop
  endfacet
  facet normal -0.902395 0.362261 0.233347
    outer loop
      vertex -6.363390 0.764817 1.045930
      vertex -6.227583 1.454768 0.500000
      vertex -6.504560 0.764817 0.500000
    endloop
  endfacet
  facet normal 0.769773 0.606488 0.199053
    outer loop
      vertex -3.072417 1.454768 0.500000
      vertex -3.503819 2.002317 0.500000
      vertex -3.591067 2.002317 0.837404
    endloop
  endfacet
  facet normal 0.769773 0.606488 0.199053
    outer loop
      vertex -3.072417 1.454768 0.500000
      vertex -3.591067 2.002317 0.837404
      vertex -3.192503 1.454768 0.964396
    endloop
  endfacet
  facet normal 0.618009 0.574357 0.536823
    outer loop
      vertex -3.192503 1.454768 0.964396
      vertex -3.591067 2.002317 0.837404
      vertex -3.839527 2.002317 1.123440
    endloop
  endfacet
  facet normal 0.618009 0.574357 0.536823
    outer loop
      vertex -3.192503 1.454768 0.964396
      vertex -3.839527 2.002317 1.123440
      vertex -3.534480 1.454768 1.358092
    endloop
  endfacet
  facet normal 0.385761 0.536553 0.750532
    outer loop
      vertex -3.534480 1.454768 1.358092
      vertex -3.839527 2.002317 1.123440
      vertex -4.211375 2.002317 1.314564
    endloop
  endfacet
  facet normal 0.385761 0.536553 0.750532
    outer loop
      vertex -3.534480 1.454768 1.358092
      vertex -4.211375 2.002317 1.314564
      vertex -4.046285 1.454768 1.621151
    endloop
  endfacet
  facet normal 0.129747 0.513921 0.847969
    outer loop
      vertex -4.046285 1.454768 1.621151
      vertex -4.211375 2.002317 1.314564
      vertex -4.650000 2.002317 1.381678
    endloop
  endfacet
  facet normal 0.129747 0.513921 0.847969
    outer loop
      vertex -4.046285 1.454768 1.621151
      vertex -4.650000 2.002317 1.381678
      vertex -4.650000 1.454768 1.713525
    endloop
  endfacet
  facet normal -0.129747 0.513921 0.847969
    outer loop
      vertex -4.650000 1.454768 1.713525
      vertex -4.650000 2.002317 1.381678
      vertex -5.088625 2.002317 1.314564
    endloop
  endfacet
  facet normal -0.129747 0.513921 0.847969
    outer loop
      vertex -4.650000 1.454768 1.713525
      vertex -5.088625 2.002317 1.314564
      vertex -5.253715 1.454768 1.621151
    endloop
  endfacet
  facet normal -0.385761 0.536553 0.750532
    outer loop
      vertex -5.253715 1.454768 1.621151
      vertex -5.088625 2.002317 1.314564
      vertex -5.460473 2.002317 1.123440
    endloop
  endfacet
  facet normal -0.385761 0.536553 0.750532
    outer loop
      vertex -5.253715 1.454768 1.621151
      vertex -5.460473 2.002317 1.123440
      vertex -5.765520 1.454768 1.358092
    endloop
  endfacet
  facet normal -0.618009 0.574357 0.536823
    outer loop
      vertex -5.765520 1.454768 1.358092
      vertex -5.460473 2.002317 1.123440
      vertex -5.708933 2.002317 0.837404
    endloop
  endfacet
  facet normal -0.618009 0.574357 0.536823
    outer loop
      vertex -5.765520 1.454768 1.358092
      vertex -5.708933 2.002317 0.837404
      vertex -6.107497 1.454768 0.964396
    endloop
  endfacet
  facet normal -0.769773 0.606488 0.199053
    outer loop
      vertex -6.107497 1.454768 0.964396
      vertex -5.708933 2.002317 0.837404
      vertex -5.796181 2.002317 0.500000
    endloop
  endfacet
  facet normal -0.769773 0.606488 0.199053
    outer loop
      vertex -6.107497 1.454768 0.964396
      vertex -5.796181 2.002317 0.500000
      vertex -6.227583 1.454768 0.500000
    endloop
  endfacet
  facet normal 0.537766 0.831547 0.139059
    outer loop
      vertex -3.503819 2.002317 0.500000
      vertex -4.047417 2.353865 0.500000
      vertex -4.093286 2.353865 0.677384
    endloop
  endfacet
  facet normal 0.537766 0.831547 0.139059
    outer loop
      vertex -3.503819 2.002317 0.500000
      vertex -4.093286 2.353865 0.677384
      vertex -3.591067 2.002317 0.837404
    endloop
  endfacet
  facet normal 0.443615 0.809147 0.385339
    outer loop
      vertex -3.591067 2.002317 0.837404
      vertex -4.093286 2.353865 0.677384
      vertex -4.223909 2.353865 0.827762
    endloop
  endfacet
  facet normal 0.443615 0.809147 0.385339
    outer loop
      vertex -3.591067 2.002317 0.837404
      vertex -4.223909 2.353865 0.827762
      vertex -3.839527 2.002317 1.123440
    endloop
  endfacet
  facet normal 0.285866 0.780352 0.556176
    outer loop
      vertex -3.839527 2.002317 1.123440
      vertex -4.223909 2.353865 0.827762
      vertex -4.419401 2.353865 0.928242
    endloop
  endfacet
  facet normal 0.285866 0.780352 0.556176
    outer loop
      vertex -3.839527 2.002317 1.123440
      vertex -4.419401 2.353865 0.928242
      vertex -4.211375 2.002317 1.314564
    endloop
  endfacet
  facet normal 0.097990 0.761751 0.640417
    outer loop
      vertex -4.211375 2.002317 1.314564
      vertex -4.419401 2.353865 0.928242
      vertex -4.650000 2.353865 0.963525
    endloop
  endfacet
  facet normal 0.097990 0.761751 0.640417
    outer loop
      vertex -4.211375 2.002317 1.314564
      vertex -4.650000 2.353865 0.963525
      vertex -4.650000 2.002317 1.381678
    endloop
  endfacet
  facet normal -0.097990 0.761751 0.640417
    outer loop
      vertex -4.650000 2.002317 1.381678
      vertex -4.650000 2.353865 0.963525
      vertex -4.880599 2.353865 0.928242
    endloop
  endfacet
  facet normal -0.097990 0.761751 0.640417
    outer loop
      vertex -4.650000 2.002317 1.381678
      vertex -4.880599 2.353865 0.928242
      vertex -5.088625 2.002317 1.314564
    endloop
  endfacet
  facet normal -0.285866 0.780352 0.556176
    outer loop
      vertex -5.088625 2.002317 1.314564
      vertex -4.880599 2.353865 0.928242
      vertex -5.076091 2.353865 0.827762
    endloop
  endfacet
  facet normal -0.285866 0.780352 0.556176
    outer loop
      vertex -5.088625 2.002317 1.314564
      vertex -5.076091 2.353865 0.827762
      vertex -5.460473 2.002317 1.123440
    endloop
  endfacet
  facet normal -0.443615 0.809147 0.385339
    outer loop
      vertex -5.460473 2.002317 1.123440
      vertex -5.076091 2.353865 0.827762
      vertex -5.206714 2.353865 0.677384
    endloop
  endfacet
  facet normal -0.443615 0.809147 0.385339
    outer loop
      vertex -5.460473 2.002317 1.123440
      vertex -5.206714 2.353865 0.677384
      vertex -5.708933 2.002317 0.837404
    endloop
  endfacet
  facet normal -0.537766 0.831547 0.139059
    outer loop
      vertex -5.708933 2.002317 0.837404
      vertex -5.206714 2.353865 0.677384
      vertex -5.252583 2.353865 0.500000
    endloop
  endfacet
  facet normal -0.537766 0.831547 0.139059
    outer loop
      vertex -5.708933 2.002317 0.837404
      vertex -5.252583 2.353865 0.500000
      vertex -5.796181 2.002317 0.500000
    endloop
  endfacet
  facet normal 0.000000 0.000000 1.000000
    outer loop
      vertex -4.047417 2.353865 0.500000
      vertex -4.650000 2.475000 0.500000
      vertex -4.650000 2.475000 0.500000
    endloop
  endfacet
  facet normal 0.196828 0.979116 0.050897
    outer loop
      vertex -4.047417 2.353865 0.500000
      vertex -4.650000 2.475000 0.500000
      vertex -4.093286 2.353865 0.677384
    endloop
  endfacet
  facet normal 0.000000 0.000000 1.000000
    outer loop
      vertex -4.093286 2.353865 0.677384
      vertex -4.650000 2.475000 0.500000
      vertex -4.650000 2.475000 0.500000
    endloop
  endfacet
  facet normal 0.166239 0.975455 0.144401
    outer loop
      vertex -4.093286 2.353865 0.677384
      vertex -4.650000 2.475000 0.500000
      vertex -4.223909 2.353865 0.827762
    endloop
  endfacet
  facet normal 0.000000 0.000000 1.000000
    outer loop
      vertex -4.223909 2.353865 0.827762
      vertex -4.650000 2.475000 0.500000
      vertex -4.650000 2.475000 0.500000
    endloop
  endfacet
  facet normal 0.110496 0.970348 0.214979
    outer loop
      vertex -4.223909 2.353865 0.827762
      vertex -4.650000 2.475000 0.500000
      vertex -4.419401 2.353865 0.928242
    endloop
  endfacet
  facet normal 0.000000 0.000000 1.000000
    outer loop
      vertex -4.419401 2.353865 0.928242
      vertex -4.650000 2.475000 0.500000
      vertex -4.650000 2.475000 0.500000
    endloop
  endfacet
  facet normal 0.038658 0.966784 0.252654
    outer loop
      vertex -4.419401 2.353865 0.928242
      vertex -4.650000 2.475000 0.500000
      vertex -4.650000 2.353865 0.963525
    endloop
  endfacet
  facet normal 0.000000 0.000000 1.000000
    outer loop
      vertex -4.650000 2.353865 0.963525
      vertex -4.650000 2.475000 0.500000
      vertex -4.650000 2.475000 0.500000
    endloop
  endfacet
  facet normal -0.038658 0.966784 0.252654
    outer loop
      vertex -4.650000 2.353865 0.963525
      vertex -4.650000 2.475000 0.500000
      vertex -4.880599 2.353865 0.928242
    endloop
  endfacet
  facet normal 0.000000 0.000000 1.000000
    outer loop
      vertex -4.880599 2.353865 0.928242
      vertex -4.650000 2.475000 0.500000
      vertex -4.650000 2.475000 0.500000
    endloop
  endfacet
  facet normal -0.110496 0.970348 0.214979
    outer loop
      vertex -4.880599 2.353865 0.928242
      vertex -4.650000 2.475000 0.500000
      vertex -5.076091 2.353865 0.827762
    endloop
  endfacet
  facet normal 0.000000 0.000000 1.000000
    outer loop
      vertex -5.076091 2.353865 0.827762
      vertex -4.650000 2.475000 0.500000
      vertex -4.650000 2.475000 0.500000
    endloop
  endfacet
  facet normal -0.166239 0.975455 0.144401
    outer loop
      vertex -5.076091 2.353865 0.827762
      vertex -4.650000 2.475000 0.500000
      vertex -5.206714 2.353865 0.677384
    endloop
  endfacet
  facet normal 0.000000 0.000000 1.000000
    outer loop
      vertex -5.206714 2.353865 0.677384
      vertex -4.650000 2.475000 0.500000
      vertex -4.650000 2.475000 0.500000
    endloop
  endfacet
  facet normal -0.196828 0.979116 0.050897
    outer loop
      vertex -5.206714 2.353865 0.677384
      vertex -4.650000 2.475000 0.500000
      vertex -5.252583 2.353865 0.500000
    endloop
  endfacet
  facet normal 0.946353 -0.319100 0.050897
    outer loop
      vertex -0.181587 -5.264518 0.500000
      vertex 0.014798 -4.682098 0.500000
      vertex -0.008136 -4.721822 0.677384
    endloop
  endfacet
  facet normal 0.000000 0.000000 1.000000
    outer loop
      vertex -0.181587 -5.264518 0.500000
      vertex -0.008136 -4.721822 0.677384
      vertex -0.181587 -5.264518 0.500000
    endloop
  endfacet
  facet normal 0.927889 -0.343760 0.144401
    outer loop
      vertex -0.181587 -5.264518 0.500000
      vertex -0.008136 -4.721822 0.677384
      vertex -0.073448 -4.834945 0.827762
    endloop
  endfacet
  facet normal 0.000000 0.000000 1.000000
    outer loop
      vertex -0.181587 -5.264518 0.500000
      vertex -0.073448 -4.834945 0.827762
      vertex -0.181587 -5.264518 0.500000
    endloop
  endfacet
  facet normal 0.895594 -0.389482 0.214979
    outer loop
      vertex -0.181587 -5.264518 0.500000
      vertex -0.073448 -4.834945 0.827762
      vertex -0.171194 -5.004246 0.928242
    endloop
  endfacet
  facet normal 0.000000 0.000000 1.000000
    outer loop
      vertex -0.181587 -5.264518 0.500000
      vertex -0.171194 -5.004246 0.928242
      vertex -0.181587 -5.264518 0.500000
    endloop
  endfacet
  facet normal 0.856589 -0.449913 0.252654
    outer loop
      vertex -0.181587 -5.264518 0.500000
      vertex -0.171194 -5.004246 0.928242
      vertex -0.286493 -5.203951 0.963525
    endloop
  endfacet
  facet normal 0.000000 0.000000 1.000000
    outer loop
      vertex -0.181587 -5.264518 0.500000
      vertex -0.286493 -5.203951 0.963525
      vertex -0.181587 -5.264518 0.500000
    endloop
  endfacet
  facet normal 0.817930 -0.516871 0.252654
    outer loop
      vertex -0.181587 -5.264518 0.500000
      vertex -0.286493 -5.203951 0.963525
      vertex -0.401793 -5.403655 0.928242
    endloop
  endfacet
  facet normal 0.000000 0.000000 1.000000
    outer loop
      vertex -0.181587 -5.264518 0.500000
      vertex -0.401793 -5.403655 0.928242
      vertex -0.181587 -5.264518 0.500000
    endloop
  endfacet
  facet normal 0.785098 -0.580866 0.214979
    outer loop
      vertex -0.181587 -5.264518 0.500000
      vertex -0.401793 -5.403655 0.928242
      vertex -0.499539 -5.572956 0.827762
    endloop
  endfacet
  facet normal 0.000000 0.000000 1.000000
    outer loop
      vertex -0.181587 -5.264518 0.500000
      vertex -0.499539 -5.572956 0.827762
      vertex -0.181587 -5.264518 0.500000
    endloop
  endfacet
  facet normal 0.761650 -0.631695 0.144401
    outer loop
      vertex -0.181587 -5.264518 0.500000
      vertex -0.499539 -5.572956 0.827762
      vertex -0.564850 -5.686079 0.677384
    endloop
  endfacet
  facet normal 0.000000 0.000000 1.000000
    outer loop
      vertex -0.181587 -5.264518 0.500000
      vertex -0.564850 -5.686079 0.677384
      vertex -0.181587 -5.264518 0.500000
    endloop
  endfacet
  facet normal 0.749525 -0.660016 0.050897
    outer loop
      vertex -0.181587 -5.264518 0.500000
      vertex -0.564850 -5.686079 0.677384
      vertex -0.587785 -5.725803 0.500000
    endloop
  endfacet
  facet normal 0.000000 0.000000 1.000000
    outer loop
      vertex -0.181587 -5.264518 0.500000
      vertex -0.587785 -5.725803 0.500000
      vertex -0.181587 -5.264518 0.500000
    endloop
  endfacet
  facet normal 0.989024 0.049945 0.139059
    outer loop
      vertex 0.014798 -4.682098 0.500000
      vertex -0.017852 -4.035555 0.500000
      vertex -0.061476 -4.111113 0.837404
    endloop
  endfacet
  facet normal 0.989024 0.049945 0.139059
    outer loop
      vertex 0.014798 -4.682098 0.500000
      vertex -0.061476 -4.111113 0.837404
      vertex -0.008136 -4.721822 0.677384
    endloop
  endfacet
  facet normal 0.922550 -0.020392 0.385339
    outer loop
      vertex -0.008136 -4.721822 0.677384
      vertex -0.061476 -4.111113 0.837404
      vertex -0.185706 -4.326287 1.123440
    endloop
  endfacet
  facet normal 0.922550 -0.020392 0.385339
    outer loop
      vertex -0.008136 -4.721822 0.677384
      vertex -0.185706 -4.326287 1.123440
      vertex -0.073448 -4.834945 0.827762
    endloop
  endfacet
  facet normal 0.818737 -0.142609 0.556176
    outer loop
      vertex -0.073448 -4.834945 0.827762
      vertex -0.185706 -4.326287 1.123440
      vertex -0.371630 -4.648317 1.314564
    endloop
  endfacet
  facet normal 0.818737 -0.142609 0.556176
    outer loop
      vertex -0.073448 -4.834945 0.827762
      vertex -0.371630 -4.648317 1.314564
      vertex -0.171194 -5.004246 0.928242
    endloop
  endfacet
  facet normal 0.708690 -0.296014 0.640417
    outer loop
      vertex -0.171194 -5.004246 0.928242
      vertex -0.371630 -4.648317 1.314564
      vertex -0.590943 -5.028177 1.381678
    endloop
  endfacet
  facet normal 0.708690 -0.296014 0.640417
    outer loop
      vertex -0.171194 -5.004246 0.928242
      vertex -0.590943 -5.028177 1.381678
      vertex -0.286493 -5.203951 0.963525
    endloop
  endfacet
  facet normal 0.610701 -0.465737 0.640417
    outer loop
      vertex -0.286493 -5.203951 0.963525
      vertex -0.590943 -5.028177 1.381678
      vertex -0.810255 -5.408037 1.314564
    endloop
  endfacet
  facet normal 0.610701 -0.465737 0.640417
    outer loop
      vertex -0.286493 -5.203951 0.963525
      vertex -0.810255 -5.408037 1.314564
      vertex -0.401793 -5.403655 0.928242
    endloop
  endfacet
  facet normal 0.532872 -0.637743 0.556176
    outer loop
      vertex -0.401793 -5.403655 0.928242
      vertex -0.810255 -5.408037 1.314564
      vertex -0.996179 -5.730066 1.123440
    endloop
  endfacet
  facet normal 0.532872 -0.637743 0.556176
    outer loop
      vertex -0.401793 -5.403655 0.928242
      vertex -0.996179 -5.730066 1.123440
      vertex -0.499539 -5.572956 0.827762
    endloop
  endfacet
  facet normal 0.478935 -0.788756 0.385339
    outer loop
      vertex -0.499539 -5.572956 0.827762
      vertex -0.996179 -5.730066 1.123440
      vertex -1.120409 -5.945240 0.837404
    endloop
  endfacet
  facet normal 0.478935 -0.788756 0.385339
    outer loop
      vertex -0.499539 -5.572956 0.827762
      vertex -1.120409 -5.945240 0.837404
      vertex -0.564850 -5.686079 0.677384
    endloop
  endfacet
  facet normal 0.451258 -0.881492 0.139059
    outer loop
      vertex -0.564850 -5.686079 0.677384
      vertex -1.120409 -5.945240 0.837404
      vertex -1.164033 -6.020799 0.500000
    endloop
  endfacet
  facet normal 0.451258 -0.881492 0.139059
    outer loop
      vertex -0.564850 -5.686079 0.677384
      vertex -1.164033 -6.020799 0.500000
      vertex -0.587785 -5.725803 0.500000
    endloop
  endfacet
  facet normal 0.910120 0.363399 0.199053
    outer loop
      vertex -0.017852 -4.035555 0.500000
      vertex -0.276342 -3.388175 0.500000
      vertex -0.336385 -3.492173 0.964396
    endloop
  endfacet
  facet normal 0.910120 0.363399 0.199053
    outer loop
      vertex -0.017852 -4.035555 0.500000
      vertex -0.336385 -3.492173 0.964396
      vertex -0.061476 -4.111113 0.837404
    endloop
  endfacet
  facet normal 0.806412 0.248033 0.536823
    outer loop
      vertex -0.061476 -4.111113 0.837404
      vertex -0.336385 -3.492173 0.964396
      vertex -0.507374 -3.788334 1.358092
    endloop
  endfacet
  facet normal 0.806412 0.248033 0.536823
    outer loop
      vertex -0.061476 -4.111113 0.837404
      vertex -0.507374 -3.788334 1.358092
      vertex -0.185706 -4.326287 1.123440
    endloop
  endfacet
  facet normal 0.657550 0.065802 0.750532
    outer loop
      vertex -0.185706 -4.326287 1.123440
      vertex -0.507374 -3.788334 1.358092
      vertex -0.763276 -4.231570 1.621151
    endloop
  endfacet
  facet normal 0.657550 0.065802 0.750532
    outer loop
      vertex -0.185706 -4.326287 1.123440
      vertex -0.763276 -4.231570 1.621151
      vertex -0.371630 -4.648317 1.314564
    endloop
  endfacet
  facet normal 0.509942 -0.144596 0.847969
    outer loop
      vertex -0.371630 -4.648317 1.314564
      vertex -0.763276 -4.231570 1.621151
      vertex -1.065134 -4.754402 1.713525
    endloop
  endfacet
  facet normal 0.509942 -0.144596 0.847969
    outer loop
      vertex -0.371630 -4.648317 1.314564
      vertex -1.065134 -4.754402 1.713525
      vertex -0.590943 -5.028177 1.381678
    endloop
  endfacet
  facet normal 0.380195 -0.369325 0.847969
    outer loop
      vertex -0.590943 -5.028177 1.381678
      vertex -1.065134 -4.754402 1.713525
      vertex -1.366991 -5.277235 1.621151
    endloop
  endfacet
  facet normal 0.380195 -0.369325 0.847969
    outer loop
      vertex -0.590943 -5.028177 1.381678
      vertex -1.366991 -5.277235 1.621151
      vertex -0.810255 -5.408037 1.314564
    endloop
  endfacet
  facet normal 0.271788 -0.602356 0.750532
    outer loop
      vertex -0.810255 -5.408037 1.314564
      vertex -1.366991 -5.277235 1.621151
      vertex -1.622893 -5.720471 1.358092
    endloop
  endfacet
  facet normal 0.271788 -0.602356 0.750532
    outer loop
      vertex -0.810255 -5.408037 1.314564
      vertex -1.622893 -5.720471 1.358092
      vertex -0.996179 -5.730066 1.123440
    endloop
  endfacet
  facet normal 0.188403 -0.822390 0.536823
    outer loop
      vertex -0.996179 -5.730066 1.123440
      vertex -1.622893 -5.720471 1.358092
      vertex -1.793882 -6.016632 0.964396
    endloop
  endfacet
  facet normal 0.188403 -0.822390 0.536823
    outer loop
      vertex -0.996179 -5.730066 1.123440
      vertex -1.793882 -6.016632 0.964396
      vertex -1.120409 -5.945240 0.837404
    endloop
  endfacet
  facet normal 0.140347 -0.969887 0.199053
    outer loop
      vertex -1.120409 -5.945240 0.837404
      vertex -1.793882 -6.016632 0.964396
      vertex -1.853925 -6.120629 0.500000
    endloop
  endfacet
  facet normal 0.140347 -0.969887 0.199053
    outer loop
      vertex -1.120409 -5.945240 0.837404
      vertex -1.853925 -6.120629 0.500000
      vertex -1.164033 -6.020799 0.500000
    endloop
  endfacet
  facet normal 0.764925 0.600366 0.233347
    outer loop
      vertex -0.276342 -3.388175 0.500000
      vertex -0.735369 -2.803330 0.500000
      vertex -0.805954 -2.925587 1.045930
    endloop
  endfacet
  facet normal 0.764925 0.600366 0.233347
    outer loop
      vertex -0.276342 -3.388175 0.500000
      vertex -0.805954 -2.925587 1.045930
      vertex -0.336385 -3.492173 0.964396
    endloop
  endfacet
  facet normal 0.646979 0.447334 0.617504
    outer loop
      vertex -0.336385 -3.492173 0.964396
      vertex -0.805954 -2.925587 1.045930
      vertex -1.006963 -3.273745 1.508748
    endloop
  endfacet
  facet normal 0.646979 0.447334 0.617504
    outer loop
      vertex -0.336385 -3.492173 0.964396
      vertex -1.006963 -3.273745 1.508748
      vertex -0.507374 -3.788334 1.358092
    endloop
  endfacet
  facet normal 0.484350 0.222520 0.846103
    outer loop
      vertex -0.507374 -3.788334 1.358092
      vertex -1.006963 -3.273745 1.508748
      vertex -1.307794 -3.794800 1.817992
    endloop
  endfacet
  facet normal 0.484350 0.222520 0.846103
    outer loop
      vertex -0.507374 -3.788334 1.358092
      vertex -1.307794 -3.794800 1.817992
      vertex -0.763276 -4.231570 1.621151
    endloop
  endfacet
  facet normal 0.325168 -0.020697 0.945430
    outer loop
      vertex -0.763276 -4.231570 1.621151
      vertex -1.307794 -3.794800 1.817992
      vertex -1.662649 -4.409427 1.926585
    endloop
  endfacet
  facet normal 0.325168 -0.020697 0.945430
    outer loop
      vertex -0.763276 -4.231570 1.621151
      vertex -1.662649 -4.409427 1.926585
      vertex -1.065134 -4.754402 1.713525
    endloop
  endfacet
  facet normal 0.180508 -0.271255 0.945430
    outer loop
      vertex -1.065134 -4.754402 1.713525
      vertex -1.662649 -4.409427 1.926585
      vertex -2.017504 -5.024053 1.817992
    endloop
  endfacet
  facet normal 0.180508 -0.271255 0.945430
    outer loop
      vertex -1.065134 -4.754402 1.713525
      vertex -2.017504 -5.024053 1.817992
      vertex -1.366991 -5.277235 1.621151
    endloop
  endfacet
  facet normal 0.049468 -0.530720 0.846103
    outer loop
      vertex -1.366991 -5.277235 1.621151
      vertex -2.017504 -5.024053 1.817992
      vertex -2.318335 -5.545108 1.508748
    endloop
  endfacet
  facet normal 0.049468 -0.530720 0.846103
    outer loop
      vertex -1.366991 -5.277235 1.621151
      vertex -2.318335 -5.545108 1.508748
      vertex -1.622893 -5.720471 1.358092
    endloop
  endfacet
  facet normal -0.063913 -0.783967 0.617504
    outer loop
      vertex -1.622893 -5.720471 1.358092
      vertex -2.318335 -5.545108 1.508748
      vertex -2.519344 -5.893266 1.045930
    endloop
  endfacet
  facet normal -0.063913 -0.783967 0.617504
    outer loop
      vertex -1.622893 -5.720471 1.358092
      vertex -2.519344 -5.893266 1.045930
      vertex -1.793882 -6.016632 0.964396
    endloop
  endfacet
  facet normal -0.137470 -0.962627 0.233347
    outer loop
      vertex -1.793882 -6.016632 0.964396
      vertex -2.519344 -5.893266 1.045930
      vertex -2.589929 -6.015523 0.500000
    endloop
  endfacet
  facet normal -0.137470 -0.962627 0.233347
    outer loop
      vertex -1.793882 -6.016632 0.964396
      vertex -2.589929 -6.015523 0.500000
      vertex -1.853925 -6.120629 0.500000
    endloop
  endfacet
  facet normal 0.584456 0.772423 0.248544
    outer loop
      vertex -0.735369 -2.803330 0.500000
      vertex -1.350000 -2.338269 0.500000
      vertex -1.424217 -2.466817 1.074025
    endloop
  endfacet
  facet normal 0.584456 0.772423 0.248544
    outer loop
      vertex -0.735369 -2.803330 0.500000
      vertex -1.424217 -2.466817 1.074025
      vertex -0.805954 -2.925587 1.045930
    endloop
  endfacet
  facet normal 0.470818 0.594586 0.651765
    outer loop
      vertex -0.805954 -2.925587 1.045930
      vertex -1.424217 -2.466817 1.074025
      vertex -1.635571 -2.832892 1.560660
    endloop
  endfacet
  facet normal 0.470818 0.594586 0.651765
    outer loop
      vertex -0.805954 -2.925587 1.045930
      vertex -1.635571 -2.832892 1.560660
      vertex -1.006963 -3.273745 1.508748
    endloop
  endfacet
  facet normal 0.314192 0.343799 0.884921
    outer loop
      vertex -1.006963 -3.273745 1.508748
      vertex -1.635571 -2.832892 1.560660
      vertex -1.951884 -3.380762 1.885819
    endloop
  endfacet
  facet normal 0.314192 0.343799 0.884921
    outer loop
      vertex -1.006963 -3.273745 1.508748
      vertex -1.951884 -3.380762 1.885819
      vertex -1.307794 -3.794800 1.817992
    endloop
  endfacet
  facet normal 0.157093 0.083169 0.984076
    outer loop
      vertex -1.307794 -3.794800 1.817992
      vertex -1.951884 -3.380762 1.885819
      vertex -2.325000 -4.027018 2.000000
    endloop
  endfacet
  facet normal 0.157093 0.083169 0.984076
    outer loop
      vertex -1.307794 -3.794800 1.817992
      vertex -2.325000 -4.027018 2.000000
      vertex -1.662649 -4.409427 1.926585
    endloop
  endfacet
  facet normal 0.006520 -0.177631 0.984076
    outer loop
      vertex -1.662649 -4.409427 1.926585
      vertex -2.325000 -4.027018 2.000000
      vertex -2.698116 -4.673275 1.885819
    endloop
  endfacet
  facet normal 0.006520 -0.177631 0.984076
    outer loop
      vertex -1.662649 -4.409427 1.926585
      vertex -2.698116 -4.673275 1.885819
      vertex -2.017504 -5.024053 1.817992
    endloop
  endfacet
  facet normal -0.140643 -0.443998 0.884921
    outer loop
      vertex -2.017504 -5.024053 1.817992
      vertex -2.698116 -4.673275 1.885819
      vertex -3.014429 -5.221144 1.560660
    endloop
  endfacet
  facet normal -0.140643 -0.443998 0.884921
    outer loop
      vertex -2.017504 -5.024053 1.817992
      vertex -3.014429 -5.221144 1.560660
      vertex -2.318335 -5.545108 1.508748
    endloop
  endfacet
  facet normal -0.279518 -0.705033 0.651765
    outer loop
      vertex -2.318335 -5.545108 1.508748
      vertex -3.014429 -5.221144 1.560660
      vertex -3.225783 -5.587219 1.074025
    endloop
  endfacet
  facet normal -0.279518 -0.705033 0.651765
    outer loop
      vertex -2.318335 -5.545108 1.508748
      vertex -3.225783 -5.587219 1.074025
      vertex -2.519344 -5.893266 1.045930
    endloop
  endfacet
  facet normal -0.376710 -0.892365 0.248544
    outer loop
      vertex -2.519344 -5.893266 1.045930
      vertex -3.225783 -5.587219 1.074025
      vertex -3.300000 -5.715768 0.500000
    endloop
  endfacet
  facet normal -0.376710 -0.892365 0.248544
    outer loop
      vertex -2.519344 -5.893266 1.045930
      vertex -3.300000 -5.715768 0.500000
      vertex -2.589929 -6.015523 0.500000
    endloop
  endfacet
  facet normal 0.376710 0.892365 0.248544
    outer loop
      vertex -1.350000 -2.338269 0.500000
      vertex -2.060071 -2.038513 0.500000
      vertex -2.130656 -2.160770 1.045930
    endloop
  endfacet
  facet normal 0.376710 0.892365 0.248544
    outer loop
      vertex -1.350000 -2.338269 0.500000
      vertex -2.130656 -2.160770 1.045930
      vertex -1.424217 -2.466817 1.074025
    endloop
  endfacet
  facet normal 0.279518 0.705033 0.651765
    outer loop
      vertex -1.424217 -2.466817 1.074025
      vertex -2.130656 -2.160770 1.045930
      vertex -2.331665 -2.508928 1.508748
    endloop
  endfacet
  facet normal 0.279518 0.705033 0.651765
    outer loop
      vertex -1.424217 -2.466817 1.074025
      vertex -2.331665 -2.508928 1.508748
      vertex -1.635571 -2.832892 1.560660
    endloop
  endfacet
  facet normal 0.140643 0.443998 0.884921
    outer loop
      vertex -1.635571 -2.832892 1.560660
      vertex -2.331665 -2.508928 1.508748
      vertex -2.632496 -3.029983 1.817992
    endloop
  endfacet
  facet normal 0.140643 0.443998 0.884921
    outer loop
      vertex -1.635571 -2.832892 1.560660
      vertex -2.632496 -3.029983 1.817992
      vertex -1.951884 -3.380762 1.885819
    endloop
  endfacet
  facet normal -0.006520 0.177631 0.984076
    outer loop
      vertex -1.951884 -3.380762 1.885819
      vertex -2.632496 -3.029983 1.817992
      vertex -2.987351 -3.644610 1.926585
    endloop
  endfacet
  facet normal -0.006520 0.177631 0.984076
    outer loop
      vertex -1.951884 -3.380762 1.885819
      vertex -2.987351 -3.644610 1.926585
      vertex -2.325000 -4.027018 2.000000
    endloop
  endfacet
  facet normal -0.157093 -0.083169 0.984076
    outer loop
      vertex -2.325000 -4.027018 2.000000
      vertex -2.987351 -3.644610 1.926585
      vertex -3.342206 -4.259236 1.817992
    endloop
  endfacet
  facet normal -0.157093 -0.083169 0.984076
    outer loop
      vertex -2.325000 -4.027018 2.000000
      vertex -3.342206 -4.259236 1.817992
      vertex -2.698116 -4.673275 1.885819
    endloop
  endfacet
  facet normal -0.314192 -0.343799 0.884921
    outer loop
      vertex -2.698116 -4.673275 1.885819
      vertex -3.342206 -4.259236 1.817992
      vertex -3.643037 -4.780291 1.508748
    endloop
  endfacet
  facet normal -0.314192 -0.343799 0.884921
    outer loop
      vertex -2.698116 -4.673275 1.885819
      vertex -3.643037 -4.780291 1.508748
      vertex -3.014429 -5.221144 1.560660
    endloop
  endfacet
  facet normal -0.470818 -0.594586 0.651765
    outer loop
      vertex -3.014429 -5.221144 1.560660
      vertex -3.643037 -4.780291 1.508748
      vertex -3.844046 -5.128449 1.045930
    endloop
  endfacet
  facet normal -0.470818 -0.594586 0.651765
    outer loop
      vertex -3.014429 -5.221144 1.560660
      vertex -3.844046 -5.128449 1.045930
      vertex -3.225783 -5.587219 1.074025
    endloop
  endfacet
  facet normal -0.584456 -0.772423 0.248544
    outer loop
      vertex -3.225783 -5.587219 1.074025
      vertex -3.844046 -5.128449 1.045930
      vertex -3.914631 -5.250706 0.500000
    endloop
  endfacet
  facet normal -0.584456 -0.772423 0.248544
    outer loop
      vertex -3.225783 -5.587219 1.074025
      vertex -3.914631 -5.250706 0.500000
      vertex -3.300000 -5.715768 0.500000
    endloop
  endfacet
  facet normal 0.137470 0.962627 0.233347
    outer loop
      vertex -2.060071 -2.038513 0.500000
      vertex -2.796075 -1.933407 0.500000
      vertex -2.856118 -2.037405 0.964396
    endloop
  endfacet
  facet normal 0.137470 0.962627 0.233347
    outer loop
      vertex -2.060071 -2.038513 0.500000
      vertex -2.856118 -2.037405 0.964396
      vertex -2.130656 -2.160770 1.045930
    endloop
  endfacet
  facet normal 0.063913 0.783967 0.617504
    outer loop
      vertex -2.130656 -2.160770 1.045930
      vertex -2.856118 -2.037405 0.964396
      vertex -3.027107 -2.333565 1.358092
    endloop
  endfacet
  facet normal 0.063913 0.783967 0.617504
    outer loop
      vertex -2.130656 -2.160770 1.045930
      vertex -3.027107 -2.333565 1.358092
      vertex -2.331665 -2.508928 1.508748
    endloop
  endfacet
  facet normal -0.049468 0.530720 0.846103
    outer loop
      vertex -2.331665 -2.508928 1.508748
      vertex -3.027107 -2.333565 1.358092
      vertex -3.283009 -2.776801 1.621151
    endloop
  endfacet
  facet normal -0.049468 0.530720 0.846103
    outer loop
      vertex -2.331665 -2.508928 1.508748
      vertex -3.283009 -2.776801 1.621151
      vertex -2.632496 -3.029983 1.817992
    endloop
  endfacet
  facet normal -0.180508 0.271255 0.945430
    outer loop
      vertex -2.632496 -3.029983 1.817992
      vertex -3.283009 -2.776801 1.621151
      vertex -3.584866 -3.299634 1.713525
    endloop
  endfacet
  facet normal -0.180508 0.271255 0.945430
    outer loop
      vertex -2.632496 -3.029983 1.817992
      vertex -3.584866 -3.299634 1.713525
      vertex -2.987351 -3.644610 1.926585
    endloop
  endfacet
  facet normal -0.325168 0.020697 0.945430
    outer loop
      vertex -2.987351 -3.644610 1.926585
      vertex -3.584866 -3.299634 1.713525
      vertex -3.886724 -3.822466 1.621151
    endloop
  endfacet
  facet normal -0.325168 0.020697 0.945430
    outer loop
      vertex -2.987351 -3.644610 1.926585
      vertex -3.886724 -3.822466 1.621151
      vertex -3.342206 -4.259236 1.817992
    endloop
  endfacet
  facet normal -0.484350 -0.222520 0.846103
    outer loop
      vertex -3.342206 -4.259236 1.817992
      vertex -3.886724 -3.822466 1.621151
      vertex -4.142626 -4.265702 1.358092
    endloop
  endfacet
  facet normal -0.484350 -0.222520 0.846103
    outer loop
      vertex -3.342206 -4.259236 1.817992
      vertex -4.142626 -4.265702 1.358092
      vertex -3.643037 -4.780291 1.508748
    endloop
  endfacet
  facet normal -0.646979 -0.447334 0.617504
    outer loop
      vertex -3.643037 -4.780291 1.508748
      vertex -4.142626 -4.265702 1.358092
      vertex -4.313615 -4.561863 0.964396
    endloop
  endfacet
  facet normal -0.646979 -0.447334 0.617504
    outer loop
      vertex -3.643037 -4.780291 1.508748
      vertex -4.313615 -4.561863 0.964396
      vertex -3.844046 -5.128449 1.045930
    endloop
  endfacet
  facet normal -0.764925 -0.600366 0.233347
    outer loop
      vertex -3.844046 -5.128449 1.045930
      vertex -4.313615 -4.561863 0.964396
      vertex -4.373658 -4.665861 0.500000
    endloop
  endfacet
  facet normal -0.764925 -0.600366 0.233347
    outer loop
      vertex -3.844046 -5.128449 1.045930
      vertex -4.373658 -4.665861 0.500000
      vertex -3.914631 -5.250706 0.500000
    endloop
  endfacet
  facet normal -0.140347 0.969887 0.199053
    outer loop
      vertex -2.796075 -1.933407 0.500000
      vertex -3.485967 -2.033238 0.500000
      vertex -3.529591 -2.108796 0.837404
    endloop
  endfacet
  facet normal -0.140347 0.969887 0.199053
    outer loop
      vertex -2.796075 -1.933407 0.500000
      vertex -3.529591 -2.108796 0.837404
      vertex -2.856118 -2.037405 0.964396
    endloop
  endfacet
  facet normal -0.188403 0.822390 0.536823
    outer loop
      vertex -2.856118 -2.037405 0.964396
      vertex -3.529591 -2.108796 0.837404
      vertex -3.653821 -2.323970 1.123440
    endloop
  endfacet
  facet normal -0.188403 0.822390 0.536823
    outer loop
      vertex -2.856118 -2.037405 0.964396
      vertex -3.653821 -2.323970 1.123440
      vertex -3.027107 -2.333565 1.358092
    endloop
  endfacet
  facet normal -0.271788 0.602356 0.750532
    outer loop
      vertex -3.027107 -2.333565 1.358092
      vertex -3.653821 -2.323970 1.123440
      vertex -3.839745 -2.646000 1.314564
    endloop
  endfacet
  facet normal -0.271788 0.602356 0.750532
    outer loop
      vertex -3.027107 -2.333565 1.358092
      vertex -3.839745 -2.646000 1.314564
      vertex -3.283009 -2.776801 1.621151
    endloop
  endfacet
  facet normal -0.380195 0.369325 0.847969
    outer loop
      vertex -3.283009 -2.776801 1.621151
      vertex -3.839745 -2.646000 1.314564
      vertex -4.059057 -3.025860 1.381678
    endloop
  endfacet
  facet normal -0.380195 0.369325 0.847969
    outer loop
      vertex -3.283009 -2.776801 1.621151
      vertex -4.059057 -3.025860 1.381678
      vertex -3.584866 -3.299634 1.713525
    endloop
  endfacet
  facet normal -0.509942 0.144596 0.847969
    outer loop
      vertex -3.584866 -3.299634 1.713525
      vertex -4.059057 -3.025860 1.381678
      vertex -4.278370 -3.405720 1.314564
    endloop
  endfacet
  facet normal -0.509942 0.144596 0.847969
    outer loop
      vertex -3.584866 -3.299634 1.713525
      vertex -4.278370 -3.405720 1.314564
      vertex -3.886724 -3.822466 1.621151
    endloop
  endfacet
  facet normal -0.657550 -0.065802 0.750532
    outer loop
      vertex -3.886724 -3.822466 1.621151
      vertex -4.278370 -3.405720 1.314564
      vertex -4.464294 -3.727749 1.123440
    endloop
  endfacet
  facet normal -0.657550 -0.065802 0.750532
    outer loop
      vertex -3.886724 -3.822466 1.621151
      vertex -4.464294 -3.727749 1.123440
      vertex -4.142626 -4.265702 1.358092
    endloop
  endfacet
  facet normal -0.806412 -0.248033 0.536823
    outer loop
      vertex -4.142626 -4.265702 1.358092
      vertex -4.464294 -3.727749 1.123440
      vertex -4.588524 -3.942923 0.837404
    endloop
  endfacet
  facet normal -0.806412 -0.248033 0.536823
    outer loop
      vertex -4.142626 -4.265702 1.358092
      vertex -4.588524 -3.942923 0.837404
      vertex -4.313615 -4.561863 0.964396
    endloop
  endfacet
  facet normal -0.910120 -0.363399 0.199053
    outer loop
      vertex -4.313615 -4.561863 0.964396
      vertex -4.588524 -3.942923 0.837404
      vertex -4.632148 -4.018482 0.500000
    endloop
  endfacet
  facet normal -0.910120 -0.363399 0.199053
    outer loop
      vertex -4.313615 -4.561863 0.964396
      vertex -4.632148 -4.018482 0.500000
      vertex -4.373658 -4.665861 0.500000
    endloop
  endfacet
  facet normal -0.451258 0.881492 0.139059
    outer loop
      vertex -3.485967 -2.033238 0.500000
      vertex -4.062215 -2.328233 0.500000
      vertex -4.085150 -2.367957 0.677384
    endloop
  endfacet
  facet normal -0.451258 0.881492 0.139059
    outer loop
      vertex -3.485967 -2.033238 0.500000
      vertex -4.085150 -2.367957 0.677384
      vertex -3.529591 -2.108796 0.837404
    endloop
  endfacet
  facet normal -0.478935 0.788756 0.385339
    outer loop
      vertex -3.529591 -2.108796 0.837404
      vertex -4.085150 -2.367957 0.677384
      vertex -4.150461 -2.481080 0.827762
    endloop
  endfacet
  facet normal -0.478935 0.788756 0.385339
    outer loop
      vertex -3.529591 -2.108796 0.837404
      vertex -4.150461 -2.481080 0.827762
      vertex -3.653821 -2.323970 1.123440
    endloop
  endfacet
  facet normal -0.532872 0.637743 0.556176
    outer loop
      vertex -3.653821 -2.323970 1.123440
      vertex -4.150461 -2.481080 0.827762
      vertex -4.248207 -2.650381 0.928242
    endloop
  endfacet
  facet normal -0.532872 0.637743 0.556176
    outer loop
      vertex -3.653821 -2.323970 1.123440
      vertex -4.248207 -2.650381 0.928242
      vertex -3.839745 -2.646000 1.314564
    endloop
  endfacet
  facet normal -0.610701 0.465737 0.640417
    outer loop
      vertex -3.839745 -2.646000 1.314564
      vertex -4.248207 -2.650381 0.928242
      vertex -4.363507 -2.850086 0.963525
    endloop
  endfacet
  facet normal -0.610701 0.465737 0.640417
    outer loop
      vertex -3.839745 -2.646000 1.314564
      vertex -4.363507 -2.850086 0.963525
      vertex -4.059057 -3.025860 1.381678
    endloop
  endfacet
  facet normal -0.708690 0.296014 0.640417
    outer loop
      vertex -4.059057 -3.025860 1.381678
      vertex -4.363507 -2.850086 0.963525
      vertex -4.478806 -3.049790 0.928242
    endloop
  endfacet
  facet normal -0.708690 0.296014 0.640417
    outer loop
      vertex -4.059057 -3.025860 1.381678
      vertex -4.478806 -3.049790 0.928242
      vertex -4.278370 -3.405720 1.314564
    endloop
  endfacet
  facet normal -0.818737 0.142609 0.556176
    outer loop
      vertex -4.278370 -3.405720 1.314564
      vertex -4.478806 -3.049790 0.928242
      vertex -4.576552 -3.219091 0.827762
    endloop
  endfacet
  facet normal -0.818737 0.142609 0.556176
    outer loop
      vertex -4.278370 -3.405720 1.314564
      vertex -4.576552 -3.219091 0.827762
      vertex -4.464294 -3.727749 1.123440
    endloop
  endfacet
  facet normal -0.922550 0.020392 0.385339
    outer loop
      vertex -4.464294 -3.727749 1.123440
      vertex -4.576552 -3.219091 0.827762
      vertex -4.641864 -3.332214 0.677384
    endloop
  endfacet
  facet normal -0.922550 0.020392 0.385339
    outer loop
      vertex -4.464294 -3.727749 1.123440
      vertex -4.641864 -3.332214 0.677384
      vertex -4.588524 -3.942923 0.837404
    endloop
  endfacet
  facet normal -0.989024 -0.049945 0.139059
    outer loop
      vertex -4.588524 -3.942923 0.837404
      vertex -4.641864 -3.332214 0.677384
      vertex -4.664798 -3.371938 0.500000
    endloop
  endfacet
  facet normal -0.989024 -0.049945 0.139059
    outer loop
      vertex -4.588524 -3.942923 0.837404
      vertex -4.664798 -3.371938 0.500000
      vertex -4.632148 -4.018482 0.500000
    endloop
  endfacet
  facet normal 0.000000 0.000000 1.000000
    outer loop
      vertex -4.062215 -2.328233 0.500000
      vertex -4.468413 -2.789518 0.500000
      vertex -4.468413 -2.789518 0.500000
    endloop
  endfacet
  facet normal -0.749525 0.660016 0.050897
    outer loop
      vertex -4.062215 -2.328233 0.500000
      vertex -4.468413 -2.789518 0.500000
      vertex -4.085150 -2.367957 0.677384
    endloop
  endfacet
  facet normal 0.000000 0.000000 1.000000
    outer loop
      vertex -4.085150 -2.367957 0.677384
      vertex -4.468413 -2.789518 0.500000
      vertex -4.468413 -2.789518 0.500000
    endloop
  endfacet
  facet normal -0.761650 0.631695 0.144401
    outer loop
      vertex -4.085150 -2.367957 0.677384
      vertex -4.468413 -2.789518 0.500000
      vertex -4.150461 -2.481080 0.827762
    endloop
  endfacet
  facet normal 0.000000 0.000000 1.000000
    outer loop
      vertex -4.150461 -2.481080 0.827762
      vertex -4.468413 -2.789518 0.500000
      vertex -4.468413 -2.789518 0.500000
    endloop
  endfacet
  facet normal -0.785098 0.580866 0.214979
    outer loop
      vertex -4.150461 -2.481080 0.827762
      vertex -4.468413 -2.789518 0.500000
      vertex -4.248207 -2.650381 0.928242
    endloop
  endfacet
  facet normal 0.000000 0.000000 1.000000
    outer loop
      vertex -4.248207 -2.650381 0.928242
      vertex -4.468413 -2.789518 0.500000
      vertex -4.468413 -2.789518 0.500000
    endloop
  endfacet
  facet normal -0.817930 0.516871 0.252654
    outer loop
      vertex -4.248207 -2.650381 0.928242
      vertex -4.468413 -2.789518 0.500000
      vertex -4.363507 -2.850086 0.963525
    endloop
  endfacet
  facet normal 0.000000 0.000000 1.000000
    outer loop
      vertex -4.363507 -2.850086 0.963525
      vertex -4.468413 -2.789518 0.500000
      vertex -4.468413 -2.789518 0.500000
    endloop
  endfacet
  facet normal -0.856589 0.449913 0.252654
    outer loop
      vertex -4.363507 -2.850086 0.963525
      vertex -4.468413 -2.789518 0.500000
      vertex -4.478806 -3.049790 0.928242
    endloop
  endfacet
  facet normal 0.000000 0.000000 1.000000
    outer loop
      vertex -4.478806 -3.049790 0.928242
      vertex -4.468413 -2.789518 0.500000
      vertex -4.468413 -2.789518 0.500000
    endloop
  endfacet
  facet normal -0.895594 0.389482 0.214979
    outer loop
      vertex -4.478806 -3.049790 0.928242
      vertex -4.468413 -2.789518 0.500000
      vertex -4.576552 -3.219091 0.827762
    endloop
  endfacet
  facet normal 0.000000 0.000000 1.000000
    outer loop
      vertex -4.576552 -3.219091 0.827762
      vertex -4.468413 -2.789518 0.500000
      vertex -4.468413 -2.789518 0.500000
    endloop
  endfacet
  facet normal -0.927889 0.343760 0.144401
    outer loop
      vertex -4.576552 -3.219091 0.827762
      vertex -4.468413 -2.789518 0.500000
      vertex -4.641864 -3.332214 0.677384
    endloop
  endfacet
  facet normal 0.000000 0.000000 1.000000
    outer loop
      vertex -4.641864 -3.332214 0.677384
      vertex -4.468413 -2.789518 0.500000
      vertex -4.468413 -2.789518 0.500000
    endloop
  endfacet
  facet normal -0.946353 0.319100 0.050897
    outer loop
      vertex -4.641864 -3.332214 0.677384
      vertex -4.468413 -2.789518 0.500000
      vertex -4.664798 -3.371938 0.500000
    endloop
  endfacet
  facet normal 0.749525 0.660016 0.050897
    outer loop
      vertex 4.468413 -2.789518 0.500000
      vertex 4.062215 -2.328233 0.500000
      vertex 4.085150 -2.367957 0.677384
    endloop
  endfacet
  facet normal 0.000000 0.000000 1.000000
    outer loop
      vertex 4.468413 -2.789518 0.500000
      vertex 4.085150 -2.367957 0.677384
      vertex 4.468413 -2.789518 0.500000
    endloop
  endfacet
  facet normal 0.761650 0.631695 0.144401
    outer loop
      vertex 4.468413 -2.789518 0.500000
      vertex 4.085150 -2.367957 0.677384
      vertex 4.150461 -2.481080 0.827762
    endloop
  endfacet
  facet normal 0.000000 0.000000 1.000000
    outer loop
      vertex 4.468413 -2.789518 0.500000
      vertex 4.150461 -2.481080 0.827762
      vertex 4.468413 -2.789518 0.500000
    endloop
  endfacet
  facet normal 0.785098 0.580866 0.214979
    outer loop
      vertex 4.468413 -2.789518 0.500000
      vertex 4.150461 -2.481080 0.827762
      vertex 4.248207 -2.650381 0.928242
    endloop
  endfacet
  facet normal 0.000000 0.000000 1.000000
    outer loop
      vertex 4.468413 -2.789518 0.500000
      vertex 4.248207 -2.650381 0.928242
      vertex 4.468413 -2.789518 0.500000
    endloop
  endfacet
  facet normal 0.817930 0.516871 0.252654
    outer loop
      vertex 4.468413 -2.789518 0.500000
      vertex 4.248207 -2.650381 0.928242
      vertex 4.363507 -2.850086 0.963525
    endloop
  endfacet
  facet normal 0.000000 0.000000 1.000000
    outer loop
      vertex 4.468413 -2.789518 0.500000
      vertex 4.363507 -2.850086 0.963525
      vertex 4.468413 -2.789518 0.500000
    endloop
  endfacet
  facet normal 0.856589 0.449913 0.252654
    outer loop
      vertex 4.468413 -2.789518 0.500000
      vertex 4.363507 -2.850086 0.963525
      vertex 4.478806 -3.049790 0.928242
    endloop
  endfacet
  facet normal 0.000000 0.000000 1.000000
    outer loop
      vertex 4.468413 -2.789518 0.500000
      vertex 4.478806 -3.049790 0.928242
      vertex 4.468413 -2.789518 0.500000
    endloop
  endfacet
  facet normal 0.895594 0.389482 0.214979
    outer loop
      vertex 4.468413 -2.789518 0.500000
      vertex 4.478806 -3.049790 0.928242
      vertex 4.576552 -3.219091 0.827762
    endloop
  endfacet
  facet normal 0.000000 0.000000 1.000000
    outer loop
      vertex 4.468413 -2.789518 0.500000
      vertex 4.576552 -3.219091 0.827762
      vertex 4.468413 -2.789518 0.500000
    endloop
  endfacet
  facet normal 0.927889 0.343760 0.144401
    outer loop
      vertex 4.468413 -2.789518 0.500000
      vertex 4.576552 -3.219091 0.827762
      vertex 4.641864 -3.332214 0.677384
    endloop
  endfacet
  facet normal 0.000000 0.000000 1.000000
    outer loop
      vertex 4.468413 -2.789518 0.500000
      vertex 4.641864 -3.332214 0.677384
      vertex 4.468413 -2.789518 0.500000
    endloop
  endfacet
  facet normal 0.946353 0.319100 0.050897
    outer loop
      vertex 4.468413 -2.789518 0.500000
      vertex 4.641864 -3.332214 0.677384
      vertex 4.664798 -3.371938 0.500000
    endloop
  endfacet
  facet normal 0.000000 0.000000 1.000000
    outer loop
      vertex 4.468413 -2.789518 0.500000
      vertex 4.664798 -3.371938 0.500000
      vertex 4.468413 -2.789518 0.500000
    endloop
  endfacet
  facet normal 0.451258 0.881492 0.139059
    outer loop
      vertex 4.062215 -2.328233 0.500000
      vertex 3.485967 -2.033238 0.500000
      vertex 3.529591 -2.108796 0.837404
    endloop
  endfacet
  facet normal 0.451258 0.881492 0.139059
    outer loop
      vertex 4.062215 -2.328233 0.500000
      vertex 3.529591 -2.108796 0.837404
      vertex 4.085150 -2.367957 0.677384
    endloop
  endfacet
  facet normal 0.478935 0.788756 0.385339
    outer loop
      vertex 4.085150 -2.367957 0.677384
      vertex 3.529591 -2.108796 0.837404
      vertex 3.653821 -2.323970 1.123440
    endloop
  endfacet
  facet normal 0.478935 0.788756 0.385339
    outer loop
      vertex 4.085150 -2.367957 0.677384
      vertex 3.653821 -2.323970 1.123440
      vertex 4.150461 -2.481080 0.827762
    endloop
  endfacet
  facet normal 0.532872 0.637743 0.556176
    outer loop
      vertex 4.150461 -2.481080 0.827762
      vertex 3.653821 -2.323970 1.123440
      vertex 3.839745 -2.646000 1.314564
    endloop
  endfacet
  facet normal 0.532872 0.637743 0.556176
    outer loop
      vertex 4.150461 -2.481080 0.827762
      vertex 3.839745 -2.646000 1.314564
      vertex 4.248207 -2.650381 0.928242
    endloop
  endfacet
  facet normal 0.610701 0.465737 0.640417
    outer loop
      vertex 4.248207 -2.650381 0.928242
      vertex 3.839745 -2.646000 1.314564
      vertex 4.059057 -3.025860 1.381678
    endloop
  endfacet
  facet normal 0.610701 0.465737 0.640417
    outer loop
      vertex 4.248207 -2.650381 0.928242
      vertex 4.059057 -3.025860 1.381678
      vertex 4.363507 -2.850086 0.963525
    endloop
  endfacet
  facet normal 0.708690 0.296014 0.640417
    outer loop
      vertex 4.363507 -2.850086 0.963525
      vertex 4.059057 -3.025860 1.381678
      vertex 4.278370 -3.405720 1.314564
    endloop
  endfacet
  facet normal 0.708690 0.296014 0.640417
    outer loop
      vertex 4.363507 -2.850086 0.963525
      vertex 4.278370 -3.405720 1.314564
      vertex 4.478806 -3.049790 0.928242
    endloop
  endfacet
  facet normal 0.818737 0.142609 0.556176
    outer loop
      vertex 4.478806 -3.049790 0.928242
      vertex 4.278370 -3.405720 1.314564
      vertex 4.464294 -3.727749 1.123440
    endloop
  endfacet
  facet normal 0.818737 0.142609 0.556176
    outer loop
      vertex 4.478806 -3.049790 0.928242
      vertex 4.464294 -3.727749 1.123440
      vertex 4.576552 -3.219091 0.827762
    endloop
  endfacet
  facet normal 0.922550 0.020392 0.385339
    outer loop
      vertex 4.576552 -3.219091 0.827762
      vertex 4.464294 -3.727749 1.123440
      vertex 4.588524 -3.942923 0.837404
    endloop
  endfacet
  facet normal 0.922550 0.020392 0.385339
    outer loop
      vertex 4.576552 -3.219091 0.827762
      vertex 4.588524 -3.942923 0.837404
      vertex 4.641864 -3.332214 0.677384
    endloop
  endfacet
  facet normal 0.989024 -0.049945 0.139059
    outer loop
      vertex 4.641864 -3.332214 0.677384
      vertex 4.588524 -3.942923 0.837404
      vertex 4.632148 -4.018482 0.500000
    endloop
  endfacet
  facet normal 0.989024 -0.049945 0.139059
    outer loop
      vertex 4.641864 -3.332214 0.677384
      vertex 4.632148 -4.018482 0.500000
      vertex 4.664798 -3.371938 0.500000
    endloop
  endfacet
  facet normal 0.140347 0.969887 0.199053
    outer loop
      vertex 3.485967 -2.033238 0.500000
      vertex 2.796075 -1.933407 0.500000
      vertex 2.856118 -2.037405 0.964396
    endloop
  endfacet
  facet normal 0.140347 0.969887 0.199053
    outer loop
      vertex 3.485967 -2.033238 0.500000
      vertex 2.856118 -2.037405 0.964396
      vertex 3.529591 -2.108796 0.837404
    endloop
  endfacet
  facet normal 0.188403 0.822390 0.536823
    outer loop
      vertex 3.529591 -2.108796 0.837404
      vertex 2.856118 -2.037405 0.964396
      vertex 3.027107 -2.333565 1.358092
    endloop
  endfacet
  facet normal 0.188403 0.822390 0.536823
    outer loop
      vertex 3.529591 -2.108796 0.837404
      vertex 3.027107 -2.333565 1.358092
      vertex 3.653821 -2.323970 1.123440
    endloop
  endfacet
  facet normal 0.271788 0.602356 0.750532
    outer loop
      vertex 3.653821 -2.323970 1.123440
      vertex 3.027107 -2.333565 1.358092
      vertex 3.283009 -2.776801 1.621151
    endloop
  endfacet
  facet normal 0.271788 0.602356 0.750532
    outer loop
      vertex 3.653821 -2.323970 1.123440
      vertex 3.283009 -2.776801 1.621151
      vertex 3.839745 -2.646000 1.314564
    endloop
  endfacet
  facet normal 0.380195 0.369325 0.847969
    outer loop
      vertex 3.839745 -2.646000 1.314564
      vertex 3.283009 -2.776801 1.621151
      vertex 3.584866 -3.299634 1.713525
    endloop
  endfacet
  facet normal 0.380195 0.369325 0.847969
    outer loop
      vertex 3.839745 -2.646000 1.314564
      vertex 3.584866 -3.299634 1.713525
      vertex 4.059057 -3.025860 1.381678
    endloop
  endfacet
  facet normal 0.509942 0.144596 0.847969
    outer loop
      vertex 4.059057 -3.025860 1.381678
      vertex 3.584866 -3.299634 1.713525
      vertex 3.886724 -3.822466 1.621151
    endloop
  endfacet
  facet normal 0.509942 0.144596 0.847969
    outer loop
      vertex 4.059057 -3.025860 1.381678
      vertex 3.886724 -3.822466 1.621151
      vertex 4.278370 -3.405720 1.314564
    endloop
  endfacet
  facet normal 0.657550 -0.065802 0.750532
    outer loop
      vertex 4.278370 -3.405720 1.314564
      vertex 3.886724 -3.822466 1.621151
      vertex 4.142626 -4.265702 1.358092
    endloop
  endfacet
  facet normal 0.657550 -0.065802 0.750532
    outer loop
      vertex 4.278370 -3.405720 1.314564
      vertex 4.142626 -4.265702 1.358092
      vertex 4.464294 -3.727749 1.123440
    endloop
  endfacet
  facet normal 0.806412 -0.248033 0.536823
    outer loop
      vertex 4.464294 -3.727749 1.123440
      vertex 4.142626 -4.265702 1.358092
      vertex 4.313615 -4.561863 0.964396
    endloop
  endfacet
  facet normal 0.806412 -0.248033 0.536823
    outer loop
      vertex 4.464294 -3.727749 1.123440
      vertex 4.313615 -4.561863 0.964396
      vertex 4.588524 -3.942923 0.837404
    endloop
  endfacet
  facet normal 0.910120 -0.363399 0.199053
    outer loop
      vertex 4.588524 -3.942923 0.837404
      vertex 4.313615 -4.561863 0.964396
      vertex 4.373658 -4.665861 0.500000
    endloop
  endfacet
  facet normal 0.910120 -0.363399 0.199053
    outer loop
      vertex 4.588524 -3.942923 0.837404
      vertex 4.373658 -4.665861 0.500000
      vertex 4.632148 -4.018482 0.500000
    endloop
  endfacet
  facet normal -0.137470 0.962627 0.233347
    outer loop
      vertex 2.796075 -1.933407 0.500000
      vertex 2.060071 -2.038513 0.500000
      vertex 2.130656 -2.160770 1.045930
    endloop
  endfacet
  facet normal -0.137470 0.962627 0.233347
    outer loop
      vertex 2.796075 -1.933407 0.500000
      vertex 2.130656 -2.160770 1.045930
      vertex 2.856118 -2.037405 0.964396
    endloop
  endfacet
  facet normal -0.063913 0.783967 0.617504
    outer loop
      vertex 2.856118 -2.037405 0.964396
      vertex 2.130656 -2.160770 1.045930
      vertex 2.331665 -2.508928 1.508748
    endloop
  endfacet
  facet normal -0.063913 0.783967 0.617504
    outer loop
      vertex 2.856118 -2.037405 0.964396
      vertex 2.331665 -2.508928 1.508748
      vertex 3.027107 -2.333565 1.358092
    endloop
  endfacet
  facet normal 0.049468 0.530720 0.846103
    outer loop
      vertex 3.027107 -2.333565 1.358092
      vertex 2.331665 -2.508928 1.508748
      vertex 2.632496 -3.029983 1.817992
    endloop
  endfacet
  facet normal 0.049468 0.530720 0.846103
    outer loop
      vertex 3.027107 -2.333565 1.358092
      vertex 2.632496 -3.029983 1.817992
      vertex 3.283009 -2.776801 1.621151
    endloop
  endfacet
  facet normal 0.180508 0.271255 0.945430
    outer loop
      vertex 3.283009 -2.776801 1.621151
      vertex 2.632496 -3.029983 1.817992
      vertex 2.987351 -3.644610 1.926585
    endloop
  endfacet
  facet normal 0.180508 0.271255 0.945430
    outer loop
      vertex 3.283009 -2.776801 1.621151
      vertex 2.987351 -3.644610 1.926585
      vertex 3.584866 -3.299634 1.713525
    endloop
  endfacet
  facet normal 0.325168 0.020697 0.945430
    outer loop
      vertex 3.584866 -3.299634 1.713525
      vertex 2.987351 -3.644610 1.926585
      vertex 3.342206 -4.259236 1.817992
    endloop
  endfacet
  facet normal 0.325168 0.020697 0.945430
    outer loop
      vertex 3.584866 -3.299634 1.713525
      vertex 3.342206 -4.259236 1.817992
      vertex 3.886724 -3.822466 1.621151
    endloop
  endfacet
  facet normal 0.484350 -0.222520 0.846103
    outer loop
      vertex 3.886724 -3.822466 1.621151
      vertex 3.342206 -4.259236 1.817992
      vertex 3.643037 -4.780291 1.508748
    endloop
  endfacet
  facet normal 0.484350 -0.222520 0.846103
    outer loop
      vertex 3.886724 -3.822466 1.621151
      vertex 3.643037 -4.780291 1.508748
      vertex 4.142626 -4.265702 1.358092
    endloop
  endfacet
  facet normal 0.646979 -0.447334 0.617504
    outer loop
      vertex 4.142626 -4.265702 1.358092
      vertex 3.643037 -4.780291 1.508748
      vertex 3.844046 -5.128449 1.045930
    endloop
  endfacet
  facet normal 0.646979 -0.447334 0.617504
    outer loop
      vertex 4.142626 -4.265702 1.358092
      vertex 3.844046 -5.128449 1.045930
      vertex 4.313615 -4.561863 0.964396
    endloop
  endfacet
  facet normal 0.764925 -0.600366 0.233347
    outer loop
      vertex 4.313615 -4.561863 0.964396
      vertex 3.844046 -5.128449 1.045930
      vertex 3.914631 -5.250706 0.500000
    endloop
  endfacet
  facet normal 0.764925 -0.600366 0.233347
    outer loop
      vertex 4.313615 -4.561863 0.964396
      vertex 3.914631 -5.250706 0.500000
      vertex 4.373658 -4.665861 0.500000
    endloop
  endfacet
  facet normal -0.376710 0.892365 0.248544
    outer loop
      vertex 2.060071 -2.038513 0.500000
      vertex 1.350000 -2.338269 0.500000
      vertex 1.424217 -2.466817 1.074025
    endloop
  endfacet
  facet normal -0.376710 0.892365 0.248544
    outer loop
      vertex 2.060071 -2.038513 0.500000
      vertex 1.424217 -2.466817 1.074025
      vertex 2.130656 -2.160770 1.045930
    endloop
  endfacet
  facet normal -0.279518 0.705033 0.651765
    outer loop
      vertex 2.130656 -2.160770 1.045930
      vertex 1.424217 -2.466817 1.074025
      vertex 1.635571 -2.832892 1.560660
    endloop
  endfacet
  facet normal -0.279518 0.705033 0.651765
    outer loop
      vertex 2.130656 -2.160770 1.045930
      vertex 1.635571 -2.832892 1.560660
      vertex 2.331665 -2.508928 1.508748
    endloop
  endfacet
  facet normal -0.140643 0.443998 0.884921
    outer loop
      vertex 2.331665 -2.508928 1.508748
      vertex 1.635571 -2.832892 1.560660
      vertex 1.951884 -3.380762 1.885819
    endloop
  endfacet
  facet normal -0.140643 0.443998 0.884921
    outer loop
      vertex 2.331665 -2.508928 1.508748
      vertex 1.951884 -3.380762 1.885819
      vertex 2.632496 -3.029983 1.817992
    endloop
  endfacet
  facet normal 0.006520 0.177631 0.984076
    outer loop
      vertex 2.632496 -3.029983 1.817992
      vertex 1.951884 -3.380762 1.885819
      vertex 2.325000 -4.027018 2.000000
    endloop
  endfacet
  facet normal 0.006520 0.177631 0.984076
    outer loop
      vertex 2.632496 -3.029983 1.817992
      vertex 2.325000 -4.027018 2.000000
      vertex 2.987351 -3.644610 1.926585
    endloop
  endfacet
  facet normal 0.157093 -0.083169 0.984076
    outer loop
      vertex 2.987351 -3.644610 1.926585
      vertex 2.325000 -4.027018 2.000000
      vertex 2.698116 -4.673275 1.885819
    endloop
  endfacet
  facet normal 0.157093 -0.083169 0.984076
    outer loop
      vertex 2.987351 -3.644610 1.926585
      vertex 2.698116 -4.673275 1.885819
      vertex 3.342206 -4.259236 1.817992
    endloop
  endfacet
  facet normal 0.314192 -0.343799 0.884921
    outer loop
      vertex 3.342206 -4.259236 1.817992
      vertex 2.698116 -4.673275 1.885819
      vertex 3.014429 -5.221144 1.560660
    endloop
  endfacet
  facet normal 0.314192 -0.343799 0.884921
    outer loop
      vertex 3.342206 -4.259236 1.817992
      vertex 3.014429 -5.221144 1.560660
      vertex 3.643037 -4.780291 1.508748
    endloop
  endfacet
  facet normal 0.470818 -0.594586 0.651765
    outer loop
      vertex 3.643037 -4.780291 1.508748
      vertex 3.014429 -5.221144 1.560660
      vertex 3.225783 -5.587219 1.074025
    endloop
  endfacet
  facet normal 0.470818 -0.594586 0.651765
    outer loop
      vertex 3.643037 -4.780291 1.508748
      vertex 3.225783 -5.587219 1.074025
      vertex 3.844046 -5.128449 1.045930
    endloop
  endfacet
  facet normal 0.584456 -0.772423 0.248544
    outer loop
      vertex 3.844046 -5.128449 1.045930
      vertex 3.225783 -5.587219 1.074025
      vertex 3.300000 -5.715768 0.500000
    endloop
  endfacet
  facet normal 0.584456 -0.772423 0.248544
    outer loop
      vertex 3.844046 -5.128449 1.045930
      vertex 3.300000 -5.715768 0.500000
      vertex 3.914631 -5.250706 0.500000
    endloop
  endfacet
  facet normal -0.584456 0.772423 0.248544
    outer loop
      vertex 1.350000 -2.338269 0.500000
      vertex 0.735369 -2.803330 0.500000
      vertex 0.805954 -2.925587 1.045930
    endloop
  endfacet
  facet normal -0.584456 0.772423 0.248544
    outer loop
      vertex 1.350000 -2.338269 0.500000
      vertex 0.805954 -2.925587 1.045930
      vertex 1.424217 -2.466817 1.074025
    endloop
  endfacet
  facet normal -0.470818 0.594586 0.651765
    outer loop
      vertex 1.424217 -2.466817 1.074025
      vertex 0.805954 -2.925587 1.045930
      vertex 1.006963 -3.273745 1.508748
    endloop
  endfacet
  facet normal -0.470818 0.594586 0.651765
    outer loop
      vertex 1.424217 -2.466817 1.074025
      vertex 1.006963 -3.273745 1.508748
      vertex 1.635571 -2.832892 1.560660
    endloop
  endfacet
  facet normal -0.314192 0.343799 0.884921
    outer loop
      vertex 1.635571 -2.832892 1.560660
      vertex 1.006963 -3.273745 1.508748
      vertex 1.307794 -3.794800 1.817992
    endloop
  endfacet
  facet normal -0.314192 0.343799 0.884921
    outer loop
      vertex 1.635571 -2.832892 1.560660
      vertex 1.307794 -3.794800 1.817992
      vertex 1.951884 -3.380762 1.885819
    endloop
  endfacet
  facet normal -0.157093 0.083169 0.984076
    outer loop
      vertex 1.951884 -3.380762 1.885819
      vertex 1.307794 -3.794800 1.817992
      vertex 1.662649 -4.409427 1.926585
    endloop
  endfacet
  facet normal -0.157093 0.083169 0.984076
    outer loop
      vertex 1.951884 -3.380762 1.885819
      vertex 1.662649 -4.409427 1.926585
      vertex 2.325000 -4.027018 2.000000
    endloop
  endfacet
  facet normal -0.006520 -0.177631 0.984076
    outer loop
      vertex 2.325000 -4.027018 2.000000
      vertex 1.662649 -4.409427 1.926585
      vertex 2.017504 -5.024053 1.817992
    endloop
  endfacet
  facet normal -0.006520 -0.177631 0.984076
    outer loop
      vertex 2.325000 -4.027018 2.000000
      vertex 2.017504 -5.024053 1.817992
      vertex 2.698116 -4.673275 1.885819
    endloop
  endfacet
  facet normal 0.140643 -0.443998 0.884921
    outer loop
      vertex 2.698116 -4.673275 1.885819
      vertex 2.017504 -5.024053 1.817992
      vertex 2.318335 -5.545108 1.508748
    endloop
  endfacet
  facet normal 0.140643 -0.443998 0.884921
    outer loop
      vertex 2.698116 -4.673275 1.885819
      vertex 2.318335 -5.545108 1.508748
      vertex 3.014429 -5.221144 1.560660
    endloop
  endfacet
  facet normal 0.279518 -0.705033 0.651765
    outer loop
      vertex 3.014429 -5.221144 1.560660
      vertex 2.318335 -5.545108 1.508748
      vertex 2.519344 -5.893266 1.045930
    endloop
  endfacet
  facet normal 0.279518 -0.705033 0.651765
    outer loop
      vertex 3.014429 -5.221144 1.560660
      vertex 2.519344 -5.893266 1.045930
      vertex 3.225783 -5.587219 1.074025
    endloop
  endfacet
  facet normal 0.376710 -0.892365 0.248544
    outer loop
      vertex 3.225783 -5.587219 1.074025
      vertex 2.519344 -5.893266 1.045930
      vertex 2.589929 -6.015523 0.500000
    endloop
  endfacet
  facet normal 0.376710 -0.892365 0.248544
    outer loop
      vertex 3.225783 -5.587219 1.074025
      vertex 2.589929 -6.015523 0.500000
      vertex 3.300000 -5.715768 0.500000
    endloop
  endfacet
  facet normal -0.764925 0.600366 0.233347
    outer loop
      vertex 0.735369 -2.803330 0.500000
      vertex 0.276342 -3.388175 0.500000
      vertex 0.336385 -3.492173 0.964396
    endloop
  endfacet
  facet normal -0.764925 0.600366 0.233347
    outer loop
      vertex 0.735369 -2.803330 0.500000
      vertex 0.336385 -3.492173 0.964396
      vertex 0.805954 -2.925587 1.045930
    endloop
  endfacet
  facet normal -0.646979 0.447334 0.617504
    outer loop
      vertex 0.805954 -2.925587 1.045930
      vertex 0.336385 -3.492173 0.964396
      vertex 0.507374 -3.788334 1.358092
    endloop
  endfacet
  facet normal -0.646979 0.447334 0.617504
    outer loop
      vertex 0.805954 -2.925587 1.045930
      vertex 0.507374 -3.788334 1.358092
      vertex 1.006963 -3.273745 1.508748
    endloop
  endfacet
  facet normal -0.484350 0.222520 0.846103
    outer loop
      vertex 1.006963 -3.273745 1.508748
      vertex 0.507374 -3.788334 1.358092
      vertex 0.763276 -4.231570 1.621151
    endloop
  endfacet
  facet normal -0.484350 0.222520 0.846103
    outer loop
      vertex 1.006963 -3.273745 1.508748
      vertex 0.763276 -4.231570 1.621151
      vertex 1.307794 -3.794800 1.817992
    endloop
  endfacet
  facet normal -0.325168 -0.020697 0.945430
    outer loop
      vertex 1.307794 -3.794800 1.817992
      vertex 0.763276 -4.231570 1.621151
      vertex 1.065134 -4.754402 1.713525
    endloop
  endfacet
  facet normal -0.325168 -0.020697 0.945430
    outer loop
      vertex 1.307794 -3.794800 1.817992
      vertex 1.065134 -4.754402 1.713525
      vertex 1.662649 -4.409427 1.926585
    endloop
  endfacet
  facet normal -0.180508 -0.271255 0.945430
    outer loop
      vertex 1.662649 -4.409427 1.926585
      vertex 1.065134 -4.754402 1.713525
      vertex 1.366991 -5.277235 1.621151
    endloop
  endfacet
  facet normal -0.180508 -0.271255 0.945430
    outer loop
      vertex 1.662649 -4.409427 1.926585
      vertex 1.366991 -5.277235 1.621151
      vertex 2.017504 -5.024053 1.817992
    endloop
  endfacet
  facet normal -0.049468 -0.530720 0.846103
    outer loop
      vertex 2.017504 -5.024053 1.817992
      vertex 1.366991 -5.277235 1.621151
      vertex 1.622893 -5.720471 1.358092
    endloop
  endfacet
  facet normal -0.049468 -0.530720 0.846103
    outer loop
      vertex 2.017504 -5.024053 1.817992
      vertex 1.622893 -5.720471 1.358092
      vertex 2.318335 -5.545108 1.508748
    endloop
  endfacet
  facet normal 0.063913 -0.783967 0.617504
    outer loop
      vertex 2.318335 -5.545108 1.508748
      vertex 1.622893 -5.720471 1.358092
      vertex 1.793882 -6.016632 0.964396
    endloop
  endfacet
  facet normal 0.063913 -0.783967 0.617504
    outer loop
      vertex 2.318335 -5.545108 1.508748
      vertex 1.793882 -6.016632 0.964396
      vertex 2.519344 -5.893266 1.045930
    endloop
  endfacet
  facet normal 0.137470 -0.962627 0.233347
    outer loop
      vertex 2.519344 -5.893266 1.045930
      vertex 1.793882 -6.016632 0.964396
      vertex 1.853925 -6.120629 0.500000
    endloop
  endfacet
  facet normal 0.137470 -0.962627 0.233347
    outer loop
      vertex 2.519344 -5.893266 1.045930
      vertex 1.853925 -6.120629 0.500000
      vertex 2.589929 -6.015523 0.500000
    endloop
  endfacet
  facet normal -0.910120 0.363399 0.199053
    outer loop
      vertex 0.276342 -3.388175 0.500000
      vertex 0.017852 -4.035555 0.500000
      vertex 0.061476 -4.111113 0.837404
    endloop
  endfacet
  facet normal -0.910120 0.363399 0.199053
    outer loop
      vertex 0.276342 -3.388175 0.500000
      vertex 0.061476 -4.111113 0.837404
      vertex 0.336385 -3.492173 0.964396
    endloop
  endfacet
  facet normal -0.806412 0.248033 0.536823
    outer loop
      vertex 0.336385 -3.492173 0.964396
      vertex 0.061476 -4.111113 0.837404
      vertex 0.185706 -4.326287 1.123440
    endloop
  endfacet
  facet normal -0.806412 0.248033 0.536823
    outer loop
      vertex 0.336385 -3.492173 0.964396
      vertex 0.185706 -4.326287 1.123440
      vertex 0.507374 -3.788334 1.358092
    endloop
  endfacet
  facet normal -0.657550 0.065802 0.750532
    outer loop
      vertex 0.507374 -3.788334 1.358092
      vertex 0.185706 -4.326287 1.123440
      vertex 0.371630 -4.648317 1.314564
    endloop
  endfacet
  facet normal -0.657550 0.065802 0.750532
    outer loop
      vertex 0.507374 -3.788334 1.358092
      vertex 0.371630 -4.648317 1.314564
      vertex 0.763276 -4.231570 1.621151
    endloop
  endfacet
  facet normal -0.509942 -0.144596 0.847969
    outer loop
      vertex 0.763276 -4.231570 1.621151
      vertex 0.371630 -4.648317 1.314564
      vertex 0.590943 -5.028177 1.381678
    endloop
  endfacet
  facet normal -0.509942 -0.144596 0.847969
    outer loop
      vertex 0.763276 -4.231570 1.621151
      vertex 0.590943 -5.028177 1.381678
      vertex 1.065134 -4.754402 1.713525
    endloop
  endfacet
  facet normal -0.380195 -0.369325 0.847969
    outer loop
      vertex 1.065134 -4.754402 1.713525
      vertex 0.590943 -5.028177 1.381678
      vertex 0.810255 -5.408037 1.314564
    endloop
  endfacet
  facet normal -0.380195 -0.369325 0.847969
    outer loop
      vertex 1.065134 -4.754402 1.713525
      vertex 0.810255 -5.408037 1.314564
      vertex 1.366991 -5.277235 1.621151
    endloop
  endfacet
  facet normal -0.271788 -0.602356 0.750532
    outer loop
      vertex 1.366991 -5.277235 1.621151
      vertex 0.810255 -5.408037 1.314564
      vertex 0.996179 -5.730066 1.123440
    endloop
  endfacet
  facet normal -0.271788 -0.602356 0.750532
    outer loop
      vertex 1.366991 -5.277235 1.621151
      vertex 0.996179 -5.730066 1.123440
      vertex 1.622893 -5.720471 1.358092
    endloop
  endfacet
  facet normal -0.188403 -0.822390 0.536823
    outer loop
      vertex 1.622893 -5.720471 1.358092
      vertex 0.996179 -5.730066 1.123440
      vertex 1.120409 -5.945240 0.837404
    endloop
  endfacet
  facet normal -0.188403 -0.822390 0.536823
    outer loop
      vertex 1.622893 -5.720471 1.358092
      vertex 1.120409 -5.945240 0.837404
      vertex 1.793882 -6.016632 0.964396
    endloop
  endfacet
  facet normal -0.140347 -0.969887 0.199053
    outer loop
      vertex 1.793882 -6.016632 0.964396
      vertex 1.120409 -5.945240 0.837404
      vertex 1.164033 -6.020799 0.500000
    endloop
  endfacet
  facet normal -0.140347 -0.969887 0.199053
    outer loop
      vertex 1.793882 -6.016632 0.964396
      vertex 1.164033 -6.020799 0.500000
      vertex 1.853925 -6.120629 0.500000
    endloop
  endfacet
  facet normal -0.989024 0.049945 0.139059
    outer loop
      vertex 0.017852 -4.035555 0.500000
      vertex -0.014798 -4.682098 0.500000
      vertex 0.008136 -4.721822 0.677384
    endloop
  endfacet
  facet normal -0.989024 0.049945 0.139059
    outer loop
      vertex 0.017852 -4.035555 0.500000
      vertex 0.008136 -4.721822 0.677384
      vertex 0.061476 -4.111113 0.837404
    endloop
  endfacet
  facet normal -0.922550 -0.020392 0.385339
    outer loop
      vertex 0.061476 -4.111113 0.837404
      vertex 0.008136 -4.721822 0.677384
      vertex 0.073448 -4.834945 0.827762
    endloop
  endfacet
  facet normal -0.922550 -0.020392 0.385339
    outer loop
      vertex 0.061476 -4.111113 0.837404
      vertex 0.073448 -4.834945 0.827762
      vertex 0.185706 -4.326287 1.123440
    endloop
  endfacet
  facet normal -0.818737 -0.142609 0.556176
    outer loop
      vertex 0.185706 -4.326287 1.123440
      vertex 0.073448 -4.834945 0.827762
      vertex 0.171194 -5.004246 0.928242
    endloop
  endfacet
  facet normal -0.818737 -0.142609 0.556176
    outer loop
      vertex 0.185706 -4.326287 1.123440
      vertex 0.171194 -5.004246 0.928242
      vertex 0.371630 -4.648317 1.314564
    endloop
  endfacet
  facet normal -0.708690 -0.296014 0.640417
    outer loop
      vertex 0.371630 -4.648317 1.314564
      vertex 0.171194 -5.004246 0.928242
      vertex 0.286493 -5.203951 0.963525
    endloop
  endfacet
  facet normal -0.708690 -0.296014 0.640417
    outer loop
      vertex 0.371630 -4.648317 1.314564
      vertex 0.286493 -5.203951 0.963525
      vertex 0.590943 -5.028177 1.381678
    endloop
  endfacet
  facet normal -0.610701 -0.465737 0.640417
    outer loop
      vertex 0.590943 -5.028177 1.381678
      vertex 0.286493 -5.203951 0.963525
      vertex 0.401793 -5.403655 0.928242
    endloop
  endfacet
  facet normal -0.610701 -0.465737 0.640417
    outer loop
      vertex 0.590943 -5.028177 1.381678
      vertex 0.401793 -5.403655 0.928242
      vertex 0.810255 -5.408037 1.314564
    endloop
  endfacet
  facet normal -0.532872 -0.637743 0.556176
    outer loop
      vertex 0.810255 -5.408037 1.314564
      vertex 0.401793 -5.403655 0.928242
      vertex 0.499539 -5.572956 0.827762
    endloop
  endfacet
  facet normal -0.532872 -0.637743 0.556176
    outer loop
      vertex 0.810255 -5.408037 1.314564
      vertex 0.499539 -5.572956 0.827762
      vertex 0.996179 -5.730066 1.123440
    endloop
  endfacet
  facet normal -0.478935 -0.788756 0.385339
    outer loop
      vertex 0.996179 -5.730066 1.123440
      vertex 0.499539 -5.572956 0.827762
      vertex 0.564850 -5.686079 0.677384
    endloop
  endfacet
  facet normal -0.478935 -0.788756 0.385339
    outer loop
      vertex 0.996179 -5.730066 1.123440
      vertex 0.564850 -5.686079 0.677384
      vertex 1.120409 -5.945240 0.837404
    endloop
  endfacet
  facet normal -0.451258 -0.881492 0.139059
    outer loop
      vertex 1.120409 -5.945240 0.837404
      vertex 0.564850 -5.686079 0.677384
      vertex 0.587785 -5.725803 0.500000
    endloop
  endfacet
  facet normal -0.451258 -0.881492 0.139059
    outer loop
      vertex 1.120409 -5.945240 0.837404
      vertex 0.587785 -5.725803 0.500000
      vertex 1.164033 -6.020799 0.500000
    endloop
  endfacet
  facet normal 0.000000 0.000000 1.000000
    outer loop
      vertex -0.014798 -4.682098 0.500000
      vertex 0.181587 -5.264518 0.500000
      vertex 0.181587 -5.264518 0.500000
    endloop
  endfacet
  facet normal -0.946353 -0.319100 0.050897
    outer loop
      vertex -0.014798 -4.682098 0.500000
      vertex 0.181587 -5.264518 0.500000
      vertex 0.008136 -4.721822 0.677384
    endloop
  endfacet
  facet normal 0.000000 0.000000 1.000000
    outer loop
      vertex 0.008136 -4.721822 0.677384
      vertex 0.181587 -5.264518 0.500000
      vertex 0.181587 -5.264518 0.500000
    endloop
  endfacet
  facet normal -0.927889 -0.343760 0.144401
    outer loop
      vertex 0.008136 -4.721822 0.677384
      vertex 0.181587 -5.264518 0.500000
      vertex 0.073448 -4.834945 0.827762
    endloop
  endfacet
  facet normal 0.000000 0.000000 1.000000
    outer loop
      vertex 0.073448 -4.834945 0.827762
      vertex 0.181587 -5.264518 0.500000
      vertex 0.181587 -5.264518 0.500000
    endloop
  endfacet
  facet normal -0.895594 -0.389482 0.214979
    outer loop
      vertex 0.073448 -4.834945 0.827762
      vertex 0.181587 -5.264518 0.500000
      vertex 0.171194 -5.004246 0.928242
    endloop
  endfacet
  facet normal 0.000000 0.000000 1.000000
    outer loop
      vertex 0.171194 -5.004246 0.928242
      vertex 0.181587 -5.264518 0.500000
      vertex 0.181587 -5.264518 0.500000
    endloop
  endfacet
  facet normal -0.856589 -0.449913 0.252654
    outer loop
      vertex 0.171194 -5.004246 0.928242
      vertex 0.181587 -5.264518 0.500000
      vertex 0.286493 -5.203951 0.963525
    endloop
  endfacet
  facet normal 0.000000 0.000000 1.000000
    outer loop
      vertex 0.286493 -5.203951 0.963525
      vertex 0.181587 -5.264518 0.500000
      vertex 0.181587 -5.264518 0.500000
    endloop
  endfacet
  facet normal -0.817930 -0.516871 0.252654
    outer loop
      vertex 0.286493 -5.203951 0.963525
      vertex 0.181587 -5.264518 0.500000
      vertex 0.401793 -5.403655 0.928242
    endloop
  endfacet
  facet normal 0.000000 0.000000 1.000000
    outer loop
      vertex 0.401793 -5.403655 0.928242
      vertex 0.181587 -5.264518 0.500000
      vertex 0.181587 -5.264518 0.500000
    endloop
  endfacet
  facet normal -0.785098 -0.580866 0.214979
    outer loop
      vertex 0.401793 -5.403655 0.928242
      vertex 0.181587 -5.264518 0.500000
      vertex 0.499539 -5.572956 0.827762
    endloop
  endfacet
  facet normal 0.000000 0.000000 1.000000
    outer loop
      vertex 0.499539 -5.572956 0.827762
      vertex 0.181587 -5.264518 0.500000
      vertex 0.181587 -5.264518 0.500000
    endloop
  endfacet
  facet normal -0.761650 -0.631695 0.144401
    outer loop
      vertex 0.499539 -5.572956 0.827762
      vertex 0.181587 -5.264518 0.500000
      vertex 0.564850 -5.686079 0.677384
    endloop
  endfacet
  facet normal 0.000000 0.000000 1.000000
    outer loop
      vertex 0.564850 -5.686079 0.677384
      vertex 0.181587 -5.264518 0.500000
      vertex 0.181587 -5.264518 0.500000
    endloop
  endfacet
  facet normal -0.749525 -0.660016 0.050897
    outer loop
      vertex 0.564850 -5.686079 0.677384
      vertex 0.181587 -5.264518 0.500000
      vertex 0.587785 -5.725803 0.500000
    endloop
  endfacet
  facet normal 0.985280 0.156053 0.069789
    outer loop
      vertex 1.350000 0.000000 0.500000
      vertex 1.283926 0.417173 0.500000
      vertex 1.268119 0.412037 0.734652
    endloop
  endfacet
  facet normal 0.985280 0.156053 0.069789
    outer loop
      vertex 1.350000 0.000000 0.500000
      vertex 1.268119 0.412037 0.734652
      vertex 1.333379 0.000000 0.734652
    endloop
  endfacet
  facet normal 0.965937 0.152989 0.208711
    outer loop
      vertex 1.333379 0.000000 0.734652
      vertex 1.268119 0.412037 0.734652
      vertex 1.221086 0.396755 0.963525
    endloop
  endfacet
  facet normal 0.965937 0.152989 0.208711
    outer loop
      vertex 1.333379 0.000000 0.734652
      vertex 1.221086 0.396755 0.963525
      vertex 1.283926 0.000000 0.963525
    endloop
  endfacet
  facet normal 0.926856 0.146800 0.345525
    outer loop
      vertex 1.283926 0.000000 0.963525
      vertex 1.221086 0.396755 0.963525
      vertex 1.143987 0.371704 1.180986
    endloop
  endfacet
  facet normal 0.926856 0.146800 0.345525
    outer loop
      vertex 1.283926 0.000000 0.963525
      vertex 1.143987 0.371704 1.180986
      vertex 1.202859 0.000000 1.180986
    endloop
  endfacet
  facet normal 0.867351 0.137375 0.478362
    outer loop
      vertex 1.202859 0.000000 1.180986
      vertex 1.143987 0.371704 1.180986
      vertex 1.038718 0.337500 1.381678
    endloop
  endfacet
  facet normal 0.867351 0.137375 0.478362
    outer loop
      vertex 1.202859 0.000000 1.180986
      vertex 1.038718 0.337500 1.381678
      vertex 1.092173 0.000000 1.381678
    endloop
  endfacet
  facet normal 0.786660 0.124595 0.604684
    outer loop
      vertex 1.092173 0.000000 1.381678
      vertex 1.038718 0.337500 1.381678
      vertex 0.907873 0.294986 1.560660
    endloop
  endfacet
  facet normal 0.786660 0.124595 0.604684
    outer loop
      vertex 1.092173 0.000000 1.381678
      vertex 0.907873 0.294986 1.560660
      vertex 0.954594 0.000000 1.560660
    endloop
  endfacet
  facet normal 0.684305 0.108383 0.721096
    outer loop
      vertex 0.954594 0.000000 1.560660
      vertex 0.907873 0.294986 1.560660
      vertex 0.754673 0.245208 1.713525
    endloop
  endfacet
  facet normal 0.684305 0.108383 0.721096
    outer loop
      vertex 0.954594 0.000000 1.560660
      vertex 0.754673 0.245208 1.713525
      vertex 0.793510 0.000000 1.713525
    endloop
  endfacet
  facet normal 0.560590 0.088789 0.823320
    outer loop
      vertex 0.793510 0.000000 1.713525
      vertex 0.754673 0.245208 1.713525
      vertex 0.582890 0.189393 1.836510
    endloop
  endfacet
  facet normal 0.560590 0.088789 0.823320
    outer loop
      vertex 0.793510 0.000000 1.713525
      vertex 0.582890 0.189393 1.836510
      vertex 0.612887 0.000000 1.836510
    endloop
  endfacet
  facet normal 0.417170 0.066073 0.906424
    outer loop
      vertex 0.612887 0.000000 1.836510
      vertex 0.582890 0.189393 1.836510
      vertex 0.396755 0.128914 1.926585
    endloop
  endfacet
  facet normal 0.417170 0.066073 0.906424
    outer loop
      vertex 0.612887 0.000000 1.836510
      vertex 0.396755 0.128914 1.926585
      vertex 0.417173 0.000000 1.926585
    endloop
  endfacet
  facet normal 0.257527 0.040788 0.965410
    outer loop
      vertex 0.417173 0.000000 1.926585
      vertex 0.396755 0.128914 1.926585
      vertex 0.200850 0.065260 1.981533
    endloop
  endfacet
  facet normal 0.257527 0.040788 0.965410
    outer loop
      vertex 0.417173 0.000000 1.926585
      vertex 0.200850 0.065260 1.981533
      vertex 0.211187 0.000000 1.981533
    endloop
  endfacet
  facet normal 0.087106 0.013796 0.996104
    outer loop
      vertex 0.211187 0.000000 1.981533
      vertex 0.200850 0.065260 1.981533
      vertex 0.000000 0.000000 2.000000
    endloop
  endfacet
  facet normal 0.000000 0.000000 1.000000
    outer loop
      vertex 0.211187 0.000000 1.981533
      vertex 0.000000 0.000000 2.000000
      vertex 0.000000 0.000000 2.000000
    endloop
  endfacet
  facet normal 0.888834 0.452884 0.069789
    outer loop
      vertex 1.283926 0.417173 0.500000
      vertex 1.092173 0.793510 0.500000
      vertex 1.078726 0.783741 0.734652
    endloop
  endfacet
  facet normal 0.888834 0.452884 0.069789
    outer loop
      vertex 1.283926 0.417173 0.500000
      vertex 1.078726 0.783741 0.734652
      vertex 1.268119 0.412037 0.734652
    endloop
  endfacet
  facet normal 0.871384 0.443992 0.208711
    outer loop
      vertex 1.268119 0.412037 0.734652
      vertex 1.078726 0.783741 0.734652
      vertex 1.038718 0.754673 0.963525
    endloop
  endfacet
  facet normal 0.871384 0.443992 0.208711
    outer loop
      vertex 1.268119 0.412037 0.734652
      vertex 1.038718 0.754673 0.963525
      vertex 1.221086 0.396755 0.963525
    endloop
  endfacet
  facet normal 0.836129 0.426029 0.345525
    outer loop
      vertex 1.221086 0.396755 0.963525
      vertex 1.038718 0.754673 0.963525
      vertex 0.973133 0.707023 1.180986
    endloop
  endfacet
  facet normal 0.836129 0.426029 0.345525
    outer loop
      vertex 1.221086 0.396755 0.963525
      vertex 0.973133 0.707023 1.180986
      vertex 1.143987 0.371704 1.180986
    endloop
  endfacet
  facet normal 0.782449 0.398678 0.478362
    outer loop
      vertex 1.143987 0.371704 1.180986
      vertex 0.973133 0.707023 1.180986
      vertex 0.883586 0.641963 1.381678
    endloop
  endfacet
  facet normal 0.782449 0.398678 0.478362
    outer loop
      vertex 1.143987 0.371704 1.180986
      vertex 0.883586 0.641963 1.381678
      vertex 1.038718 0.337500 1.381678
    endloop
  endfacet
  facet normal 0.709656 0.361588 0.604684
    outer loop
      vertex 1.038718 0.337500 1.381678
      vertex 0.883586 0.641963 1.381678
      vertex 0.772283 0.561096 1.560660
    endloop
  endfacet
  facet normal 0.709656 0.361588 0.604684
    outer loop
      vertex 1.038718 0.337500 1.381678
      vertex 0.772283 0.561096 1.560660
      vertex 0.907873 0.294986 1.560660
    endloop
  endfacet
  facet normal 0.617320 0.314540 0.721096
    outer loop
      vertex 0.907873 0.294986 1.560660
      vertex 0.772283 0.561096 1.560660
      vertex 0.641963 0.466414 1.713525
    endloop
  endfacet
  facet normal 0.617320 0.314540 0.721096
    outer loop
      vertex 0.907873 0.294986 1.560660
      vertex 0.641963 0.466414 1.713525
      vertex 0.754673 0.245208 1.713525
    endloop
  endfacet
  facet normal 0.505716 0.257675 0.823320
    outer loop
      vertex 0.754673 0.245208 1.713525
      vertex 0.641963 0.466414 1.713525
      vertex 0.495836 0.360246 1.836510
    endloop
  endfacet
  facet normal 0.505716 0.257675 0.823320
    outer loop
      vertex 0.754673 0.245208 1.713525
      vertex 0.495836 0.360246 1.836510
      vertex 0.582890 0.189393 1.836510
    endloop
  endfacet
  facet normal 0.376334 0.191752 0.906424
    outer loop
      vertex 0.582890 0.189393 1.836510
      vertex 0.495836 0.360246 1.836510
      vertex 0.337500 0.245208 1.926585
    endloop
  endfacet
  facet normal 0.376334 0.191752 0.906424
    outer loop
      vertex 0.582890 0.189393 1.836510
      vertex 0.337500 0.245208 1.926585
      vertex 0.396755 0.128914 1.926585
    endloop
  endfacet
  facet normal 0.232319 0.118372 0.965410
    outer loop
      vertex 0.396755 0.128914 1.926585
      vertex 0.337500 0.245208 1.926585
      vertex 0.170853 0.124132 1.981533
    endloop
  endfacet
  facet normal 0.232319 0.118372 0.965410
    outer loop
      vertex 0.396755 0.128914 1.926585
      vertex 0.170853 0.124132 1.981533
      vertex 0.200850 0.065260 1.981533
    endloop
  endfacet
  facet normal 0.078579 0.040038 0.996104
    outer loop
      vertex 0.200850 0.065260 1.981533
      vertex 0.170853 0.124132 1.981533
      vertex 0.000000 0.000000 2.000000
    endloop
  endfacet
  facet normal 0.000000 0.000000 1.000000
    outer loop
      vertex 0.200850 0.065260 1.981533
      vertex 0.000000 0.000000 2.000000
      vertex 0.000000 0.000000 2.000000
    endloop
  endfacet
  facet normal 0.705383 0.705383 0.069789
    outer loop
      vertex 1.092173 0.793510 0.500000
      vertex 0.793510 1.092173 0.500000
      vertex 0.783741 1.078726 0.734652
    endloop
  endfacet
  facet normal 0.705383 0.705383 0.069789
    outer loop
      vertex 1.092173 0.793510 0.500000
      vertex 0.783741 1.078726 0.734652
      vertex 1.078726 0.783741 0.734652
    endloop
  endfacet
  facet normal 0.691534 0.691534 0.208711
    outer loop
      vertex 1.078726 0.783741 0.734652
      vertex 0.783741 1.078726 0.734652
      vertex 0.754673 1.038718 0.963525
    endloop
  endfacet
  facet normal 0.691534 0.691534 0.208711
    outer loop
      vertex 1.078726 0.783741 0.734652
      vertex 0.754673 1.038718 0.963525
      vertex 1.038718 0.754673 0.963525
    endloop
  endfacet
  facet normal 0.663556 0.663556 0.345525
    outer loop
      vertex 1.038718 0.754673 0.963525
      vertex 0.754673 1.038718 0.963525
      vertex 0.707023 0.973133 1.180986
    endloop
  endfacet
  facet normal 0.663556 0.663556 0.345525
    outer loop
      vertex 1.038718 0.754673 0.963525
      vertex 0.707023 0.973133 1.180986
      vertex 0.973133 0.707023 1.180986
    endloop
  endfacet
  facet normal 0.620955 0.620955 0.478362
    outer loop
      vertex 0.973133 0.707023 1.180986
      vertex 0.707023 0.973133 1.180986
      vertex 0.641963 0.883586 1.381678
    endloop
  endfacet
  facet normal 0.620955 0.620955 0.478362
    outer loop
      vertex 0.973133 0.707023 1.180986
      vertex 0.641963 0.883586 1.381678
      vertex 0.883586 0.641963 1.381678
    endloop
  endfacet
  facet normal 0.563186 0.563186 0.604684
    outer loop
      vertex 0.883586 0.641963 1.381678
      vertex 0.641963 0.883586 1.381678
      vertex 0.561096 0.772283 1.560660
    endloop
  endfacet
  facet normal 0.563186 0.563186 0.604684
    outer loop
      vertex 0.883586 0.641963 1.381678
      vertex 0.561096 0.772283 1.560660
      vertex 0.772283 0.561096 1.560660
    endloop
  endfacet
  facet normal 0.489908 0.489908 0.721096
    outer loop
      vertex 0.772283 0.561096 1.560660
      vertex 0.561096 0.772283 1.560660
      vertex 0.466414 0.641963 1.713525
    endloop
  endfacet
  facet normal 0.489908 0.489908 0.721096
    outer loop
      vertex 0.772283 0.561096 1.560660
      vertex 0.466414 0.641963 1.713525
      vertex 0.641963 0.466414 1.713525
    endloop
  endfacet
  facet normal 0.401338 0.401338 0.823320
    outer loop
      vertex 0.641963 0.466414 1.713525
      vertex 0.466414 0.641963 1.713525
      vertex 0.360246 0.495836 1.836510
    endloop
  endfacet
  facet normal 0.401338 0.401338 0.823320
    outer loop
      vertex 0.641963 0.466414 1.713525
      vertex 0.360246 0.495836 1.836510
      vertex 0.495836 0.360246 1.836510
    endloop
  endfacet
  facet normal 0.298661 0.298661 0.906424
    outer loop
      vertex 0.495836 0.360246 1.836510
      vertex 0.360246 0.495836 1.836510
      vertex 0.245208 0.337500 1.926585
    endloop
  endfacet
  facet normal 0.298661 0.298661 0.906424
    outer loop
      vertex 0.495836 0.360246 1.836510
      vertex 0.245208 0.337500 1.926585
      vertex 0.337500 0.245208 1.926585
    endloop
  endfacet
  facet normal 0.184369 0.184369 0.965410
    outer loop
      vertex 0.337500 0.245208 1.926585
      vertex 0.245208 0.337500 1.926585
      vertex 0.124132 0.170853 1.981533
    endloop
  endfacet
  facet normal 0.184369 0.184369 0.965410
    outer loop
      vertex 0.337500 0.245208 1.926585
      vertex 0.124132 0.170853 1.981533
      vertex 0.170853 0.124132 1.981533
    endloop
  endfacet
  facet normal 0.062361 0.062361 0.996104
    outer loop
      vertex 0.170853 0.124132 1.981533
      vertex 0.124132 0.170853 1.981533
      vertex 0.000000 0.000000 2.000000
    endloop
  endfacet
  facet normal 0.000000 0.000000 1.000000
    outer loop
      vertex 0.170853 0.124132 1.981533
      vertex 0.000000 0.000000 2.000000
      vertex 0.000000 0.000000 2.000000
    endloop
  endfacet
  facet normal 0.452884 0.888834 0.069789
    outer loop
      vertex 0.793510 1.092173 0.500000
      vertex 0.417173 1.283926 0.500000
      vertex 0.412037 1.268119 0.734652
    endloop
  endfacet
  facet normal 0.452884 0.888834 0.069789
    outer loop
      vertex 0.793510 1.092173 0.500000
      vertex 0.412037 1.268119 0.734652
      vertex 0.783741 1.078726 0.734652
    endloop
  endfacet
  facet normal 0.443992 0.871384 0.208711
    outer loop
      vertex 0.783741 1.078726 0.734652
      vertex 0.412037 1.268119 0.734652
      vertex 0.396755 1.221086 0.963525
    endloop
  endfacet
  facet normal 0.443992 0.871384 0.208711
    outer loop
      vertex 0.783741 1.078726 0.734652
      vertex 0.396755 1.221086 0.963525
      vertex 0.754673 1.038718 0.963525
    endloop
  endfacet
  facet normal 0.426029 0.836129 0.345525
    outer loop
      vertex 0.754673 1.038718 0.963525
      vertex 0.396755 1.221086 0.963525
      vertex 0.371704 1.143987 1.180986
    endloop
  endfacet
  facet normal 0.426029 0.836129 0.345525
    outer loop
      vertex 0.754673 1.038718 0.963525
      vertex 0.371704 1.143987 1.180986
      vertex 0.707023 0.973133 1.180986
    endloop
  endfacet
  facet normal 0.398678 0.782449 0.478362
    outer loop
      vertex 0.707023 0.973133 1.180986
      vertex 0.371704 1.143987 1.180986
      vertex 0.337500 1.038718 1.381678
    endloop
  endfacet
  facet normal 0.398678 0.782449 0.478362
    outer loop
      vertex 0.707023 0.973133 1.180986
      vertex 0.337500 1.038718 1.381678
      vertex 0.641963 0.883586 1.381678
    endloop
  endfacet
  facet normal 0.361588 0.709656 0.604684
    outer loop
      vertex 0.641963 0.883586 1.381678
      vertex 0.337500 1.038718 1.381678
      vertex 0.294986 0.907873 1.560660
    endloop
  endfacet
  facet normal 0.361588 0.709656 0.604684
    outer loop
      vertex 0.641963 0.883586 1.381678
      vertex 0.294986 0.907873 1.560660
      vertex 0.561096 0.772283 1.560660
    endloop
  endfacet
  facet normal 0.314540 0.617320 0.721096
    outer loop
      vertex 0.561096 0.772283 1.560660
      vertex 0.294986 0.907873 1.560660
      vertex 0.245208 0.754673 1.713525
    endloop
  endfacet
  facet normal 0.314540 0.617320 0.721096
    outer loop
      vertex 0.561096 0.772283 1.560660
      vertex 0.245208 0.754673 1.713525
      vertex 0.466414 0.641963 1.713525
    endloop
  endfacet
  facet normal 0.257675 0.505716 0.823320
    outer loop
      vertex 0.466414 0.641963 1.713525
      vertex 0.245208 0.754673 1.713525
      vertex 0.189393 0.582890 1.836510
    endloop
  endfacet
  facet normal 0.257675 0.505716 0.823320
    outer loop
      vertex 0.466414 0.641963 1.713525
      vertex 0.189393 0.582890 1.836510
      vertex 0.360246 0.495836 1.836510
    endloop
  endfacet
  facet normal 0.191752 0.376334 0.906424
    outer loop
      vertex 0.360246 0.495836 1.836510
      vertex 0.189393 0.582890 1.836510
      vertex 0.128914 0.396755 1.926585
    endloop
  endfacet
  facet normal 0.191752 0.376334 0.906424
    outer loop
      vertex 0.360246 0.495836 1.836510
      vertex 0.128914 0.396755 1.926585
      vertex 0.245208 0.337500 1.926585
    endloop
  endfacet
  facet normal 0.118372 0.232319 0.965410
    outer loop
      vertex 0.245208 0.337500 1.926585
      vertex 0.128914 0.396755 1.926585
      vertex 0.065260 0.200850 1.981533
    endloop
  endfacet
  facet normal 0.118372 0.232319 0.965410
    outer loop
      vertex 0.245208 0.337500 1.926585
      vertex 0.065260 0.200850 1.981533
      vertex 0.124132 0.170853 1.981533
    endloop
  endfacet
  facet normal 0.040038 0.078579 0.996104
    outer loop
      vertex 0.124132 0.170853 1.981533
      vertex 0.065260 0.200850 1.981533
      vertex 0.000000 0.000000 2.000000
    endloop
  endfacet
  facet normal 0.000000 0.000000 1.000000
    outer loop
      vertex 0.124132 0.170853 1.981533
      vertex 0.000000 0.000000 2.000000
      vertex 0.000000 0.000000 2.000000
    endloop
  endfacet
  facet normal 0.156053 0.985280 0.069789
    outer loop
      vertex 0.417173 1.283926 0.500000
      vertex 0.000000 1.350000 0.500000
      vertex 0.000000 1.333379 0.734652
    endloop
  endfacet
  facet normal 0.156053 0.985280 0.069789
    outer loop
      vertex 0.417173 1.283926 0.500000
      vertex 0.000000 1.333379 0.734652
      vertex 0.412037 1.268119 0.734652
    endloop
  endfacet
  facet normal 0.152989 0.965937 0.208711
    outer loop
      vertex 0.412037 1.268119 0.734652
      vertex 0.000000 1.333379 0.734652
      vertex 0.000000 1.283926 0.963525
    endloop
  endfacet
  facet normal 0.152989 0.965937 0.208711
    outer loop
      vertex 0.412037 1.268119 0.734652
      vertex 0.000000 1.283926 0.963525
      vertex 0.396755 1.221086 0.963525
    endloop
  endfacet
  facet normal 0.146800 0.926856 0.345525
    outer loop
      vertex 0.396755 1.221086 0.963525
      vertex 0.000000 1.283926 0.963525
      vertex 0.000000 1.202859 1.180986
    endloop
  endfacet
  facet normal 0.146800 0.926856 0.345525
    outer loop
      vertex 0.396755 1.221086 0.963525
      vertex 0.000000 1.202859 1.180986
      vertex 0.371704 1.143987 1.180986
    endloop
  endfacet
  facet normal 0.137375 0.867351 0.478362
    outer loop
      vertex 0.371704 1.143987 1.180986
      vertex 0.000000 1.202859 1.180986
      vertex 0.000000 1.092173 1.381678
    endloop
  endfacet
  facet normal 0.137375 0.867351 0.478362
    outer loop
      vertex 0.371704 1.143987 1.180986
      vertex 0.000000 1.092173 1.381678
      vertex 0.337500 1.038718 1.381678
    endloop
  endfacet
  facet normal 0.124595 0.786660 0.604684
    outer loop
      vertex 0.337500 1.038718 1.381678
      vertex 0.000000 1.092173 1.381678
      vertex 0.000000 0.954594 1.560660
    endloop
  endfacet
  facet normal 0.124595 0.786660 0.604684
    outer loop
      vertex 0.337500 1.038718 1.381678
      vertex 0.000000 0.954594 1.560660
      vertex 0.294986 0.907873 1.560660
    endloop
  endfacet
  facet normal 0.108383 0.684305 0.721096
    outer loop
      vertex 0.294986 0.907873 1.560660
      vertex 0.000000 0.954594 1.560660
      vertex 0.000000 0.793510 1.713525
    endloop
  endfacet
  facet normal 0.108383 0.684305 0.721096
    outer loop
      vertex 0.294986 0.907873 1.560660
      vertex 0.000000 0.793510 1.713525
      vertex 0.245208 0.754673 1.713525
    endloop
  endfacet
  facet normal 0.088789 0.560590 0.823320
    outer loop
      vertex 0.245208 0.754673 1.713525
      vertex 0.000000 0.793510 1.713525
      vertex 0.000000 0.612887 1.836510
    endloop
  endfacet
  facet normal 0.088789 0.560590 0.823320
    outer loop
      vertex 0.245208 0.754673 1.713525
      vertex 0.000000 0.612887 1.836510
      vertex 0.189393 0.582890 1.836510
    endloop
  endfacet
  facet normal 0.066073 0.417170 0.906424
    outer loop
      vertex 0.189393 0.582890 1.836510
      vertex 0.000000 0.612887 1.836510
      vertex 0.000000 0.417173 1.926585
    endloop
  endfacet
  facet normal 0.066073 0.417170 0.906424
    outer loop
      vertex 0.189393 0.582890 1.836510
      vertex 0.000000 0.417173 1.926585
      vertex 0.128914 0.396755 1.926585
    endloop
  endfacet
  facet normal 0.040788 0.257527 0.965410
    outer loop
      vertex 0.128914 0.396755 1.926585
      vertex 0.000000 0.417173 1.926585
      vertex 0.000000 0.211187 1.981533
    endloop
  endfacet
  facet normal 0.040788 0.257527 0.965410
    outer loop
      vertex 0.128914 0.396755 1.926585
      vertex 0.000000 0.211187 1.981533
      vertex 0.065260 0.200850 1.981533
    endloop
  endfacet
  facet normal 0.013796 0.087106 0.996104
    outer loop
      vertex 0.065260 0.200850 1.981533
      vertex 0.000000 0.211187 1.981533
      vertex 0.000000 0.000000 2.000000
    endloop
  endfacet
  facet normal 0.000000 0.000000 1.000000
    outer loop
      vertex 0.065260 0.200850 1.981533
      vertex 0.000000 0.000000 2.000000
      vertex 0.000000 0.000000 2.000000
    endloop
  endfacet
  facet normal -0.156053 0.985280 0.069789
    outer loop
      vertex 0.000000 1.350000 0.500000
      vertex -0.417173 1.283926 0.500000
      vertex -0.412037 1.268119 0.734652
    endloop
  endfacet
  facet normal -0.156053 0.985280 0.069789
    outer loop
      vertex 0.000000 1.350000 0.500000
      vertex -0.412037 1.268119 0.734652
      vertex 0.000000 1.333379 0.734652
    endloop
  endfacet
  facet normal -0.152989 0.965937 0.208711
    outer loop
      vertex 0.000000 1.333379 0.734652
      vertex -0.412037 1.268119 0.734652
      vertex -0.396755 1.221086 0.963525
    endloop
  endfacet
  facet normal -0.152989 0.965937 0.208711
    outer loop
      vertex 0.000000 1.333379 0.734652
      vertex -0.396755 1.221086 0.963525
      vertex 0.000000 1.283926 0.963525
    endloop
  endfacet
  facet normal -0.146800 0.926856 0.345525
    outer loop
      vertex 0.000000 1.283926 0.963525
      vertex -0.396755 1.221086 0.963525
      vertex -0.371704 1.143987 1.180986
    endloop
  endfacet
  facet normal -0.146800 0.926856 0.345525
    outer loop
      vertex 0.000000 1.283926 0.963525
      vertex -0.371704 1.143987 1.180986
      vertex 0.000000 1.202859 1.180986
    endloop
  endfacet
  facet normal -0.137375 0.867351 0.478362
    outer loop
      vertex 0.000000 1.202859 1.180986
      vertex -0.371704 1.143987 1.180986
      vertex -0.337500 1.038718 1.381678
    endloop
  endfacet
  facet normal -0.137375 0.867351 0.478362
    outer loop
      vertex 0.000000 1.202859 1.180986
      vertex -0.337500 1.038718 1.381678
      vertex 0.000000 1.092173 1.381678
    endloop
  endfacet
  facet normal -0.124595 0.786660 0.604684
    outer loop
      vertex 0.000000 1.092173 1.381678
      vertex -0.337500 1.038718 1.381678
      vertex -0.294986 0.907873 1.560660
    endloop
  endfacet
  facet normal -0.124595 0.786660 0.604684
    outer loop
      vertex 0.000000 1.092173 1.381678
      vertex -0.294986 0.907873 1.560660
      vertex 0.000000 0.954594 1.560660
    endloop
  endfacet
  facet normal -0.108383 0.684305 0.721096
    outer loop
      vertex 0.000000 0.954594 1.560660
      vertex -0.294986 0.907873 1.560660
      vertex -0.245208 0.754673 1.713525
    endloop
  endfacet
  facet normal -0.108383 0.684305 0.721096
    outer loop
      vertex 0.000000 0.954594 1.560660
      vertex -0.245208 0.754673 1.713525
      vertex 0.000000 0.793510 1.713525
    endloop
  endfacet
  facet normal -0.088789 0.560590 0.823320
    outer loop
      vertex 0.000000 0.793510 1.713525
      vertex -0.245208 0.754673 1.713525
      vertex -0.189393 0.582890 1.836510
    endloop
  endfacet
  facet normal -0.088789 0.560590 0.823320
    outer loop
      vertex 0.000000 0.793510 1.713525
      vertex -0.189393 0.582890 1.836510
      vertex 0.000000 0.612887 1.836510
    endloop
  endfacet
  facet normal -0.066073 0.417170 0.906424
    outer loop
      vertex 0.000000 0.612887 1.836510
      vertex -0.189393 0.582890 1.836510
      vertex -0.128914 0.396755 1.926585
    endloop
  endfacet
  facet normal -0.066073 0.417170 0.906424
    outer loop
      vertex 0.000000 0.612887 1.836510
      vertex -0.128914 0.396755 1.926585
      vertex 0.000000 0.417173 1.926585
    endloop
  endfacet
  facet normal -0.040788 0.257527 0.965410
    outer loop
      vertex 0.000000 0.417173 1.926585
      vertex -0.128914 0.396755 1.926585
      vertex -0.065260 0.200850 1.981533
    endloop
  endfacet
  facet normal -0.040788 0.257527 0.965410
    outer loop
      vertex 0.000000 0.417173 1.926585
      vertex -0.065260 0.200850 1.981533
      vertex 0.000000 0.211187 1.981533
    endloop
  endfacet
  facet normal -0.013796 0.087106 0.996104
    outer loop
      vertex 0.000000 0.211187 1.981533
      vertex -0.065260 0.200850 1.981533
      vertex -0.000000 0.000000 2.000000
    endloop
  endfacet
  facet normal 0.000000 0.000000 1.000000
    outer loop
      vertex 0.000000 0.211187 1.981533
      vertex -0.000000 0.000000 2.000000
      vertex 0.000000 0.000000 2.000000
    endloop
  endfacet
  facet normal -0.452884 0.888834 0.069789
    outer loop
      vertex -0.417173 1.283926 0.500000
      vertex -0.793510 1.092173 0.500000
      vertex -0.783741 1.078726 0.734652
    endloop
  endfacet
  facet normal -0.452884 0.888834 0.069789
    outer loop
      vertex -0.417173 1.283926 0.500000
      vertex -0.783741 1.078726 0.734652
      vertex -0.412037 1.268119 0.734652
    endloop
  endfacet
  facet normal -0.443992 0.871384 0.208711
    outer loop
      vertex -0.412037 1.268119 0.734652
      vertex -0.783741 1.078726 0.734652
      vertex -0.754673 1.038718 0.963525
    endloop
  endfacet
  facet normal -0.443992 0.871384 0.208711
    outer loop
      vertex -0.412037 1.268119 0.734652
      vertex -0.754673 1.038718 0.963525
      vertex -0.396755 1.221086 0.963525
    endloop
  endfacet
  facet normal -0.426029 0.836129 0.345525
    outer loop
      vertex -0.396755 1.221086 0.963525
      vertex -0.754673 1.038718 0.963525
      vertex -0.707023 0.973133 1.180986
    endloop
  endfacet
  facet normal -0.426029 0.836129 0.345525
    outer loop
      vertex -0.396755 1.221086 0.963525
      vertex -0.707023 0.973133 1.180986
      vertex -0.371704 1.143987 1.180986
    endloop
  endfacet
  facet normal -0.398678 0.782449 0.478362
    outer loop
      vertex -0.371704 1.143987 1.180986
      vertex -0.707023 0.973133 1.180986
      vertex -0.641963 0.883586 1.381678
    endloop
  endfacet
  facet normal -0.398678 0.782449 0.478362
    outer loop
      vertex -0.371704 1.143987 1.180986
      vertex -0.641963 0.883586 1.381678
      vertex -0.337500 1.038718 1.381678
    endloop
  endfacet
  facet normal -0.361588 0.709656 0.604684
    outer loop
      vertex -0.337500 1.038718 1.381678
      vertex -0.641963 0.883586 1.381678
      vertex -0.561096 0.772283 1.560660
    endloop
  endfacet
  facet normal -0.361588 0.709656 0.604684
    outer loop
      vertex -0.337500 1.038718 1.381678
      vertex -0.561096 0.772283 1.560660
      vertex -0.294986 0.907873 1.560660
    endloop
  endfacet
  facet normal -0.314540 0.617320 0.721096
    outer loop
      vertex -0.294986 0.907873 1.560660
      vertex -0.561096 0.772283 1.560660
      vertex -0.466414 0.641963 1.713525
    endloop
  endfacet
  facet normal -0.314540 0.617320 0.721096
    outer loop
      vertex -0.294986 0.907873 1.560660
      vertex -0.466414 0.641963 1.713525
      vertex -0.245208 0.754673 1.713525
    endloop
  endfacet
  facet normal -0.257675 0.505716 0.823320
    outer loop
      vertex -0.245208 0.754673 1.713525
      vertex -0.466414 0.641963 1.713525
      vertex -0.360246 0.495836 1.836510
    endloop
  endfacet
  facet normal -0.257675 0.505716 0.823320
    outer loop
      vertex -0.245208 0.754673 1.713525
      vertex -0.360246 0.495836 1.836510
      vertex -0.189393 0.582890 1.836510
    endloop
  endfacet
  facet normal -0.191752 0.376334 0.906424
    outer loop
      vertex -0.189393 0.582890 1.836510
      vertex -0.360246 0.495836 1.836510
      vertex -0.245208 0.337500 1.926585
    endloop
  endfacet
  facet normal -0.191752 0.376334 0.906424
    outer loop
      vertex -0.189393 0.582890 1.836510
      vertex -0.245208 0.337500 1.926585
      vertex -0.128914 0.396755 1.926585
    endloop
  endfacet
  facet normal -0.118372 0.232319 0.965410
    outer loop
      vertex -0.128914 0.396755 1.926585
      vertex -0.245208 0.337500 1.926585
      vertex -0.124132 0.170853 1.981533
    endloop
  endfacet
  facet normal -0.118372 0.232319 0.965410
    outer loop
      vertex -0.128914 0.396755 1.926585
      vertex -0.124132 0.170853 1.981533
      vertex -0.065260 0.200850 1.981533
    endloop
  endfacet
  facet normal -0.040038 0.078579 0.996104
    outer loop
      vertex -0.065260 0.200850 1.981533
      vertex -0.124132 0.170853 1.981533
      vertex -0.000000 0.000000 2.000000
    endloop
  endfacet
  facet normal 0.000000 0.000000 1.000000
    outer loop
      vertex -0.065260 0.200850 1.981533
      vertex -0.000000 0.000000 2.000000
      vertex -0.000000 0.000000 2.000000
    endloop
  endfacet
  facet normal -0.705383 0.705383 0.069789
    outer loop
      vertex -0.793510 1.092173 0.500000
      vertex -1.092173 0.793510 0.500000
      vertex -1.078726 0.783741 0.734652
    endloop
  endfacet
  facet normal -0.705383 0.705383 0.069789
    outer loop
      vertex -0.793510 1.092173 0.500000
      vertex -1.078726 0.783741 0.734652
      vertex -0.783741 1.078726 0.734652
    endloop
  endfacet
  facet normal -0.691534 0.691534 0.208711
    outer loop
      vertex -0.783741 1.078726 0.734652
      vertex -1.078726 0.783741 0.734652
      vertex -1.038718 0.754673 0.963525
    endloop
  endfacet
  facet normal -0.691534 0.691534 0.208711
    outer loop
      vertex -0.783741 1.078726 0.734652
      vertex -1.038718 0.754673 0.963525
      vertex -0.754673 1.038718 0.963525
    endloop
  endfacet
  facet normal -0.663556 0.663556 0.345525
    outer loop
      vertex -0.754673 1.038718 0.963525
      vertex -1.038718 0.754673 0.963525
      vertex -0.973133 0.707023 1.180986
    endloop
  endfacet
  facet normal -0.663556 0.663556 0.345525
    outer loop
      vertex -0.754673 1.038718 0.963525
      vertex -0.973133 0.707023 1.180986
      vertex -0.707023 0.973133 1.180986
    endloop
  endfacet
  facet normal -0.620955 0.620955 0.478362
    outer loop
      vertex -0.707023 0.973133 1.180986
      vertex -0.973133 0.707023 1.180986
      vertex -0.883586 0.641963 1.381678
    endloop
  endfacet
  facet normal -0.620955 0.620955 0.478362
    outer loop
      vertex -0.707023 0.973133 1.180986
      vertex -0.883586 0.641963 1.381678
      vertex -0.641963 0.883586 1.381678
    endloop
  endfacet
  facet normal -0.563186 0.563186 0.604684
    outer loop
      vertex -0.641963 0.883586 1.381678
      vertex -0.883586 0.641963 1.381678
      vertex -0.772283 0.561096 1.560660
    endloop
  endfacet
  facet normal -0.563186 0.563186 0.604684
    outer loop
      vertex -0.641963 0.883586 1.381678
      vertex -0.772283 0.561096 1.560660
      vertex -0.561096 0.772283 1.560660
    endloop
  endfacet
  facet normal -0.489908 0.489908 0.721096
    outer loop
      vertex -0.561096 0.772283 1.560660
      vertex -0.772283 0.561096 1.560660
      vertex -0.641963 0.466414 1.713525
    endloop
  endfacet
  facet normal -0.489908 0.489908 0.721096
    outer loop
      vertex -0.561096 0.772283 1.560660
      vertex -0.641963 0.466414 1.713525
      vertex -0.466414 0.641963 1.713525
    endloop
  endfacet
  facet normal -0.401338 0.401338 0.823320
    outer loop
      vertex -0.466414 0.641963 1.713525
      vertex -0.641963 0.466414 1.713525
      vertex -0.495836 0.360246 1.836510
    endloop
  endfacet
  facet normal -0.401338 0.401338 0.823320
    outer loop
      vertex -0.466414 0.641963 1.713525
      vertex -0.495836 0.360246 1.836510
      vertex -0.360246 0.495836 1.836510
    endloop
  endfacet
  facet normal -0.298661 0.298661 0.906424
    outer loop
      vertex -0.360246 0.495836 1.836510
      vertex -0.495836 0.360246 1.836510
      vertex -0.337500 0.245208 1.926585
    endloop
  endfacet
  facet normal -0.298661 0.298661 0.906424
    outer loop
      vertex -0.360246 0.495836 1.836510
      vertex -0.337500 0.245208 1.926585
      vertex -0.245208 0.337500 1.926585
    endloop
  endfacet
  facet normal -0.184369 0.184369 0.965410
    outer loop
      vertex -0.245208 0.337500 1.926585
      vertex -0.337500 0.245208 1.926585
      vertex -0.170853 0.124132 1.981533
    endloop
  endfacet
  facet normal -0.184369 0.184369 0.965410
    outer loop
      vertex -0.245208 0.337500 1.926585
      vertex -0.170853 0.124132 1.981533
      vertex -0.124132 0.170853 1.981533
    endloop
  endfacet
  facet normal -0.062361 0.062361 0.996104
    outer loop
      vertex -0.124132 0.170853 1.981533
      vertex -0.170853 0.124132 1.981533
      vertex -0.000000 0.000000 2.000000
    endloop
  endfacet
  facet normal 0.000000 0.000000 1.000000
    outer loop
      vertex -0.124132 0.170853 1.981533
      vertex -0.000000 0.000000 2.000000
      vertex -0.000000 0.000000 2.000000
    endloop
  endfacet
  facet normal -0.888834 0.452884 0.069789
    outer loop
      vertex -1.092173 0.793510 0.500000
      vertex -1.283926 0.417173 0.500000
      vertex -1.268119 0.412037 0.734652
    endloop
  endfacet
  facet normal -0.888834 0.452884 0.069789
    outer loop
      vertex -1.092173 0.793510 0.500000
      vertex -1.268119 0.412037 0.734652
      vertex -1.078726 0.783741 0.734652
    endloop
  endfacet
  facet normal -0.871384 0.443992 0.208711
    outer loop
      vertex -1.078726 0.783741 0.734652
      vertex -1.268119 0.412037 0.734652
      vertex -1.221086 0.396755 0.963525
    endloop
  endfacet
  facet normal -0.871384 0.443992 0.208711
    outer loop
      vertex -1.078726 0.783741 0.734652
      vertex -1.221086 0.396755 0.963525
      vertex -1.038718 0.754673 0.963525
    endloop
  endfacet
  facet normal -0.836129 0.426029 0.345525
    outer loop
      vertex -1.038718 0.754673 0.963525
      vertex -1.221086 0.396755 0.963525
      vertex -1.143987 0.371704 1.180986
    endloop
  endfacet
  facet normal -0.836129 0.426029 0.345525
    outer loop
      vertex -1.038718 0.754673 0.963525
      vertex -1.143987 0.371704 1.180986
      vertex -0.973133 0.707023 1.180986
    endloop
  endfacet
  facet normal -0.782449 0.398678 0.478362
    outer loop
      vertex -0.973133 0.707023 1.180986
      vertex -1.143987 0.371704 1.180986
      vertex -1.038718 0.337500 1.381678
    endloop
  endfacet
  facet normal -0.782449 0.398678 0.478362
    outer loop
      vertex -0.973133 0.707023 1.180986
      vertex -1.038718 0.337500 1.381678
      vertex -0.883586 0.641963 1.381678
    endloop
  endfacet
  facet normal -0.709656 0.361588 0.604684
    outer loop
      vertex -0.883586 0.641963 1.381678
      vertex -1.038718 0.337500 1.381678
      vertex -0.907873 0.294986 1.560660
    endloop
  endfacet
  facet normal -0.709656 0.361588 0.604684
    outer loop
      vertex -0.883586 0.641963 1.381678
      vertex -0.907873 0.294986 1.560660
      vertex -0.772283 0.561096 1.560660
    endloop
  endfacet
  facet normal -0.617320 0.314540 0.721096
    outer loop
      vertex -0.772283 0.561096 1.560660
      vertex -0.907873 0.294986 1.560660
      vertex -0.754673 0.245208 1.713525
    endloop
  endfacet
  facet normal -0.617320 0.314540 0.721096
    outer loop
      vertex -0.772283 0.561096 1.560660
      vertex -0.754673 0.245208 1.713525
      vertex -0.641963 0.466414 1.713525
    endloop
  endfacet
  facet normal -0.505716 0.257675 0.823320
    outer loop
      vertex -0.641963 0.466414 1.713525
      vertex -0.754673 0.245208 1.713525
      vertex -0.582890 0.189393 1.836510
    endloop
  endfacet
  facet normal -0.505716 0.257675 0.823320
    outer loop
      vertex -0.641963 0.466414 1.713525
      vertex -0.582890 0.189393 1.836510
      vertex -0.495836 0.360246 1.836510
    endloop
  endfacet
  facet normal -0.376334 0.191752 0.906424
    outer loop
      vertex -0.495836 0.360246 1.836510
      vertex -0.582890 0.189393 1.836510
      vertex -0.396755 0.128914 1.926585
    endloop
  endfacet
  facet normal -0.376334 0.191752 0.906424
    outer loop
      vertex -0.495836 0.360246 1.836510
      vertex -0.396755 0.128914 1.926585
      vertex -0.337500 0.245208 1.926585
    endloop
  endfacet
  facet normal -0.232319 0.118372 0.965410
    outer loop
      vertex -0.337500 0.245208 1.926585
      vertex -0.396755 0.128914 1.926585
      vertex -0.200850 0.065260 1.981533
    endloop
  endfacet
  facet normal -0.232319 0.118372 0.965410
    outer loop
      vertex -0.337500 0.245208 1.926585
      vertex -0.200850 0.065260 1.981533
      vertex -0.170853 0.124132 1.981533
    endloop
  endfacet
  facet normal -0.078579 0.040038 0.996104
    outer loop
      vertex -0.170853 0.124132 1.981533
      vertex -0.200850 0.065260 1.981533
      vertex -0.000000 0.000000 2.000000
    endloop
  endfacet
  facet normal 0.000000 0.000000 1.000000
    outer loop
      vertex -0.170853 0.124132 1.981533
      vertex -0.000000 0.000000 2.000000
      vertex -0.000000 0.000000 2.000000
    endloop
  endfacet
  facet normal -0.985280 0.156053 0.069789
    outer loop
      vertex -1.283926 0.417173 0.500000
      vertex -1.350000 0.000000 0.500000
      vertex -1.333379 0.000000 0.734652
    endloop
  endfacet
  facet normal -0.985280 0.156053 0.069789
    outer loop
      vertex -1.283926 0.417173 0.500000
      vertex -1.333379 0.000000 0.734652
      vertex -1.268119 0.412037 0.734652
    endloop
  endfacet
  facet normal -0.965937 0.152989 0.208711
    outer loop
      vertex -1.268119 0.412037 0.734652
      vertex -1.333379 0.000000 0.734652
      vertex -1.283926 0.000000 0.963525
    endloop
  endfacet
  facet normal -0.965937 0.152989 0.208711
    outer loop
      vertex -1.268119 0.412037 0.734652
      vertex -1.283926 0.000000 0.963525
      vertex -1.221086 0.396755 0.963525
    endloop
  endfacet
  facet normal -0.926856 0.146800 0.345525
    outer loop
      vertex -1.221086 0.396755 0.963525
      vertex -1.283926 0.000000 0.963525
      vertex -1.202859 0.000000 1.180986
    endloop
  endfacet
  facet normal -0.926856 0.146800 0.345525
    outer loop
      vertex -1.221086 0.396755 0.963525
      vertex -1.202859 0.000000 1.180986
      vertex -1.143987 0.371704 1.180986
    endloop
  endfacet
  facet normal -0.867351 0.137375 0.478362
    outer loop
      vertex -1.143987 0.371704 1.180986
      vertex -1.202859 0.000000 1.180986
      vertex -1.092173 0.000000 1.381678
    endloop
  endfacet
  facet normal -0.867351 0.137375 0.478362
    outer loop
      vertex -1.143987 0.371704 1.180986
      vertex -1.092173 0.000000 1.381678
      vertex -1.038718 0.337500 1.381678
    endloop
  endfacet
  facet normal -0.786660 0.124595 0.604684
    outer loop
      vertex -1.038718 0.337500 1.381678
      vertex -1.092173 0.000000 1.381678
      vertex -0.954594 0.000000 1.560660
    endloop
  endfacet
  facet normal -0.786660 0.124595 0.604684
    outer loop
      vertex -1.038718 0.337500 1.381678
      vertex -0.954594 0.000000 1.560660
      vertex -0.907873 0.294986 1.560660
    endloop
  endfacet
  facet normal -0.684305 0.108383 0.721096
    outer loop
      vertex -0.907873 0.294986 1.560660
      vertex -0.954594 0.000000 1.560660
      vertex -0.793510 0.000000 1.713525
    endloop
  endfacet
  facet normal -0.684305 0.108383 0.721096
    outer loop
      vertex -0.907873 0.294986 1.560660
      vertex -0.793510 0.000000 1.713525
      vertex -0.754673 0.245208 1.713525
    endloop
  endfacet
  facet normal -0.560590 0.088789 0.823320
    outer loop
      vertex -0.754673 0.245208 1.713525
      vertex -0.793510 0.000000 1.713525
      vertex -0.612887 0.000000 1.836510
    endloop
  endfacet
  facet normal -0.560590 0.088789 0.823320
    outer loop
      vertex -0.754673 0.245208 1.713525
      vertex -0.612887 0.000000 1.836510
      vertex -0.582890 0.189393 1.836510
    endloop
  endfacet
  facet normal -0.417170 0.066073 0.906424
    outer loop
      vertex -0.582890 0.189393 1.836510
      vertex -0.612887 0.000000 1.836510
      vertex -0.417173 0.000000 1.926585
    endloop
  endfacet
  facet normal -0.417170 0.066073 0.906424
    outer loop
      vertex -0.582890 0.189393 1.836510
      vertex -0.417173 0.000000 1.926585
      vertex -0.396755 0.128914 1.926585
    endloop
  endfacet
  facet normal -0.257527 0.040788 0.965410
    outer loop
      vertex -0.396755 0.128914 1.926585
      vertex -0.417173 0.000000 1.926585
      vertex -0.211187 0.000000 1.981533
    endloop
  endfacet
  facet normal -0.257527 0.040788 0.965410
    outer loop
      vertex -0.396755 0.128914 1.926585
      vertex -0.211187 0.000000 1.981533
      vertex -0.200850 0.065260 1.981533
    endloop
  endfacet
  facet normal -0.087106 0.013796 0.996104
    outer loop
      vertex -0.200850 0.065260 1.981533
      vertex -0.211187 0.000000 1.981533
      vertex -0.000000 0.000000 2.000000
    endloop
  endfacet
  facet normal 0.000000 0.000000 1.000000
    outer loop
      vertex -0.200850 0.065260 1.981533
      vertex -0.000000 0.000000 2.000000
      vertex -0.000000 0.000000 2.000000
    endloop
  endfacet
  facet normal -0.985280 -0.156053 0.069789
    outer loop
      vertex -1.350000 0.000000 0.500000
      vertex -1.283926 -0.417173 0.500000
      vertex -1.268119 -0.412037 0.734652
    endloop
  endfacet
  facet normal -0.985280 -0.156053 0.069789
    outer loop
      vertex -1.350000 0.000000 0.500000
      vertex -1.268119 -0.412037 0.734652
      vertex -1.333379 0.000000 0.734652
    endloop
  endfacet
  facet normal -0.965937 -0.152989 0.208711
    outer loop
      vertex -1.333379 0.000000 0.734652
      vertex -1.268119 -0.412037 0.734652
      vertex -1.221086 -0.396755 0.963525
    endloop
  endfacet
  facet normal -0.965937 -0.152989 0.208711
    outer loop
      vertex -1.333379 0.000000 0.734652
      vertex -1.221086 -0.396755 0.963525
      vertex -1.283926 0.000000 0.963525
    endloop
  endfacet
  facet normal -0.926856 -0.146800 0.345525
    outer loop
      vertex -1.283926 0.000000 0.963525
      vertex -1.221086 -0.396755 0.963525
      vertex -1.143987 -0.371704 1.180986
    endloop
  endfacet
  facet normal -0.926856 -0.146800 0.345525
    outer loop
      vertex -1.283926 0.000000 0.963525
      vertex -1.143987 -0.371704 1.180986
      vertex -1.202859 0.000000 1.180986
    endloop
  endfacet
  facet normal -0.867351 -0.137375 0.478362
    outer loop
      vertex -1.202859 0.000000 1.180986
      vertex -1.143987 -0.371704 1.180986
      vertex -1.038718 -0.337500 1.381678
    endloop
  endfacet
  facet normal -0.867351 -0.137375 0.478362
    outer loop
      vertex -1.202859 0.000000 1.180986
      vertex -1.038718 -0.337500 1.381678
      vertex -1.092173 0.000000 1.381678
    endloop
  endfacet
  facet normal -0.786660 -0.124595 0.604684
    outer loop
      vertex -1.092173 0.000000 1.381678
      vertex -1.038718 -0.337500 1.381678
      vertex -0.907873 -0.294986 1.560660
    endloop
  endfacet
  facet normal -0.786660 -0.124595 0.604684
    outer loop
      vertex -1.092173 0.000000 1.381678
      vertex -0.907873 -0.294986 1.560660
      vertex -0.954594 0.000000 1.560660
    endloop
  endfacet
  facet normal -0.684305 -0.108383 0.721096
    outer loop
      vertex -0.954594 0.000000 1.560660
      vertex -0.907873 -0.294986 1.560660
      vertex -0.754673 -0.245208 1.713525
    endloop
  endfacet
  facet normal -0.684305 -0.108383 0.721096
    outer loop
      vertex -0.954594 0.000000 1.560660
      vertex -0.754673 -0.245208 1.713525
      vertex -0.793510 0.000000 1.713525
    endloop
  endfacet
  facet normal -0.560590 -0.088789 0.823320
    outer loop
      vertex -0.793510 0.000000 1.713525
      vertex -0.754673 -0.245208 1.713525
      vertex -0.582890 -0.189393 1.836510
    endloop
  endfacet
  facet normal -0.560590 -0.088789 0.823320
    outer loop
      vertex -0.793510 0.000000 1.713525
      vertex -0.582890 -0.189393 1.836510
      vertex -0.612887 0.000000 1.836510
    endloop
  endfacet
  facet normal -0.417170 -0.066073 0.906424
    outer loop
      vertex -0.612887 0.000000 1.836510
      vertex -0.582890 -0.189393 1.836510
      vertex -0.396755 -0.128914 1.926585
    endloop
  endfacet
  facet normal -0.417170 -0.066073 0.906424
    outer loop
      vertex -0.612887 0.000000 1.836510
      vertex -0.396755 -0.128914 1.926585
      vertex -0.417173 0.000000 1.926585
    endloop
  endfacet
  facet normal -0.257527 -0.040788 0.965410
    outer loop
      vertex -0.417173 0.000000 1.926585
      vertex -0.396755 -0.128914 1.926585
      vertex -0.200850 -0.065260 1.981533
    endloop
  endfacet
  facet normal -0.257527 -0.040788 0.965410
    outer loop
      vertex -0.417173 0.000000 1.926585
      vertex -0.200850 -0.065260 1.981533
      vertex -0.211187 0.000000 1.981533
    endloop
  endfacet
  facet normal -0.087106 -0.013796 0.996104
    outer loop
      vertex -0.211187 0.000000 1.981533
      vertex -0.200850 -0.065260 1.981533
      vertex -0.000000 -0.000000 2.000000
    endloop
  endfacet
  facet normal 0.000000 0.000000 1.000000
    outer loop
      vertex -0.211187 0.000000 1.981533
      vertex -0.000000 -0.000000 2.000000
      vertex -0.000000 0.000000 2.000000
    endloop
  endfacet
  facet normal -0.888834 -0.452884 0.069789
    outer loop
      vertex -1.283926 -0.417173 0.500000
      vertex -1.092173 -0.793510 0.500000
      vertex -1.078726 -0.783741 0.734652
    endloop
  endfacet
  facet normal -0.888834 -0.452884 0.069789
    outer loop
      vertex -1.283926 -0.417173 0.500000
      vertex -1.078726 -0.783741 0.734652
      vertex -1.268119 -0.412037 0.734652
    endloop
  endfacet
  facet normal -0.871384 -0.443992 0.208711
    outer loop
      vertex -1.268119 -0.412037 0.734652
      vertex -1.078726 -0.783741 0.734652
      vertex -1.038718 -0.754673 0.963525
    endloop
  endfacet
  facet normal -0.871384 -0.443992 0.208711
    outer loop
      vertex -1.268119 -0.412037 0.734652
      vertex -1.038718 -0.754673 0.963525
      vertex -1.221086 -0.396755 0.963525
    endloop
  endfacet
  facet normal -0.836129 -0.426029 0.345525
    outer loop
      vertex -1.221086 -0.396755 0.963525
      vertex -1.038718 -0.754673 0.963525
      vertex -0.973133 -0.707023 1.180986
    endloop
  endfacet
  facet normal -0.836129 -0.426029 0.345525
    outer loop
      vertex -1.221086 -0.396755 0.963525
      vertex -0.973133 -0.707023 1.180986
      vertex -1.143987 -0.371704 1.180986
    endloop
  endfacet
  facet normal -0.782449 -0.398678 0.478362
    outer loop
      vertex -1.143987 -0.371704 1.180986
      vertex -0.973133 -0.707023 1.180986
      vertex -0.883586 -0.641963 1.381678
    endloop
  endfacet
  facet normal -0.782449 -0.398678 0.478362
    outer loop
      vertex -1.143987 -0.371704 1.180986
      vertex -0.883586 -0.641963 1.381678
      vertex -1.038718 -0.337500 1.381678
    endloop
  endfacet
  facet normal -0.709656 -0.361588 0.604684
    outer loop
      vertex -1.038718 -0.337500 1.381678
      vertex -0.883586 -0.641963 1.381678
      vertex -0.772283 -0.561096 1.560660
    endloop
  endfacet
  facet normal -0.709656 -0.361588 0.604684
    outer loop
      vertex -1.038718 -0.337500 1.381678
      vertex -0.772283 -0.561096 1.560660
      vertex -0.907873 -0.294986 1.560660
    endloop
  endfacet
  facet normal -0.617320 -0.314540 0.721096
    outer loop
      vertex -0.907873 -0.294986 1.560660
      vertex -0.772283 -0.561096 1.560660
      vertex -0.641963 -0.466414 1.713525
    endloop
  endfacet
  facet normal -0.617320 -0.314540 0.721096
    outer loop
      vertex -0.907873 -0.294986 1.560660
      vertex -0.641963 -0.466414 1.713525
      vertex -0.754673 -0.245208 1.713525
    endloop
  endfacet
  facet normal -0.505716 -0.257675 0.823320
    outer loop
      vertex -0.754673 -0.245208 1.713525
      vertex -0.641963 -0.466414 1.713525
      vertex -0.495836 -0.360246 1.836510
    endloop
  endfacet
  facet normal -0.505716 -0.257675 0.823320
    outer loop
      vertex -0.754673 -0.245208 1.713525
      vertex -0.495836 -0.360246 1.836510
      vertex -0.582890 -0.189393 1.836510
    endloop
  endfacet
  facet normal -0.376334 -0.191752 0.906424
    outer loop
      vertex -0.582890 -0.189393 1.836510
      vertex -0.495836 -0.360246 1.836510
      vertex -0.337500 -0.245208 1.926585
    endloop
  endfacet
  facet normal -0.376334 -0.191752 0.906424
    outer loop
      vertex -0.582890 -0.189393 1.836510
      vertex -0.337500 -0.245208 1.926585
      vertex -0.396755 -0.128914 1.926585
    endloop
  endfacet
  facet normal -0.232319 -0.118372 0.965410
    outer loop
      vertex -0.396755 -0.128914 1.926585
      vertex -0.337500 -0.245208 1.926585
      vertex -0.170853 -0.124132 1.981533
    endloop
  endfacet
  facet normal -0.232319 -0.118372 0.965410
    outer loop
      vertex -0.396755 -0.128914 1.926585
      vertex -0.170853 -0.124132 1.981533
      vertex -0.200850 -0.065260 1.981533
    endloop
  endfacet
  facet normal -0.078579 -0.040038 0.996104
    outer loop
      vertex -0.200850 -0.065260 1.981533
      vertex -0.170853 -0.124132 1.981533
      vertex -0.000000 -0.000000 2.000000
    endloop
  endfacet
  facet normal 0.000000 0.000000 1.000000
    outer loop
      vertex -0.200850 -0.065260 1.981533
      vertex -0.000000 -0.000000 2.000000
      vertex -0.000000 -0.000000 2.000000
    endloop
  endfacet
  facet normal -0.705383 -0.705383 0.069789
    outer loop
      vertex -1.092173 -0.793510 0.500000
      vertex -0.793510 -1.092173 0.500000
      vertex -0.783741 -1.078726 0.734652
    endloop
  endfacet
  facet normal -0.705383 -0.705383 0.069789
    outer loop
      vertex -1.092173 -0.793510 0.500000
      vertex -0.783741 -1.078726 0.734652
      vertex -1.078726 -0.783741 0.734652
    endloop
  endfacet
  facet normal -0.691534 -0.691534 0.208711
    outer loop
      vertex -1.078726 -0.783741 0.734652
      vertex -0.783741 -1.078726 0.734652
      vertex -0.754673 -1.038718 0.963525
    endloop
  endfacet
  facet normal -0.691534 -0.691534 0.208711
    outer loop
      vertex -1.078726 -0.783741 0.734652
      vertex -0.754673 -1.038718 0.963525
      vertex -1.038718 -0.754673 0.963525
    endloop
  endfacet
  facet normal -0.663556 -0.663556 0.345525
    outer loop
      vertex -1.038718 -0.754673 0.963525
      vertex -0.754673 -1.038718 0.963525
      vertex -0.707023 -0.973133 1.180986
    endloop
  endfacet
  facet normal -0.663556 -0.663556 0.345525
    outer loop
      vertex -1.038718 -0.754673 0.963525
      vertex -0.707023 -0.973133 1.180986
      vertex -0.973133 -0.707023 1.180986
    endloop
  endfacet
  facet normal -0.620955 -0.620955 0.478362
    outer loop
      vertex -0.973133 -0.707023 1.180986
      vertex -0.707023 -0.973133 1.180986
      vertex -0.641963 -0.883586 1.381678
    endloop
  endfacet
  facet normal -0.620955 -0.620955 0.478362
    outer loop
      vertex -0.973133 -0.707023 1.180986
      vertex -0.641963 -0.883586 1.381678
      vertex -0.883586 -0.641963 1.381678
    endloop
  endfacet
  facet normal -0.563186 -0.563186 0.604684
    outer loop
      vertex -0.883586 -0.641963 1.381678
      vertex -0.641963 -0.883586 1.381678
      vertex -0.561096 -0.772283 1.560660
    endloop
  endfacet
  facet normal -0.563186 -0.563186 0.604684
    outer loop
      vertex -0.883586 -0.641963 1.381678
      vertex -0.561096 -0.772283 1.560660
      vertex -0.772283 -0.561096 1.560660
    endloop
  endfacet
  facet normal -0.489908 -0.489908 0.721096
    outer loop
      vertex -0.772283 -0.561096 1.560660
      vertex -0.561096 -0.772283 1.560660
      vertex -0.466414 -0.641963 1.713525
    endloop
  endfacet
  facet normal -0.489908 -0.489908 0.721096
    outer loop
      vertex -0.772283 -0.561096 1.560660
      vertex -0.466414 -0.641963 1.713525
      vertex -0.641963 -0.466414 1.713525
    endloop
  endfacet
  facet normal -0.401338 -0.401338 0.823320
    outer loop
      vertex -0.641963 -0.466414 1.713525
      vertex -0.466414 -0.641963 1.713525
      vertex -0.360246 -0.495836 1.836510
    endloop
  endfacet
  facet normal -0.401338 -0.401338 0.823320
    outer loop
      vertex -0.641963 -0.466414 1.713525
      vertex -0.360246 -0.495836 1.836510
      vertex -0.495836 -0.360246 1.836510
    endloop
  endfacet
  facet normal -0.298661 -0.298661 0.906424
    outer loop
      vertex -0.495836 -0.360246 1.836510
      vertex -0.360246 -0.495836 1.836510
      vertex -0.245208 -0.337500 1.926585
    endloop
  endfacet
  facet normal -0.298661 -0.298661 0.906424
    outer loop
      vertex -0.495836 -0.360246 1.836510
      vertex -0.245208 -0.337500 1.926585
      vertex -0.337500 -0.245208 1.926585
    endloop
  endfacet
  facet normal -0.184369 -0.184369 0.965410
    outer loop
      vertex -0.337500 -0.245208 1.926585
      vertex -0.245208 -0.337500 1.926585
      vertex -0.124132 -0.170853 1.981533
    endloop
  endfacet
  facet normal -0.184369 -0.184369 0.965410
    outer loop
      vertex -0.337500 -0.245208 1.926585
      vertex -0.124132 -0.170853 1.981533
      vertex -0.170853 -0.124132 1.981533
    endloop
  endfacet
  facet normal -0.062361 -0.062361 0.996104
    outer loop
      vertex -0.170853 -0.124132 1.981533
      vertex -0.124132 -0.170853 1.981533
      vertex -0.000000 -0.000000 2.000000
    endloop
  endfacet
  facet normal 0.000000 0.000000 1.000000
    outer loop
      vertex -0.170853 -0.124132 1.981533
      vertex -0.000000 -0.000000 2.000000
      vertex -0.000000 -0.000000 2.000000
    endloop
  endfacet
  facet normal -0.452884 -0.888834 0.069789
    outer loop
      vertex -0.793510 -1.092173 0.500000
      vertex -0.417173 -1.283926 0.500000
      vertex -0.412037 -1.268119 0.734652
    endloop
  endfacet
  facet normal -0.452884 -0.888834 0.069789
    outer loop
      vertex -0.793510 -1.092173 0.500000
      vertex -0.412037 -1.268119 0.734652
      vertex -0.783741 -1.078726 0.734652
    endloop
  endfacet
  facet normal -0.443992 -0.871384 0.208711
    outer loop
      vertex -0.783741 -1.078726 0.734652
      vertex -0.412037 -1.268119 0.734652
      vertex -0.396755 -1.221086 0.963525
    endloop
  endfacet
  facet normal -0.443992 -0.871384 0.208711
    outer loop
      vertex -0.783741 -1.078726 0.734652
      vertex -0.396755 -1.221086 0.963525
      vertex -0.754673 -1.038718 0.963525
    endloop
  endfacet
  facet normal -0.426029 -0.836129 0.345525
    outer loop
      vertex -0.754673 -1.038718 0.963525
      vertex -0.396755 -1.221086 0.963525
      vertex -0.371704 -1.143987 1.180986
    endloop
  endfacet
  facet normal -0.426029 -0.836129 0.345525
    outer loop
      vertex -0.754673 -1.038718 0.963525
      vertex -0.371704 -1.143987 1.180986
      vertex -0.707023 -0.973133 1.180986
    endloop
  endfacet
  facet normal -0.398678 -0.782449 0.478362
    outer loop
      vertex -0.707023 -0.973133 1.180986
      vertex -0.371704 -1.143987 1.180986
      vertex -0.337500 -1.038718 1.381678
    endloop
  endfacet
  facet normal -0.398678 -0.782449 0.478362
    outer loop
      vertex -0.707023 -0.973133 1.180986
      vertex -0.337500 -1.038718 1.381678
      vertex -0.641963 -0.883586 1.381678
    endloop
  endfacet
  facet normal -0.361588 -0.709656 0.604684
    outer loop
      vertex -0.641963 -0.883586 1.381678
      vertex -0.337500 -1.038718 1.381678
      vertex -0.294986 -0.907873 1.560660
    endloop
  endfacet
  facet normal -0.361588 -0.709656 0.604684
    outer loop
      vertex -0.641963 -0.883586 1.381678
      vertex -0.294986 -0.907873 1.560660
      vertex -0.561096 -0.772283 1.560660
    endloop
  endfacet
  facet normal -0.314540 -0.617320 0.721096
    outer loop
      vertex -0.561096 -0.772283 1.560660
      vertex -0.294986 -0.907873 1.560660
      vertex -0.245208 -0.754673 1.713525
    endloop
  endfacet
  facet normal -0.314540 -0.617320 0.721096
    outer loop
      vertex -0.561096 -0.772283 1.560660
      vertex -0.245208 -0.754673 1.713525
      vertex -0.466414 -0.641963 1.713525
    endloop
  endfacet
  facet normal -0.257675 -0.505716 0.823320
    outer loop
      vertex -0.466414 -0.641963 1.713525
      vertex -0.245208 -0.754673 1.713525
      vertex -0.189393 -0.582890 1.836510
    endloop
  endfacet
  facet normal -0.257675 -0.505716 0.823320
    outer loop
      vertex -0.466414 -0.641963 1.713525
      vertex -0.189393 -0.582890 1.836510
      vertex -0.360246 -0.495836 1.836510
    endloop
  endfacet
  facet normal -0.191752 -0.376334 0.906424
    outer loop
      vertex -0.360246 -0.495836 1.836510
      vertex -0.189393 -0.582890 1.836510
      vertex -0.128914 -0.396755 1.926585
    endloop
  endfacet
  facet normal -0.191752 -0.376334 0.906424
    outer loop
      vertex -0.360246 -0.495836 1.836510
      vertex -0.128914 -0.396755 1.926585
      vertex -0.245208 -0.337500 1.926585
    endloop
  endfacet
  facet normal -0.118372 -0.232319 0.965410
    outer loop
      vertex -0.245208 -0.337500 1.926585
      vertex -0.128914 -0.396755 1.926585
      vertex -0.065260 -0.200850 1.981533
    endloop
  endfacet
  facet normal -0.118372 -0.232319 0.965410
    outer loop
      vertex -0.245208 -0.337500 1.926585
      vertex -0.065260 -0.200850 1.981533
      vertex -0.124132 -0.170853 1.981533
    endloop
  endfacet
  facet normal -0.040038 -0.078579 0.996104
    outer loop
      vertex -0.124132 -0.170853 1.981533
      vertex -0.065260 -0.200850 1.981533
      vertex -0.000000 -0.000000 2.000000
    endloop
  endfacet
  facet normal 0.000000 0.000000 1.000000
    outer loop
      vertex -0.124132 -0.170853 1.981533
      vertex -0.000000 -0.000000 2.000000
      vertex -0.000000 -0.000000 2.000000
    endloop
  endfacet
  facet normal -0.156053 -0.985280 0.069789
    outer loop
      vertex -0.417173 -1.283926 0.500000
      vertex -0.000000 -1.350000 0.500000
      vertex -0.000000 -1.333379 0.734652
    endloop
  endfacet
  facet normal -0.156053 -0.985280 0.069789
    outer loop
      vertex -0.417173 -1.283926 0.500000
      vertex -0.000000 -1.333379 0.734652
      vertex -0.412037 -1.268119 0.734652
    endloop
  endfacet
  facet normal -0.152989 -0.965937 0.208711
    outer loop
      vertex -0.412037 -1.268119 0.734652
      vertex -0.000000 -1.333379 0.734652
      vertex -0.000000 -1.283926 0.963525
    endloop
  endfacet
  facet normal -0.152989 -0.965937 0.208711
    outer loop
      vertex -0.412037 -1.268119 0.734652
      vertex -0.000000 -1.283926 0.963525
      vertex -0.396755 -1.221086 0.963525
    endloop
  endfacet
  facet normal -0.146800 -0.926856 0.345525
    outer loop
      vertex -0.396755 -1.221086 0.963525
      vertex -0.000000 -1.283926 0.963525
      vertex -0.000000 -1.202859 1.180986
    endloop
  endfacet
  facet normal -0.146800 -0.926856 0.345525
    outer loop
      vertex -0.396755 -1.221086 0.963525
      vertex -0.000000 -1.202859 1.180986
      vertex -0.371704 -1.143987 1.180986
    endloop
  endfacet
  facet normal -0.137375 -0.867351 0.478362
    outer loop
      vertex -0.371704 -1.143987 1.180986
      vertex -0.000000 -1.202859 1.180986
      vertex -0.000000 -1.092173 1.381678
    endloop
  endfacet
  facet normal -0.137375 -0.867351 0.478362
    outer loop
      vertex -0.371704 -1.143987 1.180986
      vertex -0.000000 -1.092173 1.381678
      vertex -0.337500 -1.038718 1.381678
    endloop
  endfacet
  facet normal -0.124595 -0.786660 0.604684
    outer loop
      vertex -0.337500 -1.038718 1.381678
      vertex -0.000000 -1.092173 1.381678
      vertex -0.000000 -0.954594 1.560660
    endloop
  endfacet
  facet normal -0.124595 -0.786660 0.604684
    outer loop
      vertex -0.337500 -1.038718 1.381678
      vertex -0.000000 -0.954594 1.560660
      vertex -0.294986 -0.907873 1.560660
    endloop
  endfacet
  facet normal -0.108383 -0.684305 0.721096
    outer loop
      vertex -0.294986 -0.907873 1.560660
      vertex -0.000000 -0.954594 1.560660
      vertex -0.000000 -0.793510 1.713525
    endloop
  endfacet
  facet normal -0.108383 -0.684305 0.721096
    outer loop
      vertex -0.294986 -0.907873 1.560660
      vertex -0.000000 -0.793510 1.713525
      vertex -0.245208 -0.754673 1.713525
    endloop
  endfacet
  facet normal -0.088789 -0.560590 0.823320
    outer loop
      vertex -0.245208 -0.754673 1.713525
      vertex -0.000000 -0.793510 1.713525
      vertex -0.000000 -0.612887 1.836510
    endloop
  endfacet
  facet normal -0.088789 -0.560590 0.823320
    outer loop
      vertex -0.245208 -0.754673 1.713525
      vertex -0.000000 -0.612887 1.836510
      vertex -0.189393 -0.582890 1.836510
    endloop
  endfacet
  facet normal -0.066073 -0.417170 0.906424
    outer loop
      vertex -0.189393 -0.582890 1.836510
      vertex -0.000000 -0.612887 1.836510
      vertex -0.000000 -0.417173 1.926585
    endloop
  endfacet
  facet normal -0.066073 -0.417170 0.906424
    outer loop
      vertex -0.189393 -0.582890 1.836510
      vertex -0.000000 -0.417173 1.926585
      vertex -0.128914 -0.396755 1.926585
    endloop
  endfacet
  facet normal -0.040788 -0.257527 0.965410
    outer loop
      vertex -0.128914 -0.396755 1.926585
      vertex -0.000000 -0.417173 1.926585
      vertex -0.000000 -0.211187 1.981533
    endloop
  endfacet
  facet normal -0.040788 -0.257527 0.965410
    outer loop
      vertex -0.128914 -0.396755 1.926585
      vertex -0.000000 -0.211187 1.981533
      vertex -0.065260 -0.200850 1.981533
    endloop
  endfacet
  facet normal -0.013796 -0.087106 0.996104
    outer loop
      vertex -0.065260 -0.200850 1.981533
      vertex -0.000000 -0.211187 1.981533
      vertex -0.000000 -0.000000 2.000000
    endloop
  endfacet
  facet normal 0.000000 0.000000 1.000000
    outer loop
      vertex -0.065260 -0.200850 1.981533
      vertex -0.000000 -0.000000 2.000000
      vertex -0.000000 -0.000000 2.000000
    endloop
  endfacet
  facet normal 0.156053 -0.985280 0.069789
    outer loop
      vertex -0.000000 -1.350000 0.500000
      vertex 0.417173 -1.283926 0.500000
      vertex 0.412037 -1.268119 0.734652
    endloop
  endfacet
  facet normal 0.156053 -0.985280 0.069789
    outer loop
      vertex -0.000000 -1.350000 0.500000
      vertex 0.412037 -1.268119 0.734652
      vertex -0.000000 -1.333379 0.734652
    endloop
  endfacet
  facet normal 0.152989 -0.965937 0.208711
    outer loop
      vertex -0.000000 -1.333379 0.734652
      vertex 0.412037 -1.268119 0.734652
      vertex 0.396755 -1.221086 0.963525
    endloop
  endfacet
  facet normal 0.152989 -0.965937 0.208711
    outer loop
      vertex -0.000000 -1.333379 0.734652
      vertex 0.396755 -1.221086 0.963525
      vertex -0.000000 -1.283926 0.963525
    endloop
  endfacet
  facet normal 0.146800 -0.926856 0.345525
    outer loop
      vertex -0.000000 -1.283926 0.963525
      vertex 0.396755 -1.221086 0.963525
      vertex 0.371704 -1.143987 1.180986
    endloop
  endfacet
  facet normal 0.146800 -0.926856 0.345525
    outer loop
      vertex -0.000000 -1.283926 0.963525
      vertex 0.371704 -1.143987 1.180986
      vertex -0.000000 -1.202859 1.180986
    endloop
  endfacet
  facet normal 0.137375 -0.867351 0.478362
    outer loop
      vertex -0.000000 -1.202859 1.180986
      vertex 0.371704 -1.143987 1.180986
      vertex 0.337500 -1.038718 1.381678
    endloop
  endfacet
  facet normal 0.137375 -0.867351 0.478362
    outer loop
      vertex -0.000000 -1.202859 1.180986
      vertex 0.337500 -1.038718 1.381678
      vertex -0.000000 -1.092173 1.381678
    endloop
  endfacet
  facet normal 0.124595 -0.786660 0.604684
    outer loop
      vertex -0.000000 -1.092173 1.381678
      vertex 0.337500 -1.038718 1.381678
      vertex 0.294986 -0.907873 1.560660
    endloop
  endfacet
  facet normal 0.124595 -0.786660 0.604684
    outer loop
      vertex -0.000000 -1.092173 1.381678
      vertex 0.294986 -0.907873 1.560660
      vertex -0.000000 -0.954594 1.560660
    endloop
  endfacet
  facet normal 0.108383 -0.684305 0.721096
    outer loop
      vertex -0.000000 -0.954594 1.560660
      vertex 0.294986 -0.907873 1.560660
      vertex 0.245208 -0.754673 1.713525
    endloop
  endfacet
  facet normal 0.108383 -0.684305 0.721096
    outer loop
      vertex -0.000000 -0.954594 1.560660
      vertex 0.245208 -0.754673 1.713525
      vertex -0.000000 -0.793510 1.713525
    endloop
  endfacet
  facet normal 0.088789 -0.560590 0.823320
    outer loop
      vertex -0.000000 -0.793510 1.713525
      vertex 0.245208 -0.754673 1.713525
      vertex 0.189393 -0.582890 1.836510
    endloop
  endfacet
  facet normal 0.088789 -0.560590 0.823320
    outer loop
      vertex -0.000000 -0.793510 1.713525
      vertex 0.189393 -0.582890 1.836510
      vertex -0.000000 -0.612887 1.836510
    endloop
  endfacet
  facet normal 0.066073 -0.417170 0.906424
    outer loop
      vertex -0.000000 -0.612887 1.836510
      vertex 0.189393 -0.582890 1.836510
      vertex 0.128914 -0.396755 1.926585
    endloop
  endfacet
  facet normal 0.066073 -0.417170 0.906424
    outer loop
      vertex -0.000000 -0.612887 1.836510
      vertex 0.128914 -0.396755 1.926585
      vertex -0.000000 -0.417173 1.926585
    endloop
  endfacet
  facet normal 0.040788 -0.257527 0.965410
    outer loop
      vertex -0.000000 -0.417173 1.926585
      vertex 0.128914 -0.396755 1.926585
      vertex 0.065260 -0.200850 1.981533
    endloop
  endfacet
  facet normal 0.040788 -0.257527 0.965410
    outer loop
      vertex -0.000000 -0.417173 1.926585
      vertex 0.065260 -0.200850 1.981533
      vertex -0.000000 -0.211187 1.981533
    endloop
  endfacet
  facet normal 0.013796 -0.087106 0.996104
    outer loop
      vertex -0.000000 -0.211187 1.981533
      vertex 0.065260 -0.200850 1.981533
      vertex 0.000000 -0.000000 2.000000
    endloop
  endfacet
  facet normal 0.000000 0.000000 1.000000
    outer loop
      vertex -0.000000 -0.211187 1.981533
      vertex 0.000000 -0.000000 2.000000
      vertex -0.000000 -0.000000 2.000000
    endloop
  endfacet
  facet normal 0.452884 -0.888834 0.069789
    outer loop
      vertex 0.417173 -1.283926 0.500000
      vertex 0.793510 -1.092173 0.500000
      vertex 0.783741 -1.078726 0.734652
    endloop
  endfacet
  facet normal 0.452884 -0.888834 0.069789
    outer loop
      vertex 0.417173 -1.283926 0.500000
      vertex 0.783741 -1.078726 0.734652
      vertex 0.412037 -1.268119 0.734652
    endloop
  endfacet
  facet normal 0.443992 -0.871384 0.208711
    outer loop
      vertex 0.412037 -1.268119 0.734652
      vertex 0.783741 -1.078726 0.734652
      vertex 0.754673 -1.038718 0.963525
    endloop
  endfacet
  facet normal 0.443992 -0.871384 0.208711
    outer loop
      vertex 0.412037 -1.268119 0.734652
      vertex 0.754673 -1.038718 0.963525
      vertex 0.396755 -1.221086 0.963525
    endloop
  endfacet
  facet normal 0.426029 -0.836129 0.345525
    outer loop
      vertex 0.396755 -1.221086 0.963525
      vertex 0.754673 -1.038718 0.963525
      vertex 0.707023 -0.973133 1.180986
    endloop
  endfacet
  facet normal 0.426029 -0.836129 0.345525
    outer loop
      vertex 0.396755 -1.221086 0.963525
      vertex 0.707023 -0.973133 1.180986
      vertex 0.371704 -1.143987 1.180986
    endloop
  endfacet
  facet normal 0.398678 -0.782449 0.478362
    outer loop
      vertex 0.371704 -1.143987 1.180986
      vertex 0.707023 -0.973133 1.180986
      vertex 0.641963 -0.883586 1.381678
    endloop
  endfacet
  facet normal 0.398678 -0.782449 0.478362
    outer loop
      vertex 0.371704 -1.143987 1.180986
      vertex 0.641963 -0.883586 1.381678
      vertex 0.337500 -1.038718 1.381678
    endloop
  endfacet
  facet normal 0.361588 -0.709656 0.604684
    outer loop
      vertex 0.337500 -1.038718 1.381678
      vertex 0.641963 -0.883586 1.381678
      vertex 0.561096 -0.772283 1.560660
    endloop
  endfacet
  facet normal 0.361588 -0.709656 0.604684
    outer loop
      vertex 0.337500 -1.038718 1.381678
      vertex 0.561096 -0.772283 1.560660
      vertex 0.294986 -0.907873 1.560660
    endloop
  endfacet
  facet normal 0.314540 -0.617320 0.721096
    outer loop
      vertex 0.294986 -0.907873 1.560660
      vertex 0.561096 -0.772283 1.560660
      vertex 0.466414 -0.641963 1.713525
    endloop
  endfacet
  facet normal 0.314540 -0.617320 0.721096
    outer loop
      vertex 0.294986 -0.907873 1.560660
      vertex 0.466414 -0.641963 1.713525
      vertex 0.245208 -0.754673 1.713525
    endloop
  endfacet
  facet normal 0.257675 -0.505716 0.823320
    outer loop
      vertex 0.245208 -0.754673 1.713525
      vertex 0.466414 -0.641963 1.713525
      vertex 0.360246 -0.495836 1.836510
    endloop
  endfacet
  facet normal 0.257675 -0.505716 0.823320
    outer loop
      vertex 0.245208 -0.754673 1.713525
      vertex 0.360246 -0.495836 1.836510
      vertex 0.189393 -0.582890 1.836510
    endloop
  endfacet
  facet normal 0.191752 -0.376334 0.906424
    outer loop
      vertex 0.189393 -0.582890 1.836510
      vertex 0.360246 -0.495836 1.836510
      vertex 0.245208 -0.337500 1.926585
    endloop
  endfacet
  facet normal 0.191752 -0.376334 0.906424
    outer loop
      vertex 0.189393 -0.582890 1.836510
      vertex 0.245208 -0.337500 1.926585
      vertex 0.128914 -0.396755 1.926585
    endloop
  endfacet
  facet normal 0.118372 -0.232319 0.965410
    outer loop
      vertex 0.128914 -0.396755 1.926585
      vertex 0.245208 -0.337500 1.926585
      vertex 0.124132 -0.170853 1.981533
    endloop
  endfacet
  facet normal 0.118372 -0.232319 0.965410
    outer loop
      vertex 0.128914 -0.396755 1.926585
      vertex 0.124132 -0.170853 1.981533
      vertex 0.065260 -0.200850 1.981533
    endloop
  endfacet
  facet normal 0.040038 -0.078579 0.996104
    outer loop
      vertex 0.065260 -0.200850 1.981533
      vertex 0.124132 -0.170853 1.981533
      vertex 0.000000 -0.000000 2.000000
    endloop
  endfacet
  facet normal 0.000000 0.000000 1.000000
    outer loop
      vertex 0.065260 -0.200850 1.981533
      vertex 0.000000 -0.000000 2.000000
      vertex 0.000000 -0.000000 2.000000
    endloop
  endfacet
  facet normal 0.705383 -0.705383 0.069789
    outer loop
      vertex 0.793510 -1.092173 0.500000
      vertex 1.092173 -0.793510 0.500000
      vertex 1.078726 -0.783741 0.734652
    endloop
  endfacet
  facet normal 0.705383 -0.705383 0.069789
    outer loop
      vertex 0.793510 -1.092173 0.500000
      vertex 1.078726 -0.783741 0.734652
      vertex 0.783741 -1.078726 0.734652
    endloop
  endfacet
  facet normal 0.691534 -0.691534 0.208711
    outer loop
      vertex 0.783741 -1.078726 0.734652
      vertex 1.078726 -0.783741 0.734652
      vertex 1.038718 -0.754673 0.963525
    endloop
  endfacet
  facet normal 0.691534 -0.691534 0.208711
    outer loop
      vertex 0.783741 -1.078726 0.734652
      vertex 1.038718 -0.754673 0.963525
      vertex 0.754673 -1.038718 0.963525
    endloop
  endfacet
  facet normal 0.663556 -0.663556 0.345525
    outer loop
      vertex 0.754673 -1.038718 0.963525
      vertex 1.038718 -0.754673 0.963525
      vertex 0.973133 -0.707023 1.180986
    endloop
  endfacet
  facet normal 0.663556 -0.663556 0.345525
    outer loop
      vertex 0.754673 -1.038718 0.963525
      vertex 0.973133 -0.707023 1.180986
      vertex 0.707023 -0.973133 1.180986
    endloop
  endfacet
  facet normal 0.620955 -0.620955 0.478362
    outer loop
      vertex 0.707023 -0.973133 1.180986
      vertex 0.973133 -0.707023 1.180986
      vertex 0.883586 -0.641963 1.381678
    endloop
  endfacet
  facet normal 0.620955 -0.620955 0.478362
    outer loop
      vertex 0.707023 -0.973133 1.180986
      vertex 0.883586 -0.641963 1.381678
      vertex 0.641963 -0.883586 1.381678
    endloop
  endfacet
  facet normal 0.563186 -0.563186 0.604684
    outer loop
      vertex 0.641963 -0.883586 1.381678
      vertex 0.883586 -0.641963 1.381678
      vertex 0.772283 -0.561096 1.560660
    endloop
  endfacet
  facet normal 0.563186 -0.563186 0.604684
    outer loop
      vertex 0.641963 -0.883586 1.381678
      vertex 0.772283 -0.561096 1.560660
      vertex 0.561096 -0.772283 1.560660
    endloop
  endfacet
  facet normal 0.489908 -0.489908 0.721096
    outer loop
      vertex 0.561096 -0.772283 1.560660
      vertex 0.772283 -0.561096 1.560660
      vertex 0.641963 -0.466414 1.713525
    endloop
  endfacet
  facet normal 0.489908 -0.489908 0.721096
    outer loop
      vertex 0.561096 -0.772283 1.560660
      vertex 0.641963 -0.466414 1.713525
      vertex 0.466414 -0.641963 1.713525
    endloop
  endfacet
  facet normal 0.401338 -0.401338 0.823320
    outer loop
      vertex 0.466414 -0.641963 1.713525
      vertex 0.641963 -0.466414 1.713525
      vertex 0.495836 -0.360246 1.836510
    endloop
  endfacet
  facet normal 0.401338 -0.401338 0.823320
    outer loop
      vertex 0.466414 -0.641963 1.713525
      vertex 0.495836 -0.360246 1.836510
      vertex 0.360246 -0.495836 1.836510
    endloop
  endfacet
  facet normal 0.298661 -0.298661 0.906424
    outer loop
      vertex 0.360246 -0.495836 1.836510
      vertex 0.495836 -0.360246 1.836510
      vertex 0.337500 -0.245208 1.926585
    endloop
  endfacet
  facet normal 0.298661 -0.298661 0.906424
    outer loop
      vertex 0.360246 -0.495836 1.836510
      vertex 0.337500 -0.245208 1.926585
      vertex 0.245208 -0.337500 1.926585
    endloop
  endfacet
  facet normal 0.184369 -0.184369 0.965410
    outer loop
      vertex 0.245208 -0.337500 1.926585
      vertex 0.337500 -0.245208 1.926585
      vertex 0.170853 -0.124132 1.981533
    endloop
  endfacet
  facet normal 0.184369 -0.184369 0.965410
    outer loop
      vertex 0.245208 -0.337500 1.926585
      vertex 0.170853 -0.124132 1.981533
      vertex 0.124132 -0.170853 1.981533
    endloop
  endfacet
  facet normal 0.062361 -0.062361 0.996104
    outer loop
      vertex 0.124132 -0.170853 1.981533
      vertex 0.170853 -0.124132 1.981533
      vertex 0.000000 -0.000000 2.000000
    endloop
  endfacet
  facet normal 0.000000 0.000000 1.000000
    outer loop
      vertex 0.124132 -0.170853 1.981533
      vertex 0.000000 -0.000000 2.000000
      vertex 0.000000 -0.000000 2.000000
    endloop
  endfacet
  facet normal 0.888834 -0.452884 0.069789
    outer loop
      vertex 1.092173 -0.793510 0.500000
      vertex 1.283926 -0.417173 0.500000
      vertex 1.268119 -0.412037 0.734652
    endloop
  endfacet
  facet normal 0.888834 -0.452884 0.069789
    outer loop
      vertex 1.092173 -0.793510 0.500000
      vertex 1.268119 -0.412037 0.734652
      vertex 1.078726 -0.783741 0.734652
    endloop
  endfacet
  facet normal 0.871384 -0.443992 0.208711
    outer loop
      vertex 1.078726 -0.783741 0.734652
      vertex 1.268119 -0.412037 0.734652
      vertex 1.221086 -0.396755 0.963525
    endloop
  endfacet
  facet normal 0.871384 -0.443992 0.208711
    outer loop
      vertex 1.078726 -0.783741 0.734652
      vertex 1.221086 -0.396755 0.963525
      vertex 1.038718 -0.754673 0.963525
    endloop
  endfacet
  facet normal 0.836129 -0.426029 0.345525
    outer loop
      vertex 1.038718 -0.754673 0.963525
      vertex 1.221086 -0.396755 0.963525
      vertex 1.143987 -0.371704 1.180986
    endloop
  endfacet
  facet normal 0.836129 -0.426029 0.345525
    outer loop
      vertex 1.038718 -0.754673 0.963525
      vertex 1.143987 -0.371704 1.180986
      vertex 0.973133 -0.707023 1.180986
    endloop
  endfacet
  facet normal 0.782449 -0.398678 0.478362
    outer loop
      vertex 0.973133 -0.707023 1.180986
      vertex 1.143987 -0.371704 1.180986
      vertex 1.038718 -0.337500 1.381678
    endloop
  endfacet
  facet normal 0.782449 -0.398678 0.478362
    outer loop
      vertex 0.973133 -0.707023 1.180986
      vertex 1.038718 -0.337500 1.381678
      vertex 0.883586 -0.641963 1.381678
    endloop
  endfacet
  facet normal 0.709656 -0.361588 0.604684
    outer loop
      vertex 0.883586 -0.641963 1.381678
      vertex 1.038718 -0.337500 1.381678
      vertex 0.907873 -0.294986 1.560660
    endloop
  endfacet
  facet normal 0.709656 -0.361588 0.604684
    outer loop
      vertex 0.883586 -0.641963 1.381678
      vertex 0.907873 -0.294986 1.560660
      vertex 0.772283 -0.561096 1.560660
    endloop
  endfacet
  facet normal 0.617320 -0.314540 0.721096
    outer loop
      vertex 0.772283 -0.561096 1.560660
      vertex 0.907873 -0.294986 1.560660
      vertex 0.754673 -0.245208 1.713525
    endloop
  endfacet
  facet normal 0.617320 -0.314540 0.721096
    outer loop
      vertex 0.772283 -0.561096 1.560660
      vertex 0.754673 -0.245208 1.713525
      vertex 0.641963 -0.466414 1.713525
    endloop
  endfacet
  facet normal 0.505716 -0.257675 0.823320
    outer loop
      vertex 0.641963 -0.466414 1.713525
      vertex 0.754673 -0.245208 1.713525
      vertex 0.582890 -0.189393 1.836510
    endloop
  endfacet
  facet normal 0.505716 -0.257675 0.823320
    outer loop
      vertex 0.641963 -0.466414 1.713525
      vertex 0.582890 -0.189393 1.836510
      vertex 0.495836 -0.360246 1.836510
    endloop
  endfacet
  facet normal 0.376334 -0.191752 0.906424
    outer loop
      vertex 0.495836 -0.360246 1.836510
      vertex 0.582890 -0.189393 1.836510
      vertex 0.396755 -0.128914 1.926585
    endloop
  endfacet
  facet normal 0.376334 -0.191752 0.906424
    outer loop
      vertex 0.495836 -0.360246 1.836510
      vertex 0.396755 -0.128914 1.926585
      vertex 0.337500 -0.245208 1.926585
    endloop
  endfacet
  facet normal 0.232319 -0.118372 0.965410
    outer loop
      vertex 0.337500 -0.245208 1.926585
      vertex 0.396755 -0.128914 1.926585
      vertex 0.200850 -0.065260 1.981533
    endloop
  endfacet
  facet normal 0.232319 -0.118372 0.965410
    outer loop
      vertex 0.337500 -0.245208 1.926585
      vertex 0.200850 -0.065260 1.981533
      vertex 0.170853 -0.124132 1.981533
    endloop
  endfacet
  facet normal 0.078579 -0.040038 0.996104
    outer loop
      vertex 0.170853 -0.124132 1.981533
      vertex 0.200850 -0.065260 1.981533
      vertex 0.000000 -0.000000 2.000000
    endloop
  endfacet
  facet normal 0.000000 0.000000 1.000000
    outer loop
      vertex 0.170853 -0.124132 1.981533
      vertex 0.000000 -0.000000 2.000000
      vertex 0.000000 -0.000000 2.000000
    endloop
  endfacet
  facet normal 0.985280 -0.156053 0.069789
    outer loop
      vertex 1.283926 -0.417173 0.500000
      vertex 1.350000 -0.000000 0.500000
      vertex 1.333379 -0.000000 0.734652
    endloop
  endfacet
  facet normal 0.985280 -0.156053 0.069789
    outer loop
      vertex 1.283926 -0.417173 0.500000
      vertex 1.333379 -0.000000 0.734652
      vertex 1.268119 -0.412037 0.734652
    endloop
  endfacet
  facet normal 0.965937 -0.152989 0.208711
    outer loop
      vertex 1.268119 -0.412037 0.734652
      vertex 1.333379 -0.000000 0.734652
      vertex 1.283926 -0.000000 0.963525
    endloop
  endfacet
  facet normal 0.965937 -0.152989 0.208711
    outer loop
      vertex 1.268119 -0.412037 0.734652
      vertex 1.283926 -0.000000 0.963525
      vertex 1.221086 -0.396755 0.963525
    endloop
  endfacet
  facet normal 0.926856 -0.146800 0.345525
    outer loop
      vertex 1.221086 -0.396755 0.963525
      vertex 1.283926 -0.000000 0.963525
      vertex 1.202859 -0.000000 1.180986
    endloop
  endfacet
  facet normal 0.926856 -0.146800 0.345525
    outer loop
      vertex 1.221086 -0.396755 0.963525
      vertex 1.202859 -0.000000 1.180986
      vertex 1.143987 -0.371704 1.180986
    endloop
  endfacet
  facet normal 0.867351 -0.137375 0.478362
    outer loop
      vertex 1.143987 -0.371704 1.180986
      vertex 1.202859 -0.000000 1.180986
      vertex 1.092173 -0.000000 1.381678
    endloop
  endfacet
  facet normal 0.867351 -0.137375 0.478362
    outer loop
      vertex 1.143987 -0.371704 1.180986
      vertex 1.092173 -0.000000 1.381678
      vertex 1.038718 -0.337500 1.381678
    endloop
  endfacet
  facet normal 0.786660 -0.124595 0.604684
    outer loop
      vertex 1.038718 -0.337500 1.381678
      vertex 1.092173 -0.000000 1.381678
      vertex 0.954594 -0.000000 1.560660
    endloop
  endfacet
  facet normal 0.786660 -0.124595 0.604684
    outer loop
      vertex 1.038718 -0.337500 1.381678
      vertex 0.954594 -0.000000 1.560660
      vertex 0.907873 -0.294986 1.560660
    endloop
  endfacet
  facet normal 0.684305 -0.108383 0.721096
    outer loop
      vertex 0.907873 -0.294986 1.560660
      vertex 0.954594 -0.000000 1.560660
      vertex 0.793510 -0.000000 1.713525
    endloop
  endfacet
  facet normal 0.684305 -0.108383 0.721096
    outer loop
      vertex 0.907873 -0.294986 1.560660
      vertex 0.793510 -0.000000 1.713525
      vertex 0.754673 -0.245208 1.713525
    endloop
  endfacet
  facet normal 0.560590 -0.088789 0.823320
    outer loop
      vertex 0.754673 -0.245208 1.713525
      vertex 0.793510 -0.000000 1.713525
      vertex 0.612887 -0.000000 1.836510
    endloop
  endfacet
  facet normal 0.560590 -0.088789 0.823320
    outer loop
      vertex 0.754673 -0.245208 1.713525
      vertex 0.612887 -0.000000 1.836510
      vertex 0.582890 -0.189393 1.836510
    endloop
  endfacet
  facet normal 0.417170 -0.066073 0.906424
    outer loop
      vertex 0.582890 -0.189393 1.836510
      vertex 0.612887 -0.000000 1.836510
      vertex 0.417173 -0.000000 1.926585
    endloop
  endfacet
  facet normal 0.417170 -0.066073 0.906424
    outer loop
      vertex 0.582890 -0.189393 1.836510
      vertex 0.417173 -0.000000 1.926585
      vertex 0.396755 -0.128914 1.926585
    endloop
  endfacet
  facet normal 0.257527 -0.040788 0.965410
    outer loop
      vertex 0.396755 -0.128914 1.926585
      vertex 0.417173 -0.000000 1.926585
      vertex 0.211187 -0.000000 1.981533
    endloop
  endfacet
  facet normal 0.257527 -0.040788 0.965410
    outer loop
      vertex 0.396755 -0.128914 1.926585
      vertex 0.211187 -0.000000 1.981533
      vertex 0.200850 -0.065260 1.981533
    endloop
  endfacet
  facet normal 0.087106 -0.013796 0.996104
    outer loop
      vertex 0.200850 -0.065260 1.981533
      vertex 0.211187 -0.000000 1.981533
      vertex 0.000000 -0.000000 2.000000
    endloop
  endfacet
  facet normal 0.000000 0.000000 1.000000
    outer loop
      vertex 0.200850 -0.065260 1.981533
      vertex 0.000000 -0.000000 2.000000
      vertex 0.000000 -0.000000 2.000000
    endloop
  endfacet
  facet normal 0.000000 0.000000 1.000000
    outer loop
      vertex 0.000000 0.000000 0.500000
      vertex 1.350000 0.000000 0.500000
      vertex 1.283926 0.417173 0.500000
    endloop
  endfacet
  facet normal 0.000000 0.000000 1.000000
    outer loop
      vertex 0.000000 0.000000 0.500000
      vertex 1.283926 0.417173 0.500000
      vertex 1.092173 0.793510 0.500000
    endloop
  endfacet
  facet normal 0.000000 0.000000 1.000000
    outer loop
      vertex 0.000000 0.000000 0.500000
      vertex 1.092173 0.793510 0.500000
      vertex 0.793510 1.092173 0.500000
    endloop
  endfacet
  facet normal 0.000000 0.000000 1.000000
    outer loop
      vertex 0.000000 0.000000 0.500000
      vertex 0.793510 1.092173 0.500000
      vertex 0.417173 1.283926 0.500000
    endloop
  endfacet
  facet normal 0.000000 0.000000 1.000000
    outer loop
      vertex 0.000000 0.000000 0.500000
      vertex 0.417173 1.283926 0.500000
      vertex 0.000000 1.350000 0.500000
    endloop
  endfacet
  facet normal 0.000000 -0.000000 1.000000
    outer loop
      vertex 0.000000 0.000000 0.500000
      vertex 0.000000 1.350000 0.500000
      vertex -0.417173 1.283926 0.500000
    endloop
  endfacet
  facet normal 0.000000 0.000000 1.000000
    outer loop
      vertex 0.000000 0.000000 0.500000
      vertex -0.417173 1.283926 0.500000
      vertex -0.793510 1.092173 0.500000
    endloop
  endfacet
  facet normal 0.000000 0.000000 1.000000
    outer loop
      vertex 0.000000 0.000000 0.500000
      vertex -0.793510 1.092173 0.500000
      vertex -1.092173 0.793510 0.500000
    endloop
  endfacet
  facet normal 0.000000 0.000000 1.000000
    outer loop
      vertex 0.000000 0.000000 0.500000
      vertex -1.092173 0.793510 0.500000
      vertex -1.283926 0.417173 0.500000
    endloop
  endfacet
  facet normal 0.000000 0.000000 1.000000
    outer loop
      vertex 0.000000 0.000000 0.500000
      vertex -1.283926 0.417173 0.500000
      vertex -1.350000 0.000000 0.500000
    endloop
  endfacet
  facet normal 0.000000 0.000000 1.000000
    outer loop
      vertex 0.000000 0.000000 0.500000
      vertex -1.350000 0.000000 0.500000
      vertex -1.283926 -0.417173 0.500000
    endloop
  endfacet
  facet normal 0.000000 0.000000 1.000000
    outer loop
      vertex 0.000000 0.000000 0.500000
      vertex -1.283926 -0.417173 0.500000
      vertex -1.092173 -0.793510 0.500000
    endloop
  endfacet
  facet normal 0.000000 0.000000 1.000000
    outer loop
      vertex 0.000000 0.000000 0.500000
      vertex -1.092173 -0.793510 0.500000
      vertex -0.793510 -1.092173 0.500000
    endloop
  endfacet
  facet normal 0.000000 0.000000 1.000000
    outer loop
      vertex 0.000000 0.000000 0.500000
      vertex -0.793510 -1.092173 0.500000
      vertex -0.417173 -1.283926 0.500000
    endloop
  endfacet
  facet normal 0.000000 0.000000 1.000000
    outer loop
      vertex 0.000000 0.000000 0.500000
      vertex -0.417173 -1.283926 0.500000
      vertex -0.000000 -1.350000 0.500000
    endloop
  endfacet
  facet normal 0.000000 0.000000 1.000000
    outer loop
      vertex 0.000000 0.000000 0.500000
      vertex -0.000000 -1.350000 0.500000
      vertex 0.417173 -1.283926 0.500000
    endloop
  endfacet
  facet normal 0.000000 0.000000 1.000000
    outer loop
      vertex 0.000000 0.000000 0.500000
      vertex 0.417173 -1.283926 0.500000
      vertex 0.793510 -1.092173 0.500000
    endloop
  endfacet
  facet normal 0.000000 0.000000 1.000000
    outer loop
      vertex 0.000000 0.000000 0.500000
      vertex 0.793510 -1.092173 0.500000
      vertex 1.092173 -0.793510 0.500000
    endloop
  endfacet
  facet normal 0.000000 0.000000 1.000000
    outer loop
      vertex 0.000000 0.000000 0.500000
      vertex 1.092173 -0.793510 0.500000
      vertex 1.283926 -0.417173 0.500000
    endloop
  endfacet
  facet normal 0.000000 0.000000 1.000000
    outer loop
      vertex 0.000000 0.000000 0.500000
      vertex 1.283926 -0.417173 0.500000
      vertex 1.350000 -0.000000 0.500000
    endloop
  endfacet
endsolid earring_15mm
