solid earring_20mm
  facet normal 0.000000 0.000000 -1.000000
    outer loop
      vertex 0.000000 0.000000 0.000000
      vertex 9.914449 1.305262 0.000000
      vertex 10.000000 0.000000 0.000000
    endloop
  endfacet
  facet normal 0.000000 0.000000 1.000000
    outer loop
      vertex 0.000000 0.000000 0.500000
      vertex 10.000000 0.000000 0.500000
      vertex 9.914449 1.305262 0.500000
    endloop
  endfacet
  facet normal 0.997859 0.065403 0.000000
    outer loop
      vertex 10.000000 0.000000 0.000000
      vertex 9.914449 1.305262 0.000000
      vertex 9.914449 1.305262 0.500000
    endloop
  endfacet
  facet normal 0.997859 0.065403 -0.000000
    outer loop
      vertex 10.000000 0.000000 0.000000
      vertex 9.914449 1.305262 0.500000
      vertex 10.000000 0.000000 0.500000
    endloop
  endfacet
  facet normal 0.000000 0.000000 -1.000000
    outer loop
      vertex 0.000000 0.000000 0.000000
      vertex 9.659258 2.588190 0.000000
      vertex 9.914449 1.305262 0.000000
    endloop
  endfacet
  facet normal 0.000000 0.000000 1.000000
    outer loop
      vertex 0.000000 0.000000 0.500000
      vertex 9.914449 1.305262 0.500000
      vertex 9.659258 2.588190 0.500000
    endloop
  endfacet
  facet normal 0.980785 0.195090 0.000000
    outer loop
      vertex 9.914449 1.305262 0.000000
      vertex 9.659258 2.588190 0.000000
      vertex 9.659258 2.588190 0.500000
    endloop
  endfacet
  facet normal 0.980785 0.195090 -0.000000
    outer loop
      vertex 9.914449 1.305262 0.000000
      vertex 9.659258 2.588190 0.500000
      vertex 9.914449 1.305262 0.500000
    endloop
  endfacet
  facet normal 0.000000 0.000000 -1.000000
    outer loop
      vertex 0.000000 0.000000 0.000000
      vertex 9.238795 3.826834 0.000000
      vertex 9.659258 2.588190 0.000000
    endloop
  endfacet
  facet normal 0.000000 0.000000 1.000000
    outer loop
      vertex 0.000000 0.000000 0.500000
      vertex 9.659258 2.588190 0.500000
      vertex 9.238795 3.826834 0.500000
    endloop
  endfacet
  facet normal 0.946930 0.321439 0.000000
    outer loop
      vertex 9.659258 2.588190 0.000000
      vertex 9.238795 3.826834 0.000000
      vertex 9.238795 3.826834 0.500000
    endloop
  endfacet
  facet normal 0.946930 0.321439 -0.000000
    outer loop
      vertex 9.659258 2.588190 0.000000
      vertex 9.238795 3.826834 0.500000
      vertex 9.659258 2.588190 0.500000
    endloop
  endfacet
  facet normal 0.000000 0.000000 -1.000000
    outer loop
      vertex 0.000000 0.000000 0.000000
      vertex 8.660254 5.000000 0.000000
      vertex 9.238795 3.826834 0.000000
    endloop
  endfacet
  facet normal 0.000000 0.000000 1.000000
    outer loop
      vertex 0.000000 0.000000 0.500000
      vertex 9.238795 3.826834 0.500000
      vertex 8.660254 5.000000 0.500000
    endloop
  endfacet
  facet normal 0.896873 0.442289 0.000000
    outer loop
      vertex 9.238795 3.826834 0.000000
      vertex 8.660254 5.000000 0.000000
      vertex 8.660254 5.000000 0.500000
    endloop
  endfacet
  facet normal 0.896873 0.442289 -0.000000
    outer loop
      vertex 9.238795 3.826834 0.000000
      vertex 8.660254 5.000000 0.500000
      vertex 9.238795 3.826834 0.500000
    endloop
  endfacet
  facet normal 0.000000 0.000000 -1.000000
    outer loop
      vertex 0.000000 0.000000 0.000000
      vertex 7.933533 6.087614 0.000000
      vertex 8.660254 5.000000 0.000000
    endloop
  endfacet
  facet normal 0.000000 0.000000 1.000000
    outer loop
      vertex 0.000000 0.000000 0.500000
      vertex 8.660254 5.000000 0.500000
      vertex 7.933533 6.087614 0.500000
    endloop
  endfacet
  facet normal 0.831470 0.555570 0.000000
    outer loop
      vertex 8.660254 5.000000 0.000000
      vertex 7.933533 6.087614 0.000000
      vertex 7.933533 6.087614 0.500000
    endloop
  endfacet
  facet normal 0.831470 0.555570 -0.000000
    outer loop
      vertex 8.660254 5.000000 0.000000
      vertex 7.933533 6.087614 0.500000
      vertex 8.660254 5.000000 0.500000
    endloop
  endfacet
  facet normal 0.000000 0.000000 -1.000000
    outer loop
      vertex 0.000000 0.000000 0.000000
      vertex 7.071068 7.071068 0.000000
      vertex 7.933533 6.087614 0.000000
    endloop
  endfacet
  facet normal 0.000000 0.000000 1.000000
    outer loop
      vertex 0.000000 0.000000 0.500000
      vertex 7.933533 6.087614 0.500000
      vertex 7.071068 7.071068 0.500000
    endloop
  endfacet
  facet normal 0.751840 0.659346 0.000000
    outer loop
      vertex 7.933533 6.087614 0.000000
      vertex 7.071068 7.071068 0.000000
      vertex 7.071068 7.071068 0.500000
    endloop
  endfacet
  facet normal 0.751840 0.659346 -0.000000
    outer loop
      vertex 7.933533 6.087614 0.000000
      vertex 7.071068 7.071068 0.500000
      vertex 7.933533 6.087614 0.500000
    endloop
  endfacet
  facet normal 0.000000 0.000000 -1.000000
    outer loop
      vertex 0.000000 0.000000 0.000000
      vertex 6.087614 7.933533 0.000000
      vertex 7.071068 7.071068 0.000000
    endloop
  endfacet
  facet normal 0.000000 0.000000 1.000000
    outer loop
      vertex 0.000000 0.000000 0.500000
      vertex 7.071068 7.071068 0.500000
      vertex 6.087614 7.933533 0.500000
    endloop
  endfacet
  facet normal 0.659346 0.751840 0.000000
    outer loop
      vertex 7.071068 7.071068 0.000000
      vertex 6.087614 7.933533 0.000000
      vertex 6.087614 7.933533 0.500000
    endloop
  endfacet
  facet normal 0.659346 0.751840 -0.000000
    outer loop
      vertex 7.071068 7.071068 0.000000
      vertex 6.087614 7.933533 0.500000
      vertex 7.071068 7.071068 0.500000
    endloop
  endfacet
  facet normal 0.000000 0.000000 -1.000000
    outer loop
      vertex 0.000000 0.000000 0.000000
      vertex 5.000000 8.660254 0.000000
      vertex 6.087614 7.933533 0.000000
    endloop
  endfacet
  facet normal 0.000000 0.000000 1.000000
    outer loop
      vertex 0.000000 0.000000 0.500000
      vertex 6.087614 7.933533 0.500000
      vertex 5.000000 8.660254 0.500000
    endloop
  endfacet
  facet normal 0.555570 0.831470 0.000000
    outer loop
      vertex 6.087614 7.933533 0.000000
      vertex 5.000000 8.660254 0.000000
      vertex 5.000000 8.660254 0.500000
    endloop
  endfacet
  facet normal 0.555570 0.831470 -0.000000
    outer loop
      vertex 6.087614 7.933533 0.000000
      vertex 5.000000 8.660254 0.500000
      vertex 6.087614 7.933533 0.500000
    endloop
  endfacet
  facet normal 0.000000 0.000000 -1.000000
    outer loop
      vertex 0.000000 0.000000 0.000000
      vertex 3.826834 9.238795 0.000000
      vertex 5.000000 8.660254 0.000000
    endloop
  endfacet
  facet normal 0.000000 0.000000 1.000000
    outer loop
      vertex 0.000000 0.000000 0.500000
      vertex 5.000000 8.660254 0.500000
      vertex 3.826834 9.238795 0.500000
    endloop
  endfacet
  facet normal 0.442289 0.896873 0.000000
    outer loop
      vertex 5.000000 8.660254 0.000000
      vertex 3.826834 9.238795 0.000000
      vertex 3.826834 9.238795 0.500000
    endloop
  endfacet
  facet normal 0.442289 0.896873 -0.000000
    outer loop
      vertex 5.000000 8.660254 0.000000
      vertex 3.826834 9.238795 0.500000
      vertex 5.000000 8.660254 0.500000
    endloop
  endfacet
  facet normal 0.000000 0.000000 -1.000000
    outer loop
      vertex 0.000000 0.000000 0.000000
      vertex 2.588190 9.659258 0.000000
      vertex 3.826834 9.238795 0.000000
    endloop
  endfacet
  facet normal 0.000000 0.000000 1.000000
    outer loop
      vertex 0.000000 0.000000 0.500000
      vertex 3.826834 9.238795 0.500000
      vertex 2.588190 9.659258 0.500000
    endloop
  endfacet
  facet normal 0.321439 0.946930 0.000000
    outer loop
      vertex 3.826834 9.238795 0.000000
      vertex 2.588190 9.659258 0.000000
      vertex 2.588190 9.659258 0.500000
    endloop
  endfacet
  facet normal 0.321439 0.946930 -0.000000
    outer loop
      vertex 3.826834 9.238795 0.000000
      vertex 2.588190 9.659258 0.500000
      vertex 3.826834 9.238795 0.500000
    endloop
  endfacet
  facet normal 0.000000 0.000000 -1.000000
    outer loop
      vertex 0.000000 0.000000 0.000000
      vertex 1.305262 9.914449 0.000000
      vertex 2.588190 9.659258 0.000000
    endloop
  endfacet
  facet normal 0.000000 0.000000 1.000000
    outer loop
      vertex 0.000000 0.000000 0.500000
      vertex 2.588190 9.659258 0.500000
      vertex 1.305262 9.914449 0.500000
    endloop
  endfacet
  facet normal 0.195090 0.980785 0.000000
    outer loop
      vertex 2.588190 9.659258 0.000000
      vertex 1.305262 9.914449 0.000000
      vertex 1.305262 9.914449 0.500000
    endloop
  endfacet
  facet normal 0.195090 0.980785 -0.000000
    outer loop
      vertex 2.588190 9.659258 0.000000
      vertex 1.305262 9.914449 0.500000
      vertex 2.588190 9.659258 0.500000
    endloop
  endfacet
  facet normal 0.000000 0.000000 -1.000000
    outer loop
      vertex 0.000000 0.000000 0.000000
      vertex 0.000000 10.000000 0.000000
      vertex 1.305262 9.914449 0.000000
    endloop
  endfacet
  facet normal 0.000000 0.000000 1.000000
    outer loop
      vertex 0.000000 0.000000 0.500000
      vertex 1.305262 9.914449 0.500000
      vertex 0.000000 10.000000 0.500000
    endloop
  endfacet
  facet normal 0.065403 0.997859 0.000000
    outer loop
      vertex 1.305262 9.914449 0.000000
      vertex 0.000000 10.000000 0.000000
      vertex 0.000000 10.000000 0.500000
    endloop
  endfacet
  facet normal 0.065403 0.997859 -0.000000
    outer loop
      vertex 1.305262 9.914449 0.000000
      vertex 0.000000 10.000000 0.500000
      vertex 1.305262 9.914449 0.500000
    endloop
  endfacet
  facet normal 0.000000 0.000000 -1.000000
    outer loop
      vertex 0.000000 0.000000 0.000000
      vertex -1.305262 9.914449 0.000000
      vertex 0.000000 10.000000 0.000000
    endloop
  endfacet
  facet normal 0.000000 -0.000000 1.000000
    outer loop
      vertex 0.000000 0.000000 0.500000
      vertex 0.000000 10.000000 0.500000
      vertex -1.305262 9.914449 0.500000
    endloop
  endfacet
  facet normal -0.065403 0.997859 0.000000
    outer loop
      vertex 0.000000 10.000000 0.000000
      vertex -1.305262 9.914449 0.000000
      vertex -1.305262 9.914449 0.500000
    endloop
  endfacet
  facet normal -0.065403 0.997859 0.000000
    outer loop
      vertex 0.000000 10.000000 0.000000
      vertex -1.305262 9.914449 0.500000
      vertex 0.000000 10.000000 0.500000
    endloop
  endfacet
  facet normal 0.000000 0.000000 -1.000000
    outer loop
      vertex 0.000000 0.000000 0.000000
      vertex -2.588190 9.659258 0.000000
      vertex -1.305262 9.914449 0.000000
    endloop
  endfacet
  facet normal 0.000000 0.000000 1.000000
    outer loop
      vertex 0.000000 0.000000 0.500000
      vertex -1.305262 9.914449 0.500000
      vertex -2.588190 9.659258 0.500000
    endloop
  endfacet
  facet normal -0.195090 0.980785 0.000000
    outer loop
      vertex -1.305262 9.914449 0.000000
      vertex -2.588190 9.659258 0.000000
      vertex -2.588190 9.659258 0.500000
    endloop
  endfacet
  facet normal -0.195090 0.980785 0.000000
    outer loop
      vertex -1.305262 9.914449 0.000000
      vertex -2.588190 9.659258 0.500000
      vertex -1.305262 9.914449 0.500000
    endloop
  endfacet
  facet normal 0.000000 0.000000 -1.000000
    outer loop
      vertex 0.000000 0.000000 0.000000
      vertex -3.826834 9.238795 0.000000
      vertex -2.588190 9.659258 0.000000
    endloop
  endfacet
  facet normal 0.000000 0.000000 1.000000
    outer loop
      vertex 0.000000 0.000000 0.500000
      vertex -2.588190 9.659258 0.500000
      vertex -3.826834 9.238795 0.500000
    endloop
  endfacet
  facet normal -0.321439 0.946930 0.000000
    outer loop
      vertex -2.588190 9.659258 0.000000
      vertex -3.826834 9.238795 0.000000
      vertex -3.826834 9.238795 0.500000
    endloop
  endfacet
  facet normal -0.321439 0.946930 0.000000
    outer loop
      vertex -2.588190 9.659258 0.000000
      vertex -3.826834 9.238795 0.500000
      vertex -2.588190 9.659258 0.500000
    endloop
  endfacet
  facet normal 0.000000 0.000000 -1.000000
    outer loop
      vertex 0.000000 0.000000 0.000000
      vertex -5.000000 8.660254 0.000000
      vertex -3.826834 9.238795 0.000000
    endloop
  endfacet
  facet normal 0.000000 0.000000 1.000000
    outer loop
      vertex 0.000000 0.000000 0.500000
      vertex -3.826834 9.238795 0.500000
      vertex -5.000000 8.660254 0.500000
    endloop
  endfacet
  facet normal -0.442289 0.896873 0.000000
    outer loop
      vertex -3.826834 9.238795 0.000000
      vertex -5.000000 8.660254 0.000000
      vertex -5.000000 8.660254 0.500000
    endloop
  endfacet
  facet normal -0.442289 0.896873 0.000000
    outer loop
      vertex -3.826834 9.238795 0.000000
      vertex -5.000000 8.660254 0.500000
      vertex -3.826834 9.238795 0.500000
    endloop
  endfacet
  facet normal 0.000000 0.000000 -1.000000
    outer loop
      vertex 0.000000 0.000000 0.000000
      vertex -6.087614 7.933533 0.000000
      vertex -5.000000 8.660254 0.000000
    endloop
  endfacet
  facet normal 0.000000 0.000000 1.000000
    outer loop
      vertex 0.000000 0.000000 0.500000
      vertex -5.000000 8.660254 0.500000
      vertex -6.087614 7.933533 0.500000
    endloop
  endfacet
  facet normal -0.555570 0.831470 0.000000
    outer loop
      vertex -5.000000 8.660254 0.000000
      vertex -6.087614 7.933533 0.000000
      vertex -6.087614 7.933533 0.500000
    endloop
  endfacet
  facet normal -0.555570 0.831470 0.000000
    outer loop
      vertex -5.000000 8.660254 0.000000
      vertex -6.087614 7.933533 0.500000
      vertex -5.000000 8.660254 0.500000
    endloop
  endfacet
  facet normal 0.000000 0.000000 -1.000000
    outer loop
      vertex 0.000000 0.000000 0.000000
      vertex -7.071068 7.071068 0.000000
      vertex -6.087614 7.933533 0.000000
    endloop
  endfacet
  facet normal 0.000000 0.000000 1.000000
    outer loop
      vertex 0.000000 0.000000 0.500000
      vertex -6.087614 7.933533 0.500000
      vertex -7.071068 7.071068 0.500000
    endloop
  endfacet
  facet normal -0.659346 0.751840 0.000000
    outer loop
      vertex -6.087614 7.933533 0.000000
      vertex -7.071068 7.071068 0.000000
      vertex -7.071068 7.071068 0.500000
    endloop
  endfacet
  facet normal -0.659346 0.751840 0.000000
    outer loop
      vertex -6.087614 7.933533 0.000000
      vertex -7.071068 7.071068 0.500000
      vertex -6.087614 7.933533 0.500000
    endloop
  endfacet
  facet normal 0.000000 0.000000 -1.000000
    outer loop
      vertex 0.000000 0.000000 0.000000
      vertex -7.933533 6.087614 0.000000
      vertex -7.071068 7.071068 0.000000
    endloop
  endfacet
  facet normal 0.000000 0.000000 1.000000
    outer loop
      vertex 0.000000 0.000000 0.500000
      vertex -7.071068 7.071068 0.500000
      vertex -7.933533 6.087614 0.500000
    endloop
  endfacet
  facet normal -0.751840 0.659346 0.000000
    outer loop
      vertex -7.071068 7.071068 0.000000
      vertex -7.933533 6.087614 0.000000
      vertex -7.933533 6.087614 0.500000
    endloop
  endfacet
  facet normal -0.751840 0.659346 0.000000
    outer loop
      vertex -7.071068 7.071068 0.000000
      vertex -7.933533 6.087614 0.500000
      vertex -7.071068 7.071068 0.500000
    endloop
  endfacet
  facet normal 0.000000 0.000000 -1.000000
    outer loop
      vertex 0.000000 0.000000 0.000000
      vertex -8.660254 5.000000 0.000000
      vertex -7.933533 6.087614 0.000000
    endloop
  endfacet
  facet normal 0.000000 0.000000 1.000000
    outer loop
      vertex 0.000000 0.000000 0.500000
      vertex -7.933533 6.087614 0.500000
      vertex -8.660254 5.000000 0.500000
    endloop
  endfacet
  facet normal -0.831470 0.555570 0.000000
    outer loop
      vertex -7.933533 6.087614 0.000000
      vertex -8.660254 5.000000 0.000000
      vertex -8.660254 5.000000 0.500000
    endloop
  endfacet
  facet normal -0.831470 0.555570 0.000000
    outer loop
      vertex -7.933533 6.087614 0.000000
      vertex -8.660254 5.000000 0.500000
      vertex -7.933533 6.087614 0.500000
    endloop
  endfacet
  facet normal 0.000000 0.000000 -1.000000
    outer loop
      vertex 0.000000 0.000000 0.000000
      vertex -9.238795 3.826834 0.000000
      vertex -8.660254 5.000000 0.000000
    endloop
  endfacet
  facet normal 0.000000 0.000000 1.000000
    outer loop
      vertex 0.000000 0.000000 0.500000
      vertex -8.660254 5.000000 0.500000
      vertex -9.238795 3.826834 0.500000
    endloop
  endfacet
  facet normal -0.896873 0.442289 0.000000
    outer loop
      vertex -8.660254 5.000000 0.000000
      vertex -9.238795 3.826834 0.000000
      vertex -9.238795 3.826834 0.500000
    endloop
  endfacet
  facet normal -0.896873 0.442289 0.000000
    outer loop
      vertex -8.660254 5.000000 0.000000
      vertex -9.238795 3.826834 0.500000
      vertex -8.660254 5.000000 0.500000
    endloop
  endfacet
  facet normal 0.000000 0.000000 -1.000000
    outer loop
      vertex 0.000000 0.000000 0.000000
      vertex -9.659258 2.588190 0.000000
      vertex -9.238795 3.826834 0.000000
    endloop
  endfacet
  facet normal 0.000000 0.000000 1.000000
    outer loop
      vertex 0.000000 0.000000 0.500000
      vertex -9.238795 3.826834 0.500000
      vertex -9.659258 2.588190 0.500000
    endloop
  endfacet
  facet normal -0.946930 0.321439 0.000000
    outer loop
      vertex -9.238795 3.826834 0.000000
      vertex -9.659258 2.588190 0.000000
      vertex -9.659258 2.588190 0.500000
    endloop
  endfacet
  facet normal -0.946930 0.321439 0.000000
    outer loop
      vertex -9.238795 3.826834 0.000000
      vertex -9.659258 2.588190 0.500000
      vertex -9.238795 3.826834 0.500000
    endloop
  endfacet
  facet normal 0.000000 0.000000 -1.000000
    outer loop
      vertex 0.000000 0.000000 0.000000
      vertex -9.914449 1.305262 0.000000
      vertex -9.659258 2.588190 0.000000
    endloop
  endfacet
  facet normal 0.000000 0.000000 1.000000
    outer loop
      vertex 0.000000 0.000000 0.500000
      vertex -9.659258 2.588190 0.500000
      vertex -9.914449 1.305262 0.500000
    endloop
  endfacet
  facet normal -0.980785 0.195090 0.000000
    outer loop
      vertex -9.659258 2.588190 0.000000
      vertex -9.914449 1.305262 0.000000
      vertex -9.914449 1.305262 0.500000
    endloop
  endfacet
  facet normal -0.980785 0.195090 0.000000
    outer loop
      vertex -9.659258 2.588190 0.000000
      vertex -9.914449 1.305262 0.500000
      vertex -9.659258 2.588190 0.500000
    endloop
  endfacet
  facet normal 0.000000 0.000000 -1.000000
    outer loop
      vertex 0.000000 0.000000 0.000000
      vertex -10.000000 0.000000 0.000000
      vertex -9.914449 1.305262 0.000000
    endloop
  endfacet
  facet normal 0.000000 0.000000 1.000000
    outer loop
      vertex 0.000000 0.000000 0.500000
      vertex -9.914449 1.305262 0.500000
      vertex -10.000000 0.000000 0.500000
    endloop
  endfacet
  facet normal -0.997859 0.065403 0.000000
    outer loop
      vertex -9.914449 1.305262 0.000000
      vertex -10.000000 0.000000 0.000000
      vertex -10.000000 0.000000 0.500000
    endloop
  endfacet
  facet normal -0.997859 0.065403 0.000000
    outer loop
      vertex -9.914449 1.305262 0.000000
      vertex -10.000000 0.000000 0.500000
      vertex -9.914449 1.305262 0.500000
    endloop
  endfacet
  facet normal -0.000000 0.000000 -1.000000
    outer loop
      vertex 0.000000 0.000000 0.000000
      vertex -9.914449 -1.305262 0.000000
      vertex -10.000000 0.000000 0.000000
    endloop
  endfacet
  facet normal 0.000000 0.000000 1.000000
    outer loop
      vertex 0.000000 0.000000 0.500000
      vertex -10.000000 0.000000 0.500000
      vertex -9.914449 -1.305262 0.500000
    endloop
  endfacet
  facet normal -0.997859 -0.065403 0.000000
    outer loop
      vertex -10.000000 0.000000 0.000000
      vertex -9.914449 -1.305262 0.000000
      vertex -9.914449 -1.305262 0.500000
    endloop
  endfacet
  facet normal -0.997859 -0.065403 0.000000
    outer loop
      vertex -10.000000 0.000000 0.000000
      vertex -9.914449 -1.305262 0.500000
      vertex -10.000000 0.000000 0.500000
    endloop
  endfacet
  facet normal 0.000000 0.000000 -1.000000
    outer loop
      vertex 0.000000 0.000000 0.000000
      vertex -9.659258 -2.588190 0.000000
      vertex -9.914449 -1.305262 0.000000
    endloop
  endfacet
  facet normal 0.000000 0.000000 1.000000
    outer loop
      vertex 0.000000 0.000000 0.500000
      vertex -9.914449 -1.305262 0.500000
      vertex -9.659258 -2.588190 0.500000
    endloop
  endfacet
  facet normal -0.980785 -0.195090 0.000000
    outer loop
      vertex -9.914449 -1.305262 0.000000
      vertex -9.659258 -2.588190 0.000000
      vertex -9.659258 -2.588190 0.500000
    endloop
  endfacet
  facet normal -0.980785 -0.195090 0.000000
    outer loop
      vertex -9.914449 -1.305262 0.000000
      vertex -9.659258 -2.588190 0.500000
      vertex -9.914449 -1.305262 0.500000
    endloop
  endfacet
  facet normal 0.000000 0.000000 -1.000000
    outer loop
      vertex 0.000000 0.000000 0.000000
      vertex -9.238795 -3.826834 0.000000
      vertex -9.659258 -2.588190 0.000000
    endloop
  endfacet
  facet normal 0.000000 0.000000 1.000000
    outer loop
      vertex 0.000000 0.000000 0.500000
      vertex -9.659258 -2.588190 0.500000
      vertex -9.238795 -3.826834 0.500000
    endloop
  endfacet
  facet normal -0.946930 -0.321439 0.000000
    outer loop
      vertex -9.659258 -2.588190 0.000000
      vertex -9.238795 -3.826834 0.000000
      vertex -9.238795 -3.826834 0.500000
    endloop
  endfacet
  facet normal -0.946930 -0.321439 0.000000
    outer loop
      vertex -9.659258 -2.588190 0.000000
      vertex -9.238795 -3.826834 0.500000
      vertex -9.659258 -2.588190 0.500000
    endloop
  endfacet
  facet normal 0.000000 0.000000 -1.000000
    outer loop
      vertex 0.000000 0.000000 0.000000
      vertex -8.660254 -5.000000 0.000000
      vertex -9.238795 -3.826834 0.000000
    endloop
  endfacet
  facet normal 0.000000 0.000000 1.000000
    outer loop
      vertex 0.000000 0.000000 0.500000
      vertex -9.238795 -3.826834 0.500000
      vertex -8.660254 -5.000000 0.500000
    endloop
  endfacet
  facet normal -0.896873 -0.442289 0.000000
    outer loop
      vertex -9.238795 -3.826834 0.000000
      vertex -8.660254 -5.000000 0.000000
      vertex -8.660254 -5.000000 0.500000
    endloop
  endfacet
  facet normal -0.896873 -0.442289 0.000000
    outer loop
      vertex -9.238795 -3.826834 0.000000
      vertex -8.660254 -5.000000 0.500000
      vertex -9.238795 -3.826834 0.500000
    endloop
  endfacet
  facet normal 0.000000 0.000000 -1.000000
    outer loop
      vertex 0.000000 0.000000 0.000000
      vertex -7.933533 -6.087614 0.000000
      vertex -8.660254 -5.000000 0.000000
    endloop
  endfacet
  facet normal 0.000000 0.000000 1.000000
    outer loop
      vertex 0.000000 0.000000 0.500000
      vertex -8.660254 -5.000000 0.500000
      vertex -7.933533 -6.087614 0.500000
    endloop
  endfacet
  facet normal -0.831470 -0.555570 0.000000
    outer loop
      vertex -8.660254 -5.000000 0.000000
      vertex -7.933533 -6.087614 0.000000
      vertex -7.933533 -6.087614 0.500000
    endloop
  endfacet
  facet normal -0.831470 -0.555570 0.000000
    outer loop
      vertex -8.660254 -5.000000 0.000000
      vertex -7.933533 -6.087614 0.500000
      vertex -8.660254 -5.000000 0.500000
    endloop
  endfacet
  facet normal 0.000000 0.000000 -1.000000
    outer loop
      vertex 0.000000 0.000000 0.000000
      vertex -7.071068 -7.071068 0.000000
      vertex -7.933533 -6.087614 0.000000
    endloop
  endfacet
  facet normal 0.000000 0.000000 1.000000
    outer loop
      vertex 0.000000 0.000000 0.500000
      vertex -7.933533 -6.087614 0.500000
      vertex -7.071068 -7.071068 0.500000
    endloop
  endfacet
  facet normal -0.751840 -0.659346 0.000000
    outer loop
      vertex -7.933533 -6.087614 0.000000
      vertex -7.071068 -7.071068 0.000000
      vertex -7.071068 -7.071068 0.500000
    endloop
  endfacet
  facet normal -0.751840 -0.659346 0.000000
    outer loop
      vertex -7.933533 -6.087614 0.000000
      vertex -7.071068 -7.071068 0.500000
      vertex -7.933533 -6.087614 0.500000
    endloop
  endfacet
  facet normal 0.000000 0.000000 -1.000000
    outer loop
      vertex 0.000000 0.000000 0.000000
      vertex -6.087614 -7.933533 0.000000
      vertex -7.071068 -7.071068 0.000000
    endloop
  endfacet
  facet normal 0.000000 0.000000 1.000000
    outer loop
      vertex 0.000000 0.000000 0.500000
      vertex -7.071068 -7.071068 0.500000
      vertex -6.087614 -7.933533 0.500000
    endloop
  endfacet
  facet normal -0.659346 -0.751840 0.000000
    outer loop
      vertex -7.071068 -7.071068 0.000000
      vertex -6.087614 -7.933533 0.000000
      vertex -6.087614 -7.933533 0.500000
    endloop
  endfacet
  facet normal -0.659346 -0.751840 0.000000
    outer loop
      vertex -7.071068 -7.071068 0.000000
      vertex -6.087614 -7.933533 0.500000
      vertex -7.071068 -7.071068 0.500000
    endloop
  endfacet
  facet normal 0.000000 0.000000 -1.000000
    outer loop
      vertex 0.000000 0.000000 0.000000
      vertex -5.000000 -8.660254 0.000000
      vertex -6.087614 -7.933533 0.000000
    endloop
  endfacet
  facet normal 0.000000 0.000000 1.000000
    outer loop
      vertex 0.000000 0.000000 0.500000
      vertex -6.087614 -7.933533 0.500000
      vertex -5.000000 -8.660254 0.500000
    endloop
  endfacet
  facet normal -0.555570 -0.831470 0.000000
    outer loop
      vertex -6.087614 -7.933533 0.000000
      vertex -5.000000 -8.660254 0.000000
      vertex -5.000000 -8.660254 0.500000
    endloop
  endfacet
  facet normal -0.555570 -0.831470 0.000000
    outer loop
      vertex -6.087614 -7.933533 0.000000
      vertex -5.000000 -8.660254 0.500000
      vertex -6.087614 -7.933533 0.500000
    endloop
  endfacet
  facet normal 0.000000 0.000000 -1.000000
    outer loop
      vertex 0.000000 0.000000 0.000000
      vertex -3.826834 -9.238795 0.000000
      vertex -5.000000 -8.660254 0.000000
    endloop
  endfacet
  facet normal 0.000000 0.000000 1.000000
    outer loop
      vertex 0.000000 0.000000 0.500000
      vertex -5.000000 -8.660254 0.500000
      vertex -3.826834 -9.238795 0.500000
    endloop
  endfacet
  facet normal -0.442289 -0.896873 0.000000
    outer loop
      vertex -5.000000 -8.660254 0.000000
      vertex -3.826834 -9.238795 0.000000
      vertex -3.826834 -9.238795 0.500000
    endloop
  endfacet
  facet normal -0.442289 -0.896873 0.000000
    outer loop
      vertex -5.000000 -8.660254 0.000000
      vertex -3.826834 -9.238795 0.500000
      vertex -5.000000 -8.660254 0.500000
    endloop
  endfacet
  facet normal 0.000000 0.000000 -1.000000
    outer loop
      vertex 0.000000 0.000000 0.000000
      vertex -2.588190 -9.659258 0.000000
      vertex -3.826834 -9.238795 0.000000
    endloop
  endfacet
  facet normal 0.000000 0.000000 1.000000
    outer loop
      vertex 0.000000 0.000000 0.500000
      vertex -3.826834 -9.238795 0.500000
      vertex -2.588190 -9.659258 0.500000
    endloop
  endfacet
  facet normal -0.321439 -0.946930 0.000000
    outer loop
      vertex -3.826834 -9.238795 0.000000
      vertex -2.588190 -9.659258 0.000000
      vertex -2.588190 -9.659258 0.500000
    endloop
  endfacet
  facet normal -0.321439 -0.946930 0.000000
    outer loop
      vertex -3.826834 -9.238795 0.000000
      vertex -2.588190 -9.659258 0.500000
      vertex -3.826834 -9.238795 0.500000
    endloop
  endfacet
  facet normal 0.000000 0.000000 -1.000000
    outer loop
      vertex 0.000000 0.000000 0.000000
      vertex -1.305262 -9.914449 0.000000
      vertex -2.588190 -9.659258 0.000000
    endloop
  endfacet
  facet normal 0.000000 0.000000 1.000000
    outer loop
      vertex 0.000000 0.000000 0.500000
      vertex -2.588190 -9.659258 0.500000
      vertex -1.305262 -9.914449 0.500000
    endloop
  endfacet
  facet normal -0.195090 -0.980785 0.000000
    outer loop
      vertex -2.588190 -9.659258 0.000000
      vertex -1.305262 -9.914449 0.000000
      vertex -1.305262 -9.914449 0.500000
    endloop
  endfacet
  facet normal -0.195090 -0.980785 0.000000
    outer loop
      vertex -2.588190 -9.659258 0.000000
      vertex -1.305262 -9.914449 0.500000
      vertex -2.588190 -9.659258 0.500000
    endloop
  endfacet
  facet normal 0.000000 0.000000 -1.000000
    outer loop
      vertex 0.000000 0.000000 0.000000
      vertex -0.000000 -10.000000 0.000000
      vertex -1.305262 -9.914449 0.000000
    endloop
  endfacet
  facet normal 0.000000 0.000000 1.000000
    outer loop
      vertex 0.000000 0.000000 0.500000
      vertex -1.305262 -9.914449 0.500000
      vertex -0.000000 -10.000000 0.500000
    endloop
  endfacet
  facet normal -0.065403 -0.997859 0.000000
    outer loop
      vertex -1.305262 -9.914449 0.000000
      vertex -0.000000 -10.000000 0.000000
      vertex -0.000000 -10.000000 0.500000
    endloop
  endfacet
  facet normal -0.065403 -0.997859 0.000000
    outer loop
      vertex -1.305262 -9.914449 0.000000
      vertex -0.000000 -10.000000 0.500000
      vertex -1.305262 -9.914449 0.500000
    endloop
  endfacet
  facet normal 0.000000 -0.000000 -1.000000
    outer loop
      vertex 0.000000 0.000000 0.000000
      vertex 1.305262 -9.914449 0.000000
      vertex -0.000000 -10.000000 0.000000
    endloop
  endfacet
  facet normal 0.000000 0.000000 1.000000
    outer loop
      vertex 0.000000 0.000000 0.500000
      vertex -0.000000 -10.000000 0.500000
      vertex 1.305262 -9.914449 0.500000
    endloop
  endfacet
  facet normal 0.065403 -0.997859 0.000000
    outer loop
      vertex -0.000000 -10.000000 0.000000
      vertex 1.305262 -9.914449 0.000000
      vertex 1.305262 -9.914449 0.500000
    endloop
  endfacet
  facet normal 0.065403 -0.997859 0.000000
    outer loop
      vertex -0.000000 -10.000000 0.000000
      vertex 1.305262 -9.914449 0.500000
      vertex -0.000000 -10.000000 0.500000
    endloop
  endfacet
  facet normal 0.000000 0.000000 -1.000000
    outer loop
      vertex 0.000000 0.000000 0.000000
      vertex 2.588190 -9.659258 0.000000
      vertex 1.305262 -9.914449 0.000000
    endloop
  endfacet
  facet normal 0.000000 0.000000 1.000000
    outer loop
      vertex 0.000000 0.000000 0.500000
      vertex 1.305262 -9.914449 0.500000
      vertex 2.588190 -9.659258 0.500000
    endloop
  endfacet
  facet normal 0.195090 -0.980785 0.000000
    outer loop
      vertex 1.305262 -9.914449 0.000000
      vertex 2.588190 -9.659258 0.000000
      vertex 2.588190 -9.659258 0.500000
    endloop
  endfacet
  facet normal 0.195090 -0.980785 0.000000
    outer loop
      vertex 1.305262 -9.914449 0.000000
      vertex 2.588190 -9.659258 0.500000
      vertex 1.305262 -9.914449 0.500000
    endloop
  endfacet
  facet normal 0.000000 0.000000 -1.000000
    outer loop
      vertex 0.000000 0.000000 0.000000
      vertex 3.826834 -9.238795 0.000000
      vertex 2.588190 -9.659258 0.000000
    endloop
  endfacet
  facet normal 0.000000 0.000000 1.000000
    outer loop
      vertex 0.000000 0.000000 0.500000
      vertex 2.588190 -9.659258 0.500000
      vertex 3.826834 -9.238795 0.500000
    endloop
  endfacet
  facet normal 0.321439 -0.946930 0.000000
    outer loop
      vertex 2.588190 -9.659258 0.000000
      vertex 3.826834 -9.238795 0.000000
      vertex 3.826834 -9.238795 0.500000
    endloop
  endfacet
  facet normal 0.321439 -0.946930 0.000000
    outer loop
      vertex 2.588190 -9.659258 0.000000
      vertex 3.826834 -9.238795 0.500000
      vertex 2.588190 -9.659258 0.500000
    endloop
  endfacet
  facet normal 0.000000 0.000000 -1.000000
    outer loop
      vertex 0.000000 0.000000 0.000000
      vertex 5.000000 -8.660254 0.000000
      vertex 3.826834 -9.238795 0.000000
    endloop
  endfacet
  facet normal 0.000000 0.000000 1.000000
    outer loop
      vertex 0.000000 0.000000 0.500000
      vertex 3.826834 -9.238795 0.500000
      vertex 5.000000 -8.660254 0.500000
    endloop
  endfacet
  facet normal 0.442289 -0.896873 0.000000
    outer loop
      vertex 3.826834 -9.238795 0.000000
      vertex 5.000000 -8.660254 0.000000
      vertex 5.000000 -8.660254 0.500000
    endloop
  endfacet
  facet normal 0.442289 -0.896873 0.000000
    outer loop
      vertex 3.826834 -9.238795 0.000000
      vertex 5.000000 -8.660254 0.500000
      vertex 3.826834 -9.238795 0.500000
    endloop
  endfacet
  facet normal 0.000000 0.000000 -1.000000
    outer loop
      vertex 0.000000 0.000000 0.000000
      vertex 6.087614 -7.933533 0.000000
      vertex 5.000000 -8.660254 0.000000
    endloop
  endfacet
  facet normal 0.000000 0.000000 1.000000
    outer loop
      vertex 0.000000 0.000000 0.500000
      vertex 5.000000 -8.660254 0.500000
      vertex 6.087614 -7.933533 0.500000
    endloop
  endfacet
  facet normal 0.555570 -0.831470 0.000000
    outer loop
      vertex 5.000000 -8.660254 0.000000
      vertex 6.087614 -7.933533 0.000000
      vertex 6.087614 -7.933533 0.500000
    endloop
  endfacet
  facet normal 0.555570 -0.831470 0.000000
    outer loop
      vertex 5.000000 -8.660254 0.000000
      vertex 6.087614 -7.933533 0.500000
      vertex 5.000000 -8.660254 0.500000
    endloop
  endfacet
  facet normal 0.000000 0.000000 -1.000000
    outer loop
      vertex 0.000000 0.000000 0.000000
      vertex 7.071068 -7.071068 0.000000
      vertex 6.087614 -7.933533 0.000000
    endloop
  endfacet
  facet normal 0.000000 0.000000 1.000000
    outer loop
      vertex 0.000000 0.000000 0.500000
      vertex 6.087614 -7.933533 0.500000
      vertex 7.071068 -7.071068 0.500000
    endloop
  endfacet
  facet normal 0.659346 -0.751840 0.000000
    outer loop
      vertex 6.087614 -7.933533 0.000000
      vertex 7.071068 -7.071068 0.000000
      vertex 7.071068 -7.071068 0.500000
    endloop
  endfacet
  facet normal 0.659346 -0.751840 0.000000
    outer loop
      vertex 6.087614 -7.933533 0.000000
      vertex 7.071068 -7.071068 0.500000
      vertex 6.087614 -7.933533 0.500000
    endloop
  endfacet
  facet normal 0.000000 0.000000 -1.000000
    outer loop
      vertex 0.000000 0.000000 0.000000
      vertex 7.933533 -6.087614 0.000000
      vertex 7.071068 -7.071068 0.000000
    endloop
  endfacet
  facet normal 0.000000 0.000000 1.000000
    outer loop
      vertex 0.000000 0.000000 0.500000
      vertex 7.071068 -7.071068 0.500000
      vertex 7.933533 -6.087614 0.500000
    endloop
  endfacet
  facet normal 0.751840 -0.659346 0.000000
    outer loop
      vertex 7.071068 -7.071068 0.000000
      vertex 7.933533 -6.087614 0.000000
      vertex 7.933533 -6.087614 0.500000
    endloop
  endfacet
  facet normal 0.751840 -0.659346 0.000000
    outer loop
      vertex 7.071068 -7.071068 0.000000
      vertex 7.933533 -6.087614 0.500000
      vertex 7.071068 -7.071068 0.500000
    endloop
  endfacet
  facet normal 0.000000 0.000000 -1.000000
    outer loop
      vertex 0.000000 0.000000 0.000000
      vertex 8.660254 -5.000000 0.000000
      vertex 7.933533 -6.087614 0.000000
    endloop
  endfacet
  facet normal 0.000000 0.000000 1.000000
    outer loop
      vertex 0.000000 0.000000 0.500000
      vertex 7.933533 -6.087614 0.500000
      vertex 8.660254 -5.000000 0.500000
    endloop
  endfacet
  facet normal 0.831470 -0.555570 0.000000
    outer loop
      vertex 7.933533 -6.087614 0.000000
      vertex 8.660254 -5.000000 0.000000
      vertex 8.660254 -5.000000 0.500000
    endloop
  endfacet
  facet normal 0.831470 -0.555570 0.000000
    outer loop
      vertex 7.933533 -6.087614 0.000000
      vertex 8.660254 -5.000000 0.500000
      vertex 7.933533 -6.087614 0.500000
    endloop
  endfacet
  facet normal 0.000000 0.000000 -1.000000
    outer loop
      vertex 0.000000 0.000000 0.000000
      vertex 9.238795 -3.826834 0.000000
      vertex 8.660254 -5.000000 0.000000
    endloop
  endfacet
  facet normal 0.000000 0.000000 1.000000
    outer loop
      vertex 0.000000 0.000000 0.500000
      vertex 8.660254 -5.000000 0.500000
      vertex 9.238795 -3.826834 0.500000
    endloop
  endfacet
  facet normal 0.896873 -0.442289 0.000000
    outer loop
      vertex 8.660254 -5.000000 0.000000
      vertex 9.238795 -3.826834 0.000000
      vertex 9.238795 -3.826834 0.500000
    endloop
  endfacet
  facet normal 0.896873 -0.442289 0.000000
    outer loop
      vertex 8.660254 -5.000000 0.000000
      vertex 9.238795 -3.826834 0.500000
      vertex 8.660254 -5.000000 0.500000
    endloop
  endfacet
  facet normal 0.000000 0.000000 -1.000000
    outer loop
      vertex 0.000000 0.000000 0.000000
      vertex 9.659258 -2.588190 0.000000
      vertex 9.238795 -3.826834 0.000000
    endloop
  endfacet
  facet normal 0.000000 0.000000 1.000000
    outer loop
      vertex 0.000000 0.000000 0.500000
      vertex 9.238795 -3.826834 0.500000
      vertex 9.659258 -2.588190 0.500000
    endloop
  endfacet
  facet normal 0.946930 -0.321439 0.000000
    outer loop
      vertex 9.238795 -3.826834 0.000000
      vertex 9.659258 -2.588190 0.000000
      vertex 9.659258 -2.588190 0.500000
    endloop
  endfacet
  facet normal 0.946930 -0.321439 0.000000
    outer loop
      vertex 9.238795 -3.826834 0.000000
      vertex 9.659258 -2.588190 0.500000
      vertex 9.238795 -3.826834 0.500000
    endloop
  endfacet
  facet normal 0.000000 0.000000 -1.000000
    outer loop
      vertex 0.000000 0.000000 0.000000
      vertex 9.914449 -1.305262 0.000000
      vertex 9.659258 -2.588190 0.000000
    endloop
  endfacet
  facet normal 0.000000 0.000000 1.000000
    outer loop
      vertex 0.000000 0.000000 0.500000
      vertex 9.659258 -2.588190 0.500000
      vertex 9.914449 -1.305262 0.500000
    endloop
  endfacet
  facet normal 0.980785 -0.195090 0.000000
    outer loop
      vertex 9.659258 -2.588190 0.000000
      vertex 9.914449 -1.305262 0.000000
      vertex 9.914449 -1.305262 0.500000
    endloop
  endfacet
  facet normal 0.980785 -0.195090 0.000000
    outer loop
      vertex 9.659258 -2.588190 0.000000
      vertex 9.914449 -1.305262 0.500000
      vertex 9.659258 -2.588190 0.500000
    endloop
  endfacet
  facet normal 0.000000 0.000000 -1.000000
    outer loop
      vertex 0.000000 0.000000 0.000000
      vertex 10.000000 -0.000000 0.000000
      vertex 9.914449 -1.305262 0.000000
    endloop
  endfacet
  facet normal 0.000000 0.000000 1.000000
    outer loop
      vertex 0.000000 0.000000 0.500000
      vertex 9.914449 -1.305262 0.500000
      vertex 10.000000 -0.000000 0.500000
    endloop
  endfacet
  facet normal 0.997859 -0.065403 0.000000
    outer loop
      vertex 9.914449 -1.305262 0.000000
      vertex 10.000000 -0.000000 0.000000
      vertex 10.000000 -0.000000 0.500000
    endloop
  endfacet
  facet normal 0.997859 -0.065403 0.000000
    outer loop
      vertex 9.914449 -1.305262 0.000000
      vertex 10.000000 -0.000000 0.500000
      vertex 9.914449 -1.305262 0.500000
    endloop
  endfacet
  facet normal 0.000000 0.000000 1.000000
    outer loop
      vertex 10.000000 0.000000 0.000000
      vertex 9.121293 1.200841 0.000000
      vertex 9.200000 0.000000 0.000000
    endloop
  endfacet
  facet normal 0.000000 0.000000 1.000000
    outer loop
      vertex 10.000000 0.000000 0.000000
      vertex 9.914449 1.305262 0.000000
      vertex 9.121293 1.200841 0.000000
    endloop
  endfacet
  facet normal 0.000000 0.000000 -1.000000
    outer loop
      vertex 10.000000 0.000000 0.800000
      vertex 9.200000 0.000000 0.800000
      vertex 9.121293 1.200841 0.800000
    endloop
  endfacet
  facet normal 0.000000 0.000000 -1.000000
    outer loop
      vertex 10.000000 0.000000 0.800000
      vertex 9.121293 1.200841 0.800000
      vertex 9.914449 1.305262 0.800000
    endloop
  endfacet
  facet normal 0.997859 0.065403 0.000000
    outer loop
      vertex 10.000000 0.000000 0.000000
      vertex 9.914449 1.305262 0.000000
      vertex 9.914449 1.305262 0.800000
    endloop
  endfacet
  facet normal 0.997859 0.065403 -0.000000
    outer loop
      vertex 10.000000 0.000000 0.000000
      vertex 9.914449 1.305262 0.800000
      vertex 10.000000 0.000000 0.800000
    endloop
  endfacet
  facet normal -0.997859 -0.065403 0.000000
    outer loop
      vertex 9.200000 0.000000 0.000000
      vertex 9.121293 1.200841 0.800000
      vertex 9.121293 1.200841 0.000000
    endloop
  endfacet
  facet normal -0.997859 -0.065403 0.000000
    outer loop
      vertex 9.200000 0.000000 0.000000
      vertex 9.200000 0.000000 0.800000
      vertex 9.121293 1.200841 0.800000
    endloop
  endfacet
  facet normal 0.000000 0.000000 1.000000
    outer loop
      vertex 9.914449 1.305262 0.000000
      vertex 8.886518 2.381135 0.000000
      vertex 9.121293 1.200841 0.000000
    endloop
  endfacet
  facet normal 0.000000 0.000000 1.000000
    outer loop
      vertex 9.914449 1.305262 0.000000
      vertex 9.659258 2.588190 0.000000
      vertex 8.886518 2.381135 0.000000
    endloop
  endfacet
  facet normal -0.000000 0.000000 -1.000000
    outer loop
      vertex 9.914449 1.305262 0.800000
      vertex 9.121293 1.200841 0.800000
      vertex 8.886518 2.381135 0.800000
    endloop
  endfacet
  facet normal 0.000000 0.000000 -1.000000
    outer loop
      vertex 9.914449 1.305262 0.800000
      vertex 8.886518 2.381135 0.800000
      vertex 9.659258 2.588190 0.800000
    endloop
  endfacet
  facet normal 0.980785 0.195090 0.000000
    outer loop
      vertex 9.914449 1.305262 0.000000
      vertex 9.659258 2.588190 0.000000
      vertex 9.659258 2.588190 0.800000
    endloop
  endfacet
  facet normal 0.980785 0.195090 -0.000000
    outer loop
      vertex 9.914449 1.305262 0.000000
      vertex 9.659258 2.588190 0.800000
      vertex 9.914449 1.305262 0.800000
    endloop
  endfacet
  facet normal -0.980785 -0.195090 0.000000
    outer loop
      vertex 9.121293 1.200841 0.000000
      vertex 8.886518 2.381135 0.800000
      vertex 8.886518 2.381135 0.000000
    endloop
  endfacet
  facet normal -0.980785 -0.195090 0.000000
    outer loop
      vertex 9.121293 1.200841 0.000000
      vertex 9.121293 1.200841 0.800000
      vertex 8.886518 2.381135 0.800000
    endloop
  endfacet
  facet normal 0.000000 0.000000 1.000000
    outer loop
      vertex 9.659258 2.588190 0.000000
      vertex 8.499692 3.520688 0.000000
      vertex 8.886518 2.381135 0.000000
    endloop
  endfacet
  facet normal 0.000000 0.000000 1.000000
    outer loop
      vertex 9.659258 2.588190 0.000000
      vertex 9.238795 3.826834 0.000000
      vertex 8.499692 3.520688 0.000000
    endloop
  endfacet
  facet normal -0.000000 0.000000 -1.000000
    outer loop
      vertex 9.659258 2.588190 0.800000
      vertex 8.886518 2.381135 0.800000
      vertex 8.499692 3.520688 0.800000
    endloop
  endfacet
  facet normal 0.000000 0.000000 -1.000000
    outer loop
      vertex 9.659258 2.588190 0.800000
      vertex 8.499692 3.520688 0.800000
      vertex 9.238795 3.826834 0.800000
    endloop
  endfacet
  facet normal 0.946930 0.321439 0.000000
    outer loop
      vertex 9.659258 2.588190 0.000000
      vertex 9.238795 3.826834 0.000000
      vertex 9.238795 3.826834 0.800000
    endloop
  endfacet
  facet normal 0.946930 0.321439 -0.000000
    outer loop
      vertex 9.659258 2.588190 0.000000
      vertex 9.238795 3.826834 0.800000
      vertex 9.659258 2.588190 0.800000
    endloop
  endfacet
  facet normal -0.946930 -0.321439 0.000000
    outer loop
      vertex 8.886518 2.381135 0.000000
      vertex 8.499692 3.520688 0.800000
      vertex 8.499692 3.520688 0.000000
    endloop
  endfacet
  facet normal -0.946930 -0.321439 0.000000
    outer loop
      vertex 8.886518 2.381135 0.000000
      vertex 8.886518 2.381135 0.800000
      vertex 8.499692 3.520688 0.800000
    endloop
  endfacet
  facet normal 0.000000 0.000000 1.000000
    outer loop
      vertex 9.238795 3.826834 0.000000
      vertex 7.967434 4.600000 0.000000
      vertex 8.499692 3.520688 0.000000
    endloop
  endfacet
  facet normal 0.000000 0.000000 1.000000
    outer loop
      vertex 9.238795 3.826834 0.000000
      vertex 8.660254 5.000000 0.000000
      vertex 7.967434 4.600000 0.000000
    endloop
  endfacet
  facet normal -0.000000 0.000000 -1.000000
    outer loop
      vertex 9.238795 3.826834 0.800000
      vertex 8.499692 3.520688 0.800000
      vertex 7.967434 4.600000 0.800000
    endloop
  endfacet
  facet normal 0.000000 0.000000 -1.000000
    outer loop
      vertex 9.238795 3.826834 0.800000
      vertex 7.967434 4.600000 0.800000
      vertex 8.660254 5.000000 0.800000
    endloop
  endfacet
  facet normal 0.896873 0.442289 0.000000
    outer loop
      vertex 9.238795 3.826834 0.000000
      vertex 8.660254 5.000000 0.000000
      vertex 8.660254 5.000000 0.800000
    endloop
  endfacet
  facet normal 0.896873 0.442289 -0.000000
    outer loop
      vertex 9.238795 3.826834 0.000000
      vertex 8.660254 5.000000 0.800000
      vertex 9.238795 3.826834 0.800000
    endloop
  endfacet
  facet normal -0.896873 -0.442289 0.000000
    outer loop
      vertex 8.499692 3.520688 0.000000
      vertex 7.967434 4.600000 0.800000
      vertex 7.967434 4.600000 0.000000
    endloop
  endfacet
  facet normal -0.896873 -0.442289 0.000000
    outer loop
      vertex 8.499692 3.520688 0.000000
      vertex 8.499692 3.520688 0.800000
      vertex 7.967434 4.600000 0.800000
    endloop
  endfacet
  facet normal 0.000000 0.000000 1.000000
    outer loop
      vertex 8.660254 5.000000 0.000000
      vertex 7.298851 5.600605 0.000000
      vertex 7.967434 4.600000 0.000000
    endloop
  endfacet
  facet normal 0.000000 0.000000 1.000000
    outer loop
      vertex 8.660254 5.000000 0.000000
      vertex 7.933533 6.087614 0.000000
      vertex 7.298851 5.600605 0.000000
    endloop
  endfacet
  facet normal -0.000000 0.000000 -1.000000
    outer loop
      vertex 8.660254 5.000000 0.800000
      vertex 7.967434 4.600000 0.800000
      vertex 7.298851 5.600605 0.800000
    endloop
  endfacet
  facet normal 0.000000 0.000000 -1.000000
    outer loop
      vertex 8.660254 5.000000 0.800000
      vertex 7.298851 5.600605 0.800000
      vertex 7.933533 6.087614 0.800000
    endloop
  endfacet
  facet normal 0.831470 0.555570 0.000000
    outer loop
      vertex 8.660254 5.000000 0.000000
      vertex 7.933533 6.087614 0.000000
      vertex 7.933533 6.087614 0.800000
    endloop
  endfacet
  facet normal 0.831470 0.555570 -0.000000
    outer loop
      vertex 8.660254 5.000000 0.000000
      vertex 7.933533 6.087614 0.800000
      vertex 8.660254 5.000000 0.800000
    endloop
  endfacet
  facet normal -0.831470 -0.555570 0.000000
    outer loop
      vertex 7.967434 4.600000 0.000000
      vertex 7.298851 5.600605 0.800000
      vertex 7.298851 5.600605 0.000000
    endloop
  endfacet
  facet normal -0.831470 -0.555570 0.000000
    outer loop
      vertex 7.967434 4.600000 0.000000
      vertex 7.967434 4.600000 0.800000
      vertex 7.298851 5.600605 0.800000
    endloop
  endfacet
  facet normal 0.000000 0.000000 1.000000
    outer loop
      vertex 7.933533 6.087614 0.000000
      vertex 6.505382 6.505382 0.000000
      vertex 7.298851 5.600605 0.000000
    endloop
  endfacet
  facet normal 0.000000 0.000000 1.000000
    outer loop
      vertex 7.933533 6.087614 0.000000
      vertex 7.071068 7.071068 0.000000
      vertex 6.505382 6.505382 0.000000
    endloop
  endfacet
  facet normal -0.000000 0.000000 -1.000000
    outer loop
      vertex 7.933533 6.087614 0.800000
      vertex 7.298851 5.600605 0.800000
      vertex 6.505382 6.505382 0.800000
    endloop
  endfacet
  facet normal 0.000000 0.000000 -1.000000
    outer loop
      vertex 7.933533 6.087614 0.800000
      vertex 6.505382 6.505382 0.800000
      vertex 7.071068 7.071068 0.800000
    endloop
  endfacet
  facet normal 0.751840 0.659346 0.000000
    outer loop
      vertex 7.933533 6.087614 0.000000
      vertex 7.071068 7.071068 0.000000
      vertex 7.071068 7.071068 0.800000
    endloop
  endfacet
  facet normal 0.751840 0.659346 -0.000000
    outer loop
      vertex 7.933533 6.087614 0.000000
      vertex 7.071068 7.071068 0.800000
      vertex 7.933533 6.087614 0.800000
    endloop
  endfacet
  facet normal -0.751840 -0.659346 0.000000
    outer loop
      vertex 7.298851 5.600605 0.000000
      vertex 6.505382 6.505382 0.800000
      vertex 6.505382 6.505382 0.000000
    endloop
  endfacet
  facet normal -0.751840 -0.659346 0.000000
    outer loop
      vertex 7.298851 5.600605 0.000000
      vertex 7.298851 5.600605 0.800000
      vertex 6.505382 6.505382 0.800000
    endloop
  endfacet
  facet normal 0.000000 0.000000 1.000000
    outer loop
      vertex 7.071068 7.071068 0.000000
      vertex 5.600605 7.298851 0.000000
      vertex 6.505382 6.505382 0.000000
    endloop
  endfacet
  facet normal 0.000000 0.000000 1.000000
    outer loop
      vertex 7.071068 7.071068 0.000000
      vertex 6.087614 7.933533 0.000000
      vertex 5.600605 7.298851 0.000000
    endloop
  endfacet
  facet normal -0.000000 0.000000 -1.000000
    outer loop
      vertex 7.071068 7.071068 0.800000
      vertex 6.505382 6.505382 0.800000
      vertex 5.600605 7.298851 0.800000
    endloop
  endfacet
  facet normal 0.000000 0.000000 -1.000000
    outer loop
      vertex 7.071068 7.071068 0.800000
      vertex 5.600605 7.298851 0.800000
      vertex 6.087614 7.933533 0.800000
    endloop
  endfacet
  facet normal 0.659346 0.751840 0.000000
    outer loop
      vertex 7.071068 7.071068 0.000000
      vertex 6.087614 7.933533 0.000000
      vertex 6.087614 7.933533 0.800000
    endloop
  endfacet
  facet normal 0.659346 0.751840 -0.000000
    outer loop
      vertex 7.071068 7.071068 0.000000
      vertex 6.087614 7.933533 0.800000
      vertex 7.071068 7.071068 0.800000
    endloop
  endfacet
  facet normal -0.659346 -0.751840 0.000000
    outer loop
      vertex 6.505382 6.505382 0.000000
      vertex 5.600605 7.298851 0.800000
      vertex 5.600605 7.298851 0.000000
    endloop
  endfacet
  facet normal -0.659346 -0.751840 0.000000
    outer loop
      vertex 6.505382 6.505382 0.000000
      vertex 6.505382 6.505382 0.800000
      vertex 5.600605 7.298851 0.800000
    endloop
  endfacet
  facet normal 0.000000 0.000000 1.000000
    outer loop
      vertex 6.087614 7.933533 0.000000
      vertex 4.600000 7.967434 0.000000
      vertex 5.600605 7.298851 0.000000
    endloop
  endfacet
  facet normal 0.000000 0.000000 1.000000
    outer loop
      vertex 6.087614 7.933533 0.000000
      vertex 5.000000 8.660254 0.000000
      vertex 4.600000 7.967434 0.000000
    endloop
  endfacet
  facet normal -0.000000 0.000000 -1.000000
    outer loop
      vertex 6.087614 7.933533 0.800000
      vertex 5.600605 7.298851 0.800000
      vertex 4.600000 7.967434 0.800000
    endloop
  endfacet
  facet normal 0.000000 0.000000 -1.000000
    outer loop
      vertex 6.087614 7.933533 0.800000
      vertex 4.600000 7.967434 0.800000
      vertex 5.000000 8.660254 0.800000
    endloop
  endfacet
  facet normal 0.555570 0.831470 0.000000
    outer loop
      vertex 6.087614 7.933533 0.000000
      vertex 5.000000 8.660254 0.000000
      vertex 5.000000 8.660254 0.800000
    endloop
  endfacet
  facet normal 0.555570 0.831470 -0.000000
    outer loop
      vertex 6.087614 7.933533 0.000000
      vertex 5.000000 8.660254 0.800000
      vertex 6.087614 7.933533 0.800000
    endloop
  endfacet
  facet normal -0.555570 -0.831470 0.000000
    outer loop
      vertex 5.600605 7.298851 0.000000
      vertex 4.600000 7.967434 0.800000
      vertex 4.600000 7.967434 0.000000
    endloop
  endfacet
  facet normal -0.555570 -0.831470 0.000000
    outer loop
      vertex 5.600605 7.298851 0.000000
      vertex 5.600605 7.298851 0.800000
      vertex 4.600000 7.967434 0.800000
    endloop
  endfacet
  facet normal 0.000000 0.000000 1.000000
    outer loop
      vertex 5.000000 8.660254 0.000000
      vertex 3.520688 8.499692 0.000000
      vertex 4.600000 7.967434 0.000000
    endloop
  endfacet
  facet normal 0.000000 0.000000 1.000000
    outer loop
      vertex 5.000000 8.660254 0.000000
      vertex 3.826834 9.238795 0.000000
      vertex 3.520688 8.499692 0.000000
    endloop
  endfacet
  facet normal 0.000000 0.000000 -1.000000
    outer loop
      vertex 5.000000 8.660254 0.800000
      vertex 4.600000 7.967434 0.800000
      vertex 3.520688 8.499692 0.800000
    endloop
  endfacet
  facet normal -0.000000 0.000000 -1.000000
    outer loop
      vertex 5.000000 8.660254 0.800000
      vertex 3.520688 8.499692 0.800000
      vertex 3.826834 9.238795 0.800000
    endloop
  endfacet
  facet normal 0.442289 0.896873 0.000000
    outer loop
      vertex 5.000000 8.660254 0.000000
      vertex 3.826834 9.238795 0.000000
      vertex 3.826834 9.238795 0.800000
    endloop
  endfacet
  facet normal 0.442289 0.896873 -0.000000
    outer loop
      vertex 5.000000 8.660254 0.000000
      vertex 3.826834 9.238795 0.800000
      vertex 5.000000 8.660254 0.800000
    endloop
  endfacet
  facet normal -0.442289 -0.896873 0.000000
    outer loop
      vertex 4.600000 7.967434 0.000000
      vertex 3.520688 8.499692 0.800000
      vertex 3.520688 8.499692 0.000000
    endloop
  endfacet
  facet normal -0.442289 -0.896873 0.000000
    outer loop
      vertex 4.600000 7.967434 0.000000
      vertex 4.600000 7.967434 0.800000
      vertex 3.520688 8.499692 0.800000
    endloop
  endfacet
  facet normal 0.000000 0.000000 1.000000
    outer loop
      vertex 3.826834 9.238795 0.000000
      vertex 2.381135 8.886518 0.000000
      vertex 3.520688 8.499692 0.000000
    endloop
  endfacet
  facet normal 0.000000 0.000000 1.000000
    outer loop
      vertex 3.826834 9.238795 0.000000
      vertex 2.588190 9.659258 0.000000
      vertex 2.381135 8.886518 0.000000
    endloop
  endfacet
  facet normal 0.000000 0.000000 -1.000000
    outer loop
      vertex 3.826834 9.238795 0.800000
      vertex 3.520688 8.499692 0.800000
      vertex 2.381135 8.886518 0.800000
    endloop
  endfacet
  facet normal -0.000000 0.000000 -1.000000
    outer loop
      vertex 3.826834 9.238795 0.800000
      vertex 2.381135 8.886518 0.800000
      vertex 2.588190 9.659258 0.800000
    endloop
  endfacet
  facet normal 0.321439 0.946930 0.000000
    outer loop
      vertex 3.826834 9.238795 0.000000
      vertex 2.588190 9.659258 0.000000
      vertex 2.588190 9.659258 0.800000
    endloop
  endfacet
  facet normal 0.321439 0.946930 -0.000000
    outer loop
      vertex 3.826834 9.238795 0.000000
      vertex 2.588190 9.659258 0.800000
      vertex 3.826834 9.238795 0.800000
    endloop
  endfacet
  facet normal -0.321439 -0.946930 0.000000
    outer loop
      vertex 3.520688 8.499692 0.000000
      vertex 2.381135 8.886518 0.800000
      vertex 2.381135 8.886518 0.000000
    endloop
  endfacet
  facet normal -0.321439 -0.946930 0.000000
    outer loop
      vertex 3.520688 8.499692 0.000000
      vertex 3.520688 8.499692 0.800000
      vertex 2.381135 8.886518 0.800000
    endloop
  endfacet
  facet normal 0.000000 0.000000 1.000000
    outer loop
      vertex 2.588190 9.659258 0.000000
      vertex 1.200841 9.121293 0.000000
      vertex 2.381135 8.886518 0.000000
    endloop
  endfacet
  facet normal 0.000000 0.000000 1.000000
    outer loop
      vertex 2.588190 9.659258 0.000000
      vertex 1.305262 9.914449 0.000000
      vertex 1.200841 9.121293 0.000000
    endloop
  endfacet
  facet normal 0.000000 0.000000 -1.000000
    outer loop
      vertex 2.588190 9.659258 0.800000
      vertex 2.381135 8.886518 0.800000
      vertex 1.200841 9.121293 0.800000
    endloop
  endfacet
  facet normal -0.000000 0.000000 -1.000000
    outer loop
      vertex 2.588190 9.659258 0.800000
      vertex 1.200841 9.121293 0.800000
      vertex 1.305262 9.914449 0.800000
    endloop
  endfacet
  facet normal 0.195090 0.980785 0.000000
    outer loop
      vertex 2.588190 9.659258 0.000000
      vertex 1.305262 9.914449 0.000000
      vertex 1.305262 9.914449 0.800000
    endloop
  endfacet
  facet normal 0.195090 0.980785 -0.000000
    outer loop
      vertex 2.588190 9.659258 0.000000
      vertex 1.305262 9.914449 0.800000
      vertex 2.588190 9.659258 0.800000
    endloop
  endfacet
  facet normal -0.195090 -0.980785 0.000000
    outer loop
      vertex 2.381135 8.886518 0.000000
      vertex 1.200841 9.121293 0.800000
      vertex 1.200841 9.121293 0.000000
    endloop
  endfacet
  facet normal -0.195090 -0.980785 0.000000
    outer loop
      vertex 2.381135 8.886518 0.000000
      vertex 2.381135 8.886518 0.800000
      vertex 1.200841 9.121293 0.800000
    endloop
  endfacet
  facet normal 0.000000 0.000000 1.000000
    outer loop
      vertex 1.305262 9.914449 0.000000
      vertex 0.000000 9.200000 0.000000
      vertex 1.200841 9.121293 0.000000
    endloop
  endfacet
  facet normal 0.000000 0.000000 1.000000
    outer loop
      vertex 1.305262 9.914449 0.000000
      vertex 0.000000 10.000000 0.000000
      vertex 0.000000 9.200000 0.000000
    endloop
  endfacet
  facet normal 0.000000 0.000000 -1.000000
    outer loop
      vertex 1.305262 9.914449 0.800000
      vertex 1.200841 9.121293 0.800000
      vertex 0.000000 9.200000 0.800000
    endloop
  endfacet
  facet normal -0.000000 0.000000 -1.000000
    outer loop
      vertex 1.305262 9.914449 0.800000
      vertex 0.000000 9.200000 0.800000
      vertex 0.000000 10.000000 0.800000
    endloop
  endfacet
  facet normal 0.065403 0.997859 0.000000
    outer loop
      vertex 1.305262 9.914449 0.000000
      vertex 0.000000 10.000000 0.000000
      vertex 0.000000 10.000000 0.800000
    endloop
  endfacet
  facet normal 0.065403 0.997859 -0.000000
    outer loop
      vertex 1.305262 9.914449 0.000000
      vertex 0.000000 10.000000 0.800000
      vertex 1.305262 9.914449 0.800000
    endloop
  endfacet
  facet normal -0.065403 -0.997859 0.000000
    outer loop
      vertex 1.200841 9.121293 0.000000
      vertex 0.000000 9.200000 0.800000
      vertex 0.000000 9.200000 0.000000
    endloop
  endfacet
  facet normal -0.065403 -0.997859 0.000000
    outer loop
      vertex 1.200841 9.121293 0.000000
      vertex 1.200841 9.121293 0.800000
      vertex 0.000000 9.200000 0.800000
    endloop
  endfacet
  facet normal 0.000000 0.000000 1.000000
    outer loop
      vertex 0.000000 10.000000 0.000000
      vertex -1.200841 9.121293 0.000000
      vertex 0.000000 9.200000 0.000000
    endloop
  endfacet
  facet normal 0.000000 0.000000 1.000000
    outer loop
      vertex 0.000000 10.000000 0.000000
      vertex -1.305262 9.914449 0.000000
      vertex -1.200841 9.121293 0.000000
    endloop
  endfacet
  facet normal 0.000000 0.000000 -1.000000
    outer loop
      vertex 0.000000 10.000000 0.800000
      vertex 0.000000 9.200000 0.800000
      vertex -1.200841 9.121293 0.800000
    endloop
  endfacet
  facet normal 0.000000 0.000000 -1.000000
    outer loop
      vertex 0.000000 10.000000 0.800000
      vertex -1.200841 9.121293 0.800000
      vertex -1.305262 9.914449 0.800000
    endloop
  endfacet
  facet normal -0.065403 0.997859 0.000000
    outer loop
      vertex 0.000000 10.000000 0.000000
      vertex -1.305262 9.914449 0.000000
      vertex -1.305262 9.914449 0.800000
    endloop
  endfacet
  facet normal -0.065403 0.997859 0.000000
    outer loop
      vertex 0.000000 10.000000 0.000000
      vertex -1.305262 9.914449 0.800000
      vertex 0.000000 10.000000 0.800000
    endloop
  endfacet
  facet normal 0.065403 -0.997859 0.000000
    outer loop
      vertex 0.000000 9.200000 0.000000
      vertex -1.200841 9.121293 0.800000
      vertex -1.200841 9.121293 0.000000
    endloop
  endfacet
  facet normal 0.065403 -0.997859 0.000000
    outer loop
      vertex 0.000000 9.200000 0.000000
      vertex 0.000000 9.200000 0.800000
      vertex -1.200841 9.121293 0.800000
    endloop
  endfacet
  facet normal 0.000000 0.000000 1.000000
    outer loop
      vertex -1.305262 9.914449 0.000000
      vertex -2.381135 8.886518 0.000000
      vertex -1.200841 9.121293 0.000000
    endloop
  endfacet
  facet normal 0.000000 0.000000 1.000000
    outer loop
      vertex -1.305262 9.914449 0.000000
      vertex -2.588190 9.659258 0.000000
      vertex -2.381135 8.886518 0.000000
    endloop
  endfacet
  facet normal 0.000000 -0.000000 -1.000000
    outer loop
      vertex -1.305262 9.914449 0.800000
      vertex -1.200841 9.121293 0.800000
      vertex -2.381135 8.886518 0.800000
    endloop
  endfacet
  facet normal 0.000000 0.000000 -1.000000
    outer loop
      vertex -1.305262 9.914449 0.800000
      vertex -2.381135 8.886518 0.800000
      vertex -2.588190 9.659258 0.800000
    endloop
  endfacet
  facet normal -0.195090 0.980785 0.000000
    outer loop
      vertex -1.305262 9.914449 0.000000
      vertex -2.588190 9.659258 0.000000
      vertex -2.588190 9.659258 0.800000
    endloop
  endfacet
  facet normal -0.195090 0.980785 0.000000
    outer loop
      vertex -1.305262 9.914449 0.000000
      vertex -2.588190 9.659258 0.800000
      vertex -1.305262 9.914449 0.800000
    endloop
  endfacet
  facet normal 0.195090 -0.980785 0.000000
    outer loop
      vertex -1.200841 9.121293 0.000000
      vertex -2.381135 8.886518 0.800000
      vertex -2.381135 8.886518 0.000000
    endloop
  endfacet
  facet normal 0.195090 -0.980785 0.000000
    outer loop
      vertex -1.200841 9.121293 0.000000
      vertex -1.200841 9.121293 0.800000
      vertex -2.381135 8.886518 0.800000
    endloop
  endfacet
  facet normal 0.000000 0.000000 1.000000
    outer loop
      vertex -2.588190 9.659258 0.000000
      vertex -3.520688 8.499692 0.000000
      vertex -2.381135 8.886518 0.000000
    endloop
  endfacet
  facet normal 0.000000 0.000000 1.000000
    outer loop
      vertex -2.588190 9.659258 0.000000
      vertex -3.826834 9.238795 0.000000
      vertex -3.520688 8.499692 0.000000
    endloop
  endfacet
  facet normal 0.000000 -0.000000 -1.000000
    outer loop
      vertex -2.588190 9.659258 0.800000
      vertex -2.381135 8.886518 0.800000
      vertex -3.520688 8.499692 0.800000
    endloop
  endfacet
  facet normal 0.000000 0.000000 -1.000000
    outer loop
      vertex -2.588190 9.659258 0.800000
      vertex -3.520688 8.499692 0.800000
      vertex -3.826834 9.238795 0.800000
    endloop
  endfacet
  facet normal -0.321439 0.946930 0.000000
    outer loop
      vertex -2.588190 9.659258 0.000000
      vertex -3.826834 9.238795 0.000000
      vertex -3.826834 9.238795 0.800000
    endloop
  endfacet
  facet normal -0.321439 0.946930 0.000000
    outer loop
      vertex -2.588190 9.659258 0.000000
      vertex -3.826834 9.238795 0.800000
      vertex -2.588190 9.659258 0.800000
    endloop
  endfacet
  facet normal 0.321439 -0.946930 0.000000
    outer loop
      vertex -2.381135 8.886518 0.000000
      vertex -3.520688 8.499692 0.800000
      vertex -3.520688 8.499692 0.000000
    endloop
  endfacet
  facet normal 0.321439 -0.946930 0.000000
    outer loop
      vertex -2.381135 8.886518 0.000000
      vertex -2.381135 8.886518 0.800000
      vertex -3.520688 8.499692 0.800000
    endloop
  endfacet
  facet normal 0.000000 0.000000 1.000000
    outer loop
      vertex -3.826834 9.238795 0.000000
      vertex -4.600000 7.967434 0.000000
      vertex -3.520688 8.499692 0.000000
    endloop
  endfacet
  facet normal 0.000000 0.000000 1.000000
    outer loop
      vertex -3.826834 9.238795 0.000000
      vertex -5.000000 8.660254 0.000000
      vertex -4.600000 7.967434 0.000000
    endloop
  endfacet
  facet normal 0.000000 -0.000000 -1.000000
    outer loop
      vertex -3.826834 9.238795 0.800000
      vertex -3.520688 8.499692 0.800000
      vertex -4.600000 7.967434 0.800000
    endloop
  endfacet
  facet normal 0.000000 0.000000 -1.000000
    outer loop
      vertex -3.826834 9.238795 0.800000
      vertex -4.600000 7.967434 0.800000
      vertex -5.000000 8.660254 0.800000
    endloop
  endfacet
  facet normal -0.442289 0.896873 0.000000
    outer loop
      vertex -3.826834 9.238795 0.000000
      vertex -5.000000 8.660254 0.000000
      vertex -5.000000 8.660254 0.800000
    endloop
  endfacet
  facet normal -0.442289 0.896873 0.000000
    outer loop
      vertex -3.826834 9.238795 0.000000
      vertex -5.000000 8.660254 0.800000
      vertex -3.826834 9.238795 0.800000
    endloop
  endfacet
  facet normal 0.442289 -0.896873 0.000000
    outer loop
      vertex -3.520688 8.499692 0.000000
      vertex -4.600000 7.967434 0.800000
      vertex -4.600000 7.967434 0.000000
    endloop
  endfacet
  facet normal 0.442289 -0.896873 0.000000
    outer loop
      vertex -3.520688 8.499692 0.000000
      vertex -3.520688 8.499692 0.800000
      vertex -4.600000 7.967434 0.800000
    endloop
  endfacet
  facet normal 0.000000 0.000000 1.000000
    outer loop
      vertex -5.000000 8.660254 0.000000
      vertex -5.600605 7.298851 0.000000
      vertex -4.600000 7.967434 0.000000
    endloop
  endfacet
  facet normal 0.000000 0.000000 1.000000
    outer loop
      vertex -5.000000 8.660254 0.000000
      vertex -6.087614 7.933533 0.000000
      vertex -5.600605 7.298851 0.000000
    endloop
  endfacet
  facet normal 0.000000 -0.000000 -1.000000
    outer loop
      vertex -5.000000 8.660254 0.800000
      vertex -4.600000 7.967434 0.800000
      vertex -5.600605 7.298851 0.800000
    endloop
  endfacet
  facet normal 0.000000 0.000000 -1.000000
    outer loop
      vertex -5.000000 8.660254 0.800000
      vertex -5.600605 7.298851 0.800000
      vertex -6.087614 7.933533 0.800000
    endloop
  endfacet
  facet normal -0.555570 0.831470 0.000000
    outer loop
      vertex -5.000000 8.660254 0.000000
      vertex -6.087614 7.933533 0.000000
      vertex -6.087614 7.933533 0.800000
    endloop
  endfacet
  facet normal -0.555570 0.831470 0.000000
    outer loop
      vertex -5.000000 8.660254 0.000000
      vertex -6.087614 7.933533 0.800000
      vertex -5.000000 8.660254 0.800000
    endloop
  endfacet
  facet normal 0.555570 -0.831470 0.000000
    outer loop
      vertex -4.600000 7.967434 0.000000
      vertex -5.600605 7.298851 0.800000
      vertex -5.600605 7.298851 0.000000
    endloop
  endfacet
  facet normal 0.555570 -0.831470 0.000000
    outer loop
      vertex -4.600000 7.967434 0.000000
      vertex -4.600000 7.967434 0.800000
      vertex -5.600605 7.298851 0.800000
    endloop
  endfacet
  facet normal 0.000000 0.000000 1.000000
    outer loop
      vertex -6.087614 7.933533 0.000000
      vertex -6.505382 6.505382 0.000000
      vertex -5.600605 7.298851 0.000000
    endloop
  endfacet
  facet normal 0.000000 0.000000 1.000000
    outer loop
      vertex -6.087614 7.933533 0.000000
      vertex -7.071068 7.071068 0.000000
      vertex -6.505382 6.505382 0.000000
    endloop
  endfacet
  facet normal 0.000000 -0.000000 -1.000000
    outer loop
      vertex -6.087614 7.933533 0.800000
      vertex -5.600605 7.298851 0.800000
      vertex -6.505382 6.505382 0.800000
    endloop
  endfacet
  facet normal 0.000000 0.000000 -1.000000
    outer loop
      vertex -6.087614 7.933533 0.800000
      vertex -6.505382 6.505382 0.800000
      vertex -7.071068 7.071068 0.800000
    endloop
  endfacet
  facet normal -0.659346 0.751840 0.000000
    outer loop
      vertex -6.087614 7.933533 0.000000
      vertex -7.071068 7.071068 0.000000
      vertex -7.071068 7.071068 0.800000
    endloop
  endfacet
  facet normal -0.659346 0.751840 0.000000
    outer loop
      vertex -6.087614 7.933533 0.000000
      vertex -7.071068 7.071068 0.800000
      vertex -6.087614 7.933533 0.800000
    endloop
  endfacet
  facet normal 0.659346 -0.751840 0.000000
    outer loop
      vertex -5.600605 7.298851 0.000000
      vertex -6.505382 6.505382 0.800000
      vertex -6.505382 6.505382 0.000000
    endloop
  endfacet
  facet normal 0.659346 -0.751840 0.000000
    outer loop
      vertex -5.600605 7.298851 0.000000
      vertex -5.600605 7.298851 0.800000
      vertex -6.505382 6.505382 0.800000
    endloop
  endfacet
  facet normal 0.000000 0.000000 1.000000
    outer loop
      vertex -7.071068 7.071068 0.000000
      vertex -7.298851 5.600605 0.000000
      vertex -6.505382 6.505382 0.000000
    endloop
  endfacet
  facet normal 0.000000 0.000000 1.000000
    outer loop
      vertex -7.071068 7.071068 0.000000
      vertex -7.933533 6.087614 0.000000
      vertex -7.298851 5.600605 0.000000
    endloop
  endfacet
  facet normal 0.000000 -0.000000 -1.000000
    outer loop
      vertex -7.071068 7.071068 0.800000
      vertex -6.505382 6.505382 0.800000
      vertex -7.298851 5.600605 0.800000
    endloop
  endfacet
  facet normal 0.000000 0.000000 -1.000000
    outer loop
      vertex -7.071068 7.071068 0.800000
      vertex -7.298851 5.600605 0.800000
      vertex -7.933533 6.087614 0.800000
    endloop
  endfacet
  facet normal -0.751840 0.659346 0.000000
    outer loop
      vertex -7.071068 7.071068 0.000000
      vertex -7.933533 6.087614 0.000000
      vertex -7.933533 6.087614 0.800000
    endloop
  endfacet
  facet normal -0.751840 0.659346 0.000000
    outer loop
      vertex -7.071068 7.071068 0.000000
      vertex -7.933533 6.087614 0.800000
      vertex -7.071068 7.071068 0.800000
    endloop
  endfacet
  facet normal 0.751840 -0.659346 0.000000
    outer loop
      vertex -6.505382 6.505382 0.000000
      vertex -7.298851 5.600605 0.800000
      vertex -7.298851 5.600605 0.000000
    endloop
  endfacet
  facet normal 0.751840 -0.659346 0.000000
    outer loop
      vertex -6.505382 6.505382 0.000000
      vertex -6.505382 6.505382 0.800000
      vertex -7.298851 5.600605 0.800000
    endloop
  endfacet
  facet normal 0.000000 0.000000 1.000000
    outer loop
      vertex -7.933533 6.087614 0.000000
      vertex -7.967434 4.600000 0.000000
      vertex -7.298851 5.600605 0.000000
    endloop
  endfacet
  facet normal 0.000000 0.000000 1.000000
    outer loop
      vertex -7.933533 6.087614 0.000000
      vertex -8.660254 5.000000 0.000000
      vertex -7.967434 4.600000 0.000000
    endloop
  endfacet
  facet normal 0.000000 -0.000000 -1.000000
    outer loop
      vertex -7.933533 6.087614 0.800000
      vertex -7.298851 5.600605 0.800000
      vertex -7.967434 4.600000 0.800000
    endloop
  endfacet
  facet normal 0.000000 0.000000 -1.000000
    outer loop
      vertex -7.933533 6.087614 0.800000
      vertex -7.967434 4.600000 0.800000
      vertex -8.660254 5.000000 0.800000
    endloop
  endfacet
  facet normal -0.831470 0.555570 0.000000
    outer loop
      vertex -7.933533 6.087614 0.000000
      vertex -8.660254 5.000000 0.000000
      vertex -8.660254 5.000000 0.800000
    endloop
  endfacet
  facet normal -0.831470 0.555570 0.000000
    outer loop
      vertex -7.933533 6.087614 0.000000
      vertex -8.660254 5.000000 0.800000
      vertex -7.933533 6.087614 0.800000
    endloop
  endfacet
  facet normal 0.831470 -0.555570 0.000000
    outer loop
      vertex -7.298851 5.600605 0.000000
      vertex -7.967434 4.600000 0.800000
      vertex -7.967434 4.600000 0.000000
    endloop
  endfacet
  facet normal 0.831470 -0.555570 0.000000
    outer loop
      vertex -7.298851 5.600605 0.000000
      vertex -7.298851 5.600605 0.800000
      vertex -7.967434 4.600000 0.800000
    endloop
  endfacet
  facet normal 0.000000 0.000000 1.000000
    outer loop
      vertex -8.660254 5.000000 0.000000
      vertex -8.499692 3.520688 0.000000
      vertex -7.967434 4.600000 0.000000
    endloop
  endfacet
  facet normal 0.000000 0.000000 1.000000
    outer loop
      vertex -8.660254 5.000000 0.000000
      vertex -9.238795 3.826834 0.000000
      vertex -8.499692 3.520688 0.000000
    endloop
  endfacet
  facet normal 0.000000 0.000000 -1.000000
    outer loop
      vertex -8.660254 5.000000 0.800000
      vertex -7.967434 4.600000 0.800000
      vertex -8.499692 3.520688 0.800000
    endloop
  endfacet
  facet normal 0.000000 -0.000000 -1.000000
    outer loop
      vertex -8.660254 5.000000 0.800000
      vertex -8.499692 3.520688 0.800000
      vertex -9.238795 3.826834 0.800000
    endloop
  endfacet
  facet normal -0.896873 0.442289 0.000000
    outer loop
      vertex -8.660254 5.000000 0.000000
      vertex -9.238795 3.826834 0.000000
      vertex -9.238795 3.826834 0.800000
    endloop
  endfacet
  facet normal -0.896873 0.442289 0.000000
    outer loop
      vertex -8.660254 5.000000 0.000000
      vertex -9.238795 3.826834 0.800000
      vertex -8.660254 5.000000 0.800000
    endloop
  endfacet
  facet normal 0.896873 -0.442289 0.000000
    outer loop
      vertex -7.967434 4.600000 0.000000
      vertex -8.499692 3.520688 0.800000
      vertex -8.499692 3.520688 0.000000
    endloop
  endfacet
  facet normal 0.896873 -0.442289 0.000000
    outer loop
      vertex -7.967434 4.600000 0.000000
      vertex -7.967434 4.600000 0.800000
      vertex -8.499692 3.520688 0.800000
    endloop
  endfacet
  facet normal 0.000000 0.000000 1.000000
    outer loop
      vertex -9.238795 3.826834 0.000000
      vertex -8.886518 2.381135 0.000000
      vertex -8.499692 3.520688 0.000000
    endloop
  endfacet
  facet normal 0.000000 0.000000 1.000000
    outer loop
      vertex -9.238795 3.826834 0.000000
      vertex -9.659258 2.588190 0.000000
      vertex -8.886518 2.381135 0.000000
    endloop
  endfacet
  facet normal 0.000000 0.000000 -1.000000
    outer loop
      vertex -9.238795 3.826834 0.800000
      vertex -8.499692 3.520688 0.800000
      vertex -8.886518 2.381135 0.800000
    endloop
  endfacet
  facet normal 0.000000 -0.000000 -1.000000
    outer loop
      vertex -9.238795 3.826834 0.800000
      vertex -8.886518 2.381135 0.800000
      vertex -9.659258 2.588190 0.800000
    endloop
  endfacet
  facet normal -0.946930 0.321439 0.000000
    outer loop
      vertex -9.238795 3.826834 0.000000
      vertex -9.659258 2.588190 0.000000
      vertex -9.659258 2.588190 0.800000
    endloop
  endfacet
  facet normal -0.946930 0.321439 0.000000
    outer loop
      vertex -9.238795 3.826834 0.000000
      vertex -9.659258 2.588190 0.800000
      vertex -9.238795 3.826834 0.800000
    endloop
  endfacet
  facet normal 0.946930 -0.321439 0.000000
    outer loop
      vertex -8.499692 3.520688 0.000000
      vertex -8.886518 2.381135 0.800000
      vertex -8.886518 2.381135 0.000000
    endloop
  endfacet
  facet normal 0.946930 -0.321439 0.000000
    outer loop
      vertex -8.499692 3.520688 0.000000
      vertex -8.499692 3.520688 0.800000
      vertex -8.886518 2.381135 0.800000
    endloop
  endfacet
  facet normal 0.000000 0.000000 1.000000
    outer loop
      vertex -9.659258 2.588190 0.000000
      vertex -9.121293 1.200841 0.000000
      vertex -8.886518 2.381135 0.000000
    endloop
  endfacet
  facet normal 0.000000 0.000000 1.000000
    outer loop
      vertex -9.659258 2.588190 0.000000
      vertex -9.914449 1.305262 0.000000
      vertex -9.121293 1.200841 0.000000
    endloop
  endfacet
  facet normal 0.000000 0.000000 -1.000000
    outer loop
      vertex -9.659258 2.588190 0.800000
      vertex -8.886518 2.381135 0.800000
      vertex -9.121293 1.200841 0.800000
    endloop
  endfacet
  facet normal 0.000000 -0.000000 -1.000000
    outer loop
      vertex -9.659258 2.588190 0.800000
      vertex -9.121293 1.200841 0.800000
      vertex -9.914449 1.305262 0.800000
    endloop
  endfacet
  facet normal -0.980785 0.195090 0.000000
    outer loop
      vertex -9.659258 2.588190 0.000000
      vertex -9.914449 1.305262 0.000000
      vertex -9.914449 1.305262 0.800000
    endloop
  endfacet
  facet normal -0.980785 0.195090 0.000000
    outer loop
      vertex -9.659258 2.588190 0.000000
      vertex -9.914449 1.305262 0.800000
      vertex -9.659258 2.588190 0.800000
    endloop
  endfacet
  facet normal 0.980785 -0.195090 0.000000
    outer loop
      vertex -8.886518 2.381135 0.000000
      vertex -9.121293 1.200841 0.800000
      vertex -9.121293 1.200841 0.000000
    endloop
  endfacet
  facet normal 0.980785 -0.195090 0.000000
    outer loop
      vertex -8.886518 2.381135 0.000000
      vertex -8.886518 2.381135 0.800000
      vertex -9.121293 1.200841 0.800000
    endloop
  endfacet
  facet normal 0.000000 0.000000 1.000000
    outer loop
      vertex -9.914449 1.305262 0.000000
      vertex -9.200000 0.000000 0.000000
      vertex -9.121293 1.200841 0.000000
    endloop
  endfacet
  facet normal 0.000000 0.000000 1.000000
    outer loop
      vertex -9.914449 1.305262 0.000000
      vertex -10.000000 0.000000 0.000000
      vertex -9.200000 0.000000 0.000000
    endloop
  endfacet
  facet normal 0.000000 0.000000 -1.000000
    outer loop
      vertex -9.914449 1.305262 0.800000
      vertex -9.121293 1.200841 0.800000
      vertex -9.200000 0.000000 0.800000
    endloop
  endfacet
  facet normal 0.000000 -0.000000 -1.000000
    outer loop
      vertex -9.914449 1.305262 0.800000
      vertex -9.200000 0.000000 0.800000
      vertex -10.000000 0.000000 0.800000
    endloop
  endfacet
  facet normal -0.997859 0.065403 0.000000
    outer loop
      vertex -9.914449 1.305262 0.000000
      vertex -10.000000 0.000000 0.000000
      vertex -10.000000 0.000000 0.800000
    endloop
  endfacet
  facet normal -0.997859 0.065403 0.000000
    outer loop
      vertex -9.914449 1.305262 0.000000
      vertex -10.000000 0.000000 0.800000
      vertex -9.914449 1.305262 0.800000
    endloop
  endfacet
  facet normal 0.997859 -0.065403 0.000000
    outer loop
      vertex -9.121293 1.200841 0.000000
      vertex -9.200000 0.000000 0.800000
      vertex -9.200000 0.000000 0.000000
    endloop
  endfacet
  facet normal 0.997859 -0.065403 0.000000
    outer loop
      vertex -9.121293 1.200841 0.000000
      vertex -9.121293 1.200841 0.800000
      vertex -9.200000 0.000000 0.800000
    endloop
  endfacet
  facet normal 0.000000 0.000000 1.000000
    outer loop
      vertex -10.000000 0.000000 0.000000
      vertex -9.121293 -1.200841 0.000000
      vertex -9.200000 0.000000 0.000000
    endloop
  endfacet
  facet normal 0.000000 0.000000 1.000000
    outer loop
      vertex -10.000000 0.000000 0.000000
      vertex -9.914449 -1.305262 0.000000
      vertex -9.121293 -1.200841 0.000000
    endloop
  endfacet
  facet normal 0.000000 0.000000 -1.000000
    outer loop
      vertex -10.000000 0.000000 0.800000
      vertex -9.200000 0.000000 0.800000
      vertex -9.121293 -1.200841 0.800000
    endloop
  endfacet
  facet normal 0.000000 0.000000 -1.000000
    outer loop
      vertex -10.000000 0.000000 0.800000
      vertex -9.121293 -1.200841 0.800000
      vertex -9.914449 -1.305262 0.800000
    endloop
  endfacet
  facet normal -0.997859 -0.065403 0.000000
    outer loop
      vertex -10.000000 0.000000 0.000000
      vertex -9.914449 -1.305262 0.000000
      vertex -9.914449 -1.305262 0.800000
    endloop
  endfacet
  facet normal -0.997859 -0.065403 0.000000
    outer loop
      vertex -10.000000 0.000000 0.000000
      vertex -9.914449 -1.305262 0.800000
      vertex -10.000000 0.000000 0.800000
    endloop
  endfacet
  facet normal 0.997859 0.065403 0.000000
    outer loop
      vertex -9.200000 0.000000 0.000000
      vertex -9.121293 -1.200841 0.800000
      vertex -9.121293 -1.200841 0.000000
    endloop
  endfacet
  facet normal 0.997859 0.065403 -0.000000
    outer loop
      vertex -9.200000 0.000000 0.000000
      vertex -9.200000 0.000000 0.800000
      vertex -9.121293 -1.200841 0.800000
    endloop
  endfacet
  facet normal -0.000000 0.000000 1.000000
    outer loop
      vertex -9.914449 -1.305262 0.000000
      vertex -8.886518 -2.381135 0.000000
      vertex -9.121293 -1.200841 0.000000
    endloop
  endfacet
  facet normal 0.000000 0.000000 1.000000
    outer loop
      vertex -9.914449 -1.305262 0.000000
      vertex -9.659258 -2.588190 0.000000
      vertex -8.886518 -2.381135 0.000000
    endloop
  endfacet
  facet normal 0.000000 0.000000 -1.000000
    outer loop
      vertex -9.914449 -1.305262 0.800000
      vertex -9.121293 -1.200841 0.800000
      vertex -8.886518 -2.381135 0.800000
    endloop
  endfacet
  facet normal 0.000000 0.000000 -1.000000
    outer loop
      vertex -9.914449 -1.305262 0.800000
      vertex -8.886518 -2.381135 0.800000
      vertex -9.659258 -2.588190 0.800000
    endloop
  endfacet
  facet normal -0.980785 -0.195090 0.000000
    outer loop
      vertex -9.914449 -1.305262 0.000000
      vertex -9.659258 -2.588190 0.000000
      vertex -9.659258 -2.588190 0.800000
    endloop
  endfacet
  facet normal -0.980785 -0.195090 0.000000
    outer loop
      vertex -9.914449 -1.305262 0.000000
      vertex -9.659258 -2.588190 0.800000
      vertex -9.914449 -1.305262 0.800000
    endloop
  endfacet
  facet normal 0.980785 0.195090 0.000000
    outer loop
      vertex -9.121293 -1.200841 0.000000
      vertex -8.886518 -2.381135 0.800000
      vertex -8.886518 -2.381135 0.000000
    endloop
  endfacet
  facet normal 0.980785 0.195090 -0.000000
    outer loop
      vertex -9.121293 -1.200841 0.000000
      vertex -9.121293 -1.200841 0.800000
      vertex -8.886518 -2.381135 0.800000
    endloop
  endfacet
  facet normal -0.000000 0.000000 1.000000
    outer loop
      vertex -9.659258 -2.588190 0.000000
      vertex -8.499692 -3.520688 0.000000
      vertex -8.886518 -2.381135 0.000000
    endloop
  endfacet
  facet normal 0.000000 0.000000 1.000000
    outer loop
      vertex -9.659258 -2.588190 0.000000
      vertex -9.238795 -3.826834 0.000000
      vertex -8.499692 -3.520688 0.000000
    endloop
  endfacet
  facet normal 0.000000 0.000000 -1.000000
    outer loop
      vertex -9.659258 -2.588190 0.800000
      vertex -8.886518 -2.381135 0.800000
      vertex -8.499692 -3.520688 0.800000
    endloop
  endfacet
  facet normal 0.000000 0.000000 -1.000000
    outer loop
      vertex -9.659258 -2.588190 0.800000
      vertex -8.499692 -3.520688 0.800000
      vertex -9.238795 -3.826834 0.800000
    endloop
  endfacet
  facet normal -0.946930 -0.321439 0.000000
    outer loop
      vertex -9.659258 -2.588190 0.000000
      vertex -9.238795 -3.826834 0.000000
      vertex -9.238795 -3.826834 0.800000
    endloop
  endfacet
  facet normal -0.946930 -0.321439 0.000000
    outer loop
      vertex -9.659258 -2.588190 0.000000
      vertex -9.238795 -3.826834 0.800000
      vertex -9.659258 -2.588190 0.800000
    endloop
  endfacet
  facet normal 0.946930 0.321439 0.000000
    outer loop
      vertex -8.886518 -2.381135 0.000000
      vertex -8.499692 -3.520688 0.800000
      vertex -8.499692 -3.520688 0.000000
    endloop
  endfacet
  facet normal 0.946930 0.321439 -0.000000
    outer loop
      vertex -8.886518 -2.381135 0.000000
      vertex -8.886518 -2.381135 0.800000
      vertex -8.499692 -3.520688 0.800000
    endloop
  endfacet
  facet normal -0.000000 0.000000 1.000000
    outer loop
      vertex -9.238795 -3.826834 0.000000
      vertex -7.967434 -4.600000 0.000000
      vertex -8.499692 -3.520688 0.000000
    endloop
  endfacet
  facet normal 0.000000 0.000000 1.000000
    outer loop
      vertex -9.238795 -3.826834 0.000000
      vertex -8.660254 -5.000000 0.000000
      vertex -7.967434 -4.600000 0.000000
    endloop
  endfacet
  facet normal 0.000000 0.000000 -1.000000
    outer loop
      vertex -9.238795 -3.826834 0.800000
      vertex -8.499692 -3.520688 0.800000
      vertex -7.967434 -4.600000 0.800000
    endloop
  endfacet
  facet normal 0.000000 0.000000 -1.000000
    outer loop
      vertex -9.238795 -3.826834 0.800000
      vertex -7.967434 -4.600000 0.800000
      vertex -8.660254 -5.000000 0.800000
    endloop
  endfacet
  facet normal -0.896873 -0.442289 0.000000
    outer loop
      vertex -9.238795 -3.826834 0.000000
      vertex -8.660254 -5.000000 0.000000
      vertex -8.660254 -5.000000 0.800000
    endloop
  endfacet
  facet normal -0.896873 -0.442289 0.000000
    outer loop
      vertex -9.238795 -3.826834 0.000000
      vertex -8.660254 -5.000000 0.800000
      vertex -9.238795 -3.826834 0.800000
    endloop
  endfacet
  facet normal 0.896873 0.442289 0.000000
    outer loop
      vertex -8.499692 -3.520688 0.000000
      vertex -7.967434 -4.600000 0.800000
      vertex -7.967434 -4.600000 0.000000
    endloop
  endfacet
  facet normal 0.896873 0.442289 -0.000000
    outer loop
      vertex -8.499692 -3.520688 0.000000
      vertex -8.499692 -3.520688 0.800000
      vertex -7.967434 -4.600000 0.800000
    endloop
  endfacet
  facet normal -0.000000 0.000000 1.000000
    outer loop
      vertex -8.660254 -5.000000 0.000000
      vertex -7.298851 -5.600605 0.000000
      vertex -7.967434 -4.600000 0.000000
    endloop
  endfacet
  facet normal 0.000000 0.000000 1.000000
    outer loop
      vertex -8.660254 -5.000000 0.000000
      vertex -7.933533 -6.087614 0.000000
      vertex -7.298851 -5.600605 0.000000
    endloop
  endfacet
  facet normal 0.000000 0.000000 -1.000000
    outer loop
      vertex -8.660254 -5.000000 0.800000
      vertex -7.967434 -4.600000 0.800000
      vertex -7.298851 -5.600605 0.800000
    endloop
  endfacet
  facet normal 0.000000 0.000000 -1.000000
    outer loop
      vertex -8.660254 -5.000000 0.800000
      vertex -7.298851 -5.600605 0.800000
      vertex -7.933533 -6.087614 0.800000
    endloop
  endfacet
  facet normal -0.831470 -0.555570 0.000000
    outer loop
      vertex -8.660254 -5.000000 0.000000
      vertex -7.933533 -6.087614 0.000000
      vertex -7.933533 -6.087614 0.800000
    endloop
  endfacet
  facet normal -0.831470 -0.555570 0.000000
    outer loop
      vertex -8.660254 -5.000000 0.000000
      vertex -7.933533 -6.087614 0.800000
      vertex -8.660254 -5.000000 0.800000
    endloop
  endfacet
  facet normal 0.831470 0.555570 0.000000
    outer loop
      vertex -7.967434 -4.600000 0.000000
      vertex -7.298851 -5.600605 0.800000
      vertex -7.298851 -5.600605 0.000000
    endloop
  endfacet
  facet normal 0.831470 0.555570 -0.000000
    outer loop
      vertex -7.967434 -4.600000 0.000000
      vertex -7.967434 -4.600000 0.800000
      vertex -7.298851 -5.600605 0.800000
    endloop
  endfacet
  facet normal -0.000000 0.000000 1.000000
    outer loop
      vertex -7.933533 -6.087614 0.000000
      vertex -6.505382 -6.505382 0.000000
      vertex -7.298851 -5.600605 0.000000
    endloop
  endfacet
  facet normal 0.000000 0.000000 1.000000
    outer loop
      vertex -7.933533 -6.087614 0.000000
      vertex -7.071068 -7.071068 0.000000
      vertex -6.505382 -6.505382 0.000000
    endloop
  endfacet
  facet normal 0.000000 0.000000 -1.000000
    outer loop
      vertex -7.933533 -6.087614 0.800000
      vertex -7.298851 -5.600605 0.800000
      vertex -6.505382 -6.505382 0.800000
    endloop
  endfacet
  facet normal 0.000000 0.000000 -1.000000
    outer loop
      vertex -7.933533 -6.087614 0.800000
      vertex -6.505382 -6.505382 0.800000
      vertex -7.071068 -7.071068 0.800000
    endloop
  endfacet
  facet normal -0.751840 -0.659346 0.000000
    outer loop
      vertex -7.933533 -6.087614 0.000000
      vertex -7.071068 -7.071068 0.000000
      vertex -7.071068 -7.071068 0.800000
    endloop
  endfacet
  facet normal -0.751840 -0.659346 0.000000
    outer loop
      vertex -7.933533 -6.087614 0.000000
      vertex -7.071068 -7.071068 0.800000
      vertex -7.933533 -6.087614 0.800000
    endloop
  endfacet
  facet normal 0.751840 0.659346 0.000000
    outer loop
      vertex -7.298851 -5.600605 0.000000
      vertex -6.505382 -6.505382 0.800000
      vertex -6.505382 -6.505382 0.000000
    endloop
  endfacet
  facet normal 0.751840 0.659346 -0.000000
    outer loop
      vertex -7.298851 -5.600605 0.000000
      vertex -7.298851 -5.600605 0.800000
      vertex -6.505382 -6.505382 0.800000
    endloop
  endfacet
  facet normal -0.000000 0.000000 1.000000
    outer loop
      vertex -7.071068 -7.071068 0.000000
      vertex -5.600605 -7.298851 0.000000
      vertex -6.505382 -6.505382 0.000000
    endloop
  endfacet
  facet normal 0.000000 0.000000 1.000000
    outer loop
      vertex -7.071068 -7.071068 0.000000
      vertex -6.087614 -7.933533 0.000000
      vertex -5.600605 -7.298851 0.000000
    endloop
  endfacet
  facet normal 0.000000 0.000000 -1.000000
    outer loop
      vertex -7.071068 -7.071068 0.800000
      vertex -6.505382 -6.505382 0.800000
      vertex -5.600605 -7.298851 0.800000
    endloop
  endfacet
  facet normal 0.000000 0.000000 -1.000000
    outer loop
      vertex -7.071068 -7.071068 0.800000
      vertex -5.600605 -7.298851 0.800000
      vertex -6.087614 -7.933533 0.800000
    endloop
  endfacet
  facet normal -0.659346 -0.751840 0.000000
    outer loop
      vertex -7.071068 -7.071068 0.000000
      vertex -6.087614 -7.933533 0.000000
      vertex -6.087614 -7.933533 0.800000
    endloop
  endfacet
  facet normal -0.659346 -0.751840 0.000000
    outer loop
      vertex -7.071068 -7.071068 0.000000
      vertex -6.087614 -7.933533 0.800000
      vertex -7.071068 -7.071068 0.800000
    endloop
  endfacet
  facet normal 0.659346 0.751840 0.000000
    outer loop
      vertex -6.505382 -6.505382 0.000000
      vertex -5.600605 -7.298851 0.800000
      vertex -5.600605 -7.298851 0.000000
    endloop
  endfacet
  facet normal 0.659346 0.751840 -0.000000
    outer loop
      vertex -6.505382 -6.505382 0.000000
      vertex -6.505382 -6.505382 0.800000
      vertex -5.600605 -7.298851 0.800000
    endloop
  endfacet
  facet normal -0.000000 0.000000 1.000000
    outer loop
      vertex -6.087614 -7.933533 0.000000
      vertex -4.600000 -7.967434 0.000000
      vertex -5.600605 -7.298851 0.000000
    endloop
  endfacet
  facet normal 0.000000 0.000000 1.000000
    outer loop
      vertex -6.087614 -7.933533 0.000000
      vertex -5.000000 -8.660254 0.000000
      vertex -4.600000 -7.967434 0.000000
    endloop
  endfacet
  facet normal 0.000000 0.000000 -1.000000
    outer loop
      vertex -6.087614 -7.933533 0.800000
      vertex -5.600605 -7.298851 0.800000
      vertex -4.600000 -7.967434 0.800000
    endloop
  endfacet
  facet normal 0.000000 0.000000 -1.000000
    outer loop
      vertex -6.087614 -7.933533 0.800000
      vertex -4.600000 -7.967434 0.800000
      vertex -5.000000 -8.660254 0.800000
    endloop
  endfacet
  facet normal -0.555570 -0.831470 0.000000
    outer loop
      vertex -6.087614 -7.933533 0.000000
      vertex -5.000000 -8.660254 0.000000
      vertex -5.000000 -8.660254 0.800000
    endloop
  endfacet
  facet normal -0.555570 -0.831470 0.000000
    outer loop
      vertex -6.087614 -7.933533 0.000000
      vertex -5.000000 -8.660254 0.800000
      vertex -6.087614 -7.933533 0.800000
    endloop
  endfacet
  facet normal 0.555570 0.831470 0.000000
    outer loop
      vertex -5.600605 -7.298851 0.000000
      vertex -4.600000 -7.967434 0.800000
      vertex -4.600000 -7.967434 0.000000
    endloop
  endfacet
  facet normal 0.555570 0.831470 -0.000000
    outer loop
      vertex -5.600605 -7.298851 0.000000
      vertex -5.600605 -7.298851 0.800000
      vertex -4.600000 -7.967434 0.800000
    endloop
  endfacet
  facet normal 0.000000 0.000000 1.000000
    outer loop
      vertex -5.000000 -8.660254 0.000000
      vertex -3.520688 -8.499692 0.000000
      vertex -4.600000 -7.967434 0.000000
    endloop
  endfacet
  facet normal -0.000000 0.000000 1.000000
    outer loop
      vertex -5.000000 -8.660254 0.000000
      vertex -3.826834 -9.238795 0.000000
      vertex -3.520688 -8.499692 0.000000
    endloop
  endfacet
  facet normal 0.000000 0.000000 -1.000000
    outer loop
      vertex -5.000000 -8.660254 0.800000
      vertex -4.600000 -7.967434 0.800000
      vertex -3.520688 -8.499692 0.800000
    endloop
  endfacet
  facet normal 0.000000 0.000000 -1.000000
    outer loop
      vertex -5.000000 -8.660254 0.800000
      vertex -3.520688 -8.499692 0.800000
      vertex -3.826834 -9.238795 0.800000
    endloop
  endfacet
  facet normal -0.442289 -0.896873 0.000000
    outer loop
      vertex -5.000000 -8.660254 0.000000
      vertex -3.826834 -9.238795 0.000000
      vertex -3.826834 -9.238795 0.800000
    endloop
  endfacet
  facet normal -0.442289 -0.896873 0.000000
    outer loop
      vertex -5.000000 -8.660254 0.000000
      vertex -3.826834 -9.238795 0.800000
      vertex -5.000000 -8.660254 0.800000
    endloop
  endfacet
  facet normal 0.442289 0.896873 0.000000
    outer loop
      vertex -4.600000 -7.967434 0.000000
      vertex -3.520688 -8.499692 0.800000
      vertex -3.520688 -8.499692 0.000000
    endloop
  endfacet
  facet normal 0.442289 0.896873 -0.000000
    outer loop
      vertex -4.600000 -7.967434 0.000000
      vertex -4.600000 -7.967434 0.800000
      vertex -3.520688 -8.499692 0.800000
    endloop
  endfacet
  facet normal 0.000000 0.000000 1.000000
    outer loop
      vertex -3.826834 -9.238795 0.000000
      vertex -2.381135 -8.886518 0.000000
      vertex -3.520688 -8.499692 0.000000
    endloop
  endfacet
  facet normal -0.000000 0.000000 1.000000
    outer loop
      vertex -3.826834 -9.238795 0.000000
      vertex -2.588190 -9.659258 0.000000
      vertex -2.381135 -8.886518 0.000000
    endloop
  endfacet
  facet normal 0.000000 0.000000 -1.000000
    outer loop
      vertex -3.826834 -9.238795 0.800000
      vertex -3.520688 -8.499692 0.800000
      vertex -2.381135 -8.886518 0.800000
    endloop
  endfacet
  facet normal 0.000000 0.000000 -1.000000
    outer loop
      vertex -3.826834 -9.238795 0.800000
      vertex -2.381135 -8.886518 0.800000
      vertex -2.588190 -9.659258 0.800000
    endloop
  endfacet
  facet normal -0.321439 -0.946930 0.000000
    outer loop
      vertex -3.826834 -9.238795 0.000000
      vertex -2.588190 -9.659258 0.000000
      vertex -2.588190 -9.659258 0.800000
    endloop
  endfacet
  facet normal -0.321439 -0.946930 0.000000
    outer loop
      vertex -3.826834 -9.238795 0.000000
      vertex -2.588190 -9.659258 0.800000
      vertex -3.826834 -9.238795 0.800000
    endloop
  endfacet
  facet normal 0.321439 0.946930 0.000000
    outer loop
      vertex -3.520688 -8.499692 0.000000
      vertex -2.381135 -8.886518 0.800000
      vertex -2.381135 -8.886518 0.000000
    endloop
  endfacet
  facet normal 0.321439 0.946930 -0.000000
    outer loop
      vertex -3.520688 -8.499692 0.000000
      vertex -3.520688 -8.499692 0.800000
      vertex -2.381135 -8.886518 0.800000
    endloop
  endfacet
  facet normal 0.000000 0.000000 1.000000
    outer loop
      vertex -2.588190 -9.659258 0.000000
      vertex -1.200841 -9.121293 0.000000
      vertex -2.381135 -8.886518 0.000000
    endloop
  endfacet
  facet normal -0.000000 0.000000 1.000000
    outer loop
      vertex -2.588190 -9.659258 0.000000
      vertex -1.305262 -9.914449 0.000000
      vertex -1.200841 -9.121293 0.000000
    endloop
  endfacet
  facet normal 0.000000 0.000000 -1.000000
    outer loop
      vertex -2.588190 -9.659258 0.800000
      vertex -2.381135 -8.886518 0.800000
      vertex -1.200841 -9.121293 0.800000
    endloop
  endfacet
  facet normal 0.000000 0.000000 -1.000000
    outer loop
      vertex -2.588190 -9.659258 0.800000
      vertex -1.200841 -9.121293 0.800000
      vertex -1.305262 -9.914449 0.800000
    endloop
  endfacet
  facet normal -0.195090 -0.980785 0.000000
    outer loop
      vertex -2.588190 -9.659258 0.000000
      vertex -1.305262 -9.914449 0.000000
      vertex -1.305262 -9.914449 0.800000
    endloop
  endfacet
  facet normal -0.195090 -0.980785 0.000000
    outer loop
      vertex -2.588190 -9.659258 0.000000
      vertex -1.305262 -9.914449 0.800000
      vertex -2.588190 -9.659258 0.800000
    endloop
  endfacet
  facet normal 0.195090 0.980785 0.000000
    outer loop
      vertex -2.381135 -8.886518 0.000000
      vertex -1.200841 -9.121293 0.800000
      vertex -1.200841 -9.121293 0.000000
    endloop
  endfacet
  facet normal 0.195090 0.980785 -0.000000
    outer loop
      vertex -2.381135 -8.886518 0.000000
      vertex -2.381135 -8.886518 0.800000
      vertex -1.200841 -9.121293 0.800000
    endloop
  endfacet
  facet normal 0.000000 0.000000 1.000000
    outer loop
      vertex -1.305262 -9.914449 0.000000
      vertex -0.000000 -9.200000 0.000000
      vertex -1.200841 -9.121293 0.000000
    endloop
  endfacet
  facet normal -0.000000 0.000000 1.000000
    outer loop
      vertex -1.305262 -9.914449 0.000000
      vertex -0.000000 -10.000000 0.000000
      vertex -0.000000 -9.200000 0.000000
    endloop
  endfacet
  facet normal 0.000000 0.000000 -1.000000
    outer loop
      vertex -1.305262 -9.914449 0.800000
      vertex -1.200841 -9.121293 0.800000
      vertex -0.000000 -9.200000 0.800000
    endloop
  endfacet
  facet normal 0.000000 0.000000 -1.000000
    outer loop
      vertex -1.305262 -9.914449 0.800000
      vertex -0.000000 -9.200000 0.800000
      vertex -0.000000 -10.000000 0.800000
    endloop
  endfacet
  facet normal -0.065403 -0.997859 0.000000
    outer loop
      vertex -1.305262 -9.914449 0.000000
      vertex -0.000000 -10.000000 0.000000
      vertex -0.000000 -10.000000 0.800000
    endloop
  endfacet
  facet normal -0.065403 -0.997859 0.000000
    outer loop
      vertex -1.305262 -9.914449 0.000000
      vertex -0.000000 -10.000000 0.800000
      vertex -1.305262 -9.914449 0.800000
    endloop
  endfacet
  facet normal 0.065403 0.997859 0.000000
    outer loop
      vertex -1.200841 -9.121293 0.000000
      vertex -0.000000 -9.200000 0.800000
      vertex -0.000000 -9.200000 0.000000
    endloop
  endfacet
  facet normal 0.065403 0.997859 -0.000000
    outer loop
      vertex -1.200841 -9.121293 0.000000
      vertex -1.200841 -9.121293 0.800000
      vertex -0.000000 -9.200000 0.800000
    endloop
  endfacet
  facet normal 0.000000 0.000000 1.000000
    outer loop
      vertex -0.000000 -10.000000 0.000000
      vertex 1.200841 -9.121293 0.000000
      vertex -0.000000 -9.200000 0.000000
    endloop
  endfacet
  facet normal 0.000000 0.000000 1.000000
    outer loop
      vertex -0.000000 -10.000000 0.000000
      vertex 1.305262 -9.914449 0.000000
      vertex 1.200841 -9.121293 0.000000
    endloop
  endfacet
  facet normal 0.000000 0.000000 -1.000000
    outer loop
      vertex -0.000000 -10.000000 0.800000
      vertex -0.000000 -9.200000 0.800000
      vertex 1.200841 -9.121293 0.800000
    endloop
  endfacet
  facet normal 0.000000 0.000000 -1.000000
    outer loop
      vertex -0.000000 -10.000000 0.800000
      vertex 1.200841 -9.121293 0.800000
      vertex 1.305262 -9.914449 0.800000
    endloop
  endfacet
  facet normal 0.065403 -0.997859 0.000000
    outer loop
      vertex -0.000000 -10.000000 0.000000
      vertex 1.305262 -9.914449 0.000000
      vertex 1.305262 -9.914449 0.800000
    endloop
  endfacet
  facet normal 0.065403 -0.997859 0.000000
    outer loop
      vertex -0.000000 -10.000000 0.000000
      vertex 1.305262 -9.914449 0.800000
      vertex -0.000000 -10.000000 0.800000
    endloop
  endfacet
  facet normal -0.065403 0.997859 0.000000
    outer loop
      vertex -0.000000 -9.200000 0.000000
      vertex 1.200841 -9.121293 0.800000
      vertex 1.200841 -9.121293 0.000000
    endloop
  endfacet
  facet normal -0.065403 0.997859 0.000000
    outer loop
      vertex -0.000000 -9.200000 0.000000
      vertex -0.000000 -9.200000 0.800000
      vertex 1.200841 -9.121293 0.800000
    endloop
  endfacet
  facet normal 0.000000 -0.000000 1.000000
    outer loop
      vertex 1.305262 -9.914449 0.000000
      vertex 2.381135 -8.886518 0.000000
      vertex 1.200841 -9.121293 0.000000
    endloop
  endfacet
  facet normal 0.000000 0.000000 1.000000
    outer loop
      vertex 1.305262 -9.914449 0.000000
      vertex 2.588190 -9.659258 0.000000
      vertex 2.381135 -8.886518 0.000000
    endloop
  endfacet
  facet normal 0.000000 0.000000 -1.000000
    outer loop
      vertex 1.305262 -9.914449 0.800000
      vertex 1.200841 -9.121293 0.800000
      vertex 2.381135 -8.886518 0.800000
    endloop
  endfacet
  facet normal 0.000000 0.000000 -1.000000
    outer loop
      vertex 1.305262 -9.914449 0.800000
      vertex 2.381135 -8.886518 0.800000
      vertex 2.588190 -9.659258 0.800000
    endloop
  endfacet
  facet normal 0.195090 -0.980785 0.000000
    outer loop
      vertex 1.305262 -9.914449 0.000000
      vertex 2.588190 -9.659258 0.000000
      vertex 2.588190 -9.659258 0.800000
    endloop
  endfacet
  facet normal 0.195090 -0.980785 0.000000
    outer loop
      vertex 1.305262 -9.914449 0.000000
      vertex 2.588190 -9.659258 0.800000
      vertex 1.305262 -9.914449 0.800000
    endloop
  endfacet
  facet normal -0.195090 0.980785 0.000000
    outer loop
      vertex 1.200841 -9.121293 0.000000
      vertex 2.381135 -8.886518 0.800000
      vertex 2.381135 -8.886518 0.000000
    endloop
  endfacet
  facet normal -0.195090 0.980785 0.000000
    outer loop
      vertex 1.200841 -9.121293 0.000000
      vertex 1.200841 -9.121293 0.800000
      vertex 2.381135 -8.886518 0.800000
    endloop
  endfacet
  facet normal 0.000000 -0.000000 1.000000
    outer loop
      vertex 2.588190 -9.659258 0.000000
      vertex 3.520688 -8.499692 0.000000
      vertex 2.381135 -8.886518 0.000000
    endloop
  endfacet
  facet normal 0.000000 0.000000 1.000000
    outer loop
      vertex 2.588190 -9.659258 0.000000
      vertex 3.826834 -9.238795 0.000000
      vertex 3.520688 -8.499692 0.000000
    endloop
  endfacet
  facet normal 0.000000 0.000000 -1.000000
    outer loop
      vertex 2.588190 -9.659258 0.800000
      vertex 2.381135 -8.886518 0.800000
      vertex 3.520688 -8.499692 0.800000
    endloop
  endfacet
  facet normal 0.000000 0.000000 -1.000000
    outer loop
      vertex 2.588190 -9.659258 0.800000
      vertex 3.520688 -8.499692 0.800000
      vertex 3.826834 -9.238795 0.800000
    endloop
  endfacet
  facet normal 0.321439 -0.946930 0.000000
    outer loop
      vertex 2.588190 -9.659258 0.000000
      vertex 3.826834 -9.238795 0.000000
      vertex 3.826834 -9.238795 0.800000
    endloop
  endfacet
  facet normal 0.321439 -0.946930 0.000000
    outer loop
      vertex 2.588190 -9.659258 0.000000
      vertex 3.826834 -9.238795 0.800000
      vertex 2.588190 -9.659258 0.800000
    endloop
  endfacet
  facet normal -0.321439 0.946930 0.000000
    outer loop
      vertex 2.381135 -8.886518 0.000000
      vertex 3.520688 -8.499692 0.800000
      vertex 3.520688 -8.499692 0.000000
    endloop
  endfacet
  facet normal -0.321439 0.946930 0.000000
    outer loop
      vertex 2.381135 -8.886518 0.000000
      vertex 2.381135 -8.886518 0.800000
      vertex 3.520688 -8.499692 0.800000
    endloop
  endfacet
  facet normal 0.000000 -0.000000 1.000000
    outer loop
      vertex 3.826834 -9.238795 0.000000
      vertex 4.600000 -7.967434 0.000000
      vertex 3.520688 -8.499692 0.000000
    endloop
  endfacet
  facet normal 0.000000 0.000000 1.000000
    outer loop
      vertex 3.826834 -9.238795 0.000000
      vertex 5.000000 -8.660254 0.000000
      vertex 4.600000 -7.967434 0.000000
    endloop
  endfacet
  facet normal 0.000000 0.000000 -1.000000
    outer loop
      vertex 3.826834 -9.238795 0.800000
      vertex 3.520688 -8.499692 0.800000
      vertex 4.600000 -7.967434 0.800000
    endloop
  endfacet
  facet normal 0.000000 0.000000 -1.000000
    outer loop
      vertex 3.826834 -9.238795 0.800000
      vertex 4.600000 -7.967434 0.800000
      vertex 5.000000 -8.660254 0.800000
    endloop
  endfacet
  facet normal 0.442289 -0.896873 0.000000
    outer loop
      vertex 3.826834 -9.238795 0.000000
      vertex 5.000000 -8.660254 0.000000
      vertex 5.000000 -8.660254 0.800000
    endloop
  endfacet
  facet normal 0.442289 -0.896873 0.000000
    outer loop
      vertex 3.826834 -9.238795 0.000000
      vertex 5.000000 -8.660254 0.800000
      vertex 3.826834 -9.238795 0.800000
    endloop
  endfacet
  facet normal -0.442289 0.896873 0.000000
    outer loop
      vertex 3.520688 -8.499692 0.000000
      vertex 4.600000 -7.967434 0.800000
      vertex 4.600000 -7.967434 0.000000
    endloop
  endfacet
  facet normal -0.442289 0.896873 0.000000
    outer loop
      vertex 3.520688 -8.499692 0.000000
      vertex 3.520688 -8.499692 0.800000
      vertex 4.600000 -7.967434 0.800000
    endloop
  endfacet
  facet normal 0.000000 -0.000000 1.000000
    outer loop
      vertex 5.000000 -8.660254 0.000000
      vertex 5.600605 -7.298851 0.000000
      vertex 4.600000 -7.967434 0.000000
    endloop
  endfacet
  facet normal 0.000000 0.000000 1.000000
    outer loop
      vertex 5.000000 -8.660254 0.000000
      vertex 6.087614 -7.933533 0.000000
      vertex 5.600605 -7.298851 0.000000
    endloop
  endfacet
  facet normal 0.000000 0.000000 -1.000000
    outer loop
      vertex 5.000000 -8.660254 0.800000
      vertex 4.600000 -7.967434 0.800000
      vertex 5.600605 -7.298851 0.800000
    endloop
  endfacet
  facet normal 0.000000 0.000000 -1.000000
    outer loop
      vertex 5.000000 -8.660254 0.800000
      vertex 5.600605 -7.298851 0.800000
      vertex 6.087614 -7.933533 0.800000
    endloop
  endfacet
  facet normal 0.555570 -0.831470 0.000000
    outer loop
      vertex 5.000000 -8.660254 0.000000
      vertex 6.087614 -7.933533 0.000000
      vertex 6.087614 -7.933533 0.800000
    endloop
  endfacet
  facet normal 0.555570 -0.831470 0.000000
    outer loop
      vertex 5.000000 -8.660254 0.000000
      vertex 6.087614 -7.933533 0.800000
      vertex 5.000000 -8.660254 0.800000
    endloop
  endfacet
  facet normal -0.555570 0.831470 0.000000
    outer loop
      vertex 4.600000 -7.967434 0.000000
      vertex 5.600605 -7.298851 0.800000
      vertex 5.600605 -7.298851 0.000000
    endloop
  endfacet
  facet normal -0.555570 0.831470 0.000000
    outer loop
      vertex 4.600000 -7.967434 0.000000
      vertex 4.600000 -7.967434 0.800000
      vertex 5.600605 -7.298851 0.800000
    endloop
  endfacet
  facet normal 0.000000 -0.000000 1.000000
    outer loop
      vertex 6.087614 -7.933533 0.000000
      vertex 6.505382 -6.505382 0.000000
      vertex 5.600605 -7.298851 0.000000
    endloop
  endfacet
  facet normal 0.000000 0.000000 1.000000
    outer loop
      vertex 6.087614 -7.933533 0.000000
      vertex 7.071068 -7.071068 0.000000
      vertex 6.505382 -6.505382 0.000000
    endloop
  endfacet
  facet normal 0.000000 0.000000 -1.000000
    outer loop
      vertex 6.087614 -7.933533 0.800000
      vertex 5.600605 -7.298851 0.800000
      vertex 6.505382 -6.505382 0.800000
    endloop
  endfacet
  facet normal 0.000000 0.000000 -1.000000
    outer loop
      vertex 6.087614 -7.933533 0.800000
      vertex 6.505382 -6.505382 0.800000
      vertex 7.071068 -7.071068 0.800000
    endloop
  endfacet
  facet normal 0.659346 -0.751840 0.000000
    outer loop
      vertex 6.087614 -7.933533 0.000000
      vertex 7.071068 -7.071068 0.000000
      vertex 7.071068 -7.071068 0.800000
    endloop
  endfacet
  facet normal 0.659346 -0.751840 0.000000
    outer loop
      vertex 6.087614 -7.933533 0.000000
      vertex 7.071068 -7.071068 0.800000
      vertex 6.087614 -7.933533 0.800000
    endloop
  endfacet
  facet normal -0.659346 0.751840 0.000000
    outer loop
      vertex 5.600605 -7.298851 0.000000
      vertex 6.505382 -6.505382 0.800000
      vertex 6.505382 -6.505382 0.000000
    endloop
  endfacet
  facet normal -0.659346 0.751840 0.000000
    outer loop
      vertex 5.600605 -7.298851 0.000000
      vertex 5.600605 -7.298851 0.800000
      vertex 6.505382 -6.505382 0.800000
    endloop
  endfacet
  facet normal 0.000000 -0.000000 1.000000
    outer loop
      vertex 7.071068 -7.071068 0.000000
      vertex 7.298851 -5.600605 0.000000
      vertex 6.505382 -6.505382 0.000000
    endloop
  endfacet
  facet normal 0.000000 0.000000 1.000000
    outer loop
      vertex 7.071068 -7.071068 0.000000
      vertex 7.933533 -6.087614 0.000000
      vertex 7.298851 -5.600605 0.000000
    endloop
  endfacet
  facet normal 0.000000 0.000000 -1.000000
    outer loop
      vertex 7.071068 -7.071068 0.800000
      vertex 6.505382 -6.505382 0.800000
      vertex 7.298851 -5.600605 0.800000
    endloop
  endfacet
  facet normal 0.000000 0.000000 -1.000000
    outer loop
      vertex 7.071068 -7.071068 0.800000
      vertex 7.298851 -5.600605 0.800000
      vertex 7.933533 -6.087614 0.800000
    endloop
  endfacet
  facet normal 0.751840 -0.659346 0.000000
    outer loop
      vertex 7.071068 -7.071068 0.000000
      vertex 7.933533 -6.087614 0.000000
      vertex 7.933533 -6.087614 0.800000
    endloop
  endfacet
  facet normal 0.751840 -0.659346 0.000000
    outer loop
      vertex 7.071068 -7.071068 0.000000
      vertex 7.933533 -6.087614 0.800000
      vertex 7.071068 -7.071068 0.800000
    endloop
  endfacet
  facet normal -0.751840 0.659346 0.000000
    outer loop
      vertex 6.505382 -6.505382 0.000000
      vertex 7.298851 -5.600605 0.800000
      vertex 7.298851 -5.600605 0.000000
    endloop
  endfacet
  facet normal -0.751840 0.659346 0.000000
    outer loop
      vertex 6.505382 -6.505382 0.000000
      vertex 6.505382 -6.505382 0.800000
      vertex 7.298851 -5.600605 0.800000
    endloop
  endfacet
  facet normal 0.000000 -0.000000 1.000000
    outer loop
      vertex 7.933533 -6.087614 0.000000
      vertex 7.967434 -4.600000 0.000000
      vertex 7.298851 -5.600605 0.000000
    endloop
  endfacet
  facet normal 0.000000 0.000000 1.000000
    outer loop
      vertex 7.933533 -6.087614 0.000000
      vertex 8.660254 -5.000000 0.000000
      vertex 7.967434 -4.600000 0.000000
    endloop
  endfacet
  facet normal 0.000000 0.000000 -1.000000
    outer loop
      vertex 7.933533 -6.087614 0.800000
      vertex 7.298851 -5.600605 0.800000
      vertex 7.967434 -4.600000 0.800000
    endloop
  endfacet
  facet normal 0.000000 0.000000 -1.000000
    outer loop
      vertex 7.933533 -6.087614 0.800000
      vertex 7.967434 -4.600000 0.800000
      vertex 8.660254 -5.000000 0.800000
    endloop
  endfacet
  facet normal 0.831470 -0.555570 0.000000
    outer loop
      vertex 7.933533 -6.087614 0.000000
      vertex 8.660254 -5.000000 0.000000
      vertex 8.660254 -5.000000 0.800000
    endloop
  endfacet
  facet normal 0.831470 -0.555570 0.000000
    outer loop
      vertex 7.933533 -6.087614 0.000000
      vertex 8.660254 -5.000000 0.800000
      vertex 7.933533 -6.087614 0.800000
    endloop
  endfacet
  facet normal -0.831470 0.555570 0.000000
    outer loop
      vertex 7.298851 -5.600605 0.000000
      vertex 7.967434 -4.600000 0.800000
      vertex 7.967434 -4.600000 0.000000
    endloop
  endfacet
  facet normal -0.831470 0.555570 0.000000
    outer loop
      vertex 7.298851 -5.600605 0.000000
      vertex 7.298851 -5.600605 0.800000
      vertex 7.967434 -4.600000 0.800000
    endloop
  endfacet
  facet normal 0.000000 0.000000 1.000000
    outer loop
      vertex 8.660254 -5.000000 0.000000
      vertex 8.499692 -3.520688 0.000000
      vertex 7.967434 -4.600000 0.000000
    endloop
  endfacet
  facet normal 0.000000 -0.000000 1.000000
    outer loop
      vertex 8.660254 -5.000000 0.000000
      vertex 9.238795 -3.826834 0.000000
      vertex 8.499692 -3.520688 0.000000
    endloop
  endfacet
  facet normal 0.000000 0.000000 -1.000000
    outer loop
      vertex 8.660254 -5.000000 0.800000
      vertex 7.967434 -4.600000 0.800000
      vertex 8.499692 -3.520688 0.800000
    endloop
  endfacet
  facet normal 0.000000 0.000000 -1.000000
    outer loop
      vertex 8.660254 -5.000000 0.800000
      vertex 8.499692 -3.520688 0.800000
      vertex 9.238795 -3.826834 0.800000
    endloop
  endfacet
  facet normal 0.896873 -0.442289 0.000000
    outer loop
      vertex 8.660254 -5.000000 0.000000
      vertex 9.238795 -3.826834 0.000000
      vertex 9.238795 -3.826834 0.800000
    endloop
  endfacet
  facet normal 0.896873 -0.442289 0.000000
    outer loop
      vertex 8.660254 -5.000000 0.000000
      vertex 9.238795 -3.826834 0.800000
      vertex 8.660254 -5.000000 0.800000
    endloop
  endfacet
  facet normal -0.896873 0.442289 0.000000
    outer loop
      vertex 7.967434 -4.600000 0.000000
      vertex 8.499692 -3.520688 0.800000
      vertex 8.499692 -3.520688 0.000000
    endloop
  endfacet
  facet normal -0.896873 0.442289 0.000000
    outer loop
      vertex 7.967434 -4.600000 0.000000
      vertex 7.967434 -4.600000 0.800000
      vertex 8.499692 -3.520688 0.800000
    endloop
  endfacet
  facet normal 0.000000 0.000000 1.000000
    outer loop
      vertex 9.238795 -3.826834 0.000000
      vertex 8.886518 -2.381135 0.000000
      vertex 8.499692 -3.520688 0.000000
    endloop
  endfacet
  facet normal 0.000000 -0.000000 1.000000
    outer loop
      vertex 9.238795 -3.826834 0.000000
      vertex 9.659258 -2.588190 0.000000
      vertex 8.886518 -2.381135 0.000000
    endloop
  endfacet
  facet normal 0.000000 0.000000 -1.000000
    outer loop
      vertex 9.238795 -3.826834 0.800000
      vertex 8.499692 -3.520688 0.800000
      vertex 8.886518 -2.381135 0.800000
    endloop
  endfacet
  facet normal 0.000000 0.000000 -1.000000
    outer loop
      vertex 9.238795 -3.826834 0.800000
      vertex 8.886518 -2.381135 0.800000
      vertex 9.659258 -2.588190 0.800000
    endloop
  endfacet
  facet normal 0.946930 -0.321439 0.000000
    outer loop
      vertex 9.238795 -3.826834 0.000000
      vertex 9.659258 -2.588190 0.000000
      vertex 9.659258 -2.588190 0.800000
    endloop
  endfacet
  facet normal 0.946930 -0.321439 0.000000
    outer loop
      vertex 9.238795 -3.826834 0.000000
      vertex 9.659258 -2.588190 0.800000
      vertex 9.238795 -3.826834 0.800000
    endloop
  endfacet
  facet normal -0.946930 0.321439 0.000000
    outer loop
      vertex 8.499692 -3.520688 0.000000
      vertex 8.886518 -2.381135 0.800000
      vertex 8.886518 -2.381135 0.000000
    endloop
  endfacet
  facet normal -0.946930 0.321439 0.000000
    outer loop
      vertex 8.499692 -3.520688 0.000000
      vertex 8.499692 -3.520688 0.800000
      vertex 8.886518 -2.381135 0.800000
    endloop
  endfacet
  facet normal 0.000000 0.000000 1.000000
    outer loop
      vertex 9.659258 -2.588190 0.000000
      vertex 9.121293 -1.200841 0.000000
      vertex 8.886518 -2.381135 0.000000
    endloop
  endfacet
  facet normal 0.000000 -0.000000 1.000000
    outer loop
      vertex 9.659258 -2.588190 0.000000
      vertex 9.914449 -1.305262 0.000000
      vertex 9.121293 -1.200841 0.000000
    endloop
  endfacet
  facet normal 0.000000 0.000000 -1.000000
    outer loop
      vertex 9.659258 -2.588190 0.800000
      vertex 8.886518 -2.381135 0.800000
      vertex 9.121293 -1.200841 0.800000
    endloop
  endfacet
  facet normal 0.000000 0.000000 -1.000000
    outer loop
      vertex 9.659258 -2.588190 0.800000
      vertex 9.121293 -1.200841 0.800000
      vertex 9.914449 -1.305262 0.800000
    endloop
  endfacet
  facet normal 0.980785 -0.195090 0.000000
    outer loop
      vertex 9.659258 -2.588190 0.000000
      vertex 9.914449 -1.305262 0.000000
      vertex 9.914449 -1.305262 0.800000
    endloop
  endfacet
  facet normal 0.980785 -0.195090 0.000000
    outer loop
      vertex 9.659258 -2.588190 0.000000
      vertex 9.914449 -1.305262 0.800000
      vertex 9.659258 -2.588190 0.800000
    endloop
  endfacet
  facet normal -0.980785 0.195090 0.000000
    outer loop
      vertex 8.886518 -2.381135 0.000000
      vertex 9.121293 -1.200841 0.800000
      vertex 9.121293 -1.200841 0.000000
    endloop
  endfacet
  facet normal -0.980785 0.195090 0.000000
    outer loop
      vertex 8.886518 -2.381135 0.000000
      vertex 8.886518 -2.381135 0.800000
      vertex 9.121293 -1.200841 0.800000
    endloop
  endfacet
  facet normal 0.000000 0.000000 1.000000
    outer loop
      vertex 9.914449 -1.305262 0.000000
      vertex 9.200000 -0.000000 0.000000
      vertex 9.121293 -1.200841 0.000000
    endloop
  endfacet
  facet normal 0.000000 -0.000000 1.000000
    outer loop
      vertex 9.914449 -1.305262 0.000000
      vertex 10.000000 -0.000000 0.000000
      vertex 9.200000 -0.000000 0.000000
    endloop
  endfacet
  facet normal 0.000000 0.000000 -1.000000
    outer loop
      vertex 9.914449 -1.305262 0.800000
      vertex 9.121293 -1.200841 0.800000
      vertex 9.200000 -0.000000 0.800000
    endloop
  endfacet
  facet normal 0.000000 0.000000 -1.000000
    outer loop
      vertex 9.914449 -1.305262 0.800000
      vertex 9.200000 -0.000000 0.800000
      vertex 10.000000 -0.000000 0.800000
    endloop
  endfacet
  facet normal 0.997859 -0.065403 0.000000
    outer loop
      vertex 9.914449 -1.305262 0.000000
      vertex 10.000000 -0.000000 0.000000
      vertex 10.000000 -0.000000 0.800000
    endloop
  endfacet
  facet normal 0.997859 -0.065403 0.000000
    outer loop
      vertex 9.914449 -1.305262 0.000000
      vertex 10.000000 -0.000000 0.800000
      vertex 9.914449 -1.305262 0.800000
    endloop
  endfacet
  facet normal -0.997859 0.065403 0.000000
    outer loop
      vertex 9.121293 -1.200841 0.000000
      vertex 9.200000 -0.000000 0.800000
      vertex 9.200000 -0.000000 0.000000
    endloop
  endfacet
  facet normal -0.997859 0.065403 0.000000
    outer loop
      vertex 9.121293 -1.200841 0.000000
      vertex 9.121293 -1.200841 0.800000
      vertex 9.200000 -0.000000 0.800000
    endloop
  endfacet
  facet normal -0.196630 0.978131 0.067794
    outer loop
      vertex 6.200000 3.300000 0.500000
      vertex 5.396556 3.138487 0.500000
      vertex 5.457714 3.138487 0.677384
    endloop
  endfacet
  facet normal 0.000000 0.000000 1.000000
    outer loop
      vertex 6.200000 3.300000 0.500000
      vertex 5.457714 3.138487 0.677384
      vertex 6.200000 3.300000 0.500000
    endloop
  endfacet
  facet normal -0.164907 0.967640 0.190992
    outer loop
      vertex 6.200000 3.300000 0.500000
      vertex 5.457714 3.138487 0.677384
      vertex 5.631879 3.138487 0.827762
    endloop
  endfacet
  facet normal 0.000000 0.000000 1.000000
    outer loop
      vertex 6.200000 3.300000 0.500000
      vertex 5.631879 3.138487 0.827762
      vertex 6.200000 3.300000 0.500000
    endloop
  endfacet
  facet normal -0.108562 0.953364 0.281622
    outer loop
      vertex 6.200000 3.300000 0.500000
      vertex 5.631879 3.138487 0.827762
      vertex 5.892535 3.138487 0.928242
    endloop
  endfacet
  facet normal 0.000000 0.000000 1.000000
    outer loop
      vertex 6.200000 3.300000 0.500000
      vertex 5.892535 3.138487 0.928242
      vertex 6.200000 3.300000 0.500000
    endloop
  endfacet
  facet normal -0.037733 0.943643 0.328808
    outer loop
      vertex 6.200000 3.300000 0.500000
      vertex 5.892535 3.138487 0.928242
      vertex 6.200000 3.138487 0.963525
    endloop
  endfacet
  facet normal 0.000000 0.000000 1.000000
    outer loop
      vertex 6.200000 3.300000 0.500000
      vertex 6.200000 3.138487 0.963525
      vertex 6.200000 3.300000 0.500000
    endloop
  endfacet
  facet normal 0.037733 0.943643 0.328808
    outer loop
      vertex 6.200000 3.300000 0.500000
      vertex 6.200000 3.138487 0.963525
      vertex 6.507465 3.138487 0.928242
    endloop
  endfacet
  facet normal 0.000000 0.000000 1.000000
    outer loop
      vertex 6.200000 3.300000 0.500000
      vertex 6.507465 3.138487 0.928242
      vertex 6.200000 3.300000 0.500000
    endloop
  endfacet
  facet normal 0.108562 0.953364 0.281622
    outer loop
      vertex 6.200000 3.300000 0.500000
      vertex 6.507465 3.138487 0.928242
      vertex 6.768121 3.138487 0.827762
    endloop
  endfacet
  facet normal 0.000000 0.000000 1.000000
    outer loop
      vertex 6.200000 3.300000 0.500000
      vertex 6.768121 3.138487 0.827762
      vertex 6.200000 3.300000 0.500000
    endloop
  endfacet
  facet normal 0.164907 0.967640 0.190992
    outer loop
      vertex 6.200000 3.300000 0.500000
      vertex 6.768121 3.138487 0.827762
      vertex 6.942286 3.138487 0.677384
    endloop
  endfacet
  facet normal 0.000000 0.000000 1.000000
    outer loop
      vertex 6.200000 3.300000 0.500000
      vertex 6.942286 3.138487 0.677384
      vertex 6.200000 3.300000 0.500000
    endloop
  endfacet
  facet normal 0.196630 0.978131 0.067794
    outer loop
      vertex 6.200000 3.300000 0.500000
      vertex 6.942286 3.138487 0.677384
      vertex 7.003444 3.138487 0.500000
    endloop
  endfacet
  facet normal 0.000000 0.000000 1.000000
    outer loop
      vertex 6.200000 3.300000 0.500000
      vertex 7.003444 3.138487 0.500000
      vertex 6.200000 3.300000 0.500000
    endloop
  endfacet
  facet normal -0.533767 0.825363 0.184033
    outer loop
      vertex 5.396556 3.138487 0.500000
      vertex 4.671758 2.669756 0.500000
      vertex 4.788089 2.669756 0.837404
    endloop
  endfacet
  facet normal -0.533767 0.825363 0.184033
    outer loop
      vertex 5.396556 3.138487 0.500000
      vertex 4.788089 2.669756 0.837404
      vertex 5.457714 3.138487 0.677384
    endloop
  endfacet
  facet normal -0.420024 0.766117 0.486462
    outer loop
      vertex 5.457714 3.138487 0.677384
      vertex 4.788089 2.669756 0.837404
      vertex 5.119370 2.669756 1.123440
    endloop
  endfacet
  facet normal -0.420024 0.766117 0.486462
    outer loop
      vertex 5.457714 3.138487 0.677384
      vertex 5.119370 2.669756 1.123440
      vertex 5.631879 3.138487 0.827762
    endloop
  endfacet
  facet normal -0.256654 0.700609 0.665789
    outer loop
      vertex 5.631879 3.138487 0.827762
      vertex 5.119370 2.669756 1.123440
      vertex 5.615167 2.669756 1.314564
    endloop
  endfacet
  facet normal -0.256654 0.700609 0.665789
    outer loop
      vertex 5.631879 3.138487 0.827762
      vertex 5.615167 2.669756 1.314564
      vertex 5.892535 3.138487 0.928242
    endloop
  endfacet
  facet normal -0.085322 0.663272 0.743499
    outer loop
      vertex 5.892535 3.138487 0.928242
      vertex 5.615167 2.669756 1.314564
      vertex 6.200000 2.669756 1.381678
    endloop
  endfacet
  facet normal -0.085322 0.663272 0.743499
    outer loop
      vertex 5.892535 3.138487 0.928242
      vertex 6.200000 2.669756 1.381678
      vertex 6.200000 3.138487 0.963525
    endloop
  endfacet
  facet normal 0.085322 0.663272 0.743499
    outer loop
      vertex 6.200000 3.138487 0.963525
      vertex 6.200000 2.669756 1.381678
      vertex 6.784833 2.669756 1.314564
    endloop
  endfacet
  facet normal 0.085322 0.663272 0.743499
    outer loop
      vertex 6.200000 3.138487 0.963525
      vertex 6.784833 2.669756 1.314564
      vertex 6.507465 3.138487 0.928242
    endloop
  endfacet
  facet normal 0.256654 0.700609 0.665789
    outer loop
      vertex 6.507465 3.138487 0.928242
      vertex 6.784833 2.669756 1.314564
      vertex 7.280630 2.669756 1.123440
    endloop
  endfacet
  facet normal 0.256654 0.700609 0.665789
    outer loop
      vertex 6.507465 3.138487 0.928242
      vertex 7.280630 2.669756 1.123440
      vertex 6.768121 3.138487 0.827762
    endloop
  endfacet
  facet normal 0.420024 0.766117 0.486462
    outer loop
      vertex 6.768121 3.138487 0.827762
      vertex 7.280630 2.669756 1.123440
      vertex 7.611911 2.669756 0.837404
    endloop
  endfacet
  facet normal 0.420024 0.766117 0.486462
    outer loop
      vertex 6.768121 3.138487 0.827762
      vertex 7.611911 2.669756 0.837404
      vertex 6.942286 3.138487 0.677384
    endloop
  endfacet
  facet normal 0.533767 0.825363 0.184033
    outer loop
      vertex 6.942286 3.138487 0.677384
      vertex 7.611911 2.669756 0.837404
      vertex 7.728242 2.669756 0.500000
    endloop
  endfacet
  facet normal 0.533767 0.825363 0.184033
    outer loop
      vertex 6.942286 3.138487 0.677384
      vertex 7.728242 2.669756 0.500000
      vertex 7.003444 3.138487 0.500000
    endloop
  endfacet
  facet normal -0.758179 0.597353 0.261406
    outer loop
      vertex 4.671758 2.669756 0.500000
      vertex 4.096556 1.939691 0.500000
      vertex 4.256671 1.939691 0.964396
    endloop
  endfacet
  facet normal -0.758179 0.597353 0.261406
    outer loop
      vertex 4.671758 2.669756 0.500000
      vertex 4.256671 1.939691 0.964396
      vertex 4.788089 2.669756 0.837404
    endloop
  endfacet
  facet normal -0.558573 0.519119 0.646926
    outer loop
      vertex 4.788089 2.669756 0.837404
      vertex 4.256671 1.939691 0.964396
      vertex 4.712640 1.939691 1.358092
    endloop
  endfacet
  facet normal -0.558573 0.519119 0.646926
    outer loop
      vertex 4.788089 2.669756 0.837404
      vertex 4.712640 1.939691 1.358092
      vertex 5.119370 2.669756 1.123440
    endloop
  endfacet
  facet normal -0.321678 0.447420 0.834469
    outer loop
      vertex 5.119370 2.669756 1.123440
      vertex 4.712640 1.939691 1.358092
      vertex 5.395047 1.939691 1.621151
    endloop
  endfacet
  facet normal -0.321678 0.447420 0.834469
    outer loop
      vertex 5.119370 2.669756 1.123440
      vertex 5.395047 1.939691 1.621151
      vertex 5.615167 2.669756 1.314564
    endloop
  endfacet
  facet normal -0.103906 0.411563 0.905439
    outer loop
      vertex 5.615167 2.669756 1.314564
      vertex 5.395047 1.939691 1.621151
      vertex 6.200000 1.939691 1.713525
    endloop
  endfacet
  facet normal -0.103906 0.411563 0.905439
    outer loop
      vertex 5.615167 2.669756 1.314564
      vertex 6.200000 1.939691 1.713525
      vertex 6.200000 2.669756 1.381678
    endloop
  endfacet
  facet normal 0.103906 0.411563 0.905439
    outer loop
      vertex 6.200000 2.669756 1.381678
      vertex 6.200000 1.939691 1.713525
      vertex 7.004953 1.939691 1.621151
    endloop
  endfacet
  facet normal 0.103906 0.411563 0.905439
    outer loop
      vertex 6.200000 2.669756 1.381678
      vertex 7.004953 1.939691 1.621151
      vertex 6.784833 2.669756 1.314564
    endloop
  endfacet
  facet normal 0.321678 0.447420 0.834469
    outer loop
      vertex 6.784833 2.669756 1.314564
      vertex 7.004953 1.939691 1.621151
      vertex 7.687360 1.939691 1.358092
    endloop
  endfacet
  facet normal 0.321678 0.447420 0.834469
    outer loop
      vertex 6.784833 2.669756 1.314564
      vertex 7.687360 1.939691 1.358092
      vertex 7.280630 2.669756 1.123440
    endloop
  endfacet
  facet normal 0.558573 0.519119 0.646926
    outer loop
      vertex 7.280630 2.669756 1.123440
      vertex 7.687360 1.939691 1.358092
      vertex 8.143329 1.939691 0.964396
    endloop
  endfacet
  facet normal 0.558573 0.519119 0.646926
    outer loop
      vertex 7.280630 2.669756 1.123440
      vertex 8.143329 1.939691 0.964396
      vertex 7.611911 2.669756 0.837404
    endloop
  endfacet
  facet normal 0.758179 0.597353 0.261406
    outer loop
      vertex 7.611911 2.669756 0.837404
      vertex 8.143329 1.939691 0.964396
      vertex 8.303444 1.939691 0.500000
    endloop
  endfacet
  facet normal 0.758179 0.597353 0.261406
    outer loop
      vertex 7.611911 2.669756 0.837404
      vertex 8.303444 1.939691 0.500000
      vertex 7.728242 2.669756 0.500000
    endloop
  endfacet
  facet normal -0.883873 0.354826 0.304743
    outer loop
      vertex 4.096556 1.939691 0.500000
      vertex 3.727253 1.019756 0.500000
      vertex 3.915480 1.019756 1.045930
    endloop
  endfacet
  facet normal -0.883873 0.354826 0.304743
    outer loop
      vertex 4.096556 1.939691 0.500000
      vertex 3.915480 1.019756 1.045930
      vertex 4.256671 1.939691 0.964396
    endloop
  endfacet
  facet normal -0.624316 0.295636 0.723069
    outer loop
      vertex 4.256671 1.939691 0.964396
      vertex 3.915480 1.019756 1.045930
      vertex 4.451504 1.019756 1.508748
    endloop
  endfacet
  facet normal -0.624316 0.295636 0.723069
    outer loop
      vertex 4.256671 1.939691 0.964396
      vertex 4.451504 1.019756 1.508748
      vertex 4.712640 1.939691 1.358092
    endloop
  endfacet
  facet normal -0.348542 0.247011 0.904159
    outer loop
      vertex 4.712640 1.939691 1.358092
      vertex 4.451504 1.019756 1.508748
      vertex 5.253721 1.019756 1.817992
    endloop
  endfacet
  facet normal -0.348542 0.247011 0.904159
    outer loop
      vertex 4.712640 1.939691 1.358092
      vertex 5.253721 1.019756 1.817992
      vertex 5.395047 1.939691 1.621151
    endloop
  endfacet
  facet normal -0.111106 0.224233 0.968181
    outer loop
      vertex 5.395047 1.939691 1.621151
      vertex 5.253721 1.019756 1.817992
      vertex 6.200000 1.019756 1.926585
    endloop
  endfacet
  facet normal -0.111106 0.224233 0.968181
    outer loop
      vertex 5.395047 1.939691 1.621151
      vertex 6.200000 1.019756 1.926585
      vertex 6.200000 1.939691 1.713525
    endloop
  endfacet
  facet normal 0.111106 0.224233 0.968181
    outer loop
      vertex 6.200000 1.939691 1.713525
      vertex 6.200000 1.019756 1.926585
      vertex 7.146279 1.019756 1.817992
    endloop
  endfacet
  facet normal 0.111106 0.224233 0.968181
    outer loop
      vertex 6.200000 1.939691 1.713525
      vertex 7.146279 1.019756 1.817992
      vertex 7.004953 1.939691 1.621151
    endloop
  endfacet
  facet normal 0.348542 0.247011 0.904159
    outer loop
      vertex 7.004953 1.939691 1.621151
      vertex 7.146279 1.019756 1.817992
      vertex 7.948496 1.019756 1.508748
    endloop
  endfacet
  facet normal 0.348542 0.247011 0.904159
    outer loop
      vertex 7.004953 1.939691 1.621151
      vertex 7.948496 1.019756 1.508748
      vertex 7.687360 1.939691 1.358092
    endloop
  endfacet
  facet normal 0.624316 0.295636 0.723069
    outer loop
      vertex 7.687360 1.939691 1.358092
      vertex 7.948496 1.019756 1.508748
      vertex 8.484520 1.019756 1.045930
    endloop
  endfacet
  facet normal 0.624316 0.295636 0.723069
    outer loop
      vertex 7.687360 1.939691 1.358092
      vertex 8.484520 1.019756 1.045930
      vertex 8.143329 1.939691 0.964396
    endloop
  endfacet
  facet normal 0.883873 0.354826 0.304743
    outer loop
      vertex 8.143329 1.939691 0.964396
      vertex 8.484520 1.019756 1.045930
      vertex 8.672747 1.019756 0.500000
    endloop
  endfacet
  facet normal 0.883873 0.354826 0.304743
    outer loop
      vertex 8.143329 1.939691 0.964396
      vertex 8.672747 1.019756 0.500000
      vertex 8.303444 1.939691 0.500000
    endloop
  endfacet
  facet normal -0.938876 0.117160 0.323707
    outer loop
      vertex 3.727253 1.019756 0.500000
      vertex 3.600000 0.000000 0.500000
      vertex 3.797913 0.000000 1.074025
    endloop
  endfacet
  facet normal -0.938876 0.117160 0.323707
    outer loop
      vertex 3.727253 1.019756 0.500000
      vertex 3.797913 0.000000 1.074025
      vertex 3.915480 1.019756 1.045930
    endloop
  endfacet
  facet normal -0.650526 0.095756 0.753424
    outer loop
      vertex 3.915480 1.019756 1.045930
      vertex 3.797913 0.000000 1.074025
      vertex 4.361522 0.000000 1.560660
    endloop
  endfacet
  facet normal -0.650526 0.095756 0.753424
    outer loop
      vertex 3.915480 1.019756 1.045930
      vertex 4.361522 0.000000 1.560660
      vertex 4.451504 1.019756 1.508748
    endloop
  endfacet
  facet normal -0.358564 0.078990 0.930157
    outer loop
      vertex 4.451504 1.019756 1.508748
      vertex 4.361522 0.000000 1.560660
      vertex 5.205023 0.000000 1.885819
    endloop
  endfacet
  facet normal -0.358564 0.078990 0.930157
    outer loop
      vertex 4.451504 1.019756 1.508748
      vertex 5.205023 0.000000 1.885819
      vertex 5.253721 1.019756 1.817992
    endloop
  endfacet
  facet normal -0.113718 0.071341 0.990948
    outer loop
      vertex 5.253721 1.019756 1.817992
      vertex 5.205023 0.000000 1.885819
      vertex 6.200000 0.000000 2.000000
    endloop
  endfacet
  facet normal -0.113718 0.071341 0.990948
    outer loop
      vertex 5.253721 1.019756 1.817992
      vertex 6.200000 0.000000 2.000000
      vertex 6.200000 1.019756 1.926585
    endloop
  endfacet
  facet normal 0.113718 0.071341 0.990948
    outer loop
      vertex 6.200000 1.019756 1.926585
      vertex 6.200000 0.000000 2.000000
      vertex 7.194977 0.000000 1.885819
    endloop
  endfacet
  facet normal 0.113718 0.071341 0.990948
    outer loop
      vertex 6.200000 1.019756 1.926585
      vertex 7.194977 0.000000 1.885819
      vertex 7.146279 1.019756 1.817992
    endloop
  endfacet
  facet normal 0.358564 0.078990 0.930157
    outer loop
      vertex 7.146279 1.019756 1.817992
      vertex 7.194977 0.000000 1.885819
      vertex 8.038478 0.000000 1.560660
    endloop
  endfacet
  facet normal 0.358564 0.078990 0.930157
    outer loop
      vertex 7.146279 1.019756 1.817992
      vertex 8.038478 0.000000 1.560660
      vertex 7.948496 1.019756 1.508748
    endloop
  endfacet
  facet normal 0.650526 0.095756 0.753424
    outer loop
      vertex 7.948496 1.019756 1.508748
      vertex 8.038478 0.000000 1.560660
      vertex 8.602087 0.000000 1.074025
    endloop
  endfacet
  facet normal 0.650526 0.095756 0.753424
    outer loop
      vertex 7.948496 1.019756 1.508748
      vertex 8.602087 0.000000 1.074025
      vertex 8.484520 1.019756 1.045930
    endloop
  endfacet
  facet normal 0.938876 0.117160 0.323707
    outer loop
      vertex 8.484520 1.019756 1.045930
      vertex 8.602087 0.000000 1.074025
      vertex 8.800000 0.000000 0.500000
    endloop
  endfacet
  facet normal 0.938876 0.117160 0.323707
    outer loop
      vertex 8.484520 1.019756 1.045930
      vertex 8.800000 0.000000 0.500000
      vertex 8.672747 1.019756 0.500000
    endloop
  endfacet
  facet normal -0.938876 -0.117160 0.323707
    outer loop
      vertex 3.600000 0.000000 0.500000
      vertex 3.727253 -1.019756 0.500000
      vertex 3.915480 -1.019756 1.045930
    endloop
  endfacet
  facet normal -0.938876 -0.117160 0.323707
    outer loop
      vertex 3.600000 0.000000 0.500000
      vertex 3.915480 -1.019756 1.045930
      vertex 3.797913 0.000000 1.074025
    endloop
  endfacet
  facet normal -0.650526 -0.095756 0.753424
    outer loop
      vertex 3.797913 0.000000 1.074025
      vertex 3.915480 -1.019756 1.045930
      vertex 4.451504 -1.019756 1.508748
    endloop
  endfacet
  facet normal -0.650526 -0.095756 0.753424
    outer loop
      vertex 3.797913 0.000000 1.074025
      vertex 4.451504 -1.019756 1.508748
      vertex 4.361522 0.000000 1.560660
    endloop
  endfacet
  facet normal -0.358564 -0.078990 0.930157
    outer loop
      vertex 4.361522 0.000000 1.560660
      vertex 4.451504 -1.019756 1.508748
      vertex 5.253721 -1.019756 1.817992
    endloop
  endfacet
  facet normal -0.358564 -0.078990 0.930157
    outer loop
      vertex 4.361522 0.000000 1.560660
      vertex 5.253721 -1.019756 1.817992
      vertex 5.205023 0.000000 1.885819
    endloop
  endfacet
  facet normal -0.113718 -0.071341 0.990948
    outer loop
      vertex 5.205023 0.000000 1.885819
      vertex 5.253721 -1.019756 1.817992
      vertex 6.200000 -1.019756 1.926585
    endloop
  endfacet
  facet normal -0.113718 -0.071341 0.990948
    outer loop
      vertex 5.205023 0.000000 1.885819
      vertex 6.200000 -1.019756 1.926585
      vertex 6.200000 0.000000 2.000000
    endloop
  endfacet
  facet normal 0.113718 -0.071341 0.990948
    outer loop
      vertex 6.200000 0.000000 2.000000
      vertex 6.200000 -1.019756 1.926585
      vertex 7.146279 -1.019756 1.817992
    endloop
  endfacet
  facet normal 0.113718 -0.071341 0.990948
    outer loop
      vertex 6.200000 0.000000 2.000000
      vertex 7.146279 -1.019756 1.817992
      vertex 7.194977 0.000000 1.885819
    endloop
  endfacet
  facet normal 0.358564 -0.078990 0.930157
    outer loop
      vertex 7.194977 0.000000 1.885819
      vertex 7.146279 -1.019756 1.817992
      vertex 7.948496 -1.019756 1.508748
    endloop
  endfacet
  facet normal 0.358564 -0.078990 0.930157
    outer loop
      vertex 7.194977 0.000000 1.885819
      vertex 7.948496 -1.019756 1.508748
      vertex 8.038478 0.000000 1.560660
    endloop
  endfacet
  facet normal 0.650526 -0.095756 0.753424
    outer loop
      vertex 8.038478 0.000000 1.560660
      vertex 7.948496 -1.019756 1.508748
      vertex 8.484520 -1.019756 1.045930
    endloop
  endfacet
  facet normal 0.650526 -0.095756 0.753424
    outer loop
      vertex 8.038478 0.000000 1.560660
      vertex 8.484520 -1.019756 1.045930
      vertex 8.602087 0.000000 1.074025
    endloop
  endfacet
  facet normal 0.938876 -0.117160 0.323707
    outer loop
      vertex 8.602087 0.000000 1.074025
      vertex 8.484520 -1.019756 1.045930
      vertex 8.672747 -1.019756 0.500000
    endloop
  endfacet
  facet normal 0.938876 -0.117160 0.323707
    outer loop
      vertex 8.602087 0.000000 1.074025
      vertex 8.672747 -1.019756 0.500000
      vertex 8.800000 0.000000 0.500000
    endloop
  endfacet
  facet normal -0.883873 -0.354826 0.304743
    outer loop
      vertex 3.727253 -1.019756 0.500000
      vertex 4.096556 -1.939691 0.500000
      vertex 4.256671 -1.939691 0.964396
    endloop
  endfacet
  facet normal -0.883873 -0.354826 0.304743
    outer loop
      vertex 3.727253 -1.019756 0.500000
      vertex 4.256671 -1.939691 0.964396
      vertex 3.915480 -1.019756 1.045930
    endloop
  endfacet
  facet normal -0.624316 -0.295636 0.723069
    outer loop
      vertex 3.915480 -1.019756 1.045930
      vertex 4.256671 -1.939691 0.964396
      vertex 4.712640 -1.939691 1.358092
    endloop
  endfacet
  facet normal -0.624316 -0.295636 0.723069
    outer loop
      vertex 3.915480 -1.019756 1.045930
      vertex 4.712640 -1.939691 1.358092
      vertex 4.451504 -1.019756 1.508748
    endloop
  endfacet
  facet normal -0.348542 -0.247011 0.904159
    outer loop
      vertex 4.451504 -1.019756 1.508748
      vertex 4.712640 -1.939691 1.358092
      vertex 5.395047 -1.939691 1.621151
    endloop
  endfacet
  facet normal -0.348542 -0.247011 0.904159
    outer loop
      vertex 4.451504 -1.019756 1.508748
      vertex 5.395047 -1.939691 1.621151
      vertex 5.253721 -1.019756 1.817992
    endloop
  endfacet
  facet normal -0.111106 -0.224233 0.968181
    outer loop
      vertex 5.253721 -1.019756 1.817992
      vertex 5.395047 -1.939691 1.621151
      vertex 6.200000 -1.939691 1.713525
    endloop
  endfacet
  facet normal -0.111106 -0.224233 0.968181
    outer loop
      vertex 5.253721 -1.019756 1.817992
      vertex 6.200000 -1.939691 1.713525
      vertex 6.200000 -1.019756 1.926585
    endloop
  endfacet
  facet normal 0.111106 -0.224233 0.968181
    outer loop
      vertex 6.200000 -1.019756 1.926585
      vertex 6.200000 -1.939691 1.713525
      vertex 7.004953 -1.939691 1.621151
    endloop
  endfacet
  facet normal 0.111106 -0.224233 0.968181
    outer loop
      vertex 6.200000 -1.019756 1.926585
      vertex 7.004953 -1.939691 1.621151
      vertex 7.146279 -1.019756 1.817992
    endloop
  endfacet
  facet normal 0.348542 -0.247011 0.904159
    outer loop
      vertex 7.146279 -1.019756 1.817992
      vertex 7.004953 -1.939691 1.621151
      vertex 7.687360 -1.939691 1.358092
    endloop
  endfacet
  facet normal 0.348542 -0.247011 0.904159
    outer loop
      vertex 7.146279 -1.019756 1.817992
      vertex 7.687360 -1.939691 1.358092
      vertex 7.948496 -1.019756 1.508748
    endloop
  endfacet
  facet normal 0.624316 -0.295636 0.723069
    outer loop
      vertex 7.948496 -1.019756 1.508748
      vertex 7.687360 -1.939691 1.358092
      vertex 8.143329 -1.939691 0.964396
    endloop
  endfacet
  facet normal 0.624316 -0.295636 0.723069
    outer loop
      vertex 7.948496 -1.019756 1.508748
      vertex 8.143329 -1.939691 0.964396
      vertex 8.484520 -1.019756 1.045930
    endloop
  endfacet
  facet normal 0.883873 -0.354826 0.304743
    outer loop
      vertex 8.484520 -1.019756 1.045930
      vertex 8.143329 -1.939691 0.964396
      vertex 8.303444 -1.939691 0.500000
    endloop
  endfacet
  facet normal 0.883873 -0.354826 0.304743
    outer loop
      vertex 8.484520 -1.019756 1.045930
      vertex 8.303444 -1.939691 0.500000
      vertex 8.672747 -1.019756 0.500000
    endloop
  endfacet
  facet normal -0.758179 -0.597353 0.261406
    outer loop
      vertex 4.096556 -1.939691 0.500000
      vertex 4.671758 -2.669756 0.500000
      vertex 4.788089 -2.669756 0.837404
    endloop
  endfacet
  facet normal -0.758179 -0.597353 0.261406
    outer loop
      vertex 4.096556 -1.939691 0.500000
      vertex 4.788089 -2.669756 0.837404
      vertex 4.256671 -1.939691 0.964396
    endloop
  endfacet
  facet normal -0.558573 -0.519119 0.646926
    outer loop
      vertex 4.256671 -1.939691 0.964396
      vertex 4.788089 -2.669756 0.837404
      vertex 5.119370 -2.669756 1.123440
    endloop
  endfacet
  facet normal -0.558573 -0.519119 0.646926
    outer loop
      vertex 4.256671 -1.939691 0.964396
      vertex 5.119370 -2.669756 1.123440
      vertex 4.712640 -1.939691 1.358092
    endloop
  endfacet
  facet normal -0.321678 -0.447420 0.834469
    outer loop
      vertex 4.712640 -1.939691 1.358092
      vertex 5.119370 -2.669756 1.123440
      vertex 5.615167 -2.669756 1.314564
    endloop
  endfacet
  facet normal -0.321678 -0.447420 0.834469
    outer loop
      vertex 4.712640 -1.939691 1.358092
      vertex 5.615167 -2.669756 1.314564
      vertex 5.395047 -1.939691 1.621151
    endloop
  endfacet
  facet normal -0.103906 -0.411563 0.905439
    outer loop
      vertex 5.395047 -1.939691 1.621151
      vertex 5.615167 -2.669756 1.314564
      vertex 6.200000 -2.669756 1.381678
    endloop
  endfacet
  facet normal -0.103906 -0.411563 0.905439
    outer loop
      vertex 5.395047 -1.939691 1.621151
      vertex 6.200000 -2.669756 1.381678
      vertex 6.200000 -1.939691 1.713525
    endloop
  endfacet
  facet normal 0.103906 -0.411563 0.905439
    outer loop
      vertex 6.200000 -1.939691 1.713525
      vertex 6.200000 -2.669756 1.381678
      vertex 6.784833 -2.669756 1.314564
    endloop
  endfacet
  facet normal 0.103906 -0.411563 0.905439
    outer loop
      vertex 6.200000 -1.939691 1.713525
      vertex 6.784833 -2.669756 1.314564
      vertex 7.004953 -1.939691 1.621151
    endloop
  endfacet
  facet normal 0.321678 -0.447420 0.834469
    outer loop
      vertex 7.004953 -1.939691 1.621151
      vertex 6.784833 -2.669756 1.314564
      vertex 7.280630 -2.669756 1.123440
    endloop
  endfacet
  facet normal 0.321678 -0.447420 0.834469
    outer loop
      vertex 7.004953 -1.939691 1.621151
      vertex 7.280630 -2.669756 1.123440
      vertex 7.687360 -1.939691 1.358092
    endloop
  endfacet
  facet normal 0.558573 -0.519119 0.646926
    outer loop
      vertex 7.687360 -1.939691 1.358092
      vertex 7.280630 -2.669756 1.123440
      vertex 7.611911 -2.669756 0.837404
    endloop
  endfacet
  facet normal 0.558573 -0.519119 0.646926
    outer loop
      vertex 7.687360 -1.939691 1.358092
      vertex 7.611911 -2.669756 0.837404
      vertex 8.143329 -1.939691 0.964396
    endloop
  endfacet
  facet normal 0.758179 -0.597353 0.261406
    outer loop
      vertex 8.143329 -1.939691 0.964396
      vertex 7.611911 -2.669756 0.837404
      vertex 7.728242 -2.669756 0.500000
    endloop
  endfacet
  facet normal 0.758179 -0.597353 0.261406
    outer loop
      vertex 8.143329 -1.939691 0.964396
      vertex 7.728242 -2.669756 0.500000
      vertex 8.303444 -1.939691 0.500000
    endloop
  endfacet
  facet normal -0.533767 -0.825363 0.184033
    outer loop
      vertex 4.671758 -2.669756 0.500000
      vertex 5.396556 -3.138487 0.500000
      vertex 5.457714 -3.138487 0.677384
    endloop
  endfacet
  facet normal -0.533767 -0.825363 0.184033
    outer loop
      vertex 4.671758 -2.669756 0.500000
      vertex 5.457714 -3.138487 0.677384
      vertex 4.788089 -2.669756 0.837404
    endloop
  endfacet
  facet normal -0.420024 -0.766117 0.486462
    outer loop
      vertex 4.788089 -2.669756 0.837404
      vertex 5.457714 -3.138487 0.677384
      vertex 5.631879 -3.138487 0.827762
    endloop
  endfacet
  facet normal -0.420024 -0.766117 0.486462
    outer loop
      vertex 4.788089 -2.669756 0.837404
      vertex 5.631879 -3.138487 0.827762
      vertex 5.119370 -2.669756 1.123440
    endloop
  endfacet
  facet normal -0.256654 -0.700609 0.665789
    outer loop
      vertex 5.119370 -2.669756 1.123440
      vertex 5.631879 -3.138487 0.827762
      vertex 5.892535 -3.138487 0.928242
    endloop
  endfacet
  facet normal -0.256654 -0.700609 0.665789
    outer loop
      vertex 5.119370 -2.669756 1.123440
      vertex 5.892535 -3.138487 0.928242
      vertex 5.615167 -2.669756 1.314564
    endloop
  endfacet
  facet normal -0.085322 -0.663272 0.743499
    outer loop
      vertex 5.615167 -2.669756 1.314564
      vertex 5.892535 -3.138487 0.928242
      vertex 6.200000 -3.138487 0.963525
    endloop
  endfacet
  facet normal -0.085322 -0.663272 0.743499
    outer loop
      vertex 5.615167 -2.669756 1.314564
      vertex 6.200000 -3.138487 0.963525
      vertex 6.200000 -2.669756 1.381678
    endloop
  endfacet
  facet normal 0.085322 -0.663272 0.743499
    outer loop
      vertex 6.200000 -2.669756 1.381678
      vertex 6.200000 -3.138487 0.963525
      vertex 6.507465 -3.138487 0.928242
    endloop
  endfacet
  facet normal 0.085322 -0.663272 0.743499
    outer loop
      vertex 6.200000 -2.669756 1.381678
      vertex 6.507465 -3.138487 0.928242
      vertex 6.784833 -2.669756 1.314564
    endloop
  endfacet
  facet normal 0.256654 -0.700609 0.665789
    outer loop
      vertex 6.784833 -2.669756 1.314564
      vertex 6.507465 -3.138487 0.928242
      vertex 6.768121 -3.138487 0.827762
    endloop
  endfacet
  facet normal 0.256654 -0.700609 0.665789
    outer loop
      vertex 6.784833 -2.669756 1.314564
      vertex 6.768121 -3.138487 0.827762
      vertex 7.280630 -2.669756 1.123440
    endloop
  endfacet
  facet normal 0.420024 -0.766117 0.486462
    outer loop
      vertex 7.280630 -2.669756 1.123440
      vertex 6.768121 -3.138487 0.827762
      vertex 6.942286 -3.138487 0.677384
    endloop
  endfacet
  facet normal 0.420024 -0.766117 0.486462
    outer loop
      vertex 7.280630 -2.669756 1.123440
      vertex 6.942286 -3.138487 0.677384
      vertex 7.611911 -2.669756 0.837404
    endloop
  endfacet
  facet normal 0.533767 -0.825363 0.184033
    outer loop
      vertex 7.611911 -2.669756 0.837404
      vertex 6.942286 -3.138487 0.677384
      vertex 7.003444 -3.138487 0.500000
    endloop
  endfacet
  facet normal 0.533767 -0.825363 0.184033
    outer loop
      vertex 7.611911 -2.669756 0.837404
      vertex 7.003444 -3.138487 0.500000
      vertex 7.728242 -2.669756 0.500000
    endloop
  endfacet
  facet normal 0.000000 0.000000 1.000000
    outer loop
      vertex 5.396556 -3.138487 0.500000
      vertex 6.200000 -3.300000 0.500000
      vertex 6.200000 -3.300000 0.500000
    endloop
  endfacet
  facet normal -0.196630 -0.978131 0.067794
    outer loop
      vertex 5.396556 -3.138487 0.500000
      vertex 6.200000 -3.300000 0.500000
      vertex 5.457714 -3.138487 0.677384
    endloop
  endfacet
  facet normal 0.000000 0.000000 1.000000
    outer loop
      vertex 5.457714 -3.138487 0.677384
      vertex 6.200000 -3.300000 0.500000
      vertex 6.200000 -3.300000 0.500000
    endloop
  endfacet
  facet normal -0.164907 -0.967640 0.190992
    outer loop
      vertex 5.457714 -3.138487 0.677384
      vertex 6.200000 -3.300000 0.500000
      vertex 5.631879 -3.138487 0.827762
    endloop
  endfacet
  facet normal 0.000000 0.000000 1.000000
    outer loop
      vertex 5.631879 -3.138487 0.827762
      vertex 6.200000 -3.300000 0.500000
      vertex 6.200000 -3.300000 0.500000
    endloop
  endfacet
  facet normal -0.108562 -0.953364 0.281622
    outer loop
      vertex 5.631879 -3.138487 0.827762
      vertex 6.200000 -3.300000 0.500000
      vertex 5.892535 -3.138487 0.928242
    endloop
  endfacet
  facet normal 0.000000 0.000000 1.000000
    outer loop
      vertex 5.892535 -3.138487 0.928242
      vertex 6.200000 -3.300000 0.500000
      vertex 6.200000 -3.300000 0.500000
    endloop
  endfacet
  facet normal -0.037733 -0.943643 0.328808
    outer loop
      vertex 5.892535 -3.138487 0.928242
      vertex 6.200000 -3.300000 0.500000
      vertex 6.200000 -3.138487 0.963525
    endloop
  endfacet
  facet normal 0.000000 0.000000 1.000000
    outer loop
      vertex 6.200000 -3.138487 0.963525
      vertex 6.200000 -3.300000 0.500000
      vertex 6.200000 -3.300000 0.500000
    endloop
  endfacet
  facet normal 0.037733 -0.943643 0.328808
    outer loop
      vertex 6.200000 -3.138487 0.963525
      vertex 6.200000 -3.300000 0.500000
      vertex 6.507465 -3.138487 0.928242
    endloop
  endfacet
  facet normal 0.000000 0.000000 1.000000
    outer loop
      vertex 6.507465 -3.138487 0.928242
      vertex 6.200000 -3.300000 0.500000
      vertex 6.200000 -3.300000 0.500000
    endloop
  endfacet
  facet normal 0.108562 -0.953364 0.281622
    outer loop
      vertex 6.507465 -3.138487 0.928242
      vertex 6.200000 -3.300000 0.500000
      vertex 6.768121 -3.138487 0.827762
    endloop
  endfacet
  facet normal 0.000000 0.000000 1.000000
    outer loop
      vertex 6.768121 -3.138487 0.827762
      vertex 6.200000 -3.300000 0.500000
      vertex 6.200000 -3.300000 0.500000
    endloop
  endfacet
  facet normal 0.164907 -0.967640 0.190992
    outer loop
      vertex 6.768121 -3.138487 0.827762
      vertex 6.200000 -3.300000 0.500000
      vertex 6.942286 -3.138487 0.677384
    endloop
  endfacet
  facet normal 0.000000 0.000000 1.000000
    outer loop
      vertex 6.942286 -3.138487 0.677384
      vertex 6.200000 -3.300000 0.500000
      vertex 6.200000 -3.300000 0.500000
    endloop
  endfacet
  facet normal 0.196630 -0.978131 0.067794
    outer loop
      vertex 6.942286 -3.138487 0.677384
      vertex 6.200000 -3.300000 0.500000
      vertex 7.003444 -3.138487 0.500000
    endloop
  endfacet
  facet normal -0.945401 0.318779 0.067794
    outer loop
      vertex 0.242116 7.019358 0.500000
      vertex -0.019731 6.242798 0.500000
      vertex 0.010848 6.295763 0.677384
    endloop
  endfacet
  facet normal 0.000000 0.000000 1.000000
    outer loop
      vertex 0.242116 7.019358 0.500000
      vertex 0.010848 6.295763 0.677384
      vertex 0.242116 7.019358 0.500000
    endloop
  endfacet
  facet normal -0.920455 0.341006 0.190992
    outer loop
      vertex 0.242116 7.019358 0.500000
      vertex 0.010848 6.295763 0.677384
      vertex 0.097931 6.446594 0.827762
    endloop
  endfacet
  facet normal 0.000000 0.000000 1.000000
    outer loop
      vertex 0.242116 7.019358 0.500000
      vertex 0.097931 6.446594 0.827762
      vertex 0.242116 7.019358 0.500000
    endloop
  endfacet
  facet normal -0.879919 0.382665 0.281622
    outer loop
      vertex 0.242116 7.019358 0.500000
      vertex 0.097931 6.446594 0.827762
      vertex 0.228259 6.672328 0.928242
    endloop
  endfacet
  facet normal 0.000000 0.000000 1.000000
    outer loop
      vertex 0.242116 7.019358 0.500000
      vertex 0.228259 6.672328 0.928242
      vertex 0.242116 7.019358 0.500000
    endloop
  endfacet
  facet normal -0.836085 0.439143 0.328808
    outer loop
      vertex 0.242116 7.019358 0.500000
      vertex 0.228259 6.672328 0.928242
      vertex 0.381991 6.938601 0.963525
    endloop
  endfacet
  facet normal 0.000000 0.000000 1.000000
    outer loop
      vertex 0.242116 7.019358 0.500000
      vertex 0.381991 6.938601 0.963525
      vertex 0.242116 7.019358 0.500000
    endloop
  endfacet
  facet normal -0.798352 0.504499 0.328808
    outer loop
      vertex 0.242116 7.019358 0.500000
      vertex 0.381991 6.938601 0.963525
      vertex 0.535723 7.204873 0.928242
    endloop
  endfacet
  facet normal 0.000000 0.000000 1.000000
    outer loop
      vertex 0.242116 7.019358 0.500000
      vertex 0.535723 7.204873 0.928242
      vertex 0.242116 7.019358 0.500000
    endloop
  endfacet
  facet normal -0.771357 0.570699 0.281622
    outer loop
      vertex 0.242116 7.019358 0.500000
      vertex 0.535723 7.204873 0.928242
      vertex 0.666051 7.430608 0.827762
    endloop
  endfacet
  facet normal 0.000000 0.000000 1.000000
    outer loop
      vertex 0.242116 7.019358 0.500000
      vertex 0.666051 7.430608 0.827762
      vertex 0.242116 7.019358 0.500000
    endloop
  endfacet
  facet normal -0.755548 0.626634 0.190992
    outer loop
      vertex 0.242116 7.019358 0.500000
      vertex 0.666051 7.430608 0.827762
      vertex 0.753134 7.581439 0.677384
    endloop
  endfacet
  facet normal 0.000000 0.000000 1.000000
    outer loop
      vertex 0.242116 7.019358 0.500000
      vertex 0.753134 7.581439 0.677384
      vertex 0.242116 7.019358 0.500000
    endloop
  endfacet
  facet normal -0.748771 0.659352 0.067794
    outer loop
      vertex 0.242116 7.019358 0.500000
      vertex 0.753134 7.581439 0.677384
      vertex 0.783713 7.634404 0.500000
    endloop
  endfacet
  facet normal 0.000000 0.000000 1.000000
    outer loop
      vertex 0.242116 7.019358 0.500000
      vertex 0.783713 7.634404 0.500000
      vertex 0.242116 7.019358 0.500000
    endloop
  endfacet
  facet normal -0.981669 -0.049574 0.184033
    outer loop
      vertex -0.019731 6.242798 0.500000
      vertex 0.023803 5.380739 0.500000
      vertex 0.081968 5.481485 0.837404
    endloop
  endfacet
  facet normal -0.981669 -0.049574 0.184033
    outer loop
      vertex -0.019731 6.242798 0.500000
      vertex 0.081968 5.481485 0.837404
      vertex 0.010848 6.295763 0.677384
    endloop
  endfacet
  facet normal -0.873489 0.019307 0.486462
    outer loop
      vertex 0.010848 6.295763 0.677384
      vertex 0.081968 5.481485 0.837404
      vertex 0.247608 5.768382 1.123440
    endloop
  endfacet
  facet normal -0.873489 0.019307 0.486462
    outer loop
      vertex 0.010848 6.295763 0.677384
      vertex 0.247608 5.768382 1.123440
      vertex 0.097931 6.446594 0.827762
    endloop
  endfacet
  facet normal -0.735072 0.128036 0.665789
    outer loop
      vertex 0.097931 6.446594 0.827762
      vertex 0.247608 5.768382 1.123440
      vertex 0.495507 6.197756 1.314564
    endloop
  endfacet
  facet normal -0.735072 0.128036 0.665789
    outer loop
      vertex 0.097931 6.446594 0.827762
      vertex 0.495507 6.197756 1.314564
      vertex 0.228259 6.672328 0.928242
    endloop
  endfacet
  facet normal -0.617071 0.257745 0.743499
    outer loop
      vertex 0.228259 6.672328 0.928242
      vertex 0.495507 6.197756 1.314564
      vertex 0.787923 6.704236 1.381678
    endloop
  endfacet
  facet normal -0.617071 0.257745 0.743499
    outer loop
      vertex 0.228259 6.672328 0.928242
      vertex 0.787923 6.704236 1.381678
      vertex 0.381991 6.938601 0.963525
    endloop
  endfacet
  facet normal -0.531750 0.405527 0.743499
    outer loop
      vertex 0.381991 6.938601 0.963525
      vertex 0.787923 6.704236 1.381678
      vertex 1.080340 7.210716 1.314564
    endloop
  endfacet
  facet normal -0.531750 0.405527 0.743499
    outer loop
      vertex 0.381991 6.938601 0.963525
      vertex 1.080340 7.210716 1.314564
      vertex 0.535723 7.204873 0.928242
    endloop
  endfacet
  facet normal -0.478419 0.572573 0.665789
    outer loop
      vertex 0.535723 7.204873 0.928242
      vertex 1.080340 7.210716 1.314564
      vertex 1.328238 7.640089 1.123440
    endloop
  endfacet
  facet normal -0.478419 0.572573 0.665789
    outer loop
      vertex 0.535723 7.204873 0.928242
      vertex 1.328238 7.640089 1.123440
      vertex 0.666051 7.430608 0.827762
    endloop
  endfacet
  facet normal -0.453465 0.746810 0.486462
    outer loop
      vertex 0.666051 7.430608 0.827762
      vertex 1.328238 7.640089 1.123440
      vertex 1.493879 7.926986 0.837404
    endloop
  endfacet
  facet normal -0.453465 0.746810 0.486462
    outer loop
      vertex 0.666051 7.430608 0.827762
      vertex 1.493879 7.926986 0.837404
      vertex 0.753134 7.581439 0.677384
    endloop
  endfacet
  facet normal -0.447902 0.874937 0.184033
    outer loop
      vertex 0.753134 7.581439 0.677384
      vertex 1.493879 7.926986 0.837404
      vertex 1.552044 8.027732 0.500000
    endloop
  endfacet
  facet normal -0.447902 0.874937 0.184033
    outer loop
      vertex 0.753134 7.581439 0.677384
      vertex 1.552044 8.027732 0.500000
      vertex 0.783713 7.634404 0.500000
    endloop
  endfacet
  facet normal -0.896413 -0.357926 0.261406
    outer loop
      vertex 0.023803 5.380739 0.500000
      vertex 0.368456 4.517567 0.500000
      vertex 0.448514 4.656231 0.964396
    endloop
  endfacet
  facet normal -0.896413 -0.357926 0.261406
    outer loop
      vertex 0.023803 5.380739 0.500000
      vertex 0.448514 4.656231 0.964396
      vertex 0.081968 5.481485 0.837404
    endloop
  endfacet
  facet normal -0.728856 -0.224179 0.646926
    outer loop
      vertex 0.081968 5.481485 0.837404
      vertex 0.448514 4.656231 0.964396
      vertex 0.676498 5.051112 1.358092
    endloop
  endfacet
  facet normal -0.728856 -0.224179 0.646926
    outer loop
      vertex 0.081968 5.481485 0.837404
      vertex 0.676498 5.051112 1.358092
      vertex 0.247608 5.768382 1.123440
    endloop
  endfacet
  facet normal -0.548316 -0.054871 0.834469
    outer loop
      vertex 0.247608 5.768382 1.123440
      vertex 0.676498 5.051112 1.358092
      vertex 1.017701 5.642093 1.621151
    endloop
  endfacet
  facet normal -0.548316 -0.054871 0.834469
    outer loop
      vertex 0.247608 5.768382 1.123440
      vertex 1.017701 5.642093 1.621151
      vertex 0.495507 6.197756 1.314564
    endloop
  endfacet
  facet normal -0.408377 0.115797 0.905439
    outer loop
      vertex 0.495507 6.197756 1.314564
      vertex 1.017701 5.642093 1.621151
      vertex 1.420178 6.339203 1.713525
    endloop
  endfacet
  facet normal -0.408377 0.115797 0.905439
    outer loop
      vertex 0.495507 6.197756 1.314564
      vertex 1.420178 6.339203 1.713525
      vertex 0.787923 6.704236 1.381678
    endloop
  endfacet
  facet normal -0.304471 0.295766 0.905439
    outer loop
      vertex 0.787923 6.704236 1.381678
      vertex 1.420178 6.339203 1.713525
      vertex 1.822655 7.036313 1.621151
    endloop
  endfacet
  facet normal -0.304471 0.295766 0.905439
    outer loop
      vertex 0.787923 6.704236 1.381678
      vertex 1.822655 7.036313 1.621151
      vertex 1.080340 7.210716 1.314564
    endloop
  endfacet
  facet normal -0.226638 0.502291 0.834469
    outer loop
      vertex 1.080340 7.210716 1.314564
      vertex 1.822655 7.036313 1.621151
      vertex 2.163858 7.627294 1.358092
    endloop
  endfacet
  facet normal -0.226638 0.502291 0.834469
    outer loop
      vertex 1.080340 7.210716 1.314564
      vertex 2.163858 7.627294 1.358092
      vertex 1.328238 7.640089 1.123440
    endloop
  endfacet
  facet normal -0.170284 0.743297 0.646926
    outer loop
      vertex 1.328238 7.640089 1.123440
      vertex 2.163858 7.627294 1.358092
      vertex 2.391843 8.022175 0.964396
    endloop
  endfacet
  facet normal -0.170284 0.743297 0.646926
    outer loop
      vertex 1.328238 7.640089 1.123440
      vertex 2.391843 8.022175 0.964396
      vertex 1.493879 7.926986 0.837404
    endloop
  endfacet
  facet normal -0.138234 0.955279 0.261406
    outer loop
      vertex 1.493879 7.926986 0.837404
      vertex 2.391843 8.022175 0.964396
      vertex 2.471900 8.160839 0.500000
    endloop
  endfacet
  facet normal -0.138234 0.955279 0.261406
    outer loop
      vertex 1.493879 7.926986 0.837404
      vertex 2.471900 8.160839 0.500000
      vertex 1.552044 8.027732 0.500000
    endloop
  endfacet
  facet normal -0.749224 -0.588043 0.304743
    outer loop
      vertex 0.368456 4.517567 0.500000
      vertex 0.980492 3.737774 0.500000
      vertex 1.074605 3.900783 1.045930
    endloop
  endfacet
  facet normal -0.749224 -0.588043 0.304743
    outer loop
      vertex 0.368456 4.517567 0.500000
      vertex 1.074605 3.900783 1.045930
      vertex 0.448514 4.656231 0.964396
    endloop
  endfacet
  facet normal -0.568187 -0.392856 0.723069
    outer loop
      vertex 0.448514 4.656231 0.964396
      vertex 1.074605 3.900783 1.045930
      vertex 1.342617 4.364993 1.508748
    endloop
  endfacet
  facet normal -0.568187 -0.392856 0.723069
    outer loop
      vertex 0.448514 4.656231 0.964396
      vertex 1.342617 4.364993 1.508748
      vertex 0.676498 5.051112 1.358092
    endloop
  endfacet
  facet normal -0.388189 -0.178341 0.904159
    outer loop
      vertex 0.676498 5.051112 1.358092
      vertex 1.342617 4.364993 1.508748
      vertex 1.743726 5.059734 1.817992
    endloop
  endfacet
  facet normal -0.388189 -0.178341 0.904159
    outer loop
      vertex 0.676498 5.051112 1.358092
      vertex 1.743726 5.059734 1.817992
      vertex 1.017701 5.642093 1.621151
    endloop
  endfacet
  facet normal -0.249744 0.015896 0.968181
    outer loop
      vertex 1.017701 5.642093 1.621151
      vertex 1.743726 5.059734 1.817992
      vertex 2.216865 5.879236 1.926585
    endloop
  endfacet
  facet normal -0.249744 0.015896 0.968181
    outer loop
      vertex 1.017701 5.642093 1.621151
      vertex 2.216865 5.879236 1.926585
      vertex 1.420178 6.339203 1.713525
    endloop
  endfacet
  facet normal -0.138639 0.208337 0.968181
    outer loop
      vertex 1.420178 6.339203 1.713525
      vertex 2.216865 5.879236 1.926585
      vertex 2.690005 6.698737 1.817992
    endloop
  endfacet
  facet normal -0.138639 0.208337 0.968181
    outer loop
      vertex 1.420178 6.339203 1.713525
      vertex 2.690005 6.698737 1.817992
      vertex 1.822655 7.036313 1.621151
    endloop
  endfacet
  facet normal -0.039646 0.425352 0.904159
    outer loop
      vertex 1.822655 7.036313 1.621151
      vertex 2.690005 6.698737 1.817992
      vertex 3.091113 7.393478 1.508748
    endloop
  endfacet
  facet normal -0.039646 0.425352 0.904159
    outer loop
      vertex 1.822655 7.036313 1.621151
      vertex 3.091113 7.393478 1.508748
      vertex 2.163858 7.627294 1.358092
    endloop
  endfacet
  facet normal 0.056130 0.688492 0.723069
    outer loop
      vertex 2.163858 7.627294 1.358092
      vertex 3.091113 7.393478 1.508748
      vertex 3.359125 7.857688 1.045930
    endloop
  endfacet
  facet normal 0.056130 0.688492 0.723069
    outer loop
      vertex 2.163858 7.627294 1.358092
      vertex 3.359125 7.857688 1.045930
      vertex 2.391843 8.022175 0.964396
    endloop
  endfacet
  facet normal 0.134648 0.942869 0.304743
    outer loop
      vertex 2.391843 8.022175 0.964396
      vertex 3.359125 7.857688 1.045930
      vertex 3.453239 8.020697 0.500000
    endloop
  endfacet
  facet normal 0.134648 0.942869 0.304743
    outer loop
      vertex 2.391843 8.022175 0.964396
      vertex 3.453239 8.020697 0.500000
      vertex 2.471900 8.160839 0.500000
    endloop
  endfacet
  facet normal -0.570901 -0.754510 0.323707
    outer loop
      vertex 0.980492 3.737774 0.500000
      vertex 1.800000 3.117691 0.500000
      vertex 1.898957 3.289089 1.074025
    endloop
  endfacet
  facet normal -0.570901 -0.754510 0.323707
    outer loop
      vertex 0.980492 3.737774 0.500000
      vertex 1.898957 3.289089 1.074025
      vertex 1.074605 3.900783 1.045930
    endloop
  endfacet
  facet normal -0.408190 -0.515494 0.753424
    outer loop
      vertex 1.074605 3.900783 1.045930
      vertex 1.898957 3.289089 1.074025
      vertex 2.180761 3.777189 1.560660
    endloop
  endfacet
  facet normal -0.408190 -0.515494 0.753424
    outer loop
      vertex 1.074605 3.900783 1.045930
      vertex 2.180761 3.777189 1.560660
      vertex 1.342617 4.364993 1.508748
    endloop
  endfacet
  facet normal -0.247690 -0.271030 0.930157
    outer loop
      vertex 1.342617 4.364993 1.508748
      vertex 2.180761 3.777189 1.560660
      vertex 2.602512 4.507682 1.885819
    endloop
  endfacet
  facet normal -0.247690 -0.271030 0.930157
    outer loop
      vertex 1.342617 4.364993 1.508748
      vertex 2.602512 4.507682 1.885819
      vertex 1.743726 5.059734 1.817992
    endloop
  endfacet
  facet normal -0.118643 -0.062812 0.990948
    outer loop
      vertex 1.743726 5.059734 1.817992
      vertex 2.602512 4.507682 1.885819
      vertex 3.100000 5.369358 2.000000
    endloop
  endfacet
  facet normal -0.118643 -0.062812 0.990948
    outer loop
      vertex 1.743726 5.059734 1.817992
      vertex 3.100000 5.369358 2.000000
      vertex 2.216865 5.879236 1.926585
    endloop
  endfacet
  facet normal -0.004924 0.134154 0.990948
    outer loop
      vertex 2.216865 5.879236 1.926585
      vertex 3.100000 5.369358 2.000000
      vertex 3.597488 6.231033 1.885819
    endloop
  endfacet
  facet normal -0.004924 0.134154 0.990948
    outer loop
      vertex 2.216865 5.879236 1.926585
      vertex 3.597488 6.231033 1.885819
      vertex 2.690005 6.698737 1.817992
    endloop
  endfacet
  facet normal 0.110874 0.350021 0.930157
    outer loop
      vertex 2.690005 6.698737 1.817992
      vertex 3.597488 6.231033 1.885819
      vertex 4.019239 6.961526 1.560660
    endloop
  endfacet
  facet normal 0.110874 0.350021 0.930157
    outer loop
      vertex 2.690005 6.698737 1.817992
      vertex 4.019239 6.961526 1.560660
      vertex 3.091113 7.393478 1.508748
    endloop
  endfacet
  facet normal 0.242336 0.611250 0.753424
    outer loop
      vertex 3.091113 7.393478 1.508748
      vertex 4.019239 6.961526 1.560660
      vertex 4.301043 7.449626 1.074025
    endloop
  endfacet
  facet normal 0.242336 0.611250 0.753424
    outer loop
      vertex 3.091113 7.393478 1.508748
      vertex 4.301043 7.449626 1.074025
      vertex 3.359125 7.857688 1.045930
    endloop
  endfacet
  facet normal 0.367974 0.871670 0.323707
    outer loop
      vertex 3.359125 7.857688 1.045930
      vertex 4.301043 7.449626 1.074025
      vertex 4.400000 7.621024 0.500000
    endloop
  endfacet
  facet normal 0.367974 0.871670 0.323707
    outer loop
      vertex 3.359125 7.857688 1.045930
      vertex 4.400000 7.621024 0.500000
      vertex 3.453239 8.020697 0.500000
    endloop
  endfacet
  facet normal -0.367974 -0.871670 0.323707
    outer loop
      vertex 1.800000 3.117691 0.500000
      vertex 2.746761 2.718018 0.500000
      vertex 2.840875 2.881027 1.045930
    endloop
  endfacet
  facet normal -0.367974 -0.871670 0.323707
    outer loop
      vertex 1.800000 3.117691 0.500000
      vertex 2.840875 2.881027 1.045930
      vertex 1.898957 3.289089 1.074025
    endloop
  endfacet
  facet normal -0.242336 -0.611250 0.753424
    outer loop
      vertex 1.898957 3.289089 1.074025
      vertex 2.840875 2.881027 1.045930
      vertex 3.108887 3.345237 1.508748
    endloop
  endfacet
  facet normal -0.242336 -0.611250 0.753424
    outer loop
      vertex 1.898957 3.289089 1.074025
      vertex 3.108887 3.345237 1.508748
      vertex 2.180761 3.777189 1.560660
    endloop
  endfacet
  facet normal -0.110874 -0.350021 0.930157
    outer loop
      vertex 2.180761 3.777189 1.560660
      vertex 3.108887 3.345237 1.508748
      vertex 3.509995 4.039978 1.817992
    endloop
  endfacet
  facet normal -0.110874 -0.350021 0.930157
    outer loop
      vertex 2.180761 3.777189 1.560660
      vertex 3.509995 4.039978 1.817992
      vertex 2.602512 4.507682 1.885819
    endloop
  endfacet
  facet normal 0.004924 -0.134154 0.990948
    outer loop
      vertex 2.602512 4.507682 1.885819
      vertex 3.509995 4.039978 1.817992
      vertex 3.983135 4.859479 1.926585
    endloop
  endfacet
  facet normal 0.004924 -0.134154 0.990948
    outer loop
      vertex 2.602512 4.507682 1.885819
      vertex 3.983135 4.859479 1.926585
      vertex 3.100000 5.369358 2.000000
    endloop
  endfacet
  facet normal 0.118643 0.062812 0.990948
    outer loop
      vertex 3.100000 5.369358 2.000000
      vertex 3.983135 4.859479 1.926585
      vertex 4.456274 5.678981 1.817992
    endloop
  endfacet
  facet normal 0.118643 0.062812 0.990948
    outer loop
      vertex 3.100000 5.369358 2.000000
      vertex 4.456274 5.678981 1.817992
      vertex 3.597488 6.231033 1.885819
    endloop
  endfacet
  facet normal 0.247690 0.271030 0.930157
    outer loop
      vertex 3.597488 6.231033 1.885819
      vertex 4.456274 5.678981 1.817992
      vertex 4.857383 6.373722 1.508748
    endloop
  endfacet
  facet normal 0.247690 0.271030 0.930157
    outer loop
      vertex 3.597488 6.231033 1.885819
      vertex 4.857383 6.373722 1.508748
      vertex 4.019239 6.961526 1.560660
    endloop
  endfacet
  facet normal 0.408190 0.515494 0.753424
    outer loop
      vertex 4.019239 6.961526 1.560660
      vertex 4.857383 6.373722 1.508748
      vertex 5.125395 6.837932 1.045930
    endloop
  endfacet
  facet normal 0.408190 0.515494 0.753424
    outer loop
      vertex 4.019239 6.961526 1.560660
      vertex 5.125395 6.837932 1.045930
      vertex 4.301043 7.449626 1.074025
    endloop
  endfacet
  facet normal 0.570901 0.754510 0.323707
    outer loop
      vertex 4.301043 7.449626 1.074025
      vertex 5.125395 6.837932 1.045930
      vertex 5.219508 7.000941 0.500000
    endloop
  endfacet
  facet normal 0.570901 0.754510 0.323707
    outer loop
      vertex 4.301043 7.449626 1.074025
      vertex 5.219508 7.000941 0.500000
      vertex 4.400000 7.621024 0.500000
    endloop
  endfacet
  facet normal -0.134648 -0.942869 0.304743
    outer loop
      vertex 2.746761 2.718018 0.500000
      vertex 3.728100 2.577876 0.500000
      vertex 3.808157 2.716540 0.964396
    endloop
  endfacet
  facet normal -0.134648 -0.942869 0.304743
    outer loop
      vertex 2.746761 2.718018 0.500000
      vertex 3.808157 2.716540 0.964396
      vertex 2.840875 2.881027 1.045930
    endloop
  endfacet
  facet normal -0.056130 -0.688492 0.723069
    outer loop
      vertex 2.840875 2.881027 1.045930
      vertex 3.808157 2.716540 0.964396
      vertex 4.036142 3.111421 1.358092
    endloop
  endfacet
  facet normal -0.056130 -0.688492 0.723069
    outer loop
      vertex 2.840875 2.881027 1.045930
      vertex 4.036142 3.111421 1.358092
      vertex 3.108887 3.345237 1.508748
    endloop
  endfacet
  facet normal 0.039646 -0.425352 0.904159
    outer loop
      vertex 3.108887 3.345237 1.508748
      vertex 4.036142 3.111421 1.358092
      vertex 4.377345 3.702402 1.621151
    endloop
  endfacet
  facet normal 0.039646 -0.425352 0.904159
    outer loop
      vertex 3.108887 3.345237 1.508748
      vertex 4.377345 3.702402 1.621151
      vertex 3.509995 4.039978 1.817992
    endloop
  endfacet
  facet normal 0.138639 -0.208337 0.968181
    outer loop
      vertex 3.509995 4.039978 1.817992
      vertex 4.377345 3.702402 1.621151
      vertex 4.779822 4.399512 1.713525
    endloop
  endfacet
  facet normal 0.138639 -0.208337 0.968181
    outer loop
      vertex 3.509995 4.039978 1.817992
      vertex 4.779822 4.399512 1.713525
      vertex 3.983135 4.859479 1.926585
    endloop
  endfacet
  facet normal 0.249744 -0.015896 0.968181
    outer loop
      vertex 3.983135 4.859479 1.926585
      vertex 4.779822 4.399512 1.713525
      vertex 5.182299 5.096622 1.621151
    endloop
  endfacet
  facet normal 0.249744 -0.015896 0.968181
    outer loop
      vertex 3.983135 4.859479 1.926585
      vertex 5.182299 5.096622 1.621151
      vertex 4.456274 5.678981 1.817992
    endloop
  endfacet
  facet normal 0.388189 0.178341 0.904159
    outer loop
      vertex 4.456274 5.678981 1.817992
      vertex 5.182299 5.096622 1.621151
      vertex 5.523502 5.687603 1.358092
    endloop
  endfacet
  facet normal 0.388189 0.178341 0.904159
    outer loop
      vertex 4.456274 5.678981 1.817992
      vertex 5.523502 5.687603 1.358092
      vertex 4.857383 6.373722 1.508748
    endloop
  endfacet
  facet normal 0.568187 0.392856 0.723069
    outer loop
      vertex 4.857383 6.373722 1.508748
      vertex 5.523502 5.687603 1.358092
      vertex 5.751486 6.082484 0.964396
    endloop
  endfacet
  facet normal 0.568187 0.392856 0.723069
    outer loop
      vertex 4.857383 6.373722 1.508748
      vertex 5.751486 6.082484 0.964396
      vertex 5.125395 6.837932 1.045930
    endloop
  endfacet
  facet normal 0.749224 0.588043 0.304743
    outer loop
      vertex 5.125395 6.837932 1.045930
      vertex 5.751486 6.082484 0.964396
      vertex 5.831544 6.221148 0.500000
    endloop
  endfacet
  facet normal 0.749224 0.588043 0.304743
    outer loop
      vertex 5.125395 6.837932 1.045930
      vertex 5.831544 6.221148 0.500000
      vertex 5.219508 7.000941 0.500000
    endloop
  endfacet
  facet normal 0.138234 -0.955279 0.261406
    outer loop
      vertex 3.728100 2.577876 0.500000
      vertex 4.647956 2.710983 0.500000
      vertex 4.706121 2.811729 0.837404
    endloop
  endfacet
  facet normal 0.138234 -0.955279 0.261406
    outer loop
      vertex 3.728100 2.577876 0.500000
      vertex 4.706121 2.811729 0.837404
      vertex 3.808157 2.716540 0.964396
    endloop
  endfacet
  facet normal 0.170284 -0.743297 0.646926
    outer loop
      vertex 3.808157 2.716540 0.964396
      vertex 4.706121 2.811729 0.837404
      vertex 4.871762 3.098626 1.123440
    endloop
  endfacet
  facet normal 0.170284 -0.743297 0.646926
    outer loop
      vertex 3.808157 2.716540 0.964396
      vertex 4.871762 3.098626 1.123440
      vertex 4.036142 3.111421 1.358092
    endloop
  endfacet
  facet normal 0.226638 -0.502291 0.834469
    outer loop
      vertex 4.036142 3.111421 1.358092
      vertex 4.871762 3.098626 1.123440
      vertex 5.119660 3.527999 1.314564
    endloop
  endfacet
  facet normal 0.226638 -0.502291 0.834469
    outer loop
      vertex 4.036142 3.111421 1.358092
      vertex 5.119660 3.527999 1.314564
      vertex 4.377345 3.702402 1.621151
    endloop
  endfacet
  facet normal 0.304471 -0.295766 0.905439
    outer loop
      vertex 4.377345 3.702402 1.621151
      vertex 5.119660 3.527999 1.314564
      vertex 5.412077 4.034479 1.381678
    endloop
  endfacet
  facet normal 0.304471 -0.295766 0.905439
    outer loop
      vertex 4.377345 3.702402 1.621151
      vertex 5.412077 4.034479 1.381678
      vertex 4.779822 4.399512 1.713525
    endloop
  endfacet
  facet normal 0.408377 -0.115797 0.905439
    outer loop
      vertex 4.779822 4.399512 1.713525
      vertex 5.412077 4.034479 1.381678
      vertex 5.704493 4.540959 1.314564
    endloop
  endfacet
  facet normal 0.408377 -0.115797 0.905439
    outer loop
      vertex 4.779822 4.399512 1.713525
      vertex 5.704493 4.540959 1.314564
      vertex 5.182299 5.096622 1.621151
    endloop
  endfacet
  facet normal 0.548316 0.054871 0.834469
    outer loop
      vertex 5.182299 5.096622 1.621151
      vertex 5.704493 4.540959 1.314564
      vertex 5.952392 4.970333 1.123440
    endloop
  endfacet
  facet normal 0.548316 0.054871 0.834469
    outer loop
      vertex 5.182299 5.096622 1.621151
      vertex 5.952392 4.970333 1.123440
      vertex 5.523502 5.687603 1.358092
    endloop
  endfacet
  facet normal 0.728856 0.224179 0.646926
    outer loop
      vertex 5.523502 5.687603 1.358092
      vertex 5.952392 4.970333 1.123440
      vertex 6.118032 5.257230 0.837404
    endloop
  endfacet
  facet normal 0.728856 0.224179 0.646926
    outer loop
      vertex 5.523502 5.687603 1.358092
      vertex 6.118032 5.257230 0.837404
      vertex 5.751486 6.082484 0.964396
    endloop
  endfacet
  facet normal 0.896413 0.357926 0.261406
    outer loop
      vertex 5.751486 6.082484 0.964396
      vertex 6.118032 5.257230 0.837404
      vertex 6.176197 5.357976 0.500000
    endloop
  endfacet
  facet normal 0.896413 0.357926 0.261406
    outer loop
      vertex 5.751486 6.082484 0.964396
      vertex 6.176197 5.357976 0.500000
      vertex 5.831544 6.221148 0.500000
    endloop
  endfacet
  facet normal 0.447902 -0.874937 0.184033
    outer loop
      vertex 4.647956 2.710983 0.500000
      vertex 5.416287 3.104311 0.500000
      vertex 5.446866 3.157276 0.677384
    endloop
  endfacet
  facet normal 0.447902 -0.874937 0.184033
    outer loop
      vertex 4.647956 2.710983 0.500000
      vertex 5.446866 3.157276 0.677384
      vertex 4.706121 2.811729 0.837404
    endloop
  endfacet
  facet normal 0.453465 -0.746810 0.486462
    outer loop
      vertex 4.706121 2.811729 0.837404
      vertex 5.446866 3.157276 0.677384
      vertex 5.533949 3.308107 0.827762
    endloop
  endfacet
  facet normal 0.453465 -0.746810 0.486462
    outer loop
      vertex 4.706121 2.811729 0.837404
      vertex 5.533949 3.308107 0.827762
      vertex 4.871762 3.098626 1.123440
    endloop
  endfacet
  facet normal 0.478419 -0.572573 0.665789
    outer loop
      vertex 4.871762 3.098626 1.123440
      vertex 5.533949 3.308107 0.827762
      vertex 5.664277 3.533842 0.928242
    endloop
  endfacet
  facet normal 0.478419 -0.572573 0.665789
    outer loop
      vertex 4.871762 3.098626 1.123440
      vertex 5.664277 3.533842 0.928242
      vertex 5.119660 3.527999 1.314564
    endloop
  endfacet
  facet normal 0.531750 -0.405527 0.743499
    outer loop
      vertex 5.119660 3.527999 1.314564
      vertex 5.664277 3.533842 0.928242
      vertex 5.818009 3.800114 0.963525
    endloop
  endfacet
  facet normal 0.531750 -0.405527 0.743499
    outer loop
      vertex 5.119660 3.527999 1.314564
      vertex 5.818009 3.800114 0.963525
      vertex 5.412077 4.034479 1.381678
    endloop
  endfacet
  facet normal 0.617071 -0.257745 0.743499
    outer loop
      vertex 5.412077 4.034479 1.381678
      vertex 5.818009 3.800114 0.963525
      vertex 5.971741 4.066387 0.928242
    endloop
  endfacet
  facet normal 0.617071 -0.257745 0.743499
    outer loop
      vertex 5.412077 4.034479 1.381678
      vertex 5.971741 4.066387 0.928242
      vertex 5.704493 4.540959 1.314564
    endloop
  endfacet
  facet normal 0.735072 -0.128036 0.665789
    outer loop
      vertex 5.704493 4.540959 1.314564
      vertex 5.971741 4.066387 0.928242
      vertex 6.102069 4.292121 0.827762
    endloop
  endfacet
  facet normal 0.735072 -0.128036 0.665789
    outer loop
      vertex 5.704493 4.540959 1.314564
      vertex 6.102069 4.292121 0.827762
      vertex 5.952392 4.970333 1.123440
    endloop
  endfacet
  facet normal 0.873489 -0.019307 0.486462
    outer loop
      vertex 5.952392 4.970333 1.123440
      vertex 6.102069 4.292121 0.827762
      vertex 6.189152 4.442952 0.677384
    endloop
  endfacet
  facet normal 0.873489 -0.019307 0.486462
    outer loop
      vertex 5.952392 4.970333 1.123440
      vertex 6.189152 4.442952 0.677384
      vertex 6.118032 5.257230 0.837404
    endloop
  endfacet
  facet normal 0.981669 0.049574 0.184033
    outer loop
      vertex 6.118032 5.257230 0.837404
      vertex 6.189152 4.442952 0.677384
      vertex 6.219731 4.495917 0.500000
    endloop
  endfacet
  facet normal 0.981669 0.049574 0.184033
    outer loop
      vertex 6.118032 5.257230 0.837404
      vertex 6.219731 4.495917 0.500000
      vertex 6.176197 5.357976 0.500000
    endloop
  endfacet
  facet normal 0.000000 0.000000 1.000000
    outer loop
      vertex 5.416287 3.104311 0.500000
      vertex 5.957884 3.719358 0.500000
      vertex 5.957884 3.719358 0.500000
    endloop
  endfacet
  facet normal 0.748771 -0.659352 0.067794
    outer loop
      vertex 5.416287 3.104311 0.500000
      vertex 5.957884 3.719358 0.500000
      vertex 5.446866 3.157276 0.677384
    endloop
  endfacet
  facet normal 0.000000 0.000000 1.000000
    outer loop
      vertex 5.446866 3.157276 0.677384
      vertex 5.957884 3.719358 0.500000
      vertex 5.957884 3.719358 0.500000
    endloop
  endfacet
  facet normal 0.755548 -0.626634 0.190992
    outer loop
      vertex 5.446866 3.157276 0.677384
      vertex 5.957884 3.719358 0.500000
      vertex 5.533949 3.308107 0.827762
    endloop
  endfacet
  facet normal 0.000000 0.000000 1.000000
    outer loop
      vertex 5.533949 3.308107 0.827762
      vertex 5.957884 3.719358 0.500000
      vertex 5.957884 3.719358 0.500000
    endloop
  endfacet
  facet normal 0.771357 -0.570699 0.281622
    outer loop
      vertex 5.533949 3.308107 0.827762
      vertex 5.957884 3.719358 0.500000
      vertex 5.664277 3.533842 0.928242
    endloop
  endfacet
  facet normal 0.000000 0.000000 1.000000
    outer loop
      vertex 5.664277 3.533842 0.928242
      vertex 5.957884 3.719358 0.500000
      vertex 5.957884 3.719358 0.500000
    endloop
  endfacet
  facet normal 0.798352 -0.504499 0.328808
    outer loop
      vertex 5.664277 3.533842 0.928242
      vertex 5.957884 3.719358 0.500000
      vertex 5.818009 3.800114 0.963525
    endloop
  endfacet
  facet normal 0.000000 0.000000 1.000000
    outer loop
      vertex 5.818009 3.800114 0.963525
      vertex 5.957884 3.719358 0.500000
      vertex 5.957884 3.719358 0.500000
    endloop
  endfacet
  facet normal 0.836085 -0.439143 0.328808
    outer loop
      vertex 5.818009 3.800114 0.963525
      vertex 5.957884 3.719358 0.500000
      vertex 5.971741 4.066387 0.928242
    endloop
  endfacet
  facet normal 0.000000 0.000000 1.000000
    outer loop
      vertex 5.971741 4.066387 0.928242
      vertex 5.957884 3.719358 0.500000
      vertex 5.957884 3.719358 0.500000
    endloop
  endfacet
  facet normal 0.879919 -0.382665 0.281622
    outer loop
      vertex 5.971741 4.066387 0.928242
      vertex 5.957884 3.719358 0.500000
      vertex 6.102069 4.292121 0.827762
    endloop
  endfacet
  facet normal 0.000000 0.000000 1.000000
    outer loop
      vertex 6.102069 4.292121 0.827762
      vertex 5.957884 3.719358 0.500000
      vertex 5.957884 3.719358 0.500000
    endloop
  endfacet
  facet normal 0.920455 -0.341006 0.190992
    outer loop
      vertex 6.102069 4.292121 0.827762
      vertex 5.957884 3.719358 0.500000
      vertex 6.189152 4.442952 0.677384
    endloop
  endfacet
  facet normal 0.000000 0.000000 1.000000
    outer loop
      vertex 6.189152 4.442952 0.677384
      vertex 5.957884 3.719358 0.500000
      vertex 5.957884 3.719358 0.500000
    endloop
  endfacet
  facet normal 0.945401 -0.318779 0.067794
    outer loop
      vertex 6.189152 4.442952 0.677384
      vertex 5.957884 3.719358 0.500000
      vertex 6.219731 4.495917 0.500000
    endloop
  endfacet
  facet normal -0.748771 -0.659352 0.067794
    outer loop
      vertex -5.957884 3.719358 0.500000
      vertex -5.416287 3.104311 0.500000
      vertex -5.446866 3.157276 0.677384
    endloop
  endfacet
  facet normal 0.000000 0.000000 1.000000
    outer loop
      vertex -5.957884 3.719358 0.500000
      vertex -5.446866 3.157276 0.677384
      vertex -5.957884 3.719358 0.500000
    endloop
  endfacet
  facet normal -0.755548 -0.626634 0.190992
    outer loop
      vertex -5.957884 3.719358 0.500000
      vertex -5.446866 3.157276 0.677384
      vertex -5.533949 3.308107 0.827762
    endloop
  endfacet
  facet normal 0.000000 0.000000 1.000000
    outer loop
      vertex -5.957884 3.719358 0.500000
      vertex -5.533949 3.308107 0.827762
      vertex -5.957884 3.719358 0.500000
    endloop
  endfacet
  facet normal -0.771357 -0.570699 0.281622
    outer loop
      vertex -5.957884 3.719358 0.500000
      vertex -5.533949 3.308107 0.827762
      vertex -5.664277 3.533842 0.928242
    endloop
  endfacet
  facet normal 0.000000 0.000000 1.000000
    outer loop
      vertex -5.957884 3.719358 0.500000
      vertex -5.664277 3.533842 0.928242
      vertex -5.957884 3.719358 0.500000
    endloop
  endfacet
  facet normal -0.798352 -0.504499 0.328808
    outer loop
      vertex -5.957884 3.719358 0.500000
      vertex -5.664277 3.533842 0.928242
      vertex -5.818009 3.800114 0.963525
    endloop
  endfacet
  facet normal 0.000000 0.000000 1.000000
    outer loop
      vertex -5.957884 3.719358 0.500000
      vertex -5.818009 3.800114 0.963525
      vertex -5.957884 3.719358 0.500000
    endloop
  endfacet
  facet normal -0.836085 -0.439143 0.328808
    outer loop
      vertex -5.957884 3.719358 0.500000
      vertex -5.818009 3.800114 0.963525
      vertex -5.971741 4.066387 0.928242
    endloop
  endfacet
  facet normal 0.000000 0.000000 1.000000
    outer loop
      vertex -5.957884 3.719358 0.500000
      vertex -5.971741 4.066387 0.928242
      vertex -5.957884 3.719358 0.500000
    endloop
  endfacet
  facet normal -0.879919 -0.382665 0.281622
    outer loop
      vertex -5.957884 3.719358 0.500000
      vertex -5.971741 4.066387 0.928242
      vertex -6.102069 4.292121 0.827762
    endloop
  endfacet
  facet normal 0.000000 0.000000 1.000000
    outer loop
      vertex -5.957884 3.719358 0.500000
      vertex -6.102069 4.292121 0.827762
      vertex -5.957884 3.719358 0.500000
    endloop
  endfacet
  facet normal -0.920455 -0.341006 0.190992
    outer loop
      vertex -5.957884 3.719358 0.500000
      vertex -6.102069 4.292121 0.827762
      vertex -6.189152 4.442952 0.677384
    endloop
  endfacet
  facet normal 0.000000 0.000000 1.000000
    outer loop
      vertex -5.957884 3.719358 0.500000
      vertex -6.189152 4.442952 0.677384
      vertex -5.957884 3.719358 0.500000
    endloop
  endfacet
  facet normal -0.945401 -0.318779 0.067794
    outer loop
      vertex -5.957884 3.719358 0.500000
      vertex -6.189152 4.442952 0.677384
      vertex -6.219731 4.495917 0.500000
    endloop
  endfacet
  facet normal 0.000000 0.000000 1.000000
    outer loop
      vertex -5.957884 3.719358 0.500000
      vertex -6.219731 4.495917 0.500000
      vertex -5.957884 3.719358 0.500000
    endloop
  endfacet
  facet normal -0.447902 -0.874937 0.184033
    outer loop
      vertex -5.416287 3.104311 0.500000
      vertex -4.647956 2.710983 0.500000
      vertex -4.706121 2.811729 0.837404
    endloop
  endfacet
  facet normal -0.447902 -0.874937 0.184033
    outer loop
      vertex -5.416287 3.104311 0.500000
      vertex -4.706121 2.811729 0.837404
      vertex -5.446866 3.157276 0.677384
    endloop
  endfacet
  facet normal -0.453465 -0.746810 0.486462
    outer loop
      vertex -5.446866 3.157276 0.677384
      vertex -4.706121 2.811729 0.837404
      vertex -4.871762 3.098626 1.123440
    endloop
  endfacet
  facet normal -0.453465 -0.746810 0.486462
    outer loop
      vertex -5.446866 3.157276 0.677384
      vertex -4.871762 3.098626 1.123440
      vertex -5.533949 3.308107 0.827762
    endloop
  endfacet
  facet normal -0.478419 -0.572573 0.665789
    outer loop
      vertex -5.533949 3.308107 0.827762
      vertex -4.871762 3.098626 1.123440
      vertex -5.119660 3.527999 1.314564
    endloop
  endfacet
  facet normal -0.478419 -0.572573 0.665789
    outer loop
      vertex -5.533949 3.308107 0.827762
      vertex -5.119660 3.527999 1.314564
      vertex -5.664277 3.533842 0.928242
    endloop
  endfacet
  facet normal -0.531750 -0.405527 0.743499
    outer loop
      vertex -5.664277 3.533842 0.928242
      vertex -5.119660 3.527999 1.314564
      vertex -5.412077 4.034479 1.381678
    endloop
  endfacet
  facet normal -0.531750 -0.405527 0.743499
    outer loop
      vertex -5.664277 3.533842 0.928242
      vertex -5.412077 4.034479 1.381678
      vertex -5.818009 3.800114 0.963525
    endloop
  endfacet
  facet normal -0.617071 -0.257745 0.743499
    outer loop
      vertex -5.818009 3.800114 0.963525
      vertex -5.412077 4.034479 1.381678
      vertex -5.704493 4.540959 1.314564
    endloop
  endfacet
  facet normal -0.617071 -0.257745 0.743499
    outer loop
      vertex -5.818009 3.800114 0.963525
      vertex -5.704493 4.540959 1.314564
      vertex -5.971741 4.066387 0.928242
    endloop
  endfacet
  facet normal -0.735072 -0.128036 0.665789
    outer loop
      vertex -5.971741 4.066387 0.928242
      vertex -5.704493 4.540959 1.314564
      vertex -5.952392 4.970333 1.123440
    endloop
  endfacet
  facet normal -0.735072 -0.128036 0.665789
    outer loop
      vertex -5.971741 4.066387 0.928242
      vertex -5.952392 4.970333 1.123440
      vertex -6.102069 4.292121 0.827762
    endloop
  endfacet
  facet normal -0.873489 -0.019307 0.486462
    outer loop
      vertex -6.102069 4.292121 0.827762
      vertex -5.952392 4.970333 1.123440
      vertex -6.118032 5.257230 0.837404
    endloop
  endfacet
  facet normal -0.873489 -0.019307 0.486462
    outer loop
      vertex -6.102069 4.292121 0.827762
      vertex -6.118032 5.257230 0.837404
      vertex -6.189152 4.442952 0.677384
    endloop
  endfacet
  facet normal -0.981669 0.049574 0.184033
    outer loop
      vertex -6.189152 4.442952 0.677384
      vertex -6.118032 5.257230 0.837404
      vertex -6.176197 5.357976 0.500000
    endloop
  endfacet
  facet normal -0.981669 0.049574 0.184033
    outer loop
      vertex -6.189152 4.442952 0.677384
      vertex -6.176197 5.357976 0.500000
      vertex -6.219731 4.495917 0.500000
    endloop
  endfacet
  facet normal -0.138234 -0.955279 0.261406
    outer loop
      vertex -4.647956 2.710983 0.500000
      vertex -3.728100 2.577876 0.500000
      vertex -3.808157 2.716540 0.964396
    endloop
  endfacet
  facet normal -0.138234 -0.955279 0.261406
    outer loop
      vertex -4.647956 2.710983 0.500000
      vertex -3.808157 2.716540 0.964396
      vertex -4.706121 2.811729 0.837404
    endloop
  endfacet
  facet normal -0.170284 -0.743297 0.646926
    outer loop
      vertex -4.706121 2.811729 0.837404
      vertex -3.808157 2.716540 0.964396
      vertex -4.036142 3.111421 1.358092
    endloop
  endfacet
  facet normal -0.170284 -0.743297 0.646926
    outer loop
      vertex -4.706121 2.811729 0.837404
      vertex -4.036142 3.111421 1.358092
      vertex -4.871762 3.098626 1.123440
    endloop
  endfacet
  facet normal -0.226638 -0.502291 0.834469
    outer loop
      vertex -4.871762 3.098626 1.123440
      vertex -4.036142 3.111421 1.358092
      vertex -4.377345 3.702402 1.621151
    endloop
  endfacet
  facet normal -0.226638 -0.502291 0.834469
    outer loop
      vertex -4.871762 3.098626 1.123440
      vertex -4.377345 3.702402 1.621151
      vertex -5.119660 3.527999 1.314564
    endloop
  endfacet
  facet normal -0.304471 -0.295766 0.905439
    outer loop
      vertex -5.119660 3.527999 1.314564
      vertex -4.377345 3.702402 1.621151
      vertex -4.779822 4.399512 1.713525
    endloop
  endfacet
  facet normal -0.304471 -0.295766 0.905439
    outer loop
      vertex -5.119660 3.527999 1.314564
      vertex -4.779822 4.399512 1.713525
      vertex -5.412077 4.034479 1.381678
    endloop
  endfacet
  facet normal -0.408377 -0.115797 0.905439
    outer loop
      vertex -5.412077 4.034479 1.381678
      vertex -4.779822 4.399512 1.713525
      vertex -5.182299 5.096622 1.621151
    endloop
  endfacet
  facet normal -0.408377 -0.115797 0.905439
    outer loop
      vertex -5.412077 4.034479 1.381678
      vertex -5.182299 5.096622 1.621151
      vertex -5.704493 4.540959 1.314564
    endloop
  endfacet
  facet normal -0.548316 0.054871 0.834469
    outer loop
      vertex -5.704493 4.540959 1.314564
      vertex -5.182299 5.096622 1.621151
      vertex -5.523502 5.687603 1.358092
    endloop
  endfacet
  facet normal -0.548316 0.054871 0.834469
    outer loop
      vertex -5.704493 4.540959 1.314564
      vertex -5.523502 5.687603 1.358092
      vertex -5.952392 4.970333 1.123440
    endloop
  endfacet
  facet normal -0.728856 0.224179 0.646926
    outer loop
      vertex -5.952392 4.970333 1.123440
      vertex -5.523502 5.687603 1.358092
      vertex -5.751486 6.082484 0.964396
    endloop
  endfacet
  facet normal -0.728856 0.224179 0.646926
    outer loop
      vertex -5.952392 4.970333 1.123440
      vertex -5.751486 6.082484 0.964396
      vertex -6.118032 5.257230 0.837404
    endloop
  endfacet
  facet normal -0.896413 0.357926 0.261406
    outer loop
      vertex -6.118032 5.257230 0.837404
      vertex -5.751486 6.082484 0.964396
      vertex -5.831544 6.221148 0.500000
    endloop
  endfacet
  facet normal -0.896413 0.357926 0.261406
    outer loop
      vertex -6.118032 5.257230 0.837404
      vertex -5.831544 6.221148 0.500000
      vertex -6.176197 5.357976 0.500000
    endloop
  endfacet
  facet normal 0.134648 -0.942869 0.304743
    outer loop
      vertex -3.728100 2.577876 0.500000
      vertex -2.746761 2.718018 0.500000
      vertex -2.840875 2.881027 1.045930
    endloop
  endfacet
  facet normal 0.134648 -0.942869 0.304743
    outer loop
      vertex -3.728100 2.577876 0.500000
      vertex -2.840875 2.881027 1.045930
      vertex -3.808157 2.716540 0.964396
    endloop
  endfacet
  facet normal 0.056130 -0.688492 0.723069
    outer loop
      vertex -3.808157 2.716540 0.964396
      vertex -2.840875 2.881027 1.045930
      vertex -3.108887 3.345237 1.508748
    endloop
  endfacet
  facet normal 0.056130 -0.688492 0.723069
    outer loop
      vertex -3.808157 2.716540 0.964396
      vertex -3.108887 3.345237 1.508748
      vertex -4.036142 3.111421 1.358092
    endloop
  endfacet
  facet normal -0.039646 -0.425352 0.904159
    outer loop
      vertex -4.036142 3.111421 1.358092
      vertex -3.108887 3.345237 1.508748
      vertex -3.509995 4.039978 1.817992
    endloop
  endfacet
  facet normal -0.039646 -0.425352 0.904159
    outer loop
      vertex -4.036142 3.111421 1.358092
      vertex -3.509995 4.039978 1.817992
      vertex -4.377345 3.702402 1.621151
    endloop
  endfacet
  facet normal -0.138639 -0.208337 0.968181
    outer loop
      vertex -4.377345 3.702402 1.621151
      vertex -3.509995 4.039978 1.817992
      vertex -3.983135 4.859479 1.926585
    endloop
  endfacet
  facet normal -0.138639 -0.208337 0.968181
    outer loop
      vertex -4.377345 3.702402 1.621151
      vertex -3.983135 4.859479 1.926585
      vertex -4.779822 4.399512 1.713525
    endloop
  endfacet
  facet normal -0.249744 -0.015896 0.968181
    outer loop
      vertex -4.779822 4.399512 1.713525
      vertex -3.983135 4.859479 1.926585
      vertex -4.456274 5.678981 1.817992
    endloop
  endfacet
  facet normal -0.249744 -0.015896 0.968181
    outer loop
      vertex -4.779822 4.399512 1.713525
      vertex -4.456274 5.678981 1.817992
      vertex -5.182299 5.096622 1.621151
    endloop
  endfacet
  facet normal -0.388189 0.178341 0.904159
    outer loop
      vertex -5.182299 5.096622 1.621151
      vertex -4.456274 5.678981 1.817992
      vertex -4.857383 6.373722 1.508748
    endloop
  endfacet
  facet normal -0.388189 0.178341 0.904159
    outer loop
      vertex -5.182299 5.096622 1.621151
      vertex -4.857383 6.373722 1.508748
      vertex -5.523502 5.687603 1.358092
    endloop
  endfacet
  facet normal -0.568187 0.392856 0.723069
    outer loop
      vertex -5.523502 5.687603 1.358092
      vertex -4.857383 6.373722 1.508748
      vertex -5.125395 6.837932 1.045930
    endloop
  endfacet
  facet normal -0.568187 0.392856 0.723069
    outer loop
      vertex -5.523502 5.687603 1.358092
      vertex -5.125395 6.837932 1.045930
      vertex -5.751486 6.082484 0.964396
    endloop
  endfacet
  facet normal -0.749224 0.588043 0.304743
    outer loop
      vertex -5.751486 6.082484 0.964396
      vertex -5.125395 6.837932 1.045930
      vertex -5.219508 7.000941 0.500000
    endloop
  endfacet
  facet normal -0.749224 0.588043 0.304743
    outer loop
      vertex -5.751486 6.082484 0.964396
      vertex -5.219508 7.000941 0.500000
      vertex -5.831544 6.221148 0.500000
    endloop
  endfacet
  facet normal 0.367974 -0.871670 0.323707
    outer loop
      vertex -2.746761 2.718018 0.500000
      vertex -1.800000 3.117691 0.500000
      vertex -1.898957 3.289089 1.074025
    endloop
  endfacet
  facet normal 0.367974 -0.871670 0.323707
    outer loop
      vertex -2.746761 2.718018 0.500000
      vertex -1.898957 3.289089 1.074025
      vertex -2.840875 2.881027 1.045930
    endloop
  endfacet
  facet normal 0.242336 -0.611250 0.753424
    outer loop
      vertex -2.840875 2.881027 1.045930
      vertex -1.898957 3.289089 1.074025
      vertex -2.180761 3.777189 1.560660
    endloop
  endfacet
  facet normal 0.242336 -0.611250 0.753424
    outer loop
      vertex -2.840875 2.881027 1.045930
      vertex -2.180761 3.777189 1.560660
      vertex -3.108887 3.345237 1.508748
    endloop
  endfacet
  facet normal 0.110874 -0.350021 0.930157
    outer loop
      vertex -3.108887 3.345237 1.508748
      vertex -2.180761 3.777189 1.560660
      vertex -2.602512 4.507682 1.885819
    endloop
  endfacet
  facet normal 0.110874 -0.350021 0.930157
    outer loop
      vertex -3.108887 3.345237 1.508748
      vertex -2.602512 4.507682 1.885819
      vertex -3.509995 4.039978 1.817992
    endloop
  endfacet
  facet normal -0.004924 -0.134154 0.990948
    outer loop
      vertex -3.509995 4.039978 1.817992
      vertex -2.602512 4.507682 1.885819
      vertex -3.100000 5.369358 2.000000
    endloop
  endfacet
  facet normal -0.004924 -0.134154 0.990948
    outer loop
      vertex -3.509995 4.039978 1.817992
      vertex -3.100000 5.369358 2.000000
      vertex -3.983135 4.859479 1.926585
    endloop
  endfacet
  facet normal -0.118643 0.062812 0.990948
    outer loop
      vertex -3.983135 4.859479 1.926585
      vertex -3.100000 5.369358 2.000000
      vertex -3.597488 6.231033 1.885819
    endloop
  endfacet
  facet normal -0.118643 0.062812 0.990948
    outer loop
      vertex -3.983135 4.859479 1.926585
      vertex -3.597488 6.231033 1.885819
      vertex -4.456274 5.678981 1.817992
    endloop
  endfacet
  facet normal -0.247690 0.271030 0.930157
    outer loop
      vertex -4.456274 5.678981 1.817992
      vertex -3.597488 6.231033 1.885819
      vertex -4.019239 6.961526 1.560660
    endloop
  endfacet
  facet normal -0.247690 0.271030 0.930157
    outer loop
      vertex -4.456274 5.678981 1.817992
      vertex -4.019239 6.961526 1.560660
      vertex -4.857383 6.373722 1.508748
    endloop
  endfacet
  facet normal -0.408190 0.515494 0.753424
    outer loop
      vertex -4.857383 6.373722 1.508748
      vertex -4.019239 6.961526 1.560660
      vertex -4.301043 7.449626 1.074025
    endloop
  endfacet
  facet normal -0.408190 0.515494 0.753424
    outer loop
      vertex -4.857383 6.373722 1.508748
      vertex -4.301043 7.449626 1.074025
      vertex -5.125395 6.837932 1.045930
    endloop
  endfacet
  facet normal -0.570901 0.754510 0.323707
    outer loop
      vertex -5.125395 6.837932 1.045930
      vertex -4.301043 7.449626 1.074025
      vertex -4.400000 7.621024 0.500000
    endloop
  endfacet
  facet normal -0.570901 0.754510 0.323707
    outer loop
      vertex -5.125395 6.837932 1.045930
      vertex -4.400000 7.621024 0.500000
      vertex -5.219508 7.000941 0.500000
    endloop
  endfacet
  facet normal 0.570901 -0.754510 0.323707
    outer loop
      vertex -1.800000 3.117691 0.500000
      vertex -0.980492 3.737774 0.500000
      vertex -1.074605 3.900783 1.045930
    endloop
  endfacet
  facet normal 0.570901 -0.754510 0.323707
    outer loop
      vertex -1.800000 3.117691 0.500000
      vertex -1.074605 3.900783 1.045930
      vertex -1.898957 3.289089 1.074025
    endloop
  endfacet
  facet normal 0.408190 -0.515494 0.753424
    outer loop
      vertex -1.898957 3.289089 1.074025
      vertex -1.074605 3.900783 1.045930
      vertex -1.342617 4.364993 1.508748
    endloop
  endfacet
  facet normal 0.408190 -0.515494 0.753424
    outer loop
      vertex -1.898957 3.289089 1.074025
      vertex -1.342617 4.364993 1.508748
      vertex -2.180761 3.777189 1.560660
    endloop
  endfacet
  facet normal 0.247690 -0.271030 0.930157
    outer loop
      vertex -2.180761 3.777189 1.560660
      vertex -1.342617 4.364993 1.508748
      vertex -1.743726 5.059734 1.817992
    endloop
  endfacet
  facet normal 0.247690 -0.271030 0.930157
    outer loop
      vertex -2.180761 3.777189 1.560660
      vertex -1.743726 5.059734 1.817992
      vertex -2.602512 4.507682 1.885819
    endloop
  endfacet
  facet normal 0.118643 -0.062812 0.990948
    outer loop
      vertex -2.602512 4.507682 1.885819
      vertex -1.743726 5.059734 1.817992
      vertex -2.216865 5.879236 1.926585
    endloop
  endfacet
  facet normal 0.118643 -0.062812 0.990948
    outer loop
      vertex -2.602512 4.507682 1.885819
      vertex -2.216865 5.879236 1.926585
      vertex -3.100000 5.369358 2.000000
    endloop
  endfacet
  facet normal 0.004924 0.134154 0.990948
    outer loop
      vertex -3.100000 5.369358 2.000000
      vertex -2.216865 5.879236 1.926585
      vertex -2.690005 6.698737 1.817992
    endloop
  endfacet
  facet normal 0.004924 0.134154 0.990948
    outer loop
      vertex -3.100000 5.369358 2.000000
      vertex -2.690005 6.698737 1.817992
      vertex -3.597488 6.231033 1.885819
    endloop
  endfacet
  facet normal -0.110874 0.350021 0.930157
    outer loop
      vertex -3.597488 6.231033 1.885819
      vertex -2.690005 6.698737 1.817992
      vertex -3.091113 7.393478 1.508748
    endloop
  endfacet
  facet normal -0.110874 0.350021 0.930157
    outer loop
      vertex -3.597488 6.231033 1.885819
      vertex -3.091113 7.393478 1.508748
      vertex -4.019239 6.961526 1.560660
    endloop
  endfacet
  facet normal -0.242336 0.611250 0.753424
    outer loop
      vertex -4.019239 6.961526 1.560660
      vertex -3.091113 7.393478 1.508748
      vertex -3.359125 7.857688 1.045930
    endloop
  endfacet
  facet normal -0.242336 0.611250 0.753424
    outer loop
      vertex -4.019239 6.961526 1.560660
      vertex -3.359125 7.857688 1.045930
      vertex -4.301043 7.449626 1.074025
    endloop
  endfacet
  facet normal -0.367974 0.871670 0.323707
    outer loop
      vertex -4.301043 7.449626 1.074025
      vertex -3.359125 7.857688 1.045930
      vertex -3.453239 8.020697 0.500000
    endloop
  endfacet
  facet normal -0.367974 0.871670 0.323707
    outer loop
      vertex -4.301043 7.449626 1.074025
      vertex -3.453239 8.020697 0.500000
      vertex -4.400000 7.621024 0.500000
    endloop
  endfacet
  facet normal 0.749224 -0.588043 0.304743
    outer loop
      vertex -0.980492 3.737774 0.500000
      vertex -0.368456 4.517567 0.500000
      vertex -0.448514 4.656231 0.964396
    endloop
  endfacet
  facet normal 0.749224 -0.588043 0.304743
    outer loop
      vertex -0.980492 3.737774 0.500000
      vertex -0.448514 4.656231 0.964396
      vertex -1.074605 3.900783 1.045930
    endloop
  endfacet
  facet normal 0.568187 -0.392856 0.723069
    outer loop
      vertex -1.074605 3.900783 1.045930
      vertex -0.448514 4.656231 0.964396
      vertex -0.676498 5.051112 1.358092
    endloop
  endfacet
  facet normal 0.568187 -0.392856 0.723069
    outer loop
      vertex -1.074605 3.900783 1.045930
      vertex -0.676498 5.051112 1.358092
      vertex -1.342617 4.364993 1.508748
    endloop
  endfacet
  facet normal 0.388189 -0.178341 0.904159
    outer loop
      vertex -1.342617 4.364993 1.508748
      vertex -0.676498 5.051112 1.358092
      vertex -1.017701 5.642093 1.621151
    endloop
  endfacet
  facet normal 0.388189 -0.178341 0.904159
    outer loop
      vertex -1.342617 4.364993 1.508748
      vertex -1.017701 5.642093 1.621151
      vertex -1.743726 5.059734 1.817992
    endloop
  endfacet
  facet normal 0.249744 0.015896 0.968181
    outer loop
      vertex -1.743726 5.059734 1.817992
      vertex -1.017701 5.642093 1.621151
      vertex -1.420178 6.339203 1.713525
    endloop
  endfacet
  facet normal 0.249744 0.015896 0.968181
    outer loop
      vertex -1.743726 5.059734 1.817992
      vertex -1.420178 6.339203 1.713525
      vertex -2.216865 5.879236 1.926585
    endloop
  endfacet
  facet normal 0.138639 0.208337 0.968181
    outer loop
      vertex -2.216865 5.879236 1.926585
      vertex -1.420178 6.339203 1.713525
      vertex -1.822655 7.036313 1.621151
    endloop
  endfacet
  facet normal 0.138639 0.208337 0.968181
    outer loop
      vertex -2.216865 5.879236 1.926585
      vertex -1.822655 7.036313 1.621151
      vertex -2.690005 6.698737 1.817992
    endloop
  endfacet
  facet normal 0.039646 0.425352 0.904159
    outer loop
      vertex -2.690005 6.698737 1.817992
      vertex -1.822655 7.036313 1.621151
      vertex -2.163858 7.627294 1.358092
    endloop
  endfacet
  facet normal 0.039646 0.425352 0.904159
    outer loop
      vertex -2.690005 6.698737 1.817992
      vertex -2.163858 7.627294 1.358092
      vertex -3.091113 7.393478 1.508748
    endloop
  endfacet
  facet normal -0.056130 0.688492 0.723069
    outer loop
      vertex -3.091113 7.393478 1.508748
      vertex -2.163858 7.627294 1.358092
      vertex -2.391843 8.022175 0.964396
    endloop
  endfacet
  facet normal -0.056130 0.688492 0.723069
    outer loop
      vertex -3.091113 7.393478 1.508748
      vertex -2.391843 8.022175 0.964396
      vertex -3.359125 7.857688 1.045930
    endloop
  endfacet
  facet normal -0.134648 0.942869 0.304743
    outer loop
      vertex -3.359125 7.857688 1.045930
      vertex -2.391843 8.022175 0.964396
      vertex -2.471900 8.160839 0.500000
    endloop
  endfacet
  facet normal -0.134648 0.942869 0.304743
    outer loop
      vertex -3.359125 7.857688 1.045930
      vertex -2.471900 8.160839 0.500000
      vertex -3.453239 8.020697 0.500000
    endloop
  endfacet
  facet normal 0.896413 -0.357926 0.261406
    outer loop
      vertex -0.368456 4.517567 0.500000
      vertex -0.023803 5.380739 0.500000
      vertex -0.081968 5.481485 0.837404
    endloop
  endfacet
  facet normal 0.896413 -0.357926 0.261406
    outer loop
      vertex -0.368456 4.517567 0.500000
      vertex -0.081968 5.481485 0.837404
      vertex -0.448514 4.656231 0.964396
    endloop
  endfacet
  facet normal 0.728856 -0.224179 0.646926
    outer loop
      vertex -0.448514 4.656231 0.964396
      vertex -0.081968 5.481485 0.837404
      vertex -0.247608 5.768382 1.123440
    endloop
  endfacet
  facet normal 0.728856 -0.224179 0.646926
    outer loop
      vertex -0.448514 4.656231 0.964396
      vertex -0.247608 5.768382 1.123440
      vertex -0.676498 5.051112 1.358092
    endloop
  endfacet
  facet normal 0.548316 -0.054871 0.834469
    outer loop
      vertex -0.676498 5.051112 1.358092
      vertex -0.247608 5.768382 1.123440
      vertex -0.495507 6.197756 1.314564
    endloop
  endfacet
  facet normal 0.548316 -0.054871 0.834469
    outer loop
      vertex -0.676498 5.051112 1.358092
      vertex -0.495507 6.197756 1.314564
      vertex -1.017701 5.642093 1.621151
    endloop
  endfacet
  facet normal 0.408377 0.115797 0.905439
    outer loop
      vertex -1.017701 5.642093 1.621151
      vertex -0.495507 6.197756 1.314564
      vertex -0.787923 6.704236 1.381678
    endloop
  endfacet
  facet normal 0.408377 0.115797 0.905439
    outer loop
      vertex -1.017701 5.642093 1.621151
      vertex -0.787923 6.704236 1.381678
      vertex -1.420178 6.339203 1.713525
    endloop
  endfacet
  facet normal 0.304471 0.295766 0.905439
    outer loop
      vertex -1.420178 6.339203 1.713525
      vertex -0.787923 6.704236 1.381678
      vertex -1.080340 7.210716 1.314564
    endloop
  endfacet
  facet normal 0.304471 0.295766 0.905439
    outer loop
      vertex -1.420178 6.339203 1.713525
      vertex -1.080340 7.210716 1.314564
      vertex -1.822655 7.036313 1.621151
    endloop
  endfacet
  facet normal 0.226638 0.502291 0.834469
    outer loop
      vertex -1.822655 7.036313 1.621151
      vertex -1.080340 7.210716 1.314564
      vertex -1.328238 7.640089 1.123440
    endloop
  endfacet
  facet normal 0.226638 0.502291 0.834469
    outer loop
      vertex -1.822655 7.036313 1.621151
      vertex -1.328238 7.640089 1.123440
      vertex -2.163858 7.627294 1.358092
    endloop
  endfacet
  facet normal 0.170284 0.743297 0.646926
    outer loop
      vertex -2.163858 7.627294 1.358092
      vertex -1.328238 7.640089 1.123440
      vertex -1.493879 7.926986 0.837404
    endloop
  endfacet
  facet normal 0.170284 0.743297 0.646926
    outer loop
      vertex -2.163858 7.627294 1.358092
      vertex -1.493879 7.926986 0.837404
      vertex -2.391843 8.022175 0.964396
    endloop
  endfacet
  facet normal 0.138234 0.955279 0.261406
    outer loop
      vertex -2.391843 8.022175 0.964396
      vertex -1.493879 7.926986 0.837404
      vertex -1.552044 8.027732 0.500000
    endloop
  endfacet
  facet normal 0.138234 0.955279 0.261406
    outer loop
      vertex -2.391843 8.022175 0.964396
      vertex -1.552044 8.027732 0.500000
      vertex -2.471900 8.160839 0.500000
    endloop
  endfacet
  facet normal 0.981669 -0.049574 0.184033
    outer loop
      vertex -0.023803 5.380739 0.500000
      vertex 0.019731 6.242798 0.500000
      vertex -0.010848 6.295763 0.677384
    endloop
  endfacet
  facet normal 0.981669 -0.049574 0.184033
    outer loop
      vertex -0.023803 5.380739 0.500000
      vertex -0.010848 6.295763 0.677384
      vertex -0.081968 5.481485 0.837404
    endloop
  endfacet
  facet normal 0.873489 0.019307 0.486462
    outer loop
      vertex -0.081968 5.481485 0.837404
      vertex -0.010848 6.295763 0.677384
      vertex -0.097931 6.446594 0.827762
    endloop
  endfacet
  facet normal 0.873489 0.019307 0.486462
    outer loop
      vertex -0.081968 5.481485 0.837404
      vertex -0.097931 6.446594 0.827762
      vertex -0.247608 5.768382 1.123440
    endloop
  endfacet
  facet normal 0.735072 0.128036 0.665789
    outer loop
      vertex -0.247608 5.768382 1.123440
      vertex -0.097931 6.446594 0.827762
      vertex -0.228259 6.672328 0.928242
    endloop
  endfacet
  facet normal 0.735072 0.128036 0.665789
    outer loop
      vertex -0.247608 5.768382 1.123440
      vertex -0.228259 6.672328 0.928242
      vertex -0.495507 6.197756 1.314564
    endloop
  endfacet
  facet normal 0.617071 0.257745 0.743499
    outer loop
      vertex -0.495507 6.197756 1.314564
      vertex -0.228259 6.672328 0.928242
      vertex -0.381991 6.938601 0.963525
    endloop
  endfacet
  facet normal 0.617071 0.257745 0.743499
    outer loop
      vertex -0.495507 6.197756 1.314564
      vertex -0.381991 6.938601 0.963525
      vertex -0.787923 6.704236 1.381678
    endloop
  endfacet
  facet normal 0.531750 0.405527 0.743499
    outer loop
      vertex -0.787923 6.704236 1.381678
      vertex -0.381991 6.938601 0.963525
      vertex -0.535723 7.204873 0.928242
    endloop
  endfacet
  facet normal 0.531750 0.405527 0.743499
    outer loop
      vertex -0.787923 6.704236 1.381678
      vertex -0.535723 7.204873 0.928242
      vertex -1.080340 7.210716 1.314564
    endloop
  endfacet
  facet normal 0.478419 0.572573 0.665789
    outer loop
      vertex -1.080340 7.210716 1.314564
      vertex -0.535723 7.204873 0.928242
      vertex -0.666051 7.430608 0.827762
    endloop
  endfacet
  facet normal 0.478419 0.572573 0.665789
    outer loop
      vertex -1.080340 7.210716 1.314564
      vertex -0.666051 7.430608 0.827762
      vertex -1.328238 7.640089 1.123440
    endloop
  endfacet
  facet normal 0.453465 0.746810 0.486462
    outer loop
      vertex -1.328238 7.640089 1.123440
      vertex -0.666051 7.430608 0.827762
      vertex -0.753134 7.581439 0.677384
    endloop
  endfacet
  facet normal 0.453465 0.746810 0.486462
    outer loop
      vertex -1.328238 7.640089 1.123440
      vertex -0.753134 7.581439 0.677384
      vertex -1.493879 7.926986 0.837404
    endloop
  endfacet
  facet normal 0.447902 0.874937 0.184033
    outer loop
      vertex -1.493879 7.926986 0.837404
      vertex -0.753134 7.581439 0.677384
      vertex -0.783713 7.634404 0.500000
    endloop
  endfacet
  facet normal 0.447902 0.874937 0.184033
    outer loop
      vertex -1.493879 7.926986 0.837404
      vertex -0.783713 7.634404 0.500000
      vertex -1.552044 8.027732 0.500000
    endloop
  endfacet
  facet normal 0.000000 0.000000 1.000000
    outer loop
      vertex 0.019731 6.242798 0.500000
      vertex -0.242116 7.019358 0.500000
      vertex -0.242116 7.019358 0.500000
    endloop
  endfacet
  facet normal 0.945401 0.318779 0.067794
    outer loop
      vertex 0.019731 6.242798 0.500000
      vertex -0.242116 7.019358 0.500000
      vertex -0.010848 6.295763 0.677384
    endloop
  endfacet
  facet normal 0.000000 0.000000 1.000000
    outer loop
      vertex -0.010848 6.295763 0.677384
      vertex -0.242116 7.019358 0.500000
      vertex -0.242116 7.019358 0.500000
    endloop
  endfacet
  facet normal 0.920455 0.341006 0.190992
    outer loop
      vertex -0.010848 6.295763 0.677384
      vertex -0.242116 7.019358 0.500000
      vertex -0.097931 6.446594 0.827762
    endloop
  endfacet
  facet normal 0.000000 0.000000 1.000000
    outer loop
      vertex -0.097931 6.446594 0.827762
      vertex -0.242116 7.019358 0.500000
      vertex -0.242116 7.019358 0.500000
    endloop
  endfacet
  facet normal 0.879919 0.382665 0.281622
    outer loop
      vertex -0.097931 6.446594 0.827762
      vertex -0.242116 7.019358 0.500000
      vertex -0.228259 6.672328 0.928242
    endloop
  endfacet
  facet normal 0.000000 0.000000 1.000000
    outer loop
      vertex -0.228259 6.672328 0.928242
      vertex -0.242116 7.019358 0.500000
      vertex -0.242116 7.019358 0.500000
    endloop
  endfacet
  facet normal 0.836085 0.439143 0.328808
    outer loop
      vertex -0.228259 6.672328 0.928242
      vertex -0.242116 7.019358 0.500000
      vertex -0.381991 6.938601 0.963525
    endloop
  endfacet
  facet normal 0.000000 0.000000 1.000000
    outer loop
      vertex -0.381991 6.938601 0.963525
      vertex -0.242116 7.019358 0.500000
      vertex -0.242116 7.019358 0.500000
    endloop
  endfacet
  facet normal 0.798352 0.504499 0.328808
    outer loop
      vertex -0.381991 6.938601 0.963525
      vertex -0.242116 7.019358 0.500000
      vertex -0.535723 7.204873 0.928242
    endloop
  endfacet
  facet normal 0.000000 0.000000 1.000000
    outer loop
      vertex -0.535723 7.204873 0.928242
      vertex -0.242116 7.019358 0.500000
      vertex -0.242116 7.019358 0.500000
    endloop
  endfacet
  facet normal 0.771357 0.570699 0.281622
    outer loop
      vertex -0.535723 7.204873 0.928242
      vertex -0.242116 7.019358 0.500000
      vertex -0.666051 7.430608 0.827762
    endloop
  endfacet
  facet normal 0.000000 0.000000 1.000000
    outer loop
      vertex -0.666051 7.430608 0.827762
      vertex -0.242116 7.019358 0.500000
      vertex -0.242116 7.019358 0.500000
    endloop
  endfacet
  facet normal 0.755548 0.626634 0.190992
    outer loop
      vertex -0.666051 7.430608 0.827762
      vertex -0.242116 7.019358 0.500000
      vertex -0.753134 7.581439 0.677384
    endloop
  endfacet
  facet normal 0.000000 0.000000 1.000000
    outer loop
      vertex -0.753134 7.581439 0.677384
      vertex -0.242116 7.019358 0.500000
      vertex -0.242116 7.019358 0.500000
    endloop
  endfacet
  facet normal 0.748771 0.659352 0.067794
    outer loop
      vertex -0.753134 7.581439 0.677384
      vertex -0.242116 7.019358 0.500000
      vertex -0.783713 7.634404 0.500000
    endloop
  endfacet
  facet normal 0.196630 -0.978131 0.067794
    outer loop
      vertex -6.200000 -3.300000 0.500000
      vertex -5.396556 -3.138487 0.500000
      vertex -5.457714 -3.138487 0.677384
    endloop
  endfacet
  facet normal 0.000000 0.000000 1.000000
    outer loop
      vertex -6.200000 -3.300000 0.500000
      vertex -5.457714 -3.138487 0.677384
      vertex -6.200000 -3.300000 0.500000
    endloop
  endfacet
  facet normal 0.164907 -0.967640 0.190992
    outer loop
      vertex -6.200000 -3.300000 0.500000
      vertex -5.457714 -3.138487 0.677384
      vertex -5.631879 -3.138487 0.827762
    endloop
  endfacet
  facet normal 0.000000 0.000000 1.000000
    outer loop
      vertex -6.200000 -3.300000 0.500000
      vertex -5.631879 -3.138487 0.827762
      vertex -6.200000 -3.300000 0.500000
    endloop
  endfacet
  facet normal 0.108562 -0.953364 0.281622
    outer loop
      vertex -6.200000 -3.300000 0.500000
      vertex -5.631879 -3.138487 0.827762
      vertex -5.892535 -3.138487 0.928242
    endloop
  endfacet
  facet normal 0.000000 0.000000 1.000000
    outer loop
      vertex -6.200000 -3.300000 0.500000
      vertex -5.892535 -3.138487 0.928242
      vertex -6.200000 -3.300000 0.500000
    endloop
  endfacet
  facet normal 0.037733 -0.943643 0.328808
    outer loop
      vertex -6.200000 -3.300000 0.500000
      vertex -5.892535 -3.138487 0.928242
      vertex -6.200000 -3.138487 0.963525
    endloop
  endfacet
  facet normal 0.000000 0.000000 1.000000
    outer loop
      vertex -6.200000 -3.300000 0.500000
      vertex -6.200000 -3.138487 0.963525
      vertex -6.200000 -3.300000 0.500000
    endloop
  endfacet
  facet normal -0.037733 -0.943643 0.328808
    outer loop
      vertex -6.200000 -3.300000 0.500000
      vertex -6.200000 -3.138487 0.963525
      vertex -6.507465 -3.138487 0.928242
    endloop
  endfacet
  facet normal 0.000000 0.000000 1.000000
    outer loop
      vertex -6.200000 -3.300000 0.500000
      vertex -6.507465 -3.138487 0.928242
      vertex -6.200000 -3.300000 0.500000
    endloop
  endfacet
  facet normal -0.108562 -0.953364 0.281622
    outer loop
      vertex -6.200000 -3.300000 0.500000
      vertex -6.507465 -3.138487 0.928242
      vertex -6.768121 -3.138487 0.827762
    endloop
  endfacet
  facet normal 0.000000 0.000000 1.000000
    outer loop
      vertex -6.200000 -3.300000 0.500000
      vertex -6.768121 -3.138487 0.827762
      vertex -6.200000 -3.300000 0.500000
    endloop
  endfacet
  facet normal -0.164907 -0.967640 0.190992
    outer loop
      vertex -6.200000 -3.300000 0.500000
      vertex -6.768121 -3.138487 0.827762
      vertex -6.942286 -3.138487 0.677384
    endloop
  endfacet
  facet normal 0.000000 0.000000 1.000000
    outer loop
      vertex -6.200000 -3.300000 0.500000
      vertex -6.942286 -3.138487 0.677384
      vertex -6.200000 -3.300000 0.500000
    endloop
  endfacet
  facet normal -0.196630 -0.978131 0.067794
    outer loop
      vertex -6.200000 -3.300000 0.500000
      vertex -6.942286 -3.138487 0.677384
      vertex -7.003444 -3.138487 0.500000
    endloop
  endfacet
  facet normal 0.000000 0.000000 1.000000
    outer loop
      vertex -6.200000 -3.300000 0.500000
      vertex -7.003444 -3.138487 0.500000
      vertex -6.200000 -3.300000 0.500000
    endloop
  endfacet
  facet normal 0.533767 -0.825363 0.184033
    outer loop
      vertex -5.396556 -3.138487 0.500000
      vertex -4.671758 -2.669756 0.500000
      vertex -4.788089 -2.669756 0.837404
    endloop
  endfacet
  facet normal 0.533767 -0.825363 0.184033
    outer loop
      vertex -5.396556 -3.138487 0.500000
      vertex -4.788089 -2.669756 0.837404
      vertex -5.457714 -3.138487 0.677384
    endloop
  endfacet
  facet normal 0.420024 -0.766117 0.486462
    outer loop
      vertex -5.457714 -3.138487 0.677384
      vertex -4.788089 -2.669756 0.837404
      vertex -5.119370 -2.669756 1.123440
    endloop
  endfacet
  facet normal 0.420024 -0.766117 0.486462
    outer loop
      vertex -5.457714 -3.138487 0.677384
      vertex -5.119370 -2.669756 1.123440
      vertex -5.631879 -3.138487 0.827762
    endloop
  endfacet
  facet normal 0.256654 -0.700609 0.665789
    outer loop
      vertex -5.631879 -3.138487 0.827762
      vertex -5.119370 -2.669756 1.123440
      vertex -5.615167 -2.669756 1.314564
    endloop
  endfacet
  facet normal 0.256654 -0.700609 0.665789
    outer loop
      vertex -5.631879 -3.138487 0.827762
      vertex -5.615167 -2.669756 1.314564
      vertex -5.892535 -3.138487 0.928242
    endloop
  endfacet
  facet normal 0.085322 -0.663272 0.743499
    outer loop
      vertex -5.892535 -3.138487 0.928242
      vertex -5.615167 -2.669756 1.314564
      vertex -6.200000 -2.669756 1.381678
    endloop
  endfacet
  facet normal 0.085322 -0.663272 0.743499
    outer loop
      vertex -5.892535 -3.138487 0.928242
      vertex -6.200000 -2.669756 1.381678
      vertex -6.200000 -3.138487 0.963525
    endloop
  endfacet
  facet normal -0.085322 -0.663272 0.743499
    outer loop
      vertex -6.200000 -3.138487 0.963525
      vertex -6.200000 -2.669756 1.381678
      vertex -6.784833 -2.669756 1.314564
    endloop
  endfacet
  facet normal -0.085322 -0.663272 0.743499
    outer loop
      vertex -6.200000 -3.138487 0.963525
      vertex -6.784833 -2.669756 1.314564
      vertex -6.507465 -3.138487 0.928242
    endloop
  endfacet
  facet normal -0.256654 -0.700609 0.665789
    outer loop
      vertex -6.507465 -3.138487 0.928242
      vertex -6.784833 -2.669756 1.314564
      vertex -7.280630 -2.669756 1.123440
    endloop
  endfacet
  facet normal -0.256654 -0.700609 0.665789
    outer loop
      vertex -6.507465 -3.138487 0.928242
      vertex -7.280630 -2.669756 1.123440
      vertex -6.768121 -3.138487 0.827762
    endloop
  endfacet
  facet normal -0.420024 -0.766117 0.486462
    outer loop
      vertex -6.768121 -3.138487 0.827762
      vertex -7.280630 -2.669756 1.123440
      vertex -7.611911 -2.669756 0.837404
    endloop
  endfacet
  facet normal -0.420024 -0.766117 0.486462
    outer loop
      vertex -6.768121 -3.138487 0.827762
      vertex -7.611911 -2.669756 0.837404
      vertex -6.942286 -3.138487 0.677384
    endloop
  endfacet
  facet normal -0.533767 -0.825363 0.184033
    outer loop
      vertex -6.942286 -3.138487 0.677384
      vertex -7.611911 -2.669756 0.837404
      vertex -7.728242 -2.669756 0.500000
    endloop
  endfacet
  facet normal -0.533767 -0.825363 0.184033
    outer loop
      vertex -6.942286 -3.138487 0.677384
      vertex -7.728242 -2.669756 0.500000
      vertex -7.003444 -3.138487 0.500000
    endloop
  endfacet
  facet normal 0.758179 -0.597353 0.261406
    outer loop
      vertex -4.671758 -2.669756 0.500000
      vertex -4.096556 -1.939691 0.500000
      vertex -4.256671 -1.939691 0.964396
    endloop
  endfacet
  facet normal 0.758179 -0.597353 0.261406
    outer loop
      vertex -4.671758 -2.669756 0.500000
      vertex -4.256671 -1.939691 0.964396
      vertex -4.788089 -2.669756 0.837404
    endloop
  endfacet
  facet normal 0.558573 -0.519119 0.646926
    outer loop
      vertex -4.788089 -2.669756 0.837404
      vertex -4.256671 -1.939691 0.964396
      vertex -4.712640 -1.939691 1.358092
    endloop
  endfacet
  facet normal 0.558573 -0.519119 0.646926
    outer loop
      vertex -4.788089 -2.669756 0.837404
      vertex -4.712640 -1.939691 1.358092
      vertex -5.119370 -2.669756 1.123440
    endloop
  endfacet
  facet normal 0.321678 -0.447420 0.834469
    outer loop
      vertex -5.119370 -2.669756 1.123440
      vertex -4.712640 -1.939691 1.358092
      vertex -5.395047 -1.939691 1.621151
    endloop
  endfacet
  facet normal 0.321678 -0.447420 0.834469
    outer loop
      vertex -5.119370 -2.669756 1.123440
      vertex -5.395047 -1.939691 1.621151
      vertex -5.615167 -2.669756 1.314564
    endloop
  endfacet
  facet normal 0.103906 -0.411563 0.905439
    outer loop
      vertex -5.615167 -2.669756 1.314564
      vertex -5.395047 -1.939691 1.621151
      vertex -6.200000 -1.939691 1.713525
    endloop
  endfacet
  facet normal 0.103906 -0.411563 0.905439
    outer loop
      vertex -5.615167 -2.669756 1.314564
      vertex -6.200000 -1.939691 1.713525
      vertex -6.200000 -2.669756 1.381678
    endloop
  endfacet
  facet normal -0.103906 -0.411563 0.905439
    outer loop
      vertex -6.200000 -2.669756 1.381678
      vertex -6.200000 -1.939691 1.713525
      vertex -7.004953 -1.939691 1.621151
    endloop
  endfacet
  facet normal -0.103906 -0.411563 0.905439
    outer loop
      vertex -6.200000 -2.669756 1.381678
      vertex -7.004953 -1.939691 1.621151
      vertex -6.784833 -2.669756 1.314564
    endloop
  endfacet
  facet normal -0.321678 -0.447420 0.834469
    outer loop
      vertex -6.784833 -2.669756 1.314564
      vertex -7.004953 -1.939691 1.621151
      vertex -7.687360 -1.939691 1.358092
    endloop
  endfacet
  facet normal -0.321678 -0.447420 0.834469
    outer loop
      vertex -6.784833 -2.669756 1.314564
      vertex -7.687360 -1.939691 1.358092
      vertex -7.280630 -2.669756 1.123440
    endloop
  endfacet
  facet normal -0.558573 -0.519119 0.646926
    outer loop
      vertex -7.280630 -2.669756 1.123440
      vertex -7.687360 -1.939691 1.358092
      vertex -8.143329 -1.939691 0.964396
    endloop
  endfacet
  facet normal -0.558573 -0.519119 0.646926
    outer loop
      vertex -7.280630 -2.669756 1.123440
      vertex -8.143329 -1.939691 0.964396
      vertex -7.611911 -2.669756 0.837404
    endloop
  endfacet
  facet normal -0.758179 -0.597353 0.261406
    outer loop
      vertex -7.611911 -2.669756 0.837404
      vertex -8.143329 -1.939691 0.964396
      vertex -8.303444 -1.939691 0.500000
    endloop
  endfacet
  facet normal -0.758179 -0.597353 0.261406
    outer loop
      vertex -7.611911 -2.669756 0.837404
      vertex -8.303444 -1.939691 0.500000
      vertex -7.728242 -2.669756 0.500000
    endloop
  endfacet
  facet normal 0.883873 -0.354826 0.304743
    outer loop
      vertex -4.096556 -1.939691 0.500000
      vertex -3.727253 -1.019756 0.500000
      vertex -3.915480 -1.019756 1.045930
    endloop
  endfacet
  facet normal 0.883873 -0.354826 0.304743
    outer loop
      vertex -4.096556 -1.939691 0.500000
      vertex -3.915480 -1.019756 1.045930
      vertex -4.256671 -1.939691 0.964396
    endloop
  endfacet
  facet normal 0.624316 -0.295636 0.723069
    outer loop
      vertex -4.256671 -1.939691 0.964396
      vertex -3.915480 -1.019756 1.045930
      vertex -4.451504 -1.019756 1.508748
    endloop
  endfacet
  facet normal 0.624316 -0.295636 0.723069
    outer loop
      vertex -4.256671 -1.939691 0.964396
      vertex -4.451504 -1.019756 1.508748
      vertex -4.712640 -1.939691 1.358092
    endloop
  endfacet
  facet normal 0.348542 -0.247011 0.904159
    outer loop
      vertex -4.712640 -1.939691 1.358092
      vertex -4.451504 -1.019756 1.508748
      vertex -5.253721 -1.019756 1.817992
    endloop
  endfacet
  facet normal 0.348542 -0.247011 0.904159
    outer loop
      vertex -4.712640 -1.939691 1.358092
      vertex -5.253721 -1.019756 1.817992
      vertex -5.395047 -1.939691 1.621151
    endloop
  endfacet
  facet normal 0.111106 -0.224233 0.968181
    outer loop
      vertex -5.395047 -1.939691 1.621151
      vertex -5.253721 -1.019756 1.817992
      vertex -6.200000 -1.019756 1.926585
    endloop
  endfacet
  facet normal 0.111106 -0.224233 0.968181
    outer loop
      vertex -5.395047 -1.939691 1.621151
      vertex -6.200000 -1.019756 1.926585
      vertex -6.200000 -1.939691 1.713525
    endloop
  endfacet
  facet normal -0.111106 -0.224233 0.968181
    outer loop
      vertex -6.200000 -1.939691 1.713525
      vertex -6.200000 -1.019756 1.926585
      vertex -7.146279 -1.019756 1.817992
    endloop
  endfacet
  facet normal -0.111106 -0.224233 0.968181
    outer loop
      vertex -6.200000 -1.939691 1.713525
      vertex -7.146279 -1.019756 1.817992
      vertex -7.004953 -1.939691 1.621151
    endloop
  endfacet
  facet normal -0.348542 -0.247011 0.904159
    outer loop
      vertex -7.004953 -1.939691 1.621151
      vertex -7.146279 -1.019756 1.817992
      vertex -7.948496 -1.019756 1.508748
    endloop
  endfacet
  facet normal -0.348542 -0.247011 0.904159
    outer loop
      vertex -7.004953 -1.939691 1.621151
      vertex -7.948496 -1.019756 1.508748
      vertex -7.687360 -1.939691 1.358092
    endloop
  endfacet
  facet normal -0.624316 -0.295636 0.723069
    outer loop
      vertex -7.687360 -1.939691 1.358092
      vertex -7.948496 -1.019756 1.508748
      vertex -8.484520 -1.019756 1.045930
    endloop
  endfacet
  facet normal -0.624316 -0.295636 0.723069
    outer loop
      vertex -7.687360 -1.939691 1.358092
      vertex -8.484520 -1.019756 1.045930
      vertex -8.143329 -1.939691 0.964396
    endloop
  endfacet
  facet normal -0.883873 -0.354826 0.304743
    outer loop
      vertex -8.143329 -1.939691 0.964396
      vertex -8.484520 -1.019756 1.045930
      vertex -8.672747 -1.019756 0.500000
    endloop
  endfacet
  facet normal -0.883873 -0.354826 0.304743
    outer loop
      vertex -8.143329 -1.939691 0.964396
      vertex -8.672747 -1.019756 0.500000
      vertex -8.303444 -1.939691 0.500000
    endloop
  endfacet
  facet normal 0.938876 -0.117160 0.323707
    outer loop
      vertex -3.727253 -1.019756 0.500000
      vertex -3.600000 0.000000 0.500000
      vertex -3.797913 0.000000 1.074025
    endloop
  endfacet
  facet normal 0.938876 -0.117160 0.323707
    outer loop
      vertex -3.727253 -1.019756 0.500000
      vertex -3.797913 0.000000 1.074025
      vertex -3.915480 -1.019756 1.045930
    endloop
  endfacet
  facet normal 0.650526 -0.095756 0.753424
    outer loop
      vertex -3.915480 -1.019756 1.045930
      vertex -3.797913 0.000000 1.074025
      vertex -4.361522 0.000000 1.560660
    endloop
  endfacet
  facet normal 0.650526 -0.095756 0.753424
    outer loop
      vertex -3.915480 -1.019756 1.045930
      vertex -4.361522 0.000000 1.560660
      vertex -4.451504 -1.019756 1.508748
    endloop
  endfacet
  facet normal 0.358564 -0.078990 0.930157
    outer loop
      vertex -4.451504 -1.019756 1.508748
      vertex -4.361522 0.000000 1.560660
      vertex -5.205023 0.000000 1.885819
    endloop
  endfacet
  facet normal 0.358564 -0.078990 0.930157
    outer loop
      vertex -4.451504 -1.019756 1.508748
      vertex -5.205023 0.000000 1.885819
      vertex -5.253721 -1.019756 1.817992
    endloop
  endfacet
  facet normal 0.113718 -0.071341 0.990948
    outer loop
      vertex -5.253721 -1.019756 1.817992
      vertex -5.205023 0.000000 1.885819
      vertex -6.200000 0.000000 2.000000
    endloop
  endfacet
  facet normal 0.113718 -0.071341 0.990948
    outer loop
      vertex -5.253721 -1.019756 1.817992
      vertex -6.200000 0.000000 2.000000
      vertex -6.200000 -1.019756 1.926585
    endloop
  endfacet
  facet normal -0.113718 -0.071341 0.990948
    outer loop
      vertex -6.200000 -1.019756 1.926585
      vertex -6.200000 0.000000 2.000000
      vertex -7.194977 0.000000 1.885819
    endloop
  endfacet
  facet normal -0.113718 -0.071341 0.990948
    outer loop
      vertex -6.200000 -1.019756 1.926585
      vertex -7.194977 0.000000 1.885819
      vertex -7.146279 -1.019756 1.817992
    endloop
  endfacet
  facet normal -0.358564 -0.078990 0.930157
    outer loop
      vertex -7.146279 -1.019756 1.817992
      vertex -7.194977 0.000000 1.885819
      vertex -8.038478 0.000000 1.560660
    endloop
  endfacet
  facet normal -0.358564 -0.078990 0.930157
    outer loop
      vertex -7.146279 -1.019756 1.817992
      vertex -8.038478 0.000000 1.560660
      vertex -7.948496 -1.019756 1.508748
    endloop
  endfacet
  facet normal -0.650526 -0.095756 0.753424
    outer loop
      vertex -7.948496 -1.019756 1.508748
      vertex -8.038478 0.000000 1.560660
      vertex -8.602087 0.000000 1.074025
    endloop
  endfacet
  facet normal -0.650526 -0.095756 0.753424
    outer loop
      vertex -7.948496 -1.019756 1.508748
      vertex -8.602087 0.000000 1.074025
      vertex -8.484520 -1.019756 1.045930
    endloop
  endfacet
  facet normal -0.938876 -0.117160 0.323707
    outer loop
      vertex -8.484520 -1.019756 1.045930
      vertex -8.602087 0.000000 1.074025
      vertex -8.800000 0.000000 0.500000
    endloop
  endfacet
  facet normal -0.938876 -0.117160 0.323707
    outer loop
      vertex -8.484520 -1.019756 1.045930
      vertex -8.800000 0.000000 0.500000
      vertex -8.672747 -1.019756 0.500000
    endloop
  endfacet
  facet normal 0.938876 0.117160 0.323707
    outer loop
      vertex -3.600000 0.000000 0.500000
      vertex -3.727253 1.019756 0.500000
      vertex -3.915480 1.019756 1.045930
    endloop
  endfacet
  facet normal 0.938876 0.117160 0.323707
    outer loop
      vertex -3.600000 0.000000 0.500000
      vertex -3.915480 1.019756 1.045930
      vertex -3.797913 0.000000 1.074025
    endloop
  endfacet
  facet normal 0.650526 0.095756 0.753424
    outer loop
      vertex -3.797913 0.000000 1.074025
      vertex -3.915480 1.019756 1.045930
      vertex -4.451504 1.019756 1.508748
    endloop
  endfacet
  facet normal 0.650526 0.095756 0.753424
    outer loop
      vertex -3.797913 0.000000 1.074025
      vertex -4.451504 1.019756 1.508748
      vertex -4.361522 0.000000 1.560660
    endloop
  endfacet
  facet normal 0.358564 0.078990 0.930157
    outer loop
      vertex -4.361522 0.000000 1.560660
      vertex -4.451504 1.019756 1.508748
      vertex -5.253721 1.019756 1.817992
    endloop
  endfacet
  facet normal 0.358564 0.078990 0.930157
    outer loop
      vertex -4.361522 0.000000 1.560660
      vertex -5.253721 1.019756 1.817992
      vertex -5.205023 0.000000 1.885819
    endloop
  endfacet
  facet normal 0.113718 0.071341 0.990948
    outer loop
      vertex -5.205023 0.000000 1.885819
      vertex -5.253721 1.019756 1.817992
      vertex -6.200000 1.019756 1.926585
    endloop
  endfacet
  facet normal 0.113718 0.071341 0.990948
    outer loop
      vertex -5.205023 0.000000 1.885819
      vertex -6.200000 1.019756 1.926585
      vertex -6.200000 0.000000 2.000000
    endloop
  endfacet
  facet normal -0.113718 0.071341 0.990948
    outer loop
      vertex -6.200000 0.000000 2.000000
      vertex -6.200000 1.019756 1.926585
      vertex -7.146279 1.019756 1.817992
    endloop
  endfacet
  facet normal -0.113718 0.071341 0.990948
    outer loop
      vertex -6.200000 0.000000 2.000000
      vertex -7.146279 1.019756 1.817992
      vertex -7.194977 0.000000 1.885819
    endloop
  endfacet
  facet normal -0.358564 0.078990 0.930157
    outer loop
      vertex -7.194977 0.000000 1.885819
      vertex -7.146279 1.019756 1.817992
      vertex -7.948496 1.019756 1.508748
    endloop
  endfacet
  facet normal -0.358564 0.078990 0.930157
    outer loop
      vertex -7.194977 0.000000 1.885819
      vertex -7.948496 1.019756 1.508748
      vertex -8.038478 0.000000 1.560660
    endloop
  endfacet
  facet normal -0.650526 0.095756 0.753424
    outer loop
      vertex -8.038478 0.000000 1.560660
      vertex -7.948496 1.019756 1.508748
      vertex -8.484520 1.019756 1.045930
    endloop
  endfacet
  facet normal -0.650526 0.095756 0.753424
    outer loop
      vertex -8.038478 0.000000 1.560660
      vertex -8.484520 1.019756 1.045930
      vertex -8.602087 0.000000 1.074025
    endloop
  endfacet
  facet normal -0.938876 0.117160 0.323707
    outer loop
      vertex -8.602087 0.000000 1.074025
      vertex -8.484520 1.019756 1.045930
      vertex -8.672747 1.019756 0.500000
    endloop
  endfacet
  facet normal -0.938876 0.117160 0.323707
    outer loop
      vertex -8.602087 0.000000 1.074025
      vertex -8.672747 1.019756 0.500000
      vertex -8.800000 0.000000 0.500000
    endloop
  endfacet
  facet normal 0.883873 0.354826 0.304743
    outer loop
      vertex -3.727253 1.019756 0.500000
      vertex -4.096556 1.939691 0.500000
      vertex -4.256671 1.939691 0.964396
    endloop
  endfacet
  facet normal 0.883873 0.354826 0.304743
    outer loop
      vertex -3.727253 1.019756 0.500000
      vertex -4.256671 1.939691 0.964396
      vertex -3.915480 1.019756 1.045930
    endloop
  endfacet
  facet normal 0.624316 0.295636 0.723069
    outer loop
      vertex -3.915480 1.019756 1.045930
      vertex -4.256671 1.939691 0.964396
      vertex -4.712640 1.939691 1.358092
    endloop
  endfacet
  facet normal 0.624316 0.295636 0.723069
    outer loop
      vertex -3.915480 1.019756 1.045930
      vertex -4.712640 1.939691 1.358092
      vertex -4.451504 1.019756 1.508748
    endloop
  endfacet
  facet normal 0.348542 0.247011 0.904159
    outer loop
      vertex -4.451504 1.019756 1.508748
      vertex -4.712640 1.939691 1.358092
      vertex -5.395047 1.939691 1.621151
    endloop
  endfacet
  facet normal 0.348542 0.247011 0.904159
    outer loop
      vertex -4.451504 1.019756 1.508748
      vertex -5.395047 1.939691 1.621151
      vertex -5.253721 1.019756 1.817992
    endloop
  endfacet
  facet normal 0.111106 0.224233 0.968181
    outer loop
      vertex -5.253721 1.019756 1.817992
      vertex -5.395047 1.939691 1.621151
      vertex -6.200000 1.939691 1.713525
    endloop
  endfacet
  facet normal 0.111106 0.224233 0.968181
    outer loop
      vertex -5.253721 1.019756 1.817992
      vertex -6.200000 1.939691 1.713525
      vertex -6.200000 1.019756 1.926585
    endloop
  endfacet
  facet normal -0.111106 0.224233 0.968181
    outer loop
      vertex -6.200000 1.019756 1.926585
      vertex -6.200000 1.939691 1.713525
      vertex -7.004953 1.939691 1.621151
    endloop
  endfacet
  facet normal -0.111106 0.224233 0.968181
    outer loop
      vertex -6.200000 1.019756 1.926585
      vertex -7.004953 1.939691 1.621151
      vertex -7.146279 1.019756 1.817992
    endloop
  endfacet
  facet normal -0.348542 0.247011 0.904159
    outer loop
      vertex -7.146279 1.019756 1.817992
      vertex -7.004953 1.939691 1.621151
      vertex -7.687360 1.939691 1.358092
    endloop
  endfacet
  facet normal -0.348542 0.247011 0.904159
    outer loop
      vertex -7.146279 1.019756 1.817992
      vertex -7.687360 1.939691 1.358092
      vertex -7.948496 1.019756 1.508748
    endloop
  endfacet
  facet normal -0.624316 0.295636 0.723069
    outer loop
      vertex -7.948496 1.019756 1.508748
      vertex -7.687360 1.939691 1.358092
      vertex -8.143329 1.939691 0.964396
    endloop
  endfacet
  facet normal -0.624316 0.295636 0.723069
    outer loop
      vertex -7.948496 1.019756 1.508748
      vertex -8.143329 1.939691 0.964396
      vertex -8.484520 1.019756 1.045930
    endloop
  endfacet
  facet normal -0.883873 0.354826 0.304743
    outer loop
      vertex -8.484520 1.019756 1.045930
      vertex -8.143329 1.939691 0.964396
      vertex -8.303444 1.939691 0.500000
    endloop
  endfacet
  facet normal -0.883873 0.354826 0.304743
    outer loop
      vertex -8.484520 1.019756 1.045930
      vertex -8.303444 1.939691 0.500000
      vertex -8.672747 1.019756 0.500000
    endloop
  endfacet
  facet normal 0.758179 0.597353 0.261406
    outer loop
      vertex -4.096556 1.939691 0.500000
      vertex -4.671758 2.669756 0.500000
      vertex -4.788089 2.669756 0.837404
    endloop
  endfacet
  facet normal 0.758179 0.597353 0.261406
    outer loop
      vertex -4.096556 1.939691 0.500000
      vertex -4.788089 2.669756 0.837404
      vertex -4.256671 1.939691 0.964396
    endloop
  endfacet
  facet normal 0.558573 0.519119 0.646926
    outer loop
      vertex -4.256671 1.939691 0.964396
      vertex -4.788089 2.669756 0.837404
      vertex -5.119370 2.669756 1.123440
    endloop
  endfacet
  facet normal 0.558573 0.519119 0.646926
    outer loop
      vertex -4.256671 1.939691 0.964396
      vertex -5.119370 2.669756 1.123440
      vertex -4.712640 1.939691 1.358092
    endloop
  endfacet
  facet normal 0.321678 0.447420 0.834469
    outer loop
      vertex -4.712640 1.939691 1.358092
      vertex -5.119370 2.669756 1.123440
      vertex -5.615167 2.669756 1.314564
    endloop
  endfacet
  facet normal 0.321678 0.447420 0.834469
    outer loop
      vertex -4.712640 1.939691 1.358092
      vertex -5.615167 2.669756 1.314564
      vertex -5.395047 1.939691 1.621151
    endloop
  endfacet
  facet normal 0.103906 0.411563 0.905439
    outer loop
      vertex -5.395047 1.939691 1.621151
      vertex -5.615167 2.669756 1.314564
      vertex -6.200000 2.669756 1.381678
    endloop
  endfacet
  facet normal 0.103906 0.411563 0.905439
    outer loop
      vertex -5.395047 1.939691 1.621151
      vertex -6.200000 2.669756 1.381678
      vertex -6.200000 1.939691 1.713525
    endloop
  endfacet
  facet normal -0.103906 0.411563 0.905439
    outer loop
      vertex -6.200000 1.939691 1.713525
      vertex -6.200000 2.669756 1.381678
      vertex -6.784833 2.669756 1.314564
    endloop
  endfacet
  facet normal -0.103906 0.411563 0.905439
    outer loop
      vertex -6.200000 1.939691 1.713525
      vertex -6.784833 2.669756 1.314564
      vertex -7.004953 1.939691 1.621151
    endloop
  endfacet
  facet normal -0.321678 0.447420 0.834469
    outer loop
      vertex -7.004953 1.939691 1.621151
      vertex -6.784833 2.669756 1.314564
      vertex -7.280630 2.669756 1.123440
    endloop
  endfacet
  facet normal -0.321678 0.447420 0.834469
    outer loop
      vertex -7.004953 1.939691 1.621151
      vertex -7.280630 2.669756 1.123440
      vertex -7.687360 1.939691 1.358092
    endloop
  endfacet
  facet normal -0.558573 0.519119 0.646926
    outer loop
      vertex -7.687360 1.939691 1.358092
      vertex -7.280630 2.669756 1.123440
      vertex -7.611911 2.669756 0.837404
    endloop
  endfacet
  facet normal -0.558573 0.519119 0.646926
    outer loop
      vertex -7.687360 1.939691 1.358092
      vertex -7.611911 2.669756 0.837404
      vertex -8.143329 1.939691 0.964396
    endloop
  endfacet
  facet normal -0.758179 0.597353 0.261406
    outer loop
      vertex -8.143329 1.939691 0.964396
      vertex -7.611911 2.669756 0.837404
      vertex -7.728242 2.669756 0.500000
    endloop
  endfacet
  facet normal -0.758179 0.597353 0.261406
    outer loop
      vertex -8.143329 1.939691 0.964396
      vertex -7.728242 2.669756 0.500000
      vertex -8.303444 1.939691 0.500000
    endloop
  endfacet
  facet normal 0.533767 0.825363 0.184033
    outer loop
      vertex -4.671758 2.669756 0.500000
      vertex -5.396556 3.138487 0.500000
      vertex -5.457714 3.138487 0.677384
    endloop
  endfacet
  facet normal 0.533767 0.825363 0.184033
    outer loop
      vertex -4.671758 2.669756 0.500000
      vertex -5.457714 3.138487 0.677384
      vertex -4.788089 2.669756 0.837404
    endloop
  endfacet
  facet normal 0.420024 0.766117 0.486462
    outer loop
      vertex -4.788089 2.669756 0.837404
      vertex -5.457714 3.138487 0.677384
      vertex -5.631879 3.138487 0.827762
    endloop
  endfacet
  facet normal 0.420024 0.766117 0.486462
    outer loop
      vertex -4.788089 2.669756 0.837404
      vertex -5.631879 3.138487 0.827762
      vertex -5.119370 2.669756 1.123440
    endloop
  endfacet
  facet normal 0.256654 0.700609 0.665789
    outer loop
      vertex -5.119370 2.669756 1.123440
      vertex -5.631879 3.138487 0.827762
      vertex -5.892535 3.138487 0.928242
    endloop
  endfacet
  facet normal 0.256654 0.700609 0.665789
    outer loop
      vertex -5.119370 2.669756 1.123440
      vertex -5.892535 3.138487 0.928242
      vertex -5.615167 2.669756 1.314564
    endloop
  endfacet
  facet normal 0.085322 0.663272 0.743499
    outer loop
      vertex -5.615167 2.669756 1.314564
      vertex -5.892535 3.138487 0.928242
      vertex -6.200000 3.138487 0.963525
    endloop
  endfacet
  facet normal 0.085322 0.663272 0.743499
    outer loop
      vertex -5.615167 2.669756 1.314564
      vertex -6.200000 3.138487 0.963525
      vertex -6.200000 2.669756 1.381678
    endloop
  endfacet
  facet normal -0.085322 0.663272 0.743499
    outer loop
      vertex -6.200000 2.669756 1.381678
      vertex -6.200000 3.138487 0.963525
      vertex -6.507465 3.138487 0.928242
    endloop
  endfacet
  facet normal -0.085322 0.663272 0.743499
    outer loop
      vertex -6.200000 2.669756 1.381678
      vertex -6.507465 3.138487 0.928242
      vertex -6.784833 2.669756 1.314564
    endloop
  endfacet
  facet normal -0.256654 0.700609 0.665789
    outer loop
      vertex -6.784833 2.669756 1.314564
      vertex -6.507465 3.138487 0.928242
      vertex -6.768121 3.138487 0.827762
    endloop
  endfacet
  facet normal -0.256654 0.700609 0.665789
    outer loop
      vertex -6.784833 2.669756 1.314564
      vertex -6.768121 3.138487 0.827762
      vertex -7.280630 2.669756 1.123440
    endloop
  endfacet
  facet normal -0.420024 0.766117 0.486462
    outer loop
      vertex -7.280630 2.669756 1.123440
      vertex -6.768121 3.138487 0.827762
      vertex -6.942286 3.138487 0.677384
    endloop
  endfacet
  facet normal -0.420024 0.766117 0.486462
    outer loop
      vertex -7.280630 2.669756 1.123440
      vertex -6.942286 3.138487 0.677384
      vertex -7.611911 2.669756 0.837404
    endloop
  endfacet
  facet normal -0.533767 0.825363 0.184033
    outer loop
      vertex -7.611911 2.669756 0.837404
      vertex -6.942286 3.138487 0.677384
      vertex -7.003444 3.138487 0.500000
    endloop
  endfacet
  facet normal -0.533767 0.825363 0.184033
    outer loop
      vertex -7.611911 2.669756 0.837404
      vertex -7.003444 3.138487 0.500000
      vertex -7.728242 2.669756 0.500000
    endloop
  endfacet
  facet normal 0.000000 0.000000 1.000000
    outer loop
      vertex -5.396556 3.138487 0.500000
      vertex -6.200000 3.300000 0.500000
      vertex -6.200000 3.300000 0.500000
    endloop
  endfacet
  facet normal 0.196630 0.978131 0.067794
    outer loop
      vertex -5.396556 3.138487 0.500000
      vertex -6.200000 3.300000 0.500000
      vertex -5.457714 3.138487 0.677384
    endloop
  endfacet
  facet normal 0.000000 0.000000 1.000000
    outer loop
      vertex -5.457714 3.138487 0.677384
      vertex -6.200000 3.300000 0.500000
      vertex -6.200000 3.300000 0.500000
    endloop
  endfacet
  facet normal 0.164907 0.967640 0.190992
    outer loop
      vertex -5.457714 3.138487 0.677384
      vertex -6.200000 3.300000 0.500000
      vertex -5.631879 3.138487 0.827762
    endloop
  endfacet
  facet normal 0.000000 0.000000 1.000000
    outer loop
      vertex -5.631879 3.138487 0.827762
      vertex -6.200000 3.300000 0.500000
      vertex -6.200000 3.300000 0.500000
    endloop
  endfacet
  facet normal 0.108562 0.953364 0.281622
    outer loop
      vertex -5.631879 3.138487 0.827762
      vertex -6.200000 3.300000 0.500000
      vertex -5.892535 3.138487 0.928242
    endloop
  endfacet
  facet normal 0.000000 0.000000 1.000000
    outer loop
      vertex -5.892535 3.138487 0.928242
      vertex -6.200000 3.300000 0.500000
      vertex -6.200000 3.300000 0.500000
    endloop
  endfacet
  facet normal 0.037733 0.943643 0.328808
    outer loop
      vertex -5.892535 3.138487 0.928242
      vertex -6.200000 3.300000 0.500000
      vertex -6.200000 3.138487 0.963525
    endloop
  endfacet
  facet normal 0.000000 0.000000 1.000000
    outer loop
      vertex -6.200000 3.138487 0.963525
      vertex -6.200000 3.300000 0.500000
      vertex -6.200000 3.300000 0.500000
    endloop
  endfacet
  facet normal -0.037733 0.943643 0.328808
    outer loop
      vertex -6.200000 3.138487 0.963525
      vertex -6.200000 3.300000 0.500000
      vertex -6.507465 3.138487 0.928242
    endloop
  endfacet
  facet normal 0.000000 0.000000 1.000000
    outer loop
      vertex -6.507465 3.138487 0.928242
      vertex -6.200000 3.300000 0.500000
      vertex -6.200000 3.300000 0.500000
    endloop
  endfacet
  facet normal -0.108562 0.953364 0.281622
    outer loop
      vertex -6.507465 3.138487 0.928242
      vertex -6.200000 3.300000 0.500000
      vertex -6.768121 3.138487 0.827762
    endloop
  endfacet
  facet normal 0.000000 0.000000 1.000000
    outer loop
      vertex -6.768121 3.138487 0.827762
      vertex -6.200000 3.300000 0.500000
      vertex -6.200000 3.300000 0.500000
    endloop
  endfacet
  facet normal -0.164907 0.967640 0.190992
    outer loop
      vertex -6.768121 3.138487 0.827762
      vertex -6.200000 3.300000 0.500000
      vertex -6.942286 3.138487 0.677384
    endloop
  endfacet
  facet normal 0.000000 0.000000 1.000000
    outer loop
      vertex -6.942286 3.138487 0.677384
      vertex -6.200000 3.300000 0.500000
      vertex -6.200000 3.300000 0.500000
    endloop
  endfacet
  facet normal -0.196630 0.978131 0.067794
    outer loop
      vertex -6.942286 3.138487 0.677384
      vertex -6.200000 3.300000 0.500000
      vertex -7.003444 3.138487 0.500000
    endloop
  endfacet
  facet normal 0.945401 -0.318779 0.067794
    outer loop
      vertex -0.242116 -7.019358 0.500000
      vertex 0.019731 -6.242798 0.500000
      vertex -0.010848 -6.295763 0.677384
    endloop
  endfacet
  facet normal 0.000000 0.000000 1.000000
    outer loop
      vertex -0.242116 -7.019358 0.500000
      vertex -0.010848 -6.295763 0.677384
      vertex -0.242116 -7.019358 0.500000
    endloop
  endfacet
  facet normal 0.920455 -0.341006 0.190992
    outer loop
      vertex -0.242116 -7.019358 0.500000
      vertex -0.010848 -6.295763 0.677384
      vertex -0.097931 -6.446594 0.827762
    endloop
  endfacet
  facet normal 0.000000 0.000000 1.000000
    outer loop
      vertex -0.242116 -7.019358 0.500000
      vertex -0.097931 -6.446594 0.827762
      vertex -0.242116 -7.019358 0.500000
    endloop
  endfacet
  facet normal 0.879919 -0.382665 0.281622
    outer loop
      vertex -0.242116 -7.019358 0.500000
      vertex -0.097931 -6.446594 0.827762
      vertex -0.228259 -6.672328 0.928242
    endloop
  endfacet
  facet normal 0.000000 0.000000 1.000000
    outer loop
      vertex -0.242116 -7.019358 0.500000
      vertex -0.228259 -6.672328 0.928242
      vertex -0.242116 -7.019358 0.500000
    endloop
  endfacet
  facet normal 0.836085 -0.439143 0.328808
    outer loop
      vertex -0.242116 -7.019358 0.500000
      vertex -0.228259 -6.672328 0.928242
      vertex -0.381991 -6.938601 0.963525
    endloop
  endfacet
  facet normal 0.000000 0.000000 1.000000
    outer loop
      vertex -0.242116 -7.019358 0.500000
      vertex -0.381991 -6.938601 0.963525
      vertex -0.242116 -7.019358 0.500000
    endloop
  endfacet
  facet normal 0.798352 -0.504499 0.328808
    outer loop
      vertex -0.242116 -7.019358 0.500000
      vertex -0.381991 -6.938601 0.963525
      vertex -0.535723 -7.204873 0.928242
    endloop
  endfacet
  facet normal 0.000000 0.000000 1.000000
    outer loop
      vertex -0.242116 -7.019358 0.500000
      vertex -0.535723 -7.204873 0.928242
      vertex -0.242116 -7.019358 0.500000
    endloop
  endfacet
  facet normal 0.771357 -0.570699 0.281622
    outer loop
      vertex -0.242116 -7.019358 0.500000
      vertex -0.535723 -7.204873 0.928242
      vertex -0.666051 -7.430608 0.827762
    endloop
  endfacet
  facet normal 0.000000 0.000000 1.000000
    outer loop
      vertex -0.242116 -7.019358 0.500000
      vertex -0.666051 -7.430608 0.827762
      vertex -0.242116 -7.019358 0.500000
    endloop
  endfacet
  facet normal 0.755548 -0.626634 0.190992
    outer loop
      vertex -0.242116 -7.019358 0.500000
      vertex -0.666051 -7.430608 0.827762
      vertex -0.753134 -7.581439 0.677384
    endloop
  endfacet
  facet normal 0.000000 0.000000 1.000000
    outer loop
      vertex -0.242116 -7.019358 0.500000
      vertex -0.753134 -7.581439 0.677384
      vertex -0.242116 -7.019358 0.500000
    endloop
  endfacet
  facet normal 0.748771 -0.659352 0.067794
    outer loop
      vertex -0.242116 -7.019358 0.500000
      vertex -0.753134 -7.581439 0.677384
      vertex -0.783713 -7.634404 0.500000
    endloop
  endfacet
  facet normal 0.000000 0.000000 1.000000
    outer loop
      vertex -0.242116 -7.019358 0.500000
      vertex -0.783713 -7.634404 0.500000
      vertex -0.242116 -7.019358 0.500000
    endloop
  endfacet
  facet normal 0.981669 0.049574 0.184033
    outer loop
      vertex 0.019731 -6.242798 0.500000
      vertex -0.023803 -5.380739 0.500000
      vertex -0.081968 -5.481485 0.837404
    endloop
  endfacet
  facet normal 0.981669 0.049574 0.184033
    outer loop
      vertex 0.019731 -6.242798 0.500000
      vertex -0.081968 -5.481485 0.837404
      vertex -0.010848 -6.295763 0.677384
    endloop
  endfacet
  facet normal 0.873489 -0.019307 0.486462
    outer loop
      vertex -0.010848 -6.295763 0.677384
      vertex -0.081968 -5.481485 0.837404
      vertex -0.247608 -5.768382 1.123440
    endloop
  endfacet
  facet normal 0.873489 -0.019307 0.486462
    outer loop
      vertex -0.010848 -6.295763 0.677384
      vertex -0.247608 -5.768382 1.123440
      vertex -0.097931 -6.446594 0.827762
    endloop
  endfacet
  facet normal 0.735072 -0.128036 0.665789
    outer loop
      vertex -0.097931 -6.446594 0.827762
      vertex -0.247608 -5.768382 1.123440
      vertex -0.495507 -6.197756 1.314564
    endloop
  endfacet
  facet normal 0.735072 -0.128036 0.665789
    outer loop
      vertex -0.097931 -6.446594 0.827762
      vertex -0.495507 -6.197756 1.314564
      vertex -0.228259 -6.672328 0.928242
    endloop
  endfacet
  facet normal 0.617071 -0.257745 0.743499
    outer loop
      vertex -0.228259 -6.672328 0.928242
      vertex -0.495507 -6.197756 1.314564
      vertex -0.787923 -6.704236 1.381678
    endloop
  endfacet
  facet normal 0.617071 -0.257745 0.743499
    outer loop
      vertex -0.228259 -6.672328 0.928242
      vertex -0.787923 -6.704236 1.381678
      vertex -0.381991 -6.938601 0.963525
    endloop
  endfacet
  facet normal 0.531750 -0.405527 0.743499
    outer loop
      vertex -0.381991 -6.938601 0.963525
      vertex -0.787923 -6.704236 1.381678
      vertex -1.080340 -7.210716 1.314564
    endloop
  endfacet
  facet normal 0.531750 -0.405527 0.743499
    outer loop
      vertex -0.381991 -6.938601 0.963525
      vertex -1.080340 -7.210716 1.314564
      vertex -0.535723 -7.204873 0.928242
    endloop
  endfacet
  facet normal 0.478419 -0.572573 0.665789
    outer loop
      vertex -0.535723 -7.204873 0.928242
      vertex -1.080340 -7.210716 1.314564
      vertex -1.328238 -7.640089 1.123440
    endloop
  endfacet
  facet normal 0.478419 -0.572573 0.665789
    outer loop
      vertex -0.535723 -7.204873 0.928242
      vertex -1.328238 -7.640089 1.123440
      vertex -0.666051 -7.430608 0.827762
    endloop
  endfacet
  facet normal 0.453465 -0.746810 0.486462
    outer loop
      vertex -0.666051 -7.430608 0.827762
      vertex -1.328238 -7.640089 1.123440
      vertex -1.493879 -7.926986 0.837404
    endloop
  endfacet
  facet normal 0.453465 -0.746810 0.486462
    outer loop
      vertex -0.666051 -7.430608 0.827762
      vertex -1.493879 -7.926986 0.837404
      vertex -0.753134 -7.581439 0.677384
    endloop
  endfacet
  facet normal 0.447902 -0.874937 0.184033
    outer loop
      vertex -0.753134 -7.581439 0.677384
      vertex -1.493879 -7.926986 0.837404
      vertex -1.552044 -8.027732 0.500000
    endloop
  endfacet
  facet normal 0.447902 -0.874937 0.184033
    outer loop
      vertex -0.753134 -7.581439 0.677384
      vertex -1.552044 -8.027732 0.500000
      vertex -0.783713 -7.634404 0.500000
    endloop
  endfacet
  facet normal 0.896413 0.357926 0.261406
    outer loop
      vertex -0.023803 -5.380739 0.500000
      vertex -0.368456 -4.517567 0.500000
      vertex -0.448514 -4.656231 0.964396
    endloop
  endfacet
  facet normal 0.896413 0.357926 0.261406
    outer loop
      vertex -0.023803 -5.380739 0.500000
      vertex -0.448514 -4.656231 0.964396
      vertex -0.081968 -5.481485 0.837404
    endloop
  endfacet
  facet normal 0.728856 0.224179 0.646926
    outer loop
      vertex -0.081968 -5.481485 0.837404
      vertex -0.448514 -4.656231 0.964396
      vertex -0.676498 -5.051112 1.358092
    endloop
  endfacet
  facet normal 0.728856 0.224179 0.646926
    outer loop
      vertex -0.081968 -5.481485 0.837404
      vertex -0.676498 -5.051112 1.358092
      vertex -0.247608 -5.768382 1.123440
    endloop
  endfacet
  facet normal 0.548316 0.054871 0.834469
    outer loop
      vertex -0.247608 -5.768382 1.123440
      vertex -0.676498 -5.051112 1.358092
      vertex -1.017701 -5.642093 1.621151
    endloop
  endfacet
  facet normal 0.548316 0.054871 0.834469
    outer loop
      vertex -0.247608 -5.768382 1.123440
      vertex -1.017701 -5.642093 1.621151
      vertex -0.495507 -6.197756 1.314564
    endloop
  endfacet
  facet normal 0.408377 -0.115797 0.905439
    outer loop
      vertex -0.495507 -6.197756 1.314564
      vertex -1.017701 -5.642093 1.621151
      vertex -1.420178 -6.339203 1.713525
    endloop
  endfacet
  facet normal 0.408377 -0.115797 0.905439
    outer loop
      vertex -0.495507 -6.197756 1.314564
      vertex -1.420178 -6.339203 1.713525
      vertex -0.787923 -6.704236 1.381678
    endloop
  endfacet
  facet normal 0.304471 -0.295766 0.905439
    outer loop
      vertex -0.787923 -6.704236 1.381678
      vertex -1.420178 -6.339203 1.713525
      vertex -1.822655 -7.036313 1.621151
    endloop
  endfacet
  facet normal 0.304471 -0.295766 0.905439
    outer loop
      vertex -0.787923 -6.704236 1.381678
      vertex -1.822655 -7.036313 1.621151
      vertex -1.080340 -7.210716 1.314564
    endloop
  endfacet
  facet normal 0.226638 -0.502291 0.834469
    outer loop
      vertex -1.080340 -7.210716 1.314564
      vertex -1.822655 -7.036313 1.621151
      vertex -2.163858 -7.627294 1.358092
    endloop
  endfacet
  facet normal 0.226638 -0.502291 0.834469
    outer loop
      vertex -1.080340 -7.210716 1.314564
      vertex -2.163858 -7.627294 1.358092
      vertex -1.328238 -7.640089 1.123440
    endloop
  endfacet
  facet normal 0.170284 -0.743297 0.646926
    outer loop
      vertex -1.328238 -7.640089 1.123440
      vertex -2.163858 -7.627294 1.358092
      vertex -2.391843 -8.022175 0.964396
    endloop
  endfacet
  facet normal 0.170284 -0.743297 0.646926
    outer loop
      vertex -1.328238 -7.640089 1.123440
      vertex -2.391843 -8.022175 0.964396
      vertex -1.493879 -7.926986 0.837404
    endloop
  endfacet
  facet normal 0.138234 -0.955279 0.261406
    outer loop
      vertex -1.493879 -7.926986 0.837404
      vertex -2.391843 -8.022175 0.964396
      vertex -2.471900 -8.160839 0.500000
    endloop
  endfacet
  facet normal 0.138234 -0.955279 0.261406
    outer loop
      vertex -1.493879 -7.926986 0.837404
      vertex -2.471900 -8.160839 0.500000
      vertex -1.552044 -8.027732 0.500000
    endloop
  endfacet
  facet normal 0.749224 0.588043 0.304743
    outer loop
      vertex -0.368456 -4.517567 0.500000
      vertex -0.980492 -3.737774 0.500000
      vertex -1.074605 -3.900783 1.045930
    endloop
  endfacet
  facet normal 0.749224 0.588043 0.304743
    outer loop
      vertex -0.368456 -4.517567 0.500000
      vertex -1.074605 -3.900783 1.045930
      vertex -0.448514 -4.656231 0.964396
    endloop
  endfacet
  facet normal 0.568187 0.392856 0.723069
    outer loop
      vertex -0.448514 -4.656231 0.964396
      vertex -1.074605 -3.900783 1.045930
      vertex -1.342617 -4.364993 1.508748
    endloop
  endfacet
  facet normal 0.568187 0.392856 0.723069
    outer loop
      vertex -0.448514 -4.656231 0.964396
      vertex -1.342617 -4.364993 1.508748
      vertex -0.676498 -5.051112 1.358092
    endloop
  endfacet
  facet normal 0.388189 0.178341 0.904159
    outer loop
      vertex -0.676498 -5.051112 1.358092
      vertex -1.342617 -4.364993 1.508748
      vertex -1.743726 -5.059734 1.817992
    endloop
  endfacet
  facet normal 0.388189 0.178341 0.904159
    outer loop
      vertex -0.676498 -5.051112 1.358092
      vertex -1.743726 -5.059734 1.817992
      vertex -1.017701 -5.642093 1.621151
    endloop
  endfacet
  facet normal 0.249744 -0.015896 0.968181
    outer loop
      vertex -1.017701 -5.642093 1.621151
      vertex -1.743726 -5.059734 1.817992
      vertex -2.216865 -5.879236 1.926585
    endloop
  endfacet
  facet normal 0.249744 -0.015896 0.968181
    outer loop
      vertex -1.017701 -5.642093 1.621151
      vertex -2.216865 -5.879236 1.926585
      vertex -1.420178 -6.339203 1.713525
    endloop
  endfacet
  facet normal 0.138639 -0.208337 0.968181
    outer loop
      vertex -1.420178 -6.339203 1.713525
      vertex -2.216865 -5.879236 1.926585
      vertex -2.690005 -6.698737 1.817992
    endloop
  endfacet
  facet normal 0.138639 -0.208337 0.968181
    outer loop
      vertex -1.420178 -6.339203 1.713525
      vertex -2.690005 -6.698737 1.817992
      vertex -1.822655 -7.036313 1.621151
    endloop
  endfacet
  facet normal 0.039646 -0.425352 0.904159
    outer loop
      vertex -1.822655 -7.036313 1.621151
      vertex -2.690005 -6.698737 1.817992
      vertex -3.091113 -7.393478 1.508748
    endloop
  endfacet
  facet normal 0.039646 -0.425352 0.904159
    outer loop
      vertex -1.822655 -7.036313 1.621151
      vertex -3.091113 -7.393478 1.508748
      vertex -2.163858 -7.627294 1.358092
    endloop
  endfacet
  facet normal -0.056130 -0.688492 0.723069
    outer loop
      vertex -2.163858 -7.627294 1.358092
      vertex -3.091113 -7.393478 1.508748
      vertex -3.359125 -7.857688 1.045930
    endloop
  endfacet
  facet normal -0.056130 -0.688492 0.723069
    outer loop
      vertex -2.163858 -7.627294 1.358092
      vertex -3.359125 -7.857688 1.045930
      vertex -2.391843 -8.022175 0.964396
    endloop
  endfacet
  facet normal -0.134648 -0.942869 0.304743
    outer loop
      vertex -2.391843 -8.022175 0.964396
      vertex -3.359125 -7.857688 1.045930
      vertex -3.453239 -8.020697 0.500000
    endloop
  endfacet
  facet normal -0.134648 -0.942869 0.304743
    outer loop
      vertex -2.391843 -8.022175 0.964396
      vertex -3.453239 -8.020697 0.500000
      vertex -2.471900 -8.160839 0.500000
    endloop
  endfacet
  facet normal 0.570901 0.754510 0.323707
    outer loop
      vertex -0.980492 -3.737774 0.500000
      vertex -1.800000 -3.117691 0.500000
      vertex -1.898957 -3.289089 1.074025
    endloop
  endfacet
  facet normal 0.570901 0.754510 0.323707
    outer loop
      vertex -0.980492 -3.737774 0.500000
      vertex -1.898957 -3.289089 1.074025
      vertex -1.074605 -3.900783 1.045930
    endloop
  endfacet
  facet normal 0.408190 0.515494 0.753424
    outer loop
      vertex -1.074605 -3.900783 1.045930
      vertex -1.898957 -3.289089 1.074025
      vertex -2.180761 -3.777189 1.560660
    endloop
  endfacet
  facet normal 0.408190 0.515494 0.753424
    outer loop
      vertex -1.074605 -3.900783 1.045930
      vertex -2.180761 -3.777189 1.560660
      vertex -1.342617 -4.364993 1.508748
    endloop
  endfacet
  facet normal 0.247690 0.271030 0.930157
    outer loop
      vertex -1.342617 -4.364993 1.508748
      vertex -2.180761 -3.777189 1.560660
      vertex -2.602512 -4.507682 1.885819
    endloop
  endfacet
  facet normal 0.247690 0.271030 0.930157
    outer loop
      vertex -1.342617 -4.364993 1.508748
      vertex -2.602512 -4.507682 1.885819
      vertex -1.743726 -5.059734 1.817992
    endloop
  endfacet
  facet normal 0.118643 0.062812 0.990948
    outer loop
      vertex -1.743726 -5.059734 1.817992
      vertex -2.602512 -4.507682 1.885819
      vertex -3.100000 -5.369358 2.000000
    endloop
  endfacet
  facet normal 0.118643 0.062812 0.990948
    outer loop
      vertex -1.743726 -5.059734 1.817992
      vertex -3.100000 -5.369358 2.000000
      vertex -2.216865 -5.879236 1.926585
    endloop
  endfacet
  facet normal 0.004924 -0.134154 0.990948
    outer loop
      vertex -2.216865 -5.879236 1.926585
      vertex -3.100000 -5.369358 2.000000
      vertex -3.597488 -6.231033 1.885819
    endloop
  endfacet
  facet normal 0.004924 -0.134154 0.990948
    outer loop
      vertex -2.216865 -5.879236 1.926585
      vertex -3.597488 -6.231033 1.885819
      vertex -2.690005 -6.698737 1.817992
    endloop
  endfacet
  facet normal -0.110874 -0.350021 0.930157
    outer loop
      vertex -2.690005 -6.698737 1.817992
      vertex -3.597488 -6.231033 1.885819
      vertex -4.019239 -6.961526 1.560660
    endloop
  endfacet
  facet normal -0.110874 -0.350021 0.930157
    outer loop
      vertex -2.690005 -6.698737 1.817992
      vertex -4.019239 -6.961526 1.560660
      vertex -3.091113 -7.393478 1.508748
    endloop
  endfacet
  facet normal -0.242336 -0.611250 0.753424
    outer loop
      vertex -3.091113 -7.393478 1.508748
      vertex -4.019239 -6.961526 1.560660
      vertex -4.301043 -7.449626 1.074025
    endloop
  endfacet
  facet normal -0.242336 -0.611250 0.753424
    outer loop
      vertex -3.091113 -7.393478 1.508748
      vertex -4.301043 -7.449626 1.074025
      vertex -3.359125 -7.857688 1.045930
    endloop
  endfacet
  facet normal -0.367974 -0.871670 0.323707
    outer loop
      vertex -3.359125 -7.857688 1.045930
      vertex -4.301043 -7.449626 1.074025
      vertex -4.400000 -7.621024 0.500000
    endloop
  endfacet
  facet normal -0.367974 -0.871670 0.323707
    outer loop
      vertex -3.359125 -7.857688 1.045930
      vertex -4.400000 -7.621024 0.500000
      vertex -3.453239 -8.020697 0.500000
    endloop
  endfacet
  facet normal 0.367974 0.871670 0.323707
    outer loop
      vertex -1.800000 -3.117691 0.500000
      vertex -2.746761 -2.718018 0.500000
      vertex -2.840875 -2.881027 1.045930
    endloop
  endfacet
  facet normal 0.367974 0.871670 0.323707
    outer loop
      vertex -1.800000 -3.117691 0.500000
      vertex -2.840875 -2.881027 1.045930
      vertex -1.898957 -3.289089 1.074025
    endloop
  endfacet
  facet normal 0.242336 0.611250 0.753424
    outer loop
      vertex -1.898957 -3.289089 1.074025
      vertex -2.840875 -2.881027 1.045930
      vertex -3.108887 -3.345237 1.508748
    endloop
  endfacet
  facet normal 0.242336 0.611250 0.753424
    outer loop
      vertex -1.898957 -3.289089 1.074025
      vertex -3.108887 -3.345237 1.508748
      vertex -2.180761 -3.777189 1.560660
    endloop
  endfacet
  facet normal 0.110874 0.350021 0.930157
    outer loop
      vertex -2.180761 -3.777189 1.560660
      vertex -3.108887 -3.345237 1.508748
      vertex -3.509995 -4.039978 1.817992
    endloop
  endfacet
  facet normal 0.110874 0.350021 0.930157
    outer loop
      vertex -2.180761 -3.777189 1.560660
      vertex -3.509995 -4.039978 1.817992
      vertex -2.602512 -4.507682 1.885819
    endloop
  endfacet
  facet normal -0.004924 0.134154 0.990948
    outer loop
      vertex -2.602512 -4.507682 1.885819
      vertex -3.509995 -4.039978 1.817992
      vertex -3.983135 -4.859479 1.926585
    endloop
  endfacet
  facet normal -0.004924 0.134154 0.990948
    outer loop
      vertex -2.602512 -4.507682 1.885819
      vertex -3.983135 -4.859479 1.926585
      vertex -3.100000 -5.369358 2.000000
    endloop
  endfacet
  facet normal -0.118643 -0.062812 0.990948
    outer loop
      vertex -3.100000 -5.369358 2.000000
      vertex -3.983135 -4.859479 1.926585
      vertex -4.456274 -5.678981 1.817992
    endloop
  endfacet
  facet normal -0.118643 -0.062812 0.990948
    outer loop
      vertex -3.100000 -5.369358 2.000000
      vertex -4.456274 -5.678981 1.817992
      vertex -3.597488 -6.231033 1.885819
    endloop
  endfacet
  facet normal -0.247690 -0.271030 0.930157
    outer loop
      vertex -3.597488 -6.231033 1.885819
      vertex -4.456274 -5.678981 1.817992
      vertex -4.857383 -6.373722 1.508748
    endloop
  endfacet
  facet normal -0.247690 -0.271030 0.930157
    outer loop
      vertex -3.597488 -6.231033 1.885819
      vertex -4.857383 -6.373722 1.508748
      vertex -4.019239 -6.961526 1.560660
    endloop
  endfacet
  facet normal -0.408190 -0.515494 0.753424
    outer loop
      vertex -4.019239 -6.961526 1.560660
      vertex -4.857383 -6.373722 1.508748
      vertex -5.125395 -6.837932 1.045930
    endloop
  endfacet
  facet normal -0.408190 -0.515494 0.753424
    outer loop
      vertex -4.019239 -6.961526 1.560660
      vertex -5.125395 -6.837932 1.045930
      vertex -4.301043 -7.449626 1.074025
    endloop
  endfacet
  facet normal -0.570901 -0.754510 0.323707
    outer loop
      vertex -4.301043 -7.449626 1.074025
      vertex -5.125395 -6.837932 1.045930
      vertex -5.219508 -7.000941 0.500000
    endloop
  endfacet
  facet normal -0.570901 -0.754510 0.323707
    outer loop
      vertex -4.301043 -7.449626 1.074025
      vertex -5.219508 -7.000941 0.500000
      vertex -4.400000 -7.621024 0.500000
    endloop
  endfacet
  facet normal 0.134648 0.942869 0.304743
    outer loop
      vertex -2.746761 -2.718018 0.500000
      vertex -3.728100 -2.577876 0.500000
      vertex -3.808157 -2.716540 0.964396
    endloop
  endfacet
  facet normal 0.134648 0.942869 0.304743
    outer loop
      vertex -2.746761 -2.718018 0.500000
      vertex -3.808157 -2.716540 0.964396
      vertex -2.840875 -2.881027 1.045930
    endloop
  endfacet
  facet normal 0.056130 0.688492 0.723069
    outer loop
      vertex -2.840875 -2.881027 1.045930
      vertex -3.808157 -2.716540 0.964396
      vertex -4.036142 -3.111421 1.358092
    endloop
  endfacet
  facet normal 0.056130 0.688492 0.723069
    outer loop
      vertex -2.840875 -2.881027 1.045930
      vertex -4.036142 -3.111421 1.358092
      vertex -3.108887 -3.345237 1.508748
    endloop
  endfacet
  facet normal -0.039646 0.425352 0.904159
    outer loop
      vertex -3.108887 -3.345237 1.508748
      vertex -4.036142 -3.111421 1.358092
      vertex -4.377345 -3.702402 1.621151
    endloop
  endfacet
  facet normal -0.039646 0.425352 0.904159
    outer loop
      vertex -3.108887 -3.345237 1.508748
      vertex -4.377345 -3.702402 1.621151
      vertex -3.509995 -4.039978 1.817992
    endloop
  endfacet
  facet normal -0.138639 0.208337 0.968181
    outer loop
      vertex -3.509995 -4.039978 1.817992
      vertex -4.377345 -3.702402 1.621151
      vertex -4.779822 -4.399512 1.713525
    endloop
  endfacet
  facet normal -0.138639 0.208337 0.968181
    outer loop
      vertex -3.509995 -4.039978 1.817992
      vertex -4.779822 -4.399512 1.713525
      vertex -3.983135 -4.859479 1.926585
    endloop
  endfacet
  facet normal -0.249744 0.015896 0.968181
    outer loop
      vertex -3.983135 -4.859479 1.926585
      vertex -4.779822 -4.399512 1.713525
      vertex -5.182299 -5.096622 1.621151
    endloop
  endfacet
  facet normal -0.249744 0.015896 0.968181
    outer loop
      vertex -3.983135 -4.859479 1.926585
      vertex -5.182299 -5.096622 1.621151
      vertex -4.456274 -5.678981 1.817992
    endloop
  endfacet
  facet normal -0.388189 -0.178341 0.904159
    outer loop
      vertex -4.456274 -5.678981 1.817992
      vertex -5.182299 -5.096622 1.621151
      vertex -5.523502 -5.687603 1.358092
    endloop
  endfacet
  facet normal -0.388189 -0.178341 0.904159
    outer loop
      vertex -4.456274 -5.678981 1.817992
      vertex -5.523502 -5.687603 1.358092
      vertex -4.857383 -6.373722 1.508748
    endloop
  endfacet
  facet normal -0.568187 -0.392856 0.723069
    outer loop
      vertex -4.857383 -6.373722 1.508748
      vertex -5.523502 -5.687603 1.358092
      vertex -5.751486 -6.082484 0.964396
    endloop
  endfacet
  facet normal -0.568187 -0.392856 0.723069
    outer loop
      vertex -4.857383 -6.373722 1.508748
      vertex -5.751486 -6.082484 0.964396
      vertex -5.125395 -6.837932 1.045930
    endloop
  endfacet
  facet normal -0.749224 -0.588043 0.304743
    outer loop
      vertex -5.125395 -6.837932 1.045930
      vertex -5.751486 -6.082484 0.964396
      vertex -5.831544 -6.221148 0.500000
    endloop
  endfacet
  facet normal -0.749224 -0.588043 0.304743
    outer loop
      vertex -5.125395 -6.837932 1.045930
      vertex -5.831544 -6.221148 0.500000
      vertex -5.219508 -7.000941 0.500000
    endloop
  endfacet
  facet normal -0.138234 0.955279 0.261406
    outer loop
      vertex -3.728100 -2.577876 0.500000
      vertex -4.647956 -2.710983 0.500000
      vertex -4.706121 -2.811729 0.837404
    endloop
  endfacet
  facet normal -0.138234 0.955279 0.261406
    outer loop
      vertex -3.728100 -2.577876 0.500000
      vertex -4.706121 -2.811729 0.837404
      vertex -3.808157 -2.716540 0.964396
    endloop
  endfacet
  facet normal -0.170284 0.743297 0.646926
    outer loop
      vertex -3.808157 -2.716540 0.964396
      vertex -4.706121 -2.811729 0.837404
      vertex -4.871762 -3.098626 1.123440
    endloop
  endfacet
  facet normal -0.170284 0.743297 0.646926
    outer loop
      vertex -3.808157 -2.716540 0.964396
      vertex -4.871762 -3.098626 1.123440
      vertex -4.036142 -3.111421 1.358092
    endloop
  endfacet
  facet normal -0.226638 0.502291 0.834469
    outer loop
      vertex -4.036142 -3.111421 1.358092
      vertex -4.871762 -3.098626 1.123440
      vertex -5.119660 -3.527999 1.314564
    endloop
  endfacet
  facet normal -0.226638 0.502291 0.834469
    outer loop
      vertex -4.036142 -3.111421 1.358092
      vertex -5.119660 -3.527999 1.314564
      vertex -4.377345 -3.702402 1.621151
    endloop
  endfacet
  facet normal -0.304471 0.295766 0.905439
    outer loop
      vertex -4.377345 -3.702402 1.621151
      vertex -5.119660 -3.527999 1.314564
      vertex -5.412077 -4.034479 1.381678
    endloop
  endfacet
  facet normal -0.304471 0.295766 0.905439
    outer loop
      vertex -4.377345 -3.702402 1.621151
      vertex -5.412077 -4.034479 1.381678
      vertex -4.779822 -4.399512 1.713525
    endloop
  endfacet
  facet normal -0.408377 0.115797 0.905439
    outer loop
      vertex -4.779822 -4.399512 1.713525
      vertex -5.412077 -4.034479 1.381678
      vertex -5.704493 -4.540959 1.314564
    endloop
  endfacet
  facet normal -0.408377 0.115797 0.905439
    outer loop
      vertex -4.779822 -4.399512 1.713525
      vertex -5.704493 -4.540959 1.314564
      vertex -5.182299 -5.096622 1.621151
    endloop
  endfacet
  facet normal -0.548316 -0.054871 0.834469
    outer loop
      vertex -5.182299 -5.096622 1.621151
      vertex -5.704493 -4.540959 1.314564
      vertex -5.952392 -4.970333 1.123440
    endloop
  endfacet
  facet normal -0.548316 -0.054871 0.834469
    outer loop
      vertex -5.182299 -5.096622 1.621151
      vertex -5.952392 -4.970333 1.123440
      vertex -5.523502 -5.687603 1.358092
    endloop
  endfacet
  facet normal -0.728856 -0.224179 0.646926
    outer loop
      vertex -5.523502 -5.687603 1.358092
      vertex -5.952392 -4.970333 1.123440
      vertex -6.118032 -5.257230 0.837404
    endloop
  endfacet
  facet normal -0.728856 -0.224179 0.646926
    outer loop
      vertex -5.523502 -5.687603 1.358092
      vertex -6.118032 -5.257230 0.837404
      vertex -5.751486 -6.082484 0.964396
    endloop
  endfacet
  facet normal -0.896413 -0.357926 0.261406
    outer loop
      vertex -5.751486 -6.082484 0.964396
      vertex -6.118032 -5.257230 0.837404
      vertex -6.176197 -5.357976 0.500000
    endloop
  endfacet
  facet normal -0.896413 -0.357926 0.261406
    outer loop
      vertex -5.751486 -6.082484 0.964396
      vertex -6.176197 -5.357976 0.500000
      vertex -5.831544 -6.221148 0.500000
    endloop
  endfacet
  facet normal -0.447902 0.874937 0.184033
    outer loop
      vertex -4.647956 -2.710983 0.500000
      vertex -5.416287 -3.104311 0.500000
      vertex -5.446866 -3.157276 0.677384
    endloop
  endfacet
  facet normal -0.447902 0.874937 0.184033
    outer loop
      vertex -4.647956 -2.710983 0.500000
      vertex -5.446866 -3.157276 0.677384
      vertex -4.706121 -2.811729 0.837404
    endloop
  endfacet
  facet normal -0.453465 0.746810 0.486462
    outer loop
      vertex -4.706121 -2.811729 0.837404
      vertex -5.446866 -3.157276 0.677384
      vertex -5.533949 -3.308107 0.827762
    endloop
  endfacet
  facet normal -0.453465 0.746810 0.486462
    outer loop
      vertex -4.706121 -2.811729 0.837404
      vertex -5.533949 -3.308107 0.827762
      vertex -4.871762 -3.098626 1.123440
    endloop
  endfacet
  facet normal -0.478419 0.572573 0.665789
    outer loop
      vertex -4.871762 -3.098626 1.123440
      vertex -5.533949 -3.308107 0.827762
      vertex -5.664277 -3.533842 0.928242
    endloop
  endfacet
  facet normal -0.478419 0.572573 0.665789
    outer loop
      vertex -4.871762 -3.098626 1.123440
      vertex -5.664277 -3.533842 0.928242
      vertex -5.119660 -3.527999 1.314564
    endloop
  endfacet
  facet normal -0.531750 0.405527 0.743499
    outer loop
      vertex -5.119660 -3.527999 1.314564
      vertex -5.664277 -3.533842 0.928242
      vertex -5.818009 -3.800114 0.963525
    endloop
  endfacet
  facet normal -0.531750 0.405527 0.743499
    outer loop
      vertex -5.119660 -3.527999 1.314564
      vertex -5.818009 -3.800114 0.963525
      vertex -5.412077 -4.034479 1.381678
    endloop
  endfacet
  facet normal -0.617071 0.257745 0.743499
    outer loop
      vertex -5.412077 -4.034479 1.381678
      vertex -5.818009 -3.800114 0.963525
      vertex -5.971741 -4.066387 0.928242
    endloop
  endfacet
  facet normal -0.617071 0.257745 0.743499
    outer loop
      vertex -5.412077 -4.034479 1.381678
      vertex -5.971741 -4.066387 0.928242
      vertex -5.704493 -4.540959 1.314564
    endloop
  endfacet
  facet normal -0.735072 0.128036 0.665789
    outer loop
      vertex -5.704493 -4.540959 1.314564
      vertex -5.971741 -4.066387 0.928242
      vertex -6.102069 -4.292121 0.827762
    endloop
  endfacet
  facet normal -0.735072 0.128036 0.665789
    outer loop
      vertex -5.704493 -4.540959 1.314564
      vertex -6.102069 -4.292121 0.827762
      vertex -5.952392 -4.970333 1.123440
    endloop
  endfacet
  facet normal -0.873489 0.019307 0.486462
    outer loop
      vertex -5.952392 -4.970333 1.123440
      vertex -6.102069 -4.292121 0.827762
      vertex -6.189152 -4.442952 0.677384
    endloop
  endfacet
  facet normal -0.873489 0.019307 0.486462
    outer loop
      vertex -5.952392 -4.970333 1.123440
      vertex -6.189152 -4.442952 0.677384
      vertex -6.118032 -5.257230 0.837404
    endloop
  endfacet
  facet normal -0.981669 -0.049574 0.184033
    outer loop
      vertex -6.118032 -5.257230 0.837404
      vertex -6.189152 -4.442952 0.677384
      vertex -6.219731 -4.495917 0.500000
    endloop
  endfacet
  facet normal -0.981669 -0.049574 0.184033
    outer loop
      vertex -6.118032 -5.257230 0.837404
      vertex -6.219731 -4.495917 0.500000
      vertex -6.176197 -5.357976 0.500000
    endloop
  endfacet
  facet normal 0.000000 0.000000 1.000000
    outer loop
      vertex -5.416287 -3.104311 0.500000
      vertex -5.957884 -3.719358 0.500000
      vertex -5.957884 -3.719358 0.500000
    endloop
  endfacet
  facet normal -0.748771 0.659352 0.067794
    outer loop
      vertex -5.416287 -3.104311 0.500000
      vertex -5.957884 -3.719358 0.500000
      vertex -5.446866 -3.157276 0.677384
    endloop
  endfacet
  facet normal 0.000000 0.000000 1.000000
    outer loop
      vertex -5.446866 -3.157276 0.677384
      vertex -5.957884 -3.719358 0.500000
      vertex -5.957884 -3.719358 0.500000
    endloop
  endfacet
  facet normal -0.755548 0.626634 0.190992
    outer loop
      vertex -5.446866 -3.157276 0.677384
      vertex -5.957884 -3.719358 0.500000
      vertex -5.533949 -3.308107 0.827762
    endloop
  endfacet
  facet normal 0.000000 0.000000 1.000000
    outer loop
      vertex -5.533949 -3.308107 0.827762
      vertex -5.957884 -3.719358 0.500000
      vertex -5.957884 -3.719358 0.500000
    endloop
  endfacet
  facet normal -0.771357 0.570699 0.281622
    outer loop
      vertex -5.533949 -3.308107 0.827762
      vertex -5.957884 -3.719358 0.500000
      vertex -5.664277 -3.533842 0.928242
    endloop
  endfacet
  facet normal 0.000000 0.000000 1.000000
    outer loop
      vertex -5.664277 -3.533842 0.928242
      vertex -5.957884 -3.719358 0.500000
      vertex -5.957884 -3.719358 0.500000
    endloop
  endfacet
  facet normal -0.798352 0.504499 0.328808
    outer loop
      vertex -5.664277 -3.533842 0.928242
      vertex -5.957884 -3.719358 0.500000
      vertex -5.818009 -3.800114 0.963525
    endloop
  endfacet
  facet normal 0.000000 0.000000 1.000000
    outer loop
      vertex -5.818009 -3.800114 0.963525
      vertex -5.957884 -3.719358 0.500000
      vertex -5.957884 -3.719358 0.500000
    endloop
  endfacet
  facet normal -0.836085 0.439143 0.328808
    outer loop
      vertex -5.818009 -3.800114 0.963525
      vertex -5.957884 -3.719358 0.500000
      vertex -5.971741 -4.066387 0.928242
    endloop
  endfacet
  facet normal 0.000000 0.000000 1.000000
    outer loop
      vertex -5.971741 -4.066387 0.928242
      vertex -5.957884 -3.719358 0.500000
      vertex -5.957884 -3.719358 0.500000
    endloop
  endfacet
  facet normal -0.879919 0.382665 0.281622
    outer loop
      vertex -5.971741 -4.066387 0.928242
      vertex -5.957884 -3.719358 0.500000
      vertex -6.102069 -4.292121 0.827762
    endloop
  endfacet
  facet normal 0.000000 0.000000 1.000000
    outer loop
      vertex -6.102069 -4.292121 0.827762
      vertex -5.957884 -3.719358 0.500000
      vertex -5.957884 -3.719358 0.500000
    endloop
  endfacet
  facet normal -0.920455 0.341006 0.190992
    outer loop
      vertex -6.102069 -4.292121 0.827762
      vertex -5.957884 -3.719358 0.500000
      vertex -6.189152 -4.442952 0.677384
    endloop
  endfacet
  facet normal 0.000000 0.000000 1.000000
    outer loop
      vertex -6.189152 -4.442952 0.677384
      vertex -5.957884 -3.719358 0.500000
      vertex -5.957884 -3.719358 0.500000
    endloop
  endfacet
  facet normal -0.945401 0.318779 0.067794
    outer loop
      vertex -6.189152 -4.442952 0.677384
      vertex -5.957884 -3.719358 0.500000
      vertex -6.219731 -4.495917 0.500000
    endloop
  endfacet
  facet normal 0.748771 0.659352 0.067794
    outer loop
      vertex 5.957884 -3.719358 0.500000
      vertex 5.416287 -3.104311 0.500000
      vertex 5.446866 -3.157276 0.677384
    endloop
  endfacet
  facet normal 0.000000 0.000000 1.000000
    outer loop
      vertex 5.957884 -3.719358 0.500000
      vertex 5.446866 -3.157276 0.677384
      vertex 5.957884 -3.719358 0.500000
    endloop
  endfacet
  facet normal 0.755548 0.626634 0.190992
    outer loop
      vertex 5.957884 -3.719358 0.500000
      vertex 5.446866 -3.157276 0.677384
      vertex 5.533949 -3.308107 0.827762
    endloop
  endfacet
  facet normal 0.000000 0.000000 1.000000
    outer loop
      vertex 5.957884 -3.719358 0.500000
      vertex 5.533949 -3.308107 0.827762
      vertex 5.957884 -3.719358 0.500000
    endloop
  endfacet
  facet normal 0.771357 0.570699 0.281622
    outer loop
      vertex 5.957884 -3.719358 0.500000
      vertex 5.533949 -3.308107 0.827762
      vertex 5.664277 -3.533842 0.928242
    endloop
  endfacet
  facet normal 0.000000 0.000000 1.000000
    outer loop
      vertex 5.957884 -3.719358 0.500000
      vertex 5.664277 -3.533842 0.928242
      vertex 5.957884 -3.719358 0.500000
    endloop
  endfacet
  facet normal 0.798352 0.504499 0.328808
    outer loop
      vertex 5.957884 -3.719358 0.500000
      vertex 5.664277 -3.533842 0.928242
      vertex 5.818009 -3.800114 0.963525
    endloop
  endfacet
  facet normal 0.000000 0.000000 1.000000
    outer loop
      vertex 5.957884 -3.719358 0.500000
      vertex 5.818009 -3.800114 0.963525
      vertex 5.957884 -3.719358 0.500000
    endloop
  endfacet
  facet normal 0.836085 0.439143 0.328808
    outer loop
      vertex 5.957884 -3.719358 0.500000
      vertex 5.818009 -3.800114 0.963525
      vertex 5.971741 -4.066387 0.928242
    endloop
  endfacet
  facet normal 0.000000 0.000000 1.000000
    outer loop
      vertex 5.957884 -3.719358 0.500000
      vertex 5.971741 -4.066387 0.928242
      vertex 5.957884 -3.719358 0.500000
    endloop
  endfacet
  facet normal 0.879919 0.382665 0.281622
    outer loop
      vertex 5.957884 -3.719358 0.500000
      vertex 5.971741 -4.066387 0.928242
      vertex 6.102069 -4.292121 0.827762
    endloop
  endfacet
  facet normal 0.000000 0.000000 1.000000
    outer loop
      vertex 5.957884 -3.719358 0.500000
      vertex 6.102069 -4.292121 0.827762
      vertex 5.957884 -3.719358 0.500000
    endloop
  endfacet
  facet normal 0.920455 0.341006 0.190992
    outer loop
      vertex 5.957884 -3.719358 0.500000
      vertex 6.102069 -4.292121 0.827762
      vertex 6.189152 -4.442952 0.677384
    endloop
  endfacet
  facet normal 0.000000 0.000000 1.000000
    outer loop
      vertex 5.957884 -3.719358 0.500000
      vertex 6.189152 -4.442952 0.677384
      vertex 5.957884 -3.719358 0.500000
    endloop
  endfacet
  facet normal 0.945401 0.318779 0.067794
    outer loop
      vertex 5.957884 -3.719358 0.500000
      vertex 6.189152 -4.442952 0.677384
      vertex 6.219731 -4.495917 0.500000
    endloop
  endfacet
  facet normal 0.000000 0.000000 1.000000
    outer loop
      vertex 5.957884 -3.719358 0.500000
      vertex 6.219731 -4.495917 0.500000
      vertex 5.957884 -3.719358 0.500000
    endloop
  endfacet
  facet normal 0.447902 0.874937 0.184033
    outer loop
      vertex 5.416287 -3.104311 0.500000
      vertex 4.647956 -2.710983 0.500000
      vertex 4.706121 -2.811729 0.837404
    endloop
  endfacet
  facet normal 0.447902 0.874937 0.184033
    outer loop
      vertex 5.416287 -3.104311 0.500000
      vertex 4.706121 -2.811729 0.837404
      vertex 5.446866 -3.157276 0.677384
    endloop
  endfacet
  facet normal 0.453465 0.746810 0.486462
    outer loop
      vertex 5.446866 -3.157276 0.677384
      vertex 4.706121 -2.811729 0.837404
      vertex 4.871762 -3.098626 1.123440
    endloop
  endfacet
  facet normal 0.453465 0.746810 0.486462
    outer loop
      vertex 5.446866 -3.157276 0.677384
      vertex 4.871762 -3.098626 1.123440
      vertex 5.533949 -3.308107 0.827762
    endloop
  endfacet
  facet normal 0.478419 0.572573 0.665789
    outer loop
      vertex 5.533949 -3.308107 0.827762
      vertex 4.871762 -3.098626 1.123440
      vertex 5.119660 -3.527999 1.314564
    endloop
  endfacet
  facet normal 0.478419 0.572573 0.665789
    outer loop
      vertex 5.533949 -3.308107 0.827762
      vertex 5.119660 -3.527999 1.314564
      vertex 5.664277 -3.533842 0.928242
    endloop
  endfacet
  facet normal 0.531750 0.405527 0.743499
    outer loop
      vertex 5.664277 -3.533842 0.928242
      vertex 5.119660 -3.527999 1.314564
      vertex 5.412077 -4.034479 1.381678
    endloop
  endfacet
  facet normal 0.531750 0.405527 0.743499
    outer loop
      vertex 5.664277 -3.533842 0.928242
      vertex 5.412077 -4.034479 1.381678
      vertex 5.818009 -3.800114 0.963525
    endloop
  endfacet
  facet normal 0.617071 0.257745 0.743499
    outer loop
      vertex 5.818009 -3.800114 0.963525
      vertex 5.412077 -4.034479 1.381678
      vertex 5.704493 -4.540959 1.314564
    endloop
  endfacet
  facet normal 0.617071 0.257745 0.743499
    outer loop
      vertex 5.818009 -3.800114 0.963525
      vertex 5.704493 -4.540959 1.314564
      vertex 5.971741 -4.066387 0.928242
    endloop
  endfacet
  facet normal 0.735072 0.128036 0.665789
    outer loop
      vertex 5.971741 -4.066387 0.928242
      vertex 5.704493 -4.540959 1.314564
      vertex 5.952392 -4.970333 1.123440
    endloop
  endfacet
  facet normal 0.735072 0.128036 0.665789
    outer loop
      vertex 5.971741 -4.066387 0.928242
      vertex 5.952392 -4.970333 1.123440
      vertex 6.102069 -4.292121 0.827762
    endloop
  endfacet
  facet normal 0.873489 0.019307 0.486462
    outer loop
      vertex 6.102069 -4.292121 0.827762
      vertex 5.952392 -4.970333 1.123440
      vertex 6.118032 -5.257230 0.837404
    endloop
  endfacet
  facet normal 0.873489 0.019307 0.486462
    outer loop
      vertex 6.102069 -4.292121 0.827762
      vertex 6.118032 -5.257230 0.837404
      vertex 6.189152 -4.442952 0.677384
    endloop
  endfacet
  facet normal 0.981669 -0.049574 0.184033
    outer loop
      vertex 6.189152 -4.442952 0.677384
      vertex 6.118032 -5.257230 0.837404
      vertex 6.176197 -5.357976 0.500000
    endloop
  endfacet
  facet normal 0.981669 -0.049574 0.184033
    outer loop
      vertex 6.189152 -4.442952 0.677384
      vertex 6.176197 -5.357976 0.500000
      vertex 6.219731 -4.495917 0.500000
    endloop
  endfacet
  facet normal 0.138234 0.955279 0.261406
    outer loop
      vertex 4.647956 -2.710983 0.500000
      vertex 3.728100 -2.577876 0.500000
      vertex 3.808157 -2.716540 0.964396
    endloop
  endfacet
  facet normal 0.138234 0.955279 0.261406
    outer loop
      vertex 4.647956 -2.710983 0.500000
      vertex 3.808157 -2.716540 0.964396
      vertex 4.706121 -2.811729 0.837404
    endloop
  endfacet
  facet normal 0.170284 0.743297 0.646926
    outer loop
      vertex 4.706121 -2.811729 0.837404
      vertex 3.808157 -2.716540 0.964396
      vertex 4.036142 -3.111421 1.358092
    endloop
  endfacet
  facet normal 0.170284 0.743297 0.646926
    outer loop
      vertex 4.706121 -2.811729 0.837404
      vertex 4.036142 -3.111421 1.358092
      vertex 4.871762 -3.098626 1.123440
    endloop
  endfacet
  facet normal 0.226638 0.502291 0.834469
    outer loop
      vertex 4.871762 -3.098626 1.123440
      vertex 4.036142 -3.111421 1.358092
      vertex 4.377345 -3.702402 1.621151
    endloop
  endfacet
  facet normal 0.226638 0.502291 0.834469
    outer loop
      vertex 4.871762 -3.098626 1.123440
      vertex 4.377345 -3.702402 1.621151
      vertex 5.119660 -3.527999 1.314564
    endloop
  endfacet
  facet normal 0.304471 0.295766 0.905439
    outer loop
      vertex 5.119660 -3.527999 1.314564
      vertex 4.377345 -3.702402 1.621151
      vertex 4.779822 -4.399512 1.713525
    endloop
  endfacet
  facet normal 0.304471 0.295766 0.905439
    outer loop
      vertex 5.119660 -3.527999 1.314564
      vertex 4.779822 -4.399512 1.713525
      vertex 5.412077 -4.034479 1.381678
    endloop
  endfacet
  facet normal 0.408377 0.115797 0.905439
    outer loop
      vertex 5.412077 -4.034479 1.381678
      vertex 4.779822 -4.399512 1.713525
      vertex 5.182299 -5.096622 1.621151
    endloop
  endfacet
  facet normal 0.408377 0.115797 0.905439
    outer loop
      vertex 5.412077 -4.034479 1.381678
      vertex 5.182299 -5.096622 1.621151
      vertex 5.704493 -4.540959 1.314564
    endloop
  endfacet
  facet normal 0.548316 -0.054871 0.834469
    outer loop
      vertex 5.704493 -4.540959 1.314564
      vertex 5.182299 -5.096622 1.621151
      vertex 5.523502 -5.687603 1.358092
    endloop
  endfacet
  facet normal 0.548316 -0.054871 0.834469
    outer loop
      vertex 5.704493 -4.540959 1.314564
      vertex 5.523502 -5.687603 1.358092
      vertex 5.952392 -4.970333 1.123440
    endloop
  endfacet
  facet normal 0.728856 -0.224179 0.646926
    outer loop
      vertex 5.952392 -4.970333 1.123440
      vertex 5.523502 -5.687603 1.358092
      vertex 5.751486 -6.082484 0.964396
    endloop
  endfacet
  facet normal 0.728856 -0.224179 0.646926
    outer loop
      vertex 5.952392 -4.970333 1.123440
      vertex 5.751486 -6.082484 0.964396
      vertex 6.118032 -5.257230 0.837404
    endloop
  endfacet
  facet normal 0.896413 -0.357926 0.261406
    outer loop
      vertex 6.118032 -5.257230 0.837404
      vertex 5.751486 -6.082484 0.964396
      vertex 5.831544 -6.221148 0.500000
    endloop
  endfacet
  facet normal 0.896413 -0.357926 0.261406
    outer loop
      vertex 6.118032 -5.257230 0.837404
      vertex 5.831544 -6.221148 0.500000
      vertex 6.176197 -5.357976 0.500000
    endloop
  endfacet
  facet normal -0.134648 0.942869 0.304743
    outer loop
      vertex 3.728100 -2.577876 0.500000
      vertex 2.746761 -2.718018 0.500000
      vertex 2.840875 -2.881027 1.045930
    endloop
  endfacet
  facet normal -0.134648 0.942869 0.304743
    outer loop
      vertex 3.728100 -2.577876 0.500000
      vertex 2.840875 -2.881027 1.045930
      vertex 3.808157 -2.716540 0.964396
    endloop
  endfacet
  facet normal -0.056130 0.688492 0.723069
    outer loop
      vertex 3.808157 -2.716540 0.964396
      vertex 2.840875 -2.881027 1.045930
      vertex 3.108887 -3.345237 1.508748
    endloop
  endfacet
  facet normal -0.056130 0.688492 0.723069
    outer loop
      vertex 3.808157 -2.716540 0.964396
      vertex 3.108887 -3.345237 1.508748
      vertex 4.036142 -3.111421 1.358092
    endloop
  endfacet
  facet normal 0.039646 0.425352 0.904159
    outer loop
      vertex 4.036142 -3.111421 1.358092
      vertex 3.108887 -3.345237 1.508748
      vertex 3.509995 -4.039978 1.817992
    endloop
  endfacet
  facet normal 0.039646 0.425352 0.904159
    outer loop
      vertex 4.036142 -3.111421 1.358092
      vertex 3.509995 -4.039978 1.817992
      vertex 4.377345 -3.702402 1.621151
    endloop
  endfacet
  facet normal 0.138639 0.208337 0.968181
    outer loop
      vertex 4.377345 -3.702402 1.621151
      vertex 3.509995 -4.039978 1.817992
      vertex 3.983135 -4.859479 1.926585
    endloop
  endfacet
  facet normal 0.138639 0.208337 0.968181
    outer loop
      vertex 4.377345 -3.702402 1.621151
      vertex 3.983135 -4.859479 1.926585
      vertex 4.779822 -4.399512 1.713525
    endloop
  endfacet
  facet normal 0.249744 0.015896 0.968181
    outer loop
      vertex 4.779822 -4.399512 1.713525
      vertex 3.983135 -4.859479 1.926585
      vertex 4.456274 -5.678981 1.817992
    endloop
  endfacet
  facet normal 0.249744 0.015896 0.968181
    outer loop
      vertex 4.779822 -4.399512 1.713525
      vertex 4.456274 -5.678981 1.817992
      vertex 5.182299 -5.096622 1.621151
    endloop
  endfacet
  facet normal 0.388189 -0.178341 0.904159
    outer loop
      vertex 5.182299 -5.096622 1.621151
      vertex 4.456274 -5.678981 1.817992
      vertex 4.857383 -6.373722 1.508748
    endloop
  endfacet
  facet normal 0.388189 -0.178341 0.904159
    outer loop
      vertex 5.182299 -5.096622 1.621151
      vertex 4.857383 -6.373722 1.508748
      vertex 5.523502 -5.687603 1.358092
    endloop
  endfacet
  facet normal 0.568187 -0.392856 0.723069
    outer loop
      vertex 5.523502 -5.687603 1.358092
      vertex 4.857383 -6.373722 1.508748
      vertex 5.125395 -6.837932 1.045930
    endloop
  endfacet
  facet normal 0.568187 -0.392856 0.723069
    outer loop
      vertex 5.523502 -5.687603 1.358092
      vertex 5.125395 -6.837932 1.045930
      vertex 5.751486 -6.082484 0.964396
    endloop
  endfacet
  facet normal 0.749224 -0.588043 0.304743
    outer loop
      vertex 5.751486 -6.082484 0.964396
      vertex 5.125395 -6.837932 1.045930
      vertex 5.219508 -7.000941 0.500000
    endloop
  endfacet
  facet normal 0.749224 -0.588043 0.304743
    outer loop
      vertex 5.751486 -6.082484 0.964396
      vertex 5.219508 -7.000941 0.500000
      vertex 5.831544 -6.221148 0.500000
    endloop
  endfacet
  facet normal -0.367974 0.871670 0.323707
    outer loop
      vertex 2.746761 -2.718018 0.500000
      vertex 1.800000 -3.117691 0.500000
      vertex 1.898957 -3.289089 1.074025
    endloop
  endfacet
  facet normal -0.367974 0.871670 0.323707
    outer loop
      vertex 2.746761 -2.718018 0.500000
      vertex 1.898957 -3.289089 1.074025
      vertex 2.840875 -2.881027 1.045930
    endloop
  endfacet
  facet normal -0.242336 0.611250 0.753424
    outer loop
      vertex 2.840875 -2.881027 1.045930
      vertex 1.898957 -3.289089 1.074025
      vertex 2.180761 -3.777189 1.560660
    endloop
  endfacet
  facet normal -0.242336 0.611250 0.753424
    outer loop
      vertex 2.840875 -2.881027 1.045930
      vertex 2.180761 -3.777189 1.560660
      vertex 3.108887 -3.345237 1.508748
    endloop
  endfacet
  facet normal -0.110874 0.350021 0.930157
    outer loop
      vertex 3.108887 -3.345237 1.508748
      vertex 2.180761 -3.777189 1.560660
      vertex 2.602512 -4.507682 1.885819
    endloop
  endfacet
  facet normal -0.110874 0.350021 0.930157
    outer loop
      vertex 3.108887 -3.345237 1.508748
      vertex 2.602512 -4.507682 1.885819
      vertex 3.509995 -4.039978 1.817992
    endloop
  endfacet
  facet normal 0.004924 0.134154 0.990948
    outer loop
      vertex 3.509995 -4.039978 1.817992
      vertex 2.602512 -4.507682 1.885819
      vertex 3.100000 -5.369358 2.000000
    endloop
  endfacet
  facet normal 0.004924 0.134154 0.990948
    outer loop
      vertex 3.509995 -4.039978 1.817992
      vertex 3.100000 -5.369358 2.000000
      vertex 3.983135 -4.859479 1.926585
    endloop
  endfacet
  facet normal 0.118643 -0.062812 0.990948
    outer loop
      vertex 3.983135 -4.859479 1.926585
      vertex 3.100000 -5.369358 2.000000
      vertex 3.597488 -6.231033 1.885819
    endloop
  endfacet
  facet normal 0.118643 -0.062812 0.990948
    outer loop
      vertex 3.983135 -4.859479 1.926585
      vertex 3.597488 -6.231033 1.885819
      vertex 4.456274 -5.678981 1.817992
    endloop
  endfacet
  facet normal 0.247690 -0.271030 0.930157
    outer loop
      vertex 4.456274 -5.678981 1.817992
      vertex 3.597488 -6.231033 1.885819
      vertex 4.019239 -6.961526 1.560660
    endloop
  endfacet
  facet normal 0.247690 -0.271030 0.930157
    outer loop
      vertex 4.456274 -5.678981 1.817992
      vertex 4.019239 -6.961526 1.560660
      vertex 4.857383 -6.373722 1.508748
    endloop
  endfacet
  facet normal 0.408190 -0.515494 0.753424
    outer loop
      vertex 4.857383 -6.373722 1.508748
      vertex 4.019239 -6.961526 1.560660
      vertex 4.301043 -7.449626 1.074025
    endloop
  endfacet
  facet normal 0.408190 -0.515494 0.753424
    outer loop
      vertex 4.857383 -6.373722 1.508748
      vertex 4.301043 -7.449626 1.074025
      vertex 5.125395 -6.837932 1.045930
    endloop
  endfacet
  facet normal 0.570901 -0.754510 0.323707
    outer loop
      vertex 5.125395 -6.837932 1.045930
      vertex 4.301043 -7.449626 1.074025
      vertex 4.400000 -7.621024 0.500000
    endloop
  endfacet
  facet normal 0.570901 -0.754510 0.323707
    outer loop
      vertex 5.125395 -6.837932 1.045930
      vertex 4.400000 -7.621024 0.500000
      vertex 5.219508 -7.000941 0.500000
    endloop
  endfacet
  facet normal -0.570901 0.754510 0.323707
    outer loop
      vertex 1.800000 -3.117691 0.500000
      vertex 0.980492 -3.737774 0.500000
      vertex 1.074605 -3.900783 1.045930
    endloop
  endfacet
  facet normal -0.570901 0.754510 0.323707
    outer loop
      vertex 1.800000 -3.117691 0.500000
      vertex 1.074605 -3.900783 1.045930
      vertex 1.898957 -3.289089 1.074025
    endloop
  endfacet
  facet normal -0.408190 0.515494 0.753424
    outer loop
      vertex 1.898957 -3.289089 1.074025
      vertex 1.074605 -3.900783 1.045930
      vertex 1.342617 -4.364993 1.508748
    endloop
  endfacet
  facet normal -0.408190 0.515494 0.753424
    outer loop
      vertex 1.898957 -3.289089 1.074025
      vertex 1.342617 -4.364993 1.508748
      vertex 2.180761 -3.777189 1.560660
    endloop
  endfacet
  facet normal -0.247690 0.271030 0.930157
    outer loop
      vertex 2.180761 -3.777189 1.560660
      vertex 1.342617 -4.364993 1.508748
      vertex 1.743726 -5.059734 1.817992
    endloop
  endfacet
  facet normal -0.247690 0.271030 0.930157
    outer loop
      vertex 2.180761 -3.777189 1.560660
      vertex 1.743726 -5.059734 1.817992
      vertex 2.602512 -4.507682 1.885819
    endloop
  endfacet
  facet normal -0.118643 0.062812 0.990948
    outer loop
      vertex 2.602512 -4.507682 1.885819
      vertex 1.743726 -5.059734 1.817992
      vertex 2.216865 -5.879236 1.926585
    endloop
  endfacet
  facet normal -0.118643 0.062812 0.990948
    outer loop
      vertex 2.602512 -4.507682 1.885819
      vertex 2.216865 -5.879236 1.926585
      vertex 3.100000 -5.369358 2.000000
    endloop
  endfacet
  facet normal -0.004924 -0.134154 0.990948
    outer loop
      vertex 3.100000 -5.369358 2.000000
      vertex 2.216865 -5.879236 1.926585
      vertex 2.690005 -6.698737 1.817992
    endloop
  endfacet
  facet normal -0.004924 -0.134154 0.990948
    outer loop
      vertex 3.100000 -5.369358 2.000000
      vertex 2.690005 -6.698737 1.817992
      vertex 3.597488 -6.231033 1.885819
    endloop
  endfacet
  facet normal 0.110874 -0.350021 0.930157
    outer loop
      vertex 3.597488 -6.231033 1.885819
      vertex 2.690005 -6.698737 1.817992
      vertex 3.091113 -7.393478 1.508748
    endloop
  endfacet
  facet normal 0.110874 -0.350021 0.930157
    outer loop
      vertex 3.597488 -6.231033 1.885819
      vertex 3.091113 -7.393478 1.508748
      vertex 4.019239 -6.961526 1.560660
    endloop
  endfacet
  facet normal 0.242336 -0.611250 0.753424
    outer loop
      vertex 4.019239 -6.961526 1.560660
      vertex 3.091113 -7.393478 1.508748
      vertex 3.359125 -7.857688 1.045930
    endloop
  endfacet
  facet normal 0.242336 -0.611250 0.753424
    outer loop
      vertex 4.019239 -6.961526 1.560660
      vertex 3.359125 -7.857688 1.045930
      vertex 4.301043 -7.449626 1.074025
    endloop
  endfacet
  facet normal 0.367974 -0.871670 0.323707
    outer loop
      vertex 4.301043 -7.449626 1.074025
      vertex 3.359125 -7.857688 1.045930
      vertex 3.453239 -8.020697 0.500000
    endloop
  endfacet
  facet normal 0.367974 -0.871670 0.323707
    outer loop
      vertex 4.301043 -7.449626 1.074025
      vertex 3.453239 -8.020697 0.500000
      vertex 4.400000 -7.621024 0.500000
    endloop
  endfacet
  facet normal -0.749224 0.588043 0.304743
    outer loop
      vertex 0.980492 -3.737774 0.500000
      vertex 0.368456 -4.517567 0.500000
      vertex 0.448514 -4.656231 0.964396
    endloop
  endfacet
  facet normal -0.749224 0.588043 0.304743
    outer loop
      vertex 0.980492 -3.737774 0.500000
      vertex 0.448514 -4.656231 0.964396
      vertex 1.074605 -3.900783 1.045930
    endloop
  endfacet
  facet normal -0.568187 0.392856 0.723069
    outer loop
      vertex 1.074605 -3.900783 1.045930
      vertex 0.448514 -4.656231 0.964396
      vertex 0.676498 -5.051112 1.358092
    endloop
  endfacet
  facet normal -0.568187 0.392856 0.723069
    outer loop
      vertex 1.074605 -3.900783 1.045930
      vertex 0.676498 -5.051112 1.358092
      vertex 1.342617 -4.364993 1.508748
    endloop
  endfacet
  facet normal -0.388189 0.178341 0.904159
    outer loop
      vertex 1.342617 -4.364993 1.508748
      vertex 0.676498 -5.051112 1.358092
      vertex 1.017701 -5.642093 1.621151
    endloop
  endfacet
  facet normal -0.388189 0.178341 0.904159
    outer loop
      vertex 1.342617 -4.364993 1.508748
      vertex 1.017701 -5.642093 1.621151
      vertex 1.743726 -5.059734 1.817992
    endloop
  endfacet
  facet normal -0.249744 -0.015896 0.968181
    outer loop
      vertex 1.743726 -5.059734 1.817992
      vertex 1.017701 -5.642093 1.621151
      vertex 1.420178 -6.339203 1.713525
    endloop
  endfacet
  facet normal -0.249744 -0.015896 0.968181
    outer loop
      vertex 1.743726 -5.059734 1.817992
      vertex 1.420178 -6.339203 1.713525
      vertex 2.216865 -5.879236 1.926585
    endloop
  endfacet
  facet normal -0.138639 -0.208337 0.968181
    outer loop
      vertex 2.216865 -5.879236 1.926585
      vertex 1.420178 -6.339203 1.713525
      vertex 1.822655 -7.036313 1.621151
    endloop
  endfacet
  facet normal -0.138639 -0.208337 0.968181
    outer loop
      vertex 2.216865 -5.879236 1.926585
      vertex 1.822655 -7.036313 1.621151
      vertex 2.690005 -6.698737 1.817992
    endloop
  endfacet
  facet normal -0.039646 -0.425352 0.904159
    outer loop
      vertex 2.690005 -6.698737 1.817992
      vertex 1.822655 -7.036313 1.621151
      vertex 2.163858 -7.627294 1.358092
    endloop
  endfacet
  facet normal -0.039646 -0.425352 0.904159
    outer loop
      vertex 2.690005 -6.698737 1.817992
      vertex 2.163858 -7.627294 1.358092
      vertex 3.091113 -7.393478 1.508748
    endloop
  endfacet
  facet normal 0.056130 -0.688492 0.723069
    outer loop
      vertex 3.091113 -7.393478 1.508748
      vertex 2.163858 -7.627294 1.358092
      vertex 2.391843 -8.022175 0.964396
    endloop
  endfacet
  facet normal 0.056130 -0.688492 0.723069
    outer loop
      vertex 3.091113 -7.393478 1.508748
      vertex 2.391843 -8.022175 0.964396
      vertex 3.359125 -7.857688 1.045930
    endloop
  endfacet
  facet normal 0.134648 -0.942869 0.304743
    outer loop
      vertex 3.359125 -7.857688 1.045930
      vertex 2.391843 -8.022175 0.964396
      vertex 2.471900 -8.160839 0.500000
    endloop
  endfacet
  facet normal 0.134648 -0.942869 0.304743
    outer loop
      vertex 3.359125 -7.857688 1.045930
      vertex 2.471900 -8.160839 0.500000
      vertex 3.453239 -8.020697 0.500000
    endloop
  endfacet
  facet normal -0.896413 0.357926 0.261406
    outer loop
      vertex 0.368456 -4.517567 0.500000
      vertex 0.023803 -5.380739 0.500000
      vertex 0.081968 -5.481485 0.837404
    endloop
  endfacet
  facet normal -0.896413 0.357926 0.261406
    outer loop
      vertex 0.368456 -4.517567 0.500000
      vertex 0.081968 -5.481485 0.837404
      vertex 0.448514 -4.656231 0.964396
    endloop
  endfacet
  facet normal -0.728856 0.224179 0.646926
    outer loop
      vertex 0.448514 -4.656231 0.964396
      vertex 0.081968 -5.481485 0.837404
      vertex 0.247608 -5.768382 1.123440
    endloop
  endfacet
  facet normal -0.728856 0.224179 0.646926
    outer loop
      vertex 0.448514 -4.656231 0.964396
      vertex 0.247608 -5.768382 1.123440
      vertex 0.676498 -5.051112 1.358092
    endloop
  endfacet
  facet normal -0.548316 0.054871 0.834469
    outer loop
      vertex 0.676498 -5.051112 1.358092
      vertex 0.247608 -5.768382 1.123440
      vertex 0.495507 -6.197756 1.314564
    endloop
  endfacet
  facet normal -0.548316 0.054871 0.834469
    outer loop
      vertex 0.676498 -5.051112 1.358092
      vertex 0.495507 -6.197756 1.314564
      vertex 1.017701 -5.642093 1.621151
    endloop
  endfacet
  facet normal -0.408377 -0.115797 0.905439
    outer loop
      vertex 1.017701 -5.642093 1.621151
      vertex 0.495507 -6.197756 1.314564
      vertex 0.787923 -6.704236 1.381678
    endloop
  endfacet
  facet normal -0.408377 -0.115797 0.905439
    outer loop
      vertex 1.017701 -5.642093 1.621151
      vertex 0.787923 -6.704236 1.381678
      vertex 1.420178 -6.339203 1.713525
    endloop
  endfacet
  facet normal -0.304471 -0.295766 0.905439
    outer loop
      vertex 1.420178 -6.339203 1.713525
      vertex 0.787923 -6.704236 1.381678
      vertex 1.080340 -7.210716 1.314564
    endloop
  endfacet
  facet normal -0.304471 -0.295766 0.905439
    outer loop
      vertex 1.420178 -6.339203 1.713525
      vertex 1.080340 -7.210716 1.314564
      vertex 1.822655 -7.036313 1.621151
    endloop
  endfacet
  facet normal -0.226638 -0.502291 0.834469
    outer loop
      vertex 1.822655 -7.036313 1.621151
      vertex 1.080340 -7.210716 1.314564
      vertex 1.328238 -7.640089 1.123440
    endloop
  endfacet
  facet normal -0.226638 -0.502291 0.834469
    outer loop
      vertex 1.822655 -7.036313 1.621151
      vertex 1.328238 -7.640089 1.123440
      vertex 2.163858 -7.627294 1.358092
    endloop
  endfacet
  facet normal -0.170284 -0.743297 0.646926
    outer loop
      vertex 2.163858 -7.627294 1.358092
      vertex 1.328238 -7.640089 1.123440
      vertex 1.493879 -7.926986 0.837404
    endloop
  endfacet
  facet normal -0.170284 -0.743297 0.646926
    outer loop
      vertex 2.163858 -7.627294 1.358092
      vertex 1.493879 -7.926986 0.837404
      vertex 2.391843 -8.022175 0.964396
    endloop
  endfacet
  facet normal -0.138234 -0.955279 0.261406
    outer loop
      vertex 2.391843 -8.022175 0.964396
      vertex 1.493879 -7.926986 0.837404
      vertex 1.552044 -8.027732 0.500000
    endloop
  endfacet
  facet normal -0.138234 -0.955279 0.261406
    outer loop
      vertex 2.391843 -8.022175 0.964396
      vertex 1.552044 -8.027732 0.500000
      vertex 2.471900 -8.160839 0.500000
    endloop
  endfacet
  facet normal -0.981669 0.049574 0.184033
    outer loop
      vertex 0.023803 -5.380739 0.500000
      vertex -0.019731 -6.242798 0.500000
      vertex 0.010848 -6.295763 0.677384
    endloop
  endfacet
  facet normal -0.981669 0.049574 0.184033
    outer loop
      vertex 0.023803 -5.380739 0.500000
      vertex 0.010848 -6.295763 0.677384
      vertex 0.081968 -5.481485 0.837404
    endloop
  endfacet
  facet normal -0.873489 -0.019307 0.486462
    outer loop
      vertex 0.081968 -5.481485 0.837404
      vertex 0.010848 -6.295763 0.677384
      vertex 0.097931 -6.446594 0.827762
    endloop
  endfacet
  facet normal -0.873489 -0.019307 0.486462
    outer loop
      vertex 0.081968 -5.481485 0.837404
      vertex 0.097931 -6.446594 0.827762
      vertex 0.247608 -5.768382 1.123440
    endloop
  endfacet
  facet normal -0.735072 -0.128036 0.665789
    outer loop
      vertex 0.247608 -5.768382 1.123440
      vertex 0.097931 -6.446594 0.827762
      vertex 0.228259 -6.672328 0.928242
    endloop
  endfacet
  facet normal -0.735072 -0.128036 0.665789
    outer loop
      vertex 0.247608 -5.768382 1.123440
      vertex 0.228259 -6.672328 0.928242
      vertex 0.495507 -6.197756 1.314564
    endloop
  endfacet
  facet normal -0.617071 -0.257745 0.743499
    outer loop
      vertex 0.495507 -6.197756 1.314564
      vertex 0.228259 -6.672328 0.928242
      vertex 0.381991 -6.938601 0.963525
    endloop
  endfacet
  facet normal -0.617071 -0.257745 0.743499
    outer loop
      vertex 0.495507 -6.197756 1.314564
      vertex 0.381991 -6.938601 0.963525
      vertex 0.787923 -6.704236 1.381678
    endloop
  endfacet
  facet normal -0.531750 -0.405527 0.743499
    outer loop
      vertex 0.787923 -6.704236 1.381678
      vertex 0.381991 -6.938601 0.963525
      vertex 0.535723 -7.204873 0.928242
    endloop
  endfacet
  facet normal -0.531750 -0.405527 0.743499
    outer loop
      vertex 0.787923 -6.704236 1.381678
      vertex 0.535723 -7.204873 0.928242
      vertex 1.080340 -7.210716 1.314564
    endloop
  endfacet
  facet normal -0.478419 -0.572573 0.665789
    outer loop
      vertex 1.080340 -7.210716 1.314564
      vertex 0.535723 -7.204873 0.928242
      vertex 0.666051 -7.430608 0.827762
    endloop
  endfacet
  facet normal -0.478419 -0.572573 0.665789
    outer loop
      vertex 1.080340 -7.210716 1.314564
      vertex 0.666051 -7.430608 0.827762
      vertex 1.328238 -7.640089 1.123440
    endloop
  endfacet
  facet normal -0.453465 -0.746810 0.486462
    outer loop
      vertex 1.328238 -7.640089 1.123440
      vertex 0.666051 -7.430608 0.827762
      vertex 0.753134 -7.581439 0.677384
    endloop
  endfacet
  facet normal -0.453465 -0.746810 0.486462
    outer loop
      vertex 1.328238 -7.640089 1.123440
      vertex 0.753134 -7.581439 0.677384
      vertex 1.493879 -7.926986 0.837404
    endloop
  endfacet
  facet normal -0.447902 -0.874937 0.184033
    outer loop
      vertex 1.493879 -7.926986 0.837404
      vertex 0.753134 -7.581439 0.677384
      vertex 0.783713 -7.634404 0.500000
    endloop
  endfacet
  facet normal -0.447902 -0.874937 0.184033
    outer loop
      vertex 1.493879 -7.926986 0.837404
      vertex 0.783713 -7.634404 0.500000
      vertex 1.552044 -8.027732 0.500000
    endloop
  endfacet
  facet normal 0.000000 0.000000 1.000000
    outer loop
      vertex -0.019731 -6.242798 0.500000
      vertex 0.242116 -7.019358 0.500000
      vertex 0.242116 -7.019358 0.500000
    endloop
  endfacet
  facet normal -0.945401 -0.318779 0.067794
    outer loop
      vertex -0.019731 -6.242798 0.500000
      vertex 0.242116 -7.019358 0.500000
      vertex 0.010848 -6.295763 0.677384
    endloop
  endfacet
  facet normal 0.000000 0.000000 1.000000
    outer loop
      vertex 0.010848 -6.295763 0.677384
      vertex 0.242116 -7.019358 0.500000
      vertex 0.242116 -7.019358 0.500000
    endloop
  endfacet
  facet normal -0.920455 -0.341006 0.190992
    outer loop
      vertex 0.010848 -6.295763 0.677384
      vertex 0.242116 -7.019358 0.500000
      vertex 0.097931 -6.446594 0.827762
    endloop
  endfacet
  facet normal 0.000000 0.000000 1.000000
    outer loop
      vertex 0.097931 -6.446594 0.827762
      vertex 0.242116 -7.019358 0.500000
      vertex 0.242116 -7.019358 0.500000
    endloop
  endfacet
  facet normal -0.879919 -0.382665 0.281622
    outer loop
      vertex 0.097931 -6.446594 0.827762
      vertex 0.242116 -7.019358 0.500000
      vertex 0.228259 -6.672328 0.928242
    endloop
  endfacet
  facet normal 0.000000 0.000000 1.000000
    outer loop
      vertex 0.228259 -6.672328 0.928242
      vertex 0.242116 -7.019358 0.500000
      vertex 0.242116 -7.019358 0.500000
    endloop
  endfacet
  facet normal -0.836085 -0.439143 0.328808
    outer loop
      vertex 0.228259 -6.672328 0.928242
      vertex 0.242116 -7.019358 0.500000
      vertex 0.381991 -6.938601 0.963525
    endloop
  endfacet
  facet normal 0.000000 0.000000 1.000000
    outer loop
      vertex 0.381991 -6.938601 0.963525
      vertex 0.242116 -7.019358 0.500000
      vertex 0.242116 -7.019358 0.500000
    endloop
  endfacet
  facet normal -0.798352 -0.504499 0.328808
    outer loop
      vertex 0.381991 -6.938601 0.963525
      vertex 0.242116 -7.019358 0.500000
      vertex 0.535723 -7.204873 0.928242
    endloop
  endfacet
  facet normal 0.000000 0.000000 1.000000
    outer loop
      vertex 0.535723 -7.204873 0.928242
      vertex 0.242116 -7.019358 0.500000
      vertex 0.242116 -7.019358 0.500000
    endloop
  endfacet
  facet normal -0.771357 -0.570699 0.281622
    outer loop
      vertex 0.535723 -7.204873 0.928242
      vertex 0.242116 -7.019358 0.500000
      vertex 0.666051 -7.430608 0.827762
    endloop
  endfacet
  facet normal 0.000000 0.000000 1.000000
    outer loop
      vertex 0.666051 -7.430608 0.827762
      vertex 0.242116 -7.019358 0.500000
      vertex 0.242116 -7.019358 0.500000
    endloop
  endfacet
  facet normal -0.755548 -0.626634 0.190992
    outer loop
      vertex 0.666051 -7.430608 0.827762
      vertex 0.242116 -7.019358 0.500000
      vertex 0.753134 -7.581439 0.677384
    endloop
  endfacet
  facet normal 0.000000 0.000000 1.000000
    outer loop
      vertex 0.753134 -7.581439 0.677384
      vertex 0.242116 -7.019358 0.500000
      vertex 0.242116 -7.019358 0.500000
    endloop
  endfacet
  facet normal -0.748771 -0.659352 0.067794
    outer loop
      vertex 0.753134 -7.581439 0.677384
      vertex 0.242116 -7.019358 0.500000
      vertex 0.783713 -7.634404 0.500000
    endloop
  endfacet
  facet normal 0.985280 0.156053 0.069789
    outer loop
      vertex 1.800000 0.000000 0.500000
      vertex 1.711902 0.556231 0.500000
      vertex 1.690825 0.549382 0.812869
    endloop
  endfacet
  facet normal 0.985280 0.156053 0.069789
    outer loop
      vertex 1.800000 0.000000 0.500000
      vertex 1.690825 0.549382 0.812869
      vertex 1.777839 0.000000 0.812869
    endloop
  endfacet
  facet normal 0.965937 0.152989 0.208711
    outer loop
      vertex 1.777839 0.000000 0.812869
      vertex 1.690825 0.549382 0.812869
      vertex 1.628115 0.529007 1.118034
    endloop
  endfacet
  facet normal 0.965937 0.152989 0.208711
    outer loop
      vertex 1.777839 0.000000 0.812869
      vertex 1.628115 0.529007 1.118034
      vertex 1.711902 0.000000 1.118034
    endloop
  endfacet
  facet normal 0.926856 0.146800 0.345525
    outer loop
      vertex 1.711902 0.000000 1.118034
      vertex 1.628115 0.529007 1.118034
      vertex 1.525316 0.495605 1.407981
    endloop
  endfacet
  facet normal 0.926856 0.146800 0.345525
    outer loop
      vertex 1.711902 0.000000 1.118034
      vertex 1.525316 0.495605 1.407981
      vertex 1.603812 0.000000 1.407981
    endloop
  endfacet
  facet normal 0.867351 0.137375 0.478362
    outer loop
      vertex 1.603812 0.000000 1.407981
      vertex 1.525316 0.495605 1.407981
      vertex 1.384958 0.450000 1.675571
    endloop
  endfacet
  facet normal 0.867351 0.137375 0.478362
    outer loop
      vertex 1.603812 0.000000 1.407981
      vertex 1.384958 0.450000 1.675571
      vertex 1.456231 0.000000 1.675571
    endloop
  endfacet
  facet normal 0.786660 0.124595 0.604684
    outer loop
      vertex 1.456231 0.000000 1.675571
      vertex 1.384958 0.450000 1.675571
      vertex 1.210497 0.393314 1.914214
    endloop
  endfacet
  facet normal 0.786660 0.124595 0.604684
    outer loop
      vertex 1.456231 0.000000 1.675571
      vertex 1.210497 0.393314 1.914214
      vertex 1.272792 0.000000 1.914214
    endloop
  endfacet
  facet normal 0.684305 0.108383 0.721096
    outer loop
      vertex 1.272792 0.000000 1.914214
      vertex 1.210497 0.393314 1.914214
      vertex 1.006231 0.326944 2.118034
    endloop
  endfacet
  facet normal 0.684305 0.108383 0.721096
    outer loop
      vertex 1.272792 0.000000 1.914214
      vertex 1.006231 0.326944 2.118034
      vertex 1.058013 0.000000 2.118034
    endloop
  endfacet
  facet normal 0.560590 0.088789 0.823320
    outer loop
      vertex 1.058013 0.000000 2.118034
      vertex 1.006231 0.326944 2.118034
      vertex 0.777187 0.252523 2.282013
    endloop
  endfacet
  facet normal 0.560590 0.088789 0.823320
    outer loop
      vertex 1.058013 0.000000 2.118034
      vertex 0.777187 0.252523 2.282013
      vertex 0.817183 0.000000 2.282013
    endloop
  endfacet
  facet normal 0.417170 0.066073 0.906424
    outer loop
      vertex 0.817183 0.000000 2.282013
      vertex 0.777187 0.252523 2.282013
      vertex 0.529007 0.171885 2.402113
    endloop
  endfacet
  facet normal 0.417170 0.066073 0.906424
    outer loop
      vertex 0.817183 0.000000 2.282013
      vertex 0.529007 0.171885 2.402113
      vertex 0.556231 0.000000 2.402113
    endloop
  endfacet
  facet normal 0.257527 0.040788 0.965410
    outer loop
      vertex 0.556231 0.000000 2.402113
      vertex 0.529007 0.171885 2.402113
      vertex 0.267800 0.087014 2.475377
    endloop
  endfacet
  facet normal 0.257527 0.040788 0.965410
    outer loop
      vertex 0.556231 0.000000 2.402113
      vertex 0.267800 0.087014 2.475377
      vertex 0.281582 0.000000 2.475377
    endloop
  endfacet
  facet normal 0.087106 0.013796 0.996104
    outer loop
      vertex 0.281582 0.000000 2.475377
      vertex 0.267800 0.087014 2.475377
      vertex 0.000000 0.000000 2.500000
    endloop
  endfacet
  facet normal 0.000000 0.000000 1.000000
    outer loop
      vertex 0.281582 0.000000 2.475377
      vertex 0.000000 0.000000 2.500000
      vertex 0.000000 0.000000 2.500000
    endloop
  endfacet
  facet normal 0.888834 0.452884 0.069789
    outer loop
      vertex 1.711902 0.556231 0.500000
      vertex 1.456231 1.058013 0.500000
      vertex 1.438302 1.044988 0.812869
    endloop
  endfacet
  facet normal 0.888834 0.452884 0.069789
    outer loop
      vertex 1.711902 0.556231 0.500000
      vertex 1.438302 1.044988 0.812869
      vertex 1.690825 0.549382 0.812869
    endloop
  endfacet
  facet normal 0.871384 0.443992 0.208711
    outer loop
      vertex 1.690825 0.549382 0.812869
      vertex 1.438302 1.044988 0.812869
      vertex 1.384958 1.006231 1.118034
    endloop
  endfacet
  facet normal 0.871384 0.443992 0.208711
    outer loop
      vertex 1.690825 0.549382 0.812869
      vertex 1.384958 1.006231 1.118034
      vertex 1.628115 0.529007 1.118034
    endloop
  endfacet
  facet normal 0.836129 0.426029 0.345525
    outer loop
      vertex 1.628115 0.529007 1.118034
      vertex 1.384958 1.006231 1.118034
      vertex 1.297511 0.942697 1.407981
    endloop
  endfacet
  facet normal 0.836129 0.426029 0.345525
    outer loop
      vertex 1.628115 0.529007 1.118034
      vertex 1.297511 0.942697 1.407981
      vertex 1.525316 0.495605 1.407981
    endloop
  endfacet
  facet normal 0.782449 0.398678 0.478362
    outer loop
      vertex 1.525316 0.495605 1.407981
      vertex 1.297511 0.942697 1.407981
      vertex 1.178115 0.855951 1.675571
    endloop
  endfacet
  facet normal 0.782449 0.398678 0.478362
    outer loop
      vertex 1.525316 0.495605 1.407981
      vertex 1.178115 0.855951 1.675571
      vertex 1.384958 0.450000 1.675571
    endloop
  endfacet
  facet normal 0.709656 0.361588 0.604684
    outer loop
      vertex 1.384958 0.450000 1.675571
      vertex 1.178115 0.855951 1.675571
      vertex 1.029711 0.748128 1.914214
    endloop
  endfacet
  facet normal 0.709656 0.361588 0.604684
    outer loop
      vertex 1.384958 0.450000 1.675571
      vertex 1.029711 0.748128 1.914214
      vertex 1.210497 0.393314 1.914214
    endloop
  endfacet
  facet normal 0.617320 0.314540 0.721096
    outer loop
      vertex 1.210497 0.393314 1.914214
      vertex 1.029711 0.748128 1.914214
      vertex 0.855951 0.621885 2.118034
    endloop
  endfacet
  facet normal 0.617320 0.314540 0.721096
    outer loop
      vertex 1.210497 0.393314 1.914214
      vertex 0.855951 0.621885 2.118034
      vertex 1.006231 0.326944 2.118034
    endloop
  endfacet
  facet normal 0.505716 0.257675 0.823320
    outer loop
      vertex 1.006231 0.326944 2.118034
      vertex 0.855951 0.621885 2.118034
      vertex 0.661115 0.480328 2.282013
    endloop
  endfacet
  facet normal 0.505716 0.257675 0.823320
    outer loop
      vertex 1.006231 0.326944 2.118034
      vertex 0.661115 0.480328 2.282013
      vertex 0.777187 0.252523 2.282013
    endloop
  endfacet
  facet normal 0.376334 0.191752 0.906424
    outer loop
      vertex 0.777187 0.252523 2.282013
      vertex 0.661115 0.480328 2.282013
      vertex 0.450000 0.326944 2.402113
    endloop
  endfacet
  facet normal 0.376334 0.191752 0.906424
    outer loop
      vertex 0.777187 0.252523 2.282013
      vertex 0.450000 0.326944 2.402113
      vertex 0.529007 0.171885 2.402113
    endloop
  endfacet
  facet normal 0.232319 0.118372 0.965410
    outer loop
      vertex 0.529007 0.171885 2.402113
      vertex 0.450000 0.326944 2.402113
      vertex 0.227805 0.165510 2.475377
    endloop
  endfacet
  facet normal 0.232319 0.118372 0.965410
    outer loop
      vertex 0.529007 0.171885 2.402113
      vertex 0.227805 0.165510 2.475377
      vertex 0.267800 0.087014 2.475377
    endloop
  endfacet
  facet normal 0.078579 0.040038 0.996104
    outer loop
      vertex 0.267800 0.087014 2.475377
      vertex 0.227805 0.165510 2.475377
      vertex 0.000000 0.000000 2.500000
    endloop
  endfacet
  facet normal 0.000000 0.000000 1.000000
    outer loop
      vertex 0.267800 0.087014 2.475377
      vertex 0.000000 0.000000 2.500000
      vertex 0.000000 0.000000 2.500000
    endloop
  endfacet
  facet normal 0.705383 0.705383 0.069789
    outer loop
      vertex 1.456231 1.058013 0.500000
      vertex 1.058013 1.456231 0.500000
      vertex 1.044988 1.438302 0.812869
    endloop
  endfacet
  facet normal 0.705383 0.705383 0.069789
    outer loop
      vertex 1.456231 1.058013 0.500000
      vertex 1.044988 1.438302 0.812869
      vertex 1.438302 1.044988 0.812869
    endloop
  endfacet
  facet normal 0.691534 0.691534 0.208711
    outer loop
      vertex 1.438302 1.044988 0.812869
      vertex 1.044988 1.438302 0.812869
      vertex 1.006231 1.384958 1.118034
    endloop
  endfacet
  facet normal 0.691534 0.691534 0.208711
    outer loop
      vertex 1.438302 1.044988 0.812869
      vertex 1.006231 1.384958 1.118034
      vertex 1.384958 1.006231 1.118034
    endloop
  endfacet
  facet normal 0.663556 0.663556 0.345525
    outer loop
      vertex 1.384958 1.006231 1.118034
      vertex 1.006231 1.384958 1.118034
      vertex 0.942697 1.297511 1.407981
    endloop
  endfacet
  facet normal 0.663556 0.663556 0.345525
    outer loop
      vertex 1.384958 1.006231 1.118034
      vertex 0.942697 1.297511 1.407981
      vertex 1.297511 0.942697 1.407981
    endloop
  endfacet
  facet normal 0.620955 0.620955 0.478362
    outer loop
      vertex 1.297511 0.942697 1.407981
      vertex 0.942697 1.297511 1.407981
      vertex 0.855951 1.178115 1.675571
    endloop
  endfacet
  facet normal 0.620955 0.620955 0.478362
    outer loop
      vertex 1.297511 0.942697 1.407981
      vertex 0.855951 1.178115 1.675571
      vertex 1.178115 0.855951 1.675571
    endloop
  endfacet
  facet normal 0.563186 0.563186 0.604684
    outer loop
      vertex 1.178115 0.855951 1.675571
      vertex 0.855951 1.178115 1.675571
      vertex 0.748128 1.029711 1.914214
    endloop
  endfacet
  facet normal 0.563186 0.563186 0.604684
    outer loop
      vertex 1.178115 0.855951 1.675571
      vertex 0.748128 1.029711 1.914214
      vertex 1.029711 0.748128 1.914214
    endloop
  endfacet
  facet normal 0.489908 0.489908 0.721096
    outer loop
      vertex 1.029711 0.748128 1.914214
      vertex 0.748128 1.029711 1.914214
      vertex 0.621885 0.855951 2.118034
    endloop
  endfacet
  facet normal 0.489908 0.489908 0.721096
    outer loop
      vertex 1.029711 0.748128 1.914214
      vertex 0.621885 0.855951 2.118034
      vertex 0.855951 0.621885 2.118034
    endloop
  endfacet
  facet normal 0.401338 0.401338 0.823320
    outer loop
      vertex 0.855951 0.621885 2.118034
      vertex 0.621885 0.855951 2.118034
      vertex 0.480328 0.661115 2.282013
    endloop
  endfacet
  facet normal 0.401338 0.401338 0.823320
    outer loop
      vertex 0.855951 0.621885 2.118034
      vertex 0.480328 0.661115 2.282013
      vertex 0.661115 0.480328 2.282013
    endloop
  endfacet
  facet normal 0.298661 0.298661 0.906424
    outer loop
      vertex 0.661115 0.480328 2.282013
      vertex 0.480328 0.661115 2.282013
      vertex 0.326944 0.450000 2.402113
    endloop
  endfacet
  facet normal 0.298661 0.298661 0.906424
    outer loop
      vertex 0.661115 0.480328 2.282013
      vertex 0.326944 0.450000 2.402113
      vertex 0.450000 0.326944 2.402113
    endloop
  endfacet
  facet normal 0.184369 0.184369 0.965410
    outer loop
      vertex 0.450000 0.326944 2.402113
      vertex 0.326944 0.450000 2.402113
      vertex 0.165510 0.227805 2.475377
    endloop
  endfacet
  facet normal 0.184369 0.184369 0.965410
    outer loop
      vertex 0.450000 0.326944 2.402113
      vertex 0.165510 0.227805 2.475377
      vertex 0.227805 0.165510 2.475377
    endloop
  endfacet
  facet normal 0.062361 0.062361 0.996104
    outer loop
      vertex 0.227805 0.165510 2.475377
      vertex 0.165510 0.227805 2.475377
      vertex 0.000000 0.000000 2.500000
    endloop
  endfacet
  facet normal 0.000000 0.000000 1.000000
    outer loop
      vertex 0.227805 0.165510 2.475377
      vertex 0.000000 0.000000 2.500000
      vertex 0.000000 0.000000 2.500000
    endloop
  endfacet
  facet normal 0.452884 0.888834 0.069789
    outer loop
      vertex 1.058013 1.456231 0.500000
      vertex 0.556231 1.711902 0.500000
      vertex 0.549382 1.690825 0.812869
    endloop
  endfacet
  facet normal 0.452884 0.888834 0.069789
    outer loop
      vertex 1.058013 1.456231 0.500000
      vertex 0.549382 1.690825 0.812869
      vertex 1.044988 1.438302 0.812869
    endloop
  endfacet
  facet normal 0.443992 0.871384 0.208711
    outer loop
      vertex 1.044988 1.438302 0.812869
      vertex 0.549382 1.690825 0.812869
      vertex 0.529007 1.628115 1.118034
    endloop
  endfacet
  facet normal 0.443992 0.871384 0.208711
    outer loop
      vertex 1.044988 1.438302 0.812869
      vertex 0.529007 1.628115 1.118034
      vertex 1.006231 1.384958 1.118034
    endloop
  endfacet
  facet normal 0.426029 0.836129 0.345525
    outer loop
      vertex 1.006231 1.384958 1.118034
      vertex 0.529007 1.628115 1.118034
      vertex 0.495605 1.525316 1.407981
    endloop
  endfacet
  facet normal 0.426029 0.836129 0.345525
    outer loop
      vertex 1.006231 1.384958 1.118034
      vertex 0.495605 1.525316 1.407981
      vertex 0.942697 1.297511 1.407981
    endloop
  endfacet
  facet normal 0.398678 0.782449 0.478362
    outer loop
      vertex 0.942697 1.297511 1.407981
      vertex 0.495605 1.525316 1.407981
      vertex 0.450000 1.384958 1.675571
    endloop
  endfacet
  facet normal 0.398678 0.782449 0.478362
    outer loop
      vertex 0.942697 1.297511 1.407981
      vertex 0.450000 1.384958 1.675571
      vertex 0.855951 1.178115 1.675571
    endloop
  endfacet
  facet normal 0.361588 0.709656 0.604684
    outer loop
      vertex 0.855951 1.178115 1.675571
      vertex 0.450000 1.384958 1.675571
      vertex 0.393314 1.210497 1.914214
    endloop
  endfacet
  facet normal 0.361588 0.709656 0.604684
    outer loop
      vertex 0.855951 1.178115 1.675571
      vertex 0.393314 1.210497 1.914214
      vertex 0.748128 1.029711 1.914214
    endloop
  endfacet
  facet normal 0.314540 0.617320 0.721096
    outer loop
      vertex 0.748128 1.029711 1.914214
      vertex 0.393314 1.210497 1.914214
      vertex 0.326944 1.006231 2.118034
    endloop
  endfacet
  facet normal 0.314540 0.617320 0.721096
    outer loop
      vertex 0.748128 1.029711 1.914214
      vertex 0.326944 1.006231 2.118034
      vertex 0.621885 0.855951 2.118034
    endloop
  endfacet
  facet normal 0.257675 0.505716 0.823320
    outer loop
      vertex 0.621885 0.855951 2.118034
      vertex 0.326944 1.006231 2.118034
      vertex 0.252523 0.777187 2.282013
    endloop
  endfacet
  facet normal 0.257675 0.505716 0.823320
    outer loop
      vertex 0.621885 0.855951 2.118034
      vertex 0.252523 0.777187 2.282013
      vertex 0.480328 0.661115 2.282013
    endloop
  endfacet
  facet normal 0.191752 0.376334 0.906424
    outer loop
      vertex 0.480328 0.661115 2.282013
      vertex 0.252523 0.777187 2.282013
      vertex 0.171885 0.529007 2.402113
    endloop
  endfacet
  facet normal 0.191752 0.376334 0.906424
    outer loop
      vertex 0.480328 0.661115 2.282013
      vertex 0.171885 0.529007 2.402113
      vertex 0.326944 0.450000 2.402113
    endloop
  endfacet
  facet normal 0.118372 0.232319 0.965410
    outer loop
      vertex 0.326944 0.450000 2.402113
      vertex 0.171885 0.529007 2.402113
      vertex 0.087014 0.267800 2.475377
    endloop
  endfacet
  facet normal 0.118372 0.232319 0.965410
    outer loop
      vertex 0.326944 0.450000 2.402113
      vertex 0.087014 0.267800 2.475377
      vertex 0.165510 0.227805 2.475377
    endloop
  endfacet
  facet normal 0.040038 0.078579 0.996104
    outer loop
      vertex 0.165510 0.227805 2.475377
      vertex 0.087014 0.267800 2.475377
      vertex 0.000000 0.000000 2.500000
    endloop
  endfacet
  facet normal 0.000000 0.000000 1.000000
    outer loop
      vertex 0.165510 0.227805 2.475377
      vertex 0.000000 0.000000 2.500000
      vertex 0.000000 0.000000 2.500000
    endloop
  endfacet
  facet normal 0.156053 0.985280 0.069789
    outer loop
      vertex 0.556231 1.711902 0.500000
      vertex 0.000000 1.800000 0.500000
      vertex 0.000000 1.777839 0.812869
    endloop
  endfacet
  facet normal 0.156053 0.985280 0.069789
    outer loop
      vertex 0.556231 1.711902 0.500000
      vertex 0.000000 1.777839 0.812869
      vertex 0.549382 1.690825 0.812869
    endloop
  endfacet
  facet normal 0.152989 0.965937 0.208711
    outer loop
      vertex 0.549382 1.690825 0.812869
      vertex 0.000000 1.777839 0.812869
      vertex 0.000000 1.711902 1.118034
    endloop
  endfacet
  facet normal 0.152989 0.965937 0.208711
    outer loop
      vertex 0.549382 1.690825 0.812869
      vertex 0.000000 1.711902 1.118034
      vertex 0.529007 1.628115 1.118034
    endloop
  endfacet
  facet normal 0.146800 0.926856 0.345525
    outer loop
      vertex 0.529007 1.628115 1.118034
      vertex 0.000000 1.711902 1.118034
      vertex 0.000000 1.603812 1.407981
    endloop
  endfacet
  facet normal 0.146800 0.926856 0.345525
    outer loop
      vertex 0.529007 1.628115 1.118034
      vertex 0.000000 1.603812 1.407981
      vertex 0.495605 1.525316 1.407981
    endloop
  endfacet
  facet normal 0.137375 0.867351 0.478362
    outer loop
      vertex 0.495605 1.525316 1.407981
      vertex 0.000000 1.603812 1.407981
      vertex 0.000000 1.456231 1.675571
    endloop
  endfacet
  facet normal 0.137375 0.867351 0.478362
    outer loop
      vertex 0.495605 1.525316 1.407981
      vertex 0.000000 1.456231 1.675571
      vertex 0.450000 1.384958 1.675571
    endloop
  endfacet
  facet normal 0.124595 0.786660 0.604684
    outer loop
      vertex 0.450000 1.384958 1.675571
      vertex 0.000000 1.456231 1.675571
      vertex 0.000000 1.272792 1.914214
    endloop
  endfacet
  facet normal 0.124595 0.786660 0.604684
    outer loop
      vertex 0.450000 1.384958 1.675571
      vertex 0.000000 1.272792 1.914214
      vertex 0.393314 1.210497 1.914214
    endloop
  endfacet
  facet normal 0.108383 0.684305 0.721096
    outer loop
      vertex 0.393314 1.210497 1.914214
      vertex 0.000000 1.272792 1.914214
      vertex 0.000000 1.058013 2.118034
    endloop
  endfacet
  facet normal 0.108383 0.684305 0.721096
    outer loop
      vertex 0.393314 1.210497 1.914214
      vertex 0.000000 1.058013 2.118034
      vertex 0.326944 1.006231 2.118034
    endloop
  endfacet
  facet normal 0.088789 0.560590 0.823320
    outer loop
      vertex 0.326944 1.006231 2.118034
      vertex 0.000000 1.058013 2.118034
      vertex 0.000000 0.817183 2.282013
    endloop
  endfacet
  facet normal 0.088789 0.560590 0.823320
    outer loop
      vertex 0.326944 1.006231 2.118034
      vertex 0.000000 0.817183 2.282013
      vertex 0.252523 0.777187 2.282013
    endloop
  endfacet
  facet normal 0.066073 0.417170 0.906424
    outer loop
      vertex 0.252523 0.777187 2.282013
      vertex 0.000000 0.817183 2.282013
      vertex 0.000000 0.556231 2.402113
    endloop
  endfacet
  facet normal 0.066073 0.417170 0.906424
    outer loop
      vertex 0.252523 0.777187 2.282013
      vertex 0.000000 0.556231 2.402113
      vertex 0.171885 0.529007 2.402113
    endloop
  endfacet
  facet normal 0.040788 0.257527 0.965410
    outer loop
      vertex 0.171885 0.529007 2.402113
      vertex 0.000000 0.556231 2.402113
      vertex 0.000000 0.281582 2.475377
    endloop
  endfacet
  facet normal 0.040788 0.257527 0.965410
    outer loop
      vertex 0.171885 0.529007 2.402113
      vertex 0.000000 0.281582 2.475377
      vertex 0.087014 0.267800 2.475377
    endloop
  endfacet
  facet normal 0.013796 0.087106 0.996104
    outer loop
      vertex 0.087014 0.267800 2.475377
      vertex 0.000000 0.281582 2.475377
      vertex 0.000000 0.000000 2.500000
    endloop
  endfacet
  facet normal 0.000000 0.000000 1.000000
    outer loop
      vertex 0.087014 0.267800 2.475377
      vertex 0.000000 0.000000 2.500000
      vertex 0.000000 0.000000 2.500000
    endloop
  endfacet
  facet normal -0.156053 0.985280 0.069789
    outer loop
      vertex 0.000000 1.800000 0.500000
      vertex -0.556231 1.711902 0.500000
      vertex -0.549382 1.690825 0.812869
    endloop
  endfacet
  facet normal -0.156053 0.985280 0.069789
    outer loop
      vertex 0.000000 1.800000 0.500000
      vertex -0.549382 1.690825 0.812869
      vertex 0.000000 1.777839 0.812869
    endloop
  endfacet
  facet normal -0.152989 0.965937 0.208711
    outer loop
      vertex 0.000000 1.777839 0.812869
      vertex -0.549382 1.690825 0.812869
      vertex -0.529007 1.628115 1.118034
    endloop
  endfacet
  facet normal -0.152989 0.965937 0.208711
    outer loop
      vertex 0.000000 1.777839 0.812869
      vertex -0.529007 1.628115 1.118034
      vertex 0.000000 1.711902 1.118034
    endloop
  endfacet
  facet normal -0.146800 0.926856 0.345525
    outer loop
      vertex 0.000000 1.711902 1.118034
      vertex -0.529007 1.628115 1.118034
      vertex -0.495605 1.525316 1.407981
    endloop
  endfacet
  facet normal -0.146800 0.926856 0.345525
    outer loop
      vertex 0.000000 1.711902 1.118034
      vertex -0.495605 1.525316 1.407981
      vertex 0.000000 1.603812 1.407981
    endloop
  endfacet
  facet normal -0.137375 0.867351 0.478362
    outer loop
      vertex 0.000000 1.603812 1.407981
      vertex -0.495605 1.525316 1.407981
      vertex -0.450000 1.384958 1.675571
    endloop
  endfacet
  facet normal -0.137375 0.867351 0.478362
    outer loop
      vertex 0.000000 1.603812 1.407981
      vertex -0.450000 1.384958 1.675571
      vertex 0.000000 1.456231 1.675571
    endloop
  endfacet
  facet normal -0.124595 0.786660 0.604684
    outer loop
      vertex 0.000000 1.456231 1.675571
      vertex -0.450000 1.384958 1.675571
      vertex -0.393314 1.210497 1.914214
    endloop
  endfacet
  facet normal -0.124595 0.786660 0.604684
    outer loop
      vertex 0.000000 1.456231 1.675571
      vertex -0.393314 1.210497 1.914214
      vertex 0.000000 1.272792 1.914214
    endloop
  endfacet
  facet normal -0.108383 0.684305 0.721096
    outer loop
      vertex 0.000000 1.272792 1.914214
      vertex -0.393314 1.210497 1.914214
      vertex -0.326944 1.006231 2.118034
    endloop
  endfacet
  facet normal -0.108383 0.684305 0.721096
    outer loop
      vertex 0.000000 1.272792 1.914214
      vertex -0.326944 1.006231 2.118034
      vertex 0.000000 1.058013 2.118034
    endloop
  endfacet
  facet normal -0.088789 0.560590 0.823320
    outer loop
      vertex 0.000000 1.058013 2.118034
      vertex -0.326944 1.006231 2.118034
      vertex -0.252523 0.777187 2.282013
    endloop
  endfacet
  facet normal -0.088789 0.560590 0.823320
    outer loop
      vertex 0.000000 1.058013 2.118034
      vertex -0.252523 0.777187 2.282013
      vertex 0.000000 0.817183 2.282013
    endloop
  endfacet
  facet normal -0.066073 0.417170 0.906424
    outer loop
      vertex 0.000000 0.817183 2.282013
      vertex -0.252523 0.777187 2.282013
      vertex -0.171885 0.529007 2.402113
    endloop
  endfacet
  facet normal -0.066073 0.417170 0.906424
    outer loop
      vertex 0.000000 0.817183 2.282013
      vertex -0.171885 0.529007 2.402113
      vertex 0.000000 0.556231 2.402113
    endloop
  endfacet
  facet normal -0.040788 0.257527 0.965410
    outer loop
      vertex 0.000000 0.556231 2.402113
      vertex -0.171885 0.529007 2.402113
      vertex -0.087014 0.267800 2.475377
    endloop
  endfacet
  facet normal -0.040788 0.257527 0.965410
    outer loop
      vertex 0.000000 0.556231 2.402113
      vertex -0.087014 0.267800 2.475377
      vertex 0.000000 0.281582 2.475377
    endloop
  endfacet
  facet normal -0.013796 0.087106 0.996104
    outer loop
      vertex 0.000000 0.281582 2.475377
      vertex -0.087014 0.267800 2.475377
      vertex -0.000000 0.000000 2.500000
    endloop
  endfacet
  facet normal 0.000000 0.000000 1.000000
    outer loop
      vertex 0.000000 0.281582 2.475377
      vertex -0.000000 0.000000 2.500000
      vertex 0.000000 0.000000 2.500000
    endloop
  endfacet
  facet normal -0.452884 0.888834 0.069789
    outer loop
      vertex -0.556231 1.711902 0.500000
      vertex -1.058013 1.456231 0.500000
      vertex -1.044988 1.438302 0.812869
    endloop
  endfacet
  facet normal -0.452884 0.888834 0.069789
    outer loop
      vertex -0.556231 1.711902 0.500000
      vertex -1.044988 1.438302 0.812869
      vertex -0.549382 1.690825 0.812869
    endloop
  endfacet
  facet normal -0.443992 0.871384 0.208711
    outer loop
      vertex -0.549382 1.690825 0.812869
      vertex -1.044988 1.438302 0.812869
      vertex -1.006231 1.384958 1.118034
    endloop
  endfacet
  facet normal -0.443992 0.871384 0.208711
    outer loop
      vertex -0.549382 1.690825 0.812869
      vertex -1.006231 1.384958 1.118034
      vertex -0.529007 1.628115 1.118034
    endloop
  endfacet
  facet normal -0.426029 0.836129 0.345525
    outer loop
      vertex -0.529007 1.628115 1.118034
      vertex -1.006231 1.384958 1.118034
      vertex -0.942697 1.297511 1.407981
    endloop
  endfacet
  facet normal -0.426029 0.836129 0.345525
    outer loop
      vertex -0.529007 1.628115 1.118034
      vertex -0.942697 1.297511 1.407981
      vertex -0.495605 1.525316 1.407981
    endloop
  endfacet
  facet normal -0.398678 0.782449 0.478362
    outer loop
      vertex -0.495605 1.525316 1.407981
      vertex -0.942697 1.297511 1.407981
      vertex -0.855951 1.178115 1.675571
    endloop
  endfacet
  facet normal -0.398678 0.782449 0.478362
    outer loop
      vertex -0.495605 1.525316 1.407981
      vertex -0.855951 1.178115 1.675571
      vertex -0.450000 1.384958 1.675571
    endloop
  endfacet
  facet normal -0.361588 0.709656 0.604684
    outer loop
      vertex -0.450000 1.384958 1.675571
      vertex -0.855951 1.178115 1.675571
      vertex -0.748128 1.029711 1.914214
    endloop
  endfacet
  facet normal -0.361588 0.709656 0.604684
    outer loop
      vertex -0.450000 1.384958 1.675571
      vertex -0.748128 1.029711 1.914214
      vertex -0.393314 1.210497 1.914214
    endloop
  endfacet
  facet normal -0.314540 0.617320 0.721096
    outer loop
      vertex -0.393314 1.210497 1.914214
      vertex -0.748128 1.029711 1.914214
      vertex -0.621885 0.855951 2.118034
    endloop
  endfacet
  facet normal -0.314540 0.617320 0.721096
    outer loop
      vertex -0.393314 1.210497 1.914214
      vertex -0.621885 0.855951 2.118034
      vertex -0.326944 1.006231 2.118034
    endloop
  endfacet
  facet normal -0.257675 0.505716 0.823320
    outer loop
      vertex -0.326944 1.006231 2.118034
      vertex -0.621885 0.855951 2.118034
      vertex -0.480328 0.661115 2.282013
    endloop
  endfacet
  facet normal -0.257675 0.505716 0.823320
    outer loop
      vertex -0.326944 1.006231 2.118034
      vertex -0.480328 0.661115 2.282013
      vertex -0.252523 0.777187 2.282013
    endloop
  endfacet
  facet normal -0.191752 0.376334 0.906424
    outer loop
      vertex -0.252523 0.777187 2.282013
      vertex -0.480328 0.661115 2.282013
      vertex -0.326944 0.450000 2.402113
    endloop
  endfacet
  facet normal -0.191752 0.376334 0.906424
    outer loop
      vertex -0.252523 0.777187 2.282013
      vertex -0.326944 0.450000 2.402113
      vertex -0.171885 0.529007 2.402113
    endloop
  endfacet
  facet normal -0.118372 0.232319 0.965410
    outer loop
      vertex -0.171885 0.529007 2.402113
      vertex -0.326944 0.450000 2.402113
      vertex -0.165510 0.227805 2.475377
    endloop
  endfacet
  facet normal -0.118372 0.232319 0.965410
    outer loop
      vertex -0.171885 0.529007 2.402113
      vertex -0.165510 0.227805 2.475377
      vertex -0.087014 0.267800 2.475377
    endloop
  endfacet
  facet normal -0.040038 0.078579 0.996104
    outer loop
      vertex -0.087014 0.267800 2.475377
      vertex -0.165510 0.227805 2.475377
      vertex -0.000000 0.000000 2.500000
    endloop
  endfacet
  facet normal 0.000000 0.000000 1.000000
    outer loop
      vertex -0.087014 0.267800 2.475377
      vertex -0.000000 0.000000 2.500000
      vertex -0.000000 0.000000 2.500000
    endloop
  endfacet
  facet normal -0.705383 0.705383 0.069789
    outer loop
      vertex -1.058013 1.456231 0.500000
      vertex -1.456231 1.058013 0.500000
      vertex -1.438302 1.044988 0.812869
    endloop
  endfacet
  facet normal -0.705383 0.705383 0.069789
    outer loop
      vertex -1.058013 1.456231 0.500000
      vertex -1.438302 1.044988 0.812869
      vertex -1.044988 1.438302 0.812869
    endloop
  endfacet
  facet normal -0.691534 0.691534 0.208711
    outer loop
      vertex -1.044988 1.438302 0.812869
      vertex -1.438302 1.044988 0.812869
      vertex -1.384958 1.006231 1.118034
    endloop
  endfacet
  facet normal -0.691534 0.691534 0.208711
    outer loop
      vertex -1.044988 1.438302 0.812869
      vertex -1.384958 1.006231 1.118034
      vertex -1.006231 1.384958 1.118034
    endloop
  endfacet
  facet normal -0.663556 0.663556 0.345525
    outer loop
      vertex -1.006231 1.384958 1.118034
      vertex -1.384958 1.006231 1.118034
      vertex -1.297511 0.942697 1.407981
    endloop
  endfacet
  facet normal -0.663556 0.663556 0.345525
    outer loop
      vertex -1.006231 1.384958 1.118034
      vertex -1.297511 0.942697 1.407981
      vertex -0.942697 1.297511 1.407981
    endloop
  endfacet
  facet normal -0.620955 0.620955 0.478362
    outer loop
      vertex -0.942697 1.297511 1.407981
      vertex -1.297511 0.942697 1.407981
      vertex -1.178115 0.855951 1.675571
    endloop
  endfacet
  facet normal -0.620955 0.620955 0.478362
    outer loop
      vertex -0.942697 1.297511 1.407981
      vertex -1.178115 0.855951 1.675571
      vertex -0.855951 1.178115 1.675571
    endloop
  endfacet
  facet normal -0.563186 0.563186 0.604684
    outer loop
      vertex -0.855951 1.178115 1.675571
      vertex -1.178115 0.855951 1.675571
      vertex -1.029711 0.748128 1.914214
    endloop
  endfacet
  facet normal -0.563186 0.563186 0.604684
    outer loop
      vertex -0.855951 1.178115 1.675571
      vertex -1.029711 0.748128 1.914214
      vertex -0.748128 1.029711 1.914214
    endloop
  endfacet
  facet normal -0.489908 0.489908 0.721096
    outer loop
      vertex -0.748128 1.029711 1.914214
      vertex -1.029711 0.748128 1.914214
      vertex -0.855951 0.621885 2.118034
    endloop
  endfacet
  facet normal -0.489908 0.489908 0.721096
    outer loop
      vertex -0.748128 1.029711 1.914214
      vertex -0.855951 0.621885 2.118034
      vertex -0.621885 0.855951 2.118034
    endloop
  endfacet
  facet normal -0.401338 0.401338 0.823320
    outer loop
      vertex -0.621885 0.855951 2.118034
      vertex -0.855951 0.621885 2.118034
      vertex -0.661115 0.480328 2.282013
    endloop
  endfacet
  facet normal -0.401338 0.401338 0.823320
    outer loop
      vertex -0.621885 0.855951 2.118034
      vertex -0.661115 0.480328 2.282013
      vertex -0.480328 0.661115 2.282013
    endloop
  endfacet
  facet normal -0.298661 0.298661 0.906424
    outer loop
      vertex -0.480328 0.661115 2.282013
      vertex -0.661115 0.480328 2.282013
      vertex -0.450000 0.326944 2.402113
    endloop
  endfacet
  facet normal -0.298661 0.298661 0.906424
    outer loop
      vertex -0.480328 0.661115 2.282013
      vertex -0.450000 0.326944 2.402113
      vertex -0.326944 0.450000 2.402113
    endloop
  endfacet
  facet normal -0.184369 0.184369 0.965410
    outer loop
      vertex -0.326944 0.450000 2.402113
      vertex -0.450000 0.326944 2.402113
      vertex -0.227805 0.165510 2.475377
    endloop
  endfacet
  facet normal -0.184369 0.184369 0.965410
    outer loop
      vertex -0.326944 0.450000 2.402113
      vertex -0.227805 0.165510 2.475377
      vertex -0.165510 0.227805 2.475377
    endloop
  endfacet
  facet normal -0.062361 0.062361 0.996104
    outer loop
      vertex -0.165510 0.227805 2.475377
      vertex -0.227805 0.165510 2.475377
      vertex -0.000000 0.000000 2.500000
    endloop
  endfacet
  facet normal 0.000000 0.000000 1.000000
    outer loop
      vertex -0.165510 0.227805 2.475377
      vertex -0.000000 0.000000 2.500000
      vertex -0.000000 0.000000 2.500000
    endloop
  endfacet
  facet normal -0.888834 0.452884 0.069789
    outer loop
      vertex -1.456231 1.058013 0.500000
      vertex -1.711902 0.556231 0.500000
      vertex -1.690825 0.549382 0.812869
    endloop
  endfacet
  facet normal -0.888834 0.452884 0.069789
    outer loop
      vertex -1.456231 1.058013 0.500000
      vertex -1.690825 0.549382 0.812869
      vertex -1.438302 1.044988 0.812869
    endloop
  endfacet
  facet normal -0.871384 0.443992 0.208711
    outer loop
      vertex -1.438302 1.044988 0.812869
      vertex -1.690825 0.549382 0.812869
      vertex -1.628115 0.529007 1.118034
    endloop
  endfacet
  facet normal -0.871384 0.443992 0.208711
    outer loop
      vertex -1.438302 1.044988 0.812869
      vertex -1.628115 0.529007 1.118034
      vertex -1.384958 1.006231 1.118034
    endloop
  endfacet
  facet normal -0.836129 0.426029 0.345525
    outer loop
      vertex -1.384958 1.006231 1.118034
      vertex -1.628115 0.529007 1.118034
      vertex -1.525316 0.495605 1.407981
    endloop
  endfacet
  facet normal -0.836129 0.426029 0.345525
    outer loop
      vertex -1.384958 1.006231 1.118034
      vertex -1.525316 0.495605 1.407981
      vertex -1.297511 0.942697 1.407981
    endloop
  endfacet
  facet normal -0.782449 0.398678 0.478362
    outer loop
      vertex -1.297511 0.942697 1.407981
      vertex -1.525316 0.495605 1.407981
      vertex -1.384958 0.450000 1.675571
    endloop
  endfacet
  facet normal -0.782449 0.398678 0.478362
    outer loop
      vertex -1.297511 0.942697 1.407981
      vertex -1.384958 0.450000 1.675571
      vertex -1.178115 0.855951 1.675571
    endloop
  endfacet
  facet normal -0.709656 0.361588 0.604684
    outer loop
      vertex -1.178115 0.855951 1.675571
      vertex -1.384958 0.450000 1.675571
      vertex -1.210497 0.393314 1.914214
    endloop
  endfacet
  facet normal -0.709656 0.361588 0.604684
    outer loop
      vertex -1.178115 0.855951 1.675571
      vertex -1.210497 0.393314 1.914214
      vertex -1.029711 0.748128 1.914214
    endloop
  endfacet
  facet normal -0.617320 0.314540 0.721096
    outer loop
      vertex -1.029711 0.748128 1.914214
      vertex -1.210497 0.393314 1.914214
      vertex -1.006231 0.326944 2.118034
    endloop
  endfacet
  facet normal -0.617320 0.314540 0.721096
    outer loop
      vertex -1.029711 0.748128 1.914214
      vertex -1.006231 0.326944 2.118034
      vertex -0.855951 0.621885 2.118034
    endloop
  endfacet
  facet normal -0.505716 0.257675 0.823320
    outer loop
      vertex -0.855951 0.621885 2.118034
      vertex -1.006231 0.326944 2.118034
      vertex -0.777187 0.252523 2.282013
    endloop
  endfacet
  facet normal -0.505716 0.257675 0.823320
    outer loop
      vertex -0.855951 0.621885 2.118034
      vertex -0.777187 0.252523 2.282013
      vertex -0.661115 0.480328 2.282013
    endloop
  endfacet
  facet normal -0.376334 0.191752 0.906424
    outer loop
      vertex -0.661115 0.480328 2.282013
      vertex -0.777187 0.252523 2.282013
      vertex -0.529007 0.171885 2.402113
    endloop
  endfacet
  facet normal -0.376334 0.191752 0.906424
    outer loop
      vertex -0.661115 0.480328 2.282013
      vertex -0.529007 0.171885 2.402113
      vertex -0.450000 0.326944 2.402113
    endloop
  endfacet
  facet normal -0.232319 0.118372 0.965410
    outer loop
      vertex -0.450000 0.326944 2.402113
      vertex -0.529007 0.171885 2.402113
      vertex -0.267800 0.087014 2.475377
    endloop
  endfacet
  facet normal -0.232319 0.118372 0.965410
    outer loop
      vertex -0.450000 0.326944 2.402113
      vertex -0.267800 0.087014 2.475377
      vertex -0.227805 0.165510 2.475377
    endloop
  endfacet
  facet normal -0.078579 0.040038 0.996104
    outer loop
      vertex -0.227805 0.165510 2.475377
      vertex -0.267800 0.087014 2.475377
      vertex -0.000000 0.000000 2.500000
    endloop
  endfacet
  facet normal 0.000000 0.000000 1.000000
    outer loop
      vertex -0.227805 0.165510 2.475377
      vertex -0.000000 0.000000 2.500000
      vertex -0.000000 0.000000 2.500000
    endloop
  endfacet
  facet normal -0.985280 0.156053 0.069789
    outer loop
      vertex -1.711902 0.556231 0.500000
      vertex -1.800000 0.000000 0.500000
      vertex -1.777839 0.000000 0.812869
    endloop
  endfacet
  facet normal -0.985280 0.156053 0.069789
    outer loop
      vertex -1.711902 0.556231 0.500000
      vertex -1.777839 0.000000 0.812869
      vertex -1.690825 0.549382 0.812869
    endloop
  endfacet
  facet normal -0.965937 0.152989 0.208711
    outer loop
      vertex -1.690825 0.549382 0.812869
      vertex -1.777839 0.000000 0.812869
      vertex -1.711902 0.000000 1.118034
    endloop
  endfacet
  facet normal -0.965937 0.152989 0.208711
    outer loop
      vertex -1.690825 0.549382 0.812869
      vertex -1.711902 0.000000 1.118034
      vertex -1.628115 0.529007 1.118034
    endloop
  endfacet
  facet normal -0.926856 0.146800 0.345525
    outer loop
      vertex -1.628115 0.529007 1.118034
      vertex -1.711902 0.000000 1.118034
      vertex -1.603812 0.000000 1.407981
    endloop
  endfacet
  facet normal -0.926856 0.146800 0.345525
    outer loop
      vertex -1.628115 0.529007 1.118034
      vertex -1.603812 0.000000 1.407981
      vertex -1.525316 0.495605 1.407981
    endloop
  endfacet
  facet normal -0.867351 0.137375 0.478362
    outer loop
      vertex -1.525316 0.495605 1.407981
      vertex -1.603812 0.000000 1.407981
      vertex -1.456231 0.000000 1.675571
    endloop
  endfacet
  facet normal -0.867351 0.137375 0.478362
    outer loop
      vertex -1.525316 0.495605 1.407981
      vertex -1.456231 0.000000 1.675571
      vertex -1.384958 0.450000 1.675571
    endloop
  endfacet
  facet normal -0.786660 0.124595 0.604684
    outer loop
      vertex -1.384958 0.450000 1.675571
      vertex -1.456231 0.000000 1.675571
      vertex -1.272792 0.000000 1.914214
    endloop
  endfacet
  facet normal -0.786660 0.124595 0.604684
    outer loop
      vertex -1.384958 0.450000 1.675571
      vertex -1.272792 0.000000 1.914214
      vertex -1.210497 0.393314 1.914214
    endloop
  endfacet
  facet normal -0.684305 0.108383 0.721096
    outer loop
      vertex -1.210497 0.393314 1.914214
      vertex -1.272792 0.000000 1.914214
      vertex -1.058013 0.000000 2.118034
    endloop
  endfacet
  facet normal -0.684305 0.108383 0.721096
    outer loop
      vertex -1.210497 0.393314 1.914214
      vertex -1.058013 0.000000 2.118034
      vertex -1.006231 0.326944 2.118034
    endloop
  endfacet
  facet normal -0.560590 0.088789 0.823320
    outer loop
      vertex -1.006231 0.326944 2.118034
      vertex -1.058013 0.000000 2.118034
      vertex -0.817183 0.000000 2.282013
    endloop
  endfacet
  facet normal -0.560590 0.088789 0.823320
    outer loop
      vertex -1.006231 0.326944 2.118034
      vertex -0.817183 0.000000 2.282013
      vertex -0.777187 0.252523 2.282013
    endloop
  endfacet
  facet normal -0.417170 0.066073 0.906424
    outer loop
      vertex -0.777187 0.252523 2.282013
      vertex -0.817183 0.000000 2.282013
      vertex -0.556231 0.000000 2.402113
    endloop
  endfacet
  facet normal -0.417170 0.066073 0.906424
    outer loop
      vertex -0.777187 0.252523 2.282013
      vertex -0.556231 0.000000 2.402113
      vertex -0.529007 0.171885 2.402113
    endloop
  endfacet
  facet normal -0.257527 0.040788 0.965410
    outer loop
      vertex -0.529007 0.171885 2.402113
      vertex -0.556231 0.000000 2.402113
      vertex -0.281582 0.000000 2.475377
    endloop
  endfacet
  facet normal -0.257527 0.040788 0.965410
    outer loop
      vertex -0.529007 0.171885 2.402113
      vertex -0.281582 0.000000 2.475377
      vertex -0.267800 0.087014 2.475377
    endloop
  endfacet
  facet normal -0.087106 0.013796 0.996104
    outer loop
      vertex -0.267800 0.087014 2.475377
      vertex -0.281582 0.000000 2.475377
      vertex -0.000000 0.000000 2.500000
    endloop
  endfacet
  facet normal 0.000000 0.000000 1.000000
    outer loop
      vertex -0.267800 0.087014 2.475377
      vertex -0.000000 0.000000 2.500000
      vertex -0.000000 0.000000 2.500000
    endloop
  endfacet
  facet normal -0.985280 -0.156053 0.069789
    outer loop
      vertex -1.800000 0.000000 0.500000
      vertex -1.711902 -0.556231 0.500000
      vertex -1.690825 -0.549382 0.812869
    endloop
  endfacet
  facet normal -0.985280 -0.156053 0.069789
    outer loop
      vertex -1.800000 0.000000 0.500000
      vertex -1.690825 -0.549382 0.812869
      vertex -1.777839 0.000000 0.812869
    endloop
  endfacet
  facet normal -0.965937 -0.152989 0.208711
    outer loop
      vertex -1.777839 0.000000 0.812869
      vertex -1.690825 -0.549382 0.812869
      vertex -1.628115 -0.529007 1.118034
    endloop
  endfacet
  facet normal -0.965937 -0.152989 0.208711
    outer loop
      vertex -1.777839 0.000000 0.812869
      vertex -1.628115 -0.529007 1.118034
      vertex -1.711902 0.000000 1.118034
    endloop
  endfacet
  facet normal -0.926856 -0.146800 0.345525
    outer loop
      vertex -1.711902 0.000000 1.118034
      vertex -1.628115 -0.529007 1.118034
      vertex -1.525316 -0.495605 1.407981
    endloop
  endfacet
  facet normal -0.926856 -0.146800 0.345525
    outer loop
      vertex -1.711902 0.000000 1.118034
      vertex -1.525316 -0.495605 1.407981
      vertex -1.603812 0.000000 1.407981
    endloop
  endfacet
  facet normal -0.867351 -0.137375 0.478362
    outer loop
      vertex -1.603812 0.000000 1.407981
      vertex -1.525316 -0.495605 1.407981
      vertex -1.384958 -0.450000 1.675571
    endloop
  endfacet
  facet normal -0.867351 -0.137375 0.478362
    outer loop
      vertex -1.603812 0.000000 1.407981
      vertex -1.384958 -0.450000 1.675571
      vertex -1.456231 0.000000 1.675571
    endloop
  endfacet
  facet normal -0.786660 -0.124595 0.604684
    outer loop
      vertex -1.456231 0.000000 1.675571
      vertex -1.384958 -0.450000 1.675571
      vertex -1.210497 -0.393314 1.914214
    endloop
  endfacet
  facet normal -0.786660 -0.124595 0.604684
    outer loop
      vertex -1.456231 0.000000 1.675571
      vertex -1.210497 -0.393314 1.914214
      vertex -1.272792 0.000000 1.914214
    endloop
  endfacet
  facet normal -0.684305 -0.108383 0.721096
    outer loop
      vertex -1.272792 0.000000 1.914214
      vertex -1.210497 -0.393314 1.914214
      vertex -1.006231 -0.326944 2.118034
    endloop
  endfacet
  facet normal -0.684305 -0.108383 0.721096
    outer loop
      vertex -1.272792 0.000000 1.914214
      vertex -1.006231 -0.326944 2.118034
      vertex -1.058013 0.000000 2.118034
    endloop
  endfacet
  facet normal -0.560590 -0.088789 0.823320
    outer loop
      vertex -1.058013 0.000000 2.118034
      vertex -1.006231 -0.326944 2.118034
      vertex -0.777187 -0.252523 2.282013
    endloop
  endfacet
  facet normal -0.560590 -0.088789 0.823320
    outer loop
      vertex -1.058013 0.000000 2.118034
      vertex -0.777187 -0.252523 2.282013
      vertex -0.817183 0.000000 2.282013
    endloop
  endfacet
  facet normal -0.417170 -0.066073 0.906424
    outer loop
      vertex -0.817183 0.000000 2.282013
      vertex -0.777187 -0.252523 2.282013
      vertex -0.529007 -0.171885 2.402113
    endloop
  endfacet
  facet normal -0.417170 -0.066073 0.906424
    outer loop
      vertex -0.817183 0.000000 2.282013
      vertex -0.529007 -0.171885 2.402113
      vertex -0.556231 0.000000 2.402113
    endloop
  endfacet
  facet normal -0.257527 -0.040788 0.965410
    outer loop
      vertex -0.556231 0.000000 2.402113
      vertex -0.529007 -0.171885 2.402113
      vertex -0.267800 -0.087014 2.475377
    endloop
  endfacet
  facet normal -0.257527 -0.040788 0.965410
    outer loop
      vertex -0.556231 0.000000 2.402113
      vertex -0.267800 -0.087014 2.475377
      vertex -0.281582 0.000000 2.475377
    endloop
  endfacet
  facet normal -0.087106 -0.013796 0.996104
    outer loop
      vertex -0.281582 0.000000 2.475377
      vertex -0.267800 -0.087014 2.475377
      vertex -0.000000 -0.000000 2.500000
    endloop
  endfacet
  facet normal 0.000000 0.000000 1.000000
    outer loop
      vertex -0.281582 0.000000 2.475377
      vertex -0.000000 -0.000000 2.500000
      vertex -0.000000 0.000000 2.500000
    endloop
  endfacet
  facet normal -0.888834 -0.452884 0.069789
    outer loop
      vertex -1.711902 -0.556231 0.500000
      vertex -1.456231 -1.058013 0.500000
      vertex -1.438302 -1.044988 0.812869
    endloop
  endfacet
  facet normal -0.888834 -0.452884 0.069789
    outer loop
      vertex -1.711902 -0.556231 0.500000
      vertex -1.438302 -1.044988 0.812869
      vertex -1.690825 -0.549382 0.812869
    endloop
  endfacet
  facet normal -0.871384 -0.443992 0.208711
    outer loop
      vertex -1.690825 -0.549382 0.812869
      vertex -1.438302 -1.044988 0.812869
      vertex -1.384958 -1.006231 1.118034
    endloop
  endfacet
  facet normal -0.871384 -0.443992 0.208711
    outer loop
      vertex -1.690825 -0.549382 0.812869
      vertex -1.384958 -1.006231 1.118034
      vertex -1.628115 -0.529007 1.118034
    endloop
  endfacet
  facet normal -0.836129 -0.426029 0.345525
    outer loop
      vertex -1.628115 -0.529007 1.118034
      vertex -1.384958 -1.006231 1.118034
      vertex -1.297511 -0.942697 1.407981
    endloop
  endfacet
  facet normal -0.836129 -0.426029 0.345525
    outer loop
      vertex -1.628115 -0.529007 1.118034
      vertex -1.297511 -0.942697 1.407981
      vertex -1.525316 -0.495605 1.407981
    endloop
  endfacet
  facet normal -0.782449 -0.398678 0.478362
    outer loop
      vertex -1.525316 -0.495605 1.407981
      vertex -1.297511 -0.942697 1.407981
      vertex -1.178115 -0.855951 1.675571
    endloop
  endfacet
  facet normal -0.782449 -0.398678 0.478362
    outer loop
      vertex -1.525316 -0.495605 1.407981
      vertex -1.178115 -0.855951 1.675571
      vertex -1.384958 -0.450000 1.675571
    endloop
  endfacet
  facet normal -0.709656 -0.361588 0.604684
    outer loop
      vertex -1.384958 -0.450000 1.675571
      vertex -1.178115 -0.855951 1.675571
      vertex -1.029711 -0.748128 1.914214
    endloop
  endfacet
  facet normal -0.709656 -0.361588 0.604684
    outer loop
      vertex -1.384958 -0.450000 1.675571
      vertex -1.029711 -0.748128 1.914214
      vertex -1.210497 -0.393314 1.914214
    endloop
  endfacet
  facet normal -0.617320 -0.314540 0.721096
    outer loop
      vertex -1.210497 -0.393314 1.914214
      vertex -1.029711 -0.748128 1.914214
      vertex -0.855951 -0.621885 2.118034
    endloop
  endfacet
  facet normal -0.617320 -0.314540 0.721096
    outer loop
      vertex -1.210497 -0.393314 1.914214
      vertex -0.855951 -0.621885 2.118034
      vertex -1.006231 -0.326944 2.118034
    endloop
  endfacet
  facet normal -0.505716 -0.257675 0.823320
    outer loop
      vertex -1.006231 -0.326944 2.118034
      vertex -0.855951 -0.621885 2.118034
      vertex -0.661115 -0.480328 2.282013
    endloop
  endfacet
  facet normal -0.505716 -0.257675 0.823320
    outer loop
      vertex -1.006231 -0.326944 2.118034
      vertex -0.661115 -0.480328 2.282013
      vertex -0.777187 -0.252523 2.282013
    endloop
  endfacet
  facet normal -0.376334 -0.191752 0.906424
    outer loop
      vertex -0.777187 -0.252523 2.282013
      vertex -0.661115 -0.480328 2.282013
      vertex -0.450000 -0.326944 2.402113
    endloop
  endfacet
  facet normal -0.376334 -0.191752 0.906424
    outer loop
      vertex -0.777187 -0.252523 2.282013
      vertex -0.450000 -0.326944 2.402113
      vertex -0.529007 -0.171885 2.402113
    endloop
  endfacet
  facet normal -0.232319 -0.118372 0.965410
    outer loop
      vertex -0.529007 -0.171885 2.402113
      vertex -0.450000 -0.326944 2.402113
      vertex -0.227805 -0.165510 2.475377
    endloop
  endfacet
  facet normal -0.232319 -0.118372 0.965410
    outer loop
      vertex -0.529007 -0.171885 2.402113
      vertex -0.227805 -0.165510 2.475377
      vertex -0.267800 -0.087014 2.475377
    endloop
  endfacet
  facet normal -0.078579 -0.040038 0.996104
    outer loop
      vertex -0.267800 -0.087014 2.475377
      vertex -0.227805 -0.165510 2.475377
      vertex -0.000000 -0.000000 2.500000
    endloop
  endfacet
  facet normal 0.000000 0.000000 1.000000
    outer loop
      vertex -0.267800 -0.087014 2.475377
      vertex -0.000000 -0.000000 2.500000
      vertex -0.000000 -0.000000 2.500000
    endloop
  endfacet
  facet normal -0.705383 -0.705383 0.069789
    outer loop
      vertex -1.456231 -1.058013 0.500000
      vertex -1.058013 -1.456231 0.500000
      vertex -1.044988 -1.438302 0.812869
    endloop
  endfacet
  facet normal -0.705383 -0.705383 0.069789
    outer loop
      vertex -1.456231 -1.058013 0.500000
      vertex -1.044988 -1.438302 0.812869
      vertex -1.438302 -1.044988 0.812869
    endloop
  endfacet
  facet normal -0.691534 -0.691534 0.208711
    outer loop
      vertex -1.438302 -1.044988 0.812869
      vertex -1.044988 -1.438302 0.812869
      vertex -1.006231 -1.384958 1.118034
    endloop
  endfacet
  facet normal -0.691534 -0.691534 0.208711
    outer loop
      vertex -1.438302 -1.044988 0.812869
      vertex -1.006231 -1.384958 1.118034
      vertex -1.384958 -1.006231 1.118034
    endloop
  endfacet
  facet normal -0.663556 -0.663556 0.345525
    outer loop
      vertex -1.384958 -1.006231 1.118034
      vertex -1.006231 -1.384958 1.118034
      vertex -0.942697 -1.297511 1.407981
    endloop
  endfacet
  facet normal -0.663556 -0.663556 0.345525
    outer loop
      vertex -1.384958 -1.006231 1.118034
      vertex -0.942697 -1.297511 1.407981
      vertex -1.297511 -0.942697 1.407981
    endloop
  endfacet
  facet normal -0.620955 -0.620955 0.478362
    outer loop
      vertex -1.297511 -0.942697 1.407981
      vertex -0.942697 -1.297511 1.407981
      vertex -0.855951 -1.178115 1.675571
    endloop
  endfacet
  facet normal -0.620955 -0.620955 0.478362
    outer loop
      vertex -1.297511 -0.942697 1.407981
      vertex -0.855951 -1.178115 1.675571
      vertex -1.178115 -0.855951 1.675571
    endloop
  endfacet
  facet normal -0.563186 -0.563186 0.604684
    outer loop
      vertex -1.178115 -0.855951 1.675571
      vertex -0.855951 -1.178115 1.675571
      vertex -0.748128 -1.029711 1.914214
    endloop
  endfacet
  facet normal -0.563186 -0.563186 0.604684
    outer loop
      vertex -1.178115 -0.855951 1.675571
      vertex -0.748128 -1.029711 1.914214
      vertex -1.029711 -0.748128 1.914214
    endloop
  endfacet
  facet normal -0.489908 -0.489908 0.721096
    outer loop
      vertex -1.029711 -0.748128 1.914214
      vertex -0.748128 -1.029711 1.914214
      vertex -0.621885 -0.855951 2.118034
    endloop
  endfacet
  facet normal -0.489908 -0.489908 0.721096
    outer loop
      vertex -1.029711 -0.748128 1.914214
      vertex -0.621885 -0.855951 2.118034
      vertex -0.855951 -0.621885 2.118034
    endloop
  endfacet
  facet normal -0.401338 -0.401338 0.823320
    outer loop
      vertex -0.855951 -0.621885 2.118034
      vertex -0.621885 -0.855951 2.118034
      vertex -0.480328 -0.661115 2.282013
    endloop
  endfacet
  facet normal -0.401338 -0.401338 0.823320
    outer loop
      vertex -0.855951 -0.621885 2.118034
      vertex -0.480328 -0.661115 2.282013
      vertex -0.661115 -0.480328 2.282013
    endloop
  endfacet
  facet normal -0.298661 -0.298661 0.906424
    outer loop
      vertex -0.661115 -0.480328 2.282013
      vertex -0.480328 -0.661115 2.282013
      vertex -0.326944 -0.450000 2.402113
    endloop
  endfacet
  facet normal -0.298661 -0.298661 0.906424
    outer loop
      vertex -0.661115 -0.480328 2.282013
      vertex -0.326944 -0.450000 2.402113
      vertex -0.450000 -0.326944 2.402113
    endloop
  endfacet
  facet normal -0.184369 -0.184369 0.965410
    outer loop
      vertex -0.450000 -0.326944 2.402113
      vertex -0.326944 -0.450000 2.402113
      vertex -0.165510 -0.227805 2.475377
    endloop
  endfacet
  facet normal -0.184369 -0.184369 0.965410
    outer loop
      vertex -0.450000 -0.326944 2.402113
      vertex -0.165510 -0.227805 2.475377
      vertex -0.227805 -0.165510 2.475377
    endloop
  endfacet
  facet normal -0.062361 -0.062361 0.996104
    outer loop
      vertex -0.227805 -0.165510 2.475377
      vertex -0.165510 -0.227805 2.475377
      vertex -0.000000 -0.000000 2.500000
    endloop
  endfacet
  facet normal 0.000000 0.000000 1.000000
    outer loop
      vertex -0.227805 -0.165510 2.475377
      vertex -0.000000 -0.000000 2.500000
      vertex -0.000000 -0.000000 2.500000
    endloop
  endfacet
  facet normal -0.452884 -0.888834 0.069789
    outer loop
      vertex -1.058013 -1.456231 0.500000
      vertex -0.556231 -1.711902 0.500000
      vertex -0.549382 -1.690825 0.812869
    endloop
  endfacet
  facet normal -0.452884 -0.888834 0.069789
    outer loop
      vertex -1.058013 -1.456231 0.500000
      vertex -0.549382 -1.690825 0.812869
      vertex -1.044988 -1.438302 0.812869
    endloop
  endfacet
  facet normal -0.443992 -0.871384 0.208711
    outer loop
      vertex -1.044988 -1.438302 0.812869
      vertex -0.549382 -1.690825 0.812869
      vertex -0.529007 -1.628115 1.118034
    endloop
  endfacet
  facet normal -0.443992 -0.871384 0.208711
    outer loop
      vertex -1.044988 -1.438302 0.812869
      vertex -0.529007 -1.628115 1.118034
      vertex -1.006231 -1.384958 1.118034
    endloop
  endfacet
  facet normal -0.426029 -0.836129 0.345525
    outer loop
      vertex -1.006231 -1.384958 1.118034
      vertex -0.529007 -1.628115 1.118034
      vertex -0.495605 -1.525316 1.407981
    endloop
  endfacet
  facet normal -0.426029 -0.836129 0.345525
    outer loop
      vertex -1.006231 -1.384958 1.118034
      vertex -0.495605 -1.525316 1.407981
      vertex -0.942697 -1.297511 1.407981
    endloop
  endfacet
  facet normal -0.398678 -0.782449 0.478362
    outer loop
      vertex -0.942697 -1.297511 1.407981
      vertex -0.495605 -1.525316 1.407981
      vertex -0.450000 -1.384958 1.675571
    endloop
  endfacet
  facet normal -0.398678 -0.782449 0.478362
    outer loop
      vertex -0.942697 -1.297511 1.407981
      vertex -0.450000 -1.384958 1.675571
      vertex -0.855951 -1.178115 1.675571
    endloop
  endfacet
  facet normal -0.361588 -0.709656 0.604684
    outer loop
      vertex -0.855951 -1.178115 1.675571
      vertex -0.450000 -1.384958 1.675571
      vertex -0.393314 -1.210497 1.914214
    endloop
  endfacet
  facet normal -0.361588 -0.709656 0.604684
    outer loop
      vertex -0.855951 -1.178115 1.675571
      vertex -0.393314 -1.210497 1.914214
      vertex -0.748128 -1.029711 1.914214
    endloop
  endfacet
  facet normal -0.314540 -0.617320 0.721096
    outer loop
      vertex -0.748128 -1.029711 1.914214
      vertex -0.393314 -1.210497 1.914214
      vertex -0.326944 -1.006231 2.118034
    endloop
  endfacet
  facet normal -0.314540 -0.617320 0.721096
    outer loop
      vertex -0.748128 -1.029711 1.914214
      vertex -0.326944 -1.006231 2.118034
      vertex -0.621885 -0.855951 2.118034
    endloop
  endfacet
  facet normal -0.257675 -0.505716 0.823320
    outer loop
      vertex -0.621885 -0.855951 2.118034
      vertex -0.326944 -1.006231 2.118034
      vertex -0.252523 -0.777187 2.282013
    endloop
  endfacet
  facet normal -0.257675 -0.505716 0.823320
    outer loop
      vertex -0.621885 -0.855951 2.118034
      vertex -0.252523 -0.777187 2.282013
      vertex -0.480328 -0.661115 2.282013
    endloop
  endfacet
  facet normal -0.191752 -0.376334 0.906424
    outer loop
      vertex -0.480328 -0.661115 2.282013
      vertex -0.252523 -0.777187 2.282013
      vertex -0.171885 -0.529007 2.402113
    endloop
  endfacet
  facet normal -0.191752 -0.376334 0.906424
    outer loop
      vertex -0.480328 -0.661115 2.282013
      vertex -0.171885 -0.529007 2.402113
      vertex -0.326944 -0.450000 2.402113
    endloop
  endfacet
  facet normal -0.118372 -0.232319 0.965410
    outer loop
      vertex -0.326944 -0.450000 2.402113
      vertex -0.171885 -0.529007 2.402113
      vertex -0.087014 -0.267800 2.475377
    endloop
  endfacet
  facet normal -0.118372 -0.232319 0.965410
    outer loop
      vertex -0.326944 -0.450000 2.402113
      vertex -0.087014 -0.267800 2.475377
      vertex -0.165510 -0.227805 2.475377
    endloop
  endfacet
  facet normal -0.040038 -0.078579 0.996104
    outer loop
      vertex -0.165510 -0.227805 2.475377
      vertex -0.087014 -0.267800 2.475377
      vertex -0.000000 -0.000000 2.500000
    endloop
  endfacet
  facet normal 0.000000 0.000000 1.000000
    outer loop
      vertex -0.165510 -0.227805 2.475377
      vertex -0.000000 -0.000000 2.500000
      vertex -0.000000 -0.000000 2.500000
    endloop
  endfacet
  facet normal -0.156053 -0.985280 0.069789
    outer loop
      vertex -0.556231 -1.711902 0.500000
      vertex -0.000000 -1.800000 0.500000
      vertex -0.000000 -1.777839 0.812869
    endloop
  endfacet
  facet normal -0.156053 -0.985280 0.069789
    outer loop
      vertex -0.556231 -1.711902 0.500000
      vertex -0.000000 -1.777839 0.812869
      vertex -0.549382 -1.690825 0.812869
    endloop
  endfacet
  facet normal -0.152989 -0.965937 0.208711
    outer loop
      vertex -0.549382 -1.690825 0.812869
      vertex -0.000000 -1.777839 0.812869
      vertex -0.000000 -1.711902 1.118034
    endloop
  endfacet
  facet normal -0.152989 -0.965937 0.208711
    outer loop
      vertex -0.549382 -1.690825 0.812869
      vertex -0.000000 -1.711902 1.118034
      vertex -0.529007 -1.628115 1.118034
    endloop
  endfacet
  facet normal -0.146800 -0.926856 0.345525
    outer loop
      vertex -0.529007 -1.628115 1.118034
      vertex -0.000000 -1.711902 1.118034
      vertex -0.000000 -1.603812 1.407981
    endloop
  endfacet
  facet normal -0.146800 -0.926856 0.345525
    outer loop
      vertex -0.529007 -1.628115 1.118034
      vertex -0.000000 -1.603812 1.407981
      vertex -0.495605 -1.525316 1.407981
    endloop
  endfacet
  facet normal -0.137375 -0.867351 0.478362
    outer loop
      vertex -0.495605 -1.525316 1.407981
      vertex -0.000000 -1.603812 1.407981
      vertex -0.000000 -1.456231 1.675571
    endloop
  endfacet
  facet normal -0.137375 -0.867351 0.478362
    outer loop
      vertex -0.495605 -1.525316 1.407981
      vertex -0.000000 -1.456231 1.675571
      vertex -0.450000 -1.384958 1.675571
    endloop
  endfacet
  facet normal -0.124595 -0.786660 0.604684
    outer loop
      vertex -0.450000 -1.384958 1.675571
      vertex -0.000000 -1.456231 1.675571
      vertex -0.000000 -1.272792 1.914214
    endloop
  endfacet
  facet normal -0.124595 -0.786660 0.604684
    outer loop
      vertex -0.450000 -1.384958 1.675571
      vertex -0.000000 -1.272792 1.914214
      vertex -0.393314 -1.210497 1.914214
    endloop
  endfacet
  facet normal -0.108383 -0.684305 0.721096
    outer loop
      vertex -0.393314 -1.210497 1.914214
      vertex -0.000000 -1.272792 1.914214
      vertex -0.000000 -1.058013 2.118034
    endloop
  endfacet
  facet normal -0.108383 -0.684305 0.721096
    outer loop
      vertex -0.393314 -1.210497 1.914214
      vertex -0.000000 -1.058013 2.118034
      vertex -0.326944 -1.006231 2.118034
    endloop
  endfacet
  facet normal -0.088789 -0.560590 0.823320
    outer loop
      vertex -0.326944 -1.006231 2.118034
      vertex -0.000000 -1.058013 2.118034
      vertex -0.000000 -0.817183 2.282013
    endloop
  endfacet
  facet normal -0.088789 -0.560590 0.823320
    outer loop
      vertex -0.326944 -1.006231 2.118034
      vertex -0.000000 -0.817183 2.282013
      vertex -0.252523 -0.777187 2.282013
    endloop
  endfacet
  facet normal -0.066073 -0.417170 0.906424
    outer loop
      vertex -0.252523 -0.777187 2.282013
      vertex -0.000000 -0.817183 2.282013
      vertex -0.000000 -0.556231 2.402113
    endloop
  endfacet
  facet normal -0.066073 -0.417170 0.906424
    outer loop
      vertex -0.252523 -0.777187 2.282013
      vertex -0.000000 -0.556231 2.402113
      vertex -0.171885 -0.529007 2.402113
    endloop
  endfacet
  facet normal -0.040788 -0.257527 0.965410
    outer loop
      vertex -0.171885 -0.529007 2.402113
      vertex -0.000000 -0.556231 2.402113
      vertex -0.000000 -0.281582 2.475377
    endloop
  endfacet
  facet normal -0.040788 -0.257527 0.965410
    outer loop
      vertex -0.171885 -0.529007 2.402113
      vertex -0.000000 -0.281582 2.475377
      vertex -0.087014 -0.267800 2.475377
    endloop
  endfacet
  facet normal -0.013796 -0.087106 0.996104
    outer loop
      vertex -0.087014 -0.267800 2.475377
      vertex -0.000000 -0.281582 2.475377
      vertex -0.000000 -0.000000 2.500000
    endloop
  endfacet
  facet normal 0.000000 0.000000 1.000000
    outer loop
      vertex -0.087014 -0.267800 2.475377
      vertex -0.000000 -0.000000 2.500000
      vertex -0.000000 -0.000000 2.500000
    endloop
  endfacet
  facet normal 0.156053 -0.985280 0.069789
    outer loop
      vertex -0.000000 -1.800000 0.500000
      vertex 0.556231 -1.711902 0.500000
      vertex 0.549382 -1.690825 0.812869
    endloop
  endfacet
  facet normal 0.156053 -0.985280 0.069789
    outer loop
      vertex -0.000000 -1.800000 0.500000
      vertex 0.549382 -1.690825 0.812869
      vertex -0.000000 -1.777839 0.812869
    endloop
  endfacet
  facet normal 0.152989 -0.965937 0.208711
    outer loop
      vertex -0.000000 -1.777839 0.812869
      vertex 0.549382 -1.690825 0.812869
      vertex 0.529007 -1.628115 1.118034
    endloop
  endfacet
  facet normal 0.152989 -0.965937 0.208711
    outer loop
      vertex -0.000000 -1.777839 0.812869
      vertex 0.529007 -1.628115 1.118034
      vertex -0.000000 -1.711902 1.118034
    endloop
  endfacet
  facet normal 0.146800 -0.926856 0.345525
    outer loop
      vertex -0.000000 -1.711902 1.118034
      vertex 0.529007 -1.628115 1.118034
      vertex 0.495605 -1.525316 1.407981
    endloop
  endfacet
  facet normal 0.146800 -0.926856 0.345525
    outer loop
      vertex -0.000000 -1.711902 1.118034
      vertex 0.495605 -1.525316 1.407981
      vertex -0.000000 -1.603812 1.407981
    endloop
  endfacet
  facet normal 0.137375 -0.867351 0.478362
    outer loop
      vertex -0.000000 -1.603812 1.407981
      vertex 0.495605 -1.525316 1.407981
      vertex 0.450000 -1.384958 1.675571
    endloop
  endfacet
  facet normal 0.137375 -0.867351 0.478362
    outer loop
      vertex -0.000000 -1.603812 1.407981
      vertex 0.450000 -1.384958 1.675571
      vertex -0.000000 -1.456231 1.675571
    endloop
  endfacet
  facet normal 0.124595 -0.786660 0.604684
    outer loop
      vertex -0.000000 -1.456231 1.675571
      vertex 0.450000 -1.384958 1.675571
      vertex 0.393314 -1.210497 1.914214
    endloop
  endfacet
  facet normal 0.124595 -0.786660 0.604684
    outer loop
      vertex -0.000000 -1.456231 1.675571
      vertex 0.393314 -1.210497 1.914214
      vertex -0.000000 -1.272792 1.914214
    endloop
  endfacet
  facet normal 0.108383 -0.684305 0.721096
    outer loop
      vertex -0.000000 -1.272792 1.914214
      vertex 0.393314 -1.210497 1.914214
      vertex 0.326944 -1.006231 2.118034
    endloop
  endfacet
  facet normal 0.108383 -0.684305 0.721096
    outer loop
      vertex -0.000000 -1.272792 1.914214
      vertex 0.326944 -1.006231 2.118034
      vertex -0.000000 -1.058013 2.118034
    endloop
  endfacet
  facet normal 0.088789 -0.560590 0.823320
    outer loop
      vertex -0.000000 -1.058013 2.118034
      vertex 0.326944 -1.006231 2.118034
      vertex 0.252523 -0.777187 2.282013
    endloop
  endfacet
  facet normal 0.088789 -0.560590 0.823320
    outer loop
      vertex -0.000000 -1.058013 2.118034
      vertex 0.252523 -0.777187 2.282013
      vertex -0.000000 -0.817183 2.282013
    endloop
  endfacet
  facet normal 0.066073 -0.417170 0.906424
    outer loop
      vertex -0.000000 -0.817183 2.282013
      vertex 0.252523 -0.777187 2.282013
      vertex 0.171885 -0.529007 2.402113
    endloop
  endfacet
  facet normal 0.066073 -0.417170 0.906424
    outer loop
      vertex -0.000000 -0.817183 2.282013
      vertex 0.171885 -0.529007 2.402113
      vertex -0.000000 -0.556231 2.402113
    endloop
  endfacet
  facet normal 0.040788 -0.257527 0.965410
    outer loop
      vertex -0.000000 -0.556231 2.402113
      vertex 0.171885 -0.529007 2.402113
      vertex 0.087014 -0.267800 2.475377
    endloop
  endfacet
  facet normal 0.040788 -0.257527 0.965410
    outer loop
      vertex -0.000000 -0.556231 2.402113
      vertex 0.087014 -0.267800 2.475377
      vertex -0.000000 -0.281582 2.475377
    endloop
  endfacet
  facet normal 0.013796 -0.087106 0.996104
    outer loop
      vertex -0.000000 -0.281582 2.475377
      vertex 0.087014 -0.267800 2.475377
      vertex 0.000000 -0.000000 2.500000
    endloop
  endfacet
  facet normal 0.000000 0.000000 1.000000
    outer loop
      vertex -0.000000 -0.281582 2.475377
      vertex 0.000000 -0.000000 2.500000
      vertex -0.000000 -0.000000 2.500000
    endloop
  endfacet
  facet normal 0.452884 -0.888834 0.069789
    outer loop
      vertex 0.556231 -1.711902 0.500000
      vertex 1.058013 -1.456231 0.500000
      vertex 1.044988 -1.438302 0.812869
    endloop
  endfacet
  facet normal 0.452884 -0.888834 0.069789
    outer loop
      vertex 0.556231 -1.711902 0.500000
      vertex 1.044988 -1.438302 0.812869
      vertex 0.549382 -1.690825 0.812869
    endloop
  endfacet
  facet normal 0.443992 -0.871384 0.208711
    outer loop
      vertex 0.549382 -1.690825 0.812869
      vertex 1.044988 -1.438302 0.812869
      vertex 1.006231 -1.384958 1.118034
    endloop
  endfacet
  facet normal 0.443992 -0.871384 0.208711
    outer loop
      vertex 0.549382 -1.690825 0.812869
      vertex 1.006231 -1.384958 1.118034
      vertex 0.529007 -1.628115 1.118034
    endloop
  endfacet
  facet normal 0.426029 -0.836129 0.345525
    outer loop
      vertex 0.529007 -1.628115 1.118034
      vertex 1.006231 -1.384958 1.118034
      vertex 0.942697 -1.297511 1.407981
    endloop
  endfacet
  facet normal 0.426029 -0.836129 0.345525
    outer loop
      vertex 0.529007 -1.628115 1.118034
      vertex 0.942697 -1.297511 1.407981
      vertex 0.495605 -1.525316 1.407981
    endloop
  endfacet
  facet normal 0.398678 -0.782449 0.478362
    outer loop
      vertex 0.495605 -1.525316 1.407981
      vertex 0.942697 -1.297511 1.407981
      vertex 0.855951 -1.178115 1.675571
    endloop
  endfacet
  facet normal 0.398678 -0.782449 0.478362
    outer loop
      vertex 0.495605 -1.525316 1.407981
      vertex 0.855951 -1.178115 1.675571
      vertex 0.450000 -1.384958 1.675571
    endloop
  endfacet
  facet normal 0.361588 -0.709656 0.604684
    outer loop
      vertex 0.450000 -1.384958 1.675571
      vertex 0.855951 -1.178115 1.675571
      vertex 0.748128 -1.029711 1.914214
    endloop
  endfacet
  facet normal 0.361588 -0.709656 0.604684
    outer loop
      vertex 0.450000 -1.384958 1.675571
      vertex 0.748128 -1.029711 1.914214
      vertex 0.393314 -1.210497 1.914214
    endloop
  endfacet
  facet normal 0.314540 -0.617320 0.721096
    outer loop
      vertex 0.393314 -1.210497 1.914214
      vertex 0.748128 -1.029711 1.914214
      vertex 0.621885 -0.855951 2.118034
    endloop
  endfacet
  facet normal 0.314540 -0.617320 0.721096
    outer loop
      vertex 0.393314 -1.210497 1.914214
      vertex 0.621885 -0.855951 2.118034
      vertex 0.326944 -1.006231 2.118034
    endloop
  endfacet
  facet normal 0.257675 -0.505716 0.823320
    outer loop
      vertex 0.326944 -1.006231 2.118034
      vertex 0.621885 -0.855951 2.118034
      vertex 0.480328 -0.661115 2.282013
    endloop
  endfacet
  facet normal 0.257675 -0.505716 0.823320
    outer loop
      vertex 0.326944 -1.006231 2.118034
      vertex 0.480328 -0.661115 2.282013
      vertex 0.252523 -0.777187 2.282013
    endloop
  endfacet
  facet normal 0.191752 -0.376334 0.906424
    outer loop
      vertex 0.252523 -0.777187 2.282013
      vertex 0.480328 -0.661115 2.282013
      vertex 0.326944 -0.450000 2.402113
    endloop
  endfacet
  facet normal 0.191752 -0.376334 0.906424
    outer loop
      vertex 0.252523 -0.777187 2.282013
      vertex 0.326944 -0.450000 2.402113
      vertex 0.171885 -0.529007 2.402113
    endloop
  endfacet
  facet normal 0.118372 -0.232319 0.965410
    outer loop
      vertex 0.171885 -0.529007 2.402113
      vertex 0.326944 -0.450000 2.402113
      vertex 0.165510 -0.227805 2.475377
    endloop
  endfacet
  facet normal 0.118372 -0.232319 0.965410
    outer loop
      vertex 0.171885 -0.529007 2.402113
      vertex 0.165510 -0.227805 2.475377
      vertex 0.087014 -0.267800 2.475377
    endloop
  endfacet
  facet normal 0.040038 -0.078579 0.996104
    outer loop
      vertex 0.087014 -0.267800 2.475377
      vertex 0.165510 -0.227805 2.475377
      vertex 0.000000 -0.000000 2.500000
    endloop
  endfacet
  facet normal 0.000000 0.000000 1.000000
    outer loop
      vertex 0.087014 -0.267800 2.475377
      vertex 0.000000 -0.000000 2.500000
      vertex 0.000000 -0.000000 2.500000
    endloop
  endfacet
  facet normal 0.705383 -0.705383 0.069789
    outer loop
      vertex 1.058013 -1.456231 0.500000
      vertex 1.456231 -1.058013 0.500000
      vertex 1.438302 -1.044988 0.812869
    endloop
  endfacet
  facet normal 0.705383 -0.705383 0.069789
    outer loop
      vertex 1.058013 -1.456231 0.500000
      vertex 1.438302 -1.044988 0.812869
      vertex 1.044988 -1.438302 0.812869
    endloop
  endfacet
  facet normal 0.691534 -0.691534 0.208711
    outer loop
      vertex 1.044988 -1.438302 0.812869
      vertex 1.438302 -1.044988 0.812869
      vertex 1.384958 -1.006231 1.118034
    endloop
  endfacet
  facet normal 0.691534 -0.691534 0.208711
    outer loop
      vertex 1.044988 -1.438302 0.812869
      vertex 1.384958 -1.006231 1.118034
      vertex 1.006231 -1.384958 1.118034
    endloop
  endfacet
  facet normal 0.663556 -0.663556 0.345525
    outer loop
      vertex 1.006231 -1.384958 1.118034
      vertex 1.384958 -1.006231 1.118034
      vertex 1.297511 -0.942697 1.407981
    endloop
  endfacet
  facet normal 0.663556 -0.663556 0.345525
    outer loop
      vertex 1.006231 -1.384958 1.118034
      vertex 1.297511 -0.942697 1.407981
      vertex 0.942697 -1.297511 1.407981
    endloop
  endfacet
  facet normal 0.620955 -0.620955 0.478362
    outer loop
      vertex 0.942697 -1.297511 1.407981
      vertex 1.297511 -0.942697 1.407981
      vertex 1.178115 -0.855951 1.675571
    endloop
  endfacet
  facet normal 0.620955 -0.620955 0.478362
    outer loop
      vertex 0.942697 -1.297511 1.407981
      vertex 1.178115 -0.855951 1.675571
      vertex 0.855951 -1.178115 1.675571
    endloop
  endfacet
  facet normal 0.563186 -0.563186 0.604684
    outer loop
      vertex 0.855951 -1.178115 1.675571
      vertex 1.178115 -0.855951 1.675571
      vertex 1.029711 -0.748128 1.914214
    endloop
  endfacet
  facet normal 0.563186 -0.563186 0.604684
    outer loop
      vertex 0.855951 -1.178115 1.675571
      vertex 1.029711 -0.748128 1.914214
      vertex 0.748128 -1.029711 1.914214
    endloop
  endfacet
  facet normal 0.489908 -0.489908 0.721096
    outer loop
      vertex 0.748128 -1.029711 1.914214
      vertex 1.029711 -0.748128 1.914214
      vertex 0.855951 -0.621885 2.118034
    endloop
  endfacet
  facet normal 0.489908 -0.489908 0.721096
    outer loop
      vertex 0.748128 -1.029711 1.914214
      vertex 0.855951 -0.621885 2.118034
      vertex 0.621885 -0.855951 2.118034
    endloop
  endfacet
  facet normal 0.401338 -0.401338 0.823320
    outer loop
      vertex 0.621885 -0.855951 2.118034
      vertex 0.855951 -0.621885 2.118034
      vertex 0.661115 -0.480328 2.282013
    endloop
  endfacet
  facet normal 0.401338 -0.401338 0.823320
    outer loop
      vertex 0.621885 -0.855951 2.118034
      vertex 0.661115 -0.480328 2.282013
      vertex 0.480328 -0.661115 2.282013
    endloop
  endfacet
  facet normal 0.298661 -0.298661 0.906424
    outer loop
      vertex 0.480328 -0.661115 2.282013
      vertex 0.661115 -0.480328 2.282013
      vertex 0.450000 -0.326944 2.402113
    endloop
  endfacet
  facet normal 0.298661 -0.298661 0.906424
    outer loop
      vertex 0.480328 -0.661115 2.282013
      vertex 0.450000 -0.326944 2.402113
      vertex 0.326944 -0.450000 2.402113
    endloop
  endfacet
  facet normal 0.184369 -0.184369 0.965410
    outer loop
      vertex 0.326944 -0.450000 2.402113
      vertex 0.450000 -0.326944 2.402113
      vertex 0.227805 -0.165510 2.475377
    endloop
  endfacet
  facet normal 0.184369 -0.184369 0.965410
    outer loop
      vertex 0.326944 -0.450000 2.402113
      vertex 0.227805 -0.165510 2.475377
      vertex 0.165510 -0.227805 2.475377
    endloop
  endfacet
  facet normal 0.062361 -0.062361 0.996104
    outer loop
      vertex 0.165510 -0.227805 2.475377
      vertex 0.227805 -0.165510 2.475377
      vertex 0.000000 -0.000000 2.500000
    endloop
  endfacet
  facet normal 0.000000 0.000000 1.000000
    outer loop
      vertex 0.165510 -0.227805 2.475377
      vertex 0.000000 -0.000000 2.500000
      vertex 0.000000 -0.000000 2.500000
    endloop
  endfacet
  facet normal 0.888834 -0.452884 0.069789
    outer loop
      vertex 1.456231 -1.058013 0.500000
      vertex 1.711902 -0.556231 0.500000
      vertex 1.690825 -0.549382 0.812869
    endloop
  endfacet
  facet normal 0.888834 -0.452884 0.069789
    outer loop
      vertex 1.456231 -1.058013 0.500000
      vertex 1.690825 -0.549382 0.812869
      vertex 1.438302 -1.044988 0.812869
    endloop
  endfacet
  facet normal 0.871384 -0.443992 0.208711
    outer loop
      vertex 1.438302 -1.044988 0.812869
      vertex 1.690825 -0.549382 0.812869
      vertex 1.628115 -0.529007 1.118034
    endloop
  endfacet
  facet normal 0.871384 -0.443992 0.208711
    outer loop
      vertex 1.438302 -1.044988 0.812869
      vertex 1.628115 -0.529007 1.118034
      vertex 1.384958 -1.006231 1.118034
    endloop
  endfacet
  facet normal 0.836129 -0.426029 0.345525
    outer loop
      vertex 1.384958 -1.006231 1.118034
      vertex 1.628115 -0.529007 1.118034
      vertex 1.525316 -0.495605 1.407981
    endloop
  endfacet
  facet normal 0.836129 -0.426029 0.345525
    outer loop
      vertex 1.384958 -1.006231 1.118034
      vertex 1.525316 -0.495605 1.407981
      vertex 1.297511 -0.942697 1.407981
    endloop
  endfacet
  facet normal 0.782449 -0.398678 0.478362
    outer loop
      vertex 1.297511 -0.942697 1.407981
      vertex 1.525316 -0.495605 1.407981
      vertex 1.384958 -0.450000 1.675571
    endloop
  endfacet
  facet normal 0.782449 -0.398678 0.478362
    outer loop
      vertex 1.297511 -0.942697 1.407981
      vertex 1.384958 -0.450000 1.675571
      vertex 1.178115 -0.855951 1.675571
    endloop
  endfacet
  facet normal 0.709656 -0.361588 0.604684
    outer loop
      vertex 1.178115 -0.855951 1.675571
      vertex 1.384958 -0.450000 1.675571
      vertex 1.210497 -0.393314 1.914214
    endloop
  endfacet
  facet normal 0.709656 -0.361588 0.604684
    outer loop
      vertex 1.178115 -0.855951 1.675571
      vertex 1.210497 -0.393314 1.914214
      vertex 1.029711 -0.748128 1.914214
    endloop
  endfacet
  facet normal 0.617320 -0.314540 0.721096
    outer loop
      vertex 1.029711 -0.748128 1.914214
      vertex 1.210497 -0.393314 1.914214
      vertex 1.006231 -0.326944 2.118034
    endloop
  endfacet
  facet normal 0.617320 -0.314540 0.721096
    outer loop
      vertex 1.029711 -0.748128 1.914214
      vertex 1.006231 -0.326944 2.118034
      vertex 0.855951 -0.621885 2.118034
    endloop
  endfacet
  facet normal 0.505716 -0.257675 0.823320
    outer loop
      vertex 0.855951 -0.621885 2.118034
      vertex 1.006231 -0.326944 2.118034
      vertex 0.777187 -0.252523 2.282013
    endloop
  endfacet
  facet normal 0.505716 -0.257675 0.823320
    outer loop
      vertex 0.855951 -0.621885 2.118034
      vertex 0.777187 -0.252523 2.282013
      vertex 0.661115 -0.480328 2.282013
    endloop
  endfacet
  facet normal 0.376334 -0.191752 0.906424
    outer loop
      vertex 0.661115 -0.480328 2.282013
      vertex 0.777187 -0.252523 2.282013
      vertex 0.529007 -0.171885 2.402113
    endloop
  endfacet
  facet normal 0.376334 -0.191752 0.906424
    outer loop
      vertex 0.661115 -0.480328 2.282013
      vertex 0.529007 -0.171885 2.402113
      vertex 0.450000 -0.326944 2.402113
    endloop
  endfacet
  facet normal 0.232319 -0.118372 0.965410
    outer loop
      vertex 0.450000 -0.326944 2.402113
      vertex 0.529007 -0.171885 2.402113
      vertex 0.267800 -0.087014 2.475377
    endloop
  endfacet
  facet normal 0.232319 -0.118372 0.965410
    outer loop
      vertex 0.450000 -0.326944 2.402113
      vertex 0.267800 -0.087014 2.475377
      vertex 0.227805 -0.165510 2.475377
    endloop
  endfacet
  facet normal 0.078579 -0.040038 0.996104
    outer loop
      vertex 0.227805 -0.165510 2.475377
      vertex 0.267800 -0.087014 2.475377
      vertex 0.000000 -0.000000 2.500000
    endloop
  endfacet
  facet normal 0.000000 0.000000 1.000000
    outer loop
      vertex 0.227805 -0.165510 2.475377
      vertex 0.000000 -0.000000 2.500000
      vertex 0.000000 -0.000000 2.500000
    endloop
  endfacet
  facet normal 0.985280 -0.156053 0.069789
    outer loop
      vertex 1.711902 -0.556231 0.500000
      vertex 1.800000 -0.000000 0.500000
      vertex 1.777839 -0.000000 0.812869
    endloop
  endfacet
  facet normal 0.985280 -0.156053 0.069789
    outer loop
      vertex 1.711902 -0.556231 0.500000
      vertex 1.777839 -0.000000 0.812869
      vertex 1.690825 -0.549382 0.812869
    endloop
  endfacet
  facet normal 0.965937 -0.152989 0.208711
    outer loop
      vertex 1.690825 -0.549382 0.812869
      vertex 1.777839 -0.000000 0.812869
      vertex 1.711902 -0.000000 1.118034
    endloop
  endfacet
  facet normal 0.965937 -0.152989 0.208711
    outer loop
      vertex 1.690825 -0.549382 0.812869
      vertex 1.711902 -0.000000 1.118034
      vertex 1.628115 -0.529007 1.118034
    endloop
  endfacet
  facet normal 0.926856 -0.146800 0.345525
    outer loop
      vertex 1.628115 -0.529007 1.118034
      vertex 1.711902 -0.000000 1.118034
      vertex 1.603812 -0.000000 1.407981
    endloop
  endfacet
  facet normal 0.926856 -0.146800 0.345525
    outer loop
      vertex 1.628115 -0.529007 1.118034
      vertex 1.603812 -0.000000 1.407981
      vertex 1.525316 -0.495605 1.407981
    endloop
  endfacet
  facet normal 0.867351 -0.137375 0.478362
    outer loop
      vertex 1.525316 -0.495605 1.407981
      vertex 1.603812 -0.000000 1.407981
      vertex 1.456231 -0.000000 1.675571
    endloop
  endfacet
  facet normal 0.867351 -0.137375 0.478362
    outer loop
      vertex 1.525316 -0.495605 1.407981
      vertex 1.456231 -0.000000 1.675571
      vertex 1.384958 -0.450000 1.675571
    endloop
  endfacet
  facet normal 0.786660 -0.124595 0.604684
    outer loop
      vertex 1.384958 -0.450000 1.675571
      vertex 1.456231 -0.000000 1.675571
      vertex 1.272792 -0.000000 1.914214
    endloop
  endfacet
  facet normal 0.786660 -0.124595 0.604684
    outer loop
      vertex 1.384958 -0.450000 1.675571
      vertex 1.272792 -0.000000 1.914214
      vertex 1.210497 -0.393314 1.914214
    endloop
  endfacet
  facet normal 0.684305 -0.108383 0.721096
    outer loop
      vertex 1.210497 -0.393314 1.914214
      vertex 1.272792 -0.000000 1.914214
      vertex 1.058013 -0.000000 2.118034
    endloop
  endfacet
  facet normal 0.684305 -0.108383 0.721096
    outer loop
      vertex 1.210497 -0.393314 1.914214
      vertex 1.058013 -0.000000 2.118034
      vertex 1.006231 -0.326944 2.118034
    endloop
  endfacet
  facet normal 0.560590 -0.088789 0.823320
    outer loop
      vertex 1.006231 -0.326944 2.118034
      vertex 1.058013 -0.000000 2.118034
      vertex 0.817183 -0.000000 2.282013
    endloop
  endfacet
  facet normal 0.560590 -0.088789 0.823320
    outer loop
      vertex 1.006231 -0.326944 2.118034
      vertex 0.817183 -0.000000 2.282013
      vertex 0.777187 -0.252523 2.282013
    endloop
  endfacet
  facet normal 0.417170 -0.066073 0.906424
    outer loop
      vertex 0.777187 -0.252523 2.282013
      vertex 0.817183 -0.000000 2.282013
      vertex 0.556231 -0.000000 2.402113
    endloop
  endfacet
  facet normal 0.417170 -0.066073 0.906424
    outer loop
      vertex 0.777187 -0.252523 2.282013
      vertex 0.556231 -0.000000 2.402113
      vertex 0.529007 -0.171885 2.402113
    endloop
  endfacet
  facet normal 0.257527 -0.040788 0.965410
    outer loop
      vertex 0.529007 -0.171885 2.402113
      vertex 0.556231 -0.000000 2.402113
      vertex 0.281582 -0.000000 2.475377
    endloop
  endfacet
  facet normal 0.257527 -0.040788 0.965410
    outer loop
      vertex 0.529007 -0.171885 2.402113
      vertex 0.281582 -0.000000 2.475377
      vertex 0.267800 -0.087014 2.475377
    endloop
  endfacet
  facet normal 0.087106 -0.013796 0.996104
    outer loop
      vertex 0.267800 -0.087014 2.475377
      vertex 0.281582 -0.000000 2.475377
      vertex 0.000000 -0.000000 2.500000
    endloop
  endfacet
  facet normal 0.000000 0.000000 1.000000
    outer loop
      vertex 0.267800 -0.087014 2.475377
      vertex 0.000000 -0.000000 2.500000
      vertex 0.000000 -0.000000 2.500000
    endloop
  endfacet
  facet normal 0.000000 0.000000 1.000000
    outer loop
      vertex 0.000000 0.000000 0.500000
      vertex 1.800000 0.000000 0.500000
      vertex 1.711902 0.556231 0.500000
    endloop
  endfacet
  facet normal 0.000000 0.000000 1.000000
    outer loop
      vertex 0.000000 0.000000 0.500000
      vertex 1.711902 0.556231 0.500000
      vertex 1.456231 1.058013 0.500000
    endloop
  endfacet
  facet normal 0.000000 0.000000 1.000000
    outer loop
      vertex 0.000000 0.000000 0.500000
      vertex 1.456231 1.058013 0.500000
      vertex 1.058013 1.456231 0.500000
    endloop
  endfacet
  facet normal 0.000000 0.000000 1.000000
    outer loop
      vertex 0.000000 0.000000 0.500000
      vertex 1.058013 1.456231 0.500000
      vertex 0.556231 1.711902 0.500000
    endloop
  endfacet
  facet normal 0.000000 0.000000 1.000000
    outer loop
      vertex 0.000000 0.000000 0.500000
      vertex 0.556231 1.711902 0.500000
      vertex 0.000000 1.800000 0.500000
    endloop
  endfacet
  facet normal 0.000000 -0.000000 1.000000
    outer loop
      vertex 0.000000 0.000000 0.500000
      vertex 0.000000 1.800000 0.500000
      vertex -0.556231 1.711902 0.500000
    endloop
  endfacet
  facet normal 0.000000 0.000000 1.000000
    outer loop
      vertex 0.000000 0.000000 0.500000
      vertex -0.556231 1.711902 0.500000
      vertex -1.058013 1.456231 0.500000
    endloop
  endfacet
  facet normal 0.000000 0.000000 1.000000
    outer loop
      vertex 0.000000 0.000000 0.500000
      vertex -1.058013 1.456231 0.500000
      vertex -1.456231 1.058013 0.500000
    endloop
  endfacet
  facet normal 0.000000 0.000000 1.000000
    outer loop
      vertex 0.000000 0.000000 0.500000
      vertex -1.456231 1.058013 0.500000
      vertex -1.711902 0.556231 0.500000
    endloop
  endfacet
  facet normal 0.000000 0.000000 1.000000
    outer loop
      vertex 0.000000 0.000000 0.500000
      vertex -1.711902 0.556231 0.500000
      vertex -1.800000 0.000000 0.500000
    endloop
  endfacet
  facet normal 0.000000 0.000000 1.000000
    outer loop
      vertex 0.000000 0.000000 0.500000
      vertex -1.800000 0.000000 0.500000
      vertex -1.711902 -0.556231 0.500000
    endloop
  endfacet
  facet normal 0.000000 0.000000 1.000000
    outer loop
      vertex 0.000000 0.000000 0.500000
      vertex -1.711902 -0.556231 0.500000
      vertex -1.456231 -1.058013 0.500000
    endloop
  endfacet
  facet normal 0.000000 0.000000 1.000000
    outer loop
      vertex 0.000000 0.000000 0.500000
      vertex -1.456231 -1.058013 0.500000
      vertex -1.058013 -1.456231 0.500000
    endloop
  endfacet
  facet normal 0.000000 0.000000 1.000000
    outer loop
      vertex 0.000000 0.000000 0.500000
      vertex -1.058013 -1.456231 0.500000
      vertex -0.556231 -1.711902 0.500000
    endloop
  endfacet
  facet normal 0.000000 0.000000 1.000000
    outer loop
      vertex 0.000000 0.000000 0.500000
      vertex -0.556231 -1.711902 0.500000
      vertex -0.000000 -1.800000 0.500000
    endloop
  endfacet
  facet normal 0.000000 0.000000 1.000000
    outer loop
      vertex 0.000000 0.000000 0.500000
      vertex -0.000000 -1.800000 0.500000
      vertex 0.556231 -1.711902 0.500000
    endloop
  endfacet
  facet normal 0.000000 0.000000 1.000000
    outer loop
      vertex 0.000000 0.000000 0.500000
      vertex 0.556231 -1.711902 0.500000
      vertex 1.058013 -1.456231 0.500000
    endloop
  endfacet
  facet normal 0.000000 0.000000 1.000000
    outer loop
      vertex 0.000000 0.000000 0.500000
      vertex 1.058013 -1.456231 0.500000
      vertex 1.456231 -1.058013 0.500000
    endloop
  endfacet
  facet normal 0.000000 0.000000 1.000000
    outer loop
      vertex 0.000000 0.000000 0.500000
      vertex 1.456231 -1.058013 0.500000
      vertex 1.711902 -0.556231 0.500000
    endloop
  endfacet
  facet normal 0.000000 0.000000 1.000000
    outer loop
      vertex 0.000000 0.000000 0.500000
      vertex 1.711902 -0.556231 0.500000
      vertex 1.800000 -0.000000 0.500000
    endloop
  endfacet
endsolid earring_20mm
