solid pendant_32mm
  facet normal 0.000000 0.000000 -1.000000
    outer loop
      vertex 0.000000 0.000000 0.000000
      vertex 15.863118 2.088419 0.000000
      vertex 16.000000 0.000000 0.000000
    endloop
  endfacet
  facet normal 0.000000 0.000000 1.000000
    outer loop
      vertex 0.000000 0.000000 0.500000
      vertex 16.000000 0.000000 0.500000
      vertex 15.863118 2.088419 0.500000
    endloop
  endfacet
  facet normal 0.997859 0.065403 0.000000
    outer loop
      vertex 16.000000 0.000000 0.000000
      vertex 15.863118 2.088419 0.000000
      vertex 15.863118 2.088419 0.500000
    endloop
  endfacet
  facet normal 0.997859 0.065403 -0.000000
    outer loop
      vertex 16.000000 0.000000 0.000000
      vertex 15.863118 2.088419 0.500000
      vertex 16.000000 0.000000 0.500000
    endloop
  endfacet
  facet normal 0.000000 0.000000 -1.000000
    outer loop
      vertex 0.000000 0.000000 0.000000
      vertex 15.454813 4.141105 0.000000
      vertex 15.863118 2.088419 0.000000
    endloop
  endfacet
  facet normal 0.000000 0.000000 1.000000
    outer loop
      vertex 0.000000 0.000000 0.500000
      vertex 15.863118 2.088419 0.500000
      vertex 15.454813 4.141105 0.500000
    endloop
  endfacet
  facet normal 0.980785 0.195090 0.000000
    outer loop
      vertex 15.863118 2.088419 0.000000
      vertex 15.454813 4.141105 0.000000
      vertex 15.454813 4.141105 0.500000
    endloop
  endfacet
  facet normal 0.980785 0.195090 -0.000000
    outer loop
      vertex 15.863118 2.088419 0.000000
      vertex 15.454813 4.141105 0.500000
      vertex 15.863118 2.088419 0.500000
    endloop
  endfacet
  facet normal 0.000000 0.000000 -1.000000
    outer loop
      vertex 0.000000 0.000000 0.000000
      vertex 14.782073 6.122935 0.000000
      vertex 15.454813 4.141105 0.000000
    endloop
  endfacet
  facet normal 0.000000 0.000000 1.000000
    outer loop
      vertex 0.000000 0.000000 0.500000
      vertex 15.454813 4.141105 0.500000
      vertex 14.782073 6.122935 0.500000
    endloop
  endfacet
  facet normal 0.946930 0.321439 0.000000
    outer loop
      vertex 15.454813 4.141105 0.000000
      vertex 14.782073 6.122935 0.000000
      vertex 14.782073 6.122935 0.500000
    endloop
  endfacet
  facet normal 0.946930 0.321439 -0.000000
    outer loop
      vertex 15.454813 4.141105 0.000000
      vertex 14.782073 6.122935 0.500000
      vertex 15.454813 4.141105 0.500000
    endloop
  endfacet
  facet normal 0.000000 0.000000 -1.000000
    outer loop
      vertex 0.000000 0.000000 0.000000
      vertex 13.856406 8.000000 0.000000
      vertex 14.782073 6.122935 0.000000
    endloop
  endfacet
  facet normal 0.000000 0.000000 1.000000
    outer loop
      vertex 0.000000 0.000000 0.500000
      vertex 14.782073 6.122935 0.500000
      vertex 13.856406 8.000000 0.500000
    endloop
  endfacet
  facet normal 0.896873 0.442289 0.000000
    outer loop
      vertex 14.782073 6.122935 0.000000
      vertex 13.856406 8.000000 0.000000
      vertex 13.856406 8.000000 0.500000
    endloop
  endfacet
  facet normal 0.896873 0.442289 -0.000000
    outer loop
      vertex 14.782073 6.122935 0.000000
      vertex 13.856406 8.000000 0.500000
      vertex 14.782073 6.122935 0.500000
    endloop
  endfacet
  facet normal 0.000000 0.000000 -1.000000
    outer loop
      vertex 0.000000 0.000000 0.000000
      vertex 12.693653 9.740183 0.000000
      vertex 13.856406 8.000000 0.000000
    endloop
  endfacet
  facet normal 0.000000 0.000000 1.000000
    outer loop
      vertex 0.000000 0.000000 0.500000
      vertex 13.856406 8.000000 0.500000
      vertex 12.693653 9.740183 0.500000
    endloop
  endfacet
  facet normal 0.831470 0.555570 0.000000
    outer loop
      vertex 13.856406 8.000000 0.000000
      vertex 12.693653 9.740183 0.000000
      vertex 12.693653 9.740183 0.500000
    endloop
  endfacet
  facet normal 0.831470 0.555570 -0.000000
    outer loop
      vertex 13.856406 8.000000 0.000000
      vertex 12.693653 9.740183 0.500000
      vertex 13.856406 8.000000 0.500000
    endloop
  endfacet
  facet normal 0.000000 0.000000 -1.000000
    outer loop
      vertex 0.000000 0.000000 0.000000
      vertex 11.313708 11.313708 0.000000
      vertex 12.693653 9.740183 0.000000
    endloop
  endfacet
  facet normal 0.000000 0.000000 1.000000
    outer loop
      vertex 0.000000 0.000000 0.500000
      vertex 12.693653 9.740183 0.500000
      vertex 11.313708 11.313708 0.500000
    endloop
  endfacet
  facet normal 0.751840 0.659346 0.000000
    outer loop
      vertex 12.693653 9.740183 0.000000
      vertex 11.313708 11.313708 0.000000
      vertex 11.313708 11.313708 0.500000
    endloop
  endfacet
  facet normal 0.751840 0.659346 -0.000000
    outer loop
      vertex 12.693653 9.740183 0.000000
      vertex 11.313708 11.313708 0.500000
      vertex 12.693653 9.740183 0.500000
    endloop
  endfacet
  facet normal 0.000000 0.000000 -1.000000
    outer loop
      vertex 0.000000 0.000000 0.000000
      vertex 9.740183 12.693653 0.000000
      vertex 11.313708 11.313708 0.000000
    endloop
  endfacet
  facet normal 0.000000 0.000000 1.000000
    outer loop
      vertex 0.000000 0.000000 0.500000
      vertex 11.313708 11.313708 0.500000
      vertex 9.740183 12.693653 0.500000
    endloop
  endfacet
  facet normal 0.659346 0.751840 0.000000
    outer loop
      vertex 11.313708 11.313708 0.000000
      vertex 9.740183 12.693653 0.000000
      vertex 9.740183 12.693653 0.500000
    endloop
  endfacet
  facet normal 0.659346 0.751840 -0.000000
    outer loop
      vertex 11.313708 11.313708 0.000000
      vertex 9.740183 12.693653 0.500000
      vertex 11.313708 11.313708 0.500000
    endloop
  endfacet
  facet normal 0.000000 0.000000 -1.000000
    outer loop
      vertex 0.000000 0.000000 0.000000
      vertex 8.000000 13.856406 0.000000
      vertex 9.740183 12.693653 0.000000
    endloop
  endfacet
  facet normal 0.000000 0.000000 1.000000
    outer loop
      vertex 0.000000 0.000000 0.500000
      vertex 9.740183 12.693653 0.500000
      vertex 8.000000 13.856406 0.500000
    endloop
  endfacet
  facet normal 0.555570 0.831470 0.000000
    outer loop
      vertex 9.740183 12.693653 0.000000
      vertex 8.000000 13.856406 0.000000
      vertex 8.000000 13.856406 0.500000
    endloop
  endfacet
  facet normal 0.555570 0.831470 -0.000000
    outer loop
      vertex 9.740183 12.693653 0.000000
      vertex 8.000000 13.856406 0.500000
      vertex 9.740183 12.693653 0.500000
    endloop
  endfacet
  facet normal 0.000000 0.000000 -1.000000
    outer loop
      vertex 0.000000 0.000000 0.000000
      vertex 6.122935 14.782073 0.000000
      vertex 8.000000 13.856406 0.000000
    endloop
  endfacet
  facet normal 0.000000 0.000000 1.000000
    outer loop
      vertex 0.000000 0.000000 0.500000
      vertex 8.000000 13.856406 0.500000
      vertex 6.122935 14.782073 0.500000
    endloop
  endfacet
  facet normal 0.442289 0.896873 0.000000
    outer loop
      vertex 8.000000 13.856406 0.000000
      vertex 6.122935 14.782073 0.000000
      vertex 6.122935 14.782073 0.500000
    endloop
  endfacet
  facet normal 0.442289 0.896873 -0.000000
    outer loop
      vertex 8.000000 13.856406 0.000000
      vertex 6.122935 14.782073 0.500000
      vertex 8.000000 13.856406 0.500000
    endloop
  endfacet
  facet normal 0.000000 0.000000 -1.000000
    outer loop
      vertex 0.000000 0.000000 0.000000
      vertex 4.141105 15.454813 0.000000
      vertex 6.122935 14.782073 0.000000
    endloop
  endfacet
  facet normal 0.000000 0.000000 1.000000
    outer loop
      vertex 0.000000 0.000000 0.500000
      vertex 6.122935 14.782073 0.500000
      vertex 4.141105 15.454813 0.500000
    endloop
  endfacet
  facet normal 0.321439 0.946930 0.000000
    outer loop
      vertex 6.122935 14.782073 0.000000
      vertex 4.141105 15.454813 0.000000
      vertex 4.141105 15.454813 0.500000
    endloop
  endfacet
  facet normal 0.321439 0.946930 -0.000000
    outer loop
      vertex 6.122935 14.782073 0.000000
      vertex 4.141105 15.454813 0.500000
      vertex 6.122935 14.782073 0.500000
    endloop
  endfacet
  facet normal 0.000000 0.000000 -1.000000
    outer loop
      vertex 0.000000 0.000000 0.000000
      vertex 2.088419 15.863118 0.000000
      vertex 4.141105 15.454813 0.000000
    endloop
  endfacet
  facet normal 0.000000 0.000000 1.000000
    outer loop
      vertex 0.000000 0.000000 0.500000
      vertex 4.141105 15.454813 0.500000
      vertex 2.088419 15.863118 0.500000
    endloop
  endfacet
  facet normal 0.195090 0.980785 0.000000
    outer loop
      vertex 4.141105 15.454813 0.000000
      vertex 2.088419 15.863118 0.000000
      vertex 2.088419 15.863118 0.500000
    endloop
  endfacet
  facet normal 0.195090 0.980785 -0.000000
    outer loop
      vertex 4.141105 15.454813 0.000000
      vertex 2.088419 15.863118 0.500000
      vertex 4.141105 15.454813 0.500000
    endloop
  endfacet
  facet normal 0.000000 0.000000 -1.000000
    outer loop
      vertex 0.000000 0.000000 0.000000
      vertex 0.000000 16.000000 0.000000
      vertex 2.088419 15.863118 0.000000
    endloop
  endfacet
  facet normal 0.000000 0.000000 1.000000
    outer loop
      vertex 0.000000 0.000000 0.500000
      vertex 2.088419 15.863118 0.500000
      vertex 0.000000 16.000000 0.500000
    endloop
  endfacet
  facet normal 0.065403 0.997859 0.000000
    outer loop
      vertex 2.088419 15.863118 0.000000
      vertex 0.000000 16.000000 0.000000
      vertex 0.000000 16.000000 0.500000
    endloop
  endfacet
  facet normal 0.065403 0.997859 -0.000000
    outer loop
      vertex 2.088419 15.863118 0.000000
      vertex 0.000000 16.000000 0.500000
      vertex 2.088419 15.863118 0.500000
    endloop
  endfacet
  facet normal 0.000000 0.000000 -1.000000
    outer loop
      vertex 0.000000 0.000000 0.000000
      vertex -2.088419 15.863118 0.000000
      vertex 0.000000 16.000000 0.000000
    endloop
  endfacet
  facet normal 0.000000 -0.000000 1.000000
    outer loop
      vertex 0.000000 0.000000 0.500000
      vertex 0.000000 16.000000 0.500000
      vertex -2.088419 15.863118 0.500000
    endloop
  endfacet
  facet normal -0.065403 0.997859 0.000000
    outer loop
      vertex 0.000000 16.000000 0.000000
      vertex -2.088419 15.863118 0.000000
      vertex -2.088419 15.863118 0.500000
    endloop
  endfacet
  facet normal -0.065403 0.997859 0.000000
    outer loop
      vertex 0.000000 16.000000 0.000000
      vertex -2.088419 15.863118 0.500000
      vertex 0.000000 16.000000 0.500000
    endloop
  endfacet
  facet normal 0.000000 0.000000 -1.000000
    outer loop
      vertex 0.000000 0.000000 0.000000
      vertex -4.141105 15.454813 0.000000
      vertex -2.088419 15.863118 0.000000
    endloop
  endfacet
  facet normal 0.000000 0.000000 1.000000
    outer loop
      vertex 0.000000 0.000000 0.500000
      vertex -2.088419 15.863118 0.500000
      vertex -4.141105 15.454813 0.500000
    endloop
  endfacet
  facet normal -0.195090 0.980785 0.000000
    outer loop
      vertex -2.088419 15.863118 0.000000
      vertex -4.141105 15.454813 0.000000
      vertex -4.141105 15.454813 0.500000
    endloop
  endfacet
  facet normal -0.195090 0.980785 0.000000
    outer loop
      vertex -2.088419 15.863118 0.000000
      vertex -4.141105 15.454813 0.500000
      vertex -2.088419 15.863118 0.500000
    endloop
  endfacet
  facet normal 0.000000 0.000000 -1.000000
    outer loop
      vertex 0.000000 0.000000 0.000000
      vertex -6.122935 14.782073 0.000000
      vertex -4.141105 15.454813 0.000000
    endloop
  endfacet
  facet normal 0.000000 0.000000 1.000000
    outer loop
      vertex 0.000000 0.000000 0.500000
      vertex -4.141105 15.454813 0.500000
      vertex -6.122935 14.782073 0.500000
    endloop
  endfacet
  facet normal -0.321439 0.946930 0.000000
    outer loop
      vertex -4.141105 15.454813 0.000000
      vertex -6.122935 14.782073 0.000000
      vertex -6.122935 14.782073 0.500000
    endloop
  endfacet
  facet normal -0.321439 0.946930 0.000000
    outer loop
      vertex -4.141105 15.454813 0.000000
      vertex -6.122935 14.782073 0.500000
      vertex -4.141105 15.454813 0.500000
    endloop
  endfacet
  facet normal 0.000000 0.000000 -1.000000
    outer loop
      vertex 0.000000 0.000000 0.000000
      vertex -8.000000 13.856406 0.000000
      vertex -6.122935 14.782073 0.000000
    endloop
  endfacet
  facet normal 0.000000 0.000000 1.000000
    outer loop
      vertex 0.000000 0.000000 0.500000
      vertex -6.122935 14.782073 0.500000
      vertex -8.000000 13.856406 0.500000
    endloop
  endfacet
  facet normal -0.442289 0.896873 0.000000
    outer loop
      vertex -6.122935 14.782073 0.000000
      vertex -8.000000 13.856406 0.000000
      vertex -8.000000 13.856406 0.500000
    endloop
  endfacet
  facet normal -0.442289 0.896873 0.000000
    outer loop
      vertex -6.122935 14.782073 0.000000
      vertex -8.000000 13.856406 0.500000
      vertex -6.122935 14.782073 0.500000
    endloop
  endfacet
  facet normal 0.000000 0.000000 -1.000000
    outer loop
      vertex 0.000000 0.000000 0.000000
      vertex -9.740183 12.693653 0.000000
      vertex -8.000000 13.856406 0.000000
    endloop
  endfacet
  facet normal 0.000000 0.000000 1.000000
    outer loop
      vertex 0.000000 0.000000 0.500000
      vertex -8.000000 13.856406 0.500000
      vertex -9.740183 12.693653 0.500000
    endloop
  endfacet
  facet normal -0.555570 0.831470 0.000000
    outer loop
      vertex -8.000000 13.856406 0.000000
      vertex -9.740183 12.693653 0.000000
      vertex -9.740183 12.693653 0.500000
    endloop
  endfacet
  facet normal -0.555570 0.831470 0.000000
    outer loop
      vertex -8.000000 13.856406 0.000000
      vertex -9.740183 12.693653 0.500000
      vertex -8.000000 13.856406 0.500000
    endloop
  endfacet
  facet normal 0.000000 0.000000 -1.000000
    outer loop
      vertex 0.000000 0.000000 0.000000
      vertex -11.313708 11.313708 0.000000
      vertex -9.740183 12.693653 0.000000
    endloop
  endfacet
  facet normal 0.000000 0.000000 1.000000
    outer loop
      vertex 0.000000 0.000000 0.500000
      vertex -9.740183 12.693653 0.500000
      vertex -11.313708 11.313708 0.500000
    endloop
  endfacet
  facet normal -0.659346 0.751840 0.000000
    outer loop
      vertex -9.740183 12.693653 0.000000
      vertex -11.313708 11.313708 0.000000
      vertex -11.313708 11.313708 0.500000
    endloop
  endfacet
  facet normal -0.659346 0.751840 0.000000
    outer loop
      vertex -9.740183 12.693653 0.000000
      vertex -11.313708 11.313708 0.500000
      vertex -9.740183 12.693653 0.500000
    endloop
  endfacet
  facet normal 0.000000 0.000000 -1.000000
    outer loop
      vertex 0.000000 0.000000 0.000000
      vertex -12.693653 9.740183 0.000000
      vertex -11.313708 11.313708 0.000000
    endloop
  endfacet
  facet normal 0.000000 0.000000 1.000000
    outer loop
      vertex 0.000000 0.000000 0.500000
      vertex -11.313708 11.313708 0.500000
      vertex -12.693653 9.740183 0.500000
    endloop
  endfacet
  facet normal -0.751840 0.659346 0.000000
    outer loop
      vertex -11.313708 11.313708 0.000000
      vertex -12.693653 9.740183 0.000000
      vertex -12.693653 9.740183 0.500000
    endloop
  endfacet
  facet normal -0.751840 0.659346 0.000000
    outer loop
      vertex -11.313708 11.313708 0.000000
      vertex -12.693653 9.740183 0.500000
      vertex -11.313708 11.313708 0.500000
    endloop
  endfacet
  facet normal 0.000000 0.000000 -1.000000
    outer loop
      vertex 0.000000 0.000000 0.000000
      vertex -13.856406 8.000000 0.000000
      vertex -12.693653 9.740183 0.000000
    endloop
  endfacet
  facet normal 0.000000 0.000000 1.000000
    outer loop
      vertex 0.000000 0.000000 0.500000
      vertex -12.693653 9.740183 0.500000
      vertex -13.856406 8.000000 0.500000
    endloop
  endfacet
  facet normal -0.831470 0.555570 0.000000
    outer loop
      vertex -12.693653 9.740183 0.000000
      vertex -13.856406 8.000000 0.000000
      vertex -13.856406 8.000000 0.500000
    endloop
  endfacet
  facet normal -0.831470 0.555570 0.000000
    outer loop
      vertex -12.693653 9.740183 0.000000
      vertex -13.856406 8.000000 0.500000
      vertex -12.693653 9.740183 0.500000
    endloop
  endfacet
  facet normal 0.000000 0.000000 -1.000000
    outer loop
      vertex 0.000000 0.000000 0.000000
      vertex -14.782073 6.122935 0.000000
      vertex -13.856406 8.000000 0.000000
    endloop
  endfacet
  facet normal 0.000000 0.000000 1.000000
    outer loop
      vertex 0.000000 0.000000 0.500000
      vertex -13.856406 8.000000 0.500000
      vertex -14.782073 6.122935 0.500000
    endloop
  endfacet
  facet normal -0.896873 0.442289 0.000000
    outer loop
      vertex -13.856406 8.000000 0.000000
      vertex -14.782073 6.122935 0.000000
      vertex -14.782073 6.122935 0.500000
    endloop
  endfacet
  facet normal -0.896873 0.442289 0.000000
    outer loop
      vertex -13.856406 8.000000 0.000000
      vertex -14.782073 6.122935 0.500000
      vertex -13.856406 8.000000 0.500000
    endloop
  endfacet
  facet normal 0.000000 0.000000 -1.000000
    outer loop
      vertex 0.000000 0.000000 0.000000
      vertex -15.454813 4.141105 0.000000
      vertex -14.782073 6.122935 0.000000
    endloop
  endfacet
  facet normal 0.000000 0.000000 1.000000
    outer loop
      vertex 0.000000 0.000000 0.500000
      vertex -14.782073 6.122935 0.500000
      vertex -15.454813 4.141105 0.500000
    endloop
  endfacet
  facet normal -0.946930 0.321439 0.000000
    outer loop
      vertex -14.782073 6.122935 0.000000
      vertex -15.454813 4.141105 0.000000
      vertex -15.454813 4.141105 0.500000
    endloop
  endfacet
  facet normal -0.946930 0.321439 0.000000
    outer loop
      vertex -14.782073 6.122935 0.000000
      vertex -15.454813 4.141105 0.500000
      vertex -14.782073 6.122935 0.500000
    endloop
  endfacet
  facet normal 0.000000 0.000000 -1.000000
    outer loop
      vertex 0.000000 0.000000 0.000000
      vertex -15.863118 2.088419 0.000000
      vertex -15.454813 4.141105 0.000000
    endloop
  endfacet
  facet normal 0.000000 0.000000 1.000000
    outer loop
      vertex 0.000000 0.000000 0.500000
      vertex -15.454813 4.141105 0.500000
      vertex -15.863118 2.088419 0.500000
    endloop
  endfacet
  facet normal -0.980785 0.195090 0.000000
    outer loop
      vertex -15.454813 4.141105 0.000000
      vertex -15.863118 2.088419 0.000000
      vertex -15.863118 2.088419 0.500000
    endloop
  endfacet
  facet normal -0.980785 0.195090 0.000000
    outer loop
      vertex -15.454813 4.141105 0.000000
      vertex -15.863118 2.088419 0.500000
      vertex -15.454813 4.141105 0.500000
    endloop
  endfacet
  facet normal 0.000000 0.000000 -1.000000
    outer loop
      vertex 0.000000 0.000000 0.000000
      vertex -16.000000 0.000000 0.000000
      vertex -15.863118 2.088419 0.000000
    endloop
  endfacet
  facet normal 0.000000 0.000000 1.000000
    outer loop
      vertex 0.000000 0.000000 0.500000
      vertex -15.863118 2.088419 0.500000
      vertex -16.000000 0.000000 0.500000
    endloop
  endfacet
  facet normal -0.997859 0.065403 0.000000
    outer loop
      vertex -15.863118 2.088419 0.000000
      vertex -16.000000 0.000000 0.000000
      vertex -16.000000 0.000000 0.500000
    endloop
  endfacet
  facet normal -0.997859 0.065403 0.000000
    outer loop
      vertex -15.863118 2.088419 0.000000
      vertex -16.000000 0.000000 0.500000
      vertex -15.863118 2.088419 0.500000
    endloop
  endfacet
  facet normal -0.000000 0.000000 -1.000000
    outer loop
      vertex 0.000000 0.000000 0.000000
      vertex -15.863118 -2.088419 0.000000
      vertex -16.000000 0.000000 0.000000
    endloop
  endfacet
  facet normal 0.000000 0.000000 1.000000
    outer loop
      vertex 0.000000 0.000000 0.500000
      vertex -16.000000 0.000000 0.500000
      vertex -15.863118 -2.088419 0.500000
    endloop
  endfacet
  facet normal -0.997859 -0.065403 0.000000
    outer loop
      vertex -16.000000 0.000000 0.000000
      vertex -15.863118 -2.088419 0.000000
      vertex -15.863118 -2.088419 0.500000
    endloop
  endfacet
  facet normal -0.997859 -0.065403 0.000000
    outer loop
      vertex -16.000000 0.000000 0.000000
      vertex -15.863118 -2.088419 0.500000
      vertex -16.000000 0.000000 0.500000
    endloop
  endfacet
  facet normal 0.000000 0.000000 -1.000000
    outer loop
      vertex 0.000000 0.000000 0.000000
      vertex -15.454813 -4.141105 0.000000
      vertex -15.863118 -2.088419 0.000000
    endloop
  endfacet
  facet normal 0.000000 0.000000 1.000000
    outer loop
      vertex 0.000000 0.000000 0.500000
      vertex -15.863118 -2.088419 0.500000
      vertex -15.454813 -4.141105 0.500000
    endloop
  endfacet
  facet normal -0.980785 -0.195090 0.000000
    outer loop
      vertex -15.863118 -2.088419 0.000000
      vertex -15.454813 -4.141105 0.000000
      vertex -15.454813 -4.141105 0.500000
    endloop
  endfacet
  facet normal -0.980785 -0.195090 0.000000
    outer loop
      vertex -15.863118 -2.088419 0.000000
      vertex -15.454813 -4.141105 0.500000
      vertex -15.863118 -2.088419 0.500000
    endloop
  endfacet
  facet normal 0.000000 0.000000 -1.000000
    outer loop
      vertex 0.000000 0.000000 0.000000
      vertex -14.782073 -6.122935 0.000000
      vertex -15.454813 -4.141105 0.000000
    endloop
  endfacet
  facet normal 0.000000 0.000000 1.000000
    outer loop
      vertex 0.000000 0.000000 0.500000
      vertex -15.454813 -4.141105 0.500000
      vertex -14.782073 -6.122935 0.500000
    endloop
  endfacet
  facet normal -0.946930 -0.321439 0.000000
    outer loop
      vertex -15.454813 -4.141105 0.000000
      vertex -14.782073 -6.122935 0.000000
      vertex -14.782073 -6.122935 0.500000
    endloop
  endfacet
  facet normal -0.946930 -0.321439 0.000000
    outer loop
      vertex -15.454813 -4.141105 0.000000
      vertex -14.782073 -6.122935 0.500000
      vertex -15.454813 -4.141105 0.500000
    endloop
  endfacet
  facet normal 0.000000 0.000000 -1.000000
    outer loop
      vertex 0.000000 0.000000 0.000000
      vertex -13.856406 -8.000000 0.000000
      vertex -14.782073 -6.122935 0.000000
    endloop
  endfacet
  facet normal 0.000000 0.000000 1.000000
    outer loop
      vertex 0.000000 0.000000 0.500000
      vertex -14.782073 -6.122935 0.500000
      vertex -13.856406 -8.000000 0.500000
    endloop
  endfacet
  facet normal -0.896873 -0.442289 0.000000
    outer loop
      vertex -14.782073 -6.122935 0.000000
      vertex -13.856406 -8.000000 0.000000
      vertex -13.856406 -8.000000 0.500000
    endloop
  endfacet
  facet normal -0.896873 -0.442289 0.000000
    outer loop
      vertex -14.782073 -6.122935 0.000000
      vertex -13.856406 -8.000000 0.500000
      vertex -14.782073 -6.122935 0.500000
    endloop
  endfacet
  facet normal 0.000000 0.000000 -1.000000
    outer loop
      vertex 0.000000 0.000000 0.000000
      vertex -12.693653 -9.740183 0.000000
      vertex -13.856406 -8.000000 0.000000
    endloop
  endfacet
  facet normal 0.000000 0.000000 1.000000
    outer loop
      vertex 0.000000 0.000000 0.500000
      vertex -13.856406 -8.000000 0.500000
      vertex -12.693653 -9.740183 0.500000
    endloop
  endfacet
  facet normal -0.831470 -0.555570 0.000000
    outer loop
      vertex -13.856406 -8.000000 0.000000
      vertex -12.693653 -9.740183 0.000000
      vertex -12.693653 -9.740183 0.500000
    endloop
  endfacet
  facet normal -0.831470 -0.555570 0.000000
    outer loop
      vertex -13.856406 -8.000000 0.000000
      vertex -12.693653 -9.740183 0.500000
      vertex -13.856406 -8.000000 0.500000
    endloop
  endfacet
  facet normal 0.000000 0.000000 -1.000000
    outer loop
      vertex 0.000000 0.000000 0.000000
      vertex -11.313708 -11.313708 0.000000
      vertex -12.693653 -9.740183 0.000000
    endloop
  endfacet
  facet normal 0.000000 0.000000 1.000000
    outer loop
      vertex 0.000000 0.000000 0.500000
      vertex -12.693653 -9.740183 0.500000
      vertex -11.313708 -11.313708 0.500000
    endloop
  endfacet
  facet normal -0.751840 -0.659346 0.000000
    outer loop
      vertex -12.693653 -9.740183 0.000000
      vertex -11.313708 -11.313708 0.000000
      vertex -11.313708 -11.313708 0.500000
    endloop
  endfacet
  facet normal -0.751840 -0.659346 0.000000
    outer loop
      vertex -12.693653 -9.740183 0.000000
      vertex -11.313708 -11.313708 0.500000
      vertex -12.693653 -9.740183 0.500000
    endloop
  endfacet
  facet normal 0.000000 0.000000 -1.000000
    outer loop
      vertex 0.000000 0.000000 0.000000
      vertex -9.740183 -12.693653 0.000000
      vertex -11.313708 -11.313708 0.000000
    endloop
  endfacet
  facet normal 0.000000 0.000000 1.000000
    outer loop
      vertex 0.000000 0.000000 0.500000
      vertex -11.313708 -11.313708 0.500000
      vertex -9.740183 -12.693653 0.500000
    endloop
  endfacet
  facet normal -0.659346 -0.751840 0.000000
    outer loop
      vertex -11.313708 -11.313708 0.000000
      vertex -9.740183 -12.693653 0.000000
      vertex -9.740183 -12.693653 0.500000
    endloop
  endfacet
  facet normal -0.659346 -0.751840 0.000000
    outer loop
      vertex -11.313708 -11.313708 0.000000
      vertex -9.740183 -12.693653 0.500000
      vertex -11.313708 -11.313708 0.500000
    endloop
  endfacet
  facet normal 0.000000 0.000000 -1.000000
    outer loop
      vertex 0.000000 0.000000 0.000000
      vertex -8.000000 -13.856406 0.000000
      vertex -9.740183 -12.693653 0.000000
    endloop
  endfacet
  facet normal 0.000000 0.000000 1.000000
    outer loop
      vertex 0.000000 0.000000 0.500000
      vertex -9.740183 -12.693653 0.500000
      vertex -8.000000 -13.856406 0.500000
    endloop
  endfacet
  facet normal -0.555570 -0.831470 0.000000
    outer loop
      vertex -9.740183 -12.693653 0.000000
      vertex -8.000000 -13.856406 0.000000
      vertex -8.000000 -13.856406 0.500000
    endloop
  endfacet
  facet normal -0.555570 -0.831470 0.000000
    outer loop
      vertex -9.740183 -12.693653 0.000000
      vertex -8.000000 -13.856406 0.500000
      vertex -9.740183 -12.693653 0.500000
    endloop
  endfacet
  facet normal 0.000000 0.000000 -1.000000
    outer loop
      vertex 0.000000 0.000000 0.000000
      vertex -6.122935 -14.782073 0.000000
      vertex -8.000000 -13.856406 0.000000
    endloop
  endfacet
  facet normal 0.000000 0.000000 1.000000
    outer loop
      vertex 0.000000 0.000000 0.500000
      vertex -8.000000 -13.856406 0.500000
      vertex -6.122935 -14.782073 0.500000
    endloop
  endfacet
  facet normal -0.442289 -0.896873 0.000000
    outer loop
      vertex -8.000000 -13.856406 0.000000
      vertex -6.122935 -14.782073 0.000000
      vertex -6.122935 -14.782073 0.500000
    endloop
  endfacet
  facet normal -0.442289 -0.896873 0.000000
    outer loop
      vertex -8.000000 -13.856406 0.000000
      vertex -6.122935 -14.782073 0.500000
      vertex -8.000000 -13.856406 0.500000
    endloop
  endfacet
  facet normal 0.000000 0.000000 -1.000000
    outer loop
      vertex 0.000000 0.000000 0.000000
      vertex -4.141105 -15.454813 0.000000
      vertex -6.122935 -14.782073 0.000000
    endloop
  endfacet
  facet normal 0.000000 0.000000 1.000000
    outer loop
      vertex 0.000000 0.000000 0.500000
      vertex -6.122935 -14.782073 0.500000
      vertex -4.141105 -15.454813 0.500000
    endloop
  endfacet
  facet normal -0.321439 -0.946930 0.000000
    outer loop
      vertex -6.122935 -14.782073 0.000000
      vertex -4.141105 -15.454813 0.000000
      vertex -4.141105 -15.454813 0.500000
    endloop
  endfacet
  facet normal -0.321439 -0.946930 0.000000
    outer loop
      vertex -6.122935 -14.782073 0.000000
      vertex -4.141105 -15.454813 0.500000
      vertex -6.122935 -14.782073 0.500000
    endloop
  endfacet
  facet normal 0.000000 0.000000 -1.000000
    outer loop
      vertex 0.000000 0.000000 0.000000
      vertex -2.088419 -15.863118 0.000000
      vertex -4.141105 -15.454813 0.000000
    endloop
  endfacet
  facet normal 0.000000 0.000000 1.000000
    outer loop
      vertex 0.000000 0.000000 0.500000
      vertex -4.141105 -15.454813 0.500000
      vertex -2.088419 -15.863118 0.500000
    endloop
  endfacet
  facet normal -0.195090 -0.980785 0.000000
    outer loop
      vertex -4.141105 -15.454813 0.000000
      vertex -2.088419 -15.863118 0.000000
      vertex -2.088419 -15.863118 0.500000
    endloop
  endfacet
  facet normal -0.195090 -0.980785 0.000000
    outer loop
      vertex -4.141105 -15.454813 0.000000
      vertex -2.088419 -15.863118 0.500000
      vertex -4.141105 -15.454813 0.500000
    endloop
  endfacet
  facet normal 0.000000 0.000000 -1.000000
    outer loop
      vertex 0.000000 0.000000 0.000000
      vertex -0.000000 -16.000000 0.000000
      vertex -2.088419 -15.863118 0.000000
    endloop
  endfacet
  facet normal 0.000000 0.000000 1.000000
    outer loop
      vertex 0.000000 0.000000 0.500000
      vertex -2.088419 -15.863118 0.500000
      vertex -0.000000 -16.000000 0.500000
    endloop
  endfacet
  facet normal -0.065403 -0.997859 0.000000
    outer loop
      vertex -2.088419 -15.863118 0.000000
      vertex -0.000000 -16.000000 0.000000
      vertex -0.000000 -16.000000 0.500000
    endloop
  endfacet
  facet normal -0.065403 -0.997859 0.000000
    outer loop
      vertex -2.088419 -15.863118 0.000000
      vertex -0.000000 -16.000000 0.500000
      vertex -2.088419 -15.863118 0.500000
    endloop
  endfacet
  facet normal 0.000000 -0.000000 -1.000000
    outer loop
      vertex 0.000000 0.000000 0.000000
      vertex 2.088419 -15.863118 0.000000
      vertex -0.000000 -16.000000 0.000000
    endloop
  endfacet
  facet normal 0.000000 0.000000 1.000000
    outer loop
      vertex 0.000000 0.000000 0.500000
      vertex -0.000000 -16.000000 0.500000
      vertex 2.088419 -15.863118 0.500000
    endloop
  endfacet
  facet normal 0.065403 -0.997859 0.000000
    outer loop
      vertex -0.000000 -16.000000 0.000000
      vertex 2.088419 -15.863118 0.000000
      vertex 2.088419 -15.863118 0.500000
    endloop
  endfacet
  facet normal 0.065403 -0.997859 0.000000
    outer loop
      vertex -0.000000 -16.000000 0.000000
      vertex 2.088419 -15.863118 0.500000
      vertex -0.000000 -16.000000 0.500000
    endloop
  endfacet
  facet normal 0.000000 0.000000 -1.000000
    outer loop
      vertex 0.000000 0.000000 0.000000
      vertex 4.141105 -15.454813 0.000000
      vertex 2.088419 -15.863118 0.000000
    endloop
  endfacet
  facet normal 0.000000 0.000000 1.000000
    outer loop
      vertex 0.000000 0.000000 0.500000
      vertex 2.088419 -15.863118 0.500000
      vertex 4.141105 -15.454813 0.500000
    endloop
  endfacet
  facet normal 0.195090 -0.980785 0.000000
    outer loop
      vertex 2.088419 -15.863118 0.000000
      vertex 4.141105 -15.454813 0.000000
      vertex 4.141105 -15.454813 0.500000
    endloop
  endfacet
  facet normal 0.195090 -0.980785 0.000000
    outer loop
      vertex 2.088419 -15.863118 0.000000
      vertex 4.141105 -15.454813 0.500000
      vertex 2.088419 -15.863118 0.500000
    endloop
  endfacet
  facet normal 0.000000 0.000000 -1.000000
    outer loop
      vertex 0.000000 0.000000 0.000000
      vertex 6.122935 -14.782073 0.000000
      vertex 4.141105 -15.454813 0.000000
    endloop
  endfacet
  facet normal 0.000000 0.000000 1.000000
    outer loop
      vertex 0.000000 0.000000 0.500000
      vertex 4.141105 -15.454813 0.500000
      vertex 6.122935 -14.782073 0.500000
    endloop
  endfacet
  facet normal 0.321439 -0.946930 0.000000
    outer loop
      vertex 4.141105 -15.454813 0.000000
      vertex 6.122935 -14.782073 0.000000
      vertex 6.122935 -14.782073 0.500000
    endloop
  endfacet
  facet normal 0.321439 -0.946930 0.000000
    outer loop
      vertex 4.141105 -15.454813 0.000000
      vertex 6.122935 -14.782073 0.500000
      vertex 4.141105 -15.454813 0.500000
    endloop
  endfacet
  facet normal 0.000000 0.000000 -1.000000
    outer loop
      vertex 0.000000 0.000000 0.000000
      vertex 8.000000 -13.856406 0.000000
      vertex 6.122935 -14.782073 0.000000
    endloop
  endfacet
  facet normal 0.000000 0.000000 1.000000
    outer loop
      vertex 0.000000 0.000000 0.500000
      vertex 6.122935 -14.782073 0.500000
      vertex 8.000000 -13.856406 0.500000
    endloop
  endfacet
  facet normal 0.442289 -0.896873 0.000000
    outer loop
      vertex 6.122935 -14.782073 0.000000
      vertex 8.000000 -13.856406 0.000000
      vertex 8.000000 -13.856406 0.500000
    endloop
  endfacet
  facet normal 0.442289 -0.896873 0.000000
    outer loop
      vertex 6.122935 -14.782073 0.000000
      vertex 8.000000 -13.856406 0.500000
      vertex 6.122935 -14.782073 0.500000
    endloop
  endfacet
  facet normal 0.000000 0.000000 -1.000000
    outer loop
      vertex 0.000000 0.000000 0.000000
      vertex 9.740183 -12.693653 0.000000
      vertex 8.000000 -13.856406 0.000000
    endloop
  endfacet
  facet normal 0.000000 0.000000 1.000000
    outer loop
      vertex 0.000000 0.000000 0.500000
      vertex 8.000000 -13.856406 0.500000
      vertex 9.740183 -12.693653 0.500000
    endloop
  endfacet
  facet normal 0.555570 -0.831470 0.000000
    outer loop
      vertex 8.000000 -13.856406 0.000000
      vertex 9.740183 -12.693653 0.000000
      vertex 9.740183 -12.693653 0.500000
    endloop
  endfacet
  facet normal 0.555570 -0.831470 0.000000
    outer loop
      vertex 8.000000 -13.856406 0.000000
      vertex 9.740183 -12.693653 0.500000
      vertex 8.000000 -13.856406 0.500000
    endloop
  endfacet
  facet normal 0.000000 0.000000 -1.000000
    outer loop
      vertex 0.000000 0.000000 0.000000
      vertex 11.313708 -11.313708 0.000000
      vertex 9.740183 -12.693653 0.000000
    endloop
  endfacet
  facet normal 0.000000 0.000000 1.000000
    outer loop
      vertex 0.000000 0.000000 0.500000
      vertex 9.740183 -12.693653 0.500000
      vertex 11.313708 -11.313708 0.500000
    endloop
  endfacet
  facet normal 0.659346 -0.751840 0.000000
    outer loop
      vertex 9.740183 -12.693653 0.000000
      vertex 11.313708 -11.313708 0.000000
      vertex 11.313708 -11.313708 0.500000
    endloop
  endfacet
  facet normal 0.659346 -0.751840 0.000000
    outer loop
      vertex 9.740183 -12.693653 0.000000
      vertex 11.313708 -11.313708 0.500000
      vertex 9.740183 -12.693653 0.500000
    endloop
  endfacet
  facet normal 0.000000 0.000000 -1.000000
    outer loop
      vertex 0.000000 0.000000 0.000000
      vertex 12.693653 -9.740183 0.000000
      vertex 11.313708 -11.313708 0.000000
    endloop
  endfacet
  facet normal 0.000000 0.000000 1.000000
    outer loop
      vertex 0.000000 0.000000 0.500000
      vertex 11.313708 -11.313708 0.500000
      vertex 12.693653 -9.740183 0.500000
    endloop
  endfacet
  facet normal 0.751840 -0.659346 0.000000
    outer loop
      vertex 11.313708 -11.313708 0.000000
      vertex 12.693653 -9.740183 0.000000
      vertex 12.693653 -9.740183 0.500000
    endloop
  endfacet
  facet normal 0.751840 -0.659346 0.000000
    outer loop
      vertex 11.313708 -11.313708 0.000000
      vertex 12.693653 -9.740183 0.500000
      vertex 11.313708 -11.313708 0.500000
    endloop
  endfacet
  facet normal 0.000000 0.000000 -1.000000
    outer loop
      vertex 0.000000 0.000000 0.000000
      vertex 13.856406 -8.000000 0.000000
      vertex 12.693653 -9.740183 0.000000
    endloop
  endfacet
  facet normal 0.000000 0.000000 1.000000
    outer loop
      vertex 0.000000 0.000000 0.500000
      vertex 12.693653 -9.740183 0.500000
      vertex 13.856406 -8.000000 0.500000
    endloop
  endfacet
  facet normal 0.831470 -0.555570 0.000000
    outer loop
      vertex 12.693653 -9.740183 0.000000
      vertex 13.856406 -8.000000 0.000000
      vertex 13.856406 -8.000000 0.500000
    endloop
  endfacet
  facet normal 0.831470 -0.555570 0.000000
    outer loop
      vertex 12.693653 -9.740183 0.000000
      vertex 13.856406 -8.000000 0.500000
      vertex 12.693653 -9.740183 0.500000
    endloop
  endfacet
  facet normal 0.000000 0.000000 -1.000000
    outer loop
      vertex 0.000000 0.000000 0.000000
      vertex 14.782073 -6.122935 0.000000
      vertex 13.856406 -8.000000 0.000000
    endloop
  endfacet
  facet normal 0.000000 0.000000 1.000000
    outer loop
      vertex 0.000000 0.000000 0.500000
      vertex 13.856406 -8.000000 0.500000
      vertex 14.782073 -6.122935 0.500000
    endloop
  endfacet
  facet normal 0.896873 -0.442289 0.000000
    outer loop
      vertex 13.856406 -8.000000 0.000000
      vertex 14.782073 -6.122935 0.000000
      vertex 14.782073 -6.122935 0.500000
    endloop
  endfacet
  facet normal 0.896873 -0.442289 0.000000
    outer loop
      vertex 13.856406 -8.000000 0.000000
      vertex 14.782073 -6.122935 0.500000
      vertex 13.856406 -8.000000 0.500000
    endloop
  endfacet
  facet normal 0.000000 0.000000 -1.000000
    outer loop
      vertex 0.000000 0.000000 0.000000
      vertex 15.454813 -4.141105 0.000000
      vertex 14.782073 -6.122935 0.000000
    endloop
  endfacet
  facet normal 0.000000 0.000000 1.000000
    outer loop
      vertex 0.000000 0.000000 0.500000
      vertex 14.782073 -6.122935 0.500000
      vertex 15.454813 -4.141105 0.500000
    endloop
  endfacet
  facet normal 0.946930 -0.321439 0.000000
    outer loop
      vertex 14.782073 -6.122935 0.000000
      vertex 15.454813 -4.141105 0.000000
      vertex 15.454813 -4.141105 0.500000
    endloop
  endfacet
  facet normal 0.946930 -0.321439 0.000000
    outer loop
      vertex 14.782073 -6.122935 0.000000
      vertex 15.454813 -4.141105 0.500000
      vertex 14.782073 -6.122935 0.500000
    endloop
  endfacet
  facet normal 0.000000 0.000000 -1.000000
    outer loop
      vertex 0.000000 0.000000 0.000000
      vertex 15.863118 -2.088419 0.000000
      vertex 15.454813 -4.141105 0.000000
    endloop
  endfacet
  facet normal 0.000000 0.000000 1.000000
    outer loop
      vertex 0.000000 0.000000 0.500000
      vertex 15.454813 -4.141105 0.500000
      vertex 15.863118 -2.088419 0.500000
    endloop
  endfacet
  facet normal 0.980785 -0.195090 0.000000
    outer loop
      vertex 15.454813 -4.141105 0.000000
      vertex 15.863118 -2.088419 0.000000
      vertex 15.863118 -2.088419 0.500000
    endloop
  endfacet
  facet normal 0.980785 -0.195090 0.000000
    outer loop
      vertex 15.454813 -4.141105 0.000000
      vertex 15.863118 -2.088419 0.500000
      vertex 15.454813 -4.141105 0.500000
    endloop
  endfacet
  facet normal 0.000000 0.000000 -1.000000
    outer loop
      vertex 0.000000 0.000000 0.000000
      vertex 16.000000 -0.000000 0.000000
      vertex 15.863118 -2.088419 0.000000
    endloop
  endfacet
  facet normal 0.000000 0.000000 1.000000
    outer loop
      vertex 0.000000 0.000000 0.500000
      vertex 15.863118 -2.088419 0.500000
      vertex 16.000000 -0.000000 0.500000
    endloop
  endfacet
  facet normal 0.997859 -0.065403 0.000000
    outer loop
      vertex 15.863118 -2.088419 0.000000
      vertex 16.000000 -0.000000 0.000000
      vertex 16.000000 -0.000000 0.500000
    endloop
  endfacet
  facet normal 0.997859 -0.065403 0.000000
    outer loop
      vertex 15.863118 -2.088419 0.000000
      vertex 16.000000 -0.000000 0.500000
      vertex 15.863118 -2.088419 0.500000
    endloop
  endfacet
  facet normal 0.000000 0.000000 1.000000
    outer loop
      vertex 16.000000 0.000000 0.000000
      vertex 15.069962 1.983998 0.000000
      vertex 15.200000 0.000000 0.000000
    endloop
  endfacet
  facet normal 0.000000 0.000000 1.000000
    outer loop
      vertex 16.000000 0.000000 0.000000
      vertex 15.863118 2.088419 0.000000
      vertex 15.069962 1.983998 0.000000
    endloop
  endfacet
  facet normal 0.000000 0.000000 -1.000000
    outer loop
      vertex 16.000000 0.000000 1.000000
      vertex 15.200000 0.000000 1.000000
      vertex 15.069962 1.983998 1.000000
    endloop
  endfacet
  facet normal 0.000000 0.000000 -1.000000
    outer loop
      vertex 16.000000 0.000000 1.000000
      vertex 15.069962 1.983998 1.000000
      vertex 15.863118 2.088419 1.000000
    endloop
  endfacet
  facet normal 0.997859 0.065403 0.000000
    outer loop
      vertex 16.000000 0.000000 0.000000
      vertex 15.863118 2.088419 0.000000
      vertex 15.863118 2.088419 1.000000
    endloop
  endfacet
  facet normal 0.997859 0.065403 -0.000000
    outer loop
      vertex 16.000000 0.000000 0.000000
      vertex 15.863118 2.088419 1.000000
      vertex 16.000000 0.000000 1.000000
    endloop
  endfacet
  facet normal -0.997859 -0.065403 0.000000
    outer loop
      vertex 15.200000 0.000000 0.000000
      vertex 15.069962 1.983998 1.000000
      vertex 15.069962 1.983998 0.000000
    endloop
  endfacet
  facet normal -0.997859 -0.065403 0.000000
    outer loop
      vertex 15.200000 0.000000 0.000000
      vertex 15.200000 0.000000 1.000000
      vertex 15.069962 1.983998 1.000000
    endloop
  endfacet
  facet normal 0.000000 0.000000 1.000000
    outer loop
      vertex 15.863118 2.088419 0.000000
      vertex 14.682073 3.934049 0.000000
      vertex 15.069962 1.983998 0.000000
    endloop
  endfacet
  facet normal 0.000000 0.000000 1.000000
    outer loop
      vertex 15.863118 2.088419 0.000000
      vertex 15.454813 4.141105 0.000000
      vertex 14.682073 3.934049 0.000000
    endloop
  endfacet
  facet normal -0.000000 0.000000 -1.000000
    outer loop
      vertex 15.863118 2.088419 1.000000
      vertex 15.069962 1.983998 1.000000
      vertex 14.682073 3.934049 1.000000
    endloop
  endfacet
  facet normal 0.000000 0.000000 -1.000000
    outer loop
      vertex 15.863118 2.088419 1.000000
      vertex 14.682073 3.934049 1.000000
      vertex 15.454813 4.141105 1.000000
    endloop
  endfacet
  facet normal 0.980785 0.195090 0.000000
    outer loop
      vertex 15.863118 2.088419 0.000000
      vertex 15.454813 4.141105 0.000000
      vertex 15.454813 4.141105 1.000000
    endloop
  endfacet
  facet normal 0.980785 0.195090 -0.000000
    outer loop
      vertex 15.863118 2.088419 0.000000
      vertex 15.454813 4.141105 1.000000
      vertex 15.863118 2.088419 1.000000
    endloop
  endfacet
  facet normal -0.980785 -0.195090 0.000000
    outer loop
      vertex 15.069962 1.983998 0.000000
      vertex 14.682073 3.934049 1.000000
      vertex 14.682073 3.934049 0.000000
    endloop
  endfacet
  facet normal -0.980785 -0.195090 0.000000
    outer loop
      vertex 15.069962 1.983998 0.000000
      vertex 15.069962 1.983998 1.000000
      vertex 14.682073 3.934049 1.000000
    endloop
  endfacet
  facet normal 0.000000 0.000000 1.000000
    outer loop
      vertex 15.454813 4.141105 0.000000
      vertex 14.042969 5.816788 0.000000
      vertex 14.682073 3.934049 0.000000
    endloop
  endfacet
  facet normal 0.000000 0.000000 1.000000
    outer loop
      vertex 15.454813 4.141105 0.000000
      vertex 14.782073 6.122935 0.000000
      vertex 14.042969 5.816788 0.000000
    endloop
  endfacet
  facet normal -0.000000 0.000000 -1.000000
    outer loop
      vertex 15.454813 4.141105 1.000000
      vertex 14.682073 3.934049 1.000000
      vertex 14.042969 5.816788 1.000000
    endloop
  endfacet
  facet normal 0.000000 0.000000 -1.000000
    outer loop
      vertex 15.454813 4.141105 1.000000
      vertex 14.042969 5.816788 1.000000
      vertex 14.782073 6.122935 1.000000
    endloop
  endfacet
  facet normal 0.946930 0.321439 0.000000
    outer loop
      vertex 15.454813 4.141105 0.000000
      vertex 14.782073 6.122935 0.000000
      vertex 14.782073 6.122935 1.000000
    endloop
  endfacet
  facet normal 0.946930 0.321439 -0.000000
    outer loop
      vertex 15.454813 4.141105 0.000000
      vertex 14.782073 6.122935 1.000000
      vertex 15.454813 4.141105 1.000000
    endloop
  endfacet
  facet normal -0.946930 -0.321439 0.000000
    outer loop
      vertex 14.682073 3.934049 0.000000
      vertex 14.042969 5.816788 1.000000
      vertex 14.042969 5.816788 0.000000
    endloop
  endfacet
  facet normal -0.946930 -0.321439 0.000000
    outer loop
      vertex 14.682073 3.934049 0.000000
      vertex 14.682073 3.934049 1.000000
      vertex 14.042969 5.816788 1.000000
    endloop
  endfacet
  facet normal 0.000000 0.000000 1.000000
    outer loop
      vertex 14.782073 6.122935 0.000000
      vertex 13.163586 7.600000 0.000000
      vertex 14.042969 5.816788 0.000000
    endloop
  endfacet
  facet normal 0.000000 0.000000 1.000000
    outer loop
      vertex 14.782073 6.122935 0.000000
      vertex 13.856406 8.000000 0.000000
      vertex 13.163586 7.600000 0.000000
    endloop
  endfacet
  facet normal -0.000000 0.000000 -1.000000
    outer loop
      vertex 14.782073 6.122935 1.000000
      vertex 14.042969 5.816788 1.000000
      vertex 13.163586 7.600000 1.000000
    endloop
  endfacet
  facet normal 0.000000 0.000000 -1.000000
    outer loop
      vertex 14.782073 6.122935 1.000000
      vertex 13.163586 7.600000 1.000000
      vertex 13.856406 8.000000 1.000000
    endloop
  endfacet
  facet normal 0.896873 0.442289 0.000000
    outer loop
      vertex 14.782073 6.122935 0.000000
      vertex 13.856406 8.000000 0.000000
      vertex 13.856406 8.000000 1.000000
    endloop
  endfacet
  facet normal 0.896873 0.442289 -0.000000
    outer loop
      vertex 14.782073 6.122935 0.000000
      vertex 13.856406 8.000000 1.000000
      vertex 14.782073 6.122935 1.000000
    endloop
  endfacet
  facet normal -0.896873 -0.442289 0.000000
    outer loop
      vertex 14.042969 5.816788 0.000000
      vertex 13.163586 7.600000 1.000000
      vertex 13.163586 7.600000 0.000000
    endloop
  endfacet
  facet normal -0.896873 -0.442289 0.000000
    outer loop
      vertex 14.042969 5.816788 0.000000
      vertex 14.042969 5.816788 1.000000
      vertex 13.163586 7.600000 1.000000
    endloop
  endfacet
  facet normal 0.000000 0.000000 1.000000
    outer loop
      vertex 13.856406 8.000000 0.000000
      vertex 12.058971 9.253174 0.000000
      vertex 13.163586 7.600000 0.000000
    endloop
  endfacet
  facet normal 0.000000 0.000000 1.000000
    outer loop
      vertex 13.856406 8.000000 0.000000
      vertex 12.693653 9.740183 0.000000
      vertex 12.058971 9.253174 0.000000
    endloop
  endfacet
  facet normal -0.000000 0.000000 -1.000000
    outer loop
      vertex 13.856406 8.000000 1.000000
      vertex 13.163586 7.600000 1.000000
      vertex 12.058971 9.253174 1.000000
    endloop
  endfacet
  facet normal 0.000000 0.000000 -1.000000
    outer loop
      vertex 13.856406 8.000000 1.000000
      vertex 12.058971 9.253174 1.000000
      vertex 12.693653 9.740183 1.000000
    endloop
  endfacet
  facet normal 0.831470 0.555570 0.000000
    outer loop
      vertex 13.856406 8.000000 0.000000
      vertex 12.693653 9.740183 0.000000
      vertex 12.693653 9.740183 1.000000
    endloop
  endfacet
  facet normal 0.831470 0.555570 -0.000000
    outer loop
      vertex 13.856406 8.000000 0.000000
      vertex 12.693653 9.740183 1.000000
      vertex 13.856406 8.000000 1.000000
    endloop
  endfacet
  facet normal -0.831470 -0.555570 0.000000
    outer loop
      vertex 13.163586 7.600000 0.000000
      vertex 12.058971 9.253174 1.000000
      vertex 12.058971 9.253174 0.000000
    endloop
  endfacet
  facet normal -0.831470 -0.555570 0.000000
    outer loop
      vertex 13.163586 7.600000 0.000000
      vertex 13.163586 7.600000 1.000000
      vertex 12.058971 9.253174 1.000000
    endloop
  endfacet
  facet normal 0.000000 0.000000 1.000000
    outer loop
      vertex 12.693653 9.740183 0.000000
      vertex 10.748023 10.748023 0.000000
      vertex 12.058971 9.253174 0.000000
    endloop
  endfacet
  facet normal 0.000000 0.000000 1.000000
    outer loop
      vertex 12.693653 9.740183 0.000000
      vertex 11.313708 11.313708 0.000000
      vertex 10.748023 10.748023 0.000000
    endloop
  endfacet
  facet normal -0.000000 0.000000 -1.000000
    outer loop
      vertex 12.693653 9.740183 1.000000
      vertex 12.058971 9.253174 1.000000
      vertex 10.748023 10.748023 1.000000
    endloop
  endfacet
  facet normal 0.000000 0.000000 -1.000000
    outer loop
      vertex 12.693653 9.740183 1.000000
      vertex 10.748023 10.748023 1.000000
      vertex 11.313708 11.313708 1.000000
    endloop
  endfacet
  facet normal 0.751840 0.659346 0.000000
    outer loop
      vertex 12.693653 9.740183 0.000000
      vertex 11.313708 11.313708 0.000000
      vertex 11.313708 11.313708 1.000000
    endloop
  endfacet
  facet normal 0.751840 0.659346 -0.000000
    outer loop
      vertex 12.693653 9.740183 0.000000
      vertex 11.313708 11.313708 1.000000
      vertex 12.693653 9.740183 1.000000
    endloop
  endfacet
  facet normal -0.751840 -0.659346 0.000000
    outer loop
      vertex 12.058971 9.253174 0.000000
      vertex 10.748023 10.748023 1.000000
      vertex 10.748023 10.748023 0.000000
    endloop
  endfacet
  facet normal -0.751840 -0.659346 0.000000
    outer loop
      vertex 12.058971 9.253174 0.000000
      vertex 12.058971 9.253174 1.000000
      vertex 10.748023 10.748023 1.000000
    endloop
  endfacet
  facet normal 0.000000 0.000000 1.000000
    outer loop
      vertex 11.313708 11.313708 0.000000
      vertex 9.253174 12.058971 0.000000
      vertex 10.748023 10.748023 0.000000
    endloop
  endfacet
  facet normal 0.000000 0.000000 1.000000
    outer loop
      vertex 11.313708 11.313708 0.000000
      vertex 9.740183 12.693653 0.000000
      vertex 9.253174 12.058971 0.000000
    endloop
  endfacet
  facet normal -0.000000 0.000000 -1.000000
    outer loop
      vertex 11.313708 11.313708 1.000000
      vertex 10.748023 10.748023 1.000000
      vertex 9.253174 12.058971 1.000000
    endloop
  endfacet
  facet normal 0.000000 0.000000 -1.000000
    outer loop
      vertex 11.313708 11.313708 1.000000
      vertex 9.253174 12.058971 1.000000
      vertex 9.740183 12.693653 1.000000
    endloop
  endfacet
  facet normal 0.659346 0.751840 0.000000
    outer loop
      vertex 11.313708 11.313708 0.000000
      vertex 9.740183 12.693653 0.000000
      vertex 9.740183 12.693653 1.000000
    endloop
  endfacet
  facet normal 0.659346 0.751840 -0.000000
    outer loop
      vertex 11.313708 11.313708 0.000000
      vertex 9.740183 12.693653 1.000000
      vertex 11.313708 11.313708 1.000000
    endloop
  endfacet
  facet normal -0.659346 -0.751840 0.000000
    outer loop
      vertex 10.748023 10.748023 0.000000
      vertex 9.253174 12.058971 1.000000
      vertex 9.253174 12.058971 0.000000
    endloop
  endfacet
  facet normal -0.659346 -0.751840 0.000000
    outer loop
      vertex 10.748023 10.748023 0.000000
      vertex 10.748023 10.748023 1.000000
      vertex 9.253174 12.058971 1.000000
    endloop
  endfacet
  facet normal 0.000000 0.000000 1.000000
    outer loop
      vertex 9.740183 12.693653 0.000000
      vertex 7.600000 13.163586 0.000000
      vertex 9.253174 12.058971 0.000000
    endloop
  endfacet
  facet normal 0.000000 0.000000 1.000000
    outer loop
      vertex 9.740183 12.693653 0.000000
      vertex 8.000000 13.856406 0.000000
      vertex 7.600000 13.163586 0.000000
    endloop
  endfacet
  facet normal -0.000000 0.000000 -1.000000
    outer loop
      vertex 9.740183 12.693653 1.000000
      vertex 9.253174 12.058971 1.000000
      vertex 7.600000 13.163586 1.000000
    endloop
  endfacet
  facet normal 0.000000 0.000000 -1.000000
    outer loop
      vertex 9.740183 12.693653 1.000000
      vertex 7.600000 13.163586 1.000000
      vertex 8.000000 13.856406 1.000000
    endloop
  endfacet
  facet normal 0.555570 0.831470 0.000000
    outer loop
      vertex 9.740183 12.693653 0.000000
      vertex 8.000000 13.856406 0.000000
      vertex 8.000000 13.856406 1.000000
    endloop
  endfacet
  facet normal 0.555570 0.831470 -0.000000
    outer loop
      vertex 9.740183 12.693653 0.000000
      vertex 8.000000 13.856406 1.000000
      vertex 9.740183 12.693653 1.000000
    endloop
  endfacet
  facet normal -0.555570 -0.831470 0.000000
    outer loop
      vertex 9.253174 12.058971 0.000000
      vertex 7.600000 13.163586 1.000000
      vertex 7.600000 13.163586 0.000000
    endloop
  endfacet
  facet normal -0.555570 -0.831470 0.000000
    outer loop
      vertex 9.253174 12.058971 0.000000
      vertex 9.253174 12.058971 1.000000
      vertex 7.600000 13.163586 1.000000
    endloop
  endfacet
  facet normal 0.000000 0.000000 1.000000
    outer loop
      vertex 8.000000 13.856406 0.000000
      vertex 5.816788 14.042969 0.000000
      vertex 7.600000 13.163586 0.000000
    endloop
  endfacet
  facet normal 0.000000 0.000000 1.000000
    outer loop
      vertex 8.000000 13.856406 0.000000
      vertex 6.122935 14.782073 0.000000
      vertex 5.816788 14.042969 0.000000
    endloop
  endfacet
  facet normal -0.000000 0.000000 -1.000000
    outer loop
      vertex 8.000000 13.856406 1.000000
      vertex 7.600000 13.163586 1.000000
      vertex 5.816788 14.042969 1.000000
    endloop
  endfacet
  facet normal 0.000000 0.000000 -1.000000
    outer loop
      vertex 8.000000 13.856406 1.000000
      vertex 5.816788 14.042969 1.000000
      vertex 6.122935 14.782073 1.000000
    endloop
  endfacet
  facet normal 0.442289 0.896873 0.000000
    outer loop
      vertex 8.000000 13.856406 0.000000
      vertex 6.122935 14.782073 0.000000
      vertex 6.122935 14.782073 1.000000
    endloop
  endfacet
  facet normal 0.442289 0.896873 -0.000000
    outer loop
      vertex 8.000000 13.856406 0.000000
      vertex 6.122935 14.782073 1.000000
      vertex 8.000000 13.856406 1.000000
    endloop
  endfacet
  facet normal -0.442289 -0.896873 0.000000
    outer loop
      vertex 7.600000 13.163586 0.000000
      vertex 5.816788 14.042969 1.000000
      vertex 5.816788 14.042969 0.000000
    endloop
  endfacet
  facet normal -0.442289 -0.896873 0.000000
    outer loop
      vertex 7.600000 13.163586 0.000000
      vertex 7.600000 13.163586 1.000000
      vertex 5.816788 14.042969 1.000000
    endloop
  endfacet
  facet normal 0.000000 0.000000 1.000000
    outer loop
      vertex 6.122935 14.782073 0.000000
      vertex 3.934049 14.682073 0.000000
      vertex 5.816788 14.042969 0.000000
    endloop
  endfacet
  facet normal 0.000000 0.000000 1.000000
    outer loop
      vertex 6.122935 14.782073 0.000000
      vertex 4.141105 15.454813 0.000000
      vertex 3.934049 14.682073 0.000000
    endloop
  endfacet
  facet normal 0.000000 0.000000 -1.000000
    outer loop
      vertex 6.122935 14.782073 1.000000
      vertex 5.816788 14.042969 1.000000
      vertex 3.934049 14.682073 1.000000
    endloop
  endfacet
  facet normal -0.000000 0.000000 -1.000000
    outer loop
      vertex 6.122935 14.782073 1.000000
      vertex 3.934049 14.682073 1.000000
      vertex 4.141105 15.454813 1.000000
    endloop
  endfacet
  facet normal 0.321439 0.946930 0.000000
    outer loop
      vertex 6.122935 14.782073 0.000000
      vertex 4.141105 15.454813 0.000000
      vertex 4.141105 15.454813 1.000000
    endloop
  endfacet
  facet normal 0.321439 0.946930 -0.000000
    outer loop
      vertex 6.122935 14.782073 0.000000
      vertex 4.141105 15.454813 1.000000
      vertex 6.122935 14.782073 1.000000
    endloop
  endfacet
  facet normal -0.321439 -0.946930 0.000000
    outer loop
      vertex 5.816788 14.042969 0.000000
      vertex 3.934049 14.682073 1.000000
      vertex 3.934049 14.682073 0.000000
    endloop
  endfacet
  facet normal -0.321439 -0.946930 0.000000
    outer loop
      vertex 5.816788 14.042969 0.000000
      vertex 5.816788 14.042969 1.000000
      vertex 3.934049 14.682073 1.000000
    endloop
  endfacet
  facet normal 0.000000 0.000000 1.000000
    outer loop
      vertex 4.141105 15.454813 0.000000
      vertex 1.983998 15.069962 0.000000
      vertex 3.934049 14.682073 0.000000
    endloop
  endfacet
  facet normal 0.000000 0.000000 1.000000
    outer loop
      vertex 4.141105 15.454813 0.000000
      vertex 2.088419 15.863118 0.000000
      vertex 1.983998 15.069962 0.000000
    endloop
  endfacet
  facet normal 0.000000 0.000000 -1.000000
    outer loop
      vertex 4.141105 15.454813 1.000000
      vertex 3.934049 14.682073 1.000000
      vertex 1.983998 15.069962 1.000000
    endloop
  endfacet
  facet normal -0.000000 0.000000 -1.000000
    outer loop
      vertex 4.141105 15.454813 1.000000
      vertex 1.983998 15.069962 1.000000
      vertex 2.088419 15.863118 1.000000
    endloop
  endfacet
  facet normal 0.195090 0.980785 0.000000
    outer loop
      vertex 4.141105 15.454813 0.000000
      vertex 2.088419 15.863118 0.000000
      vertex 2.088419 15.863118 1.000000
    endloop
  endfacet
  facet normal 0.195090 0.980785 -0.000000
    outer loop
      vertex 4.141105 15.454813 0.000000
      vertex 2.088419 15.863118 1.000000
      vertex 4.141105 15.454813 1.000000
    endloop
  endfacet
  facet normal -0.195090 -0.980785 0.000000
    outer loop
      vertex 3.934049 14.682073 0.000000
      vertex 1.983998 15.069962 1.000000
      vertex 1.983998 15.069962 0.000000
    endloop
  endfacet
  facet normal -0.195090 -0.980785 0.000000
    outer loop
      vertex 3.934049 14.682073 0.000000
      vertex 3.934049 14.682073 1.000000
      vertex 1.983998 15.069962 1.000000
    endloop
  endfacet
  facet normal 0.000000 0.000000 1.000000
    outer loop
      vertex 2.088419 15.863118 0.000000
      vertex 0.000000 15.200000 0.000000
      vertex 1.983998 15.069962 0.000000
    endloop
  endfacet
  facet normal 0.000000 0.000000 1.000000
    outer loop
      vertex 2.088419 15.863118 0.000000
      vertex 0.000000 16.000000 0.000000
      vertex 0.000000 15.200000 0.000000
    endloop
  endfacet
  facet normal 0.000000 0.000000 -1.000000
    outer loop
      vertex 2.088419 15.863118 1.000000
      vertex 1.983998 15.069962 1.000000
      vertex 0.000000 15.200000 1.000000
    endloop
  endfacet
  facet normal -0.000000 0.000000 -1.000000
    outer loop
      vertex 2.088419 15.863118 1.000000
      vertex 0.000000 15.200000 1.000000
      vertex 0.000000 16.000000 1.000000
    endloop
  endfacet
  facet normal 0.065403 0.997859 0.000000
    outer loop
      vertex 2.088419 15.863118 0.000000
      vertex 0.000000 16.000000 0.000000
      vertex 0.000000 16.000000 1.000000
    endloop
  endfacet
  facet normal 0.065403 0.997859 -0.000000
    outer loop
      vertex 2.088419 15.863118 0.000000
      vertex 0.000000 16.000000 1.000000
      vertex 2.088419 15.863118 1.000000
    endloop
  endfacet
  facet normal -0.065403 -0.997859 0.000000
    outer loop
      vertex 1.983998 15.069962 0.000000
      vertex 0.000000 15.200000 1.000000
      vertex 0.000000 15.200000 0.000000
    endloop
  endfacet
  facet normal -0.065403 -0.997859 0.000000
    outer loop
      vertex 1.983998 15.069962 0.000000
      vertex 1.983998 15.069962 1.000000
      vertex 0.000000 15.200000 1.000000
    endloop
  endfacet
  facet normal 0.000000 0.000000 1.000000
    outer loop
      vertex 0.000000 16.000000 0.000000
      vertex -1.983998 15.069962 0.000000
      vertex 0.000000 15.200000 0.000000
    endloop
  endfacet
  facet normal 0.000000 0.000000 1.000000
    outer loop
      vertex 0.000000 16.000000 0.000000
      vertex -2.088419 15.863118 0.000000
      vertex -1.983998 15.069962 0.000000
    endloop
  endfacet
  facet normal 0.000000 0.000000 -1.000000
    outer loop
      vertex 0.000000 16.000000 1.000000
      vertex 0.000000 15.200000 1.000000
      vertex -1.983998 15.069962 1.000000
    endloop
  endfacet
  facet normal 0.000000 0.000000 -1.000000
    outer loop
      vertex 0.000000 16.000000 1.000000
      vertex -1.983998 15.069962 1.000000
      vertex -2.088419 15.863118 1.000000
    endloop
  endfacet
  facet normal -0.065403 0.997859 0.000000
    outer loop
      vertex 0.000000 16.000000 0.000000
      vertex -2.088419 15.863118 0.000000
      vertex -2.088419 15.863118 1.000000
    endloop
  endfacet
  facet normal -0.065403 0.997859 0.000000
    outer loop
      vertex 0.000000 16.000000 0.000000
      vertex -2.088419 15.863118 1.000000
      vertex 0.000000 16.000000 1.000000
    endloop
  endfacet
  facet normal 0.065403 -0.997859 0.000000
    outer loop
      vertex 0.000000 15.200000 0.000000
      vertex -1.983998 15.069962 1.000000
      vertex -1.983998 15.069962 0.000000
    endloop
  endfacet
  facet normal 0.065403 -0.997859 0.000000
    outer loop
      vertex 0.000000 15.200000 0.000000
      vertex 0.000000 15.200000 1.000000
      vertex -1.983998 15.069962 1.000000
    endloop
  endfacet
  facet normal 0.000000 0.000000 1.000000
    outer loop
      vertex -2.088419 15.863118 0.000000
      vertex -3.934049 14.682073 0.000000
      vertex -1.983998 15.069962 0.000000
    endloop
  endfacet
  facet normal 0.000000 0.000000 1.000000
    outer loop
      vertex -2.088419 15.863118 0.000000
      vertex -4.141105 15.454813 0.000000
      vertex -3.934049 14.682073 0.000000
    endloop
  endfacet
  facet normal 0.000000 -0.000000 -1.000000
    outer loop
      vertex -2.088419 15.863118 1.000000
      vertex -1.983998 15.069962 1.000000
      vertex -3.934049 14.682073 1.000000
    endloop
  endfacet
  facet normal 0.000000 0.000000 -1.000000
    outer loop
      vertex -2.088419 15.863118 1.000000
      vertex -3.934049 14.682073 1.000000
      vertex -4.141105 15.454813 1.000000
    endloop
  endfacet
  facet normal -0.195090 0.980785 0.000000
    outer loop
      vertex -2.088419 15.863118 0.000000
      vertex -4.141105 15.454813 0.000000
      vertex -4.141105 15.454813 1.000000
    endloop
  endfacet
  facet normal -0.195090 0.980785 0.000000
    outer loop
      vertex -2.088419 15.863118 0.000000
      vertex -4.141105 15.454813 1.000000
      vertex -2.088419 15.863118 1.000000
    endloop
  endfacet
  facet normal 0.195090 -0.980785 0.000000
    outer loop
      vertex -1.983998 15.069962 0.000000
      vertex -3.934049 14.682073 1.000000
      vertex -3.934049 14.682073 0.000000
    endloop
  endfacet
  facet normal 0.195090 -0.980785 0.000000
    outer loop
      vertex -1.983998 15.069962 0.000000
      vertex -1.983998 15.069962 1.000000
      vertex -3.934049 14.682073 1.000000
    endloop
  endfacet
  facet normal 0.000000 0.000000 1.000000
    outer loop
      vertex -4.141105 15.454813 0.000000
      vertex -5.816788 14.042969 0.000000
      vertex -3.934049 14.682073 0.000000
    endloop
  endfacet
  facet normal 0.000000 0.000000 1.000000
    outer loop
      vertex -4.141105 15.454813 0.000000
      vertex -6.122935 14.782073 0.000000
      vertex -5.816788 14.042969 0.000000
    endloop
  endfacet
  facet normal 0.000000 -0.000000 -1.000000
    outer loop
      vertex -4.141105 15.454813 1.000000
      vertex -3.934049 14.682073 1.000000
      vertex -5.816788 14.042969 1.000000
    endloop
  endfacet
  facet normal 0.000000 0.000000 -1.000000
    outer loop
      vertex -4.141105 15.454813 1.000000
      vertex -5.816788 14.042969 1.000000
      vertex -6.122935 14.782073 1.000000
    endloop
  endfacet
  facet normal -0.321439 0.946930 0.000000
    outer loop
      vertex -4.141105 15.454813 0.000000
      vertex -6.122935 14.782073 0.000000
      vertex -6.122935 14.782073 1.000000
    endloop
  endfacet
  facet normal -0.321439 0.946930 0.000000
    outer loop
      vertex -4.141105 15.454813 0.000000
      vertex -6.122935 14.782073 1.000000
      vertex -4.141105 15.454813 1.000000
    endloop
  endfacet
  facet normal 0.321439 -0.946930 0.000000
    outer loop
      vertex -3.934049 14.682073 0.000000
      vertex -5.816788 14.042969 1.000000
      vertex -5.816788 14.042969 0.000000
    endloop
  endfacet
  facet normal 0.321439 -0.946930 0.000000
    outer loop
      vertex -3.934049 14.682073 0.000000
      vertex -3.934049 14.682073 1.000000
      vertex -5.816788 14.042969 1.000000
    endloop
  endfacet
  facet normal 0.000000 0.000000 1.000000
    outer loop
      vertex -6.122935 14.782073 0.000000
      vertex -7.600000 13.163586 0.000000
      vertex -5.816788 14.042969 0.000000
    endloop
  endfacet
  facet normal 0.000000 0.000000 1.000000
    outer loop
      vertex -6.122935 14.782073 0.000000
      vertex -8.000000 13.856406 0.000000
      vertex -7.600000 13.163586 0.000000
    endloop
  endfacet
  facet normal 0.000000 -0.000000 -1.000000
    outer loop
      vertex -6.122935 14.782073 1.000000
      vertex -5.816788 14.042969 1.000000
      vertex -7.600000 13.163586 1.000000
    endloop
  endfacet
  facet normal 0.000000 0.000000 -1.000000
    outer loop
      vertex -6.122935 14.782073 1.000000
      vertex -7.600000 13.163586 1.000000
      vertex -8.000000 13.856406 1.000000
    endloop
  endfacet
  facet normal -0.442289 0.896873 0.000000
    outer loop
      vertex -6.122935 14.782073 0.000000
      vertex -8.000000 13.856406 0.000000
      vertex -8.000000 13.856406 1.000000
    endloop
  endfacet
  facet normal -0.442289 0.896873 0.000000
    outer loop
      vertex -6.122935 14.782073 0.000000
      vertex -8.000000 13.856406 1.000000
      vertex -6.122935 14.782073 1.000000
    endloop
  endfacet
  facet normal 0.442289 -0.896873 0.000000
    outer loop
      vertex -5.816788 14.042969 0.000000
      vertex -7.600000 13.163586 1.000000
      vertex -7.600000 13.163586 0.000000
    endloop
  endfacet
  facet normal 0.442289 -0.896873 0.000000
    outer loop
      vertex -5.816788 14.042969 0.000000
      vertex -5.816788 14.042969 1.000000
      vertex -7.600000 13.163586 1.000000
    endloop
  endfacet
  facet normal 0.000000 0.000000 1.000000
    outer loop
      vertex -8.000000 13.856406 0.000000
      vertex -9.253174 12.058971 0.000000
      vertex -7.600000 13.163586 0.000000
    endloop
  endfacet
  facet normal 0.000000 0.000000 1.000000
    outer loop
      vertex -8.000000 13.856406 0.000000
      vertex -9.740183 12.693653 0.000000
      vertex -9.253174 12.058971 0.000000
    endloop
  endfacet
  facet normal 0.000000 -0.000000 -1.000000
    outer loop
      vertex -8.000000 13.856406 1.000000
      vertex -7.600000 13.163586 1.000000
      vertex -9.253174 12.058971 1.000000
    endloop
  endfacet
  facet normal 0.000000 0.000000 -1.000000
    outer loop
      vertex -8.000000 13.856406 1.000000
      vertex -9.253174 12.058971 1.000000
      vertex -9.740183 12.693653 1.000000
    endloop
  endfacet
  facet normal -0.555570 0.831470 0.000000
    outer loop
      vertex -8.000000 13.856406 0.000000
      vertex -9.740183 12.693653 0.000000
      vertex -9.740183 12.693653 1.000000
    endloop
  endfacet
  facet normal -0.555570 0.831470 0.000000
    outer loop
      vertex -8.000000 13.856406 0.000000
      vertex -9.740183 12.693653 1.000000
      vertex -8.000000 13.856406 1.000000
    endloop
  endfacet
  facet normal 0.555570 -0.831470 0.000000
    outer loop
      vertex -7.600000 13.163586 0.000000
      vertex -9.253174 12.058971 1.000000
      vertex -9.253174 12.058971 0.000000
    endloop
  endfacet
  facet normal 0.555570 -0.831470 0.000000
    outer loop
      vertex -7.600000 13.163586 0.000000
      vertex -7.600000 13.163586 1.000000
      vertex -9.253174 12.058971 1.000000
    endloop
  endfacet
  facet normal 0.000000 0.000000 1.000000
    outer loop
      vertex -9.740183 12.693653 0.000000
      vertex -10.748023 10.748023 0.000000
      vertex -9.253174 12.058971 0.000000
    endloop
  endfacet
  facet normal 0.000000 0.000000 1.000000
    outer loop
      vertex -9.740183 12.693653 0.000000
      vertex -11.313708 11.313708 0.000000
      vertex -10.748023 10.748023 0.000000
    endloop
  endfacet
  facet normal 0.000000 -0.000000 -1.000000
    outer loop
      vertex -9.740183 12.693653 1.000000
      vertex -9.253174 12.058971 1.000000
      vertex -10.748023 10.748023 1.000000
    endloop
  endfacet
  facet normal 0.000000 0.000000 -1.000000
    outer loop
      vertex -9.740183 12.693653 1.000000
      vertex -10.748023 10.748023 1.000000
      vertex -11.313708 11.313708 1.000000
    endloop
  endfacet
  facet normal -0.659346 0.751840 0.000000
    outer loop
      vertex -9.740183 12.693653 0.000000
      vertex -11.313708 11.313708 0.000000
      vertex -11.313708 11.313708 1.000000
    endloop
  endfacet
  facet normal -0.659346 0.751840 0.000000
    outer loop
      vertex -9.740183 12.693653 0.000000
      vertex -11.313708 11.313708 1.000000
      vertex -9.740183 12.693653 1.000000
    endloop
  endfacet
  facet normal 0.659346 -0.751840 0.000000
    outer loop
      vertex -9.253174 12.058971 0.000000
      vertex -10.748023 10.748023 1.000000
      vertex -10.748023 10.748023 0.000000
    endloop
  endfacet
  facet normal 0.659346 -0.751840 0.000000
    outer loop
      vertex -9.253174 12.058971 0.000000
      vertex -9.253174 12.058971 1.000000
      vertex -10.748023 10.748023 1.000000
    endloop
  endfacet
  facet normal 0.000000 0.000000 1.000000
    outer loop
      vertex -11.313708 11.313708 0.000000
      vertex -12.058971 9.253174 0.000000
      vertex -10.748023 10.748023 0.000000
    endloop
  endfacet
  facet normal 0.000000 0.000000 1.000000
    outer loop
      vertex -11.313708 11.313708 0.000000
      vertex -12.693653 9.740183 0.000000
      vertex -12.058971 9.253174 0.000000
    endloop
  endfacet
  facet normal 0.000000 -0.000000 -1.000000
    outer loop
      vertex -11.313708 11.313708 1.000000
      vertex -10.748023 10.748023 1.000000
      vertex -12.058971 9.253174 1.000000
    endloop
  endfacet
  facet normal 0.000000 0.000000 -1.000000
    outer loop
      vertex -11.313708 11.313708 1.000000
      vertex -12.058971 9.253174 1.000000
      vertex -12.693653 9.740183 1.000000
    endloop
  endfacet
  facet normal -0.751840 0.659346 0.000000
    outer loop
      vertex -11.313708 11.313708 0.000000
      vertex -12.693653 9.740183 0.000000
      vertex -12.693653 9.740183 1.000000
    endloop
  endfacet
  facet normal -0.751840 0.659346 0.000000
    outer loop
      vertex -11.313708 11.313708 0.000000
      vertex -12.693653 9.740183 1.000000
      vertex -11.313708 11.313708 1.000000
    endloop
  endfacet
  facet normal 0.751840 -0.659346 0.000000
    outer loop
      vertex -10.748023 10.748023 0.000000
      vertex -12.058971 9.253174 1.000000
      vertex -12.058971 9.253174 0.000000
    endloop
  endfacet
  facet normal 0.751840 -0.659346 0.000000
    outer loop
      vertex -10.748023 10.748023 0.000000
      vertex -10.748023 10.748023 1.000000
      vertex -12.058971 9.253174 1.000000
    endloop
  endfacet
  facet normal 0.000000 0.000000 1.000000
    outer loop
      vertex -12.693653 9.740183 0.000000
      vertex -13.163586 7.600000 0.000000
      vertex -12.058971 9.253174 0.000000
    endloop
  endfacet
  facet normal 0.000000 0.000000 1.000000
    outer loop
      vertex -12.693653 9.740183 0.000000
      vertex -13.856406 8.000000 0.000000
      vertex -13.163586 7.600000 0.000000
    endloop
  endfacet
  facet normal 0.000000 -0.000000 -1.000000
    outer loop
      vertex -12.693653 9.740183 1.000000
      vertex -12.058971 9.253174 1.000000
      vertex -13.163586 7.600000 1.000000
    endloop
  endfacet
  facet normal 0.000000 0.000000 -1.000000
    outer loop
      vertex -12.693653 9.740183 1.000000
      vertex -13.163586 7.600000 1.000000
      vertex -13.856406 8.000000 1.000000
    endloop
  endfacet
  facet normal -0.831470 0.555570 0.000000
    outer loop
      vertex -12.693653 9.740183 0.000000
      vertex -13.856406 8.000000 0.000000
      vertex -13.856406 8.000000 1.000000
    endloop
  endfacet
  facet normal -0.831470 0.555570 0.000000
    outer loop
      vertex -12.693653 9.740183 0.000000
      vertex -13.856406 8.000000 1.000000
      vertex -12.693653 9.740183 1.000000
    endloop
  endfacet
  facet normal 0.831470 -0.555570 0.000000
    outer loop
      vertex -12.058971 9.253174 0.000000
      vertex -13.163586 7.600000 1.000000
      vertex -13.163586 7.600000 0.000000
    endloop
  endfacet
  facet normal 0.831470 -0.555570 0.000000
    outer loop
      vertex -12.058971 9.253174 0.000000
      vertex -12.058971 9.253174 1.000000
      vertex -13.163586 7.600000 1.000000
    endloop
  endfacet
  facet normal 0.000000 0.000000 1.000000
    outer loop
      vertex -13.856406 8.000000 0.000000
      vertex -14.042969 5.816788 0.000000
      vertex -13.163586 7.600000 0.000000
    endloop
  endfacet
  facet normal 0.000000 0.000000 1.000000
    outer loop
      vertex -13.856406 8.000000 0.000000
      vertex -14.782073 6.122935 0.000000
      vertex -14.042969 5.816788 0.000000
    endloop
  endfacet
  facet normal 0.000000 -0.000000 -1.000000
    outer loop
      vertex -13.856406 8.000000 1.000000
      vertex -13.163586 7.600000 1.000000
      vertex -14.042969 5.816788 1.000000
    endloop
  endfacet
  facet normal 0.000000 0.000000 -1.000000
    outer loop
      vertex -13.856406 8.000000 1.000000
      vertex -14.042969 5.816788 1.000000
      vertex -14.782073 6.122935 1.000000
    endloop
  endfacet
  facet normal -0.896873 0.442289 0.000000
    outer loop
      vertex -13.856406 8.000000 0.000000
      vertex -14.782073 6.122935 0.000000
      vertex -14.782073 6.122935 1.000000
    endloop
  endfacet
  facet normal -0.896873 0.442289 0.000000
    outer loop
      vertex -13.856406 8.000000 0.000000
      vertex -14.782073 6.122935 1.000000
      vertex -13.856406 8.000000 1.000000
    endloop
  endfacet
  facet normal 0.896873 -0.442289 0.000000
    outer loop
      vertex -13.163586 7.600000 0.000000
      vertex -14.042969 5.816788 1.000000
      vertex -14.042969 5.816788 0.000000
    endloop
  endfacet
  facet normal 0.896873 -0.442289 0.000000
    outer loop
      vertex -13.163586 7.600000 0.000000
      vertex -13.163586 7.600000 1.000000
      vertex -14.042969 5.816788 1.000000
    endloop
  endfacet
  facet normal 0.000000 0.000000 1.000000
    outer loop
      vertex -14.782073 6.122935 0.000000
      vertex -14.682073 3.934049 0.000000
      vertex -14.042969 5.816788 0.000000
    endloop
  endfacet
  facet normal 0.000000 0.000000 1.000000
    outer loop
      vertex -14.782073 6.122935 0.000000
      vertex -15.454813 4.141105 0.000000
      vertex -14.682073 3.934049 0.000000
    endloop
  endfacet
  facet normal 0.000000 0.000000 -1.000000
    outer loop
      vertex -14.782073 6.122935 1.000000
      vertex -14.042969 5.816788 1.000000
      vertex -14.682073 3.934049 1.000000
    endloop
  endfacet
  facet normal 0.000000 -0.000000 -1.000000
    outer loop
      vertex -14.782073 6.122935 1.000000
      vertex -14.682073 3.934049 1.000000
      vertex -15.454813 4.141105 1.000000
    endloop
  endfacet
  facet normal -0.946930 0.321439 0.000000
    outer loop
      vertex -14.782073 6.122935 0.000000
      vertex -15.454813 4.141105 0.000000
      vertex -15.454813 4.141105 1.000000
    endloop
  endfacet
  facet normal -0.946930 0.321439 0.000000
    outer loop
      vertex -14.782073 6.122935 0.000000
      vertex -15.454813 4.141105 1.000000
      vertex -14.782073 6.122935 1.000000
    endloop
  endfacet
  facet normal 0.946930 -0.321439 0.000000
    outer loop
      vertex -14.042969 5.816788 0.000000
      vertex -14.682073 3.934049 1.000000
      vertex -14.682073 3.934049 0.000000
    endloop
  endfacet
  facet normal 0.946930 -0.321439 0.000000
    outer loop
      vertex -14.042969 5.816788 0.000000
      vertex -14.042969 5.816788 1.000000
      vertex -14.682073 3.934049 1.000000
    endloop
  endfacet
  facet normal 0.000000 0.000000 1.000000
    outer loop
      vertex -15.454813 4.141105 0.000000
      vertex -15.069962 1.983998 0.000000
      vertex -14.682073 3.934049 0.000000
    endloop
  endfacet
  facet normal 0.000000 0.000000 1.000000
    outer loop
      vertex -15.454813 4.141105 0.000000
      vertex -15.863118 2.088419 0.000000
      vertex -15.069962 1.983998 0.000000
    endloop
  endfacet
  facet normal 0.000000 0.000000 -1.000000
    outer loop
      vertex -15.454813 4.141105 1.000000
      vertex -14.682073 3.934049 1.000000
      vertex -15.069962 1.983998 1.000000
    endloop
  endfacet
  facet normal 0.000000 -0.000000 -1.000000
    outer loop
      vertex -15.454813 4.141105 1.000000
      vertex -15.069962 1.983998 1.000000
      vertex -15.863118 2.088419 1.000000
    endloop
  endfacet
  facet normal -0.980785 0.195090 0.000000
    outer loop
      vertex -15.454813 4.141105 0.000000
      vertex -15.863118 2.088419 0.000000
      vertex -15.863118 2.088419 1.000000
    endloop
  endfacet
  facet normal -0.980785 0.195090 0.000000
    outer loop
      vertex -15.454813 4.141105 0.000000
      vertex -15.863118 2.088419 1.000000
      vertex -15.454813 4.141105 1.000000
    endloop
  endfacet
  facet normal 0.980785 -0.195090 0.000000
    outer loop
      vertex -14.682073 3.934049 0.000000
      vertex -15.069962 1.983998 1.000000
      vertex -15.069962 1.983998 0.000000
    endloop
  endfacet
  facet normal 0.980785 -0.195090 0.000000
    outer loop
      vertex -14.682073 3.934049 0.000000
      vertex -14.682073 3.934049 1.000000
      vertex -15.069962 1.983998 1.000000
    endloop
  endfacet
  facet normal 0.000000 0.000000 1.000000
    outer loop
      vertex -15.863118 2.088419 0.000000
      vertex -15.200000 0.000000 0.000000
      vertex -15.069962 1.983998 0.000000
    endloop
  endfacet
  facet normal 0.000000 0.000000 1.000000
    outer loop
      vertex -15.863118 2.088419 0.000000
      vertex -16.000000 0.000000 0.000000
      vertex -15.200000 0.000000 0.000000
    endloop
  endfacet
  facet normal 0.000000 0.000000 -1.000000
    outer loop
      vertex -15.863118 2.088419 1.000000
      vertex -15.069962 1.983998 1.000000
      vertex -15.200000 0.000000 1.000000
    endloop
  endfacet
  facet normal 0.000000 -0.000000 -1.000000
    outer loop
      vertex -15.863118 2.088419 1.000000
      vertex -15.200000 0.000000 1.000000
      vertex -16.000000 0.000000 1.000000
    endloop
  endfacet
  facet normal -0.997859 0.065403 0.000000
    outer loop
      vertex -15.863118 2.088419 0.000000
      vertex -16.000000 0.000000 0.000000
      vertex -16.000000 0.000000 1.000000
    endloop
  endfacet
  facet normal -0.997859 0.065403 0.000000
    outer loop
      vertex -15.863118 2.088419 0.000000
      vertex -16.000000 0.000000 1.000000
      vertex -15.863118 2.088419 1.000000
    endloop
  endfacet
  facet normal 0.997859 -0.065403 0.000000
    outer loop
      vertex -15.069962 1.983998 0.000000
      vertex -15.200000 0.000000 1.000000
      vertex -15.200000 0.000000 0.000000
    endloop
  endfacet
  facet normal 0.997859 -0.065403 0.000000
    outer loop
      vertex -15.069962 1.983998 0.000000
      vertex -15.069962 1.983998 1.000000
      vertex -15.200000 0.000000 1.000000
    endloop
  endfacet
  facet normal 0.000000 0.000000 1.000000
    outer loop
      vertex -16.000000 0.000000 0.000000
      vertex -15.069962 -1.983998 0.000000
      vertex -15.200000 0.000000 0.000000
    endloop
  endfacet
  facet normal 0.000000 0.000000 1.000000
    outer loop
      vertex -16.000000 0.000000 0.000000
      vertex -15.863118 -2.088419 0.000000
      vertex -15.069962 -1.983998 0.000000
    endloop
  endfacet
  facet normal 0.000000 0.000000 -1.000000
    outer loop
      vertex -16.000000 0.000000 1.000000
      vertex -15.200000 0.000000 1.000000
      vertex -15.069962 -1.983998 1.000000
    endloop
  endfacet
  facet normal 0.000000 0.000000 -1.000000
    outer loop
      vertex -16.000000 0.000000 1.000000
      vertex -15.069962 -1.983998 1.000000
      vertex -15.863118 -2.088419 1.000000
    endloop
  endfacet
  facet normal -0.997859 -0.065403 0.000000
    outer loop
      vertex -16.000000 0.000000 0.000000
      vertex -15.863118 -2.088419 0.000000
      vertex -15.863118 -2.088419 1.000000
    endloop
  endfacet
  facet normal -0.997859 -0.065403 0.000000
    outer loop
      vertex -16.000000 0.000000 0.000000
      vertex -15.863118 -2.088419 1.000000
      vertex -16.000000 0.000000 1.000000
    endloop
  endfacet
  facet normal 0.997859 0.065403 0.000000
    outer loop
      vertex -15.200000 0.000000 0.000000
      vertex -15.069962 -1.983998 1.000000
      vertex -15.069962 -1.983998 0.000000
    endloop
  endfacet
  facet normal 0.997859 0.065403 -0.000000
    outer loop
      vertex -15.200000 0.000000 0.000000
      vertex -15.200000 0.000000 1.000000
      vertex -15.069962 -1.983998 1.000000
    endloop
  endfacet
  facet normal -0.000000 0.000000 1.000000
    outer loop
      vertex -15.863118 -2.088419 0.000000
      vertex -14.682073 -3.934049 0.000000
      vertex -15.069962 -1.983998 0.000000
    endloop
  endfacet
  facet normal 0.000000 0.000000 1.000000
    outer loop
      vertex -15.863118 -2.088419 0.000000
      vertex -15.454813 -4.141105 0.000000
      vertex -14.682073 -3.934049 0.000000
    endloop
  endfacet
  facet normal 0.000000 0.000000 -1.000000
    outer loop
      vertex -15.863118 -2.088419 1.000000
      vertex -15.069962 -1.983998 1.000000
      vertex -14.682073 -3.934049 1.000000
    endloop
  endfacet
  facet normal 0.000000 0.000000 -1.000000
    outer loop
      vertex -15.863118 -2.088419 1.000000
      vertex -14.682073 -3.934049 1.000000
      vertex -15.454813 -4.141105 1.000000
    endloop
  endfacet
  facet normal -0.980785 -0.195090 0.000000
    outer loop
      vertex -15.863118 -2.088419 0.000000
      vertex -15.454813 -4.141105 0.000000
      vertex -15.454813 -4.141105 1.000000
    endloop
  endfacet
  facet normal -0.980785 -0.195090 0.000000
    outer loop
      vertex -15.863118 -2.088419 0.000000
      vertex -15.454813 -4.141105 1.000000
      vertex -15.863118 -2.088419 1.000000
    endloop
  endfacet
  facet normal 0.980785 0.195090 0.000000
    outer loop
      vertex -15.069962 -1.983998 0.000000
      vertex -14.682073 -3.934049 1.000000
      vertex -14.682073 -3.934049 0.000000
    endloop
  endfacet
  facet normal 0.980785 0.195090 -0.000000
    outer loop
      vertex -15.069962 -1.983998 0.000000
      vertex -15.069962 -1.983998 1.000000
      vertex -14.682073 -3.934049 1.000000
    endloop
  endfacet
  facet normal -0.000000 0.000000 1.000000
    outer loop
      vertex -15.454813 -4.141105 0.000000
      vertex -14.042969 -5.816788 0.000000
      vertex -14.682073 -3.934049 0.000000
    endloop
  endfacet
  facet normal 0.000000 0.000000 1.000000
    outer loop
      vertex -15.454813 -4.141105 0.000000
      vertex -14.782073 -6.122935 0.000000
      vertex -14.042969 -5.816788 0.000000
    endloop
  endfacet
  facet normal 0.000000 0.000000 -1.000000
    outer loop
      vertex -15.454813 -4.141105 1.000000
      vertex -14.682073 -3.934049 1.000000
      vertex -14.042969 -5.816788 1.000000
    endloop
  endfacet
  facet normal 0.000000 0.000000 -1.000000
    outer loop
      vertex -15.454813 -4.141105 1.000000
      vertex -14.042969 -5.816788 1.000000
      vertex -14.782073 -6.122935 1.000000
    endloop
  endfacet
  facet normal -0.946930 -0.321439 0.000000
    outer loop
      vertex -15.454813 -4.141105 0.000000
      vertex -14.782073 -6.122935 0.000000
      vertex -14.782073 -6.122935 1.000000
    endloop
  endfacet
  facet normal -0.946930 -0.321439 0.000000
    outer loop
      vertex -15.454813 -4.141105 0.000000
      vertex -14.782073 -6.122935 1.000000
      vertex -15.454813 -4.141105 1.000000
    endloop
  endfacet
  facet normal 0.946930 0.321439 0.000000
    outer loop
      vertex -14.682073 -3.934049 0.000000
      vertex -14.042969 -5.816788 1.000000
      vertex -14.042969 -5.816788 0.000000
    endloop
  endfacet
  facet normal 0.946930 0.321439 -0.000000
    outer loop
      vertex -14.682073 -3.934049 0.000000
      vertex -14.682073 -3.934049 1.000000
      vertex -14.042969 -5.816788 1.000000
    endloop
  endfacet
  facet normal -0.000000 0.000000 1.000000
    outer loop
      vertex -14.782073 -6.122935 0.000000
      vertex -13.163586 -7.600000 0.000000
      vertex -14.042969 -5.816788 0.000000
    endloop
  endfacet
  facet normal 0.000000 0.000000 1.000000
    outer loop
      vertex -14.782073 -6.122935 0.000000
      vertex -13.856406 -8.000000 0.000000
      vertex -13.163586 -7.600000 0.000000
    endloop
  endfacet
  facet normal 0.000000 0.000000 -1.000000
    outer loop
      vertex -14.782073 -6.122935 1.000000
      vertex -14.042969 -5.816788 1.000000
      vertex -13.163586 -7.600000 1.000000
    endloop
  endfacet
  facet normal 0.000000 0.000000 -1.000000
    outer loop
      vertex -14.782073 -6.122935 1.000000
      vertex -13.163586 -7.600000 1.000000
      vertex -13.856406 -8.000000 1.000000
    endloop
  endfacet
  facet normal -0.896873 -0.442289 0.000000
    outer loop
      vertex -14.782073 -6.122935 0.000000
      vertex -13.856406 -8.000000 0.000000
      vertex -13.856406 -8.000000 1.000000
    endloop
  endfacet
  facet normal -0.896873 -0.442289 0.000000
    outer loop
      vertex -14.782073 -6.122935 0.000000
      vertex -13.856406 -8.000000 1.000000
      vertex -14.782073 -6.122935 1.000000
    endloop
  endfacet
  facet normal 0.896873 0.442289 0.000000
    outer loop
      vertex -14.042969 -5.816788 0.000000
      vertex -13.163586 -7.600000 1.000000
      vertex -13.163586 -7.600000 0.000000
    endloop
  endfacet
  facet normal 0.896873 0.442289 -0.000000
    outer loop
      vertex -14.042969 -5.816788 0.000000
      vertex -14.042969 -5.816788 1.000000
      vertex -13.163586 -7.600000 1.000000
    endloop
  endfacet
  facet normal -0.000000 0.000000 1.000000
    outer loop
      vertex -13.856406 -8.000000 0.000000
      vertex -12.058971 -9.253174 0.000000
      vertex -13.163586 -7.600000 0.000000
    endloop
  endfacet
  facet normal 0.000000 0.000000 1.000000
    outer loop
      vertex -13.856406 -8.000000 0.000000
      vertex -12.693653 -9.740183 0.000000
      vertex -12.058971 -9.253174 0.000000
    endloop
  endfacet
  facet normal 0.000000 0.000000 -1.000000
    outer loop
      vertex -13.856406 -8.000000 1.000000
      vertex -13.163586 -7.600000 1.000000
      vertex -12.058971 -9.253174 1.000000
    endloop
  endfacet
  facet normal 0.000000 0.000000 -1.000000
    outer loop
      vertex -13.856406 -8.000000 1.000000
      vertex -12.058971 -9.253174 1.000000
      vertex -12.693653 -9.740183 1.000000
    endloop
  endfacet
  facet normal -0.831470 -0.555570 0.000000
    outer loop
      vertex -13.856406 -8.000000 0.000000
      vertex -12.693653 -9.740183 0.000000
      vertex -12.693653 -9.740183 1.000000
    endloop
  endfacet
  facet normal -0.831470 -0.555570 0.000000
    outer loop
      vertex -13.856406 -8.000000 0.000000
      vertex -12.693653 -9.740183 1.000000
      vertex -13.856406 -8.000000 1.000000
    endloop
  endfacet
  facet normal 0.831470 0.555570 0.000000
    outer loop
      vertex -13.163586 -7.600000 0.000000
      vertex -12.058971 -9.253174 1.000000
      vertex -12.058971 -9.253174 0.000000
    endloop
  endfacet
  facet normal 0.831470 0.555570 -0.000000
    outer loop
      vertex -13.163586 -7.600000 0.000000
      vertex -13.163586 -7.600000 1.000000
      vertex -12.058971 -9.253174 1.000000
    endloop
  endfacet
  facet normal -0.000000 0.000000 1.000000
    outer loop
      vertex -12.693653 -9.740183 0.000000
      vertex -10.748023 -10.748023 0.000000
      vertex -12.058971 -9.253174 0.000000
    endloop
  endfacet
  facet normal 0.000000 0.000000 1.000000
    outer loop
      vertex -12.693653 -9.740183 0.000000
      vertex -11.313708 -11.313708 0.000000
      vertex -10.748023 -10.748023 0.000000
    endloop
  endfacet
  facet normal 0.000000 0.000000 -1.000000
    outer loop
      vertex -12.693653 -9.740183 1.000000
      vertex -12.058971 -9.253174 1.000000
      vertex -10.748023 -10.748023 1.000000
    endloop
  endfacet
  facet normal 0.000000 0.000000 -1.000000
    outer loop
      vertex -12.693653 -9.740183 1.000000
      vertex -10.748023 -10.748023 1.000000
      vertex -11.313708 -11.313708 1.000000
    endloop
  endfacet
  facet normal -0.751840 -0.659346 0.000000
    outer loop
      vertex -12.693653 -9.740183 0.000000
      vertex -11.313708 -11.313708 0.000000
      vertex -11.313708 -11.313708 1.000000
    endloop
  endfacet
  facet normal -0.751840 -0.659346 0.000000
    outer loop
      vertex -12.693653 -9.740183 0.000000
      vertex -11.313708 -11.313708 1.000000
      vertex -12.693653 -9.740183 1.000000
    endloop
  endfacet
  facet normal 0.751840 0.659346 0.000000
    outer loop
      vertex -12.058971 -9.253174 0.000000
      vertex -10.748023 -10.748023 1.000000
      vertex -10.748023 -10.748023 0.000000
    endloop
  endfacet
  facet normal 0.751840 0.659346 -0.000000
    outer loop
      vertex -12.058971 -9.253174 0.000000
      vertex -12.058971 -9.253174 1.000000
      vertex -10.748023 -10.748023 1.000000
    endloop
  endfacet
  facet normal -0.000000 0.000000 1.000000
    outer loop
      vertex -11.313708 -11.313708 0.000000
      vertex -9.253174 -12.058971 0.000000
      vertex -10.748023 -10.748023 0.000000
    endloop
  endfacet
  facet normal 0.000000 0.000000 1.000000
    outer loop
      vertex -11.313708 -11.313708 0.000000
      vertex -9.740183 -12.693653 0.000000
      vertex -9.253174 -12.058971 0.000000
    endloop
  endfacet
  facet normal 0.000000 0.000000 -1.000000
    outer loop
      vertex -11.313708 -11.313708 1.000000
      vertex -10.748023 -10.748023 1.000000
      vertex -9.253174 -12.058971 1.000000
    endloop
  endfacet
  facet normal 0.000000 0.000000 -1.000000
    outer loop
      vertex -11.313708 -11.313708 1.000000
      vertex -9.253174 -12.058971 1.000000
      vertex -9.740183 -12.693653 1.000000
    endloop
  endfacet
  facet normal -0.659346 -0.751840 0.000000
    outer loop
      vertex -11.313708 -11.313708 0.000000
      vertex -9.740183 -12.693653 0.000000
      vertex -9.740183 -12.693653 1.000000
    endloop
  endfacet
  facet normal -0.659346 -0.751840 0.000000
    outer loop
      vertex -11.313708 -11.313708 0.000000
      vertex -9.740183 -12.693653 1.000000
      vertex -11.313708 -11.313708 1.000000
    endloop
  endfacet
  facet normal 0.659346 0.751840 0.000000
    outer loop
      vertex -10.748023 -10.748023 0.000000
      vertex -9.253174 -12.058971 1.000000
      vertex -9.253174 -12.058971 0.000000
    endloop
  endfacet
  facet normal 0.659346 0.751840 -0.000000
    outer loop
      vertex -10.748023 -10.748023 0.000000
      vertex -10.748023 -10.748023 1.000000
      vertex -9.253174 -12.058971 1.000000
    endloop
  endfacet
  facet normal -0.000000 0.000000 1.000000
    outer loop
      vertex -9.740183 -12.693653 0.000000
      vertex -7.600000 -13.163586 0.000000
      vertex -9.253174 -12.058971 0.000000
    endloop
  endfacet
  facet normal 0.000000 0.000000 1.000000
    outer loop
      vertex -9.740183 -12.693653 0.000000
      vertex -8.000000 -13.856406 0.000000
      vertex -7.600000 -13.163586 0.000000
    endloop
  endfacet
  facet normal 0.000000 0.000000 -1.000000
    outer loop
      vertex -9.740183 -12.693653 1.000000
      vertex -9.253174 -12.058971 1.000000
      vertex -7.600000 -13.163586 1.000000
    endloop
  endfacet
  facet normal 0.000000 0.000000 -1.000000
    outer loop
      vertex -9.740183 -12.693653 1.000000
      vertex -7.600000 -13.163586 1.000000
      vertex -8.000000 -13.856406 1.000000
    endloop
  endfacet
  facet normal -0.555570 -0.831470 0.000000
    outer loop
      vertex -9.740183 -12.693653 0.000000
      vertex -8.000000 -13.856406 0.000000
      vertex -8.000000 -13.856406 1.000000
    endloop
  endfacet
  facet normal -0.555570 -0.831470 0.000000
    outer loop
      vertex -9.740183 -12.693653 0.000000
      vertex -8.000000 -13.856406 1.000000
      vertex -9.740183 -12.693653 1.000000
    endloop
  endfacet
  facet normal 0.555570 0.831470 0.000000
    outer loop
      vertex -9.253174 -12.058971 0.000000
      vertex -7.600000 -13.163586 1.000000
      vertex -7.600000 -13.163586 0.000000
    endloop
  endfacet
  facet normal 0.555570 0.831470 -0.000000
    outer loop
      vertex -9.253174 -12.058971 0.000000
      vertex -9.253174 -12.058971 1.000000
      vertex -7.600000 -13.163586 1.000000
    endloop
  endfacet
  facet normal -0.000000 0.000000 1.000000
    outer loop
      vertex -8.000000 -13.856406 0.000000
      vertex -5.816788 -14.042969 0.000000
      vertex -7.600000 -13.163586 0.000000
    endloop
  endfacet
  facet normal 0.000000 0.000000 1.000000
    outer loop
      vertex -8.000000 -13.856406 0.000000
      vertex -6.122935 -14.782073 0.000000
      vertex -5.816788 -14.042969 0.000000
    endloop
  endfacet
  facet normal 0.000000 0.000000 -1.000000
    outer loop
      vertex -8.000000 -13.856406 1.000000
      vertex -7.600000 -13.163586 1.000000
      vertex -5.816788 -14.042969 1.000000
    endloop
  endfacet
  facet normal 0.000000 0.000000 -1.000000
    outer loop
      vertex -8.000000 -13.856406 1.000000
      vertex -5.816788 -14.042969 1.000000
      vertex -6.122935 -14.782073 1.000000
    endloop
  endfacet
  facet normal -0.442289 -0.896873 0.000000
    outer loop
      vertex -8.000000 -13.856406 0.000000
      vertex -6.122935 -14.782073 0.000000
      vertex -6.122935 -14.782073 1.000000
    endloop
  endfacet
  facet normal -0.442289 -0.896873 0.000000
    outer loop
      vertex -8.000000 -13.856406 0.000000
      vertex -6.122935 -14.782073 1.000000
      vertex -8.000000 -13.856406 1.000000
    endloop
  endfacet
  facet normal 0.442289 0.896873 0.000000
    outer loop
      vertex -7.600000 -13.163586 0.000000
      vertex -5.816788 -14.042969 1.000000
      vertex -5.816788 -14.042969 0.000000
    endloop
  endfacet
  facet normal 0.442289 0.896873 -0.000000
    outer loop
      vertex -7.600000 -13.163586 0.000000
      vertex -7.600000 -13.163586 1.000000
      vertex -5.816788 -14.042969 1.000000
    endloop
  endfacet
  facet normal 0.000000 0.000000 1.000000
    outer loop
      vertex -6.122935 -14.782073 0.000000
      vertex -3.934049 -14.682073 0.000000
      vertex -5.816788 -14.042969 0.000000
    endloop
  endfacet
  facet normal -0.000000 0.000000 1.000000
    outer loop
      vertex -6.122935 -14.782073 0.000000
      vertex -4.141105 -15.454813 0.000000
      vertex -3.934049 -14.682073 0.000000
    endloop
  endfacet
  facet normal 0.000000 0.000000 -1.000000
    outer loop
      vertex -6.122935 -14.782073 1.000000
      vertex -5.816788 -14.042969 1.000000
      vertex -3.934049 -14.682073 1.000000
    endloop
  endfacet
  facet normal 0.000000 0.000000 -1.000000
    outer loop
      vertex -6.122935 -14.782073 1.000000
      vertex -3.934049 -14.682073 1.000000
      vertex -4.141105 -15.454813 1.000000
    endloop
  endfacet
  facet normal -0.321439 -0.946930 0.000000
    outer loop
      vertex -6.122935 -14.782073 0.000000
      vertex -4.141105 -15.454813 0.000000
      vertex -4.141105 -15.454813 1.000000
    endloop
  endfacet
  facet normal -0.321439 -0.946930 0.000000
    outer loop
      vertex -6.122935 -14.782073 0.000000
      vertex -4.141105 -15.454813 1.000000
      vertex -6.122935 -14.782073 1.000000
    endloop
  endfacet
  facet normal 0.321439 0.946930 0.000000
    outer loop
      vertex -5.816788 -14.042969 0.000000
      vertex -3.934049 -14.682073 1.000000
      vertex -3.934049 -14.682073 0.000000
    endloop
  endfacet
  facet normal 0.321439 0.946930 -0.000000
    outer loop
      vertex -5.816788 -14.042969 0.000000
      vertex -5.816788 -14.042969 1.000000
      vertex -3.934049 -14.682073 1.000000
    endloop
  endfacet
  facet normal 0.000000 0.000000 1.000000
    outer loop
      vertex -4.141105 -15.454813 0.000000
      vertex -1.983998 -15.069962 0.000000
      vertex -3.934049 -14.682073 0.000000
    endloop
  endfacet
  facet normal -0.000000 0.000000 1.000000
    outer loop
      vertex -4.141105 -15.454813 0.000000
      vertex -2.088419 -15.863118 0.000000
      vertex -1.983998 -15.069962 0.000000
    endloop
  endfacet
  facet normal 0.000000 0.000000 -1.000000
    outer loop
      vertex -4.141105 -15.454813 1.000000
      vertex -3.934049 -14.682073 1.000000
      vertex -1.983998 -15.069962 1.000000
    endloop
  endfacet
  facet normal 0.000000 0.000000 -1.000000
    outer loop
      vertex -4.141105 -15.454813 1.000000
      vertex -1.983998 -15.069962 1.000000
      vertex -2.088419 -15.863118 1.000000
    endloop
  endfacet
  facet normal -0.195090 -0.980785 0.000000
    outer loop
      vertex -4.141105 -15.454813 0.000000
      vertex -2.088419 -15.863118 0.000000
      vertex -2.088419 -15.863118 1.000000
    endloop
  endfacet
  facet normal -0.195090 -0.980785 0.000000
    outer loop
      vertex -4.141105 -15.454813 0.000000
      vertex -2.088419 -15.863118 1.000000
      vertex -4.141105 -15.454813 1.000000
    endloop
  endfacet
  facet normal 0.195090 0.980785 0.000000
    outer loop
      vertex -3.934049 -14.682073 0.000000
      vertex -1.983998 -15.069962 1.000000
      vertex -1.983998 -15.069962 0.000000
    endloop
  endfacet
  facet normal 0.195090 0.980785 -0.000000
    outer loop
      vertex -3.934049 -14.682073 0.000000
      vertex -3.934049 -14.682073 1.000000
      vertex -1.983998 -15.069962 1.000000
    endloop
  endfacet
  facet normal 0.000000 0.000000 1.000000
    outer loop
      vertex -2.088419 -15.863118 0.000000
      vertex -0.000000 -15.200000 0.000000
      vertex -1.983998 -15.069962 0.000000
    endloop
  endfacet
  facet normal -0.000000 0.000000 1.000000
    outer loop
      vertex -2.088419 -15.863118 0.000000
      vertex -0.000000 -16.000000 0.000000
      vertex -0.000000 -15.200000 0.000000
    endloop
  endfacet
  facet normal 0.000000 0.000000 -1.000000
    outer loop
      vertex -2.088419 -15.863118 1.000000
      vertex -1.983998 -15.069962 1.000000
      vertex -0.000000 -15.200000 1.000000
    endloop
  endfacet
  facet normal 0.000000 0.000000 -1.000000
    outer loop
      vertex -2.088419 -15.863118 1.000000
      vertex -0.000000 -15.200000 1.000000
      vertex -0.000000 -16.000000 1.000000
    endloop
  endfacet
  facet normal -0.065403 -0.997859 0.000000
    outer loop
      vertex -2.088419 -15.863118 0.000000
      vertex -0.000000 -16.000000 0.000000
      vertex -0.000000 -16.000000 1.000000
    endloop
  endfacet
  facet normal -0.065403 -0.997859 0.000000
    outer loop
      vertex -2.088419 -15.863118 0.000000
      vertex -0.000000 -16.000000 1.000000
      vertex -2.088419 -15.863118 1.000000
    endloop
  endfacet
  facet normal 0.065403 0.997859 0.000000
    outer loop
      vertex -1.983998 -15.069962 0.000000
      vertex -0.000000 -15.200000 1.000000
      vertex -0.000000 -15.200000 0.000000
    endloop
  endfacet
  facet normal 0.065403 0.997859 -0.000000
    outer loop
      vertex -1.983998 -15.069962 0.000000
      vertex -1.983998 -15.069962 1.000000
      vertex -0.000000 -15.200000 1.000000
    endloop
  endfacet
  facet normal 0.000000 0.000000 1.000000
    outer loop
      vertex -0.000000 -16.000000 0.000000
      vertex 1.983998 -15.069962 0.000000
      vertex -0.000000 -15.200000 0.000000
    endloop
  endfacet
  facet normal 0.000000 0.000000 1.000000
    outer loop
      vertex -0.000000 -16.000000 0.000000
      vertex 2.088419 -15.863118 0.000000
      vertex 1.983998 -15.069962 0.000000
    endloop
  endfacet
  facet normal 0.000000 0.000000 -1.000000
    outer loop
      vertex -0.000000 -16.000000 1.000000
      vertex -0.000000 -15.200000 1.000000
      vertex 1.983998 -15.069962 1.000000
    endloop
  endfacet
  facet normal 0.000000 0.000000 -1.000000
    outer loop
      vertex -0.000000 -16.000000 1.000000
      vertex 1.983998 -15.069962 1.000000
      vertex 2.088419 -15.863118 1.000000
    endloop
  endfacet
  facet normal 0.065403 -0.997859 0.000000
    outer loop
      vertex -0.000000 -16.000000 0.000000
      vertex 2.088419 -15.863118 0.000000
      vertex 2.088419 -15.863118 1.000000
    endloop
  endfacet
  facet normal 0.065403 -0.997859 0.000000
    outer loop
      vertex -0.000000 -16.000000 0.000000
      vertex 2.088419 -15.863118 1.000000
      vertex -0.000000 -16.000000 1.000000
    endloop
  endfacet
  facet normal -0.065403 0.997859 0.000000
    outer loop
      vertex -0.000000 -15.200000 0.000000
      vertex 1.983998 -15.069962 1.000000
      vertex 1.983998 -15.069962 0.000000
    endloop
  endfacet
  facet normal -0.065403 0.997859 0.000000
    outer loop
      vertex -0.000000 -15.200000 0.000000
      vertex -0.000000 -15.200000 1.000000
      vertex 1.983998 -15.069962 1.000000
    endloop
  endfacet
  facet normal 0.000000 -0.000000 1.000000
    outer loop
      vertex 2.088419 -15.863118 0.000000
      vertex 3.934049 -14.682073 0.000000
      vertex 1.983998 -15.069962 0.000000
    endloop
  endfacet
  facet normal 0.000000 0.000000 1.000000
    outer loop
      vertex 2.088419 -15.863118 0.000000
      vertex 4.141105 -15.454813 0.000000
      vertex 3.934049 -14.682073 0.000000
    endloop
  endfacet
  facet normal 0.000000 0.000000 -1.000000
    outer loop
      vertex 2.088419 -15.863118 1.000000
      vertex 1.983998 -15.069962 1.000000
      vertex 3.934049 -14.682073 1.000000
    endloop
  endfacet
  facet normal 0.000000 0.000000 -1.000000
    outer loop
      vertex 2.088419 -15.863118 1.000000
      vertex 3.934049 -14.682073 1.000000
      vertex 4.141105 -15.454813 1.000000
    endloop
  endfacet
  facet normal 0.195090 -0.980785 0.000000
    outer loop
      vertex 2.088419 -15.863118 0.000000
      vertex 4.141105 -15.454813 0.000000
      vertex 4.141105 -15.454813 1.000000
    endloop
  endfacet
  facet normal 0.195090 -0.980785 0.000000
    outer loop
      vertex 2.088419 -15.863118 0.000000
      vertex 4.141105 -15.454813 1.000000
      vertex 2.088419 -15.863118 1.000000
    endloop
  endfacet
  facet normal -0.195090 0.980785 0.000000
    outer loop
      vertex 1.983998 -15.069962 0.000000
      vertex 3.934049 -14.682073 1.000000
      vertex 3.934049 -14.682073 0.000000
    endloop
  endfacet
  facet normal -0.195090 0.980785 0.000000
    outer loop
      vertex 1.983998 -15.069962 0.000000
      vertex 1.983998 -15.069962 1.000000
      vertex 3.934049 -14.682073 1.000000
    endloop
  endfacet
  facet normal 0.000000 -0.000000 1.000000
    outer loop
      vertex 4.141105 -15.454813 0.000000
      vertex 5.816788 -14.042969 0.000000
      vertex 3.934049 -14.682073 0.000000
    endloop
  endfacet
  facet normal 0.000000 0.000000 1.000000
    outer loop
      vertex 4.141105 -15.454813 0.000000
      vertex 6.122935 -14.782073 0.000000
      vertex 5.816788 -14.042969 0.000000
    endloop
  endfacet
  facet normal 0.000000 0.000000 -1.000000
    outer loop
      vertex 4.141105 -15.454813 1.000000
      vertex 3.934049 -14.682073 1.000000
      vertex 5.816788 -14.042969 1.000000
    endloop
  endfacet
  facet normal 0.000000 0.000000 -1.000000
    outer loop
      vertex 4.141105 -15.454813 1.000000
      vertex 5.816788 -14.042969 1.000000
      vertex 6.122935 -14.782073 1.000000
    endloop
  endfacet
  facet normal 0.321439 -0.946930 0.000000
    outer loop
      vertex 4.141105 -15.454813 0.000000
      vertex 6.122935 -14.782073 0.000000
      vertex 6.122935 -14.782073 1.000000
    endloop
  endfacet
  facet normal 0.321439 -0.946930 0.000000
    outer loop
      vertex 4.141105 -15.454813 0.000000
      vertex 6.122935 -14.782073 1.000000
      vertex 4.141105 -15.454813 1.000000
    endloop
  endfacet
  facet normal -0.321439 0.946930 0.000000
    outer loop
      vertex 3.934049 -14.682073 0.000000
      vertex 5.816788 -14.042969 1.000000
      vertex 5.816788 -14.042969 0.000000
    endloop
  endfacet
  facet normal -0.321439 0.946930 0.000000
    outer loop
      vertex 3.934049 -14.682073 0.000000
      vertex 3.934049 -14.682073 1.000000
      vertex 5.816788 -14.042969 1.000000
    endloop
  endfacet
  facet normal 0.000000 -0.000000 1.000000
    outer loop
      vertex 6.122935 -14.782073 0.000000
      vertex 7.600000 -13.163586 0.000000
      vertex 5.816788 -14.042969 0.000000
    endloop
  endfacet
  facet normal 0.000000 0.000000 1.000000
    outer loop
      vertex 6.122935 -14.782073 0.000000
      vertex 8.000000 -13.856406 0.000000
      vertex 7.600000 -13.163586 0.000000
    endloop
  endfacet
  facet normal 0.000000 0.000000 -1.000000
    outer loop
      vertex 6.122935 -14.782073 1.000000
      vertex 5.816788 -14.042969 1.000000
      vertex 7.600000 -13.163586 1.000000
    endloop
  endfacet
  facet normal 0.000000 0.000000 -1.000000
    outer loop
      vertex 6.122935 -14.782073 1.000000
      vertex 7.600000 -13.163586 1.000000
      vertex 8.000000 -13.856406 1.000000
    endloop
  endfacet
  facet normal 0.442289 -0.896873 0.000000
    outer loop
      vertex 6.122935 -14.782073 0.000000
      vertex 8.000000 -13.856406 0.000000
      vertex 8.000000 -13.856406 1.000000
    endloop
  endfacet
  facet normal 0.442289 -0.896873 0.000000
    outer loop
      vertex 6.122935 -14.782073 0.000000
      vertex 8.000000 -13.856406 1.000000
      vertex 6.122935 -14.782073 1.000000
    endloop
  endfacet
  facet normal -0.442289 0.896873 0.000000
    outer loop
      vertex 5.816788 -14.042969 0.000000
      vertex 7.600000 -13.163586 1.000000
      vertex 7.600000 -13.163586 0.000000
    endloop
  endfacet
  facet normal -0.442289 0.896873 0.000000
    outer loop
      vertex 5.816788 -14.042969 0.000000
      vertex 5.816788 -14.042969 1.000000
      vertex 7.600000 -13.163586 1.000000
    endloop
  endfacet
  facet normal 0.000000 -0.000000 1.000000
    outer loop
      vertex 8.000000 -13.856406 0.000000
      vertex 9.253174 -12.058971 0.000000
      vertex 7.600000 -13.163586 0.000000
    endloop
  endfacet
  facet normal 0.000000 0.000000 1.000000
    outer loop
      vertex 8.000000 -13.856406 0.000000
      vertex 9.740183 -12.693653 0.000000
      vertex 9.253174 -12.058971 0.000000
    endloop
  endfacet
  facet normal 0.000000 0.000000 -1.000000
    outer loop
      vertex 8.000000 -13.856406 1.000000
      vertex 7.600000 -13.163586 1.000000
      vertex 9.253174 -12.058971 1.000000
    endloop
  endfacet
  facet normal 0.000000 0.000000 -1.000000
    outer loop
      vertex 8.000000 -13.856406 1.000000
      vertex 9.253174 -12.058971 1.000000
      vertex 9.740183 -12.693653 1.000000
    endloop
  endfacet
  facet normal 0.555570 -0.831470 0.000000
    outer loop
      vertex 8.000000 -13.856406 0.000000
      vertex 9.740183 -12.693653 0.000000
      vertex 9.740183 -12.693653 1.000000
    endloop
  endfacet
  facet normal 0.555570 -0.831470 0.000000
    outer loop
      vertex 8.000000 -13.856406 0.000000
      vertex 9.740183 -12.693653 1.000000
      vertex 8.000000 -13.856406 1.000000
    endloop
  endfacet
  facet normal -0.555570 0.831470 0.000000
    outer loop
      vertex 7.600000 -13.163586 0.000000
      vertex 9.253174 -12.058971 1.000000
      vertex 9.253174 -12.058971 0.000000
    endloop
  endfacet
  facet normal -0.555570 0.831470 0.000000
    outer loop
      vertex 7.600000 -13.163586 0.000000
      vertex 7.600000 -13.163586 1.000000
      vertex 9.253174 -12.058971 1.000000
    endloop
  endfacet
  facet normal 0.000000 -0.000000 1.000000
    outer loop
      vertex 9.740183 -12.693653 0.000000
      vertex 10.748023 -10.748023 0.000000
      vertex 9.253174 -12.058971 0.000000
    endloop
  endfacet
  facet normal 0.000000 0.000000 1.000000
    outer loop
      vertex 9.740183 -12.693653 0.000000
      vertex 11.313708 -11.313708 0.000000
      vertex 10.748023 -10.748023 0.000000
    endloop
  endfacet
  facet normal 0.000000 0.000000 -1.000000
    outer loop
      vertex 9.740183 -12.693653 1.000000
      vertex 9.253174 -12.058971 1.000000
      vertex 10.748023 -10.748023 1.000000
    endloop
  endfacet
  facet normal 0.000000 0.000000 -1.000000
    outer loop
      vertex 9.740183 -12.693653 1.000000
      vertex 10.748023 -10.748023 1.000000
      vertex 11.313708 -11.313708 1.000000
    endloop
  endfacet
  facet normal 0.659346 -0.751840 0.000000
    outer loop
      vertex 9.740183 -12.693653 0.000000
      vertex 11.313708 -11.313708 0.000000
      vertex 11.313708 -11.313708 1.000000
    endloop
  endfacet
  facet normal 0.659346 -0.751840 0.000000
    outer loop
      vertex 9.740183 -12.693653 0.000000
      vertex 11.313708 -11.313708 1.000000
      vertex 9.740183 -12.693653 1.000000
    endloop
  endfacet
  facet normal -0.659346 0.751840 0.000000
    outer loop
      vertex 9.253174 -12.058971 0.000000
      vertex 10.748023 -10.748023 1.000000
      vertex 10.748023 -10.748023 0.000000
    endloop
  endfacet
  facet normal -0.659346 0.751840 0.000000
    outer loop
      vertex 9.253174 -12.058971 0.000000
      vertex 9.253174 -12.058971 1.000000
      vertex 10.748023 -10.748023 1.000000
    endloop
  endfacet
  facet normal 0.000000 -0.000000 1.000000
    outer loop
      vertex 11.313708 -11.313708 0.000000
      vertex 12.058971 -9.253174 0.000000
      vertex 10.748023 -10.748023 0.000000
    endloop
  endfacet
  facet normal 0.000000 0.000000 1.000000
    outer loop
      vertex 11.313708 -11.313708 0.000000
      vertex 12.693653 -9.740183 0.000000
      vertex 12.058971 -9.253174 0.000000
    endloop
  endfacet
  facet normal 0.000000 0.000000 -1.000000
    outer loop
      vertex 11.313708 -11.313708 1.000000
      vertex 10.748023 -10.748023 1.000000
      vertex 12.058971 -9.253174 1.000000
    endloop
  endfacet
  facet normal 0.000000 0.000000 -1.000000
    outer loop
      vertex 11.313708 -11.313708 1.000000
      vertex 12.058971 -9.253174 1.000000
      vertex 12.693653 -9.740183 1.000000
    endloop
  endfacet
  facet normal 0.751840 -0.659346 0.000000
    outer loop
      vertex 11.313708 -11.313708 0.000000
      vertex 12.693653 -9.740183 0.000000
      vertex 12.693653 -9.740183 1.000000
    endloop
  endfacet
  facet normal 0.751840 -0.659346 0.000000
    outer loop
      vertex 11.313708 -11.313708 0.000000
      vertex 12.693653 -9.740183 1.000000
      vertex 11.313708 -11.313708 1.000000
    endloop
  endfacet
  facet normal -0.751840 0.659346 0.000000
    outer loop
      vertex 10.748023 -10.748023 0.000000
      vertex 12.058971 -9.253174 1.000000
      vertex 12.058971 -9.253174 0.000000
    endloop
  endfacet
  facet normal -0.751840 0.659346 0.000000
    outer loop
      vertex 10.748023 -10.748023 0.000000
      vertex 10.748023 -10.748023 1.000000
      vertex 12.058971 -9.253174 1.000000
    endloop
  endfacet
  facet normal 0.000000 -0.000000 1.000000
    outer loop
      vertex 12.693653 -9.740183 0.000000
      vertex 13.163586 -7.600000 0.000000
      vertex 12.058971 -9.253174 0.000000
    endloop
  endfacet
  facet normal 0.000000 0.000000 1.000000
    outer loop
      vertex 12.693653 -9.740183 0.000000
      vertex 13.856406 -8.000000 0.000000
      vertex 13.163586 -7.600000 0.000000
    endloop
  endfacet
  facet normal 0.000000 0.000000 -1.000000
    outer loop
      vertex 12.693653 -9.740183 1.000000
      vertex 12.058971 -9.253174 1.000000
      vertex 13.163586 -7.600000 1.000000
    endloop
  endfacet
  facet normal 0.000000 0.000000 -1.000000
    outer loop
      vertex 12.693653 -9.740183 1.000000
      vertex 13.163586 -7.600000 1.000000
      vertex 13.856406 -8.000000 1.000000
    endloop
  endfacet
  facet normal 0.831470 -0.555570 0.000000
    outer loop
      vertex 12.693653 -9.740183 0.000000
      vertex 13.856406 -8.000000 0.000000
      vertex 13.856406 -8.000000 1.000000
    endloop
  endfacet
  facet normal 0.831470 -0.555570 0.000000
    outer loop
      vertex 12.693653 -9.740183 0.000000
      vertex 13.856406 -8.000000 1.000000
      vertex 12.693653 -9.740183 1.000000
    endloop
  endfacet
  facet normal -0.831470 0.555570 0.000000
    outer loop
      vertex 12.058971 -9.253174 0.000000
      vertex 13.163586 -7.600000 1.000000
      vertex 13.163586 -7.600000 0.000000
    endloop
  endfacet
  facet normal -0.831470 0.555570 0.000000
    outer loop
      vertex 12.058971 -9.253174 0.000000
      vertex 12.058971 -9.253174 1.000000
      vertex 13.163586 -7.600000 1.000000
    endloop
  endfacet
  facet normal 0.000000 -0.000000 1.000000
    outer loop
      vertex 13.856406 -8.000000 0.000000
      vertex 14.042969 -5.816788 0.000000
      vertex 13.163586 -7.600000 0.000000
    endloop
  endfacet
  facet normal 0.000000 0.000000 1.000000
    outer loop
      vertex 13.856406 -8.000000 0.000000
      vertex 14.782073 -6.122935 0.000000
      vertex 14.042969 -5.816788 0.000000
    endloop
  endfacet
  facet normal 0.000000 0.000000 -1.000000
    outer loop
      vertex 13.856406 -8.000000 1.000000
      vertex 13.163586 -7.600000 1.000000
      vertex 14.042969 -5.816788 1.000000
    endloop
  endfacet
  facet normal 0.000000 0.000000 -1.000000
    outer loop
      vertex 13.856406 -8.000000 1.000000
      vertex 14.042969 -5.816788 1.000000
      vertex 14.782073 -6.122935 1.000000
    endloop
  endfacet
  facet normal 0.896873 -0.442289 0.000000
    outer loop
      vertex 13.856406 -8.000000 0.000000
      vertex 14.782073 -6.122935 0.000000
      vertex 14.782073 -6.122935 1.000000
    endloop
  endfacet
  facet normal 0.896873 -0.442289 0.000000
    outer loop
      vertex 13.856406 -8.000000 0.000000
      vertex 14.782073 -6.122935 1.000000
      vertex 13.856406 -8.000000 1.000000
    endloop
  endfacet
  facet normal -0.896873 0.442289 0.000000
    outer loop
      vertex 13.163586 -7.600000 0.000000
      vertex 14.042969 -5.816788 1.000000
      vertex 14.042969 -5.816788 0.000000
    endloop
  endfacet
  facet normal -0.896873 0.442289 0.000000
    outer loop
      vertex 13.163586 -7.600000 0.000000
      vertex 13.163586 -7.600000 1.000000
      vertex 14.042969 -5.816788 1.000000
    endloop
  endfacet
  facet normal 0.000000 0.000000 1.000000
    outer loop
      vertex 14.782073 -6.122935 0.000000
      vertex 14.682073 -3.934049 0.000000
      vertex 14.042969 -5.816788 0.000000
    endloop
  endfacet
  facet normal 0.000000 -0.000000 1.000000
    outer loop
      vertex 14.782073 -6.122935 0.000000
      vertex 15.454813 -4.141105 0.000000
      vertex 14.682073 -3.934049 0.000000
    endloop
  endfacet
  facet normal 0.000000 0.000000 -1.000000
    outer loop
      vertex 14.782073 -6.122935 1.000000
      vertex 14.042969 -5.816788 1.000000
      vertex 14.682073 -3.934049 1.000000
    endloop
  endfacet
  facet normal 0.000000 0.000000 -1.000000
    outer loop
      vertex 14.782073 -6.122935 1.000000
      vertex 14.682073 -3.934049 1.000000
      vertex 15.454813 -4.141105 1.000000
    endloop
  endfacet
  facet normal 0.946930 -0.321439 0.000000
    outer loop
      vertex 14.782073 -6.122935 0.000000
      vertex 15.454813 -4.141105 0.000000
      vertex 15.454813 -4.141105 1.000000
    endloop
  endfacet
  facet normal 0.946930 -0.321439 0.000000
    outer loop
      vertex 14.782073 -6.122935 0.000000
      vertex 15.454813 -4.141105 1.000000
      vertex 14.782073 -6.122935 1.000000
    endloop
  endfacet
  facet normal -0.946930 0.321439 0.000000
    outer loop
      vertex 14.042969 -5.816788 0.000000
      vertex 14.682073 -3.934049 1.000000
      vertex 14.682073 -3.934049 0.000000
    endloop
  endfacet
  facet normal -0.946930 0.321439 0.000000
    outer loop
      vertex 14.042969 -5.816788 0.000000
      vertex 14.042969 -5.816788 1.000000
      vertex 14.682073 -3.934049 1.000000
    endloop
  endfacet
  facet normal 0.000000 0.000000 1.000000
    outer loop
      vertex 15.454813 -4.141105 0.000000
      vertex 15.069962 -1.983998 0.000000
      vertex 14.682073 -3.934049 0.000000
    endloop
  endfacet
  facet normal 0.000000 -0.000000 1.000000
    outer loop
      vertex 15.454813 -4.141105 0.000000
      vertex 15.863118 -2.088419 0.000000
      vertex 15.069962 -1.983998 0.000000
    endloop
  endfacet
  facet normal 0.000000 0.000000 -1.000000
    outer loop
      vertex 15.454813 -4.141105 1.000000
      vertex 14.682073 -3.934049 1.000000
      vertex 15.069962 -1.983998 1.000000
    endloop
  endfacet
  facet normal 0.000000 0.000000 -1.000000
    outer loop
      vertex 15.454813 -4.141105 1.000000
      vertex 15.069962 -1.983998 1.000000
      vertex 15.863118 -2.088419 1.000000
    endloop
  endfacet
  facet normal 0.980785 -0.195090 0.000000
    outer loop
      vertex 15.454813 -4.141105 0.000000
      vertex 15.863118 -2.088419 0.000000
      vertex 15.863118 -2.088419 1.000000
    endloop
  endfacet
  facet normal 0.980785 -0.195090 0.000000
    outer loop
      vertex 15.454813 -4.141105 0.000000
      vertex 15.863118 -2.088419 1.000000
      vertex 15.454813 -4.141105 1.000000
    endloop
  endfacet
  facet normal -0.980785 0.195090 0.000000
    outer loop
      vertex 14.682073 -3.934049 0.000000
      vertex 15.069962 -1.983998 1.000000
      vertex 15.069962 -1.983998 0.000000
    endloop
  endfacet
  facet normal -0.980785 0.195090 0.000000
    outer loop
      vertex 14.682073 -3.934049 0.000000
      vertex 14.682073 -3.934049 1.000000
      vertex 15.069962 -1.983998 1.000000
    endloop
  endfacet
  facet normal 0.000000 0.000000 1.000000
    outer loop
      vertex 15.863118 -2.088419 0.000000
      vertex 15.200000 -0.000000 0.000000
      vertex 15.069962 -1.983998 0.000000
    endloop
  endfacet
  facet normal 0.000000 -0.000000 1.000000
    outer loop
      vertex 15.863118 -2.088419 0.000000
      vertex 16.000000 -0.000000 0.000000
      vertex 15.200000 -0.000000 0.000000
    endloop
  endfacet
  facet normal 0.000000 0.000000 -1.000000
    outer loop
      vertex 15.863118 -2.088419 1.000000
      vertex 15.069962 -1.983998 1.000000
      vertex 15.200000 -0.000000 1.000000
    endloop
  endfacet
  facet normal 0.000000 0.000000 -1.000000
    outer loop
      vertex 15.863118 -2.088419 1.000000
      vertex 15.200000 -0.000000 1.000000
      vertex 16.000000 -0.000000 1.000000
    endloop
  endfacet
  facet normal 0.997859 -0.065403 0.000000
    outer loop
      vertex 15.863118 -2.088419 0.000000
      vertex 16.000000 -0.000000 0.000000
      vertex 16.000000 -0.000000 1.000000
    endloop
  endfacet
  facet normal 0.997859 -0.065403 0.000000
    outer loop
      vertex 15.863118 -2.088419 0.000000
      vertex 16.000000 -0.000000 1.000000
      vertex 15.863118 -2.088419 1.000000
    endloop
  endfacet
  facet normal -0.997859 0.065403 0.000000
    outer loop
      vertex 15.069962 -1.983998 0.000000
      vertex 15.200000 -0.000000 1.000000
      vertex 15.200000 -0.000000 0.000000
    endloop
  endfacet
  facet normal -0.997859 0.065403 0.000000
    outer loop
      vertex 15.069962 -1.983998 0.000000
      vertex 15.069962 -1.983998 1.000000
      vertex 15.200000 -0.000000 1.000000
    endloop
  endfacet
  facet normal -0.205752 0.974301 0.091676
    outer loop
      vertex 11.520000 4.480000 0.500000
      vertex 10.481703 4.260733 0.500000
      vertex 10.560739 4.260733 0.677384
    endloop
  endfacet
  facet normal 0.000000 0.000000 1.000000
    outer loop
      vertex 11.520000 4.480000 0.500000
      vertex 10.560739 4.260733 0.677384
      vertex 11.520000 4.480000 0.500000
    endloop
  endfacet
  facet normal -0.170399 0.951797 0.255040
    outer loop
      vertex 11.520000 4.480000 0.500000
      vertex 10.560739 4.260733 0.677384
      vertex 10.785813 4.260733 0.827762
    endloop
  endfacet
  facet normal 0.000000 0.000000 1.000000
    outer loop
      vertex 11.520000 4.480000 0.500000
      vertex 10.785813 4.260733 0.827762
      vertex 11.520000 4.480000 0.500000
    endloop
  endfacet
  facet normal -0.110350 0.922480 0.369938
    outer loop
      vertex 11.520000 4.480000 0.500000
      vertex 10.785813 4.260733 0.827762
      vertex 11.122661 4.260733 0.928242
    endloop
  endfacet
  facet normal 0.000000 0.000000 1.000000
    outer loop
      vertex 11.520000 4.480000 0.500000
      vertex 11.122661 4.260733 0.928242
      vertex 11.520000 4.480000 0.500000
    endloop
  endfacet
  facet normal -0.037945 0.903311 0.427304
    outer loop
      vertex 11.520000 4.480000 0.500000
      vertex 11.122661 4.260733 0.928242
      vertex 11.520000 4.260733 0.963525
    endloop
  endfacet
  facet normal 0.000000 0.000000 1.000000
    outer loop
      vertex 11.520000 4.480000 0.500000
      vertex 11.520000 4.260733 0.963525
      vertex 11.520000 4.480000 0.500000
    endloop
  endfacet
  facet normal 0.037945 0.903311 0.427304
    outer loop
      vertex 11.520000 4.480000 0.500000
      vertex 11.520000 4.260733 0.963525
      vertex 11.917339 4.260733 0.928242
    endloop
  endfacet
  facet normal 0.000000 0.000000 1.000000
    outer loop
      vertex 11.520000 4.480000 0.500000
      vertex 11.917339 4.260733 0.928242
      vertex 11.520000 4.480000 0.500000
    endloop
  endfacet
  facet normal 0.110350 0.922480 0.369938
    outer loop
      vertex 11.520000 4.480000 0.500000
      vertex 11.917339 4.260733 0.928242
      vertex 12.254187 4.260733 0.827762
    endloop
  endfacet
  facet normal 0.000000 0.000000 1.000000
    outer loop
      vertex 11.520000 4.480000 0.500000
      vertex 12.254187 4.260733 0.827762
      vertex 11.520000 4.480000 0.500000
    endloop
  endfacet
  facet normal 0.170399 0.951797 0.255040
    outer loop
      vertex 11.520000 4.480000 0.500000
      vertex 12.254187 4.260733 0.827762
      vertex 12.479261 4.260733 0.677384
    endloop
  endfacet
  facet normal 0.000000 0.000000 1.000000
    outer loop
      vertex 11.520000 4.480000 0.500000
      vertex 12.479261 4.260733 0.677384
      vertex 11.520000 4.480000 0.500000
    endloop
  endfacet
  facet normal 0.205752 0.974301 0.091676
    outer loop
      vertex 11.520000 4.480000 0.500000
      vertex 12.479261 4.260733 0.677384
      vertex 12.558297 4.260733 0.500000
    endloop
  endfacet
  facet normal 0.000000 0.000000 1.000000
    outer loop
      vertex 11.520000 4.480000 0.500000
      vertex 12.558297 4.260733 0.500000
      vertex 11.520000 4.480000 0.500000
    endloop
  endfacet
  facet normal -0.545124 0.802400 0.242888
    outer loop
      vertex 10.481703 4.260733 0.500000
      vertex 9.545042 3.624396 0.500000
      vertex 9.695376 3.624396 0.837404
    endloop
  endfacet
  facet normal -0.545124 0.802400 0.242888
    outer loop
      vertex 10.481703 4.260733 0.500000
      vertex 9.695376 3.624396 0.837404
      vertex 10.560739 4.260733 0.677384
    endloop
  endfacet
  facet normal -0.399844 0.694246 0.598454
    outer loop
      vertex 10.560739 4.260733 0.677384
      vertex 9.695376 3.624396 0.837404
      vertex 10.123493 3.624396 1.123440
    endloop
  endfacet
  facet normal -0.399844 0.694246 0.598454
    outer loop
      vertex 10.560739 4.260733 0.677384
      vertex 10.123493 3.624396 1.123440
      vertex 10.785813 4.260733 0.827762
    endloop
  endfacet
  facet normal -0.229470 0.596288 0.769275
    outer loop
      vertex 10.785813 4.260733 0.827762
      vertex 10.123493 3.624396 1.123440
      vertex 10.764216 3.624396 1.314564
    endloop
  endfacet
  facet normal -0.229470 0.596288 0.769275
    outer loop
      vertex 10.785813 4.260733 0.827762
      vertex 10.764216 3.624396 1.314564
      vertex 11.122661 4.260733 0.928242
    endloop
  endfacet
  facet normal -0.074008 0.547661 0.833421
    outer loop
      vertex 11.122661 4.260733 0.928242
      vertex 10.764216 3.624396 1.314564
      vertex 11.520000 3.624396 1.381678
    endloop
  endfacet
  facet normal -0.074008 0.547661 0.833421
    outer loop
      vertex 11.122661 4.260733 0.928242
      vertex 11.520000 3.624396 1.381678
      vertex 11.520000 4.260733 0.963525
    endloop
  endfacet
  facet normal 0.074008 0.547661 0.833421
    outer loop
      vertex 11.520000 4.260733 0.963525
      vertex 11.520000 3.624396 1.381678
      vertex 12.275784 3.624396 1.314564
    endloop
  endfacet
  facet normal 0.074008 0.547661 0.833421
    outer loop
      vertex 11.520000 4.260733 0.963525
      vertex 12.275784 3.624396 1.314564
      vertex 11.917339 4.260733 0.928242
    endloop
  endfacet
  facet normal 0.229470 0.596288 0.769275
    outer loop
      vertex 11.917339 4.260733 0.928242
      vertex 12.275784 3.624396 1.314564
      vertex 12.916507 3.624396 1.123440
    endloop
  endfacet
  facet normal 0.229470 0.596288 0.769275
    outer loop
      vertex 11.917339 4.260733 0.928242
      vertex 12.916507 3.624396 1.123440
      vertex 12.254187 4.260733 0.827762
    endloop
  endfacet
  facet normal 0.399844 0.694246 0.598454
    outer loop
      vertex 12.254187 4.260733 0.827762
      vertex 12.916507 3.624396 1.123440
      vertex 13.344624 3.624396 0.837404
    endloop
  endfacet
  facet normal 0.399844 0.694246 0.598454
    outer loop
      vertex 12.254187 4.260733 0.827762
      vertex 13.344624 3.624396 0.837404
      vertex 12.479261 4.260733 0.677384
    endloop
  endfacet
  facet normal 0.545124 0.802400 0.242888
    outer loop
      vertex 12.479261 4.260733 0.677384
      vertex 13.344624 3.624396 0.837404
      vertex 13.494958 3.624396 0.500000
    endloop
  endfacet
  facet normal 0.545124 0.802400 0.242888
    outer loop
      vertex 12.479261 4.260733 0.677384
      vertex 13.494958 3.624396 0.500000
      vertex 12.558297 4.260733 0.500000
    endloop
  endfacet
  facet normal -0.753559 0.565169 0.335758
    outer loop
      vertex 9.545042 3.624396 0.500000
      vertex 8.801703 2.633278 0.500000
      vertex 9.008621 2.633278 0.964396
    endloop
  endfacet
  facet normal -0.753559 0.565169 0.335758
    outer loop
      vertex 9.545042 3.624396 0.500000
      vertex 9.008621 2.633278 0.964396
      vertex 9.695376 3.624396 0.837404
    endloop
  endfacet
  facet normal -0.498579 0.441085 0.746233
    outer loop
      vertex 9.695376 3.624396 0.837404
      vertex 9.008621 2.633278 0.964396
      vertex 9.597874 2.633278 1.358092
    endloop
  endfacet
  facet normal -0.498579 0.441085 0.746233
    outer loop
      vertex 9.695376 3.624396 0.837404
      vertex 9.597874 2.633278 1.358092
      vertex 10.123493 3.624396 1.123440
    endloop
  endfacet
  facet normal -0.267341 0.353967 0.896234
    outer loop
      vertex 10.123493 3.624396 1.123440
      vertex 9.597874 2.633278 1.358092
      vertex 10.479753 2.633278 1.621151
    endloop
  endfacet
  facet normal -0.267341 0.353967 0.896234
    outer loop
      vertex 10.123493 3.624396 1.123440
      vertex 10.479753 2.633278 1.621151
      vertex 10.764216 3.624396 1.314564
    endloop
  endfacet
  facet normal -0.083909 0.316378 0.944915
    outer loop
      vertex 10.764216 3.624396 1.314564
      vertex 10.479753 2.633278 1.621151
      vertex 11.520000 2.633278 1.713525
    endloop
  endfacet
  facet normal -0.083909 0.316378 0.944915
    outer loop
      vertex 10.764216 3.624396 1.314564
      vertex 11.520000 2.633278 1.713525
      vertex 11.520000 3.624396 1.381678
    endloop
  endfacet
  facet normal 0.083909 0.316378 0.944915
    outer loop
      vertex 11.520000 3.624396 1.381678
      vertex 11.520000 2.633278 1.713525
      vertex 12.560247 2.633278 1.621151
    endloop
  endfacet
  facet normal 0.083909 0.316378 0.944915
    outer loop
      vertex 11.520000 3.624396 1.381678
      vertex 12.560247 2.633278 1.621151
      vertex 12.275784 3.624396 1.314564
    endloop
  endfacet
  facet normal 0.267341 0.353967 0.896234
    outer loop
      vertex 12.275784 3.624396 1.314564
      vertex 12.560247 2.633278 1.621151
      vertex 13.442126 2.633278 1.358092
    endloop
  endfacet
  facet normal 0.267341 0.353967 0.896234
    outer loop
      vertex 12.275784 3.624396 1.314564
      vertex 13.442126 2.633278 1.358092
      vertex 12.916507 3.624396 1.123440
    endloop
  endfacet
  facet normal 0.498579 0.441085 0.746233
    outer loop
      vertex 12.916507 3.624396 1.123440
      vertex 13.442126 2.633278 1.358092
      vertex 14.031379 2.633278 0.964396
    endloop
  endfacet
  facet normal 0.498579 0.441085 0.746233
    outer loop
      vertex 12.916507 3.624396 1.123440
      vertex 14.031379 2.633278 0.964396
      vertex 13.344624 3.624396 0.837404
    endloop
  endfacet
  facet normal 0.753559 0.565169 0.335758
    outer loop
      vertex 13.344624 3.624396 0.837404
      vertex 14.031379 2.633278 0.964396
      vertex 14.238297 2.633278 0.500000
    endloop
  endfacet
  facet normal 0.753559 0.565169 0.335758
    outer loop
      vertex 13.344624 3.624396 0.837404
      vertex 14.238297 2.633278 0.500000
      vertex 13.494958 3.624396 0.500000
    endloop
  endfacet
  facet normal -0.862402 0.329562 0.384255
    outer loop
      vertex 8.801703 2.633278 0.500000
      vertex 8.324450 1.384396 0.500000
      vertex 8.567697 1.384396 1.045930
    endloop
  endfacet
  facet normal -0.862402 0.329562 0.384255
    outer loop
      vertex 8.801703 2.633278 0.500000
      vertex 8.567697 1.384396 1.045930
      vertex 9.008621 2.633278 0.964396
    endloop
  endfacet
  facet normal -0.538900 0.242920 0.806583
    outer loop
      vertex 9.008621 2.633278 0.964396
      vertex 8.567697 1.384396 1.045930
      vertex 9.260405 1.384396 1.508748
    endloop
  endfacet
  facet normal -0.538900 0.242920 0.806583
    outer loop
      vertex 9.008621 2.633278 0.964396
      vertex 9.260405 1.384396 1.508748
      vertex 9.597874 2.633278 1.358092
    endloop
  endfacet
  facet normal -0.280677 0.189351 0.940939
    outer loop
      vertex 9.597874 2.633278 1.358092
      vertex 9.260405 1.384396 1.508748
      vertex 10.297116 1.384396 1.817992
    endloop
  endfacet
  facet normal -0.280677 0.189351 0.940939
    outer loop
      vertex 9.597874 2.633278 1.358092
      vertex 10.297116 1.384396 1.817992
      vertex 10.479753 2.633278 1.621151
    endloop
  endfacet
  facet normal -0.087202 0.167530 0.982003
    outer loop
      vertex 10.479753 2.633278 1.621151
      vertex 10.297116 1.384396 1.817992
      vertex 11.520000 1.384396 1.926585
    endloop
  endfacet
  facet normal -0.087202 0.167530 0.982003
    outer loop
      vertex 10.479753 2.633278 1.621151
      vertex 11.520000 1.384396 1.926585
      vertex 11.520000 2.633278 1.713525
    endloop
  endfacet
  facet normal 0.087202 0.167530 0.982003
    outer loop
      vertex 11.520000 2.633278 1.713525
      vertex 11.520000 1.384396 1.926585
      vertex 12.742884 1.384396 1.817992
    endloop
  endfacet
  facet normal 0.087202 0.167530 0.982003
    outer loop
      vertex 11.520000 2.633278 1.713525
      vertex 12.742884 1.384396 1.817992
      vertex 12.560247 2.633278 1.621151
    endloop
  endfacet
  facet normal 0.280677 0.189351 0.940939
    outer loop
      vertex 12.560247 2.633278 1.621151
      vertex 12.742884 1.384396 1.817992
      vertex 13.779595 1.384396 1.508748
    endloop
  endfacet
  facet normal 0.280677 0.189351 0.940939
    outer loop
      vertex 12.560247 2.633278 1.621151
      vertex 13.779595 1.384396 1.508748
      vertex 13.442126 2.633278 1.358092
    endloop
  endfacet
  facet normal 0.538900 0.242920 0.806583
    outer loop
      vertex 13.442126 2.633278 1.358092
      vertex 13.779595 1.384396 1.508748
      vertex 14.472303 1.384396 1.045930
    endloop
  endfacet
  facet normal 0.538900 0.242920 0.806583
    outer loop
      vertex 13.442126 2.633278 1.358092
      vertex 14.472303 1.384396 1.045930
      vertex 14.031379 2.633278 0.964396
    endloop
  endfacet
  facet normal 0.862402 0.329562 0.384255
    outer loop
      vertex 14.031379 2.633278 0.964396
      vertex 14.472303 1.384396 1.045930
      vertex 14.715550 1.384396 0.500000
    endloop
  endfacet
  facet normal 0.862402 0.329562 0.384255
    outer loop
      vertex 14.031379 2.633278 0.964396
      vertex 14.715550 1.384396 0.500000
      vertex 14.238297 2.633278 0.500000
    endloop
  endfacet
  facet normal -0.908102 0.107872 0.404617
    outer loop
      vertex 8.324450 1.384396 0.500000
      vertex 8.160000 0.000000 0.500000
      vertex 8.415765 0.000000 1.074025
    endloop
  endfacet
  facet normal -0.908102 0.107872 0.404617
    outer loop
      vertex 8.324450 1.384396 0.500000
      vertex 8.415765 0.000000 1.074025
      vertex 8.567697 1.384396 1.045930
    endloop
  endfacet
  facet normal -0.553865 0.077608 0.828981
    outer loop
      vertex 8.567697 1.384396 1.045930
      vertex 8.415765 0.000000 1.074025
      vertex 9.144121 0.000000 1.560660
    endloop
  endfacet
  facet normal -0.553865 0.077608 0.828981
    outer loop
      vertex 8.567697 1.384396 1.045930
      vertex 9.144121 0.000000 1.560660
      vertex 9.260405 1.384396 1.508748
    endloop
  endfacet
  facet normal -0.285336 0.059836 0.956558
    outer loop
      vertex 9.260405 1.384396 1.508748
      vertex 9.144121 0.000000 1.560660
      vertex 10.234184 0.000000 1.885819
    endloop
  endfacet
  facet normal -0.285336 0.059836 0.956558
    outer loop
      vertex 9.260405 1.384396 1.508748
      vertex 10.234184 0.000000 1.885819
      vertex 10.297116 1.384396 1.817992
    endloop
  endfacet
  facet normal -0.088329 0.052749 0.994694
    outer loop
      vertex 10.297116 1.384396 1.817992
      vertex 10.234184 0.000000 1.885819
      vertex 11.520000 0.000000 2.000000
    endloop
  endfacet
  facet normal -0.088329 0.052749 0.994694
    outer loop
      vertex 10.297116 1.384396 1.817992
      vertex 11.520000 0.000000 2.000000
      vertex 11.520000 1.384396 1.926585
    endloop
  endfacet
  facet normal 0.088329 0.052749 0.994694
    outer loop
      vertex 11.520000 1.384396 1.926585
      vertex 11.520000 0.000000 2.000000
      vertex 12.805816 0.000000 1.885819
    endloop
  endfacet
  facet normal 0.088329 0.052749 0.994694
    outer loop
      vertex 11.520000 1.384396 1.926585
      vertex 12.805816 0.000000 1.885819
      vertex 12.742884 1.384396 1.817992
    endloop
  endfacet
  facet normal 0.285336 0.059836 0.956558
    outer loop
      vertex 12.742884 1.384396 1.817992
      vertex 12.805816 0.000000 1.885819
      vertex 13.895879 0.000000 1.560660
    endloop
  endfacet
  facet normal 0.285336 0.059836 0.956558
    outer loop
      vertex 12.742884 1.384396 1.817992
      vertex 13.895879 0.000000 1.560660
      vertex 13.779595 1.384396 1.508748
    endloop
  endfacet
  facet normal 0.553865 0.077608 0.828981
    outer loop
      vertex 13.779595 1.384396 1.508748
      vertex 13.895879 0.000000 1.560660
      vertex 14.624235 0.000000 1.074025
    endloop
  endfacet
  facet normal 0.553865 0.077608 0.828981
    outer loop
      vertex 13.779595 1.384396 1.508748
      vertex 14.624235 0.000000 1.074025
      vertex 14.472303 1.384396 1.045930
    endloop
  endfacet
  facet normal 0.908102 0.107872 0.404617
    outer loop
      vertex 14.472303 1.384396 1.045930
      vertex 14.624235 0.000000 1.074025
      vertex 14.880000 0.000000 0.500000
    endloop
  endfacet
  facet normal 0.908102 0.107872 0.404617
    outer loop
      vertex 14.472303 1.384396 1.045930
      vertex 14.880000 0.000000 0.500000
      vertex 14.715550 1.384396 0.500000
    endloop
  endfacet
  facet normal -0.908102 -0.107872 0.404617
    outer loop
      vertex 8.160000 0.000000 0.500000
      vertex 8.324450 -1.384396 0.500000
      vertex 8.567697 -1.384396 1.045930
    endloop
  endfacet
  facet normal -0.908102 -0.107872 0.404617
    outer loop
      vertex 8.160000 0.000000 0.500000
      vertex 8.567697 -1.384396 1.045930
      vertex 8.415765 0.000000 1.074025
    endloop
  endfacet
  facet normal -0.553865 -0.077608 0.828981
    outer loop
      vertex 8.415765 0.000000 1.074025
      vertex 8.567697 -1.384396 1.045930
      vertex 9.260405 -1.384396 1.508748
    endloop
  endfacet
  facet normal -0.553865 -0.077608 0.828981
    outer loop
      vertex 8.415765 0.000000 1.074025
      vertex 9.260405 -1.384396 1.508748
      vertex 9.144121 0.000000 1.560660
    endloop
  endfacet
  facet normal -0.285336 -0.059836 0.956558
    outer loop
      vertex 9.144121 0.000000 1.560660
      vertex 9.260405 -1.384396 1.508748
      vertex 10.297116 -1.384396 1.817992
    endloop
  endfacet
  facet normal -0.285336 -0.059836 0.956558
    outer loop
      vertex 9.144121 0.000000 1.560660
      vertex 10.297116 -1.384396 1.817992
      vertex 10.234184 0.000000 1.885819
    endloop
  endfacet
  facet normal -0.088329 -0.052749 0.994694
    outer loop
      vertex 10.234184 0.000000 1.885819
      vertex 10.297116 -1.384396 1.817992
      vertex 11.520000 -1.384396 1.926585
    endloop
  endfacet
  facet normal -0.088329 -0.052749 0.994694
    outer loop
      vertex 10.234184 0.000000 1.885819
      vertex 11.520000 -1.384396 1.926585
      vertex 11.520000 0.000000 2.000000
    endloop
  endfacet
  facet normal 0.088329 -0.052749 0.994694
    outer loop
      vertex 11.520000 0.000000 2.000000
      vertex 11.520000 -1.384396 1.926585
      vertex 12.742884 -1.384396 1.817992
    endloop
  endfacet
  facet normal 0.088329 -0.052749 0.994694
    outer loop
      vertex 11.520000 0.000000 2.000000
      vertex 12.742884 -1.384396 1.817992
      vertex 12.805816 0.000000 1.885819
    endloop
  endfacet
  facet normal 0.285336 -0.059836 0.956558
    outer loop
      vertex 12.805816 0.000000 1.885819
      vertex 12.742884 -1.384396 1.817992
      vertex 13.779595 -1.384396 1.508748
    endloop
  endfacet
  facet normal 0.285336 -0.059836 0.956558
    outer loop
      vertex 12.805816 0.000000 1.885819
      vertex 13.779595 -1.384396 1.508748
      vertex 13.895879 0.000000 1.560660
    endloop
  endfacet
  facet normal 0.553865 -0.077608 0.828981
    outer loop
      vertex 13.895879 0.000000 1.560660
      vertex 13.779595 -1.384396 1.508748
      vertex 14.472303 -1.384396 1.045930
    endloop
  endfacet
  facet normal 0.553865 -0.077608 0.828981
    outer loop
      vertex 13.895879 0.000000 1.560660
      vertex 14.472303 -1.384396 1.045930
      vertex 14.624235 0.000000 1.074025
    endloop
  endfacet
  facet normal 0.908102 -0.107872 0.404617
    outer loop
      vertex 14.624235 0.000000 1.074025
      vertex 14.472303 -1.384396 1.045930
      vertex 14.715550 -1.384396 0.500000
    endloop
  endfacet
  facet normal 0.908102 -0.107872 0.404617
    outer loop
      vertex 14.624235 0.000000 1.074025
      vertex 14.715550 -1.384396 0.500000
      vertex 14.880000 0.000000 0.500000
    endloop
  endfacet
  facet normal -0.862402 -0.329562 0.384255
    outer loop
      vertex 8.324450 -1.384396 0.500000
      vertex 8.801703 -2.633278 0.500000
      vertex 9.008621 -2.633278 0.964396
    endloop
  endfacet
  facet normal -0.862402 -0.329562 0.384255
    outer loop
      vertex 8.324450 -1.384396 0.500000
      vertex 9.008621 -2.633278 0.964396
      vertex 8.567697 -1.384396 1.045930
    endloop
  endfacet
  facet normal -0.538900 -0.242920 0.806583
    outer loop
      vertex 8.567697 -1.384396 1.045930
      vertex 9.008621 -2.633278 0.964396
      vertex 9.597874 -2.633278 1.358092
    endloop
  endfacet
  facet normal -0.538900 -0.242920 0.806583
    outer loop
      vertex 8.567697 -1.384396 1.045930
      vertex 9.597874 -2.633278 1.358092
      vertex 9.260405 -1.384396 1.508748
    endloop
  endfacet
  facet normal -0.280677 -0.189351 0.940939
    outer loop
      vertex 9.260405 -1.384396 1.508748
      vertex 9.597874 -2.633278 1.358092
      vertex 10.479753 -2.633278 1.621151
    endloop
  endfacet
  facet normal -0.280677 -0.189351 0.940939
    outer loop
      vertex 9.260405 -1.384396 1.508748
      vertex 10.479753 -2.633278 1.621151
      vertex 10.297116 -1.384396 1.817992
    endloop
  endfacet
  facet normal -0.087202 -0.167530 0.982003
    outer loop
      vertex 10.297116 -1.384396 1.817992
      vertex 10.479753 -2.633278 1.621151
      vertex 11.520000 -2.633278 1.713525
    endloop
  endfacet
  facet normal -0.087202 -0.167530 0.982003
    outer loop
      vertex 10.297116 -1.384396 1.817992
      vertex 11.520000 -2.633278 1.713525
      vertex 11.520000 -1.384396 1.926585
    endloop
  endfacet
  facet normal 0.087202 -0.167530 0.982003
    outer loop
      vertex 11.520000 -1.384396 1.926585
      vertex 11.520000 -2.633278 1.713525
      vertex 12.560247 -2.633278 1.621151
    endloop
  endfacet
  facet normal 0.087202 -0.167530 0.982003
    outer loop
      vertex 11.520000 -1.384396 1.926585
      vertex 12.560247 -2.633278 1.621151
      vertex 12.742884 -1.384396 1.817992
    endloop
  endfacet
  facet normal 0.280677 -0.189351 0.940939
    outer loop
      vertex 12.742884 -1.384396 1.817992
      vertex 12.560247 -2.633278 1.621151
      vertex 13.442126 -2.633278 1.358092
    endloop
  endfacet
  facet normal 0.280677 -0.189351 0.940939
    outer loop
      vertex 12.742884 -1.384396 1.817992
      vertex 13.442126 -2.633278 1.358092
      vertex 13.779595 -1.384396 1.508748
    endloop
  endfacet
  facet normal 0.538900 -0.242920 0.806583
    outer loop
      vertex 13.779595 -1.384396 1.508748
      vertex 13.442126 -2.633278 1.358092
      vertex 14.031379 -2.633278 0.964396
    endloop
  endfacet
  facet normal 0.538900 -0.242920 0.806583
    outer loop
      vertex 13.779595 -1.384396 1.508748
      vertex 14.031379 -2.633278 0.964396
      vertex 14.472303 -1.384396 1.045930
    endloop
  endfacet
  facet normal 0.862402 -0.329562 0.384255
    outer loop
      vertex 14.472303 -1.384396 1.045930
      vertex 14.031379 -2.633278 0.964396
      vertex 14.238297 -2.633278 0.500000
    endloop
  endfacet
  facet normal 0.862402 -0.329562 0.384255
    outer loop
      vertex 14.472303 -1.384396 1.045930
      vertex 14.238297 -2.633278 0.500000
      vertex 14.715550 -1.384396 0.500000
    endloop
  endfacet
  facet normal -0.753559 -0.565169 0.335758
    outer loop
      vertex 8.801703 -2.633278 0.500000
      vertex 9.545042 -3.624396 0.500000
      vertex 9.695376 -3.624396 0.837404
    endloop
  endfacet
  facet normal -0.753559 -0.565169 0.335758
    outer loop
      vertex 8.801703 -2.633278 0.500000
      vertex 9.695376 -3.624396 0.837404
      vertex 9.008621 -2.633278 0.964396
    endloop
  endfacet
  facet normal -0.498579 -0.441085 0.746233
    outer loop
      vertex 9.008621 -2.633278 0.964396
      vertex 9.695376 -3.624396 0.837404
      vertex 10.123493 -3.624396 1.123440
    endloop
  endfacet
  facet normal -0.498579 -0.441085 0.746233
    outer loop
      vertex 9.008621 -2.633278 0.964396
      vertex 10.123493 -3.624396 1.123440
      vertex 9.597874 -2.633278 1.358092
    endloop
  endfacet
  facet normal -0.267341 -0.353967 0.896234
    outer loop
      vertex 9.597874 -2.633278 1.358092
      vertex 10.123493 -3.624396 1.123440
      vertex 10.764216 -3.624396 1.314564
    endloop
  endfacet
  facet normal -0.267341 -0.353967 0.896234
    outer loop
      vertex 9.597874 -2.633278 1.358092
      vertex 10.764216 -3.624396 1.314564
      vertex 10.479753 -2.633278 1.621151
    endloop
  endfacet
  facet normal -0.083909 -0.316378 0.944915
    outer loop
      vertex 10.479753 -2.633278 1.621151
      vertex 10.764216 -3.624396 1.314564
      vertex 11.520000 -3.624396 1.381678
    endloop
  endfacet
  facet normal -0.083909 -0.316378 0.944915
    outer loop
      vertex 10.479753 -2.633278 1.621151
      vertex 11.520000 -3.624396 1.381678
      vertex 11.520000 -2.633278 1.713525
    endloop
  endfacet
  facet normal 0.083909 -0.316378 0.944915
    outer loop
      vertex 11.520000 -2.633278 1.713525
      vertex 11.520000 -3.624396 1.381678
      vertex 12.275784 -3.624396 1.314564
    endloop
  endfacet
  facet normal 0.083909 -0.316378 0.944915
    outer loop
      vertex 11.520000 -2.633278 1.713525
      vertex 12.275784 -3.624396 1.314564
      vertex 12.560247 -2.633278 1.621151
    endloop
  endfacet
  facet normal 0.267341 -0.353967 0.896234
    outer loop
      vertex 12.560247 -2.633278 1.621151
      vertex 12.275784 -3.624396 1.314564
      vertex 12.916507 -3.624396 1.123440
    endloop
  endfacet
  facet normal 0.267341 -0.353967 0.896234
    outer loop
      vertex 12.560247 -2.633278 1.621151
      vertex 12.916507 -3.624396 1.123440
      vertex 13.442126 -2.633278 1.358092
    endloop
  endfacet
  facet normal 0.498579 -0.441085 0.746233
    outer loop
      vertex 13.442126 -2.633278 1.358092
      vertex 12.916507 -3.624396 1.123440
      vertex 13.344624 -3.624396 0.837404
    endloop
  endfacet
  facet normal 0.498579 -0.441085 0.746233
    outer loop
      vertex 13.442126 -2.633278 1.358092
      vertex 13.344624 -3.624396 0.837404
      vertex 14.031379 -2.633278 0.964396
    endloop
  endfacet
  facet normal 0.753559 -0.565169 0.335758
    outer loop
      vertex 14.031379 -2.633278 0.964396
      vertex 13.344624 -3.624396 0.837404
      vertex 13.494958 -3.624396 0.500000
    endloop
  endfacet
  facet normal 0.753559 -0.565169 0.335758
    outer loop
      vertex 14.031379 -2.633278 0.964396
      vertex 13.494958 -3.624396 0.500000
      vertex 14.238297 -2.633278 0.500000
    endloop
  endfacet
  facet normal -0.545124 -0.802400 0.242888
    outer loop
      vertex 9.545042 -3.624396 0.500000
      vertex 10.481703 -4.260733 0.500000
      vertex 10.560739 -4.260733 0.677384
    endloop
  endfacet
  facet normal -0.545124 -0.802400 0.242888
    outer loop
      vertex 9.545042 -3.624396 0.500000
      vertex 10.560739 -4.260733 0.677384
      vertex 9.695376 -3.624396 0.837404
    endloop
  endfacet
  facet normal -0.399844 -0.694246 0.598454
    outer loop
      vertex 9.695376 -3.624396 0.837404
      vertex 10.560739 -4.260733 0.677384
      vertex 10.785813 -4.260733 0.827762
    endloop
  endfacet
  facet normal -0.399844 -0.694246 0.598454
    outer loop
      vertex 9.695376 -3.624396 0.837404
      vertex 10.785813 -4.260733 0.827762
      vertex 10.123493 -3.624396 1.123440
    endloop
  endfacet
  facet normal -0.229470 -0.596288 0.769275
    outer loop
      vertex 10.123493 -3.624396 1.123440
      vertex 10.785813 -4.260733 0.827762
      vertex 11.122661 -4.260733 0.928242
    endloop
  endfacet
  facet normal -0.229470 -0.596288 0.769275
    outer loop
      vertex 10.123493 -3.624396 1.123440
      vertex 11.122661 -4.260733 0.928242
      vertex 10.764216 -3.624396 1.314564
    endloop
  endfacet
  facet normal -0.074008 -0.547661 0.833421
    outer loop
      vertex 10.764216 -3.624396 1.314564
      vertex 11.122661 -4.260733 0.928242
      vertex 11.520000 -4.260733 0.963525
    endloop
  endfacet
  facet normal -0.074008 -0.547661 0.833421
    outer loop
      vertex 10.764216 -3.624396 1.314564
      vertex 11.520000 -4.260733 0.963525
      vertex 11.520000 -3.624396 1.381678
    endloop
  endfacet
  facet normal 0.074008 -0.547661 0.833421
    outer loop
      vertex 11.520000 -3.624396 1.381678
      vertex 11.520000 -4.260733 0.963525
      vertex 11.917339 -4.260733 0.928242
    endloop
  endfacet
  facet normal 0.074008 -0.547661 0.833421
    outer loop
      vertex 11.520000 -3.624396 1.381678
      vertex 11.917339 -4.260733 0.928242
      vertex 12.275784 -3.624396 1.314564
    endloop
  endfacet
  facet normal 0.229470 -0.596288 0.769275
    outer loop
      vertex 12.275784 -3.624396 1.314564
      vertex 11.917339 -4.260733 0.928242
      vertex 12.254187 -4.260733 0.827762
    endloop
  endfacet
  facet normal 0.229470 -0.596288 0.769275
    outer loop
      vertex 12.275784 -3.624396 1.314564
      vertex 12.254187 -4.260733 0.827762
      vertex 12.916507 -3.624396 1.123440
    endloop
  endfacet
  facet normal 0.399844 -0.694246 0.598454
    outer loop
      vertex 12.916507 -3.624396 1.123440
      vertex 12.254187 -4.260733 0.827762
      vertex 12.479261 -4.260733 0.677384
    endloop
  endfacet
  facet normal 0.399844 -0.694246 0.598454
    outer loop
      vertex 12.916507 -3.624396 1.123440
      vertex 12.479261 -4.260733 0.677384
      vertex 13.344624 -3.624396 0.837404
    endloop
  endfacet
  facet normal 0.545124 -0.802400 0.242888
    outer loop
      vertex 13.344624 -3.624396 0.837404
      vertex 12.479261 -4.260733 0.677384
      vertex 12.558297 -4.260733 0.500000
    endloop
  endfacet
  facet normal 0.545124 -0.802400 0.242888
    outer loop
      vertex 13.344624 -3.624396 0.837404
      vertex 12.558297 -4.260733 0.500000
      vertex 13.494958 -3.624396 0.500000
    endloop
  endfacet
  facet normal 0.000000 0.000000 1.000000
    outer loop
      vertex 10.481703 -4.260733 0.500000
      vertex 11.520000 -4.480000 0.500000
      vertex 11.520000 -4.480000 0.500000
    endloop
  endfacet
  facet normal -0.205752 -0.974301 0.091676
    outer loop
      vertex 10.481703 -4.260733 0.500000
      vertex 11.520000 -4.480000 0.500000
      vertex 10.560739 -4.260733 0.677384
    endloop
  endfacet
  facet normal 0.000000 0.000000 1.000000
    outer loop
      vertex 10.560739 -4.260733 0.677384
      vertex 11.520000 -4.480000 0.500000
      vertex 11.520000 -4.480000 0.500000
    endloop
  endfacet
  facet normal -0.170399 -0.951797 0.255040
    outer loop
      vertex 10.560739 -4.260733 0.677384
      vertex 11.520000 -4.480000 0.500000
      vertex 10.785813 -4.260733 0.827762
    endloop
  endfacet
  facet normal 0.000000 0.000000 1.000000
    outer loop
      vertex 10.785813 -4.260733 0.827762
      vertex 11.520000 -4.480000 0.500000
      vertex 11.520000 -4.480000 0.500000
    endloop
  endfacet
  facet normal -0.110350 -0.922480 0.369938
    outer loop
      vertex 10.785813 -4.260733 0.827762
      vertex 11.520000 -4.480000 0.500000
      vertex 11.122661 -4.260733 0.928242
    endloop
  endfacet
  facet normal 0.000000 0.000000 1.000000
    outer loop
      vertex 11.122661 -4.260733 0.928242
      vertex 11.520000 -4.480000 0.500000
      vertex 11.520000 -4.480000 0.500000
    endloop
  endfacet
  facet normal -0.037945 -0.903311 0.427304
    outer loop
      vertex 11.122661 -4.260733 0.928242
      vertex 11.520000 -4.480000 0.500000
      vertex 11.520000 -4.260733 0.963525
    endloop
  endfacet
  facet normal 0.000000 0.000000 1.000000
    outer loop
      vertex 11.520000 -4.260733 0.963525
      vertex 11.520000 -4.480000 0.500000
      vertex 11.520000 -4.480000 0.500000
    endloop
  endfacet
  facet normal 0.037945 -0.903311 0.427304
    outer loop
      vertex 11.520000 -4.260733 0.963525
      vertex 11.520000 -4.480000 0.500000
      vertex 11.917339 -4.260733 0.928242
    endloop
  endfacet
  facet normal 0.000000 0.000000 1.000000
    outer loop
      vertex 11.917339 -4.260733 0.928242
      vertex 11.520000 -4.480000 0.500000
      vertex 11.520000 -4.480000 0.500000
    endloop
  endfacet
  facet normal 0.110350 -0.922480 0.369938
    outer loop
      vertex 11.917339 -4.260733 0.928242
      vertex 11.520000 -4.480000 0.500000
      vertex 12.254187 -4.260733 0.827762
    endloop
  endfacet
  facet normal 0.000000 0.000000 1.000000
    outer loop
      vertex 12.254187 -4.260733 0.827762
      vertex 11.520000 -4.480000 0.500000
      vertex 11.520000 -4.480000 0.500000
    endloop
  endfacet
  facet normal 0.170399 -0.951797 0.255040
    outer loop
      vertex 12.254187 -4.260733 0.827762
      vertex 11.520000 -4.480000 0.500000
      vertex 12.479261 -4.260733 0.677384
    endloop
  endfacet
  facet normal 0.000000 0.000000 1.000000
    outer loop
      vertex 12.479261 -4.260733 0.677384
      vertex 11.520000 -4.480000 0.500000
      vertex 11.520000 -4.480000 0.500000
    endloop
  endfacet
  facet normal 0.205752 -0.974301 0.091676
    outer loop
      vertex 12.479261 -4.260733 0.677384
      vertex 11.520000 -4.480000 0.500000
      vertex 12.558297 -4.260733 0.500000
    endloop
  endfacet
  facet normal -0.834423 0.543446 0.091676
    outer loop
      vertex 4.978032 11.313708 0.500000
      vertex 4.398890 10.424477 0.500000
      vertex 4.454777 10.480363 0.677384
    endloop
  endfacet
  facet normal 0.000000 0.000000 1.000000
    outer loop
      vertex 4.978032 11.313708 0.500000
      vertex 4.454777 10.480363 0.677384
      vertex 4.978032 11.313708 0.500000
    endloop
  endfacet
  facet normal -0.793513 0.552532 0.255040
    outer loop
      vertex 4.978032 11.313708 0.500000
      vertex 4.454777 10.480363 0.677384
      vertex 4.613928 10.639515 0.827762
    endloop
  endfacet
  facet normal 0.000000 0.000000 1.000000
    outer loop
      vertex 4.978032 11.313708 0.500000
      vertex 4.613928 10.639515 0.827762
      vertex 4.978032 11.313708 0.500000
    endloop
  endfacet
  facet normal -0.730321 0.574262 0.369938
    outer loop
      vertex 4.978032 11.313708 0.500000
      vertex 4.613928 10.639515 0.827762
      vertex 4.852116 10.877702 0.928242
    endloop
  endfacet
  facet normal 0.000000 0.000000 1.000000
    outer loop
      vertex 4.978032 11.313708 0.500000
      vertex 4.852116 10.877702 0.928242
      vertex 4.978032 11.313708 0.500000
    endloop
  endfacet
  facet normal -0.665569 0.611907 0.427304
    outer loop
      vertex 4.978032 11.313708 0.500000
      vertex 4.852116 10.877702 0.928242
      vertex 5.133077 11.158663 0.963525
    endloop
  endfacet
  facet normal 0.000000 0.000000 1.000000
    outer loop
      vertex 4.978032 11.313708 0.500000
      vertex 5.133077 11.158663 0.963525
      vertex 4.978032 11.313708 0.500000
    endloop
  endfacet
  facet normal -0.611907 0.665569 0.427304
    outer loop
      vertex 4.978032 11.313708 0.500000
      vertex 5.133077 11.158663 0.963525
      vertex 5.414038 11.439625 0.928242
    endloop
  endfacet
  facet normal 0.000000 0.000000 1.000000
    outer loop
      vertex 4.978032 11.313708 0.500000
      vertex 5.414038 11.439625 0.928242
      vertex 4.978032 11.313708 0.500000
    endloop
  endfacet
  facet normal -0.574262 0.730321 0.369938
    outer loop
      vertex 4.978032 11.313708 0.500000
      vertex 5.414038 11.439625 0.928242
      vertex 5.652225 11.677812 0.827762
    endloop
  endfacet
  facet normal 0.000000 0.000000 1.000000
    outer loop
      vertex 4.978032 11.313708 0.500000
      vertex 5.652225 11.677812 0.827762
      vertex 4.978032 11.313708 0.500000
    endloop
  endfacet
  facet normal -0.552532 0.793513 0.255040
    outer loop
      vertex 4.978032 11.313708 0.500000
      vertex 5.652225 11.677812 0.827762
      vertex 5.811377 11.836964 0.677384
    endloop
  endfacet
  facet normal 0.000000 0.000000 1.000000
    outer loop
      vertex 4.978032 11.313708 0.500000
      vertex 5.811377 11.836964 0.677384
      vertex 4.978032 11.313708 0.500000
    endloop
  endfacet
  facet normal -0.543446 0.834423 0.091676
    outer loop
      vertex 4.978032 11.313708 0.500000
      vertex 5.811377 11.836964 0.677384
      vertex 5.867264 11.892850 0.500000
    endloop
  endfacet
  facet normal 0.000000 0.000000 1.000000
    outer loop
      vertex 4.978032 11.313708 0.500000
      vertex 5.867264 11.892850 0.500000
      vertex 4.978032 11.313708 0.500000
    endloop
  endfacet
  facet normal -0.952843 0.181921 0.242888
    outer loop
      vertex 4.398890 10.424477 0.500000
      vertex 4.186529 9.312199 0.500000
      vertex 4.292831 9.418501 0.837404
    endloop
  endfacet
  facet normal -0.952843 0.181921 0.242888
    outer loop
      vertex 4.398890 10.424477 0.500000
      vertex 4.292831 9.418501 0.837404
      vertex 4.454777 10.480363 0.677384
    endloop
  endfacet
  facet normal -0.773638 0.208174 0.598454
    outer loop
      vertex 4.454777 10.480363 0.677384
      vertex 4.292831 9.418501 0.837404
      vertex 4.595556 9.721226 1.123440
    endloop
  endfacet
  facet normal -0.773638 0.208174 0.598454
    outer loop
      vertex 4.454777 10.480363 0.677384
      vertex 4.595556 9.721226 1.123440
      vertex 4.613928 10.639515 0.827762
    endloop
  endfacet
  facet normal -0.583899 0.259380 0.769275
    outer loop
      vertex 4.613928 10.639515 0.827762
      vertex 4.595556 9.721226 1.123440
      vertex 5.048615 10.174285 1.314564
    endloop
  endfacet
  facet normal -0.583899 0.259380 0.769275
    outer loop
      vertex 4.613928 10.639515 0.827762
      vertex 5.048615 10.174285 1.314564
      vertex 4.852116 10.877702 0.928242
    endloop
  endfacet
  facet normal -0.439586 0.334923 0.833421
    outer loop
      vertex 4.852116 10.877702 0.928242
      vertex 5.048615 10.174285 1.314564
      vertex 5.583035 10.708705 1.381678
    endloop
  endfacet
  facet normal -0.439586 0.334923 0.833421
    outer loop
      vertex 4.852116 10.877702 0.928242
      vertex 5.583035 10.708705 1.381678
      vertex 5.133077 11.158663 0.963525
    endloop
  endfacet
  facet normal -0.334923 0.439586 0.833421
    outer loop
      vertex 5.133077 11.158663 0.963525
      vertex 5.583035 10.708705 1.381678
      vertex 6.117455 11.243125 1.314564
    endloop
  endfacet
  facet normal -0.334923 0.439586 0.833421
    outer loop
      vertex 5.133077 11.158663 0.963525
      vertex 6.117455 11.243125 1.314564
      vertex 5.414038 11.439625 0.928242
    endloop
  endfacet
  facet normal -0.259380 0.583899 0.769275
    outer loop
      vertex 5.414038 11.439625 0.928242
      vertex 6.117455 11.243125 1.314564
      vertex 6.570514 11.696184 1.123440
    endloop
  endfacet
  facet normal -0.259380 0.583899 0.769275
    outer loop
      vertex 5.414038 11.439625 0.928242
      vertex 6.570514 11.696184 1.123440
      vertex 5.652225 11.677812 0.827762
    endloop
  endfacet
  facet normal -0.208174 0.773638 0.598454
    outer loop
      vertex 5.652225 11.677812 0.827762
      vertex 6.570514 11.696184 1.123440
      vertex 6.873239 11.998909 0.837404
    endloop
  endfacet
  facet normal -0.208174 0.773638 0.598454
    outer loop
      vertex 5.652225 11.677812 0.827762
      vertex 6.873239 11.998909 0.837404
      vertex 5.811377 11.836964 0.677384
    endloop
  endfacet
  facet normal -0.181921 0.952843 0.242888
    outer loop
      vertex 5.811377 11.836964 0.677384
      vertex 6.873239 11.998909 0.837404
      vertex 6.979542 12.105212 0.500000
    endloop
  endfacet
  facet normal -0.181921 0.952843 0.242888
    outer loop
      vertex 5.811377 11.836964 0.677384
      vertex 6.979542 12.105212 0.500000
      vertex 5.867264 11.892850 0.500000
    endloop
  endfacet
  facet normal -0.932481 -0.133212 0.335758
    outer loop
      vertex 4.186529 9.312199 0.500000
      vertex 4.361735 8.085752 0.500000
      vertex 4.508048 8.232066 0.964396
    endloop
  endfacet
  facet normal -0.932481 -0.133212 0.335758
    outer loop
      vertex 4.186529 9.312199 0.500000
      vertex 4.508048 8.232066 0.964396
      vertex 4.292831 9.418501 0.837404
    endloop
  endfacet
  facet normal -0.664443 -0.040654 0.746233
    outer loop
      vertex 4.292831 9.418501 0.837404
      vertex 4.508048 8.232066 0.964396
      vertex 4.924713 8.648730 1.358092
    endloop
  endfacet
  facet normal -0.664443 -0.040654 0.746233
    outer loop
      vertex 4.292831 9.418501 0.837404
      vertex 4.924713 8.648730 1.358092
      vertex 4.595556 9.721226 1.123440
    endloop
  endfacet
  facet normal -0.439331 0.061253 0.896234
    outer loop
      vertex 4.595556 9.721226 1.123440
      vertex 4.924713 8.648730 1.358092
      vertex 5.548296 9.272313 1.621151
    endloop
  endfacet
  facet normal -0.439331 0.061253 0.896234
    outer loop
      vertex 4.595556 9.721226 1.123440
      vertex 5.548296 9.272313 1.621151
      vertex 5.048615 10.174285 1.314564
    endloop
  endfacet
  facet normal -0.283045 0.164381 0.944915
    outer loop
      vertex 5.048615 10.174285 1.314564
      vertex 5.548296 9.272313 1.621151
      vertex 6.283861 10.007879 1.713525
    endloop
  endfacet
  facet normal -0.283045 0.164381 0.944915
    outer loop
      vertex 5.048615 10.174285 1.314564
      vertex 6.283861 10.007879 1.713525
      vertex 5.583035 10.708705 1.381678
    endloop
  endfacet
  facet normal -0.164381 0.283045 0.944915
    outer loop
      vertex 5.583035 10.708705 1.381678
      vertex 6.283861 10.007879 1.713525
      vertex 7.019427 10.743445 1.621151
    endloop
  endfacet
  facet normal -0.164381 0.283045 0.944915
    outer loop
      vertex 5.583035 10.708705 1.381678
      vertex 7.019427 10.743445 1.621151
      vertex 6.117455 11.243125 1.314564
    endloop
  endfacet
  facet normal -0.061253 0.439331 0.896234
    outer loop
      vertex 6.117455 11.243125 1.314564
      vertex 7.019427 10.743445 1.621151
      vertex 7.643010 11.367027 1.358092
    endloop
  endfacet
  facet normal -0.061253 0.439331 0.896234
    outer loop
      vertex 6.117455 11.243125 1.314564
      vertex 7.643010 11.367027 1.358092
      vertex 6.570514 11.696184 1.123440
    endloop
  endfacet
  facet normal 0.040654 0.664443 0.746233
    outer loop
      vertex 6.570514 11.696184 1.123440
      vertex 7.643010 11.367027 1.358092
      vertex 8.059675 11.783692 0.964396
    endloop
  endfacet
  facet normal 0.040654 0.664443 0.746233
    outer loop
      vertex 6.570514 11.696184 1.123440
      vertex 8.059675 11.783692 0.964396
      vertex 6.873239 11.998909 0.837404
    endloop
  endfacet
  facet normal 0.133212 0.932481 0.335758
    outer loop
      vertex 6.873239 11.998909 0.837404
      vertex 8.059675 11.783692 0.964396
      vertex 8.205988 11.930005 0.500000
    endloop
  endfacet
  facet normal 0.133212 0.932481 0.335758
    outer loop
      vertex 6.873239 11.998909 0.837404
      vertex 8.205988 11.930005 0.500000
      vertex 6.979542 12.105212 0.500000
    endloop
  endfacet
  facet normal -0.842846 -0.376775 0.384255
    outer loop
      vertex 4.361735 8.085752 0.500000
      vertex 4.907359 6.865191 0.500000
      vertex 5.079361 7.037192 1.045930
    endloop
  endfacet
  facet normal -0.842846 -0.376775 0.384255
    outer loop
      vertex 4.361735 8.085752 0.500000
      vertex 5.079361 7.037192 1.045930
      vertex 4.508048 8.232066 0.964396
    endloop
  endfacet
  facet normal -0.552830 -0.209290 0.806583
    outer loop
      vertex 4.508048 8.232066 0.964396
      vertex 5.079361 7.037192 1.045930
      vertex 5.569179 7.527011 1.508748
    endloop
  endfacet
  facet normal -0.552830 -0.209290 0.806583
    outer loop
      vertex 4.508048 8.232066 0.964396
      vertex 5.569179 7.527011 1.508748
      vertex 4.924713 8.648730 1.358092
    endloop
  endfacet
  facet normal -0.332360 -0.064577 0.940939
    outer loop
      vertex 4.924713 8.648730 1.358092
      vertex 5.569179 7.527011 1.508748
      vertex 6.302245 8.260076 1.817992
    endloop
  endfacet
  facet normal -0.332360 -0.064577 0.940939
    outer loop
      vertex 4.924713 8.648730 1.358092
      vertex 6.302245 8.260076 1.817992
      vertex 5.548296 9.272313 1.621151
    endloop
  endfacet
  facet normal -0.180123 0.056800 0.982003
    outer loop
      vertex 5.548296 9.272313 1.621151
      vertex 6.302245 8.260076 1.817992
      vertex 7.166954 9.124786 1.926585
    endloop
  endfacet
  facet normal -0.180123 0.056800 0.982003
    outer loop
      vertex 5.548296 9.272313 1.621151
      vertex 7.166954 9.124786 1.926585
      vertex 6.283861 10.007879 1.713525
    endloop
  endfacet
  facet normal -0.056800 0.180123 0.982003
    outer loop
      vertex 6.283861 10.007879 1.713525
      vertex 7.166954 9.124786 1.926585
      vertex 8.031664 9.989496 1.817992
    endloop
  endfacet
  facet normal -0.056800 0.180123 0.982003
    outer loop
      vertex 6.283861 10.007879 1.713525
      vertex 8.031664 9.989496 1.817992
      vertex 7.019427 10.743445 1.621151
    endloop
  endfacet
  facet normal 0.064577 0.332360 0.940939
    outer loop
      vertex 7.019427 10.743445 1.621151
      vertex 8.031664 9.989496 1.817992
      vertex 8.764729 10.722561 1.508748
    endloop
  endfacet
  facet normal 0.064577 0.332360 0.940939
    outer loop
      vertex 7.019427 10.743445 1.621151
      vertex 8.764729 10.722561 1.508748
      vertex 7.643010 11.367027 1.358092
    endloop
  endfacet
  facet normal 0.209290 0.552830 0.806583
    outer loop
      vertex 7.643010 11.367027 1.358092
      vertex 8.764729 10.722561 1.508748
      vertex 9.254548 11.212380 1.045930
    endloop
  endfacet
  facet normal 0.209290 0.552830 0.806583
    outer loop
      vertex 7.643010 11.367027 1.358092
      vertex 9.254548 11.212380 1.045930
      vertex 8.059675 11.783692 0.964396
    endloop
  endfacet
  facet normal 0.376775 0.842846 0.384255
    outer loop
      vertex 8.059675 11.783692 0.964396
      vertex 9.254548 11.212380 1.045930
      vertex 9.426549 11.384381 0.500000
    endloop
  endfacet
  facet normal 0.376775 0.842846 0.384255
    outer loop
      vertex 8.059675 11.783692 0.964396
      vertex 9.426549 11.384381 0.500000
      vertex 8.205988 11.930005 0.500000
    endloop
  endfacet
  facet normal -0.718402 -0.565848 0.404617
    outer loop
      vertex 4.907359 6.865191 0.500000
      vertex 5.769991 5.769991 0.500000
      vertex 5.950844 5.950844 1.074025
    endloop
  endfacet
  facet normal -0.718402 -0.565848 0.404617
    outer loop
      vertex 4.907359 6.865191 0.500000
      vertex 5.950844 5.950844 1.074025
      vertex 5.079361 7.037192 1.045930
    endloop
  endfacet
  facet normal -0.446519 -0.336765 0.828981
    outer loop
      vertex 5.079361 7.037192 1.045930
      vertex 5.950844 5.950844 1.074025
      vertex 6.465870 6.465870 1.560660
    endloop
  endfacet
  facet normal -0.446519 -0.336765 0.828981
    outer loop
      vertex 5.079361 7.037192 1.045930
      vertex 6.465870 6.465870 1.560660
      vertex 5.569179 7.527011 1.508748
    endloop
  endfacet
  facet normal -0.244073 -0.159452 0.956558
    outer loop
      vertex 5.569179 7.527011 1.508748
      vertex 6.465870 6.465870 1.560660
      vertex 7.236661 7.236661 1.885819
    endloop
  endfacet
  facet normal -0.244073 -0.159452 0.956558
    outer loop
      vertex 5.569179 7.527011 1.508748
      vertex 7.236661 7.236661 1.885819
      vertex 6.302245 8.260076 1.817992
    endloop
  endfacet
  facet normal -0.099757 -0.025159 0.994694
    outer loop
      vertex 6.302245 8.260076 1.817992
      vertex 7.236661 7.236661 1.885819
      vertex 8.145870 8.145870 2.000000
    endloop
  endfacet
  facet normal -0.099757 -0.025159 0.994694
    outer loop
      vertex 6.302245 8.260076 1.817992
      vertex 8.145870 8.145870 2.000000
      vertex 7.166954 9.124786 1.926585
    endloop
  endfacet
  facet normal 0.025159 0.099757 0.994694
    outer loop
      vertex 7.166954 9.124786 1.926585
      vertex 8.145870 8.145870 2.000000
      vertex 9.055080 9.055080 1.885819
    endloop
  endfacet
  facet normal 0.025159 0.099757 0.994694
    outer loop
      vertex 7.166954 9.124786 1.926585
      vertex 9.055080 9.055080 1.885819
      vertex 8.031664 9.989496 1.817992
    endloop
  endfacet
  facet normal 0.159452 0.244073 0.956558
    outer loop
      vertex 8.031664 9.989496 1.817992
      vertex 9.055080 9.055080 1.885819
      vertex 9.825870 9.825870 1.560660
    endloop
  endfacet
  facet normal 0.159452 0.244073 0.956558
    outer loop
      vertex 8.031664 9.989496 1.817992
      vertex 9.825870 9.825870 1.560660
      vertex 8.764729 10.722561 1.508748
    endloop
  endfacet
  facet normal 0.336765 0.446519 0.828981
    outer loop
      vertex 8.764729 10.722561 1.508748
      vertex 9.825870 9.825870 1.560660
      vertex 10.340896 10.340896 1.074025
    endloop
  endfacet
  facet normal 0.336765 0.446519 0.828981
    outer loop
      vertex 8.764729 10.722561 1.508748
      vertex 10.340896 10.340896 1.074025
      vertex 9.254548 11.212380 1.045930
    endloop
  endfacet
  facet normal 0.565848 0.718402 0.404617
    outer loop
      vertex 9.254548 11.212380 1.045930
      vertex 10.340896 10.340896 1.074025
      vertex 10.521749 10.521749 0.500000
    endloop
  endfacet
  facet normal 0.565848 0.718402 0.404617
    outer loop
      vertex 9.254548 11.212380 1.045930
      vertex 10.521749 10.521749 0.500000
      vertex 9.426549 11.384381 0.500000
    endloop
  endfacet
  facet normal -0.565848 -0.718402 0.404617
    outer loop
      vertex 5.769991 5.769991 0.500000
      vertex 6.865191 4.907359 0.500000
      vertex 7.037192 5.079361 1.045930
    endloop
  endfacet
  facet normal -0.565848 -0.718402 0.404617
    outer loop
      vertex 5.769991 5.769991 0.500000
      vertex 7.037192 5.079361 1.045930
      vertex 5.950844 5.950844 1.074025
    endloop
  endfacet
  facet normal -0.336765 -0.446519 0.828981
    outer loop
      vertex 5.950844 5.950844 1.074025
      vertex 7.037192 5.079361 1.045930
      vertex 7.527011 5.569179 1.508748
    endloop
  endfacet
  facet normal -0.336765 -0.446519 0.828981
    outer loop
      vertex 5.950844 5.950844 1.074025
      vertex 7.527011 5.569179 1.508748
      vertex 6.465870 6.465870 1.560660
    endloop
  endfacet
  facet normal -0.159452 -0.244073 0.956558
    outer loop
      vertex 6.465870 6.465870 1.560660
      vertex 7.527011 5.569179 1.508748
      vertex 8.260076 6.302245 1.817992
    endloop
  endfacet
  facet normal -0.159452 -0.244073 0.956558
    outer loop
      vertex 6.465870 6.465870 1.560660
      vertex 8.260076 6.302245 1.817992
      vertex 7.236661 7.236661 1.885819
    endloop
  endfacet
  facet normal -0.025159 -0.099757 0.994694
    outer loop
      vertex 7.236661 7.236661 1.885819
      vertex 8.260076 6.302245 1.817992
      vertex 9.124786 7.166954 1.926585
    endloop
  endfacet
  facet normal -0.025159 -0.099757 0.994694
    outer loop
      vertex 7.236661 7.236661 1.885819
      vertex 9.124786 7.166954 1.926585
      vertex 8.145870 8.145870 2.000000
    endloop
  endfacet
  facet normal 0.099757 0.025159 0.994694
    outer loop
      vertex 8.145870 8.145870 2.000000
      vertex 9.124786 7.166954 1.926585
      vertex 9.989496 8.031664 1.817992
    endloop
  endfacet
  facet normal 0.099757 0.025159 0.994694
    outer loop
      vertex 8.145870 8.145870 2.000000
      vertex 9.989496 8.031664 1.817992
      vertex 9.055080 9.055080 1.885819
    endloop
  endfacet
  facet normal 0.244073 0.159452 0.956558
    outer loop
      vertex 9.055080 9.055080 1.885819
      vertex 9.989496 8.031664 1.817992
      vertex 10.722561 8.764729 1.508748
    endloop
  endfacet
  facet normal 0.244073 0.159452 0.956558
    outer loop
      vertex 9.055080 9.055080 1.885819
      vertex 10.722561 8.764729 1.508748
      vertex 9.825870 9.825870 1.560660
    endloop
  endfacet
  facet normal 0.446519 0.336765 0.828981
    outer loop
      vertex 9.825870 9.825870 1.560660
      vertex 10.722561 8.764729 1.508748
      vertex 11.212380 9.254548 1.045930
    endloop
  endfacet
  facet normal 0.446519 0.336765 0.828981
    outer loop
      vertex 9.825870 9.825870 1.560660
      vertex 11.212380 9.254548 1.045930
      vertex 10.340896 10.340896 1.074025
    endloop
  endfacet
  facet normal 0.718402 0.565848 0.404617
    outer loop
      vertex 10.340896 10.340896 1.074025
      vertex 11.212380 9.254548 1.045930
      vertex 11.384381 9.426549 0.500000
    endloop
  endfacet
  facet normal 0.718402 0.565848 0.404617
    outer loop
      vertex 10.340896 10.340896 1.074025
      vertex 11.384381 9.426549 0.500000
      vertex 10.521749 10.521749 0.500000
    endloop
  endfacet
  facet normal -0.376775 -0.842846 0.384255
    outer loop
      vertex 6.865191 4.907359 0.500000
      vertex 8.085752 4.361735 0.500000
      vertex 8.232066 4.508048 0.964396
    endloop
  endfacet
  facet normal -0.376775 -0.842846 0.384255
    outer loop
      vertex 6.865191 4.907359 0.500000
      vertex 8.232066 4.508048 0.964396
      vertex 7.037192 5.079361 1.045930
    endloop
  endfacet
  facet normal -0.209290 -0.552830 0.806583
    outer loop
      vertex 7.037192 5.079361 1.045930
      vertex 8.232066 4.508048 0.964396
      vertex 8.648730 4.924713 1.358092
    endloop
  endfacet
  facet normal -0.209290 -0.552830 0.806583
    outer loop
      vertex 7.037192 5.079361 1.045930
      vertex 8.648730 4.924713 1.358092
      vertex 7.527011 5.569179 1.508748
    endloop
  endfacet
  facet normal -0.064577 -0.332360 0.940939
    outer loop
      vertex 7.527011 5.569179 1.508748
      vertex 8.648730 4.924713 1.358092
      vertex 9.272313 5.548296 1.621151
    endloop
  endfacet
  facet normal -0.064577 -0.332360 0.940939
    outer loop
      vertex 7.527011 5.569179 1.508748
      vertex 9.272313 5.548296 1.621151
      vertex 8.260076 6.302245 1.817992
    endloop
  endfacet
  facet normal 0.056800 -0.180123 0.982003
    outer loop
      vertex 8.260076 6.302245 1.817992
      vertex 9.272313 5.548296 1.621151
      vertex 10.007879 6.283861 1.713525
    endloop
  endfacet
  facet normal 0.056800 -0.180123 0.982003
    outer loop
      vertex 8.260076 6.302245 1.817992
      vertex 10.007879 6.283861 1.713525
      vertex 9.124786 7.166954 1.926585
    endloop
  endfacet
  facet normal 0.180123 -0.056800 0.982003
    outer loop
      vertex 9.124786 7.166954 1.926585
      vertex 10.007879 6.283861 1.713525
      vertex 10.743445 7.019427 1.621151
    endloop
  endfacet
  facet normal 0.180123 -0.056800 0.982003
    outer loop
      vertex 9.124786 7.166954 1.926585
      vertex 10.743445 7.019427 1.621151
      vertex 9.989496 8.031664 1.817992
    endloop
  endfacet
  facet normal 0.332360 0.064577 0.940939
    outer loop
      vertex 9.989496 8.031664 1.817992
      vertex 10.743445 7.019427 1.621151
      vertex 11.367027 7.643010 1.358092
    endloop
  endfacet
  facet normal 0.332360 0.064577 0.940939
    outer loop
      vertex 9.989496 8.031664 1.817992
      vertex 11.367027 7.643010 1.358092
      vertex 10.722561 8.764729 1.508748
    endloop
  endfacet
  facet normal 0.552830 0.209290 0.806583
    outer loop
      vertex 10.722561 8.764729 1.508748
      vertex 11.367027 7.643010 1.358092
      vertex 11.783692 8.059675 0.964396
    endloop
  endfacet
  facet normal 0.552830 0.209290 0.806583
    outer loop
      vertex 10.722561 8.764729 1.508748
      vertex 11.783692 8.059675 0.964396
      vertex 11.212380 9.254548 1.045930
    endloop
  endfacet
  facet normal 0.842846 0.376775 0.384255
    outer loop
      vertex 11.212380 9.254548 1.045930
      vertex 11.783692 8.059675 0.964396
      vertex 11.930005 8.205988 0.500000
    endloop
  endfacet
  facet normal 0.842846 0.376775 0.384255
    outer loop
      vertex 11.212380 9.254548 1.045930
      vertex 11.930005 8.205988 0.500000
      vertex 11.384381 9.426549 0.500000
    endloop
  endfacet
  facet normal -0.133212 -0.932481 0.335758
    outer loop
      vertex 8.085752 4.361735 0.500000
      vertex 9.312199 4.186529 0.500000
      vertex 9.418501 4.292831 0.837404
    endloop
  endfacet
  facet normal -0.133212 -0.932481 0.335758
    outer loop
      vertex 8.085752 4.361735 0.500000
      vertex 9.418501 4.292831 0.837404
      vertex 8.232066 4.508048 0.964396
    endloop
  endfacet
  facet normal -0.040654 -0.664443 0.746233
    outer loop
      vertex 8.232066 4.508048 0.964396
      vertex 9.418501 4.292831 0.837404
      vertex 9.721226 4.595556 1.123440
    endloop
  endfacet
  facet normal -0.040654 -0.664443 0.746233
    outer loop
      vertex 8.232066 4.508048 0.964396
      vertex 9.721226 4.595556 1.123440
      vertex 8.648730 4.924713 1.358092
    endloop
  endfacet
  facet normal 0.061253 -0.439331 0.896234
    outer loop
      vertex 8.648730 4.924713 1.358092
      vertex 9.721226 4.595556 1.123440
      vertex 10.174285 5.048615 1.314564
    endloop
  endfacet
  facet normal 0.061253 -0.439331 0.896234
    outer loop
      vertex 8.648730 4.924713 1.358092
      vertex 10.174285 5.048615 1.314564
      vertex 9.272313 5.548296 1.621151
    endloop
  endfacet
  facet normal 0.164381 -0.283045 0.944915
    outer loop
      vertex 9.272313 5.548296 1.621151
      vertex 10.174285 5.048615 1.314564
      vertex 10.708705 5.583035 1.381678
    endloop
  endfacet
  facet normal 0.164381 -0.283045 0.944915
    outer loop
      vertex 9.272313 5.548296 1.621151
      vertex 10.708705 5.583035 1.381678
      vertex 10.007879 6.283861 1.713525
    endloop
  endfacet
  facet normal 0.283045 -0.164381 0.944915
    outer loop
      vertex 10.007879 6.283861 1.713525
      vertex 10.708705 5.583035 1.381678
      vertex 11.243125 6.117455 1.314564
    endloop
  endfacet
  facet normal 0.283045 -0.164381 0.944915
    outer loop
      vertex 10.007879 6.283861 1.713525
      vertex 11.243125 6.117455 1.314564
      vertex 10.743445 7.019427 1.621151
    endloop
  endfacet
  facet normal 0.439331 -0.061253 0.896234
    outer loop
      vertex 10.743445 7.019427 1.621151
      vertex 11.243125 6.117455 1.314564
      vertex 11.696184 6.570514 1.123440
    endloop
  endfacet
  facet normal 0.439331 -0.061253 0.896234
    outer loop
      vertex 10.743445 7.019427 1.621151
      vertex 11.696184 6.570514 1.123440
      vertex 11.367027 7.643010 1.358092
    endloop
  endfacet
  facet normal 0.664443 0.040654 0.746233
    outer loop
      vertex 11.367027 7.643010 1.358092
      vertex 11.696184 6.570514 1.123440
      vertex 11.998909 6.873239 0.837404
    endloop
  endfacet
  facet normal 0.664443 0.040654 0.746233
    outer loop
      vertex 11.367027 7.643010 1.358092
      vertex 11.998909 6.873239 0.837404
      vertex 11.783692 8.059675 0.964396
    endloop
  endfacet
  facet normal 0.932481 0.133212 0.335758
    outer loop
      vertex 11.783692 8.059675 0.964396
      vertex 11.998909 6.873239 0.837404
      vertex 12.105212 6.979542 0.500000
    endloop
  endfacet
  facet normal 0.932481 0.133212 0.335758
    outer loop
      vertex 11.783692 8.059675 0.964396
      vertex 12.105212 6.979542 0.500000
      vertex 11.930005 8.205988 0.500000
    endloop
  endfacet
  facet normal 0.181921 -0.952843 0.242888
    outer loop
      vertex 9.312199 4.186529 0.500000
      vertex 10.424477 4.398890 0.500000
      vertex 10.480363 4.454777 0.677384
    endloop
  endfacet
  facet normal 0.181921 -0.952843 0.242888
    outer loop
      vertex 9.312199 4.186529 0.500000
      vertex 10.480363 4.454777 0.677384
      vertex 9.418501 4.292831 0.837404
    endloop
  endfacet
  facet normal 0.208174 -0.773638 0.598454
    outer loop
      vertex 9.418501 4.292831 0.837404
      vertex 10.480363 4.454777 0.677384
      vertex 10.639515 4.613928 0.827762
    endloop
  endfacet
  facet normal 0.208174 -0.773638 0.598454
    outer loop
      vertex 9.418501 4.292831 0.837404
      vertex 10.639515 4.613928 0.827762
      vertex 9.721226 4.595556 1.123440
    endloop
  endfacet
  facet normal 0.259380 -0.583899 0.769275
    outer loop
      vertex 9.721226 4.595556 1.123440
      vertex 10.639515 4.613928 0.827762
      vertex 10.877702 4.852116 0.928242
    endloop
  endfacet
  facet normal 0.259380 -0.583899 0.769275
    outer loop
      vertex 9.721226 4.595556 1.123440
      vertex 10.877702 4.852116 0.928242
      vertex 10.174285 5.048615 1.314564
    endloop
  endfacet
  facet normal 0.334923 -0.439586 0.833421
    outer loop
      vertex 10.174285 5.048615 1.314564
      vertex 10.877702 4.852116 0.928242
      vertex 11.158663 5.133077 0.963525
    endloop
  endfacet
  facet normal 0.334923 -0.439586 0.833421
    outer loop
      vertex 10.174285 5.048615 1.314564
      vertex 11.158663 5.133077 0.963525
      vertex 10.708705 5.583035 1.381678
    endloop
  endfacet
  facet normal 0.439586 -0.334923 0.833421
    outer loop
      vertex 10.708705 5.583035 1.381678
      vertex 11.158663 5.133077 0.963525
      vertex 11.439625 5.414038 0.928242
    endloop
  endfacet
  facet normal 0.439586 -0.334923 0.833421
    outer loop
      vertex 10.708705 5.583035 1.381678
      vertex 11.439625 5.414038 0.928242
      vertex 11.243125 6.117455 1.314564
    endloop
  endfacet
  facet normal 0.583899 -0.259380 0.769275
    outer loop
      vertex 11.243125 6.117455 1.314564
      vertex 11.439625 5.414038 0.928242
      vertex 11.677812 5.652225 0.827762
    endloop
  endfacet
  facet normal 0.583899 -0.259380 0.769275
    outer loop
      vertex 11.243125 6.117455 1.314564
      vertex 11.677812 5.652225 0.827762
      vertex 11.696184 6.570514 1.123440
    endloop
  endfacet
  facet normal 0.773638 -0.208174 0.598454
    outer loop
      vertex 11.696184 6.570514 1.123440
      vertex 11.677812 5.652225 0.827762
      vertex 11.836964 5.811377 0.677384
    endloop
  endfacet
  facet normal 0.773638 -0.208174 0.598454
    outer loop
      vertex 11.696184 6.570514 1.123440
      vertex 11.836964 5.811377 0.677384
      vertex 11.998909 6.873239 0.837404
    endloop
  endfacet
  facet normal 0.952843 -0.181921 0.242888
    outer loop
      vertex 11.998909 6.873239 0.837404
      vertex 11.836964 5.811377 0.677384
      vertex 11.892850 5.867264 0.500000
    endloop
  endfacet
  facet normal 0.952843 -0.181921 0.242888
    outer loop
      vertex 11.998909 6.873239 0.837404
      vertex 11.892850 5.867264 0.500000
      vertex 12.105212 6.979542 0.500000
    endloop
  endfacet
  facet normal 0.000000 0.000000 1.000000
    outer loop
      vertex 10.424477 4.398890 0.500000
      vertex 11.313708 4.978032 0.500000
      vertex 11.313708 4.978032 0.500000
    endloop
  endfacet
  facet normal 0.543446 -0.834423 0.091676
    outer loop
      vertex 10.424477 4.398890 0.500000
      vertex 11.313708 4.978032 0.500000
      vertex 10.480363 4.454777 0.677384
    endloop
  endfacet
  facet normal 0.000000 0.000000 1.000000
    outer loop
      vertex 10.480363 4.454777 0.677384
      vertex 11.313708 4.978032 0.500000
      vertex 11.313708 4.978032 0.500000
    endloop
  endfacet
  facet normal 0.552532 -0.793513 0.255040
    outer loop
      vertex 10.480363 4.454777 0.677384
      vertex 11.313708 4.978032 0.500000
      vertex 10.639515 4.613928 0.827762
    endloop
  endfacet
  facet normal 0.000000 0.000000 1.000000
    outer loop
      vertex 10.639515 4.613928 0.827762
      vertex 11.313708 4.978032 0.500000
      vertex 11.313708 4.978032 0.500000
    endloop
  endfacet
  facet normal 0.574262 -0.730321 0.369938
    outer loop
      vertex 10.639515 4.613928 0.827762
      vertex 11.313708 4.978032 0.500000
      vertex 10.877702 4.852116 0.928242
    endloop
  endfacet
  facet normal 0.000000 0.000000 1.000000
    outer loop
      vertex 10.877702 4.852116 0.928242
      vertex 11.313708 4.978032 0.500000
      vertex 11.313708 4.978032 0.500000
    endloop
  endfacet
  facet normal 0.611907 -0.665569 0.427304
    outer loop
      vertex 10.877702 4.852116 0.928242
      vertex 11.313708 4.978032 0.500000
      vertex 11.158663 5.133077 0.963525
    endloop
  endfacet
  facet normal 0.000000 0.000000 1.000000
    outer loop
      vertex 11.158663 5.133077 0.963525
      vertex 11.313708 4.978032 0.500000
      vertex 11.313708 4.978032 0.500000
    endloop
  endfacet
  facet normal 0.665569 -0.611907 0.427304
    outer loop
      vertex 11.158663 5.133077 0.963525
      vertex 11.313708 4.978032 0.500000
      vertex 11.439625 5.414038 0.928242
    endloop
  endfacet
  facet normal 0.000000 0.000000 1.000000
    outer loop
      vertex 11.439625 5.414038 0.928242
      vertex 11.313708 4.978032 0.500000
      vertex 11.313708 4.978032 0.500000
    endloop
  endfacet
  facet normal 0.730321 -0.574262 0.369938
    outer loop
      vertex 11.439625 5.414038 0.928242
      vertex 11.313708 4.978032 0.500000
      vertex 11.677812 5.652225 0.827762
    endloop
  endfacet
  facet normal 0.000000 0.000000 1.000000
    outer loop
      vertex 11.677812 5.652225 0.827762
      vertex 11.313708 4.978032 0.500000
      vertex 11.313708 4.978032 0.500000
    endloop
  endfacet
  facet normal 0.793513 -0.552532 0.255040
    outer loop
      vertex 11.677812 5.652225 0.827762
      vertex 11.313708 4.978032 0.500000
      vertex 11.836964 5.811377 0.677384
    endloop
  endfacet
  facet normal 0.000000 0.000000 1.000000
    outer loop
      vertex 11.836964 5.811377 0.677384
      vertex 11.313708 4.978032 0.500000
      vertex 11.313708 4.978032 0.500000
    endloop
  endfacet
  facet normal 0.834423 -0.543446 0.091676
    outer loop
      vertex 11.836964 5.811377 0.677384
      vertex 11.313708 4.978032 0.500000
      vertex 11.892850 5.867264 0.500000
    endloop
  endfacet
  facet normal -0.974301 -0.205752 0.091676
    outer loop
      vertex -4.480000 11.520000 0.500000
      vertex -4.260733 10.481703 0.500000
      vertex -4.260733 10.560739 0.677384
    endloop
  endfacet
  facet normal 0.000000 0.000000 1.000000
    outer loop
      vertex -4.480000 11.520000 0.500000
      vertex -4.260733 10.560739 0.677384
      vertex -4.480000 11.520000 0.500000
    endloop
  endfacet
  facet normal -0.951797 -0.170399 0.255040
    outer loop
      vertex -4.480000 11.520000 0.500000
      vertex -4.260733 10.560739 0.677384
      vertex -4.260733 10.785813 0.827762
    endloop
  endfacet
  facet normal 0.000000 0.000000 1.000000
    outer loop
      vertex -4.480000 11.520000 0.500000
      vertex -4.260733 10.785813 0.827762
      vertex -4.480000 11.520000 0.500000
    endloop
  endfacet
  facet normal -0.922480 -0.110350 0.369938
    outer loop
      vertex -4.480000 11.520000 0.500000
      vertex -4.260733 10.785813 0.827762
      vertex -4.260733 11.122661 0.928242
    endloop
  endfacet
  facet normal 0.000000 0.000000 1.000000
    outer loop
      vertex -4.480000 11.520000 0.500000
      vertex -4.260733 11.122661 0.928242
      vertex -4.480000 11.520000 0.500000
    endloop
  endfacet
  facet normal -0.903311 -0.037945 0.427304
    outer loop
      vertex -4.480000 11.520000 0.500000
      vertex -4.260733 11.122661 0.928242
      vertex -4.260733 11.520000 0.963525
    endloop
  endfacet
  facet normal 0.000000 0.000000 1.000000
    outer loop
      vertex -4.480000 11.520000 0.500000
      vertex -4.260733 11.520000 0.963525
      vertex -4.480000 11.520000 0.500000
    endloop
  endfacet
  facet normal -0.903311 0.037945 0.427304
    outer loop
      vertex -4.480000 11.520000 0.500000
      vertex -4.260733 11.520000 0.963525
      vertex -4.260733 11.917339 0.928242
    endloop
  endfacet
  facet normal 0.000000 0.000000 1.000000
    outer loop
      vertex -4.480000 11.520000 0.500000
      vertex -4.260733 11.917339 0.928242
      vertex -4.480000 11.520000 0.500000
    endloop
  endfacet
  facet normal -0.922480 0.110350 0.369938
    outer loop
      vertex -4.480000 11.520000 0.500000
      vertex -4.260733 11.917339 0.928242
      vertex -4.260733 12.254187 0.827762
    endloop
  endfacet
  facet normal 0.000000 0.000000 1.000000
    outer loop
      vertex -4.480000 11.520000 0.500000
      vertex -4.260733 12.254187 0.827762
      vertex -4.480000 11.520000 0.500000
    endloop
  endfacet
  facet normal -0.951797 0.170399 0.255040
    outer loop
      vertex -4.480000 11.520000 0.500000
      vertex -4.260733 12.254187 0.827762
      vertex -4.260733 12.479261 0.677384
    endloop
  endfacet
  facet normal 0.000000 0.000000 1.000000
    outer loop
      vertex -4.480000 11.520000 0.500000
      vertex -4.260733 12.479261 0.677384
      vertex -4.480000 11.520000 0.500000
    endloop
  endfacet
  facet normal -0.974301 0.205752 0.091676
    outer loop
      vertex -4.480000 11.520000 0.500000
      vertex -4.260733 12.479261 0.677384
      vertex -4.260733 12.558297 0.500000
    endloop
  endfacet
  facet normal 0.000000 0.000000 1.000000
    outer loop
      vertex -4.480000 11.520000 0.500000
      vertex -4.260733 12.558297 0.500000
      vertex -4.480000 11.520000 0.500000
    endloop
  endfacet
  facet normal -0.802400 -0.545124 0.242888
    outer loop
      vertex -4.260733 10.481703 0.500000
      vertex -3.624396 9.545042 0.500000
      vertex -3.624396 9.695376 0.837404
    endloop
  endfacet
  facet normal -0.802400 -0.545124 0.242888
    outer loop
      vertex -4.260733 10.481703 0.500000
      vertex -3.624396 9.695376 0.837404
      vertex -4.260733 10.560739 0.677384
    endloop
  endfacet
  facet normal -0.694246 -0.399844 0.598454
    outer loop
      vertex -4.260733 10.560739 0.677384
      vertex -3.624396 9.695376 0.837404
      vertex -3.624396 10.123493 1.123440
    endloop
  endfacet
  facet normal -0.694246 -0.399844 0.598454
    outer loop
      vertex -4.260733 10.560739 0.677384
      vertex -3.624396 10.123493 1.123440
      vertex -4.260733 10.785813 0.827762
    endloop
  endfacet
  facet normal -0.596288 -0.229470 0.769275
    outer loop
      vertex -4.260733 10.785813 0.827762
      vertex -3.624396 10.123493 1.123440
      vertex -3.624396 10.764216 1.314564
    endloop
  endfacet
  facet normal -0.596288 -0.229470 0.769275
    outer loop
      vertex -4.260733 10.785813 0.827762
      vertex -3.624396 10.764216 1.314564
      vertex -4.260733 11.122661 0.928242
    endloop
  endfacet
  facet normal -0.547661 -0.074008 0.833421
    outer loop
      vertex -4.260733 11.122661 0.928242
      vertex -3.624396 10.764216 1.314564
      vertex -3.624396 11.520000 1.381678
    endloop
  endfacet
  facet normal -0.547661 -0.074008 0.833421
    outer loop
      vertex -4.260733 11.122661 0.928242
      vertex -3.624396 11.520000 1.381678
      vertex -4.260733 11.520000 0.963525
    endloop
  endfacet
  facet normal -0.547661 0.074008 0.833421
    outer loop
      vertex -4.260733 11.520000 0.963525
      vertex -3.624396 11.520000 1.381678
      vertex -3.624396 12.275784 1.314564
    endloop
  endfacet
  facet normal -0.547661 0.074008 0.833421
    outer loop
      vertex -4.260733 11.520000 0.963525
      vertex -3.624396 12.275784 1.314564
      vertex -4.260733 11.917339 0.928242
    endloop
  endfacet
  facet normal -0.596288 0.229470 0.769275
    outer loop
      vertex -4.260733 11.917339 0.928242
      vertex -3.624396 12.275784 1.314564
      vertex -3.624396 12.916507 1.123440
    endloop
  endfacet
  facet normal -0.596288 0.229470 0.769275
    outer loop
      vertex -4.260733 11.917339 0.928242
      vertex -3.624396 12.916507 1.123440
      vertex -4.260733 12.254187 0.827762
    endloop
  endfacet
  facet normal -0.694246 0.399844 0.598454
    outer loop
      vertex -4.260733 12.254187 0.827762
      vertex -3.624396 12.916507 1.123440
      vertex -3.624396 13.344624 0.837404
    endloop
  endfacet
  facet normal -0.694246 0.399844 0.598454
    outer loop
      vertex -4.260733 12.254187 0.827762
      vertex -3.624396 13.344624 0.837404
      vertex -4.260733 12.479261 0.677384
    endloop
  endfacet
  facet normal -0.802400 0.545124 0.242888
    outer loop
      vertex -4.260733 12.479261 0.677384
      vertex -3.624396 13.344624 0.837404
      vertex -3.624396 13.494958 0.500000
    endloop
  endfacet
  facet normal -0.802400 0.545124 0.242888
    outer loop
      vertex -4.260733 12.479261 0.677384
      vertex -3.624396 13.494958 0.500000
      vertex -4.260733 12.558297 0.500000
    endloop
  endfacet
  facet normal -0.565169 -0.753559 0.335758
    outer loop
      vertex -3.624396 9.545042 0.500000
      vertex -2.633278 8.801703 0.500000
      vertex -2.633278 9.008621 0.964396
    endloop
  endfacet
  facet normal -0.565169 -0.753559 0.335758
    outer loop
      vertex -3.624396 9.545042 0.500000
      vertex -2.633278 9.008621 0.964396
      vertex -3.624396 9.695376 0.837404
    endloop
  endfacet
  facet normal -0.441085 -0.498579 0.746233
    outer loop
      vertex -3.624396 9.695376 0.837404
      vertex -2.633278 9.008621 0.964396
      vertex -2.633278 9.597874 1.358092
    endloop
  endfacet
  facet normal -0.441085 -0.498579 0.746233
    outer loop
      vertex -3.624396 9.695376 0.837404
      vertex -2.633278 9.597874 1.358092
      vertex -3.624396 10.123493 1.123440
    endloop
  endfacet
  facet normal -0.353967 -0.267341 0.896234
    outer loop
      vertex -3.624396 10.123493 1.123440
      vertex -2.633278 9.597874 1.358092
      vertex -2.633278 10.479753 1.621151
    endloop
  endfacet
  facet normal -0.353967 -0.267341 0.896234
    outer loop
      vertex -3.624396 10.123493 1.123440
      vertex -2.633278 10.479753 1.621151
      vertex -3.624396 10.764216 1.314564
    endloop
  endfacet
  facet normal -0.316378 -0.083909 0.944915
    outer loop
      vertex -3.624396 10.764216 1.314564
      vertex -2.633278 10.479753 1.621151
      vertex -2.633278 11.520000 1.713525
    endloop
  endfacet
  facet normal -0.316378 -0.083909 0.944915
    outer loop
      vertex -3.624396 10.764216 1.314564
      vertex -2.633278 11.520000 1.713525
      vertex -3.624396 11.520000 1.381678
    endloop
  endfacet
  facet normal -0.316378 0.083909 0.944915
    outer loop
      vertex -3.624396 11.520000 1.381678
      vertex -2.633278 11.520000 1.713525
      vertex -2.633278 12.560247 1.621151
    endloop
  endfacet
  facet normal -0.316378 0.083909 0.944915
    outer loop
      vertex -3.624396 11.520000 1.381678
      vertex -2.633278 12.560247 1.621151
      vertex -3.624396 12.275784 1.314564
    endloop
  endfacet
  facet normal -0.353967 0.267341 0.896234
    outer loop
      vertex -3.624396 12.275784 1.314564
      vertex -2.633278 12.560247 1.621151
      vertex -2.633278 13.442126 1.358092
    endloop
  endfacet
  facet normal -0.353967 0.267341 0.896234
    outer loop
      vertex -3.624396 12.275784 1.314564
      vertex -2.633278 13.442126 1.358092
      vertex -3.624396 12.916507 1.123440
    endloop
  endfacet
  facet normal -0.441085 0.498579 0.746233
    outer loop
      vertex -3.624396 12.916507 1.123440
      vertex -2.633278 13.442126 1.358092
      vertex -2.633278 14.031379 0.964396
    endloop
  endfacet
  facet normal -0.441085 0.498579 0.746233
    outer loop
      vertex -3.624396 12.916507 1.123440
      vertex -2.633278 14.031379 0.964396
      vertex -3.624396 13.344624 0.837404
    endloop
  endfacet
  facet normal -0.565169 0.753559 0.335758
    outer loop
      vertex -3.624396 13.344624 0.837404
      vertex -2.633278 14.031379 0.964396
      vertex -2.633278 14.238297 0.500000
    endloop
  endfacet
  facet normal -0.565169 0.753559 0.335758
    outer loop
      vertex -3.624396 13.344624 0.837404
      vertex -2.633278 14.238297 0.500000
      vertex -3.624396 13.494958 0.500000
    endloop
  endfacet
  facet normal -0.329562 -0.862402 0.384255
    outer loop
      vertex -2.633278 8.801703 0.500000
      vertex -1.384396 8.324450 0.500000
      vertex -1.384396 8.567697 1.045930
    endloop
  endfacet
  facet normal -0.329562 -0.862402 0.384255
    outer loop
      vertex -2.633278 8.801703 0.500000
      vertex -1.384396 8.567697 1.045930
      vertex -2.633278 9.008621 0.964396
    endloop
  endfacet
  facet normal -0.242920 -0.538900 0.806583
    outer loop
      vertex -2.633278 9.008621 0.964396
      vertex -1.384396 8.567697 1.045930
      vertex -1.384396 9.260405 1.508748
    endloop
  endfacet
  facet normal -0.242920 -0.538900 0.806583
    outer loop
      vertex -2.633278 9.008621 0.964396
      vertex -1.384396 9.260405 1.508748
      vertex -2.633278 9.597874 1.358092
    endloop
  endfacet
  facet normal -0.189351 -0.280677 0.940939
    outer loop
      vertex -2.633278 9.597874 1.358092
      vertex -1.384396 9.260405 1.508748
      vertex -1.384396 10.297116 1.817992
    endloop
  endfacet
  facet normal -0.189351 -0.280677 0.940939
    outer loop
      vertex -2.633278 9.597874 1.358092
      vertex -1.384396 10.297116 1.817992
      vertex -2.633278 10.479753 1.621151
    endloop
  endfacet
  facet normal -0.167530 -0.087202 0.982003
    outer loop
      vertex -2.633278 10.479753 1.621151
      vertex -1.384396 10.297116 1.817992
      vertex -1.384396 11.520000 1.926585
    endloop
  endfacet
  facet normal -0.167530 -0.087202 0.982003
    outer loop
      vertex -2.633278 10.479753 1.621151
      vertex -1.384396 11.520000 1.926585
      vertex -2.633278 11.520000 1.713525
    endloop
  endfacet
  facet normal -0.167530 0.087202 0.982003
    outer loop
      vertex -2.633278 11.520000 1.713525
      vertex -1.384396 11.520000 1.926585
      vertex -1.384396 12.742884 1.817992
    endloop
  endfacet
  facet normal -0.167530 0.087202 0.982003
    outer loop
      vertex -2.633278 11.520000 1.713525
      vertex -1.384396 12.742884 1.817992
      vertex -2.633278 12.560247 1.621151
    endloop
  endfacet
  facet normal -0.189351 0.280677 0.940939
    outer loop
      vertex -2.633278 12.560247 1.621151
      vertex -1.384396 12.742884 1.817992
      vertex -1.384396 13.779595 1.508748
    endloop
  endfacet
  facet normal -0.189351 0.280677 0.940939
    outer loop
      vertex -2.633278 12.560247 1.621151
      vertex -1.384396 13.779595 1.508748
      vertex -2.633278 13.442126 1.358092
    endloop
  endfacet
  facet normal -0.242920 0.538900 0.806583
    outer loop
      vertex -2.633278 13.442126 1.358092
      vertex -1.384396 13.779595 1.508748
      vertex -1.384396 14.472303 1.045930
    endloop
  endfacet
  facet normal -0.242920 0.538900 0.806583
    outer loop
      vertex -2.633278 13.442126 1.358092
      vertex -1.384396 14.472303 1.045930
      vertex -2.633278 14.031379 0.964396
    endloop
  endfacet
  facet normal -0.329562 0.862402 0.384255
    outer loop
      vertex -2.633278 14.031379 0.964396
      vertex -1.384396 14.472303 1.045930
      vertex -1.384396 14.715550 0.500000
    endloop
  endfacet
  facet normal -0.329562 0.862402 0.384255
    outer loop
      vertex -2.633278 14.031379 0.964396
      vertex -1.384396 14.715550 0.500000
      vertex -2.633278 14.238297 0.500000
    endloop
  endfacet
  facet normal -0.107872 -0.908102 0.404617
    outer loop
      vertex -1.384396 8.324450 0.500000
      vertex 0.000000 8.160000 0.500000
      vertex 0.000000 8.415765 1.074025
    endloop
  endfacet
  facet normal -0.107872 -0.908102 0.404617
    outer loop
      vertex -1.384396 8.324450 0.500000
      vertex 0.000000 8.415765 1.074025
      vertex -1.384396 8.567697 1.045930
    endloop
  endfacet
  facet normal -0.077608 -0.553865 0.828981
    outer loop
      vertex -1.384396 8.567697 1.045930
      vertex 0.000000 8.415765 1.074025
      vertex 0.000000 9.144121 1.560660
    endloop
  endfacet
  facet normal -0.077608 -0.553865 0.828981
    outer loop
      vertex -1.384396 8.567697 1.045930
      vertex 0.000000 9.144121 1.560660
      vertex -1.384396 9.260405 1.508748
    endloop
  endfacet
  facet normal -0.059836 -0.285336 0.956558
    outer loop
      vertex -1.384396 9.260405 1.508748
      vertex 0.000000 9.144121 1.560660
      vertex 0.000000 10.234184 1.885819
    endloop
  endfacet
  facet normal -0.059836 -0.285336 0.956558
    outer loop
      vertex -1.384396 9.260405 1.508748
      vertex 0.000000 10.234184 1.885819
      vertex -1.384396 10.297116 1.817992
    endloop
  endfacet
  facet normal -0.052749 -0.088329 0.994694
    outer loop
      vertex -1.384396 10.297116 1.817992
      vertex 0.000000 10.234184 1.885819
      vertex 0.000000 11.520000 2.000000
    endloop
  endfacet
  facet normal -0.052749 -0.088329 0.994694
    outer loop
      vertex -1.384396 10.297116 1.817992
      vertex 0.000000 11.520000 2.000000
      vertex -1.384396 11.520000 1.926585
    endloop
  endfacet
  facet normal -0.052749 0.088329 0.994694
    outer loop
      vertex -1.384396 11.520000 1.926585
      vertex 0.000000 11.520000 2.000000
      vertex 0.000000 12.805816 1.885819
    endloop
  endfacet
  facet normal -0.052749 0.088329 0.994694
    outer loop
      vertex -1.384396 11.520000 1.926585
      vertex 0.000000 12.805816 1.885819
      vertex -1.384396 12.742884 1.817992
    endloop
  endfacet
  facet normal -0.059836 0.285336 0.956558
    outer loop
      vertex -1.384396 12.742884 1.817992
      vertex 0.000000 12.805816 1.885819
      vertex 0.000000 13.895879 1.560660
    endloop
  endfacet
  facet normal -0.059836 0.285336 0.956558
    outer loop
      vertex -1.384396 12.742884 1.817992
      vertex 0.000000 13.895879 1.560660
      vertex -1.384396 13.779595 1.508748
    endloop
  endfacet
  facet normal -0.077608 0.553865 0.828981
    outer loop
      vertex -1.384396 13.779595 1.508748
      vertex 0.000000 13.895879 1.560660
      vertex 0.000000 14.624235 1.074025
    endloop
  endfacet
  facet normal -0.077608 0.553865 0.828981
    outer loop
      vertex -1.384396 13.779595 1.508748
      vertex 0.000000 14.624235 1.074025
      vertex -1.384396 14.472303 1.045930
    endloop
  endfacet
  facet normal -0.107872 0.908102 0.404617
    outer loop
      vertex -1.384396 14.472303 1.045930
      vertex 0.000000 14.624235 1.074025
      vertex 0.000000 14.880000 0.500000
    endloop
  endfacet
  facet normal -0.107872 0.908102 0.404617
    outer loop
      vertex -1.384396 14.472303 1.045930
      vertex 0.000000 14.880000 0.500000
      vertex -1.384396 14.715550 0.500000
    endloop
  endfacet
  facet normal 0.107872 -0.908102 0.404617
    outer loop
      vertex 0.000000 8.160000 0.500000
      vertex 1.384396 8.324450 0.500000
      vertex 1.384396 8.567697 1.045930
    endloop
  endfacet
  facet normal 0.107872 -0.908102 0.404617
    outer loop
      vertex 0.000000 8.160000 0.500000
      vertex 1.384396 8.567697 1.045930
      vertex 0.000000 8.415765 1.074025
    endloop
  endfacet
  facet normal 0.077608 -0.553865 0.828981
    outer loop
      vertex 0.000000 8.415765 1.074025
      vertex 1.384396 8.567697 1.045930
      vertex 1.384396 9.260405 1.508748
    endloop
  endfacet
  facet normal 0.077608 -0.553865 0.828981
    outer loop
      vertex 0.000000 8.415765 1.074025
      vertex 1.384396 9.260405 1.508748
      vertex 0.000000 9.144121 1.560660
    endloop
  endfacet
  facet normal 0.059836 -0.285336 0.956558
    outer loop
      vertex 0.000000 9.144121 1.560660
      vertex 1.384396 9.260405 1.508748
      vertex 1.384396 10.297116 1.817992
    endloop
  endfacet
  facet normal 0.059836 -0.285336 0.956558
    outer loop
      vertex 0.000000 9.144121 1.560660
      vertex 1.384396 10.297116 1.817992
      vertex 0.000000 10.234184 1.885819
    endloop
  endfacet
  facet normal 0.052749 -0.088329 0.994694
    outer loop
      vertex 0.000000 10.234184 1.885819
      vertex 1.384396 10.297116 1.817992
      vertex 1.384396 11.520000 1.926585
    endloop
  endfacet
  facet normal 0.052749 -0.088329 0.994694
    outer loop
      vertex 0.000000 10.234184 1.885819
      vertex 1.384396 11.520000 1.926585
      vertex 0.000000 11.520000 2.000000
    endloop
  endfacet
  facet normal 0.052749 0.088329 0.994694
    outer loop
      vertex 0.000000 11.520000 2.000000
      vertex 1.384396 11.520000 1.926585
      vertex 1.384396 12.742884 1.817992
    endloop
  endfacet
  facet normal 0.052749 0.088329 0.994694
    outer loop
      vertex 0.000000 11.520000 2.000000
      vertex 1.384396 12.742884 1.817992
      vertex 0.000000 12.805816 1.885819
    endloop
  endfacet
  facet normal 0.059836 0.285336 0.956558
    outer loop
      vertex 0.000000 12.805816 1.885819
      vertex 1.384396 12.742884 1.817992
      vertex 1.384396 13.779595 1.508748
    endloop
  endfacet
  facet normal 0.059836 0.285336 0.956558
    outer loop
      vertex 0.000000 12.805816 1.885819
      vertex 1.384396 13.779595 1.508748
      vertex 0.000000 13.895879 1.560660
    endloop
  endfacet
  facet normal 0.077608 0.553865 0.828981
    outer loop
      vertex 0.000000 13.895879 1.560660
      vertex 1.384396 13.779595 1.508748
      vertex 1.384396 14.472303 1.045930
    endloop
  endfacet
  facet normal 0.077608 0.553865 0.828981
    outer loop
      vertex 0.000000 13.895879 1.560660
      vertex 1.384396 14.472303 1.045930
      vertex 0.000000 14.624235 1.074025
    endloop
  endfacet
  facet normal 0.107872 0.908102 0.404617
    outer loop
      vertex 0.000000 14.624235 1.074025
      vertex 1.384396 14.472303 1.045930
      vertex 1.384396 14.715550 0.500000
    endloop
  endfacet
  facet normal 0.107872 0.908102 0.404617
    outer loop
      vertex 0.000000 14.624235 1.074025
      vertex 1.384396 14.715550 0.500000
      vertex 0.000000 14.880000 0.500000
    endloop
  endfacet
  facet normal 0.329562 -0.862402 0.384255
    outer loop
      vertex 1.384396 8.324450 0.500000
      vertex 2.633278 8.801703 0.500000
      vertex 2.633278 9.008621 0.964396
    endloop
  endfacet
  facet normal 0.329562 -0.862402 0.384255
    outer loop
      vertex 1.384396 8.324450 0.500000
      vertex 2.633278 9.008621 0.964396
      vertex 1.384396 8.567697 1.045930
    endloop
  endfacet
  facet normal 0.242920 -0.538900 0.806583
    outer loop
      vertex 1.384396 8.567697 1.045930
      vertex 2.633278 9.008621 0.964396
      vertex 2.633278 9.597874 1.358092
    endloop
  endfacet
  facet normal 0.242920 -0.538900 0.806583
    outer loop
      vertex 1.384396 8.567697 1.045930
      vertex 2.633278 9.597874 1.358092
      vertex 1.384396 9.260405 1.508748
    endloop
  endfacet
  facet normal 0.189351 -0.280677 0.940939
    outer loop
      vertex 1.384396 9.260405 1.508748
      vertex 2.633278 9.597874 1.358092
      vertex 2.633278 10.479753 1.621151
    endloop
  endfacet
  facet normal 0.189351 -0.280677 0.940939
    outer loop
      vertex 1.384396 9.260405 1.508748
      vertex 2.633278 10.479753 1.621151
      vertex 1.384396 10.297116 1.817992
    endloop
  endfacet
  facet normal 0.167530 -0.087202 0.982003
    outer loop
      vertex 1.384396 10.297116 1.817992
      vertex 2.633278 10.479753 1.621151
      vertex 2.633278 11.520000 1.713525
    endloop
  endfacet
  facet normal 0.167530 -0.087202 0.982003
    outer loop
      vertex 1.384396 10.297116 1.817992
      vertex 2.633278 11.520000 1.713525
      vertex 1.384396 11.520000 1.926585
    endloop
  endfacet
  facet normal 0.167530 0.087202 0.982003
    outer loop
      vertex 1.384396 11.520000 1.926585
      vertex 2.633278 11.520000 1.713525
      vertex 2.633278 12.560247 1.621151
    endloop
  endfacet
  facet normal 0.167530 0.087202 0.982003
    outer loop
      vertex 1.384396 11.520000 1.926585
      vertex 2.633278 12.560247 1.621151
      vertex 1.384396 12.742884 1.817992
    endloop
  endfacet
  facet normal 0.189351 0.280677 0.940939
    outer loop
      vertex 1.384396 12.742884 1.817992
      vertex 2.633278 12.560247 1.621151
      vertex 2.633278 13.442126 1.358092
    endloop
  endfacet
  facet normal 0.189351 0.280677 0.940939
    outer loop
      vertex 1.384396 12.742884 1.817992
      vertex 2.633278 13.442126 1.358092
      vertex 1.384396 13.779595 1.508748
    endloop
  endfacet
  facet normal 0.242920 0.538900 0.806583
    outer loop
      vertex 1.384396 13.779595 1.508748
      vertex 2.633278 13.442126 1.358092
      vertex 2.633278 14.031379 0.964396
    endloop
  endfacet
  facet normal 0.242920 0.538900 0.806583
    outer loop
      vertex 1.384396 13.779595 1.508748
      vertex 2.633278 14.031379 0.964396
      vertex 1.384396 14.472303 1.045930
    endloop
  endfacet
  facet normal 0.329562 0.862402 0.384255
    outer loop
      vertex 1.384396 14.472303 1.045930
      vertex 2.633278 14.031379 0.964396
      vertex 2.633278 14.238297 0.500000
    endloop
  endfacet
  facet normal 0.329562 0.862402 0.384255
    outer loop
      vertex 1.384396 14.472303 1.045930
      vertex 2.633278 14.238297 0.500000
      vertex 1.384396 14.715550 0.500000
    endloop
  endfacet
  facet normal 0.565169 -0.753559 0.335758
    outer loop
      vertex 2.633278 8.801703 0.500000
      vertex 3.624396 9.545042 0.500000
      vertex 3.624396 9.695376 0.837404
    endloop
  endfacet
  facet normal 0.565169 -0.753559 0.335758
    outer loop
      vertex 2.633278 8.801703 0.500000
      vertex 3.624396 9.695376 0.837404
      vertex 2.633278 9.008621 0.964396
    endloop
  endfacet
  facet normal 0.441085 -0.498579 0.746233
    outer loop
      vertex 2.633278 9.008621 0.964396
      vertex 3.624396 9.695376 0.837404
      vertex 3.624396 10.123493 1.123440
    endloop
  endfacet
  facet normal 0.441085 -0.498579 0.746233
    outer loop
      vertex 2.633278 9.008621 0.964396
      vertex 3.624396 10.123493 1.123440
      vertex 2.633278 9.597874 1.358092
    endloop
  endfacet
  facet normal 0.353967 -0.267341 0.896234
    outer loop
      vertex 2.633278 9.597874 1.358092
      vertex 3.624396 10.123493 1.123440
      vertex 3.624396 10.764216 1.314564
    endloop
  endfacet
  facet normal 0.353967 -0.267341 0.896234
    outer loop
      vertex 2.633278 9.597874 1.358092
      vertex 3.624396 10.764216 1.314564
      vertex 2.633278 10.479753 1.621151
    endloop
  endfacet
  facet normal 0.316378 -0.083909 0.944915
    outer loop
      vertex 2.633278 10.479753 1.621151
      vertex 3.624396 10.764216 1.314564
      vertex 3.624396 11.520000 1.381678
    endloop
  endfacet
  facet normal 0.316378 -0.083909 0.944915
    outer loop
      vertex 2.633278 10.479753 1.621151
      vertex 3.624396 11.520000 1.381678
      vertex 2.633278 11.520000 1.713525
    endloop
  endfacet
  facet normal 0.316378 0.083909 0.944915
    outer loop
      vertex 2.633278 11.520000 1.713525
      vertex 3.624396 11.520000 1.381678
      vertex 3.624396 12.275784 1.314564
    endloop
  endfacet
  facet normal 0.316378 0.083909 0.944915
    outer loop
      vertex 2.633278 11.520000 1.713525
      vertex 3.624396 12.275784 1.314564
      vertex 2.633278 12.560247 1.621151
    endloop
  endfacet
  facet normal 0.353967 0.267341 0.896234
    outer loop
      vertex 2.633278 12.560247 1.621151
      vertex 3.624396 12.275784 1.314564
      vertex 3.624396 12.916507 1.123440
    endloop
  endfacet
  facet normal 0.353967 0.267341 0.896234
    outer loop
      vertex 2.633278 12.560247 1.621151
      vertex 3.624396 12.916507 1.123440
      vertex 2.633278 13.442126 1.358092
    endloop
  endfacet
  facet normal 0.441085 0.498579 0.746233
    outer loop
      vertex 2.633278 13.442126 1.358092
      vertex 3.624396 12.916507 1.123440
      vertex 3.624396 13.344624 0.837404
    endloop
  endfacet
  facet normal 0.441085 0.498579 0.746233
    outer loop
      vertex 2.633278 13.442126 1.358092
      vertex 3.624396 13.344624 0.837404
      vertex 2.633278 14.031379 0.964396
    endloop
  endfacet
  facet normal 0.565169 0.753559 0.335758
    outer loop
      vertex 2.633278 14.031379 0.964396
      vertex 3.624396 13.344624 0.837404
      vertex 3.624396 13.494958 0.500000
    endloop
  endfacet
  facet normal 0.565169 0.753559 0.335758
    outer loop
      vertex 2.633278 14.031379 0.964396
      vertex 3.624396 13.494958 0.500000
      vertex 2.633278 14.238297 0.500000
    endloop
  endfacet
  facet normal 0.802400 -0.545124 0.242888
    outer loop
      vertex 3.624396 9.545042 0.500000
      vertex 4.260733 10.481703 0.500000
      vertex 4.260733 10.560739 0.677384
    endloop
  endfacet
  facet normal 0.802400 -0.545124 0.242888
    outer loop
      vertex 3.624396 9.545042 0.500000
      vertex 4.260733 10.560739 0.677384
      vertex 3.624396 9.695376 0.837404
    endloop
  endfacet
  facet normal 0.694246 -0.399844 0.598454
    outer loop
      vertex 3.624396 9.695376 0.837404
      vertex 4.260733 10.560739 0.677384
      vertex 4.260733 10.785813 0.827762
    endloop
  endfacet
  facet normal 0.694246 -0.399844 0.598454
    outer loop
      vertex 3.624396 9.695376 0.837404
      vertex 4.260733 10.785813 0.827762
      vertex 3.624396 10.123493 1.123440
    endloop
  endfacet
  facet normal 0.596288 -0.229470 0.769275
    outer loop
      vertex 3.624396 10.123493 1.123440
      vertex 4.260733 10.785813 0.827762
      vertex 4.260733 11.122661 0.928242
    endloop
  endfacet
  facet normal 0.596288 -0.229470 0.769275
    outer loop
      vertex 3.624396 10.123493 1.123440
      vertex 4.260733 11.122661 0.928242
      vertex 3.624396 10.764216 1.314564
    endloop
  endfacet
  facet normal 0.547661 -0.074008 0.833421
    outer loop
      vertex 3.624396 10.764216 1.314564
      vertex 4.260733 11.122661 0.928242
      vertex 4.260733 11.520000 0.963525
    endloop
  endfacet
  facet normal 0.547661 -0.074008 0.833421
    outer loop
      vertex 3.624396 10.764216 1.314564
      vertex 4.260733 11.520000 0.963525
      vertex 3.624396 11.520000 1.381678
    endloop
  endfacet
  facet normal 0.547661 0.074008 0.833421
    outer loop
      vertex 3.624396 11.520000 1.381678
      vertex 4.260733 11.520000 0.963525
      vertex 4.260733 11.917339 0.928242
    endloop
  endfacet
  facet normal 0.547661 0.074008 0.833421
    outer loop
      vertex 3.624396 11.520000 1.381678
      vertex 4.260733 11.917339 0.928242
      vertex 3.624396 12.275784 1.314564
    endloop
  endfacet
  facet normal 0.596288 0.229470 0.769275
    outer loop
      vertex 3.624396 12.275784 1.314564
      vertex 4.260733 11.917339 0.928242
      vertex 4.260733 12.254187 0.827762
    endloop
  endfacet
  facet normal 0.596288 0.229470 0.769275
    outer loop
      vertex 3.624396 12.275784 1.314564
      vertex 4.260733 12.254187 0.827762
      vertex 3.624396 12.916507 1.123440
    endloop
  endfacet
  facet normal 0.694246 0.399844 0.598454
    outer loop
      vertex 3.624396 12.916507 1.123440
      vertex 4.260733 12.254187 0.827762
      vertex 4.260733 12.479261 0.677384
    endloop
  endfacet
  facet normal 0.694246 0.399844 0.598454
    outer loop
      vertex 3.624396 12.916507 1.123440
      vertex 4.260733 12.479261 0.677384
      vertex 3.624396 13.344624 0.837404
    endloop
  endfacet
  facet normal 0.802400 0.545124 0.242888
    outer loop
      vertex 3.624396 13.344624 0.837404
      vertex 4.260733 12.479261 0.677384
      vertex 4.260733 12.558297 0.500000
    endloop
  endfacet
  facet normal 0.802400 0.545124 0.242888
    outer loop
      vertex 3.624396 13.344624 0.837404
      vertex 4.260733 12.558297 0.500000
      vertex 3.624396 13.494958 0.500000
    endloop
  endfacet
  facet normal 0.000000 0.000000 1.000000
    outer loop
      vertex 4.260733 10.481703 0.500000
      vertex 4.480000 11.520000 0.500000
      vertex 4.480000 11.520000 0.500000
    endloop
  endfacet
  facet normal 0.974301 -0.205752 0.091676
    outer loop
      vertex 4.260733 10.481703 0.500000
      vertex 4.480000 11.520000 0.500000
      vertex 4.260733 10.560739 0.677384
    endloop
  endfacet
  facet normal 0.000000 0.000000 1.000000
    outer loop
      vertex 4.260733 10.560739 0.677384
      vertex 4.480000 11.520000 0.500000
      vertex 4.480000 11.520000 0.500000
    endloop
  endfacet
  facet normal 0.951797 -0.170399 0.255040
    outer loop
      vertex 4.260733 10.560739 0.677384
      vertex 4.480000 11.520000 0.500000
      vertex 4.260733 10.785813 0.827762
    endloop
  endfacet
  facet normal 0.000000 0.000000 1.000000
    outer loop
      vertex 4.260733 10.785813 0.827762
      vertex 4.480000 11.520000 0.500000
      vertex 4.480000 11.520000 0.500000
    endloop
  endfacet
  facet normal 0.922480 -0.110350 0.369938
    outer loop
      vertex 4.260733 10.785813 0.827762
      vertex 4.480000 11.520000 0.500000
      vertex 4.260733 11.122661 0.928242
    endloop
  endfacet
  facet normal 0.000000 0.000000 1.000000
    outer loop
      vertex 4.260733 11.122661 0.928242
      vertex 4.480000 11.520000 0.500000
      vertex 4.480000 11.520000 0.500000
    endloop
  endfacet
  facet normal 0.903311 -0.037945 0.427304
    outer loop
      vertex 4.260733 11.122661 0.928242
      vertex 4.480000 11.520000 0.500000
      vertex 4.260733 11.520000 0.963525
    endloop
  endfacet
  facet normal 0.000000 0.000000 1.000000
    outer loop
      vertex 4.260733 11.520000 0.963525
      vertex 4.480000 11.520000 0.500000
      vertex 4.480000 11.520000 0.500000
    endloop
  endfacet
  facet normal 0.903311 0.037945 0.427304
    outer loop
      vertex 4.260733 11.520000 0.963525
      vertex 4.480000 11.520000 0.500000
      vertex 4.260733 11.917339 0.928242
    endloop
  endfacet
  facet normal 0.000000 0.000000 1.000000
    outer loop
      vertex 4.260733 11.917339 0.928242
      vertex 4.480000 11.520000 0.500000
      vertex 4.480000 11.520000 0.500000
    endloop
  endfacet
  facet normal 0.922480 0.110350 0.369938
    outer loop
      vertex 4.260733 11.917339 0.928242
      vertex 4.480000 11.520000 0.500000
      vertex 4.260733 12.254187 0.827762
    endloop
  endfacet
  facet normal 0.000000 0.000000 1.000000
    outer loop
      vertex 4.260733 12.254187 0.827762
      vertex 4.480000 11.520000 0.500000
      vertex 4.480000 11.520000 0.500000
    endloop
  endfacet
  facet normal 0.951797 0.170399 0.255040
    outer loop
      vertex 4.260733 12.254187 0.827762
      vertex 4.480000 11.520000 0.500000
      vertex 4.260733 12.479261 0.677384
    endloop
  endfacet
  facet normal 0.000000 0.000000 1.000000
    outer loop
      vertex 4.260733 12.479261 0.677384
      vertex 4.480000 11.520000 0.500000
      vertex 4.480000 11.520000 0.500000
    endloop
  endfacet
  facet normal 0.974301 0.205752 0.091676
    outer loop
      vertex 4.260733 12.479261 0.677384
      vertex 4.480000 11.520000 0.500000
      vertex 4.260733 12.558297 0.500000
    endloop
  endfacet
  facet normal -0.543446 -0.834423 0.091676
    outer loop
      vertex -11.313708 4.978032 0.500000
      vertex -10.424477 4.398890 0.500000
      vertex -10.480363 4.454777 0.677384
    endloop
  endfacet
  facet normal 0.000000 0.000000 1.000000
    outer loop
      vertex -11.313708 4.978032 0.500000
      vertex -10.480363 4.454777 0.677384
      vertex -11.313708 4.978032 0.500000
    endloop
  endfacet
  facet normal -0.552532 -0.793513 0.255040
    outer loop
      vertex -11.313708 4.978032 0.500000
      vertex -10.480363 4.454777 0.677384
      vertex -10.639515 4.613928 0.827762
    endloop
  endfacet
  facet normal 0.000000 0.000000 1.000000
    outer loop
      vertex -11.313708 4.978032 0.500000
      vertex -10.639515 4.613928 0.827762
      vertex -11.313708 4.978032 0.500000
    endloop
  endfacet
  facet normal -0.574262 -0.730321 0.369938
    outer loop
      vertex -11.313708 4.978032 0.500000
      vertex -10.639515 4.613928 0.827762
      vertex -10.877702 4.852116 0.928242
    endloop
  endfacet
  facet normal 0.000000 0.000000 1.000000
    outer loop
      vertex -11.313708 4.978032 0.500000
      vertex -10.877702 4.852116 0.928242
      vertex -11.313708 4.978032 0.500000
    endloop
  endfacet
  facet normal -0.611907 -0.665569 0.427304
    outer loop
      vertex -11.313708 4.978032 0.500000
      vertex -10.877702 4.852116 0.928242
      vertex -11.158663 5.133077 0.963525
    endloop
  endfacet
  facet normal 0.000000 0.000000 1.000000
    outer loop
      vertex -11.313708 4.978032 0.500000
      vertex -11.158663 5.133077 0.963525
      vertex -11.313708 4.978032 0.500000
    endloop
  endfacet
  facet normal -0.665569 -0.611907 0.427304
    outer loop
      vertex -11.313708 4.978032 0.500000
      vertex -11.158663 5.133077 0.963525
      vertex -11.439625 5.414038 0.928242
    endloop
  endfacet
  facet normal 0.000000 0.000000 1.000000
    outer loop
      vertex -11.313708 4.978032 0.500000
      vertex -11.439625 5.414038 0.928242
      vertex -11.313708 4.978032 0.500000
    endloop
  endfacet
  facet normal -0.730321 -0.574262 0.369938
    outer loop
      vertex -11.313708 4.978032 0.500000
      vertex -11.439625 5.414038 0.928242
      vertex -11.677812 5.652225 0.827762
    endloop
  endfacet
  facet normal 0.000000 0.000000 1.000000
    outer loop
      vertex -11.313708 4.978032 0.500000
      vertex -11.677812 5.652225 0.827762
      vertex -11.313708 4.978032 0.500000
    endloop
  endfacet
  facet normal -0.793513 -0.552532 0.255040
    outer loop
      vertex -11.313708 4.978032 0.500000
      vertex -11.677812 5.652225 0.827762
      vertex -11.836964 5.811377 0.677384
    endloop
  endfacet
  facet normal 0.000000 0.000000 1.000000
    outer loop
      vertex -11.313708 4.978032 0.500000
      vertex -11.836964 5.811377 0.677384
      vertex -11.313708 4.978032 0.500000
    endloop
  endfacet
  facet normal -0.834423 -0.543446 0.091676
    outer loop
      vertex -11.313708 4.978032 0.500000
      vertex -11.836964 5.811377 0.677384
      vertex -11.892850 5.867264 0.500000
    endloop
  endfacet
  facet normal 0.000000 0.000000 1.000000
    outer loop
      vertex -11.313708 4.978032 0.500000
      vertex -11.892850 5.867264 0.500000
      vertex -11.313708 4.978032 0.500000
    endloop
  endfacet
  facet normal -0.181921 -0.952843 0.242888
    outer loop
      vertex -10.424477 4.398890 0.500000
      vertex -9.312199 4.186529 0.500000
      vertex -9.418501 4.292831 0.837404
    endloop
  endfacet
  facet normal -0.181921 -0.952843 0.242888
    outer loop
      vertex -10.424477 4.398890 0.500000
      vertex -9.418501 4.292831 0.837404
      vertex -10.480363 4.454777 0.677384
    endloop
  endfacet
  facet normal -0.208174 -0.773638 0.598454
    outer loop
      vertex -10.480363 4.454777 0.677384
      vertex -9.418501 4.292831 0.837404
      vertex -9.721226 4.595556 1.123440
    endloop
  endfacet
  facet normal -0.208174 -0.773638 0.598454
    outer loop
      vertex -10.480363 4.454777 0.677384
      vertex -9.721226 4.595556 1.123440
      vertex -10.639515 4.613928 0.827762
    endloop
  endfacet
  facet normal -0.259380 -0.583899 0.769275
    outer loop
      vertex -10.639515 4.613928 0.827762
      vertex -9.721226 4.595556 1.123440
      vertex -10.174285 5.048615 1.314564
    endloop
  endfacet
  facet normal -0.259380 -0.583899 0.769275
    outer loop
      vertex -10.639515 4.613928 0.827762
      vertex -10.174285 5.048615 1.314564
      vertex -10.877702 4.852116 0.928242
    endloop
  endfacet
  facet normal -0.334923 -0.439586 0.833421
    outer loop
      vertex -10.877702 4.852116 0.928242
      vertex -10.174285 5.048615 1.314564
      vertex -10.708705 5.583035 1.381678
    endloop
  endfacet
  facet normal -0.334923 -0.439586 0.833421
    outer loop
      vertex -10.877702 4.852116 0.928242
      vertex -10.708705 5.583035 1.381678
      vertex -11.158663 5.133077 0.963525
    endloop
  endfacet
  facet normal -0.439586 -0.334923 0.833421
    outer loop
      vertex -11.158663 5.133077 0.963525
      vertex -10.708705 5.583035 1.381678
      vertex -11.243125 6.117455 1.314564
    endloop
  endfacet
  facet normal -0.439586 -0.334923 0.833421
    outer loop
      vertex -11.158663 5.133077 0.963525
      vertex -11.243125 6.117455 1.314564
      vertex -11.439625 5.414038 0.928242
    endloop
  endfacet
  facet normal -0.583899 -0.259380 0.769275
    outer loop
      vertex -11.439625 5.414038 0.928242
      vertex -11.243125 6.117455 1.314564
      vertex -11.696184 6.570514 1.123440
    endloop
  endfacet
  facet normal -0.583899 -0.259380 0.769275
    outer loop
      vertex -11.439625 5.414038 0.928242
      vertex -11.696184 6.570514 1.123440
      vertex -11.677812 5.652225 0.827762
    endloop
  endfacet
  facet normal -0.773638 -0.208174 0.598454
    outer loop
      vertex -11.677812 5.652225 0.827762
      vertex -11.696184 6.570514 1.123440
      vertex -11.998909 6.873239 0.837404
    endloop
  endfacet
  facet normal -0.773638 -0.208174 0.598454
    outer loop
      vertex -11.677812 5.652225 0.827762
      vertex -11.998909 6.873239 0.837404
      vertex -11.836964 5.811377 0.677384
    endloop
  endfacet
  facet normal -0.952843 -0.181921 0.242888
    outer loop
      vertex -11.836964 5.811377 0.677384
      vertex -11.998909 6.873239 0.837404
      vertex -12.105212 6.979542 0.500000
    endloop
  endfacet
  facet normal -0.952843 -0.181921 0.242888
    outer loop
      vertex -11.836964 5.811377 0.677384
      vertex -12.105212 6.979542 0.500000
      vertex -11.892850 5.867264 0.500000
    endloop
  endfacet
  facet normal 0.133212 -0.932481 0.335758
    outer loop
      vertex -9.312199 4.186529 0.500000
      vertex -8.085752 4.361735 0.500000
      vertex -8.232066 4.508048 0.964396
    endloop
  endfacet
  facet normal 0.133212 -0.932481 0.335758
    outer loop
      vertex -9.312199 4.186529 0.500000
      vertex -8.232066 4.508048 0.964396
      vertex -9.418501 4.292831 0.837404
    endloop
  endfacet
  facet normal 0.040654 -0.664443 0.746233
    outer loop
      vertex -9.418501 4.292831 0.837404
      vertex -8.232066 4.508048 0.964396
      vertex -8.648730 4.924713 1.358092
    endloop
  endfacet
  facet normal 0.040654 -0.664443 0.746233
    outer loop
      vertex -9.418501 4.292831 0.837404
      vertex -8.648730 4.924713 1.358092
      vertex -9.721226 4.595556 1.123440
    endloop
  endfacet
  facet normal -0.061253 -0.439331 0.896234
    outer loop
      vertex -9.721226 4.595556 1.123440
      vertex -8.648730 4.924713 1.358092
      vertex -9.272313 5.548296 1.621151
    endloop
  endfacet
  facet normal -0.061253 -0.439331 0.896234
    outer loop
      vertex -9.721226 4.595556 1.123440
      vertex -9.272313 5.548296 1.621151
      vertex -10.174285 5.048615 1.314564
    endloop
  endfacet
  facet normal -0.164381 -0.283045 0.944915
    outer loop
      vertex -10.174285 5.048615 1.314564
      vertex -9.272313 5.548296 1.621151
      vertex -10.007879 6.283861 1.713525
    endloop
  endfacet
  facet normal -0.164381 -0.283045 0.944915
    outer loop
      vertex -10.174285 5.048615 1.314564
      vertex -10.007879 6.283861 1.713525
      vertex -10.708705 5.583035 1.381678
    endloop
  endfacet
  facet normal -0.283045 -0.164381 0.944915
    outer loop
      vertex -10.708705 5.583035 1.381678
      vertex -10.007879 6.283861 1.713525
      vertex -10.743445 7.019427 1.621151
    endloop
  endfacet
  facet normal -0.283045 -0.164381 0.944915
    outer loop
      vertex -10.708705 5.583035 1.381678
      vertex -10.743445 7.019427 1.621151
      vertex -11.243125 6.117455 1.314564
    endloop
  endfacet
  facet normal -0.439331 -0.061253 0.896234
    outer loop
      vertex -11.243125 6.117455 1.314564
      vertex -10.743445 7.019427 1.621151
      vertex -11.367027 7.643010 1.358092
    endloop
  endfacet
  facet normal -0.439331 -0.061253 0.896234
    outer loop
      vertex -11.243125 6.117455 1.314564
      vertex -11.367027 7.643010 1.358092
      vertex -11.696184 6.570514 1.123440
    endloop
  endfacet
  facet normal -0.664443 0.040654 0.746233
    outer loop
      vertex -11.696184 6.570514 1.123440
      vertex -11.367027 7.643010 1.358092
      vertex -11.783692 8.059675 0.964396
    endloop
  endfacet
  facet normal -0.664443 0.040654 0.746233
    outer loop
      vertex -11.696184 6.570514 1.123440
      vertex -11.783692 8.059675 0.964396
      vertex -11.998909 6.873239 0.837404
    endloop
  endfacet
  facet normal -0.932481 0.133212 0.335758
    outer loop
      vertex -11.998909 6.873239 0.837404
      vertex -11.783692 8.059675 0.964396
      vertex -11.930005 8.205988 0.500000
    endloop
  endfacet
  facet normal -0.932481 0.133212 0.335758
    outer loop
      vertex -11.998909 6.873239 0.837404
      vertex -11.930005 8.205988 0.500000
      vertex -12.105212 6.979542 0.500000
    endloop
  endfacet
  facet normal 0.376775 -0.842846 0.384255
    outer loop
      vertex -8.085752 4.361735 0.500000
      vertex -6.865191 4.907359 0.500000
      vertex -7.037192 5.079361 1.045930
    endloop
  endfacet
  facet normal 0.376775 -0.842846 0.384255
    outer loop
      vertex -8.085752 4.361735 0.500000
      vertex -7.037192 5.079361 1.045930
      vertex -8.232066 4.508048 0.964396
    endloop
  endfacet
  facet normal 0.209290 -0.552830 0.806583
    outer loop
      vertex -8.232066 4.508048 0.964396
      vertex -7.037192 5.079361 1.045930
      vertex -7.527011 5.569179 1.508748
    endloop
  endfacet
  facet normal 0.209290 -0.552830 0.806583
    outer loop
      vertex -8.232066 4.508048 0.964396
      vertex -7.527011 5.569179 1.508748
      vertex -8.648730 4.924713 1.358092
    endloop
  endfacet
  facet normal 0.064577 -0.332360 0.940939
    outer loop
      vertex -8.648730 4.924713 1.358092
      vertex -7.527011 5.569179 1.508748
      vertex -8.260076 6.302245 1.817992
    endloop
  endfacet
  facet normal 0.064577 -0.332360 0.940939
    outer loop
      vertex -8.648730 4.924713 1.358092
      vertex -8.260076 6.302245 1.817992
      vertex -9.272313 5.548296 1.621151
    endloop
  endfacet
  facet normal -0.056800 -0.180123 0.982003
    outer loop
      vertex -9.272313 5.548296 1.621151
      vertex -8.260076 6.302245 1.817992
      vertex -9.124786 7.166954 1.926585
    endloop
  endfacet
  facet normal -0.056800 -0.180123 0.982003
    outer loop
      vertex -9.272313 5.548296 1.621151
      vertex -9.124786 7.166954 1.926585
      vertex -10.007879 6.283861 1.713525
    endloop
  endfacet
  facet normal -0.180123 -0.056800 0.982003
    outer loop
      vertex -10.007879 6.283861 1.713525
      vertex -9.124786 7.166954 1.926585
      vertex -9.989496 8.031664 1.817992
    endloop
  endfacet
  facet normal -0.180123 -0.056800 0.982003
    outer loop
      vertex -10.007879 6.283861 1.713525
      vertex -9.989496 8.031664 1.817992
      vertex -10.743445 7.019427 1.621151
    endloop
  endfacet
  facet normal -0.332360 0.064577 0.940939
    outer loop
      vertex -10.743445 7.019427 1.621151
      vertex -9.989496 8.031664 1.817992
      vertex -10.722561 8.764729 1.508748
    endloop
  endfacet
  facet normal -0.332360 0.064577 0.940939
    outer loop
      vertex -10.743445 7.019427 1.621151
      vertex -10.722561 8.764729 1.508748
      vertex -11.367027 7.643010 1.358092
    endloop
  endfacet
  facet normal -0.552830 0.209290 0.806583
    outer loop
      vertex -11.367027 7.643010 1.358092
      vertex -10.722561 8.764729 1.508748
      vertex -11.212380 9.254548 1.045930
    endloop
  endfacet
  facet normal -0.552830 0.209290 0.806583
    outer loop
      vertex -11.367027 7.643010 1.358092
      vertex -11.212380 9.254548 1.045930
      vertex -11.783692 8.059675 0.964396
    endloop
  endfacet
  facet normal -0.842846 0.376775 0.384255
    outer loop
      vertex -11.783692 8.059675 0.964396
      vertex -11.212380 9.254548 1.045930
      vertex -11.384381 9.426549 0.500000
    endloop
  endfacet
  facet normal -0.842846 0.376775 0.384255
    outer loop
      vertex -11.783692 8.059675 0.964396
      vertex -11.384381 9.426549 0.500000
      vertex -11.930005 8.205988 0.500000
    endloop
  endfacet
  facet normal 0.565848 -0.718402 0.404617
    outer loop
      vertex -6.865191 4.907359 0.500000
      vertex -5.769991 5.769991 0.500000
      vertex -5.950844 5.950844 1.074025
    endloop
  endfacet
  facet normal 0.565848 -0.718402 0.404617
    outer loop
      vertex -6.865191 4.907359 0.500000
      vertex -5.950844 5.950844 1.074025
      vertex -7.037192 5.079361 1.045930
    endloop
  endfacet
  facet normal 0.336765 -0.446519 0.828981
    outer loop
      vertex -7.037192 5.079361 1.045930
      vertex -5.950844 5.950844 1.074025
      vertex -6.465870 6.465870 1.560660
    endloop
  endfacet
  facet normal 0.336765 -0.446519 0.828981
    outer loop
      vertex -7.037192 5.079361 1.045930
      vertex -6.465870 6.465870 1.560660
      vertex -7.527011 5.569179 1.508748
    endloop
  endfacet
  facet normal 0.159452 -0.244073 0.956558
    outer loop
      vertex -7.527011 5.569179 1.508748
      vertex -6.465870 6.465870 1.560660
      vertex -7.236661 7.236661 1.885819
    endloop
  endfacet
  facet normal 0.159452 -0.244073 0.956558
    outer loop
      vertex -7.527011 5.569179 1.508748
      vertex -7.236661 7.236661 1.885819
      vertex -8.260076 6.302245 1.817992
    endloop
  endfacet
  facet normal 0.025159 -0.099757 0.994694
    outer loop
      vertex -8.260076 6.302245 1.817992
      vertex -7.236661 7.236661 1.885819
      vertex -8.145870 8.145870 2.000000
    endloop
  endfacet
  facet normal 0.025159 -0.099757 0.994694
    outer loop
      vertex -8.260076 6.302245 1.817992
      vertex -8.145870 8.145870 2.000000
      vertex -9.124786 7.166954 1.926585
    endloop
  endfacet
  facet normal -0.099757 0.025159 0.994694
    outer loop
      vertex -9.124786 7.166954 1.926585
      vertex -8.145870 8.145870 2.000000
      vertex -9.055080 9.055080 1.885819
    endloop
  endfacet
  facet normal -0.099757 0.025159 0.994694
    outer loop
      vertex -9.124786 7.166954 1.926585
      vertex -9.055080 9.055080 1.885819
      vertex -9.989496 8.031664 1.817992
    endloop
  endfacet
  facet normal -0.244073 0.159452 0.956558
    outer loop
      vertex -9.989496 8.031664 1.817992
      vertex -9.055080 9.055080 1.885819
      vertex -9.825870 9.825870 1.560660
    endloop
  endfacet
  facet normal -0.244073 0.159452 0.956558
    outer loop
      vertex -9.989496 8.031664 1.817992
      vertex -9.825870 9.825870 1.560660
      vertex -10.722561 8.764729 1.508748
    endloop
  endfacet
  facet normal -0.446519 0.336765 0.828981
    outer loop
      vertex -10.722561 8.764729 1.508748
      vertex -9.825870 9.825870 1.560660
      vertex -10.340896 10.340896 1.074025
    endloop
  endfacet
  facet normal -0.446519 0.336765 0.828981
    outer loop
      vertex -10.722561 8.764729 1.508748
      vertex -10.340896 10.340896 1.074025
      vertex -11.212380 9.254548 1.045930
    endloop
  endfacet
  facet normal -0.718402 0.565848 0.404617
    outer loop
      vertex -11.212380 9.254548 1.045930
      vertex -10.340896 10.340896 1.074025
      vertex -10.521749 10.521749 0.500000
    endloop
  endfacet
  facet normal -0.718402 0.565848 0.404617
    outer loop
      vertex -11.212380 9.254548 1.045930
      vertex -10.521749 10.521749 0.500000
      vertex -11.384381 9.426549 0.500000
    endloop
  endfacet
  facet normal 0.718402 -0.565848 0.404617
    outer loop
      vertex -5.769991 5.769991 0.500000
      vertex -4.907359 6.865191 0.500000
      vertex -5.079361 7.037192 1.045930
    endloop
  endfacet
  facet normal 0.718402 -0.565848 0.404617
    outer loop
      vertex -5.769991 5.769991 0.500000
      vertex -5.079361 7.037192 1.045930
      vertex -5.950844 5.950844 1.074025
    endloop
  endfacet
  facet normal 0.446519 -0.336765 0.828981
    outer loop
      vertex -5.950844 5.950844 1.074025
      vertex -5.079361 7.037192 1.045930
      vertex -5.569179 7.527011 1.508748
    endloop
  endfacet
  facet normal 0.446519 -0.336765 0.828981
    outer loop
      vertex -5.950844 5.950844 1.074025
      vertex -5.569179 7.527011 1.508748
      vertex -6.465870 6.465870 1.560660
    endloop
  endfacet
  facet normal 0.244073 -0.159452 0.956558
    outer loop
      vertex -6.465870 6.465870 1.560660
      vertex -5.569179 7.527011 1.508748
      vertex -6.302245 8.260076 1.817992
    endloop
  endfacet
  facet normal 0.244073 -0.159452 0.956558
    outer loop
      vertex -6.465870 6.465870 1.560660
      vertex -6.302245 8.260076 1.817992
      vertex -7.236661 7.236661 1.885819
    endloop
  endfacet
  facet normal 0.099757 -0.025159 0.994694
    outer loop
      vertex -7.236661 7.236661 1.885819
      vertex -6.302245 8.260076 1.817992
      vertex -7.166954 9.124786 1.926585
    endloop
  endfacet
  facet normal 0.099757 -0.025159 0.994694
    outer loop
      vertex -7.236661 7.236661 1.885819
      vertex -7.166954 9.124786 1.926585
      vertex -8.145870 8.145870 2.000000
    endloop
  endfacet
  facet normal -0.025159 0.099757 0.994694
    outer loop
      vertex -8.145870 8.145870 2.000000
      vertex -7.166954 9.124786 1.926585
      vertex -8.031664 9.989496 1.817992
    endloop
  endfacet
  facet normal -0.025159 0.099757 0.994694
    outer loop
      vertex -8.145870 8.145870 2.000000
      vertex -8.031664 9.989496 1.817992
      vertex -9.055080 9.055080 1.885819
    endloop
  endfacet
  facet normal -0.159452 0.244073 0.956558
    outer loop
      vertex -9.055080 9.055080 1.885819
      vertex -8.031664 9.989496 1.817992
      vertex -8.764729 10.722561 1.508748
    endloop
  endfacet
  facet normal -0.159452 0.244073 0.956558
    outer loop
      vertex -9.055080 9.055080 1.885819
      vertex -8.764729 10.722561 1.508748
      vertex -9.825870 9.825870 1.560660
    endloop
  endfacet
  facet normal -0.336765 0.446519 0.828981
    outer loop
      vertex -9.825870 9.825870 1.560660
      vertex -8.764729 10.722561 1.508748
      vertex -9.254548 11.212380 1.045930
    endloop
  endfacet
  facet normal -0.336765 0.446519 0.828981
    outer loop
      vertex -9.825870 9.825870 1.560660
      vertex -9.254548 11.212380 1.045930
      vertex -10.340896 10.340896 1.074025
    endloop
  endfacet
  facet normal -0.565848 0.718402 0.404617
    outer loop
      vertex -10.340896 10.340896 1.074025
      vertex -9.254548 11.212380 1.045930
      vertex -9.426549 11.384381 0.500000
    endloop
  endfacet
  facet normal -0.565848 0.718402 0.404617
    outer loop
      vertex -10.340896 10.340896 1.074025
      vertex -9.426549 11.384381 0.500000
      vertex -10.521749 10.521749 0.500000
    endloop
  endfacet
  facet normal 0.842846 -0.376775 0.384255
    outer loop
      vertex -4.907359 6.865191 0.500000
      vertex -4.361735 8.085752 0.500000
      vertex -4.508048 8.232066 0.964396
    endloop
  endfacet
  facet normal 0.842846 -0.376775 0.384255
    outer loop
      vertex -4.907359 6.865191 0.500000
      vertex -4.508048 8.232066 0.964396
      vertex -5.079361 7.037192 1.045930
    endloop
  endfacet
  facet normal 0.552830 -0.209290 0.806583
    outer loop
      vertex -5.079361 7.037192 1.045930
      vertex -4.508048 8.232066 0.964396
      vertex -4.924713 8.648730 1.358092
    endloop
  endfacet
  facet normal 0.552830 -0.209290 0.806583
    outer loop
      vertex -5.079361 7.037192 1.045930
      vertex -4.924713 8.648730 1.358092
      vertex -5.569179 7.527011 1.508748
    endloop
  endfacet
  facet normal 0.332360 -0.064577 0.940939
    outer loop
      vertex -5.569179 7.527011 1.508748
      vertex -4.924713 8.648730 1.358092
      vertex -5.548296 9.272313 1.621151
    endloop
  endfacet
  facet normal 0.332360 -0.064577 0.940939
    outer loop
      vertex -5.569179 7.527011 1.508748
      vertex -5.548296 9.272313 1.621151
      vertex -6.302245 8.260076 1.817992
    endloop
  endfacet
  facet normal 0.180123 0.056800 0.982003
    outer loop
      vertex -6.302245 8.260076 1.817992
      vertex -5.548296 9.272313 1.621151
      vertex -6.283861 10.007879 1.713525
    endloop
  endfacet
  facet normal 0.180123 0.056800 0.982003
    outer loop
      vertex -6.302245 8.260076 1.817992
      vertex -6.283861 10.007879 1.713525
      vertex -7.166954 9.124786 1.926585
    endloop
  endfacet
  facet normal 0.056800 0.180123 0.982003
    outer loop
      vertex -7.166954 9.124786 1.926585
      vertex -6.283861 10.007879 1.713525
      vertex -7.019427 10.743445 1.621151
    endloop
  endfacet
  facet normal 0.056800 0.180123 0.982003
    outer loop
      vertex -7.166954 9.124786 1.926585
      vertex -7.019427 10.743445 1.621151
      vertex -8.031664 9.989496 1.817992
    endloop
  endfacet
  facet normal -0.064577 0.332360 0.940939
    outer loop
      vertex -8.031664 9.989496 1.817992
      vertex -7.019427 10.743445 1.621151
      vertex -7.643010 11.367027 1.358092
    endloop
  endfacet
  facet normal -0.064577 0.332360 0.940939
    outer loop
      vertex -8.031664 9.989496 1.817992
      vertex -7.643010 11.367027 1.358092
      vertex -8.764729 10.722561 1.508748
    endloop
  endfacet
  facet normal -0.209290 0.552830 0.806583
    outer loop
      vertex -8.764729 10.722561 1.508748
      vertex -7.643010 11.367027 1.358092
      vertex -8.059675 11.783692 0.964396
    endloop
  endfacet
  facet normal -0.209290 0.552830 0.806583
    outer loop
      vertex -8.764729 10.722561 1.508748
      vertex -8.059675 11.783692 0.964396
      vertex -9.254548 11.212380 1.045930
    endloop
  endfacet
  facet normal -0.376775 0.842846 0.384255
    outer loop
      vertex -9.254548 11.212380 1.045930
      vertex -8.059675 11.783692 0.964396
      vertex -8.205988 11.930005 0.500000
    endloop
  endfacet
  facet normal -0.376775 0.842846 0.384255
    outer loop
      vertex -9.254548 11.212380 1.045930
      vertex -8.205988 11.930005 0.500000
      vertex -9.426549 11.384381 0.500000
    endloop
  endfacet
  facet normal 0.932481 -0.133212 0.335758
    outer loop
      vertex -4.361735 8.085752 0.500000
      vertex -4.186529 9.312199 0.500000
      vertex -4.292831 9.418501 0.837404
    endloop
  endfacet
  facet normal 0.932481 -0.133212 0.335758
    outer loop
      vertex -4.361735 8.085752 0.500000
      vertex -4.292831 9.418501 0.837404
      vertex -4.508048 8.232066 0.964396
    endloop
  endfacet
  facet normal 0.664443 -0.040654 0.746233
    outer loop
      vertex -4.508048 8.232066 0.964396
      vertex -4.292831 9.418501 0.837404
      vertex -4.595556 9.721226 1.123440
    endloop
  endfacet
  facet normal 0.664443 -0.040654 0.746233
    outer loop
      vertex -4.508048 8.232066 0.964396
      vertex -4.595556 9.721226 1.123440
      vertex -4.924713 8.648730 1.358092
    endloop
  endfacet
  facet normal 0.439331 0.061253 0.896234
    outer loop
      vertex -4.924713 8.648730 1.358092
      vertex -4.595556 9.721226 1.123440
      vertex -5.048615 10.174285 1.314564
    endloop
  endfacet
  facet normal 0.439331 0.061253 0.896234
    outer loop
      vertex -4.924713 8.648730 1.358092
      vertex -5.048615 10.174285 1.314564
      vertex -5.548296 9.272313 1.621151
    endloop
  endfacet
  facet normal 0.283045 0.164381 0.944915
    outer loop
      vertex -5.548296 9.272313 1.621151
      vertex -5.048615 10.174285 1.314564
      vertex -5.583035 10.708705 1.381678
    endloop
  endfacet
  facet normal 0.283045 0.164381 0.944915
    outer loop
      vertex -5.548296 9.272313 1.621151
      vertex -5.583035 10.708705 1.381678
      vertex -6.283861 10.007879 1.713525
    endloop
  endfacet
  facet normal 0.164381 0.283045 0.944915
    outer loop
      vertex -6.283861 10.007879 1.713525
      vertex -5.583035 10.708705 1.381678
      vertex -6.117455 11.243125 1.314564
    endloop
  endfacet
  facet normal 0.164381 0.283045 0.944915
    outer loop
      vertex -6.283861 10.007879 1.713525
      vertex -6.117455 11.243125 1.314564
      vertex -7.019427 10.743445 1.621151
    endloop
  endfacet
  facet normal 0.061253 0.439331 0.896234
    outer loop
      vertex -7.019427 10.743445 1.621151
      vertex -6.117455 11.243125 1.314564
      vertex -6.570514 11.696184 1.123440
    endloop
  endfacet
  facet normal 0.061253 0.439331 0.896234
    outer loop
      vertex -7.019427 10.743445 1.621151
      vertex -6.570514 11.696184 1.123440
      vertex -7.643010 11.367027 1.358092
    endloop
  endfacet
  facet normal -0.040654 0.664443 0.746233
    outer loop
      vertex -7.643010 11.367027 1.358092
      vertex -6.570514 11.696184 1.123440
      vertex -6.873239 11.998909 0.837404
    endloop
  endfacet
  facet normal -0.040654 0.664443 0.746233
    outer loop
      vertex -7.643010 11.367027 1.358092
      vertex -6.873239 11.998909 0.837404
      vertex -8.059675 11.783692 0.964396
    endloop
  endfacet
  facet normal -0.133212 0.932481 0.335758
    outer loop
      vertex -8.059675 11.783692 0.964396
      vertex -6.873239 11.998909 0.837404
      vertex -6.979542 12.105212 0.500000
    endloop
  endfacet
  facet normal -0.133212 0.932481 0.335758
    outer loop
      vertex -8.059675 11.783692 0.964396
      vertex -6.979542 12.105212 0.500000
      vertex -8.205988 11.930005 0.500000
    endloop
  endfacet
  facet normal 0.952843 0.181921 0.242888
    outer loop
      vertex -4.186529 9.312199 0.500000
      vertex -4.398890 10.424477 0.500000
      vertex -4.454777 10.480363 0.677384
    endloop
  endfacet
  facet normal 0.952843 0.181921 0.242888
    outer loop
      vertex -4.186529 9.312199 0.500000
      vertex -4.454777 10.480363 0.677384
      vertex -4.292831 9.418501 0.837404
    endloop
  endfacet
  facet normal 0.773638 0.208174 0.598454
    outer loop
      vertex -4.292831 9.418501 0.837404
      vertex -4.454777 10.480363 0.677384
      vertex -4.613928 10.639515 0.827762
    endloop
  endfacet
  facet normal 0.773638 0.208174 0.598454
    outer loop
      vertex -4.292831 9.418501 0.837404
      vertex -4.613928 10.639515 0.827762
      vertex -4.595556 9.721226 1.123440
    endloop
  endfacet
  facet normal 0.583899 0.259380 0.769275
    outer loop
      vertex -4.595556 9.721226 1.123440
      vertex -4.613928 10.639515 0.827762
      vertex -4.852116 10.877702 0.928242
    endloop
  endfacet
  facet normal 0.583899 0.259380 0.769275
    outer loop
      vertex -4.595556 9.721226 1.123440
      vertex -4.852116 10.877702 0.928242
      vertex -5.048615 10.174285 1.314564
    endloop
  endfacet
  facet normal 0.439586 0.334923 0.833421
    outer loop
      vertex -5.048615 10.174285 1.314564
      vertex -4.852116 10.877702 0.928242
      vertex -5.133077 11.158663 0.963525
    endloop
  endfacet
  facet normal 0.439586 0.334923 0.833421
    outer loop
      vertex -5.048615 10.174285 1.314564
      vertex -5.133077 11.158663 0.963525
      vertex -5.583035 10.708705 1.381678
    endloop
  endfacet
  facet normal 0.334923 0.439586 0.833421
    outer loop
      vertex -5.583035 10.708705 1.381678
      vertex -5.133077 11.158663 0.963525
      vertex -5.414038 11.439625 0.928242
    endloop
  endfacet
  facet normal 0.334923 0.439586 0.833421
    outer loop
      vertex -5.583035 10.708705 1.381678
      vertex -5.414038 11.439625 0.928242
      vertex -6.117455 11.243125 1.314564
    endloop
  endfacet
  facet normal 0.259380 0.583899 0.769275
    outer loop
      vertex -6.117455 11.243125 1.314564
      vertex -5.414038 11.439625 0.928242
      vertex -5.652225 11.677812 0.827762
    endloop
  endfacet
  facet normal 0.259380 0.583899 0.769275
    outer loop
      vertex -6.117455 11.243125 1.314564
      vertex -5.652225 11.677812 0.827762
      vertex -6.570514 11.696184 1.123440
    endloop
  endfacet
  facet normal 0.208174 0.773638 0.598454
    outer loop
      vertex -6.570514 11.696184 1.123440
      vertex -5.652225 11.677812 0.827762
      vertex -5.811377 11.836964 0.677384
    endloop
  endfacet
  facet normal 0.208174 0.773638 0.598454
    outer loop
      vertex -6.570514 11.696184 1.123440
      vertex -5.811377 11.836964 0.677384
      vertex -6.873239 11.998909 0.837404
    endloop
  endfacet
  facet normal 0.181921 0.952843 0.242888
    outer loop
      vertex -6.873239 11.998909 0.837404
      vertex -5.811377 11.836964 0.677384
      vertex -5.867264 11.892850 0.500000
    endloop
  endfacet
  facet normal 0.181921 0.952843 0.242888
    outer loop
      vertex -6.873239 11.998909 0.837404
      vertex -5.867264 11.892850 0.500000
      vertex -6.979542 12.105212 0.500000
    endloop
  endfacet
  facet normal 0.000000 0.000000 1.000000
    outer loop
      vertex -4.398890 10.424477 0.500000
      vertex -4.978032 11.313708 0.500000
      vertex -4.978032 11.313708 0.500000
    endloop
  endfacet
  facet normal 0.834423 0.543446 0.091676
    outer loop
      vertex -4.398890 10.424477 0.500000
      vertex -4.978032 11.313708 0.500000
      vertex -4.454777 10.480363 0.677384
    endloop
  endfacet
  facet normal 0.000000 0.000000 1.000000
    outer loop
      vertex -4.454777 10.480363 0.677384
      vertex -4.978032 11.313708 0.500000
      vertex -4.978032 11.313708 0.500000
    endloop
  endfacet
  facet normal 0.793513 0.552532 0.255040
    outer loop
      vertex -4.454777 10.480363 0.677384
      vertex -4.978032 11.313708 0.500000
      vertex -4.613928 10.639515 0.827762
    endloop
  endfacet
  facet normal 0.000000 0.000000 1.000000
    outer loop
      vertex -4.613928 10.639515 0.827762
      vertex -4.978032 11.313708 0.500000
      vertex -4.978032 11.313708 0.500000
    endloop
  endfacet
  facet normal 0.730321 0.574262 0.369938
    outer loop
      vertex -4.613928 10.639515 0.827762
      vertex -4.978032 11.313708 0.500000
      vertex -4.852116 10.877702 0.928242
    endloop
  endfacet
  facet normal 0.000000 0.000000 1.000000
    outer loop
      vertex -4.852116 10.877702 0.928242
      vertex -4.978032 11.313708 0.500000
      vertex -4.978032 11.313708 0.500000
    endloop
  endfacet
  facet normal 0.665569 0.611907 0.427304
    outer loop
      vertex -4.852116 10.877702 0.928242
      vertex -4.978032 11.313708 0.500000
      vertex -5.133077 11.158663 0.963525
    endloop
  endfacet
  facet normal 0.000000 0.000000 1.000000
    outer loop
      vertex -5.133077 11.158663 0.963525
      vertex -4.978032 11.313708 0.500000
      vertex -4.978032 11.313708 0.500000
    endloop
  endfacet
  facet normal 0.611907 0.665569 0.427304
    outer loop
      vertex -5.133077 11.158663 0.963525
      vertex -4.978032 11.313708 0.500000
      vertex -5.414038 11.439625 0.928242
    endloop
  endfacet
  facet normal 0.000000 0.000000 1.000000
    outer loop
      vertex -5.414038 11.439625 0.928242
      vertex -4.978032 11.313708 0.500000
      vertex -4.978032 11.313708 0.500000
    endloop
  endfacet
  facet normal 0.574262 0.730321 0.369938
    outer loop
      vertex -5.414038 11.439625 0.928242
      vertex -4.978032 11.313708 0.500000
      vertex -5.652225 11.677812 0.827762
    endloop
  endfacet
  facet normal 0.000000 0.000000 1.000000
    outer loop
      vertex -5.652225 11.677812 0.827762
      vertex -4.978032 11.313708 0.500000
      vertex -4.978032 11.313708 0.500000
    endloop
  endfacet
  facet normal 0.552532 0.793513 0.255040
    outer loop
      vertex -5.652225 11.677812 0.827762
      vertex -4.978032 11.313708 0.500000
      vertex -5.811377 11.836964 0.677384
    endloop
  endfacet
  facet normal 0.000000 0.000000 1.000000
    outer loop
      vertex -5.811377 11.836964 0.677384
      vertex -4.978032 11.313708 0.500000
      vertex -4.978032 11.313708 0.500000
    endloop
  endfacet
  facet normal 0.543446 0.834423 0.091676
    outer loop
      vertex -5.811377 11.836964 0.677384
      vertex -4.978032 11.313708 0.500000
      vertex -5.867264 11.892850 0.500000
    endloop
  endfacet
  facet normal 0.205752 -0.974301 0.091676
    outer loop
      vertex -11.520000 -4.480000 0.500000
      vertex -10.481703 -4.260733 0.500000
      vertex -10.560739 -4.260733 0.677384
    endloop
  endfacet
  facet normal 0.000000 0.000000 1.000000
    outer loop
      vertex -11.520000 -4.480000 0.500000
      vertex -10.560739 -4.260733 0.677384
      vertex -11.520000 -4.480000 0.500000
    endloop
  endfacet
  facet normal 0.170399 -0.951797 0.255040
    outer loop
      vertex -11.520000 -4.480000 0.500000
      vertex -10.560739 -4.260733 0.677384
      vertex -10.785813 -4.260733 0.827762
    endloop
  endfacet
  facet normal 0.000000 0.000000 1.000000
    outer loop
      vertex -11.520000 -4.480000 0.500000
      vertex -10.785813 -4.260733 0.827762
      vertex -11.520000 -4.480000 0.500000
    endloop
  endfacet
  facet normal 0.110350 -0.922480 0.369938
    outer loop
      vertex -11.520000 -4.480000 0.500000
      vertex -10.785813 -4.260733 0.827762
      vertex -11.122661 -4.260733 0.928242
    endloop
  endfacet
  facet normal 0.000000 0.000000 1.000000
    outer loop
      vertex -11.520000 -4.480000 0.500000
      vertex -11.122661 -4.260733 0.928242
      vertex -11.520000 -4.480000 0.500000
    endloop
  endfacet
  facet normal 0.037945 -0.903311 0.427304
    outer loop
      vertex -11.520000 -4.480000 0.500000
      vertex -11.122661 -4.260733 0.928242
      vertex -11.520000 -4.260733 0.963525
    endloop
  endfacet
  facet normal 0.000000 0.000000 1.000000
    outer loop
      vertex -11.520000 -4.480000 0.500000
      vertex -11.520000 -4.260733 0.963525
      vertex -11.520000 -4.480000 0.500000
    endloop
  endfacet
  facet normal -0.037945 -0.903311 0.427304
    outer loop
      vertex -11.520000 -4.480000 0.500000
      vertex -11.520000 -4.260733 0.963525
      vertex -11.917339 -4.260733 0.928242
    endloop
  endfacet
  facet normal 0.000000 0.000000 1.000000
    outer loop
      vertex -11.520000 -4.480000 0.500000
      vertex -11.917339 -4.260733 0.928242
      vertex -11.520000 -4.480000 0.500000
    endloop
  endfacet
  facet normal -0.110350 -0.922480 0.369938
    outer loop
      vertex -11.520000 -4.480000 0.500000
      vertex -11.917339 -4.260733 0.928242
      vertex -12.254187 -4.260733 0.827762
    endloop
  endfacet
  facet normal 0.000000 0.000000 1.000000
    outer loop
      vertex -11.520000 -4.480000 0.500000
      vertex -12.254187 -4.260733 0.827762
      vertex -11.520000 -4.480000 0.500000
    endloop
  endfacet
  facet normal -0.170399 -0.951797 0.255040
    outer loop
      vertex -11.520000 -4.480000 0.500000
      vertex -12.254187 -4.260733 0.827762
      vertex -12.479261 -4.260733 0.677384
    endloop
  endfacet
  facet normal 0.000000 0.000000 1.000000
    outer loop
      vertex -11.520000 -4.480000 0.500000
      vertex -12.479261 -4.260733 0.677384
      vertex -11.520000 -4.480000 0.500000
    endloop
  endfacet
  facet normal -0.205752 -0.974301 0.091676
    outer loop
      vertex -11.520000 -4.480000 0.500000
      vertex -12.479261 -4.260733 0.677384
      vertex -12.558297 -4.260733 0.500000
    endloop
  endfacet
  facet normal 0.000000 0.000000 1.000000
    outer loop
      vertex -11.520000 -4.480000 0.500000
      vertex -12.558297 -4.260733 0.500000
      vertex -11.520000 -4.480000 0.500000
    endloop
  endfacet
  facet normal 0.545124 -0.802400 0.242888
    outer loop
      vertex -10.481703 -4.260733 0.500000
      vertex -9.545042 -3.624396 0.500000
      vertex -9.695376 -3.624396 0.837404
    endloop
  endfacet
  facet normal 0.545124 -0.802400 0.242888
    outer loop
      vertex -10.481703 -4.260733 0.500000
      vertex -9.695376 -3.624396 0.837404
      vertex -10.560739 -4.260733 0.677384
    endloop
  endfacet
  facet normal 0.399844 -0.694246 0.598454
    outer loop
      vertex -10.560739 -4.260733 0.677384
      vertex -9.695376 -3.624396 0.837404
      vertex -10.123493 -3.624396 1.123440
    endloop
  endfacet
  facet normal 0.399844 -0.694246 0.598454
    outer loop
      vertex -10.560739 -4.260733 0.677384
      vertex -10.123493 -3.624396 1.123440
      vertex -10.785813 -4.260733 0.827762
    endloop
  endfacet
  facet normal 0.229470 -0.596288 0.769275
    outer loop
      vertex -10.785813 -4.260733 0.827762
      vertex -10.123493 -3.624396 1.123440
      vertex -10.764216 -3.624396 1.314564
    endloop
  endfacet
  facet normal 0.229470 -0.596288 0.769275
    outer loop
      vertex -10.785813 -4.260733 0.827762
      vertex -10.764216 -3.624396 1.314564
      vertex -11.122661 -4.260733 0.928242
    endloop
  endfacet
  facet normal 0.074008 -0.547661 0.833421
    outer loop
      vertex -11.122661 -4.260733 0.928242
      vertex -10.764216 -3.624396 1.314564
      vertex -11.520000 -3.624396 1.381678
    endloop
  endfacet
  facet normal 0.074008 -0.547661 0.833421
    outer loop
      vertex -11.122661 -4.260733 0.928242
      vertex -11.520000 -3.624396 1.381678
      vertex -11.520000 -4.260733 0.963525
    endloop
  endfacet
  facet normal -0.074008 -0.547661 0.833421
    outer loop
      vertex -11.520000 -4.260733 0.963525
      vertex -11.520000 -3.624396 1.381678
      vertex -12.275784 -3.624396 1.314564
    endloop
  endfacet
  facet normal -0.074008 -0.547661 0.833421
    outer loop
      vertex -11.520000 -4.260733 0.963525
      vertex -12.275784 -3.624396 1.314564
      vertex -11.917339 -4.260733 0.928242
    endloop
  endfacet
  facet normal -0.229470 -0.596288 0.769275
    outer loop
      vertex -11.917339 -4.260733 0.928242
      vertex -12.275784 -3.624396 1.314564
      vertex -12.916507 -3.624396 1.123440
    endloop
  endfacet
  facet normal -0.229470 -0.596288 0.769275
    outer loop
      vertex -11.917339 -4.260733 0.928242
      vertex -12.916507 -3.624396 1.123440
      vertex -12.254187 -4.260733 0.827762
    endloop
  endfacet
  facet normal -0.399844 -0.694246 0.598454
    outer loop
      vertex -12.254187 -4.260733 0.827762
      vertex -12.916507 -3.624396 1.123440
      vertex -13.344624 -3.624396 0.837404
    endloop
  endfacet
  facet normal -0.399844 -0.694246 0.598454
    outer loop
      vertex -12.254187 -4.260733 0.827762
      vertex -13.344624 -3.624396 0.837404
      vertex -12.479261 -4.260733 0.677384
    endloop
  endfacet
  facet normal -0.545124 -0.802400 0.242888
    outer loop
      vertex -12.479261 -4.260733 0.677384
      vertex -13.344624 -3.624396 0.837404
      vertex -13.494958 -3.624396 0.500000
    endloop
  endfacet
  facet normal -0.545124 -0.802400 0.242888
    outer loop
      vertex -12.479261 -4.260733 0.677384
      vertex -13.494958 -3.624396 0.500000
      vertex -12.558297 -4.260733 0.500000
    endloop
  endfacet
  facet normal 0.753559 -0.565169 0.335758
    outer loop
      vertex -9.545042 -3.624396 0.500000
      vertex -8.801703 -2.633278 0.500000
      vertex -9.008621 -2.633278 0.964396
    endloop
  endfacet
  facet normal 0.753559 -0.565169 0.335758
    outer loop
      vertex -9.545042 -3.624396 0.500000
      vertex -9.008621 -2.633278 0.964396
      vertex -9.695376 -3.624396 0.837404
    endloop
  endfacet
  facet normal 0.498579 -0.441085 0.746233
    outer loop
      vertex -9.695376 -3.624396 0.837404
      vertex -9.008621 -2.633278 0.964396
      vertex -9.597874 -2.633278 1.358092
    endloop
  endfacet
  facet normal 0.498579 -0.441085 0.746233
    outer loop
      vertex -9.695376 -3.624396 0.837404
      vertex -9.597874 -2.633278 1.358092
      vertex -10.123493 -3.624396 1.123440
    endloop
  endfacet
  facet normal 0.267341 -0.353967 0.896234
    outer loop
      vertex -10.123493 -3.624396 1.123440
      vertex -9.597874 -2.633278 1.358092
      vertex -10.479753 -2.633278 1.621151
    endloop
  endfacet
  facet normal 0.267341 -0.353967 0.896234
    outer loop
      vertex -10.123493 -3.624396 1.123440
      vertex -10.479753 -2.633278 1.621151
      vertex -10.764216 -3.624396 1.314564
    endloop
  endfacet
  facet normal 0.083909 -0.316378 0.944915
    outer loop
      vertex -10.764216 -3.624396 1.314564
      vertex -10.479753 -2.633278 1.621151
      vertex -11.520000 -2.633278 1.713525
    endloop
  endfacet
  facet normal 0.083909 -0.316378 0.944915
    outer loop
      vertex -10.764216 -3.624396 1.314564
      vertex -11.520000 -2.633278 1.713525
      vertex -11.520000 -3.624396 1.381678
    endloop
  endfacet
  facet normal -0.083909 -0.316378 0.944915
    outer loop
      vertex -11.520000 -3.624396 1.381678
      vertex -11.520000 -2.633278 1.713525
      vertex -12.560247 -2.633278 1.621151
    endloop
  endfacet
  facet normal -0.083909 -0.316378 0.944915
    outer loop
      vertex -11.520000 -3.624396 1.381678
      vertex -12.560247 -2.633278 1.621151
      vertex -12.275784 -3.624396 1.314564
    endloop
  endfacet
  facet normal -0.267341 -0.353967 0.896234
    outer loop
      vertex -12.275784 -3.624396 1.314564
      vertex -12.560247 -2.633278 1.621151
      vertex -13.442126 -2.633278 1.358092
    endloop
  endfacet
  facet normal -0.267341 -0.353967 0.896234
    outer loop
      vertex -12.275784 -3.624396 1.314564
      vertex -13.442126 -2.633278 1.358092
      vertex -12.916507 -3.624396 1.123440
    endloop
  endfacet
  facet normal -0.498579 -0.441085 0.746233
    outer loop
      vertex -12.916507 -3.624396 1.123440
      vertex -13.442126 -2.633278 1.358092
      vertex -14.031379 -2.633278 0.964396
    endloop
  endfacet
  facet normal -0.498579 -0.441085 0.746233
    outer loop
      vertex -12.916507 -3.624396 1.123440
      vertex -14.031379 -2.633278 0.964396
      vertex -13.344624 -3.624396 0.837404
    endloop
  endfacet
  facet normal -0.753559 -0.565169 0.335758
    outer loop
      vertex -13.344624 -3.624396 0.837404
      vertex -14.031379 -2.633278 0.964396
      vertex -14.238297 -2.633278 0.500000
    endloop
  endfacet
  facet normal -0.753559 -0.565169 0.335758
    outer loop
      vertex -13.344624 -3.624396 0.837404
      vertex -14.238297 -2.633278 0.500000
      vertex -13.494958 -3.624396 0.500000
    endloop
  endfacet
  facet normal 0.862402 -0.329562 0.384255
    outer loop
      vertex -8.801703 -2.633278 0.500000
      vertex -8.324450 -1.384396 0.500000
      vertex -8.567697 -1.384396 1.045930
    endloop
  endfacet
  facet normal 0.862402 -0.329562 0.384255
    outer loop
      vertex -8.801703 -2.633278 0.500000
      vertex -8.567697 -1.384396 1.045930
      vertex -9.008621 -2.633278 0.964396
    endloop
  endfacet
  facet normal 0.538900 -0.242920 0.806583
    outer loop
      vertex -9.008621 -2.633278 0.964396
      vertex -8.567697 -1.384396 1.045930
      vertex -9.260405 -1.384396 1.508748
    endloop
  endfacet
  facet normal 0.538900 -0.242920 0.806583
    outer loop
      vertex -9.008621 -2.633278 0.964396
      vertex -9.260405 -1.384396 1.508748
      vertex -9.597874 -2.633278 1.358092
    endloop
  endfacet
  facet normal 0.280677 -0.189351 0.940939
    outer loop
      vertex -9.597874 -2.633278 1.358092
      vertex -9.260405 -1.384396 1.508748
      vertex -10.297116 -1.384396 1.817992
    endloop
  endfacet
  facet normal 0.280677 -0.189351 0.940939
    outer loop
      vertex -9.597874 -2.633278 1.358092
      vertex -10.297116 -1.384396 1.817992
      vertex -10.479753 -2.633278 1.621151
    endloop
  endfacet
  facet normal 0.087202 -0.167530 0.982003
    outer loop
      vertex -10.479753 -2.633278 1.621151
      vertex -10.297116 -1.384396 1.817992
      vertex -11.520000 -1.384396 1.926585
    endloop
  endfacet
  facet normal 0.087202 -0.167530 0.982003
    outer loop
      vertex -10.479753 -2.633278 1.621151
      vertex -11.520000 -1.384396 1.926585
      vertex -11.520000 -2.633278 1.713525
    endloop
  endfacet
  facet normal -0.087202 -0.167530 0.982003
    outer loop
      vertex -11.520000 -2.633278 1.713525
      vertex -11.520000 -1.384396 1.926585
      vertex -12.742884 -1.384396 1.817992
    endloop
  endfacet
  facet normal -0.087202 -0.167530 0.982003
    outer loop
      vertex -11.520000 -2.633278 1.713525
      vertex -12.742884 -1.384396 1.817992
      vertex -12.560247 -2.633278 1.621151
    endloop
  endfacet
  facet normal -0.280677 -0.189351 0.940939
    outer loop
      vertex -12.560247 -2.633278 1.621151
      vertex -12.742884 -1.384396 1.817992
      vertex -13.779595 -1.384396 1.508748
    endloop
  endfacet
  facet normal -0.280677 -0.189351 0.940939
    outer loop
      vertex -12.560247 -2.633278 1.621151
      vertex -13.779595 -1.384396 1.508748
      vertex -13.442126 -2.633278 1.358092
    endloop
  endfacet
  facet normal -0.538900 -0.242920 0.806583
    outer loop
      vertex -13.442126 -2.633278 1.358092
      vertex -13.779595 -1.384396 1.508748
      vertex -14.472303 -1.384396 1.045930
    endloop
  endfacet
  facet normal -0.538900 -0.242920 0.806583
    outer loop
      vertex -13.442126 -2.633278 1.358092
      vertex -14.472303 -1.384396 1.045930
      vertex -14.031379 -2.633278 0.964396
    endloop
  endfacet
  facet normal -0.862402 -0.329562 0.384255
    outer loop
      vertex -14.031379 -2.633278 0.964396
      vertex -14.472303 -1.384396 1.045930
      vertex -14.715550 -1.384396 0.500000
    endloop
  endfacet
  facet normal -0.862402 -0.329562 0.384255
    outer loop
      vertex -14.031379 -2.633278 0.964396
      vertex -14.715550 -1.384396 0.500000
      vertex -14.238297 -2.633278 0.500000
    endloop
  endfacet
  facet normal 0.908102 -0.107872 0.404617
    outer loop
      vertex -8.324450 -1.384396 0.500000
      vertex -8.160000 0.000000 0.500000
      vertex -8.415765 0.000000 1.074025
    endloop
  endfacet
  facet normal 0.908102 -0.107872 0.404617
    outer loop
      vertex -8.324450 -1.384396 0.500000
      vertex -8.415765 0.000000 1.074025
      vertex -8.567697 -1.384396 1.045930
    endloop
  endfacet
  facet normal 0.553865 -0.077608 0.828981
    outer loop
      vertex -8.567697 -1.384396 1.045930
      vertex -8.415765 0.000000 1.074025
      vertex -9.144121 0.000000 1.560660
    endloop
  endfacet
  facet normal 0.553865 -0.077608 0.828981
    outer loop
      vertex -8.567697 -1.384396 1.045930
      vertex -9.144121 0.000000 1.560660
      vertex -9.260405 -1.384396 1.508748
    endloop
  endfacet
  facet normal 0.285336 -0.059836 0.956558
    outer loop
      vertex -9.260405 -1.384396 1.508748
      vertex -9.144121 0.000000 1.560660
      vertex -10.234184 0.000000 1.885819
    endloop
  endfacet
  facet normal 0.285336 -0.059836 0.956558
    outer loop
      vertex -9.260405 -1.384396 1.508748
      vertex -10.234184 0.000000 1.885819
      vertex -10.297116 -1.384396 1.817992
    endloop
  endfacet
  facet normal 0.088329 -0.052749 0.994694
    outer loop
      vertex -10.297116 -1.384396 1.817992
      vertex -10.234184 0.000000 1.885819
      vertex -11.520000 0.000000 2.000000
    endloop
  endfacet
  facet normal 0.088329 -0.052749 0.994694
    outer loop
      vertex -10.297116 -1.384396 1.817992
      vertex -11.520000 0.000000 2.000000
      vertex -11.520000 -1.384396 1.926585
    endloop
  endfacet
  facet normal -0.088329 -0.052749 0.994694
    outer loop
      vertex -11.520000 -1.384396 1.926585
      vertex -11.520000 0.000000 2.000000
      vertex -12.805816 0.000000 1.885819
    endloop
  endfacet
  facet normal -0.088329 -0.052749 0.994694
    outer loop
      vertex -11.520000 -1.384396 1.926585
      vertex -12.805816 0.000000 1.885819
      vertex -12.742884 -1.384396 1.817992
    endloop
  endfacet
  facet normal -0.285336 -0.059836 0.956558
    outer loop
      vertex -12.742884 -1.384396 1.817992
      vertex -12.805816 0.000000 1.885819
      vertex -13.895879 0.000000 1.560660
    endloop
  endfacet
  facet normal -0.285336 -0.059836 0.956558
    outer loop
      vertex -12.742884 -1.384396 1.817992
      vertex -13.895879 0.000000 1.560660
      vertex -13.779595 -1.384396 1.508748
    endloop
  endfacet
  facet normal -0.553865 -0.077608 0.828981
    outer loop
      vertex -13.779595 -1.384396 1.508748
      vertex -13.895879 0.000000 1.560660
      vertex -14.624235 0.000000 1.074025
    endloop
  endfacet
  facet normal -0.553865 -0.077608 0.828981
    outer loop
      vertex -13.779595 -1.384396 1.508748
      vertex -14.624235 0.000000 1.074025
      vertex -14.472303 -1.384396 1.045930
    endloop
  endfacet
  facet normal -0.908102 -0.107872 0.404617
    outer loop
      vertex -14.472303 -1.384396 1.045930
      vertex -14.624235 0.000000 1.074025
      vertex -14.880000 0.000000 0.500000
    endloop
  endfacet
  facet normal -0.908102 -0.107872 0.404617
    outer loop
      vertex -14.472303 -1.384396 1.045930
      vertex -14.880000 0.000000 0.500000
      vertex -14.715550 -1.384396 0.500000
    endloop
  endfacet
  facet normal 0.908102 0.107872 0.404617
    outer loop
      vertex -8.160000 0.000000 0.500000
      vertex -8.324450 1.384396 0.500000
      vertex -8.567697 1.384396 1.045930
    endloop
  endfacet
  facet normal 0.908102 0.107872 0.404617
    outer loop
      vertex -8.160000 0.000000 0.500000
      vertex -8.567697 1.384396 1.045930
      vertex -8.415765 0.000000 1.074025
    endloop
  endfacet
  facet normal 0.553865 0.077608 0.828981
    outer loop
      vertex -8.415765 0.000000 1.074025
      vertex -8.567697 1.384396 1.045930
      vertex -9.260405 1.384396 1.508748
    endloop
  endfacet
  facet normal 0.553865 0.077608 0.828981
    outer loop
      vertex -8.415765 0.000000 1.074025
      vertex -9.260405 1.384396 1.508748
      vertex -9.144121 0.000000 1.560660
    endloop
  endfacet
  facet normal 0.285336 0.059836 0.956558
    outer loop
      vertex -9.144121 0.000000 1.560660
      vertex -9.260405 1.384396 1.508748
      vertex -10.297116 1.384396 1.817992
    endloop
  endfacet
  facet normal 0.285336 0.059836 0.956558
    outer loop
      vertex -9.144121 0.000000 1.560660
      vertex -10.297116 1.384396 1.817992
      vertex -10.234184 0.000000 1.885819
    endloop
  endfacet
  facet normal 0.088329 0.052749 0.994694
    outer loop
      vertex -10.234184 0.000000 1.885819
      vertex -10.297116 1.384396 1.817992
      vertex -11.520000 1.384396 1.926585
    endloop
  endfacet
  facet normal 0.088329 0.052749 0.994694
    outer loop
      vertex -10.234184 0.000000 1.885819
      vertex -11.520000 1.384396 1.926585
      vertex -11.520000 0.000000 2.000000
    endloop
  endfacet
  facet normal -0.088329 0.052749 0.994694
    outer loop
      vertex -11.520000 0.000000 2.000000
      vertex -11.520000 1.384396 1.926585
      vertex -12.742884 1.384396 1.817992
    endloop
  endfacet
  facet normal -0.088329 0.052749 0.994694
    outer loop
      vertex -11.520000 0.000000 2.000000
      vertex -12.742884 1.384396 1.817992
      vertex -12.805816 0.000000 1.885819
    endloop
  endfacet
  facet normal -0.285336 0.059836 0.956558
    outer loop
      vertex -12.805816 0.000000 1.885819
      vertex -12.742884 1.384396 1.817992
      vertex -13.779595 1.384396 1.508748
    endloop
  endfacet
  facet normal -0.285336 0.059836 0.956558
    outer loop
      vertex -12.805816 0.000000 1.885819
      vertex -13.779595 1.384396 1.508748
      vertex -13.895879 0.000000 1.560660
    endloop
  endfacet
  facet normal -0.553865 0.077608 0.828981
    outer loop
      vertex -13.895879 0.000000 1.560660
      vertex -13.779595 1.384396 1.508748
      vertex -14.472303 1.384396 1.045930
    endloop
  endfacet
  facet normal -0.553865 0.077608 0.828981
    outer loop
      vertex -13.895879 0.000000 1.560660
      vertex -14.472303 1.384396 1.045930
      vertex -14.624235 0.000000 1.074025
    endloop
  endfacet
  facet normal -0.908102 0.107872 0.404617
    outer loop
      vertex -14.624235 0.000000 1.074025
      vertex -14.472303 1.384396 1.045930
      vertex -14.715550 1.384396 0.500000
    endloop
  endfacet
  facet normal -0.908102 0.107872 0.404617
    outer loop
      vertex -14.624235 0.000000 1.074025
      vertex -14.715550 1.384396 0.500000
      vertex -14.880000 0.000000 0.500000
    endloop
  endfacet
  facet normal 0.862402 0.329562 0.384255
    outer loop
      vertex -8.324450 1.384396 0.500000
      vertex -8.801703 2.633278 0.500000
      vertex -9.008621 2.633278 0.964396
    endloop
  endfacet
  facet normal 0.862402 0.329562 0.384255
    outer loop
      vertex -8.324450 1.384396 0.500000
      vertex -9.008621 2.633278 0.964396
      vertex -8.567697 1.384396 1.045930
    endloop
  endfacet
  facet normal 0.538900 0.242920 0.806583
    outer loop
      vertex -8.567697 1.384396 1.045930
      vertex -9.008621 2.633278 0.964396
      vertex -9.597874 2.633278 1.358092
    endloop
  endfacet
  facet normal 0.538900 0.242920 0.806583
    outer loop
      vertex -8.567697 1.384396 1.045930
      vertex -9.597874 2.633278 1.358092
      vertex -9.260405 1.384396 1.508748
    endloop
  endfacet
  facet normal 0.280677 0.189351 0.940939
    outer loop
      vertex -9.260405 1.384396 1.508748
      vertex -9.597874 2.633278 1.358092
      vertex -10.479753 2.633278 1.621151
    endloop
  endfacet
  facet normal 0.280677 0.189351 0.940939
    outer loop
      vertex -9.260405 1.384396 1.508748
      vertex -10.479753 2.633278 1.621151
      vertex -10.297116 1.384396 1.817992
    endloop
  endfacet
  facet normal 0.087202 0.167530 0.982003
    outer loop
      vertex -10.297116 1.384396 1.817992
      vertex -10.479753 2.633278 1.621151
      vertex -11.520000 2.633278 1.713525
    endloop
  endfacet
  facet normal 0.087202 0.167530 0.982003
    outer loop
      vertex -10.297116 1.384396 1.817992
      vertex -11.520000 2.633278 1.713525
      vertex -11.520000 1.384396 1.926585
    endloop
  endfacet
  facet normal -0.087202 0.167530 0.982003
    outer loop
      vertex -11.520000 1.384396 1.926585
      vertex -11.520000 2.633278 1.713525
      vertex -12.560247 2.633278 1.621151
    endloop
  endfacet
  facet normal -0.087202 0.167530 0.982003
    outer loop
      vertex -11.520000 1.384396 1.926585
      vertex -12.560247 2.633278 1.621151
      vertex -12.742884 1.384396 1.817992
    endloop
  endfacet
  facet normal -0.280677 0.189351 0.940939
    outer loop
      vertex -12.742884 1.384396 1.817992
      vertex -12.560247 2.633278 1.621151
      vertex -13.442126 2.633278 1.358092
    endloop
  endfacet
  facet normal -0.280677 0.189351 0.940939
    outer loop
      vertex -12.742884 1.384396 1.817992
      vertex -13.442126 2.633278 1.358092
      vertex -13.779595 1.384396 1.508748
    endloop
  endfacet
  facet normal -0.538900 0.242920 0.806583
    outer loop
      vertex -13.779595 1.384396 1.508748
      vertex -13.442126 2.633278 1.358092
      vertex -14.031379 2.633278 0.964396
    endloop
  endfacet
  facet normal -0.538900 0.242920 0.806583
    outer loop
      vertex -13.779595 1.384396 1.508748
      vertex -14.031379 2.633278 0.964396
      vertex -14.472303 1.384396 1.045930
    endloop
  endfacet
  facet normal -0.862402 0.329562 0.384255
    outer loop
      vertex -14.472303 1.384396 1.045930
      vertex -14.031379 2.633278 0.964396
      vertex -14.238297 2.633278 0.500000
    endloop
  endfacet
  facet normal -0.862402 0.329562 0.384255
    outer loop
      vertex -14.472303 1.384396 1.045930
      vertex -14.238297 2.633278 0.500000
      vertex -14.715550 1.384396 0.500000
    endloop
  endfacet
  facet normal 0.753559 0.565169 0.335758
    outer loop
      vertex -8.801703 2.633278 0.500000
      vertex -9.545042 3.624396 0.500000
      vertex -9.695376 3.624396 0.837404
    endloop
  endfacet
  facet normal 0.753559 0.565169 0.335758
    outer loop
      vertex -8.801703 2.633278 0.500000
      vertex -9.695376 3.624396 0.837404
      vertex -9.008621 2.633278 0.964396
    endloop
  endfacet
  facet normal 0.498579 0.441085 0.746233
    outer loop
      vertex -9.008621 2.633278 0.964396
      vertex -9.695376 3.624396 0.837404
      vertex -10.123493 3.624396 1.123440
    endloop
  endfacet
  facet normal 0.498579 0.441085 0.746233
    outer loop
      vertex -9.008621 2.633278 0.964396
      vertex -10.123493 3.624396 1.123440
      vertex -9.597874 2.633278 1.358092
    endloop
  endfacet
  facet normal 0.267341 0.353967 0.896234
    outer loop
      vertex -9.597874 2.633278 1.358092
      vertex -10.123493 3.624396 1.123440
      vertex -10.764216 3.624396 1.314564
    endloop
  endfacet
  facet normal 0.267341 0.353967 0.896234
    outer loop
      vertex -9.597874 2.633278 1.358092
      vertex -10.764216 3.624396 1.314564
      vertex -10.479753 2.633278 1.621151
    endloop
  endfacet
  facet normal 0.083909 0.316378 0.944915
    outer loop
      vertex -10.479753 2.633278 1.621151
      vertex -10.764216 3.624396 1.314564
      vertex -11.520000 3.624396 1.381678
    endloop
  endfacet
  facet normal 0.083909 0.316378 0.944915
    outer loop
      vertex -10.479753 2.633278 1.621151
      vertex -11.520000 3.624396 1.381678
      vertex -11.520000 2.633278 1.713525
    endloop
  endfacet
  facet normal -0.083909 0.316378 0.944915
    outer loop
      vertex -11.520000 2.633278 1.713525
      vertex -11.520000 3.624396 1.381678
      vertex -12.275784 3.624396 1.314564
    endloop
  endfacet
  facet normal -0.083909 0.316378 0.944915
    outer loop
      vertex -11.520000 2.633278 1.713525
      vertex -12.275784 3.624396 1.314564
      vertex -12.560247 2.633278 1.621151
    endloop
  endfacet
  facet normal -0.267341 0.353967 0.896234
    outer loop
      vertex -12.560247 2.633278 1.621151
      vertex -12.275784 3.624396 1.314564
      vertex -12.916507 3.624396 1.123440
    endloop
  endfacet
  facet normal -0.267341 0.353967 0.896234
    outer loop
      vertex -12.560247 2.633278 1.621151
      vertex -12.916507 3.624396 1.123440
      vertex -13.442126 2.633278 1.358092
    endloop
  endfacet
  facet normal -0.498579 0.441085 0.746233
    outer loop
      vertex -13.442126 2.633278 1.358092
      vertex -12.916507 3.624396 1.123440
      vertex -13.344624 3.624396 0.837404
    endloop
  endfacet
  facet normal -0.498579 0.441085 0.746233
    outer loop
      vertex -13.442126 2.633278 1.358092
      vertex -13.344624 3.624396 0.837404
      vertex -14.031379 2.633278 0.964396
    endloop
  endfacet
  facet normal -0.753559 0.565169 0.335758
    outer loop
      vertex -14.031379 2.633278 0.964396
      vertex -13.344624 3.624396 0.837404
      vertex -13.494958 3.624396 0.500000
    endloop
  endfacet
  facet normal -0.753559 0.565169 0.335758
    outer loop
      vertex -14.031379 2.633278 0.964396
      vertex -13.494958 3.624396 0.500000
      vertex -14.238297 2.633278 0.500000
    endloop
  endfacet
  facet normal 0.545124 0.802400 0.242888
    outer loop
      vertex -9.545042 3.624396 0.500000
      vertex -10.481703 4.260733 0.500000
      vertex -10.560739 4.260733 0.677384
    endloop
  endfacet
  facet normal 0.545124 0.802400 0.242888
    outer loop
      vertex -9.545042 3.624396 0.500000
      vertex -10.560739 4.260733 0.677384
      vertex -9.695376 3.624396 0.837404
    endloop
  endfacet
  facet normal 0.399844 0.694246 0.598454
    outer loop
      vertex -9.695376 3.624396 0.837404
      vertex -10.560739 4.260733 0.677384
      vertex -10.785813 4.260733 0.827762
    endloop
  endfacet
  facet normal 0.399844 0.694246 0.598454
    outer loop
      vertex -9.695376 3.624396 0.837404
      vertex -10.785813 4.260733 0.827762
      vertex -10.123493 3.624396 1.123440
    endloop
  endfacet
  facet normal 0.229470 0.596288 0.769275
    outer loop
      vertex -10.123493 3.624396 1.123440
      vertex -10.785813 4.260733 0.827762
      vertex -11.122661 4.260733 0.928242
    endloop
  endfacet
  facet normal 0.229470 0.596288 0.769275
    outer loop
      vertex -10.123493 3.624396 1.123440
      vertex -11.122661 4.260733 0.928242
      vertex -10.764216 3.624396 1.314564
    endloop
  endfacet
  facet normal 0.074008 0.547661 0.833421
    outer loop
      vertex -10.764216 3.624396 1.314564
      vertex -11.122661 4.260733 0.928242
      vertex -11.520000 4.260733 0.963525
    endloop
  endfacet
  facet normal 0.074008 0.547661 0.833421
    outer loop
      vertex -10.764216 3.624396 1.314564
      vertex -11.520000 4.260733 0.963525
      vertex -11.520000 3.624396 1.381678
    endloop
  endfacet
  facet normal -0.074008 0.547661 0.833421
    outer loop
      vertex -11.520000 3.624396 1.381678
      vertex -11.520000 4.260733 0.963525
      vertex -11.917339 4.260733 0.928242
    endloop
  endfacet
  facet normal -0.074008 0.547661 0.833421
    outer loop
      vertex -11.520000 3.624396 1.381678
      vertex -11.917339 4.260733 0.928242
      vertex -12.275784 3.624396 1.314564
    endloop
  endfacet
  facet normal -0.229470 0.596288 0.769275
    outer loop
      vertex -12.275784 3.624396 1.314564
      vertex -11.917339 4.260733 0.928242
      vertex -12.254187 4.260733 0.827762
    endloop
  endfacet
  facet normal -0.229470 0.596288 0.769275
    outer loop
      vertex -12.275784 3.624396 1.314564
      vertex -12.254187 4.260733 0.827762
      vertex -12.916507 3.624396 1.123440
    endloop
  endfacet
  facet normal -0.399844 0.694246 0.598454
    outer loop
      vertex -12.916507 3.624396 1.123440
      vertex -12.254187 4.260733 0.827762
      vertex -12.479261 4.260733 0.677384
    endloop
  endfacet
  facet normal -0.399844 0.694246 0.598454
    outer loop
      vertex -12.916507 3.624396 1.123440
      vertex -12.479261 4.260733 0.677384
      vertex -13.344624 3.624396 0.837404
    endloop
  endfacet
  facet normal -0.545124 0.802400 0.242888
    outer loop
      vertex -13.344624 3.624396 0.837404
      vertex -12.479261 4.260733 0.677384
      vertex -12.558297 4.260733 0.500000
    endloop
  endfacet
  facet normal -0.545124 0.802400 0.242888
    outer loop
      vertex -13.344624 3.624396 0.837404
      vertex -12.558297 4.260733 0.500000
      vertex -13.494958 3.624396 0.500000
    endloop
  endfacet
  facet normal 0.000000 0.000000 1.000000
    outer loop
      vertex -10.481703 4.260733 0.500000
      vertex -11.520000 4.480000 0.500000
      vertex -11.520000 4.480000 0.500000
    endloop
  endfacet
  facet normal 0.205752 0.974301 0.091676
    outer loop
      vertex -10.481703 4.260733 0.500000
      vertex -11.520000 4.480000 0.500000
      vertex -10.560739 4.260733 0.677384
    endloop
  endfacet
  facet normal 0.000000 0.000000 1.000000
    outer loop
      vertex -10.560739 4.260733 0.677384
      vertex -11.520000 4.480000 0.500000
      vertex -11.520000 4.480000 0.500000
    endloop
  endfacet
  facet normal 0.170399 0.951797 0.255040
    outer loop
      vertex -10.560739 4.260733 0.677384
      vertex -11.520000 4.480000 0.500000
      vertex -10.785813 4.260733 0.827762
    endloop
  endfacet
  facet normal 0.000000 0.000000 1.000000
    outer loop
      vertex -10.785813 4.260733 0.827762
      vertex -11.520000 4.480000 0.500000
      vertex -11.520000 4.480000 0.500000
    endloop
  endfacet
  facet normal 0.110350 0.922480 0.369938
    outer loop
      vertex -10.785813 4.260733 0.827762
      vertex -11.520000 4.480000 0.500000
      vertex -11.122661 4.260733 0.928242
    endloop
  endfacet
  facet normal 0.000000 0.000000 1.000000
    outer loop
      vertex -11.122661 4.260733 0.928242
      vertex -11.520000 4.480000 0.500000
      vertex -11.520000 4.480000 0.500000
    endloop
  endfacet
  facet normal 0.037945 0.903311 0.427304
    outer loop
      vertex -11.122661 4.260733 0.928242
      vertex -11.520000 4.480000 0.500000
      vertex -11.520000 4.260733 0.963525
    endloop
  endfacet
  facet normal 0.000000 0.000000 1.000000
    outer loop
      vertex -11.520000 4.260733 0.963525
      vertex -11.520000 4.480000 0.500000
      vertex -11.520000 4.480000 0.500000
    endloop
  endfacet
  facet normal -0.037945 0.903311 0.427304
    outer loop
      vertex -11.520000 4.260733 0.963525
      vertex -11.520000 4.480000 0.500000
      vertex -11.917339 4.260733 0.928242
    endloop
  endfacet
  facet normal 0.000000 0.000000 1.000000
    outer loop
      vertex -11.917339 4.260733 0.928242
      vertex -11.520000 4.480000 0.500000
      vertex -11.520000 4.480000 0.500000
    endloop
  endfacet
  facet normal -0.110350 0.922480 0.369938
    outer loop
      vertex -11.917339 4.260733 0.928242
      vertex -11.520000 4.480000 0.500000
      vertex -12.254187 4.260733 0.827762
    endloop
  endfacet
  facet normal 0.000000 0.000000 1.000000
    outer loop
      vertex -12.254187 4.260733 0.827762
      vertex -11.520000 4.480000 0.500000
      vertex -11.520000 4.480000 0.500000
    endloop
  endfacet
  facet normal -0.170399 0.951797 0.255040
    outer loop
      vertex -12.254187 4.260733 0.827762
      vertex -11.520000 4.480000 0.500000
      vertex -12.479261 4.260733 0.677384
    endloop
  endfacet
  facet normal 0.000000 0.000000 1.000000
    outer loop
      vertex -12.479261 4.260733 0.677384
      vertex -11.520000 4.480000 0.500000
      vertex -11.520000 4.480000 0.500000
    endloop
  endfacet
  facet normal -0.205752 0.974301 0.091676
    outer loop
      vertex -12.479261 4.260733 0.677384
      vertex -11.520000 4.480000 0.500000
      vertex -12.558297 4.260733 0.500000
    endloop
  endfacet
  facet normal 0.834423 -0.543446 0.091676
    outer loop
      vertex -4.978032 -11.313708 0.500000
      vertex -4.398890 -10.424477 0.500000
      vertex -4.454777 -10.480363 0.677384
    endloop
  endfacet
  facet normal 0.000000 0.000000 1.000000
    outer loop
      vertex -4.978032 -11.313708 0.500000
      vertex -4.454777 -10.480363 0.677384
      vertex -4.978032 -11.313708 0.500000
    endloop
  endfacet
  facet normal 0.793513 -0.552532 0.255040
    outer loop
      vertex -4.978032 -11.313708 0.500000
      vertex -4.454777 -10.480363 0.677384
      vertex -4.613928 -10.639515 0.827762
    endloop
  endfacet
  facet normal 0.000000 0.000000 1.000000
    outer loop
      vertex -4.978032 -11.313708 0.500000
      vertex -4.613928 -10.639515 0.827762
      vertex -4.978032 -11.313708 0.500000
    endloop
  endfacet
  facet normal 0.730321 -0.574262 0.369938
    outer loop
      vertex -4.978032 -11.313708 0.500000
      vertex -4.613928 -10.639515 0.827762
      vertex -4.852116 -10.877702 0.928242
    endloop
  endfacet
  facet normal 0.000000 0.000000 1.000000
    outer loop
      vertex -4.978032 -11.313708 0.500000
      vertex -4.852116 -10.877702 0.928242
      vertex -4.978032 -11.313708 0.500000
    endloop
  endfacet
  facet normal 0.665569 -0.611907 0.427304
    outer loop
      vertex -4.978032 -11.313708 0.500000
      vertex -4.852116 -10.877702 0.928242
      vertex -5.133077 -11.158663 0.963525
    endloop
  endfacet
  facet normal 0.000000 0.000000 1.000000
    outer loop
      vertex -4.978032 -11.313708 0.500000
      vertex -5.133077 -11.158663 0.963525
      vertex -4.978032 -11.313708 0.500000
    endloop
  endfacet
  facet normal 0.611907 -0.665569 0.427304
    outer loop
      vertex -4.978032 -11.313708 0.500000
      vertex -5.133077 -11.158663 0.963525
      vertex -5.414038 -11.439625 0.928242
    endloop
  endfacet
  facet normal 0.000000 0.000000 1.000000
    outer loop
      vertex -4.978032 -11.313708 0.500000
      vertex -5.414038 -11.439625 0.928242
      vertex -4.978032 -11.313708 0.500000
    endloop
  endfacet
  facet normal 0.574262 -0.730321 0.369938
    outer loop
      vertex -4.978032 -11.313708 0.500000
      vertex -5.414038 -11.439625 0.928242
      vertex -5.652225 -11.677812 0.827762
    endloop
  endfacet
  facet normal 0.000000 0.000000 1.000000
    outer loop
      vertex -4.978032 -11.313708 0.500000
      vertex -5.652225 -11.677812 0.827762
      vertex -4.978032 -11.313708 0.500000
    endloop
  endfacet
  facet normal 0.552532 -0.793513 0.255040
    outer loop
      vertex -4.978032 -11.313708 0.500000
      vertex -5.652225 -11.677812 0.827762
      vertex -5.811377 -11.836964 0.677384
    endloop
  endfacet
  facet normal 0.000000 0.000000 1.000000
    outer loop
      vertex -4.978032 -11.313708 0.500000
      vertex -5.811377 -11.836964 0.677384
      vertex -4.978032 -11.313708 0.500000
    endloop
  endfacet
  facet normal 0.543446 -0.834423 0.091676
    outer loop
      vertex -4.978032 -11.313708 0.500000
      vertex -5.811377 -11.836964 0.677384
      vertex -5.867264 -11.892850 0.500000
    endloop
  endfacet
  facet normal 0.000000 0.000000 1.000000
    outer loop
      vertex -4.978032 -11.313708 0.500000
      vertex -5.867264 -11.892850 0.500000
      vertex -4.978032 -11.313708 0.500000
    endloop
  endfacet
  facet normal 0.952843 -0.181921 0.242888
    outer loop
      vertex -4.398890 -10.424477 0.500000
      vertex -4.186529 -9.312199 0.500000
      vertex -4.292831 -9.418501 0.837404
    endloop
  endfacet
  facet normal 0.952843 -0.181921 0.242888
    outer loop
      vertex -4.398890 -10.424477 0.500000
      vertex -4.292831 -9.418501 0.837404
      vertex -4.454777 -10.480363 0.677384
    endloop
  endfacet
  facet normal 0.773638 -0.208174 0.598454
    outer loop
      vertex -4.454777 -10.480363 0.677384
      vertex -4.292831 -9.418501 0.837404
      vertex -4.595556 -9.721226 1.123440
    endloop
  endfacet
  facet normal 0.773638 -0.208174 0.598454
    outer loop
      vertex -4.454777 -10.480363 0.677384
      vertex -4.595556 -9.721226 1.123440
      vertex -4.613928 -10.639515 0.827762
    endloop
  endfacet
  facet normal 0.583899 -0.259380 0.769275
    outer loop
      vertex -4.613928 -10.639515 0.827762
      vertex -4.595556 -9.721226 1.123440
      vertex -5.048615 -10.174285 1.314564
    endloop
  endfacet
  facet normal 0.583899 -0.259380 0.769275
    outer loop
      vertex -4.613928 -10.639515 0.827762
      vertex -5.048615 -10.174285 1.314564
      vertex -4.852116 -10.877702 0.928242
    endloop
  endfacet
  facet normal 0.439586 -0.334923 0.833421
    outer loop
      vertex -4.852116 -10.877702 0.928242
      vertex -5.048615 -10.174285 1.314564
      vertex -5.583035 -10.708705 1.381678
    endloop
  endfacet
  facet normal 0.439586 -0.334923 0.833421
    outer loop
      vertex -4.852116 -10.877702 0.928242
      vertex -5.583035 -10.708705 1.381678
      vertex -5.133077 -11.158663 0.963525
    endloop
  endfacet
  facet normal 0.334923 -0.439586 0.833421
    outer loop
      vertex -5.133077 -11.158663 0.963525
      vertex -5.583035 -10.708705 1.381678
      vertex -6.117455 -11.243125 1.314564
    endloop
  endfacet
  facet normal 0.334923 -0.439586 0.833421
    outer loop
      vertex -5.133077 -11.158663 0.963525
      vertex -6.117455 -11.243125 1.314564
      vertex -5.414038 -11.439625 0.928242
    endloop
  endfacet
  facet normal 0.259380 -0.583899 0.769275
    outer loop
      vertex -5.414038 -11.439625 0.928242
      vertex -6.117455 -11.243125 1.314564
      vertex -6.570514 -11.696184 1.123440
    endloop
  endfacet
  facet normal 0.259380 -0.583899 0.769275
    outer loop
      vertex -5.414038 -11.439625 0.928242
      vertex -6.570514 -11.696184 1.123440
      vertex -5.652225 -11.677812 0.827762
    endloop
  endfacet
  facet normal 0.208174 -0.773638 0.598454
    outer loop
      vertex -5.652225 -11.677812 0.827762
      vertex -6.570514 -11.696184 1.123440
      vertex -6.873239 -11.998909 0.837404
    endloop
  endfacet
  facet normal 0.208174 -0.773638 0.598454
    outer loop
      vertex -5.652225 -11.677812 0.827762
      vertex -6.873239 -11.998909 0.837404
      vertex -5.811377 -11.836964 0.677384
    endloop
  endfacet
  facet normal 0.181921 -0.952843 0.242888
    outer loop
      vertex -5.811377 -11.836964 0.677384
      vertex -6.873239 -11.998909 0.837404
      vertex -6.979542 -12.105212 0.500000
    endloop
  endfacet
  facet normal 0.181921 -0.952843 0.242888
    outer loop
      vertex -5.811377 -11.836964 0.677384
      vertex -6.979542 -12.105212 0.500000
      vertex -5.867264 -11.892850 0.500000
    endloop
  endfacet
  facet normal 0.932481 0.133212 0.335758
    outer loop
      vertex -4.186529 -9.312199 0.500000
      vertex -4.361735 -8.085752 0.500000
      vertex -4.508048 -8.232066 0.964396
    endloop
  endfacet
  facet normal 0.932481 0.133212 0.335758
    outer loop
      vertex -4.186529 -9.312199 0.500000
      vertex -4.508048 -8.232066 0.964396
      vertex -4.292831 -9.418501 0.837404
    endloop
  endfacet
  facet normal 0.664443 0.040654 0.746233
    outer loop
      vertex -4.292831 -9.418501 0.837404
      vertex -4.508048 -8.232066 0.964396
      vertex -4.924713 -8.648730 1.358092
    endloop
  endfacet
  facet normal 0.664443 0.040654 0.746233
    outer loop
      vertex -4.292831 -9.418501 0.837404
      vertex -4.924713 -8.648730 1.358092
      vertex -4.595556 -9.721226 1.123440
    endloop
  endfacet
  facet normal 0.439331 -0.061253 0.896234
    outer loop
      vertex -4.595556 -9.721226 1.123440
      vertex -4.924713 -8.648730 1.358092
      vertex -5.548296 -9.272313 1.621151
    endloop
  endfacet
  facet normal 0.439331 -0.061253 0.896234
    outer loop
      vertex -4.595556 -9.721226 1.123440
      vertex -5.548296 -9.272313 1.621151
      vertex -5.048615 -10.174285 1.314564
    endloop
  endfacet
  facet normal 0.283045 -0.164381 0.944915
    outer loop
      vertex -5.048615 -10.174285 1.314564
      vertex -5.548296 -9.272313 1.621151
      vertex -6.283861 -10.007879 1.713525
    endloop
  endfacet
  facet normal 0.283045 -0.164381 0.944915
    outer loop
      vertex -5.048615 -10.174285 1.314564
      vertex -6.283861 -10.007879 1.713525
      vertex -5.583035 -10.708705 1.381678
    endloop
  endfacet
  facet normal 0.164381 -0.283045 0.944915
    outer loop
      vertex -5.583035 -10.708705 1.381678
      vertex -6.283861 -10.007879 1.713525
      vertex -7.019427 -10.743445 1.621151
    endloop
  endfacet
  facet normal 0.164381 -0.283045 0.944915
    outer loop
      vertex -5.583035 -10.708705 1.381678
      vertex -7.019427 -10.743445 1.621151
      vertex -6.117455 -11.243125 1.314564
    endloop
  endfacet
  facet normal 0.061253 -0.439331 0.896234
    outer loop
      vertex -6.117455 -11.243125 1.314564
      vertex -7.019427 -10.743445 1.621151
      vertex -7.643010 -11.367027 1.358092
    endloop
  endfacet
  facet normal 0.061253 -0.439331 0.896234
    outer loop
      vertex -6.117455 -11.243125 1.314564
      vertex -7.643010 -11.367027 1.358092
      vertex -6.570514 -11.696184 1.123440
    endloop
  endfacet
  facet normal -0.040654 -0.664443 0.746233
    outer loop
      vertex -6.570514 -11.696184 1.123440
      vertex -7.643010 -11.367027 1.358092
      vertex -8.059675 -11.783692 0.964396
    endloop
  endfacet
  facet normal -0.040654 -0.664443 0.746233
    outer loop
      vertex -6.570514 -11.696184 1.123440
      vertex -8.059675 -11.783692 0.964396
      vertex -6.873239 -11.998909 0.837404
    endloop
  endfacet
  facet normal -0.133212 -0.932481 0.335758
    outer loop
      vertex -6.873239 -11.998909 0.837404
      vertex -8.059675 -11.783692 0.964396
      vertex -8.205988 -11.930005 0.500000
    endloop
  endfacet
  facet normal -0.133212 -0.932481 0.335758
    outer loop
      vertex -6.873239 -11.998909 0.837404
      vertex -8.205988 -11.930005 0.500000
      vertex -6.979542 -12.105212 0.500000
    endloop
  endfacet
  facet normal 0.842846 0.376775 0.384255
    outer loop
      vertex -4.361735 -8.085752 0.500000
      vertex -4.907359 -6.865191 0.500000
      vertex -5.079361 -7.037192 1.045930
    endloop
  endfacet
  facet normal 0.842846 0.376775 0.384255
    outer loop
      vertex -4.361735 -8.085752 0.500000
      vertex -5.079361 -7.037192 1.045930
      vertex -4.508048 -8.232066 0.964396
    endloop
  endfacet
  facet normal 0.552830 0.209290 0.806583
    outer loop
      vertex -4.508048 -8.232066 0.964396
      vertex -5.079361 -7.037192 1.045930
      vertex -5.569179 -7.527011 1.508748
    endloop
  endfacet
  facet normal 0.552830 0.209290 0.806583
    outer loop
      vertex -4.508048 -8.232066 0.964396
      vertex -5.569179 -7.527011 1.508748
      vertex -4.924713 -8.648730 1.358092
    endloop
  endfacet
  facet normal 0.332360 0.064577 0.940939
    outer loop
      vertex -4.924713 -8.648730 1.358092
      vertex -5.569179 -7.527011 1.508748
      vertex -6.302245 -8.260076 1.817992
    endloop
  endfacet
  facet normal 0.332360 0.064577 0.940939
    outer loop
      vertex -4.924713 -8.648730 1.358092
      vertex -6.302245 -8.260076 1.817992
      vertex -5.548296 -9.272313 1.621151
    endloop
  endfacet
  facet normal 0.180123 -0.056800 0.982003
    outer loop
      vertex -5.548296 -9.272313 1.621151
      vertex -6.302245 -8.260076 1.817992
      vertex -7.166954 -9.124786 1.926585
    endloop
  endfacet
  facet normal 0.180123 -0.056800 0.982003
    outer loop
      vertex -5.548296 -9.272313 1.621151
      vertex -7.166954 -9.124786 1.926585
      vertex -6.283861 -10.007879 1.713525
    endloop
  endfacet
  facet normal 0.056800 -0.180123 0.982003
    outer loop
      vertex -6.283861 -10.007879 1.713525
      vertex -7.166954 -9.124786 1.926585
      vertex -8.031664 -9.989496 1.817992
    endloop
  endfacet
  facet normal 0.056800 -0.180123 0.982003
    outer loop
      vertex -6.283861 -10.007879 1.713525
      vertex -8.031664 -9.989496 1.817992
      vertex -7.019427 -10.743445 1.621151
    endloop
  endfacet
  facet normal -0.064577 -0.332360 0.940939
    outer loop
      vertex -7.019427 -10.743445 1.621151
      vertex -8.031664 -9.989496 1.817992
      vertex -8.764729 -10.722561 1.508748
    endloop
  endfacet
  facet normal -0.064577 -0.332360 0.940939
    outer loop
      vertex -7.019427 -10.743445 1.621151
      vertex -8.764729 -10.722561 1.508748
      vertex -7.643010 -11.367027 1.358092
    endloop
  endfacet
  facet normal -0.209290 -0.552830 0.806583
    outer loop
      vertex -7.643010 -11.367027 1.358092
      vertex -8.764729 -10.722561 1.508748
      vertex -9.254548 -11.212380 1.045930
    endloop
  endfacet
  facet normal -0.209290 -0.552830 0.806583
    outer loop
      vertex -7.643010 -11.367027 1.358092
      vertex -9.254548 -11.212380 1.045930
      vertex -8.059675 -11.783692 0.964396
    endloop
  endfacet
  facet normal -0.376775 -0.842846 0.384255
    outer loop
      vertex -8.059675 -11.783692 0.964396
      vertex -9.254548 -11.212380 1.045930
      vertex -9.426549 -11.384381 0.500000
    endloop
  endfacet
  facet normal -0.376775 -0.842846 0.384255
    outer loop
      vertex -8.059675 -11.783692 0.964396
      vertex -9.426549 -11.384381 0.500000
      vertex -8.205988 -11.930005 0.500000
    endloop
  endfacet
  facet normal 0.718402 0.565848 0.404617
    outer loop
      vertex -4.907359 -6.865191 0.500000
      vertex -5.769991 -5.769991 0.500000
      vertex -5.950844 -5.950844 1.074025
    endloop
  endfacet
  facet normal 0.718402 0.565848 0.404617
    outer loop
      vertex -4.907359 -6.865191 0.500000
      vertex -5.950844 -5.950844 1.074025
      vertex -5.079361 -7.037192 1.045930
    endloop
  endfacet
  facet normal 0.446519 0.336765 0.828981
    outer loop
      vertex -5.079361 -7.037192 1.045930
      vertex -5.950844 -5.950844 1.074025
      vertex -6.465870 -6.465870 1.560660
    endloop
  endfacet
  facet normal 0.446519 0.336765 0.828981
    outer loop
      vertex -5.079361 -7.037192 1.045930
      vertex -6.465870 -6.465870 1.560660
      vertex -5.569179 -7.527011 1.508748
    endloop
  endfacet
  facet normal 0.244073 0.159452 0.956558
    outer loop
      vertex -5.569179 -7.527011 1.508748
      vertex -6.465870 -6.465870 1.560660
      vertex -7.236661 -7.236661 1.885819
    endloop
  endfacet
  facet normal 0.244073 0.159452 0.956558
    outer loop
      vertex -5.569179 -7.527011 1.508748
      vertex -7.236661 -7.236661 1.885819
      vertex -6.302245 -8.260076 1.817992
    endloop
  endfacet
  facet normal 0.099757 0.025159 0.994694
    outer loop
      vertex -6.302245 -8.260076 1.817992
      vertex -7.236661 -7.236661 1.885819
      vertex -8.145870 -8.145870 2.000000
    endloop
  endfacet
  facet normal 0.099757 0.025159 0.994694
    outer loop
      vertex -6.302245 -8.260076 1.817992
      vertex -8.145870 -8.145870 2.000000
      vertex -7.166954 -9.124786 1.926585
    endloop
  endfacet
  facet normal -0.025159 -0.099757 0.994694
    outer loop
      vertex -7.166954 -9.124786 1.926585
      vertex -8.145870 -8.145870 2.000000
      vertex -9.055080 -9.055080 1.885819
    endloop
  endfacet
  facet normal -0.025159 -0.099757 0.994694
    outer loop
      vertex -7.166954 -9.124786 1.926585
      vertex -9.055080 -9.055080 1.885819
      vertex -8.031664 -9.989496 1.817992
    endloop
  endfacet
  facet normal -0.159452 -0.244073 0.956558
    outer loop
      vertex -8.031664 -9.989496 1.817992
      vertex -9.055080 -9.055080 1.885819
      vertex -9.825870 -9.825870 1.560660
    endloop
  endfacet
  facet normal -0.159452 -0.244073 0.956558
    outer loop
      vertex -8.031664 -9.989496 1.817992
      vertex -9.825870 -9.825870 1.560660
      vertex -8.764729 -10.722561 1.508748
    endloop
  endfacet
  facet normal -0.336765 -0.446519 0.828981
    outer loop
      vertex -8.764729 -10.722561 1.508748
      vertex -9.825870 -9.825870 1.560660
      vertex -10.340896 -10.340896 1.074025
    endloop
  endfacet
  facet normal -0.336765 -0.446519 0.828981
    outer loop
      vertex -8.764729 -10.722561 1.508748
      vertex -10.340896 -10.340896 1.074025
      vertex -9.254548 -11.212380 1.045930
    endloop
  endfacet
  facet normal -0.565848 -0.718402 0.404617
    outer loop
      vertex -9.254548 -11.212380 1.045930
      vertex -10.340896 -10.340896 1.074025
      vertex -10.521749 -10.521749 0.500000
    endloop
  endfacet
  facet normal -0.565848 -0.718402 0.404617
    outer loop
      vertex -9.254548 -11.212380 1.045930
      vertex -10.521749 -10.521749 0.500000
      vertex -9.426549 -11.384381 0.500000
    endloop
  endfacet
  facet normal 0.565848 0.718402 0.404617
    outer loop
      vertex -5.769991 -5.769991 0.500000
      vertex -6.865191 -4.907359 0.500000
      vertex -7.037192 -5.079361 1.045930
    endloop
  endfacet
  facet normal 0.565848 0.718402 0.404617
    outer loop
      vertex -5.769991 -5.769991 0.500000
      vertex -7.037192 -5.079361 1.045930
      vertex -5.950844 -5.950844 1.074025
    endloop
  endfacet
  facet normal 0.336765 0.446519 0.828981
    outer loop
      vertex -5.950844 -5.950844 1.074025
      vertex -7.037192 -5.079361 1.045930
      vertex -7.527011 -5.569179 1.508748
    endloop
  endfacet
  facet normal 0.336765 0.446519 0.828981
    outer loop
      vertex -5.950844 -5.950844 1.074025
      vertex -7.527011 -5.569179 1.508748
      vertex -6.465870 -6.465870 1.560660
    endloop
  endfacet
  facet normal 0.159452 0.244073 0.956558
    outer loop
      vertex -6.465870 -6.465870 1.560660
      vertex -7.527011 -5.569179 1.508748
      vertex -8.260076 -6.302245 1.817992
    endloop
  endfacet
  facet normal 0.159452 0.244073 0.956558
    outer loop
      vertex -6.465870 -6.465870 1.560660
      vertex -8.260076 -6.302245 1.817992
      vertex -7.236661 -7.236661 1.885819
    endloop
  endfacet
  facet normal 0.025159 0.099757 0.994694
    outer loop
      vertex -7.236661 -7.236661 1.885819
      vertex -8.260076 -6.302245 1.817992
      vertex -9.124786 -7.166954 1.926585
    endloop
  endfacet
  facet normal 0.025159 0.099757 0.994694
    outer loop
      vertex -7.236661 -7.236661 1.885819
      vertex -9.124786 -7.166954 1.926585
      vertex -8.145870 -8.145870 2.000000
    endloop
  endfacet
  facet normal -0.099757 -0.025159 0.994694
    outer loop
      vertex -8.145870 -8.145870 2.000000
      vertex -9.124786 -7.166954 1.926585
      vertex -9.989496 -8.031664 1.817992
    endloop
  endfacet
  facet normal -0.099757 -0.025159 0.994694
    outer loop
      vertex -8.145870 -8.145870 2.000000
      vertex -9.989496 -8.031664 1.817992
      vertex -9.055080 -9.055080 1.885819
    endloop
  endfacet
  facet normal -0.244073 -0.159452 0.956558
    outer loop
      vertex -9.055080 -9.055080 1.885819
      vertex -9.989496 -8.031664 1.817992
      vertex -10.722561 -8.764729 1.508748
    endloop
  endfacet
  facet normal -0.244073 -0.159452 0.956558
    outer loop
      vertex -9.055080 -9.055080 1.885819
      vertex -10.722561 -8.764729 1.508748
      vertex -9.825870 -9.825870 1.560660
    endloop
  endfacet
  facet normal -0.446519 -0.336765 0.828981
    outer loop
      vertex -9.825870 -9.825870 1.560660
      vertex -10.722561 -8.764729 1.508748
      vertex -11.212380 -9.254548 1.045930
    endloop
  endfacet
  facet normal -0.446519 -0.336765 0.828981
    outer loop
      vertex -9.825870 -9.825870 1.560660
      vertex -11.212380 -9.254548 1.045930
      vertex -10.340896 -10.340896 1.074025
    endloop
  endfacet
  facet normal -0.718402 -0.565848 0.404617
    outer loop
      vertex -10.340896 -10.340896 1.074025
      vertex -11.212380 -9.254548 1.045930
      vertex -11.384381 -9.426549 0.500000
    endloop
  endfacet
  facet normal -0.718402 -0.565848 0.404617
    outer loop
      vertex -10.340896 -10.340896 1.074025
      vertex -11.384381 -9.426549 0.500000
      vertex -10.521749 -10.521749 0.500000
    endloop
  endfacet
  facet normal 0.376775 0.842846 0.384255
    outer loop
      vertex -6.865191 -4.907359 0.500000
      vertex -8.085752 -4.361735 0.500000
      vertex -8.232066 -4.508048 0.964396
    endloop
  endfacet
  facet normal 0.376775 0.842846 0.384255
    outer loop
      vertex -6.865191 -4.907359 0.500000
      vertex -8.232066 -4.508048 0.964396
      vertex -7.037192 -5.079361 1.045930
    endloop
  endfacet
  facet normal 0.209290 0.552830 0.806583
    outer loop
      vertex -7.037192 -5.079361 1.045930
      vertex -8.232066 -4.508048 0.964396
      vertex -8.648730 -4.924713 1.358092
    endloop
  endfacet
  facet normal 0.209290 0.552830 0.806583
    outer loop
      vertex -7.037192 -5.079361 1.045930
      vertex -8.648730 -4.924713 1.358092
      vertex -7.527011 -5.569179 1.508748
    endloop
  endfacet
  facet normal 0.064577 0.332360 0.940939
    outer loop
      vertex -7.527011 -5.569179 1.508748
      vertex -8.648730 -4.924713 1.358092
      vertex -9.272313 -5.548296 1.621151
    endloop
  endfacet
  facet normal 0.064577 0.332360 0.940939
    outer loop
      vertex -7.527011 -5.569179 1.508748
      vertex -9.272313 -5.548296 1.621151
      vertex -8.260076 -6.302245 1.817992
    endloop
  endfacet
  facet normal -0.056800 0.180123 0.982003
    outer loop
      vertex -8.260076 -6.302245 1.817992
      vertex -9.272313 -5.548296 1.621151
      vertex -10.007879 -6.283861 1.713525
    endloop
  endfacet
  facet normal -0.056800 0.180123 0.982003
    outer loop
      vertex -8.260076 -6.302245 1.817992
      vertex -10.007879 -6.283861 1.713525
      vertex -9.124786 -7.166954 1.926585
    endloop
  endfacet
  facet normal -0.180123 0.056800 0.982003
    outer loop
      vertex -9.124786 -7.166954 1.926585
      vertex -10.007879 -6.283861 1.713525
      vertex -10.743445 -7.019427 1.621151
    endloop
  endfacet
  facet normal -0.180123 0.056800 0.982003
    outer loop
      vertex -9.124786 -7.166954 1.926585
      vertex -10.743445 -7.019427 1.621151
      vertex -9.989496 -8.031664 1.817992
    endloop
  endfacet
  facet normal -0.332360 -0.064577 0.940939
    outer loop
      vertex -9.989496 -8.031664 1.817992
      vertex -10.743445 -7.019427 1.621151
      vertex -11.367027 -7.643010 1.358092
    endloop
  endfacet
  facet normal -0.332360 -0.064577 0.940939
    outer loop
      vertex -9.989496 -8.031664 1.817992
      vertex -11.367027 -7.643010 1.358092
      vertex -10.722561 -8.764729 1.508748
    endloop
  endfacet
  facet normal -0.552830 -0.209290 0.806583
    outer loop
      vertex -10.722561 -8.764729 1.508748
      vertex -11.367027 -7.643010 1.358092
      vertex -11.783692 -8.059675 0.964396
    endloop
  endfacet
  facet normal -0.552830 -0.209290 0.806583
    outer loop
      vertex -10.722561 -8.764729 1.508748
      vertex -11.783692 -8.059675 0.964396
      vertex -11.212380 -9.254548 1.045930
    endloop
  endfacet
  facet normal -0.842846 -0.376775 0.384255
    outer loop
      vertex -11.212380 -9.254548 1.045930
      vertex -11.783692 -8.059675 0.964396
      vertex -11.930005 -8.205988 0.500000
    endloop
  endfacet
  facet normal -0.842846 -0.376775 0.384255
    outer loop
      vertex -11.212380 -9.254548 1.045930
      vertex -11.930005 -8.205988 0.500000
      vertex -11.384381 -9.426549 0.500000
    endloop
  endfacet
  facet normal 0.133212 0.932481 0.335758
    outer loop
      vertex -8.085752 -4.361735 0.500000
      vertex -9.312199 -4.186529 0.500000
      vertex -9.418501 -4.292831 0.837404
    endloop
  endfacet
  facet normal 0.133212 0.932481 0.335758
    outer loop
      vertex -8.085752 -4.361735 0.500000
      vertex -9.418501 -4.292831 0.837404
      vertex -8.232066 -4.508048 0.964396
    endloop
  endfacet
  facet normal 0.040654 0.664443 0.746233
    outer loop
      vertex -8.232066 -4.508048 0.964396
      vertex -9.418501 -4.292831 0.837404
      vertex -9.721226 -4.595556 1.123440
    endloop
  endfacet
  facet normal 0.040654 0.664443 0.746233
    outer loop
      vertex -8.232066 -4.508048 0.964396
      vertex -9.721226 -4.595556 1.123440
      vertex -8.648730 -4.924713 1.358092
    endloop
  endfacet
  facet normal -0.061253 0.439331 0.896234
    outer loop
      vertex -8.648730 -4.924713 1.358092
      vertex -9.721226 -4.595556 1.123440
      vertex -10.174285 -5.048615 1.314564
    endloop
  endfacet
  facet normal -0.061253 0.439331 0.896234
    outer loop
      vertex -8.648730 -4.924713 1.358092
      vertex -10.174285 -5.048615 1.314564
      vertex -9.272313 -5.548296 1.621151
    endloop
  endfacet
  facet normal -0.164381 0.283045 0.944915
    outer loop
      vertex -9.272313 -5.548296 1.621151
      vertex -10.174285 -5.048615 1.314564
      vertex -10.708705 -5.583035 1.381678
    endloop
  endfacet
  facet normal -0.164381 0.283045 0.944915
    outer loop
      vertex -9.272313 -5.548296 1.621151
      vertex -10.708705 -5.583035 1.381678
      vertex -10.007879 -6.283861 1.713525
    endloop
  endfacet
  facet normal -0.283045 0.164381 0.944915
    outer loop
      vertex -10.007879 -6.283861 1.713525
      vertex -10.708705 -5.583035 1.381678
      vertex -11.243125 -6.117455 1.314564
    endloop
  endfacet
  facet normal -0.283045 0.164381 0.944915
    outer loop
      vertex -10.007879 -6.283861 1.713525
      vertex -11.243125 -6.117455 1.314564
      vertex -10.743445 -7.019427 1.621151
    endloop
  endfacet
  facet normal -0.439331 0.061253 0.896234
    outer loop
      vertex -10.743445 -7.019427 1.621151
      vertex -11.243125 -6.117455 1.314564
      vertex -11.696184 -6.570514 1.123440
    endloop
  endfacet
  facet normal -0.439331 0.061253 0.896234
    outer loop
      vertex -10.743445 -7.019427 1.621151
      vertex -11.696184 -6.570514 1.123440
      vertex -11.367027 -7.643010 1.358092
    endloop
  endfacet
  facet normal -0.664443 -0.040654 0.746233
    outer loop
      vertex -11.367027 -7.643010 1.358092
      vertex -11.696184 -6.570514 1.123440
      vertex -11.998909 -6.873239 0.837404
    endloop
  endfacet
  facet normal -0.664443 -0.040654 0.746233
    outer loop
      vertex -11.367027 -7.643010 1.358092
      vertex -11.998909 -6.873239 0.837404
      vertex -11.783692 -8.059675 0.964396
    endloop
  endfacet
  facet normal -0.932481 -0.133212 0.335758
    outer loop
      vertex -11.783692 -8.059675 0.964396
      vertex -11.998909 -6.873239 0.837404
      vertex -12.105212 -6.979542 0.500000
    endloop
  endfacet
  facet normal -0.932481 -0.133212 0.335758
    outer loop
      vertex -11.783692 -8.059675 0.964396
      vertex -12.105212 -6.979542 0.500000
      vertex -11.930005 -8.205988 0.500000
    endloop
  endfacet
  facet normal -0.181921 0.952843 0.242888
    outer loop
      vertex -9.312199 -4.186529 0.500000
      vertex -10.424477 -4.398890 0.500000
      vertex -10.480363 -4.454777 0.677384
    endloop
  endfacet
  facet normal -0.181921 0.952843 0.242888
    outer loop
      vertex -9.312199 -4.186529 0.500000
      vertex -10.480363 -4.454777 0.677384
      vertex -9.418501 -4.292831 0.837404
    endloop
  endfacet
  facet normal -0.208174 0.773638 0.598454
    outer loop
      vertex -9.418501 -4.292831 0.837404
      vertex -10.480363 -4.454777 0.677384
      vertex -10.639515 -4.613928 0.827762
    endloop
  endfacet
  facet normal -0.208174 0.773638 0.598454
    outer loop
      vertex -9.418501 -4.292831 0.837404
      vertex -10.639515 -4.613928 0.827762
      vertex -9.721226 -4.595556 1.123440
    endloop
  endfacet
  facet normal -0.259380 0.583899 0.769275
    outer loop
      vertex -9.721226 -4.595556 1.123440
      vertex -10.639515 -4.613928 0.827762
      vertex -10.877702 -4.852116 0.928242
    endloop
  endfacet
  facet normal -0.259380 0.583899 0.769275
    outer loop
      vertex -9.721226 -4.595556 1.123440
      vertex -10.877702 -4.852116 0.928242
      vertex -10.174285 -5.048615 1.314564
    endloop
  endfacet
  facet normal -0.334923 0.439586 0.833421
    outer loop
      vertex -10.174285 -5.048615 1.314564
      vertex -10.877702 -4.852116 0.928242
      vertex -11.158663 -5.133077 0.963525
    endloop
  endfacet
  facet normal -0.334923 0.439586 0.833421
    outer loop
      vertex -10.174285 -5.048615 1.314564
      vertex -11.158663 -5.133077 0.963525
      vertex -10.708705 -5.583035 1.381678
    endloop
  endfacet
  facet normal -0.439586 0.334923 0.833421
    outer loop
      vertex -10.708705 -5.583035 1.381678
      vertex -11.158663 -5.133077 0.963525
      vertex -11.439625 -5.414038 0.928242
    endloop
  endfacet
  facet normal -0.439586 0.334923 0.833421
    outer loop
      vertex -10.708705 -5.583035 1.381678
      vertex -11.439625 -5.414038 0.928242
      vertex -11.243125 -6.117455 1.314564
    endloop
  endfacet
  facet normal -0.583899 0.259380 0.769275
    outer loop
      vertex -11.243125 -6.117455 1.314564
      vertex -11.439625 -5.414038 0.928242
      vertex -11.677812 -5.652225 0.827762
    endloop
  endfacet
  facet normal -0.583899 0.259380 0.769275
    outer loop
      vertex -11.243125 -6.117455 1.314564
      vertex -11.677812 -5.652225 0.827762
      vertex -11.696184 -6.570514 1.123440
    endloop
  endfacet
  facet normal -0.773638 0.208174 0.598454
    outer loop
      vertex -11.696184 -6.570514 1.123440
      vertex -11.677812 -5.652225 0.827762
      vertex -11.836964 -5.811377 0.677384
    endloop
  endfacet
  facet normal -0.773638 0.208174 0.598454
    outer loop
      vertex -11.696184 -6.570514 1.123440
      vertex -11.836964 -5.811377 0.677384
      vertex -11.998909 -6.873239 0.837404
    endloop
  endfacet
  facet normal -0.952843 0.181921 0.242888
    outer loop
      vertex -11.998909 -6.873239 0.837404
      vertex -11.836964 -5.811377 0.677384
      vertex -11.892850 -5.867264 0.500000
    endloop
  endfacet
  facet normal -0.952843 0.181921 0.242888
    outer loop
      vertex -11.998909 -6.873239 0.837404
      vertex -11.892850 -5.867264 0.500000
      vertex -12.105212 -6.979542 0.500000
    endloop
  endfacet
  facet normal 0.000000 0.000000 1.000000
    outer loop
      vertex -10.424477 -4.398890 0.500000
      vertex -11.313708 -4.978032 0.500000
      vertex -11.313708 -4.978032 0.500000
    endloop
  endfacet
  facet normal -0.543446 0.834423 0.091676
    outer loop
      vertex -10.424477 -4.398890 0.500000
      vertex -11.313708 -4.978032 0.500000
      vertex -10.480363 -4.454777 0.677384
    endloop
  endfacet
  facet normal 0.000000 0.000000 1.000000
    outer loop
      vertex -10.480363 -4.454777 0.677384
      vertex -11.313708 -4.978032 0.500000
      vertex -11.313708 -4.978032 0.500000
    endloop
  endfacet
  facet normal -0.552532 0.793513 0.255040
    outer loop
      vertex -10.480363 -4.454777 0.677384
      vertex -11.313708 -4.978032 0.500000
      vertex -10.639515 -4.613928 0.827762
    endloop
  endfacet
  facet normal 0.000000 0.000000 1.000000
    outer loop
      vertex -10.639515 -4.613928 0.827762
      vertex -11.313708 -4.978032 0.500000
      vertex -11.313708 -4.978032 0.500000
    endloop
  endfacet
  facet normal -0.574262 0.730321 0.369938
    outer loop
      vertex -10.639515 -4.613928 0.827762
      vertex -11.313708 -4.978032 0.500000
      vertex -10.877702 -4.852116 0.928242
    endloop
  endfacet
  facet normal 0.000000 0.000000 1.000000
    outer loop
      vertex -10.877702 -4.852116 0.928242
      vertex -11.313708 -4.978032 0.500000
      vertex -11.313708 -4.978032 0.500000
    endloop
  endfacet
  facet normal -0.611907 0.665569 0.427304
    outer loop
      vertex -10.877702 -4.852116 0.928242
      vertex -11.313708 -4.978032 0.500000
      vertex -11.158663 -5.133077 0.963525
    endloop
  endfacet
  facet normal 0.000000 0.000000 1.000000
    outer loop
      vertex -11.158663 -5.133077 0.963525
      vertex -11.313708 -4.978032 0.500000
      vertex -11.313708 -4.978032 0.500000
    endloop
  endfacet
  facet normal -0.665569 0.611907 0.427304
    outer loop
      vertex -11.158663 -5.133077 0.963525
      vertex -11.313708 -4.978032 0.500000
      vertex -11.439625 -5.414038 0.928242
    endloop
  endfacet
  facet normal 0.000000 0.000000 1.000000
    outer loop
      vertex -11.439625 -5.414038 0.928242
      vertex -11.313708 -4.978032 0.500000
      vertex -11.313708 -4.978032 0.500000
    endloop
  endfacet
  facet normal -0.730321 0.574262 0.369938
    outer loop
      vertex -11.439625 -5.414038 0.928242
      vertex -11.313708 -4.978032 0.500000
      vertex -11.677812 -5.652225 0.827762
    endloop
  endfacet
  facet normal 0.000000 0.000000 1.000000
    outer loop
      vertex -11.677812 -5.652225 0.827762
      vertex -11.313708 -4.978032 0.500000
      vertex -11.313708 -4.978032 0.500000
    endloop
  endfacet
  facet normal -0.793513 0.552532 0.255040
    outer loop
      vertex -11.677812 -5.652225 0.827762
      vertex -11.313708 -4.978032 0.500000
      vertex -11.836964 -5.811377 0.677384
    endloop
  endfacet
  facet normal 0.000000 0.000000 1.000000
    outer loop
      vertex -11.836964 -5.811377 0.677384
      vertex -11.313708 -4.978032 0.500000
      vertex -11.313708 -4.978032 0.500000
    endloop
  endfacet
  facet normal -0.834423 0.543446 0.091676
    outer loop
      vertex -11.836964 -5.811377 0.677384
      vertex -11.313708 -4.978032 0.500000
      vertex -11.892850 -5.867264 0.500000
    endloop
  endfacet
  facet normal 0.974301 0.205752 0.091676
    outer loop
      vertex 4.480000 -11.520000 0.500000
      vertex 4.260733 -10.481703 0.500000
      vertex 4.260733 -10.560739 0.677384
    endloop
  endfacet
  facet normal 0.000000 0.000000 1.000000
    outer loop
      vertex 4.480000 -11.520000 0.500000
      vertex 4.260733 -10.560739 0.677384
      vertex 4.480000 -11.520000 0.500000
    endloop
  endfacet
  facet normal 0.951797 0.170399 0.255040
    outer loop
      vertex 4.480000 -11.520000 0.500000
      vertex 4.260733 -10.560739 0.677384
      vertex 4.260733 -10.785813 0.827762
    endloop
  endfacet
  facet normal 0.000000 0.000000 1.000000
    outer loop
      vertex 4.480000 -11.520000 0.500000
      vertex 4.260733 -10.785813 0.827762
      vertex 4.480000 -11.520000 0.500000
    endloop
  endfacet
  facet normal 0.922480 0.110350 0.369938
    outer loop
      vertex 4.480000 -11.520000 0.500000
      vertex 4.260733 -10.785813 0.827762
      vertex 4.260733 -11.122661 0.928242
    endloop
  endfacet
  facet normal 0.000000 0.000000 1.000000
    outer loop
      vertex 4.480000 -11.520000 0.500000
      vertex 4.260733 -11.122661 0.928242
      vertex 4.480000 -11.520000 0.500000
    endloop
  endfacet
  facet normal 0.903311 0.037945 0.427304
    outer loop
      vertex 4.480000 -11.520000 0.500000
      vertex 4.260733 -11.122661 0.928242
      vertex 4.260733 -11.520000 0.963525
    endloop
  endfacet
  facet normal 0.000000 0.000000 1.000000
    outer loop
      vertex 4.480000 -11.520000 0.500000
      vertex 4.260733 -11.520000 0.963525
      vertex 4.480000 -11.520000 0.500000
    endloop
  endfacet
  facet normal 0.903311 -0.037945 0.427304
    outer loop
      vertex 4.480000 -11.520000 0.500000
      vertex 4.260733 -11.520000 0.963525
      vertex 4.260733 -11.917339 0.928242
    endloop
  endfacet
  facet normal 0.000000 0.000000 1.000000
    outer loop
      vertex 4.480000 -11.520000 0.500000
      vertex 4.260733 -11.917339 0.928242
      vertex 4.480000 -11.520000 0.500000
    endloop
  endfacet
  facet normal 0.922480 -0.110350 0.369938
    outer loop
      vertex 4.480000 -11.520000 0.500000
      vertex 4.260733 -11.917339 0.928242
      vertex 4.260733 -12.254187 0.827762
    endloop
  endfacet
  facet normal 0.000000 0.000000 1.000000
    outer loop
      vertex 4.480000 -11.520000 0.500000
      vertex 4.260733 -12.254187 0.827762
      vertex 4.480000 -11.520000 0.500000
    endloop
  endfacet
  facet normal 0.951797 -0.170399 0.255040
    outer loop
      vertex 4.480000 -11.520000 0.500000
      vertex 4.260733 -12.254187 0.827762
      vertex 4.260733 -12.479261 0.677384
    endloop
  endfacet
  facet normal 0.000000 0.000000 1.000000
    outer loop
      vertex 4.480000 -11.520000 0.500000
      vertex 4.260733 -12.479261 0.677384
      vertex 4.480000 -11.520000 0.500000
    endloop
  endfacet
  facet normal 0.974301 -0.205752 0.091676
    outer loop
      vertex 4.480000 -11.520000 0.500000
      vertex 4.260733 -12.479261 0.677384
      vertex 4.260733 -12.558297 0.500000
    endloop
  endfacet
  facet normal 0.000000 0.000000 1.000000
    outer loop
      vertex 4.480000 -11.520000 0.500000
      vertex 4.260733 -12.558297 0.500000
      vertex 4.480000 -11.520000 0.500000
    endloop
  endfacet
  facet normal 0.802400 0.545124 0.242888
    outer loop
      vertex 4.260733 -10.481703 0.500000
      vertex 3.624396 -9.545042 0.500000
      vertex 3.624396 -9.695376 0.837404
    endloop
  endfacet
  facet normal 0.802400 0.545124 0.242888
    outer loop
      vertex 4.260733 -10.481703 0.500000
      vertex 3.624396 -9.695376 0.837404
      vertex 4.260733 -10.560739 0.677384
    endloop
  endfacet
  facet normal 0.694246 0.399844 0.598454
    outer loop
      vertex 4.260733 -10.560739 0.677384
      vertex 3.624396 -9.695376 0.837404
      vertex 3.624396 -10.123493 1.123440
    endloop
  endfacet
  facet normal 0.694246 0.399844 0.598454
    outer loop
      vertex 4.260733 -10.560739 0.677384
      vertex 3.624396 -10.123493 1.123440
      vertex 4.260733 -10.785813 0.827762
    endloop
  endfacet
  facet normal 0.596288 0.229470 0.769275
    outer loop
      vertex 4.260733 -10.785813 0.827762
      vertex 3.624396 -10.123493 1.123440
      vertex 3.624396 -10.764216 1.314564
    endloop
  endfacet
  facet normal 0.596288 0.229470 0.769275
    outer loop
      vertex 4.260733 -10.785813 0.827762
      vertex 3.624396 -10.764216 1.314564
      vertex 4.260733 -11.122661 0.928242
    endloop
  endfacet
  facet normal 0.547661 0.074008 0.833421
    outer loop
      vertex 4.260733 -11.122661 0.928242
      vertex 3.624396 -10.764216 1.314564
      vertex 3.624396 -11.520000 1.381678
    endloop
  endfacet
  facet normal 0.547661 0.074008 0.833421
    outer loop
      vertex 4.260733 -11.122661 0.928242
      vertex 3.624396 -11.520000 1.381678
      vertex 4.260733 -11.520000 0.963525
    endloop
  endfacet
  facet normal 0.547661 -0.074008 0.833421
    outer loop
      vertex 4.260733 -11.520000 0.963525
      vertex 3.624396 -11.520000 1.381678
      vertex 3.624396 -12.275784 1.314564
    endloop
  endfacet
  facet normal 0.547661 -0.074008 0.833421
    outer loop
      vertex 4.260733 -11.520000 0.963525
      vertex 3.624396 -12.275784 1.314564
      vertex 4.260733 -11.917339 0.928242
    endloop
  endfacet
  facet normal 0.596288 -0.229470 0.769275
    outer loop
      vertex 4.260733 -11.917339 0.928242
      vertex 3.624396 -12.275784 1.314564
      vertex 3.624396 -12.916507 1.123440
    endloop
  endfacet
  facet normal 0.596288 -0.229470 0.769275
    outer loop
      vertex 4.260733 -11.917339 0.928242
      vertex 3.624396 -12.916507 1.123440
      vertex 4.260733 -12.254187 0.827762
    endloop
  endfacet
  facet normal 0.694246 -0.399844 0.598454
    outer loop
      vertex 4.260733 -12.254187 0.827762
      vertex 3.624396 -12.916507 1.123440
      vertex 3.624396 -13.344624 0.837404
    endloop
  endfacet
  facet normal 0.694246 -0.399844 0.598454
    outer loop
      vertex 4.260733 -12.254187 0.827762
      vertex 3.624396 -13.344624 0.837404
      vertex 4.260733 -12.479261 0.677384
    endloop
  endfacet
  facet normal 0.802400 -0.545124 0.242888
    outer loop
      vertex 4.260733 -12.479261 0.677384
      vertex 3.624396 -13.344624 0.837404
      vertex 3.624396 -13.494958 0.500000
    endloop
  endfacet
  facet normal 0.802400 -0.545124 0.242888
    outer loop
      vertex 4.260733 -12.479261 0.677384
      vertex 3.624396 -13.494958 0.500000
      vertex 4.260733 -12.558297 0.500000
    endloop
  endfacet
  facet normal 0.565169 0.753559 0.335758
    outer loop
      vertex 3.624396 -9.545042 0.500000
      vertex 2.633278 -8.801703 0.500000
      vertex 2.633278 -9.008621 0.964396
    endloop
  endfacet
  facet normal 0.565169 0.753559 0.335758
    outer loop
      vertex 3.624396 -9.545042 0.500000
      vertex 2.633278 -9.008621 0.964396
      vertex 3.624396 -9.695376 0.837404
    endloop
  endfacet
  facet normal 0.441085 0.498579 0.746233
    outer loop
      vertex 3.624396 -9.695376 0.837404
      vertex 2.633278 -9.008621 0.964396
      vertex 2.633278 -9.597874 1.358092
    endloop
  endfacet
  facet normal 0.441085 0.498579 0.746233
    outer loop
      vertex 3.624396 -9.695376 0.837404
      vertex 2.633278 -9.597874 1.358092
      vertex 3.624396 -10.123493 1.123440
    endloop
  endfacet
  facet normal 0.353967 0.267341 0.896234
    outer loop
      vertex 3.624396 -10.123493 1.123440
      vertex 2.633278 -9.597874 1.358092
      vertex 2.633278 -10.479753 1.621151
    endloop
  endfacet
  facet normal 0.353967 0.267341 0.896234
    outer loop
      vertex 3.624396 -10.123493 1.123440
      vertex 2.633278 -10.479753 1.621151
      vertex 3.624396 -10.764216 1.314564
    endloop
  endfacet
  facet normal 0.316378 0.083909 0.944915
    outer loop
      vertex 3.624396 -10.764216 1.314564
      vertex 2.633278 -10.479753 1.621151
      vertex 2.633278 -11.520000 1.713525
    endloop
  endfacet
  facet normal 0.316378 0.083909 0.944915
    outer loop
      vertex 3.624396 -10.764216 1.314564
      vertex 2.633278 -11.520000 1.713525
      vertex 3.624396 -11.520000 1.381678
    endloop
  endfacet
  facet normal 0.316378 -0.083909 0.944915
    outer loop
      vertex 3.624396 -11.520000 1.381678
      vertex 2.633278 -11.520000 1.713525
      vertex 2.633278 -12.560247 1.621151
    endloop
  endfacet
  facet normal 0.316378 -0.083909 0.944915
    outer loop
      vertex 3.624396 -11.520000 1.381678
      vertex 2.633278 -12.560247 1.621151
      vertex 3.624396 -12.275784 1.314564
    endloop
  endfacet
  facet normal 0.353967 -0.267341 0.896234
    outer loop
      vertex 3.624396 -12.275784 1.314564
      vertex 2.633278 -12.560247 1.621151
      vertex 2.633278 -13.442126 1.358092
    endloop
  endfacet
  facet normal 0.353967 -0.267341 0.896234
    outer loop
      vertex 3.624396 -12.275784 1.314564
      vertex 2.633278 -13.442126 1.358092
      vertex 3.624396 -12.916507 1.123440
    endloop
  endfacet
  facet normal 0.441085 -0.498579 0.746233
    outer loop
      vertex 3.624396 -12.916507 1.123440
      vertex 2.633278 -13.442126 1.358092
      vertex 2.633278 -14.031379 0.964396
    endloop
  endfacet
  facet normal 0.441085 -0.498579 0.746233
    outer loop
      vertex 3.624396 -12.916507 1.123440
      vertex 2.633278 -14.031379 0.964396
      vertex 3.624396 -13.344624 0.837404
    endloop
  endfacet
  facet normal 0.565169 -0.753559 0.335758
    outer loop
      vertex 3.624396 -13.344624 0.837404
      vertex 2.633278 -14.031379 0.964396
      vertex 2.633278 -14.238297 0.500000
    endloop
  endfacet
  facet normal 0.565169 -0.753559 0.335758
    outer loop
      vertex 3.624396 -13.344624 0.837404
      vertex 2.633278 -14.238297 0.500000
      vertex 3.624396 -13.494958 0.500000
    endloop
  endfacet
  facet normal 0.329562 0.862402 0.384255
    outer loop
      vertex 2.633278 -8.801703 0.500000
      vertex 1.384396 -8.324450 0.500000
      vertex 1.384396 -8.567697 1.045930
    endloop
  endfacet
  facet normal 0.329562 0.862402 0.384255
    outer loop
      vertex 2.633278 -8.801703 0.500000
      vertex 1.384396 -8.567697 1.045930
      vertex 2.633278 -9.008621 0.964396
    endloop
  endfacet
  facet normal 0.242920 0.538900 0.806583
    outer loop
      vertex 2.633278 -9.008621 0.964396
      vertex 1.384396 -8.567697 1.045930
      vertex 1.384396 -9.260405 1.508748
    endloop
  endfacet
  facet normal 0.242920 0.538900 0.806583
    outer loop
      vertex 2.633278 -9.008621 0.964396
      vertex 1.384396 -9.260405 1.508748
      vertex 2.633278 -9.597874 1.358092
    endloop
  endfacet
  facet normal 0.189351 0.280677 0.940939
    outer loop
      vertex 2.633278 -9.597874 1.358092
      vertex 1.384396 -9.260405 1.508748
      vertex 1.384396 -10.297116 1.817992
    endloop
  endfacet
  facet normal 0.189351 0.280677 0.940939
    outer loop
      vertex 2.633278 -9.597874 1.358092
      vertex 1.384396 -10.297116 1.817992
      vertex 2.633278 -10.479753 1.621151
    endloop
  endfacet
  facet normal 0.167530 0.087202 0.982003
    outer loop
      vertex 2.633278 -10.479753 1.621151
      vertex 1.384396 -10.297116 1.817992
      vertex 1.384396 -11.520000 1.926585
    endloop
  endfacet
  facet normal 0.167530 0.087202 0.982003
    outer loop
      vertex 2.633278 -10.479753 1.621151
      vertex 1.384396 -11.520000 1.926585
      vertex 2.633278 -11.520000 1.713525
    endloop
  endfacet
  facet normal 0.167530 -0.087202 0.982003
    outer loop
      vertex 2.633278 -11.520000 1.713525
      vertex 1.384396 -11.520000 1.926585
      vertex 1.384396 -12.742884 1.817992
    endloop
  endfacet
  facet normal 0.167530 -0.087202 0.982003
    outer loop
      vertex 2.633278 -11.520000 1.713525
      vertex 1.384396 -12.742884 1.817992
      vertex 2.633278 -12.560247 1.621151
    endloop
  endfacet
  facet normal 0.189351 -0.280677 0.940939
    outer loop
      vertex 2.633278 -12.560247 1.621151
      vertex 1.384396 -12.742884 1.817992
      vertex 1.384396 -13.779595 1.508748
    endloop
  endfacet
  facet normal 0.189351 -0.280677 0.940939
    outer loop
      vertex 2.633278 -12.560247 1.621151
      vertex 1.384396 -13.779595 1.508748
      vertex 2.633278 -13.442126 1.358092
    endloop
  endfacet
  facet normal 0.242920 -0.538900 0.806583
    outer loop
      vertex 2.633278 -13.442126 1.358092
      vertex 1.384396 -13.779595 1.508748
      vertex 1.384396 -14.472303 1.045930
    endloop
  endfacet
  facet normal 0.242920 -0.538900 0.806583
    outer loop
      vertex 2.633278 -13.442126 1.358092
      vertex 1.384396 -14.472303 1.045930
      vertex 2.633278 -14.031379 0.964396
    endloop
  endfacet
  facet normal 0.329562 -0.862402 0.384255
    outer loop
      vertex 2.633278 -14.031379 0.964396
      vertex 1.384396 -14.472303 1.045930
      vertex 1.384396 -14.715550 0.500000
    endloop
  endfacet
  facet normal 0.329562 -0.862402 0.384255
    outer loop
      vertex 2.633278 -14.031379 0.964396
      vertex 1.384396 -14.715550 0.500000
      vertex 2.633278 -14.238297 0.500000
    endloop
  endfacet
  facet normal 0.107872 0.908102 0.404617
    outer loop
      vertex 1.384396 -8.324450 0.500000
      vertex -0.000000 -8.160000 0.500000
      vertex -0.000000 -8.415765 1.074025
    endloop
  endfacet
  facet normal 0.107872 0.908102 0.404617
    outer loop
      vertex 1.384396 -8.324450 0.500000
      vertex -0.000000 -8.415765 1.074025
      vertex 1.384396 -8.567697 1.045930
    endloop
  endfacet
  facet normal 0.077608 0.553865 0.828981
    outer loop
      vertex 1.384396 -8.567697 1.045930
      vertex -0.000000 -8.415765 1.074025
      vertex -0.000000 -9.144121 1.560660
    endloop
  endfacet
  facet normal 0.077608 0.553865 0.828981
    outer loop
      vertex 1.384396 -8.567697 1.045930
      vertex -0.000000 -9.144121 1.560660
      vertex 1.384396 -9.260405 1.508748
    endloop
  endfacet
  facet normal 0.059836 0.285336 0.956558
    outer loop
      vertex 1.384396 -9.260405 1.508748
      vertex -0.000000 -9.144121 1.560660
      vertex -0.000000 -10.234184 1.885819
    endloop
  endfacet
  facet normal 0.059836 0.285336 0.956558
    outer loop
      vertex 1.384396 -9.260405 1.508748
      vertex -0.000000 -10.234184 1.885819
      vertex 1.384396 -10.297116 1.817992
    endloop
  endfacet
  facet normal 0.052749 0.088329 0.994694
    outer loop
      vertex 1.384396 -10.297116 1.817992
      vertex -0.000000 -10.234184 1.885819
      vertex -0.000000 -11.520000 2.000000
    endloop
  endfacet
  facet normal 0.052749 0.088329 0.994694
    outer loop
      vertex 1.384396 -10.297116 1.817992
      vertex -0.000000 -11.520000 2.000000
      vertex 1.384396 -11.520000 1.926585
    endloop
  endfacet
  facet normal 0.052749 -0.088329 0.994694
    outer loop
      vertex 1.384396 -11.520000 1.926585
      vertex -0.000000 -11.520000 2.000000
      vertex -0.000000 -12.805816 1.885819
    endloop
  endfacet
  facet normal 0.052749 -0.088329 0.994694
    outer loop
      vertex 1.384396 -11.520000 1.926585
      vertex -0.000000 -12.805816 1.885819
      vertex 1.384396 -12.742884 1.817992
    endloop
  endfacet
  facet normal 0.059836 -0.285336 0.956558
    outer loop
      vertex 1.384396 -12.742884 1.817992
      vertex -0.000000 -12.805816 1.885819
      vertex -0.000000 -13.895879 1.560660
    endloop
  endfacet
  facet normal 0.059836 -0.285336 0.956558
    outer loop
      vertex 1.384396 -12.742884 1.817992
      vertex -0.000000 -13.895879 1.560660
      vertex 1.384396 -13.779595 1.508748
    endloop
  endfacet
  facet normal 0.077608 -0.553865 0.828981
    outer loop
      vertex 1.384396 -13.779595 1.508748
      vertex -0.000000 -13.895879 1.560660
      vertex -0.000000 -14.624235 1.074025
    endloop
  endfacet
  facet normal 0.077608 -0.553865 0.828981
    outer loop
      vertex 1.384396 -13.779595 1.508748
      vertex -0.000000 -14.624235 1.074025
      vertex 1.384396 -14.472303 1.045930
    endloop
  endfacet
  facet normal 0.107872 -0.908102 0.404617
    outer loop
      vertex 1.384396 -14.472303 1.045930
      vertex -0.000000 -14.624235 1.074025
      vertex -0.000000 -14.880000 0.500000
    endloop
  endfacet
  facet normal 0.107872 -0.908102 0.404617
    outer loop
      vertex 1.384396 -14.472303 1.045930
      vertex -0.000000 -14.880000 0.500000
      vertex 1.384396 -14.715550 0.500000
    endloop
  endfacet
  facet normal -0.107872 0.908102 0.404617
    outer loop
      vertex -0.000000 -8.160000 0.500000
      vertex -1.384396 -8.324450 0.500000
      vertex -1.384396 -8.567697 1.045930
    endloop
  endfacet
  facet normal -0.107872 0.908102 0.404617
    outer loop
      vertex -0.000000 -8.160000 0.500000
      vertex -1.384396 -8.567697 1.045930
      vertex -0.000000 -8.415765 1.074025
    endloop
  endfacet
  facet normal -0.077608 0.553865 0.828981
    outer loop
      vertex -0.000000 -8.415765 1.074025
      vertex -1.384396 -8.567697 1.045930
      vertex -1.384396 -9.260405 1.508748
    endloop
  endfacet
  facet normal -0.077608 0.553865 0.828981
    outer loop
      vertex -0.000000 -8.415765 1.074025
      vertex -1.384396 -9.260405 1.508748
      vertex -0.000000 -9.144121 1.560660
    endloop
  endfacet
  facet normal -0.059836 0.285336 0.956558
    outer loop
      vertex -0.000000 -9.144121 1.560660
      vertex -1.384396 -9.260405 1.508748
      vertex -1.384396 -10.297116 1.817992
    endloop
  endfacet
  facet normal -0.059836 0.285336 0.956558
    outer loop
      vertex -0.000000 -9.144121 1.560660
      vertex -1.384396 -10.297116 1.817992
      vertex -0.000000 -10.234184 1.885819
    endloop
  endfacet
  facet normal -0.052749 0.088329 0.994694
    outer loop
      vertex -0.000000 -10.234184 1.885819
      vertex -1.384396 -10.297116 1.817992
      vertex -1.384396 -11.520000 1.926585
    endloop
  endfacet
  facet normal -0.052749 0.088329 0.994694
    outer loop
      vertex -0.000000 -10.234184 1.885819
      vertex -1.384396 -11.520000 1.926585
      vertex -0.000000 -11.520000 2.000000
    endloop
  endfacet
  facet normal -0.052749 -0.088329 0.994694
    outer loop
      vertex -0.000000 -11.520000 2.000000
      vertex -1.384396 -11.520000 1.926585
      vertex -1.384396 -12.742884 1.817992
    endloop
  endfacet
  facet normal -0.052749 -0.088329 0.994694
    outer loop
      vertex -0.000000 -11.520000 2.000000
      vertex -1.384396 -12.742884 1.817992
      vertex -0.000000 -12.805816 1.885819
    endloop
  endfacet
  facet normal -0.059836 -0.285336 0.956558
    outer loop
      vertex -0.000000 -12.805816 1.885819
      vertex -1.384396 -12.742884 1.817992
      vertex -1.384396 -13.779595 1.508748
    endloop
  endfacet
  facet normal -0.059836 -0.285336 0.956558
    outer loop
      vertex -0.000000 -12.805816 1.885819
      vertex -1.384396 -13.779595 1.508748
      vertex -0.000000 -13.895879 1.560660
    endloop
  endfacet
  facet normal -0.077608 -0.553865 0.828981
    outer loop
      vertex -0.000000 -13.895879 1.560660
      vertex -1.384396 -13.779595 1.508748
      vertex -1.384396 -14.472303 1.045930
    endloop
  endfacet
  facet normal -0.077608 -0.553865 0.828981
    outer loop
      vertex -0.000000 -13.895879 1.560660
      vertex -1.384396 -14.472303 1.045930
      vertex -0.000000 -14.624235 1.074025
    endloop
  endfacet
  facet normal -0.107872 -0.908102 0.404617
    outer loop
      vertex -0.000000 -14.624235 1.074025
      vertex -1.384396 -14.472303 1.045930
      vertex -1.384396 -14.715550 0.500000
    endloop
  endfacet
  facet normal -0.107872 -0.908102 0.404617
    outer loop
      vertex -0.000000 -14.624235 1.074025
      vertex -1.384396 -14.715550 0.500000
      vertex -0.000000 -14.880000 0.500000
    endloop
  endfacet
  facet normal -0.329562 0.862402 0.384255
    outer loop
      vertex -1.384396 -8.324450 0.500000
      vertex -2.633278 -8.801703 0.500000
      vertex -2.633278 -9.008621 0.964396
    endloop
  endfacet
  facet normal -0.329562 0.862402 0.384255
    outer loop
      vertex -1.384396 -8.324450 0.500000
      vertex -2.633278 -9.008621 0.964396
      vertex -1.384396 -8.567697 1.045930
    endloop
  endfacet
  facet normal -0.242920 0.538900 0.806583
    outer loop
      vertex -1.384396 -8.567697 1.045930
      vertex -2.633278 -9.008621 0.964396
      vertex -2.633278 -9.597874 1.358092
    endloop
  endfacet
  facet normal -0.242920 0.538900 0.806583
    outer loop
      vertex -1.384396 -8.567697 1.045930
      vertex -2.633278 -9.597874 1.358092
      vertex -1.384396 -9.260405 1.508748
    endloop
  endfacet
  facet normal -0.189351 0.280677 0.940939
    outer loop
      vertex -1.384396 -9.260405 1.508748
      vertex -2.633278 -9.597874 1.358092
      vertex -2.633278 -10.479753 1.621151
    endloop
  endfacet
  facet normal -0.189351 0.280677 0.940939
    outer loop
      vertex -1.384396 -9.260405 1.508748
      vertex -2.633278 -10.479753 1.621151
      vertex -1.384396 -10.297116 1.817992
    endloop
  endfacet
  facet normal -0.167530 0.087202 0.982003
    outer loop
      vertex -1.384396 -10.297116 1.817992
      vertex -2.633278 -10.479753 1.621151
      vertex -2.633278 -11.520000 1.713525
    endloop
  endfacet
  facet normal -0.167530 0.087202 0.982003
    outer loop
      vertex -1.384396 -10.297116 1.817992
      vertex -2.633278 -11.520000 1.713525
      vertex -1.384396 -11.520000 1.926585
    endloop
  endfacet
  facet normal -0.167530 -0.087202 0.982003
    outer loop
      vertex -1.384396 -11.520000 1.926585
      vertex -2.633278 -11.520000 1.713525
      vertex -2.633278 -12.560247 1.621151
    endloop
  endfacet
  facet normal -0.167530 -0.087202 0.982003
    outer loop
      vertex -1.384396 -11.520000 1.926585
      vertex -2.633278 -12.560247 1.621151
      vertex -1.384396 -12.742884 1.817992
    endloop
  endfacet
  facet normal -0.189351 -0.280677 0.940939
    outer loop
      vertex -1.384396 -12.742884 1.817992
      vertex -2.633278 -12.560247 1.621151
      vertex -2.633278 -13.442126 1.358092
    endloop
  endfacet
  facet normal -0.189351 -0.280677 0.940939
    outer loop
      vertex -1.384396 -12.742884 1.817992
      vertex -2.633278 -13.442126 1.358092
      vertex -1.384396 -13.779595 1.508748
    endloop
  endfacet
  facet normal -0.242920 -0.538900 0.806583
    outer loop
      vertex -1.384396 -13.779595 1.508748
      vertex -2.633278 -13.442126 1.358092
      vertex -2.633278 -14.031379 0.964396
    endloop
  endfacet
  facet normal -0.242920 -0.538900 0.806583
    outer loop
      vertex -1.384396 -13.779595 1.508748
      vertex -2.633278 -14.031379 0.964396
      vertex -1.384396 -14.472303 1.045930
    endloop
  endfacet
  facet normal -0.329562 -0.862402 0.384255
    outer loop
      vertex -1.384396 -14.472303 1.045930
      vertex -2.633278 -14.031379 0.964396
      vertex -2.633278 -14.238297 0.500000
    endloop
  endfacet
  facet normal -0.329562 -0.862402 0.384255
    outer loop
      vertex -1.384396 -14.472303 1.045930
      vertex -2.633278 -14.238297 0.500000
      vertex -1.384396 -14.715550 0.500000
    endloop
  endfacet
  facet normal -0.565169 0.753559 0.335758
    outer loop
      vertex -2.633278 -8.801703 0.500000
      vertex -3.624396 -9.545042 0.500000
      vertex -3.624396 -9.695376 0.837404
    endloop
  endfacet
  facet normal -0.565169 0.753559 0.335758
    outer loop
      vertex -2.633278 -8.801703 0.500000
      vertex -3.624396 -9.695376 0.837404
      vertex -2.633278 -9.008621 0.964396
    endloop
  endfacet
  facet normal -0.441085 0.498579 0.746233
    outer loop
      vertex -2.633278 -9.008621 0.964396
      vertex -3.624396 -9.695376 0.837404
      vertex -3.624396 -10.123493 1.123440
    endloop
  endfacet
  facet normal -0.441085 0.498579 0.746233
    outer loop
      vertex -2.633278 -9.008621 0.964396
      vertex -3.624396 -10.123493 1.123440
      vertex -2.633278 -9.597874 1.358092
    endloop
  endfacet
  facet normal -0.353967 0.267341 0.896234
    outer loop
      vertex -2.633278 -9.597874 1.358092
      vertex -3.624396 -10.123493 1.123440
      vertex -3.624396 -10.764216 1.314564
    endloop
  endfacet
  facet normal -0.353967 0.267341 0.896234
    outer loop
      vertex -2.633278 -9.597874 1.358092
      vertex -3.624396 -10.764216 1.314564
      vertex -2.633278 -10.479753 1.621151
    endloop
  endfacet
  facet normal -0.316378 0.083909 0.944915
    outer loop
      vertex -2.633278 -10.479753 1.621151
      vertex -3.624396 -10.764216 1.314564
      vertex -3.624396 -11.520000 1.381678
    endloop
  endfacet
  facet normal -0.316378 0.083909 0.944915
    outer loop
      vertex -2.633278 -10.479753 1.621151
      vertex -3.624396 -11.520000 1.381678
      vertex -2.633278 -11.520000 1.713525
    endloop
  endfacet
  facet normal -0.316378 -0.083909 0.944915
    outer loop
      vertex -2.633278 -11.520000 1.713525
      vertex -3.624396 -11.520000 1.381678
      vertex -3.624396 -12.275784 1.314564
    endloop
  endfacet
  facet normal -0.316378 -0.083909 0.944915
    outer loop
      vertex -2.633278 -11.520000 1.713525
      vertex -3.624396 -12.275784 1.314564
      vertex -2.633278 -12.560247 1.621151
    endloop
  endfacet
  facet normal -0.353967 -0.267341 0.896234
    outer loop
      vertex -2.633278 -12.560247 1.621151
      vertex -3.624396 -12.275784 1.314564
      vertex -3.624396 -12.916507 1.123440
    endloop
  endfacet
  facet normal -0.353967 -0.267341 0.896234
    outer loop
      vertex -2.633278 -12.560247 1.621151
      vertex -3.624396 -12.916507 1.123440
      vertex -2.633278 -13.442126 1.358092
    endloop
  endfacet
  facet normal -0.441085 -0.498579 0.746233
    outer loop
      vertex -2.633278 -13.442126 1.358092
      vertex -3.624396 -12.916507 1.123440
      vertex -3.624396 -13.344624 0.837404
    endloop
  endfacet
  facet normal -0.441085 -0.498579 0.746233
    outer loop
      vertex -2.633278 -13.442126 1.358092
      vertex -3.624396 -13.344624 0.837404
      vertex -2.633278 -14.031379 0.964396
    endloop
  endfacet
  facet normal -0.565169 -0.753559 0.335758
    outer loop
      vertex -2.633278 -14.031379 0.964396
      vertex -3.624396 -13.344624 0.837404
      vertex -3.624396 -13.494958 0.500000
    endloop
  endfacet
  facet normal -0.565169 -0.753559 0.335758
    outer loop
      vertex -2.633278 -14.031379 0.964396
      vertex -3.624396 -13.494958 0.500000
      vertex -2.633278 -14.238297 0.500000
    endloop
  endfacet
  facet normal -0.802400 0.545124 0.242888
    outer loop
      vertex -3.624396 -9.545042 0.500000
      vertex -4.260733 -10.481703 0.500000
      vertex -4.260733 -10.560739 0.677384
    endloop
  endfacet
  facet normal -0.802400 0.545124 0.242888
    outer loop
      vertex -3.624396 -9.545042 0.500000
      vertex -4.260733 -10.560739 0.677384
      vertex -3.624396 -9.695376 0.837404
    endloop
  endfacet
  facet normal -0.694246 0.399844 0.598454
    outer loop
      vertex -3.624396 -9.695376 0.837404
      vertex -4.260733 -10.560739 0.677384
      vertex -4.260733 -10.785813 0.827762
    endloop
  endfacet
  facet normal -0.694246 0.399844 0.598454
    outer loop
      vertex -3.624396 -9.695376 0.837404
      vertex -4.260733 -10.785813 0.827762
      vertex -3.624396 -10.123493 1.123440
    endloop
  endfacet
  facet normal -0.596288 0.229470 0.769275
    outer loop
      vertex -3.624396 -10.123493 1.123440
      vertex -4.260733 -10.785813 0.827762
      vertex -4.260733 -11.122661 0.928242
    endloop
  endfacet
  facet normal -0.596288 0.229470 0.769275
    outer loop
      vertex -3.624396 -10.123493 1.123440
      vertex -4.260733 -11.122661 0.928242
      vertex -3.624396 -10.764216 1.314564
    endloop
  endfacet
  facet normal -0.547661 0.074008 0.833421
    outer loop
      vertex -3.624396 -10.764216 1.314564
      vertex -4.260733 -11.122661 0.928242
      vertex -4.260733 -11.520000 0.963525
    endloop
  endfacet
  facet normal -0.547661 0.074008 0.833421
    outer loop
      vertex -3.624396 -10.764216 1.314564
      vertex -4.260733 -11.520000 0.963525
      vertex -3.624396 -11.520000 1.381678
    endloop
  endfacet
  facet normal -0.547661 -0.074008 0.833421
    outer loop
      vertex -3.624396 -11.520000 1.381678
      vertex -4.260733 -11.520000 0.963525
      vertex -4.260733 -11.917339 0.928242
    endloop
  endfacet
  facet normal -0.547661 -0.074008 0.833421
    outer loop
      vertex -3.624396 -11.520000 1.381678
      vertex -4.260733 -11.917339 0.928242
      vertex -3.624396 -12.275784 1.314564
    endloop
  endfacet
  facet normal -0.596288 -0.229470 0.769275
    outer loop
      vertex -3.624396 -12.275784 1.314564
      vertex -4.260733 -11.917339 0.928242
      vertex -4.260733 -12.254187 0.827762
    endloop
  endfacet
  facet normal -0.596288 -0.229470 0.769275
    outer loop
      vertex -3.624396 -12.275784 1.314564
      vertex -4.260733 -12.254187 0.827762
      vertex -3.624396 -12.916507 1.123440
    endloop
  endfacet
  facet normal -0.694246 -0.399844 0.598454
    outer loop
      vertex -3.624396 -12.916507 1.123440
      vertex -4.260733 -12.254187 0.827762
      vertex -4.260733 -12.479261 0.677384
    endloop
  endfacet
  facet normal -0.694246 -0.399844 0.598454
    outer loop
      vertex -3.624396 -12.916507 1.123440
      vertex -4.260733 -12.479261 0.677384
      vertex -3.624396 -13.344624 0.837404
    endloop
  endfacet
  facet normal -0.802400 -0.545124 0.242888
    outer loop
      vertex -3.624396 -13.344624 0.837404
      vertex -4.260733 -12.479261 0.677384
      vertex -4.260733 -12.558297 0.500000
    endloop
  endfacet
  facet normal -0.802400 -0.545124 0.242888
    outer loop
      vertex -3.624396 -13.344624 0.837404
      vertex -4.260733 -12.558297 0.500000
      vertex -3.624396 -13.494958 0.500000
    endloop
  endfacet
  facet normal 0.000000 0.000000 1.000000
    outer loop
      vertex -4.260733 -10.481703 0.500000
      vertex -4.480000 -11.520000 0.500000
      vertex -4.480000 -11.520000 0.500000
    endloop
  endfacet
  facet normal -0.974301 0.205752 0.091676
    outer loop
      vertex -4.260733 -10.481703 0.500000
      vertex -4.480000 -11.520000 0.500000
      vertex -4.260733 -10.560739 0.677384
    endloop
  endfacet
  facet normal 0.000000 0.000000 1.000000
    outer loop
      vertex -4.260733 -10.560739 0.677384
      vertex -4.480000 -11.520000 0.500000
      vertex -4.480000 -11.520000 0.500000
    endloop
  endfacet
  facet normal -0.951797 0.170399 0.255040
    outer loop
      vertex -4.260733 -10.560739 0.677384
      vertex -4.480000 -11.520000 0.500000
      vertex -4.260733 -10.785813 0.827762
    endloop
  endfacet
  facet normal 0.000000 0.000000 1.000000
    outer loop
      vertex -4.260733 -10.785813 0.827762
      vertex -4.480000 -11.520000 0.500000
      vertex -4.480000 -11.520000 0.500000
    endloop
  endfacet
  facet normal -0.922480 0.110350 0.369938
    outer loop
      vertex -4.260733 -10.785813 0.827762
      vertex -4.480000 -11.520000 0.500000
      vertex -4.260733 -11.122661 0.928242
    endloop
  endfacet
  facet normal 0.000000 0.000000 1.000000
    outer loop
      vertex -4.260733 -11.122661 0.928242
      vertex -4.480000 -11.520000 0.500000
      vertex -4.480000 -11.520000 0.500000
    endloop
  endfacet
  facet normal -0.903311 0.037945 0.427304
    outer loop
      vertex -4.260733 -11.122661 0.928242
      vertex -4.480000 -11.520000 0.500000
      vertex -4.260733 -11.520000 0.963525
    endloop
  endfacet
  facet normal 0.000000 0.000000 1.000000
    outer loop
      vertex -4.260733 -11.520000 0.963525
      vertex -4.480000 -11.520000 0.500000
      vertex -4.480000 -11.520000 0.500000
    endloop
  endfacet
  facet normal -0.903311 -0.037945 0.427304
    outer loop
      vertex -4.260733 -11.520000 0.963525
      vertex -4.480000 -11.520000 0.500000
      vertex -4.260733 -11.917339 0.928242
    endloop
  endfacet
  facet normal 0.000000 0.000000 1.000000
    outer loop
      vertex -4.260733 -11.917339 0.928242
      vertex -4.480000 -11.520000 0.500000
      vertex -4.480000 -11.520000 0.500000
    endloop
  endfacet
  facet normal -0.922480 -0.110350 0.369938
    outer loop
      vertex -4.260733 -11.917339 0.928242
      vertex -4.480000 -11.520000 0.500000
      vertex -4.260733 -12.254187 0.827762
    endloop
  endfacet
  facet normal 0.000000 0.000000 1.000000
    outer loop
      vertex -4.260733 -12.254187 0.827762
      vertex -4.480000 -11.520000 0.500000
      vertex -4.480000 -11.520000 0.500000
    endloop
  endfacet
  facet normal -0.951797 -0.170399 0.255040
    outer loop
      vertex -4.260733 -12.254187 0.827762
      vertex -4.480000 -11.520000 0.500000
      vertex -4.260733 -12.479261 0.677384
    endloop
  endfacet
  facet normal 0.000000 0.000000 1.000000
    outer loop
      vertex -4.260733 -12.479261 0.677384
      vertex -4.480000 -11.520000 0.500000
      vertex -4.480000 -11.520000 0.500000
    endloop
  endfacet
  facet normal -0.974301 -0.205752 0.091676
    outer loop
      vertex -4.260733 -12.479261 0.677384
      vertex -4.480000 -11.520000 0.500000
      vertex -4.260733 -12.558297 0.500000
    endloop
  endfacet
  facet normal 0.543446 0.834423 0.091676
    outer loop
      vertex 11.313708 -4.978032 0.500000
      vertex 10.424477 -4.398890 0.500000
      vertex 10.480363 -4.454777 0.677384
    endloop
  endfacet
  facet normal 0.000000 0.000000 1.000000
    outer loop
      vertex 11.313708 -4.978032 0.500000
      vertex 10.480363 -4.454777 0.677384
      vertex 11.313708 -4.978032 0.500000
    endloop
  endfacet
  facet normal 0.552532 0.793513 0.255040
    outer loop
      vertex 11.313708 -4.978032 0.500000
      vertex 10.480363 -4.454777 0.677384
      vertex 10.639515 -4.613928 0.827762
    endloop
  endfacet
  facet normal 0.000000 0.000000 1.000000
    outer loop
      vertex 11.313708 -4.978032 0.500000
      vertex 10.639515 -4.613928 0.827762
      vertex 11.313708 -4.978032 0.500000
    endloop
  endfacet
  facet normal 0.574262 0.730321 0.369938
    outer loop
      vertex 11.313708 -4.978032 0.500000
      vertex 10.639515 -4.613928 0.827762
      vertex 10.877702 -4.852116 0.928242
    endloop
  endfacet
  facet normal 0.000000 0.000000 1.000000
    outer loop
      vertex 11.313708 -4.978032 0.500000
      vertex 10.877702 -4.852116 0.928242
      vertex 11.313708 -4.978032 0.500000
    endloop
  endfacet
  facet normal 0.611907 0.665569 0.427304
    outer loop
      vertex 11.313708 -4.978032 0.500000
      vertex 10.877702 -4.852116 0.928242
      vertex 11.158663 -5.133077 0.963525
    endloop
  endfacet
  facet normal 0.000000 0.000000 1.000000
    outer loop
      vertex 11.313708 -4.978032 0.500000
      vertex 11.158663 -5.133077 0.963525
      vertex 11.313708 -4.978032 0.500000
    endloop
  endfacet
  facet normal 0.665569 0.611907 0.427304
    outer loop
      vertex 11.313708 -4.978032 0.500000
      vertex 11.158663 -5.133077 0.963525
      vertex 11.439625 -5.414038 0.928242
    endloop
  endfacet
  facet normal 0.000000 0.000000 1.000000
    outer loop
      vertex 11.313708 -4.978032 0.500000
      vertex 11.439625 -5.414038 0.928242
      vertex 11.313708 -4.978032 0.500000
    endloop
  endfacet
  facet normal 0.730321 0.574262 0.369938
    outer loop
      vertex 11.313708 -4.978032 0.500000
      vertex 11.439625 -5.414038 0.928242
      vertex 11.677812 -5.652225 0.827762
    endloop
  endfacet
  facet normal 0.000000 0.000000 1.000000
    outer loop
      vertex 11.313708 -4.978032 0.500000
      vertex 11.677812 -5.652225 0.827762
      vertex 11.313708 -4.978032 0.500000
    endloop
  endfacet
  facet normal 0.793513 0.552532 0.255040
    outer loop
      vertex 11.313708 -4.978032 0.500000
      vertex 11.677812 -5.652225 0.827762
      vertex 11.836964 -5.811377 0.677384
    endloop
  endfacet
  facet normal 0.000000 0.000000 1.000000
    outer loop
      vertex 11.313708 -4.978032 0.500000
      vertex 11.836964 -5.811377 0.677384
      vertex 11.313708 -4.978032 0.500000
    endloop
  endfacet
  facet normal 0.834423 0.543446 0.091676
    outer loop
      vertex 11.313708 -4.978032 0.500000
      vertex 11.836964 -5.811377 0.677384
      vertex 11.892850 -5.867264 0.500000
    endloop
  endfacet
  facet normal 0.000000 0.000000 1.000000
    outer loop
      vertex 11.313708 -4.978032 0.500000
      vertex 11.892850 -5.867264 0.500000
      vertex 11.313708 -4.978032 0.500000
    endloop
  endfacet
  facet normal 0.181921 0.952843 0.242888
    outer loop
      vertex 10.424477 -4.398890 0.500000
      vertex 9.312199 -4.186529 0.500000
      vertex 9.418501 -4.292831 0.837404
    endloop
  endfacet
  facet normal 0.181921 0.952843 0.242888
    outer loop
      vertex 10.424477 -4.398890 0.500000
      vertex 9.418501 -4.292831 0.837404
      vertex 10.480363 -4.454777 0.677384
    endloop
  endfacet
  facet normal 0.208174 0.773638 0.598454
    outer loop
      vertex 10.480363 -4.454777 0.677384
      vertex 9.418501 -4.292831 0.837404
      vertex 9.721226 -4.595556 1.123440
    endloop
  endfacet
  facet normal 0.208174 0.773638 0.598454
    outer loop
      vertex 10.480363 -4.454777 0.677384
      vertex 9.721226 -4.595556 1.123440
      vertex 10.639515 -4.613928 0.827762
    endloop
  endfacet
  facet normal 0.259380 0.583899 0.769275
    outer loop
      vertex 10.639515 -4.613928 0.827762
      vertex 9.721226 -4.595556 1.123440
      vertex 10.174285 -5.048615 1.314564
    endloop
  endfacet
  facet normal 0.259380 0.583899 0.769275
    outer loop
      vertex 10.639515 -4.613928 0.827762
      vertex 10.174285 -5.048615 1.314564
      vertex 10.877702 -4.852116 0.928242
    endloop
  endfacet
  facet normal 0.334923 0.439586 0.833421
    outer loop
      vertex 10.877702 -4.852116 0.928242
      vertex 10.174285 -5.048615 1.314564
      vertex 10.708705 -5.583035 1.381678
    endloop
  endfacet
  facet normal 0.334923 0.439586 0.833421
    outer loop
      vertex 10.877702 -4.852116 0.928242
      vertex 10.708705 -5.583035 1.381678
      vertex 11.158663 -5.133077 0.963525
    endloop
  endfacet
  facet normal 0.439586 0.334923 0.833421
    outer loop
      vertex 11.158663 -5.133077 0.963525
      vertex 10.708705 -5.583035 1.381678
      vertex 11.243125 -6.117455 1.314564
    endloop
  endfacet
  facet normal 0.439586 0.334923 0.833421
    outer loop
      vertex 11.158663 -5.133077 0.963525
      vertex 11.243125 -6.117455 1.314564
      vertex 11.439625 -5.414038 0.928242
    endloop
  endfacet
  facet normal 0.583899 0.259380 0.769275
    outer loop
      vertex 11.439625 -5.414038 0.928242
      vertex 11.243125 -6.117455 1.314564
      vertex 11.696184 -6.570514 1.123440
    endloop
  endfacet
  facet normal 0.583899 0.259380 0.769275
    outer loop
      vertex 11.439625 -5.414038 0.928242
      vertex 11.696184 -6.570514 1.123440
      vertex 11.677812 -5.652225 0.827762
    endloop
  endfacet
  facet normal 0.773638 0.208174 0.598454
    outer loop
      vertex 11.677812 -5.652225 0.827762
      vertex 11.696184 -6.570514 1.123440
      vertex 11.998909 -6.873239 0.837404
    endloop
  endfacet
  facet normal 0.773638 0.208174 0.598454
    outer loop
      vertex 11.677812 -5.652225 0.827762
      vertex 11.998909 -6.873239 0.837404
      vertex 11.836964 -5.811377 0.677384
    endloop
  endfacet
  facet normal 0.952843 0.181921 0.242888
    outer loop
      vertex 11.836964 -5.811377 0.677384
      vertex 11.998909 -6.873239 0.837404
      vertex 12.105212 -6.979542 0.500000
    endloop
  endfacet
  facet normal 0.952843 0.181921 0.242888
    outer loop
      vertex 11.836964 -5.811377 0.677384
      vertex 12.105212 -6.979542 0.500000
      vertex 11.892850 -5.867264 0.500000
    endloop
  endfacet
  facet normal -0.133212 0.932481 0.335758
    outer loop
      vertex 9.312199 -4.186529 0.500000
      vertex 8.085752 -4.361735 0.500000
      vertex 8.232066 -4.508048 0.964396
    endloop
  endfacet
  facet normal -0.133212 0.932481 0.335758
    outer loop
      vertex 9.312199 -4.186529 0.500000
      vertex 8.232066 -4.508048 0.964396
      vertex 9.418501 -4.292831 0.837404
    endloop
  endfacet
  facet normal -0.040654 0.664443 0.746233
    outer loop
      vertex 9.418501 -4.292831 0.837404
      vertex 8.232066 -4.508048 0.964396
      vertex 8.648730 -4.924713 1.358092
    endloop
  endfacet
  facet normal -0.040654 0.664443 0.746233
    outer loop
      vertex 9.418501 -4.292831 0.837404
      vertex 8.648730 -4.924713 1.358092
      vertex 9.721226 -4.595556 1.123440
    endloop
  endfacet
  facet normal 0.061253 0.439331 0.896234
    outer loop
      vertex 9.721226 -4.595556 1.123440
      vertex 8.648730 -4.924713 1.358092
      vertex 9.272313 -5.548296 1.621151
    endloop
  endfacet
  facet normal 0.061253 0.439331 0.896234
    outer loop
      vertex 9.721226 -4.595556 1.123440
      vertex 9.272313 -5.548296 1.621151
      vertex 10.174285 -5.048615 1.314564
    endloop
  endfacet
  facet normal 0.164381 0.283045 0.944915
    outer loop
      vertex 10.174285 -5.048615 1.314564
      vertex 9.272313 -5.548296 1.621151
      vertex 10.007879 -6.283861 1.713525
    endloop
  endfacet
  facet normal 0.164381 0.283045 0.944915
    outer loop
      vertex 10.174285 -5.048615 1.314564
      vertex 10.007879 -6.283861 1.713525
      vertex 10.708705 -5.583035 1.381678
    endloop
  endfacet
  facet normal 0.283045 0.164381 0.944915
    outer loop
      vertex 10.708705 -5.583035 1.381678
      vertex 10.007879 -6.283861 1.713525
      vertex 10.743445 -7.019427 1.621151
    endloop
  endfacet
  facet normal 0.283045 0.164381 0.944915
    outer loop
      vertex 10.708705 -5.583035 1.381678
      vertex 10.743445 -7.019427 1.621151
      vertex 11.243125 -6.117455 1.314564
    endloop
  endfacet
  facet normal 0.439331 0.061253 0.896234
    outer loop
      vertex 11.243125 -6.117455 1.314564
      vertex 10.743445 -7.019427 1.621151
      vertex 11.367027 -7.643010 1.358092
    endloop
  endfacet
  facet normal 0.439331 0.061253 0.896234
    outer loop
      vertex 11.243125 -6.117455 1.314564
      vertex 11.367027 -7.643010 1.358092
      vertex 11.696184 -6.570514 1.123440
    endloop
  endfacet
  facet normal 0.664443 -0.040654 0.746233
    outer loop
      vertex 11.696184 -6.570514 1.123440
      vertex 11.367027 -7.643010 1.358092
      vertex 11.783692 -8.059675 0.964396
    endloop
  endfacet
  facet normal 0.664443 -0.040654 0.746233
    outer loop
      vertex 11.696184 -6.570514 1.123440
      vertex 11.783692 -8.059675 0.964396
      vertex 11.998909 -6.873239 0.837404
    endloop
  endfacet
  facet normal 0.932481 -0.133212 0.335758
    outer loop
      vertex 11.998909 -6.873239 0.837404
      vertex 11.783692 -8.059675 0.964396
      vertex 11.930005 -8.205988 0.500000
    endloop
  endfacet
  facet normal 0.932481 -0.133212 0.335758
    outer loop
      vertex 11.998909 -6.873239 0.837404
      vertex 11.930005 -8.205988 0.500000
      vertex 12.105212 -6.979542 0.500000
    endloop
  endfacet
  facet normal -0.376775 0.842846 0.384255
    outer loop
      vertex 8.085752 -4.361735 0.500000
      vertex 6.865191 -4.907359 0.500000
      vertex 7.037192 -5.079361 1.045930
    endloop
  endfacet
  facet normal -0.376775 0.842846 0.384255
    outer loop
      vertex 8.085752 -4.361735 0.500000
      vertex 7.037192 -5.079361 1.045930
      vertex 8.232066 -4.508048 0.964396
    endloop
  endfacet
  facet normal -0.209290 0.552830 0.806583
    outer loop
      vertex 8.232066 -4.508048 0.964396
      vertex 7.037192 -5.079361 1.045930
      vertex 7.527011 -5.569179 1.508748
    endloop
  endfacet
  facet normal -0.209290 0.552830 0.806583
    outer loop
      vertex 8.232066 -4.508048 0.964396
      vertex 7.527011 -5.569179 1.508748
      vertex 8.648730 -4.924713 1.358092
    endloop
  endfacet
  facet normal -0.064577 0.332360 0.940939
    outer loop
      vertex 8.648730 -4.924713 1.358092
      vertex 7.527011 -5.569179 1.508748
      vertex 8.260076 -6.302245 1.817992
    endloop
  endfacet
  facet normal -0.064577 0.332360 0.940939
    outer loop
      vertex 8.648730 -4.924713 1.358092
      vertex 8.260076 -6.302245 1.817992
      vertex 9.272313 -5.548296 1.621151
    endloop
  endfacet
  facet normal 0.056800 0.180123 0.982003
    outer loop
      vertex 9.272313 -5.548296 1.621151
      vertex 8.260076 -6.302245 1.817992
      vertex 9.124786 -7.166954 1.926585
    endloop
  endfacet
  facet normal 0.056800 0.180123 0.982003
    outer loop
      vertex 9.272313 -5.548296 1.621151
      vertex 9.124786 -7.166954 1.926585
      vertex 10.007879 -6.283861 1.713525
    endloop
  endfacet
  facet normal 0.180123 0.056800 0.982003
    outer loop
      vertex 10.007879 -6.283861 1.713525
      vertex 9.124786 -7.166954 1.926585
      vertex 9.989496 -8.031664 1.817992
    endloop
  endfacet
  facet normal 0.180123 0.056800 0.982003
    outer loop
      vertex 10.007879 -6.283861 1.713525
      vertex 9.989496 -8.031664 1.817992
      vertex 10.743445 -7.019427 1.621151
    endloop
  endfacet
  facet normal 0.332360 -0.064577 0.940939
    outer loop
      vertex 10.743445 -7.019427 1.621151
      vertex 9.989496 -8.031664 1.817992
      vertex 10.722561 -8.764729 1.508748
    endloop
  endfacet
  facet normal 0.332360 -0.064577 0.940939
    outer loop
      vertex 10.743445 -7.019427 1.621151
      vertex 10.722561 -8.764729 1.508748
      vertex 11.367027 -7.643010 1.358092
    endloop
  endfacet
  facet normal 0.552830 -0.209290 0.806583
    outer loop
      vertex 11.367027 -7.643010 1.358092
      vertex 10.722561 -8.764729 1.508748
      vertex 11.212380 -9.254548 1.045930
    endloop
  endfacet
  facet normal 0.552830 -0.209290 0.806583
    outer loop
      vertex 11.367027 -7.643010 1.358092
      vertex 11.212380 -9.254548 1.045930
      vertex 11.783692 -8.059675 0.964396
    endloop
  endfacet
  facet normal 0.842846 -0.376775 0.384255
    outer loop
      vertex 11.783692 -8.059675 0.964396
      vertex 11.212380 -9.254548 1.045930
      vertex 11.384381 -9.426549 0.500000
    endloop
  endfacet
  facet normal 0.842846 -0.376775 0.384255
    outer loop
      vertex 11.783692 -8.059675 0.964396
      vertex 11.384381 -9.426549 0.500000
      vertex 11.930005 -8.205988 0.500000
    endloop
  endfacet
  facet normal -0.565848 0.718402 0.404617
    outer loop
      vertex 6.865191 -4.907359 0.500000
      vertex 5.769991 -5.769991 0.500000
      vertex 5.950844 -5.950844 1.074025
    endloop
  endfacet
  facet normal -0.565848 0.718402 0.404617
    outer loop
      vertex 6.865191 -4.907359 0.500000
      vertex 5.950844 -5.950844 1.074025
      vertex 7.037192 -5.079361 1.045930
    endloop
  endfacet
  facet normal -0.336765 0.446519 0.828981
    outer loop
      vertex 7.037192 -5.079361 1.045930
      vertex 5.950844 -5.950844 1.074025
      vertex 6.465870 -6.465870 1.560660
    endloop
  endfacet
  facet normal -0.336765 0.446519 0.828981
    outer loop
      vertex 7.037192 -5.079361 1.045930
      vertex 6.465870 -6.465870 1.560660
      vertex 7.527011 -5.569179 1.508748
    endloop
  endfacet
  facet normal -0.159452 0.244073 0.956558
    outer loop
      vertex 7.527011 -5.569179 1.508748
      vertex 6.465870 -6.465870 1.560660
      vertex 7.236661 -7.236661 1.885819
    endloop
  endfacet
  facet normal -0.159452 0.244073 0.956558
    outer loop
      vertex 7.527011 -5.569179 1.508748
      vertex 7.236661 -7.236661 1.885819
      vertex 8.260076 -6.302245 1.817992
    endloop
  endfacet
  facet normal -0.025159 0.099757 0.994694
    outer loop
      vertex 8.260076 -6.302245 1.817992
      vertex 7.236661 -7.236661 1.885819
      vertex 8.145870 -8.145870 2.000000
    endloop
  endfacet
  facet normal -0.025159 0.099757 0.994694
    outer loop
      vertex 8.260076 -6.302245 1.817992
      vertex 8.145870 -8.145870 2.000000
      vertex 9.124786 -7.166954 1.926585
    endloop
  endfacet
  facet normal 0.099757 -0.025159 0.994694
    outer loop
      vertex 9.124786 -7.166954 1.926585
      vertex 8.145870 -8.145870 2.000000
      vertex 9.055080 -9.055080 1.885819
    endloop
  endfacet
  facet normal 0.099757 -0.025159 0.994694
    outer loop
      vertex 9.124786 -7.166954 1.926585
      vertex 9.055080 -9.055080 1.885819
      vertex 9.989496 -8.031664 1.817992
    endloop
  endfacet
  facet normal 0.244073 -0.159452 0.956558
    outer loop
      vertex 9.989496 -8.031664 1.817992
      vertex 9.055080 -9.055080 1.885819
      vertex 9.825870 -9.825870 1.560660
    endloop
  endfacet
  facet normal 0.244073 -0.159452 0.956558
    outer loop
      vertex 9.989496 -8.031664 1.817992
      vertex 9.825870 -9.825870 1.560660
      vertex 10.722561 -8.764729 1.508748
    endloop
  endfacet
  facet normal 0.446519 -0.336765 0.828981
    outer loop
      vertex 10.722561 -8.764729 1.508748
      vertex 9.825870 -9.825870 1.560660
      vertex 10.340896 -10.340896 1.074025
    endloop
  endfacet
  facet normal 0.446519 -0.336765 0.828981
    outer loop
      vertex 10.722561 -8.764729 1.508748
      vertex 10.340896 -10.340896 1.074025
      vertex 11.212380 -9.254548 1.045930
    endloop
  endfacet
  facet normal 0.718402 -0.565848 0.404617
    outer loop
      vertex 11.212380 -9.254548 1.045930
      vertex 10.340896 -10.340896 1.074025
      vertex 10.521749 -10.521749 0.500000
    endloop
  endfacet
  facet normal 0.718402 -0.565848 0.404617
    outer loop
      vertex 11.212380 -9.254548 1.045930
      vertex 10.521749 -10.521749 0.500000
      vertex 11.384381 -9.426549 0.500000
    endloop
  endfacet
  facet normal -0.718402 0.565848 0.404617
    outer loop
      vertex 5.769991 -5.769991 0.500000
      vertex 4.907359 -6.865191 0.500000
      vertex 5.079361 -7.037192 1.045930
    endloop
  endfacet
  facet normal -0.718402 0.565848 0.404617
    outer loop
      vertex 5.769991 -5.769991 0.500000
      vertex 5.079361 -7.037192 1.045930
      vertex 5.950844 -5.950844 1.074025
    endloop
  endfacet
  facet normal -0.446519 0.336765 0.828981
    outer loop
      vertex 5.950844 -5.950844 1.074025
      vertex 5.079361 -7.037192 1.045930
      vertex 5.569179 -7.527011 1.508748
    endloop
  endfacet
  facet normal -0.446519 0.336765 0.828981
    outer loop
      vertex 5.950844 -5.950844 1.074025
      vertex 5.569179 -7.527011 1.508748
      vertex 6.465870 -6.465870 1.560660
    endloop
  endfacet
  facet normal -0.244073 0.159452 0.956558
    outer loop
      vertex 6.465870 -6.465870 1.560660
      vertex 5.569179 -7.527011 1.508748
      vertex 6.302245 -8.260076 1.817992
    endloop
  endfacet
  facet normal -0.244073 0.159452 0.956558
    outer loop
      vertex 6.465870 -6.465870 1.560660
      vertex 6.302245 -8.260076 1.817992
      vertex 7.236661 -7.236661 1.885819
    endloop
  endfacet
  facet normal -0.099757 0.025159 0.994694
    outer loop
      vertex 7.236661 -7.236661 1.885819
      vertex 6.302245 -8.260076 1.817992
      vertex 7.166954 -9.124786 1.926585
    endloop
  endfacet
  facet normal -0.099757 0.025159 0.994694
    outer loop
      vertex 7.236661 -7.236661 1.885819
      vertex 7.166954 -9.124786 1.926585
      vertex 8.145870 -8.145870 2.000000
    endloop
  endfacet
  facet normal 0.025159 -0.099757 0.994694
    outer loop
      vertex 8.145870 -8.145870 2.000000
      vertex 7.166954 -9.124786 1.926585
      vertex 8.031664 -9.989496 1.817992
    endloop
  endfacet
  facet normal 0.025159 -0.099757 0.994694
    outer loop
      vertex 8.145870 -8.145870 2.000000
      vertex 8.031664 -9.989496 1.817992
      vertex 9.055080 -9.055080 1.885819
    endloop
  endfacet
  facet normal 0.159452 -0.244073 0.956558
    outer loop
      vertex 9.055080 -9.055080 1.885819
      vertex 8.031664 -9.989496 1.817992
      vertex 8.764729 -10.722561 1.508748
    endloop
  endfacet
  facet normal 0.159452 -0.244073 0.956558
    outer loop
      vertex 9.055080 -9.055080 1.885819
      vertex 8.764729 -10.722561 1.508748
      vertex 9.825870 -9.825870 1.560660
    endloop
  endfacet
  facet normal 0.336765 -0.446519 0.828981
    outer loop
      vertex 9.825870 -9.825870 1.560660
      vertex 8.764729 -10.722561 1.508748
      vertex 9.254548 -11.212380 1.045930
    endloop
  endfacet
  facet normal 0.336765 -0.446519 0.828981
    outer loop
      vertex 9.825870 -9.825870 1.560660
      vertex 9.254548 -11.212380 1.045930
      vertex 10.340896 -10.340896 1.074025
    endloop
  endfacet
  facet normal 0.565848 -0.718402 0.404617
    outer loop
      vertex 10.340896 -10.340896 1.074025
      vertex 9.254548 -11.212380 1.045930
      vertex 9.426549 -11.384381 0.500000
    endloop
  endfacet
  facet normal 0.565848 -0.718402 0.404617
    outer loop
      vertex 10.340896 -10.340896 1.074025
      vertex 9.426549 -11.384381 0.500000
      vertex 10.521749 -10.521749 0.500000
    endloop
  endfacet
  facet normal -0.842846 0.376775 0.384255
    outer loop
      vertex 4.907359 -6.865191 0.500000
      vertex 4.361735 -8.085752 0.500000
      vertex 4.508048 -8.232066 0.964396
    endloop
  endfacet
  facet normal -0.842846 0.376775 0.384255
    outer loop
      vertex 4.907359 -6.865191 0.500000
      vertex 4.508048 -8.232066 0.964396
      vertex 5.079361 -7.037192 1.045930
    endloop
  endfacet
  facet normal -0.552830 0.209290 0.806583
    outer loop
      vertex 5.079361 -7.037192 1.045930
      vertex 4.508048 -8.232066 0.964396
      vertex 4.924713 -8.648730 1.358092
    endloop
  endfacet
  facet normal -0.552830 0.209290 0.806583
    outer loop
      vertex 5.079361 -7.037192 1.045930
      vertex 4.924713 -8.648730 1.358092
      vertex 5.569179 -7.527011 1.508748
    endloop
  endfacet
  facet normal -0.332360 0.064577 0.940939
    outer loop
      vertex 5.569179 -7.527011 1.508748
      vertex 4.924713 -8.648730 1.358092
      vertex 5.548296 -9.272313 1.621151
    endloop
  endfacet
  facet normal -0.332360 0.064577 0.940939
    outer loop
      vertex 5.569179 -7.527011 1.508748
      vertex 5.548296 -9.272313 1.621151
      vertex 6.302245 -8.260076 1.817992
    endloop
  endfacet
  facet normal -0.180123 -0.056800 0.982003
    outer loop
      vertex 6.302245 -8.260076 1.817992
      vertex 5.548296 -9.272313 1.621151
      vertex 6.283861 -10.007879 1.713525
    endloop
  endfacet
  facet normal -0.180123 -0.056800 0.982003
    outer loop
      vertex 6.302245 -8.260076 1.817992
      vertex 6.283861 -10.007879 1.713525
      vertex 7.166954 -9.124786 1.926585
    endloop
  endfacet
  facet normal -0.056800 -0.180123 0.982003
    outer loop
      vertex 7.166954 -9.124786 1.926585
      vertex 6.283861 -10.007879 1.713525
      vertex 7.019427 -10.743445 1.621151
    endloop
  endfacet
  facet normal -0.056800 -0.180123 0.982003
    outer loop
      vertex 7.166954 -9.124786 1.926585
      vertex 7.019427 -10.743445 1.621151
      vertex 8.031664 -9.989496 1.817992
    endloop
  endfacet
  facet normal 0.064577 -0.332360 0.940939
    outer loop
      vertex 8.031664 -9.989496 1.817992
      vertex 7.019427 -10.743445 1.621151
      vertex 7.643010 -11.367027 1.358092
    endloop
  endfacet
  facet normal 0.064577 -0.332360 0.940939
    outer loop
      vertex 8.031664 -9.989496 1.817992
      vertex 7.643010 -11.367027 1.358092
      vertex 8.764729 -10.722561 1.508748
    endloop
  endfacet
  facet normal 0.209290 -0.552830 0.806583
    outer loop
      vertex 8.764729 -10.722561 1.508748
      vertex 7.643010 -11.367027 1.358092
      vertex 8.059675 -11.783692 0.964396
    endloop
  endfacet
  facet normal 0.209290 -0.552830 0.806583
    outer loop
      vertex 8.764729 -10.722561 1.508748
      vertex 8.059675 -11.783692 0.964396
      vertex 9.254548 -11.212380 1.045930
    endloop
  endfacet
  facet normal 0.376775 -0.842846 0.384255
    outer loop
      vertex 9.254548 -11.212380 1.045930
      vertex 8.059675 -11.783692 0.964396
      vertex 8.205988 -11.930005 0.500000
    endloop
  endfacet
  facet normal 0.376775 -0.842846 0.384255
    outer loop
      vertex 9.254548 -11.212380 1.045930
      vertex 8.205988 -11.930005 0.500000
      vertex 9.426549 -11.384381 0.500000
    endloop
  endfacet
  facet normal -0.932481 0.133212 0.335758
    outer loop
      vertex 4.361735 -8.085752 0.500000
      vertex 4.186529 -9.312199 0.500000
      vertex 4.292831 -9.418501 0.837404
    endloop
  endfacet
  facet normal -0.932481 0.133212 0.335758
    outer loop
      vertex 4.361735 -8.085752 0.500000
      vertex 4.292831 -9.418501 0.837404
      vertex 4.508048 -8.232066 0.964396
    endloop
  endfacet
  facet normal -0.664443 0.040654 0.746233
    outer loop
      vertex 4.508048 -8.232066 0.964396
      vertex 4.292831 -9.418501 0.837404
      vertex 4.595556 -9.721226 1.123440
    endloop
  endfacet
  facet normal -0.664443 0.040654 0.746233
    outer loop
      vertex 4.508048 -8.232066 0.964396
      vertex 4.595556 -9.721226 1.123440
      vertex 4.924713 -8.648730 1.358092
    endloop
  endfacet
  facet normal -0.439331 -0.061253 0.896234
    outer loop
      vertex 4.924713 -8.648730 1.358092
      vertex 4.595556 -9.721226 1.123440
      vertex 5.048615 -10.174285 1.314564
    endloop
  endfacet
  facet normal -0.439331 -0.061253 0.896234
    outer loop
      vertex 4.924713 -8.648730 1.358092
      vertex 5.048615 -10.174285 1.314564
      vertex 5.548296 -9.272313 1.621151
    endloop
  endfacet
  facet normal -0.283045 -0.164381 0.944915
    outer loop
      vertex 5.548296 -9.272313 1.621151
      vertex 5.048615 -10.174285 1.314564
      vertex 5.583035 -10.708705 1.381678
    endloop
  endfacet
  facet normal -0.283045 -0.164381 0.944915
    outer loop
      vertex 5.548296 -9.272313 1.621151
      vertex 5.583035 -10.708705 1.381678
      vertex 6.283861 -10.007879 1.713525
    endloop
  endfacet
  facet normal -0.164381 -0.283045 0.944915
    outer loop
      vertex 6.283861 -10.007879 1.713525
      vertex 5.583035 -10.708705 1.381678
      vertex 6.117455 -11.243125 1.314564
    endloop
  endfacet
  facet normal -0.164381 -0.283045 0.944915
    outer loop
      vertex 6.283861 -10.007879 1.713525
      vertex 6.117455 -11.243125 1.314564
      vertex 7.019427 -10.743445 1.621151
    endloop
  endfacet
  facet normal -0.061253 -0.439331 0.896234
    outer loop
      vertex 7.019427 -10.743445 1.621151
      vertex 6.117455 -11.243125 1.314564
      vertex 6.570514 -11.696184 1.123440
    endloop
  endfacet
  facet normal -0.061253 -0.439331 0.896234
    outer loop
      vertex 7.019427 -10.743445 1.621151
      vertex 6.570514 -11.696184 1.123440
      vertex 7.643010 -11.367027 1.358092
    endloop
  endfacet
  facet normal 0.040654 -0.664443 0.746233
    outer loop
      vertex 7.643010 -11.367027 1.358092
      vertex 6.570514 -11.696184 1.123440
      vertex 6.873239 -11.998909 0.837404
    endloop
  endfacet
  facet normal 0.040654 -0.664443 0.746233
    outer loop
      vertex 7.643010 -11.367027 1.358092
      vertex 6.873239 -11.998909 0.837404
      vertex 8.059675 -11.783692 0.964396
    endloop
  endfacet
  facet normal 0.133212 -0.932481 0.335758
    outer loop
      vertex 8.059675 -11.783692 0.964396
      vertex 6.873239 -11.998909 0.837404
      vertex 6.979542 -12.105212 0.500000
    endloop
  endfacet
  facet normal 0.133212 -0.932481 0.335758
    outer loop
      vertex 8.059675 -11.783692 0.964396
      vertex 6.979542 -12.105212 0.500000
      vertex 8.205988 -11.930005 0.500000
    endloop
  endfacet
  facet normal -0.952843 -0.181921 0.242888
    outer loop
      vertex 4.186529 -9.312199 0.500000
      vertex 4.398890 -10.424477 0.500000
      vertex 4.454777 -10.480363 0.677384
    endloop
  endfacet
  facet normal -0.952843 -0.181921 0.242888
    outer loop
      vertex 4.186529 -9.312199 0.500000
      vertex 4.454777 -10.480363 0.677384
      vertex 4.292831 -9.418501 0.837404
    endloop
  endfacet
  facet normal -0.773638 -0.208174 0.598454
    outer loop
      vertex 4.292831 -9.418501 0.837404
      vertex 4.454777 -10.480363 0.677384
      vertex 4.613928 -10.639515 0.827762
    endloop
  endfacet
  facet normal -0.773638 -0.208174 0.598454
    outer loop
      vertex 4.292831 -9.418501 0.837404
      vertex 4.613928 -10.639515 0.827762
      vertex 4.595556 -9.721226 1.123440
    endloop
  endfacet
  facet normal -0.583899 -0.259380 0.769275
    outer loop
      vertex 4.595556 -9.721226 1.123440
      vertex 4.613928 -10.639515 0.827762
      vertex 4.852116 -10.877702 0.928242
    endloop
  endfacet
  facet normal -0.583899 -0.259380 0.769275
    outer loop
      vertex 4.595556 -9.721226 1.123440
      vertex 4.852116 -10.877702 0.928242
      vertex 5.048615 -10.174285 1.314564
    endloop
  endfacet
  facet normal -0.439586 -0.334923 0.833421
    outer loop
      vertex 5.048615 -10.174285 1.314564
      vertex 4.852116 -10.877702 0.928242
      vertex 5.133077 -11.158663 0.963525
    endloop
  endfacet
  facet normal -0.439586 -0.334923 0.833421
    outer loop
      vertex 5.048615 -10.174285 1.314564
      vertex 5.133077 -11.158663 0.963525
      vertex 5.583035 -10.708705 1.381678
    endloop
  endfacet
  facet normal -0.334923 -0.439586 0.833421
    outer loop
      vertex 5.583035 -10.708705 1.381678
      vertex 5.133077 -11.158663 0.963525
      vertex 5.414038 -11.439625 0.928242
    endloop
  endfacet
  facet normal -0.334923 -0.439586 0.833421
    outer loop
      vertex 5.583035 -10.708705 1.381678
      vertex 5.414038 -11.439625 0.928242
      vertex 6.117455 -11.243125 1.314564
    endloop
  endfacet
  facet normal -0.259380 -0.583899 0.769275
    outer loop
      vertex 6.117455 -11.243125 1.314564
      vertex 5.414038 -11.439625 0.928242
      vertex 5.652225 -11.677812 0.827762
    endloop
  endfacet
  facet normal -0.259380 -0.583899 0.769275
    outer loop
      vertex 6.117455 -11.243125 1.314564
      vertex 5.652225 -11.677812 0.827762
      vertex 6.570514 -11.696184 1.123440
    endloop
  endfacet
  facet normal -0.208174 -0.773638 0.598454
    outer loop
      vertex 6.570514 -11.696184 1.123440
      vertex 5.652225 -11.677812 0.827762
      vertex 5.811377 -11.836964 0.677384
    endloop
  endfacet
  facet normal -0.208174 -0.773638 0.598454
    outer loop
      vertex 6.570514 -11.696184 1.123440
      vertex 5.811377 -11.836964 0.677384
      vertex 6.873239 -11.998909 0.837404
    endloop
  endfacet
  facet normal -0.181921 -0.952843 0.242888
    outer loop
      vertex 6.873239 -11.998909 0.837404
      vertex 5.811377 -11.836964 0.677384
      vertex 5.867264 -11.892850 0.500000
    endloop
  endfacet
  facet normal -0.181921 -0.952843 0.242888
    outer loop
      vertex 6.873239 -11.998909 0.837404
      vertex 5.867264 -11.892850 0.500000
      vertex 6.979542 -12.105212 0.500000
    endloop
  endfacet
  facet normal 0.000000 0.000000 1.000000
    outer loop
      vertex 4.398890 -10.424477 0.500000
      vertex 4.978032 -11.313708 0.500000
      vertex 4.978032 -11.313708 0.500000
    endloop
  endfacet
  facet normal -0.834423 -0.543446 0.091676
    outer loop
      vertex 4.398890 -10.424477 0.500000
      vertex 4.978032 -11.313708 0.500000
      vertex 4.454777 -10.480363 0.677384
    endloop
  endfacet
  facet normal 0.000000 0.000000 1.000000
    outer loop
      vertex 4.454777 -10.480363 0.677384
      vertex 4.978032 -11.313708 0.500000
      vertex 4.978032 -11.313708 0.500000
    endloop
  endfacet
  facet normal -0.793513 -0.552532 0.255040
    outer loop
      vertex 4.454777 -10.480363 0.677384
      vertex 4.978032 -11.313708 0.500000
      vertex 4.613928 -10.639515 0.827762
    endloop
  endfacet
  facet normal 0.000000 0.000000 1.000000
    outer loop
      vertex 4.613928 -10.639515 0.827762
      vertex 4.978032 -11.313708 0.500000
      vertex 4.978032 -11.313708 0.500000
    endloop
  endfacet
  facet normal -0.730321 -0.574262 0.369938
    outer loop
      vertex 4.613928 -10.639515 0.827762
      vertex 4.978032 -11.313708 0.500000
      vertex 4.852116 -10.877702 0.928242
    endloop
  endfacet
  facet normal 0.000000 0.000000 1.000000
    outer loop
      vertex 4.852116 -10.877702 0.928242
      vertex 4.978032 -11.313708 0.500000
      vertex 4.978032 -11.313708 0.500000
    endloop
  endfacet
  facet normal -0.665569 -0.611907 0.427304
    outer loop
      vertex 4.852116 -10.877702 0.928242
      vertex 4.978032 -11.313708 0.500000
      vertex 5.133077 -11.158663 0.963525
    endloop
  endfacet
  facet normal 0.000000 0.000000 1.000000
    outer loop
      vertex 5.133077 -11.158663 0.963525
      vertex 4.978032 -11.313708 0.500000
      vertex 4.978032 -11.313708 0.500000
    endloop
  endfacet
  facet normal -0.611907 -0.665569 0.427304
    outer loop
      vertex 5.133077 -11.158663 0.963525
      vertex 4.978032 -11.313708 0.500000
      vertex 5.414038 -11.439625 0.928242
    endloop
  endfacet
  facet normal 0.000000 0.000000 1.000000
    outer loop
      vertex 5.414038 -11.439625 0.928242
      vertex 4.978032 -11.313708 0.500000
      vertex 4.978032 -11.313708 0.500000
    endloop
  endfacet
  facet normal -0.574262 -0.730321 0.369938
    outer loop
      vertex 5.414038 -11.439625 0.928242
      vertex 4.978032 -11.313708 0.500000
      vertex 5.652225 -11.677812 0.827762
    endloop
  endfacet
  facet normal 0.000000 0.000000 1.000000
    outer loop
      vertex 5.652225 -11.677812 0.827762
      vertex 4.978032 -11.313708 0.500000
      vertex 4.978032 -11.313708 0.500000
    endloop
  endfacet
  facet normal -0.552532 -0.793513 0.255040
    outer loop
      vertex 5.652225 -11.677812 0.827762
      vertex 4.978032 -11.313708 0.500000
      vertex 5.811377 -11.836964 0.677384
    endloop
  endfacet
  facet normal 0.000000 0.000000 1.000000
    outer loop
      vertex 5.811377 -11.836964 0.677384
      vertex 4.978032 -11.313708 0.500000
      vertex 4.978032 -11.313708 0.500000
    endloop
  endfacet
  facet normal -0.543446 -0.834423 0.091676
    outer loop
      vertex 5.811377 -11.836964 0.677384
      vertex 4.978032 -11.313708 0.500000
      vertex 5.867264 -11.892850 0.500000
    endloop
  endfacet
  facet normal -0.557811 0.826672 0.073888
    outer loop
      vertex 5.549804 5.416094 0.500000
      vertex 4.964239 5.020974 0.500000
      vertex 5.012918 5.041137 0.641907
    endloop
  endfacet
  facet normal 0.000000 0.000000 1.000000
    outer loop
      vertex 5.549804 5.416094 0.500000
      vertex 5.012918 5.041137 0.641907
      vertex 5.549804 5.416094 0.500000
    endloop
  endfacet
  facet normal -0.522639 0.826902 0.207563
    outer loop
      vertex 5.549804 5.416094 0.500000
      vertex 5.012918 5.041137 0.641907
      vertex 5.151546 5.098559 0.762210
    endloop
  endfacet
  facet normal 0.000000 0.000000 1.000000
    outer loop
      vertex 5.549804 5.416094 0.500000
      vertex 5.151546 5.098559 0.762210
      vertex 5.549804 5.416094 0.500000
    endloop
  endfacet
  facet normal -0.462890 0.832332 0.304888
    outer loop
      vertex 5.549804 5.416094 0.500000
      vertex 5.151546 5.098559 0.762210
      vertex 5.359017 5.184496 0.842593
    endloop
  endfacet
  facet normal 0.000000 0.000000 1.000000
    outer loop
      vertex 5.549804 5.416094 0.500000
      vertex 5.359017 5.184496 0.842593
      vertex 5.549804 5.416094 0.500000
    endloop
  endfacet
  facet normal -0.392411 0.848495 0.355064
    outer loop
      vertex 5.549804 5.416094 0.500000
      vertex 5.359017 5.184496 0.842593
      vertex 5.603746 5.285866 0.870820
    endloop
  endfacet
  facet normal 0.000000 0.000000 1.000000
    outer loop
      vertex 5.549804 5.416094 0.500000
      vertex 5.603746 5.285866 0.870820
      vertex 5.549804 5.416094 0.500000
    endloop
  endfacet
  facet normal -0.322500 0.877453 0.355064
    outer loop
      vertex 5.549804 5.416094 0.500000
      vertex 5.603746 5.285866 0.870820
      vertex 5.848475 5.387236 0.842593
    endloop
  endfacet
  facet normal 0.000000 0.000000 1.000000
    outer loop
      vertex 5.549804 5.416094 0.500000
      vertex 5.848475 5.387236 0.842593
      vertex 5.549804 5.416094 0.500000
    endloop
  endfacet
  facet normal -0.261234 0.915860 0.304888
    outer loop
      vertex 5.549804 5.416094 0.500000
      vertex 5.848475 5.387236 0.842593
      vertex 6.055947 5.473174 0.762210
    endloop
  endfacet
  facet normal 0.000000 0.000000 1.000000
    outer loop
      vertex 5.549804 5.416094 0.500000
      vertex 6.055947 5.473174 0.762210
      vertex 5.549804 5.416094 0.500000
    endloop
  endfacet
  facet normal -0.215146 0.954269 0.207563
    outer loop
      vertex 5.549804 5.416094 0.500000
      vertex 6.055947 5.473174 0.762210
      vertex 6.194574 5.530595 0.641907
    endloop
  endfacet
  facet normal 0.000000 0.000000 1.000000
    outer loop
      vertex 5.549804 5.416094 0.500000
      vertex 6.194574 5.530595 0.641907
      vertex 5.549804 5.416094 0.500000
    endloop
  endfacet
  facet normal -0.190114 0.978978 0.073888
    outer loop
      vertex 5.549804 5.416094 0.500000
      vertex 6.194574 5.530595 0.641907
      vertex 6.243254 5.550759 0.500000
    endloop
  endfacet
  facet normal 0.000000 0.000000 1.000000
    outer loop
      vertex 5.549804 5.416094 0.500000
      vertex 6.243254 5.550759 0.500000
      vertex 5.549804 5.416094 0.500000
    endloop
  endfacet
  facet normal -0.809791 0.551802 0.199384
    outer loop
      vertex 4.964239 5.020974 0.500000
      vertex 4.543876 4.404075 0.500000
      vertex 4.636470 4.442429 0.769923
    endloop
  endfacet
  facet normal -0.809791 0.551802 0.199384
    outer loop
      vertex 4.964239 5.020974 0.500000
      vertex 4.636470 4.442429 0.769923
      vertex 5.012918 5.041137 0.641907
    endloop
  endfacet
  facet normal -0.669862 0.531945 0.517996
    outer loop
      vertex 5.012918 5.041137 0.641907
      vertex 4.636470 4.442429 0.769923
      vertex 4.900156 4.551651 0.998752
    endloop
  endfacet
  facet normal -0.669862 0.531945 0.517996
    outer loop
      vertex 5.012918 5.041137 0.641907
      vertex 4.900156 4.551651 0.998752
      vertex 5.151546 5.098559 0.762210
    endloop
  endfacet
  facet normal -0.487771 0.525654 0.696970
    outer loop
      vertex 5.151546 5.098559 0.762210
      vertex 4.900156 4.551651 0.998752
      vertex 5.294790 4.715114 1.151651
    endloop
  endfacet
  facet normal -0.487771 0.525654 0.696970
    outer loop
      vertex 5.151546 5.098559 0.762210
      vertex 5.294790 4.715114 1.151651
      vertex 5.359017 5.184496 0.842593
    endloop
  endfacet
  facet normal -0.317387 0.551412 0.771499
    outer loop
      vertex 5.359017 5.184496 0.842593
      vertex 5.294790 4.715114 1.151651
      vertex 5.760292 4.907931 1.205342
    endloop
  endfacet
  facet normal -0.317387 0.551412 0.771499
    outer loop
      vertex 5.359017 5.184496 0.842593
      vertex 5.760292 4.907931 1.205342
      vertex 5.603746 5.285866 0.870820
    endloop
  endfacet
  facet normal -0.165481 0.614333 0.771499
    outer loop
      vertex 5.603746 5.285866 0.870820
      vertex 5.760292 4.907931 1.205342
      vertex 6.225794 5.100749 1.151651
    endloop
  endfacet
  facet normal -0.165481 0.614333 0.771499
    outer loop
      vertex 5.603746 5.285866 0.870820
      vertex 6.225794 5.100749 1.151651
      vertex 5.848475 5.387236 0.842593
    endloop
  endfacet
  facet normal -0.026787 0.716599 0.696970
    outer loop
      vertex 5.848475 5.387236 0.842593
      vertex 6.225794 5.100749 1.151651
      vertex 6.620428 5.264211 0.998752
    endloop
  endfacet
  facet normal -0.026787 0.716599 0.696970
    outer loop
      vertex 5.848475 5.387236 0.842593
      vertex 6.620428 5.264211 0.998752
      vertex 6.055947 5.473174 0.762210
    endloop
  endfacet
  facet normal 0.097522 0.849806 0.517996
    outer loop
      vertex 6.055947 5.473174 0.762210
      vertex 6.620428 5.264211 0.998752
      vertex 6.884114 5.373434 0.769923
    endloop
  endfacet
  facet normal 0.097522 0.849806 0.517996
    outer loop
      vertex 6.055947 5.473174 0.762210
      vertex 6.884114 5.373434 0.769923
      vertex 6.194574 5.530595 0.641907
    endloop
  endfacet
  facet normal 0.182426 0.962791 0.199384
    outer loop
      vertex 6.194574 5.530595 0.641907
      vertex 6.884114 5.373434 0.769923
      vertex 6.976708 5.411787 0.500000
    endloop
  endfacet
  facet normal 0.182426 0.962791 0.199384
    outer loop
      vertex 6.194574 5.530595 0.641907
      vertex 6.976708 5.411787 0.500000
      vertex 6.243254 5.550759 0.500000
    endloop
  endfacet
  facet normal -0.925288 0.254432 0.281258
    outer loop
      vertex 4.543876 4.404075 0.500000
      vertex 4.329865 3.625786 0.500000
      vertex 4.457310 3.678575 0.871517
    endloop
  endfacet
  facet normal -0.925288 0.254432 0.281258
    outer loop
      vertex 4.543876 4.404075 0.500000
      vertex 4.457310 3.678575 0.871517
      vertex 4.636470 4.442429 0.769923
    endloop
  endfacet
  facet normal -0.691717 0.252241 0.676685
    outer loop
      vertex 4.636470 4.442429 0.769923
      vertex 4.457310 3.678575 0.871517
      vertex 4.820242 3.828907 1.186474
    endloop
  endfacet
  facet normal -0.691717 0.252241 0.676685
    outer loop
      vertex 4.636470 4.442429 0.769923
      vertex 4.820242 3.828907 1.186474
      vertex 4.900156 4.551651 0.998752
    endloop
  endfacet
  facet normal -0.443283 0.270944 0.854453
    outer loop
      vertex 4.900156 4.551651 0.998752
      vertex 4.820242 3.828907 1.186474
      vertex 5.363409 4.053894 1.396921
    endloop
  endfacet
  facet normal -0.443283 0.270944 0.854453
    outer loop
      vertex 4.900156 4.551651 0.998752
      vertex 5.363409 4.053894 1.396921
      vertex 5.294790 4.715114 1.151651
    endloop
  endfacet
  facet normal -0.236918 0.316170 0.918644
    outer loop
      vertex 5.294790 4.715114 1.151651
      vertex 5.363409 4.053894 1.396921
      vertex 6.004118 4.319284 1.470820
    endloop
  endfacet
  facet normal -0.236918 0.316170 0.918644
    outer loop
      vertex 5.294790 4.715114 1.151651
      vertex 6.004118 4.319284 1.470820
      vertex 5.760292 4.907931 1.205342
    endloop
  endfacet
  facet normal -0.056040 0.391093 0.918644
    outer loop
      vertex 5.760292 4.907931 1.205342
      vertex 6.004118 4.319284 1.470820
      vertex 6.644827 4.584674 1.396921
    endloop
  endfacet
  facet normal -0.056040 0.391093 0.918644
    outer loop
      vertex 5.760292 4.907931 1.205342
      vertex 6.644827 4.584674 1.396921
      vertex 6.225794 5.100749 1.151651
    endloop
  endfacet
  facet normal 0.121862 0.505035 0.854453
    outer loop
      vertex 6.225794 5.100749 1.151651
      vertex 6.644827 4.584674 1.396921
      vertex 7.187993 4.809661 1.186474
    endloop
  endfacet
  facet normal 0.121862 0.505035 0.854453
    outer loop
      vertex 6.225794 5.100749 1.151651
      vertex 7.187993 4.809661 1.186474
      vertex 6.620428 5.264211 0.998752
    endloop
  endfacet
  facet normal 0.310756 0.667479 0.676685
    outer loop
      vertex 6.620428 5.264211 0.998752
      vertex 7.187993 4.809661 1.186474
      vertex 7.550926 4.959993 0.871517
    endloop
  endfacet
  facet normal 0.310756 0.667479 0.676685
    outer loop
      vertex 6.620428 5.264211 0.998752
      vertex 7.550926 4.959993 0.871517
      vertex 6.884114 5.373434 0.769923
    endloop
  endfacet
  facet normal 0.474367 0.834188 0.281258
    outer loop
      vertex 6.884114 5.373434 0.769923
      vertex 7.550926 4.959993 0.871517
      vertex 7.678371 5.012782 0.500000
    endloop
  endfacet
  facet normal 0.474367 0.834188 0.281258
    outer loop
      vertex 6.884114 5.373434 0.769923
      vertex 7.678371 5.012782 0.500000
      vertex 6.976708 5.411787 0.500000
    endloop
  endfacet
  facet normal -0.945157 -0.014546 0.326293
    outer loop
      vertex 4.329865 3.625786 0.500000
      vertex 4.343154 2.762289 0.500000
      vertex 4.492975 2.824346 0.936744
    endloop
  endfacet
  facet normal -0.945157 -0.014546 0.326293
    outer loop
      vertex 4.329865 3.625786 0.500000
      vertex 4.492975 2.824346 0.936744
      vertex 4.457310 3.678575 0.871517
    endloop
  endfacet
  facet normal -0.662089 0.029538 0.748843
    outer loop
      vertex 4.457310 3.678575 0.871517
      vertex 4.492975 2.824346 0.936744
      vertex 4.919627 3.001072 1.306998
    endloop
  endfacet
  facet normal -0.662089 0.029538 0.748843
    outer loop
      vertex 4.457310 3.678575 0.871517
      vertex 4.919627 3.001072 1.306998
      vertex 4.820242 3.828907 1.186474
    endloop
  endfacet
  facet normal -0.390870 0.086489 0.916374
    outer loop
      vertex 4.820242 3.828907 1.186474
      vertex 4.919627 3.001072 1.306998
      vertex 5.558158 3.265560 1.554394
    endloop
  endfacet
  facet normal -0.390870 0.086489 0.916374
    outer loop
      vertex 4.820242 3.828907 1.186474
      vertex 5.558158 3.265560 1.554394
      vertex 5.363409 4.053894 1.396921
    endloop
  endfacet
  facet normal -0.174828 0.151157 0.972927
    outer loop
      vertex 5.363409 4.053894 1.396921
      vertex 5.558158 3.265560 1.554394
      vertex 6.311356 3.577545 1.641268
    endloop
  endfacet
  facet normal -0.174828 0.151157 0.972927
    outer loop
      vertex 5.363409 4.053894 1.396921
      vertex 6.311356 3.577545 1.641268
      vertex 6.004118 4.319284 1.470820
    endloop
  endfacet
  facet normal 0.016738 0.230506 0.972927
    outer loop
      vertex 6.004118 4.319284 1.470820
      vertex 6.311356 3.577545 1.641268
      vertex 7.064555 3.889530 1.554394
    endloop
  endfacet
  facet normal 0.016738 0.230506 0.972927
    outer loop
      vertex 6.004118 4.319284 1.470820
      vertex 7.064555 3.889530 1.554394
      vertex 6.644827 4.584674 1.396921
    endloop
  endfacet
  facet normal 0.215229 0.337544 0.916374
    outer loop
      vertex 6.644827 4.584674 1.396921
      vertex 7.064555 3.889530 1.554394
      vertex 7.703085 4.154018 1.306998
    endloop
  endfacet
  facet normal 0.215229 0.337544 0.916374
    outer loop
      vertex 6.644827 4.584674 1.396921
      vertex 7.703085 4.154018 1.306998
      vertex 7.187993 4.809661 1.186474
    endloop
  endfacet
  facet normal 0.447281 0.489054 0.748843
    outer loop
      vertex 7.187993 4.809661 1.186474
      vertex 7.703085 4.154018 1.306998
      vertex 8.129738 4.330743 0.936744
    endloop
  endfacet
  facet normal 0.447281 0.489054 0.748843
    outer loop
      vertex 7.187993 4.809661 1.186474
      vertex 8.129738 4.330743 0.936744
      vertex 7.550926 4.959993 0.871517
    endloop
  endfacet
  facet normal 0.678612 0.658041 0.326293
    outer loop
      vertex 7.550926 4.959993 0.871517
      vertex 8.129738 4.330743 0.936744
      vertex 8.279558 4.392801 0.500000
    endloop
  endfacet
  facet normal 0.678612 0.658041 0.326293
    outer loop
      vertex 7.550926 4.959993 0.871517
      vertex 8.279558 4.392801 0.500000
      vertex 7.678371 5.012782 0.500000
    endloop
  endfacet
  facet normal -0.904287 -0.250394 0.345785
    outer loop
      vertex 4.343154 2.762289 0.500000
      vertex 4.582442 1.898110 0.500000
      vertex 4.739973 1.963361 0.959220
    endloop
  endfacet
  facet normal -0.904287 -0.250394 0.345785
    outer loop
      vertex 4.343154 2.762289 0.500000
      vertex 4.739973 1.963361 0.959220
      vertex 4.492975 2.824346 0.936744
    endloop
  endfacet
  facet normal -0.610182 -0.154765 0.776998
    outer loop
      vertex 4.492975 2.824346 0.936744
      vertex 4.739973 1.963361 0.959220
      vertex 5.188582 2.149181 1.348528
    endloop
  endfacet
  facet normal -0.610182 -0.154765 0.776998
    outer loop
      vertex 4.492975 2.824346 0.936744
      vertex 5.188582 2.149181 1.348528
      vertex 4.919627 3.001072 1.306998
    endloop
  endfacet
  facet normal -0.338498 -0.061093 0.938982
    outer loop
      vertex 4.919627 3.001072 1.306998
      vertex 5.188582 2.149181 1.348528
      vertex 5.859973 2.427280 1.608655
    endloop
  endfacet
  facet normal -0.338498 -0.061093 0.938982
    outer loop
      vertex 4.919627 3.001072 1.306998
      vertex 5.859973 2.427280 1.608655
      vertex 5.558158 3.265560 1.554394
    endloop
  endfacet
  facet normal -0.122743 0.020034 0.992236
    outer loop
      vertex 5.558158 3.265560 1.554394
      vertex 5.859973 2.427280 1.608655
      vertex 6.651933 2.755321 1.700000
    endloop
  endfacet
  facet normal -0.122743 0.020034 0.992236
    outer loop
      vertex 5.558158 3.265560 1.554394
      vertex 6.651933 2.755321 1.700000
      vertex 6.311356 3.577545 1.641268
    endloop
  endfacet
  facet normal 0.072626 0.100959 0.992236
    outer loop
      vertex 6.311356 3.577545 1.641268
      vertex 6.651933 2.755321 1.700000
      vertex 7.443892 3.083361 1.608655
    endloop
  endfacet
  facet normal 0.072626 0.100959 0.992236
    outer loop
      vertex 6.311356 3.577545 1.641268
      vertex 7.443892 3.083361 1.608655
      vertex 7.064555 3.889530 1.554394
    endloop
  endfacet
  facet normal 0.282554 0.196155 0.938982
    outer loop
      vertex 7.064555 3.889530 1.554394
      vertex 7.443892 3.083361 1.608655
      vertex 8.115283 3.361460 1.348528
    endloop
  endfacet
  facet normal 0.282554 0.196155 0.938982
    outer loop
      vertex 7.064555 3.889530 1.554394
      vertex 8.115283 3.361460 1.348528
      vertex 7.703085 4.154018 1.306998
    endloop
  endfacet
  facet normal 0.540899 0.322028 0.776998
    outer loop
      vertex 7.703085 4.154018 1.306998
      vertex 8.115283 3.361460 1.348528
      vertex 8.563892 3.547280 0.959220
    endloop
  endfacet
  facet normal 0.540899 0.322028 0.776998
    outer loop
      vertex 7.703085 4.154018 1.306998
      vertex 8.563892 3.547280 0.959220
      vertex 8.129738 4.330743 0.936744
    endloop
  endfacet
  facet normal 0.816483 0.462372 0.345785
    outer loop
      vertex 8.129738 4.330743 0.936744
      vertex 8.563892 3.547280 0.959220
      vertex 8.721423 3.612532 0.500000
    endloop
  endfacet
  facet normal 0.816483 0.462372 0.345785
    outer loop
      vertex 8.129738 4.330743 0.936744
      vertex 8.721423 3.612532 0.500000
      vertex 8.279558 4.392801 0.500000
    endloop
  endfacet
  facet normal -0.816483 -0.462372 0.345785
    outer loop
      vertex 4.582442 1.898110 0.500000
      vertex 5.024307 1.117841 0.500000
      vertex 5.174127 1.179898 0.936744
    endloop
  endfacet
  facet normal -0.816483 -0.462372 0.345785
    outer loop
      vertex 4.582442 1.898110 0.500000
      vertex 5.174127 1.179898 0.936744
      vertex 4.739973 1.963361 0.959220
    endloop
  endfacet
  facet normal -0.540899 -0.322028 0.776998
    outer loop
      vertex 4.739973 1.963361 0.959220
      vertex 5.174127 1.179898 0.936744
      vertex 5.600780 1.356624 1.306998
    endloop
  endfacet
  facet normal -0.540899 -0.322028 0.776998
    outer loop
      vertex 4.739973 1.963361 0.959220
      vertex 5.600780 1.356624 1.306998
      vertex 5.188582 2.149181 1.348528
    endloop
  endfacet
  facet normal -0.282554 -0.196155 0.938982
    outer loop
      vertex 5.188582 2.149181 1.348528
      vertex 5.600780 1.356624 1.306998
      vertex 6.239311 1.621112 1.554394
    endloop
  endfacet
  facet normal -0.282554 -0.196155 0.938982
    outer loop
      vertex 5.188582 2.149181 1.348528
      vertex 6.239311 1.621112 1.554394
      vertex 5.859973 2.427280 1.608655
    endloop
  endfacet
  facet normal -0.072626 -0.100959 0.992236
    outer loop
      vertex 5.859973 2.427280 1.608655
      vertex 6.239311 1.621112 1.554394
      vertex 6.992509 1.933097 1.641268
    endloop
  endfacet
  facet normal -0.072626 -0.100959 0.992236
    outer loop
      vertex 5.859973 2.427280 1.608655
      vertex 6.992509 1.933097 1.641268
      vertex 6.651933 2.755321 1.700000
    endloop
  endfacet
  facet normal 0.122743 -0.020034 0.992236
    outer loop
      vertex 6.651933 2.755321 1.700000
      vertex 6.992509 1.933097 1.641268
      vertex 7.745707 2.245082 1.554394
    endloop
  endfacet
  facet normal 0.122743 -0.020034 0.992236
    outer loop
      vertex 6.651933 2.755321 1.700000
      vertex 7.745707 2.245082 1.554394
      vertex 7.443892 3.083361 1.608655
    endloop
  endfacet
  facet normal 0.338498 0.061093 0.938982
    outer loop
      vertex 7.443892 3.083361 1.608655
      vertex 7.745707 2.245082 1.554394
      vertex 8.384238 2.509570 1.306998
    endloop
  endfacet
  facet normal 0.338498 0.061093 0.938982
    outer loop
      vertex 7.443892 3.083361 1.608655
      vertex 8.384238 2.509570 1.306998
      vertex 8.115283 3.361460 1.348528
    endloop
  endfacet
  facet normal 0.610182 0.154765 0.776998
    outer loop
      vertex 8.115283 3.361460 1.348528
      vertex 8.384238 2.509570 1.306998
      vertex 8.810891 2.686295 0.936744
    endloop
  endfacet
  facet normal 0.610182 0.154765 0.776998
    outer loop
      vertex 8.115283 3.361460 1.348528
      vertex 8.810891 2.686295 0.936744
      vertex 8.563892 3.547280 0.959220
    endloop
  endfacet
  facet normal 0.904287 0.250394 0.345785
    outer loop
      vertex 8.563892 3.547280 0.959220
      vertex 8.810891 2.686295 0.936744
      vertex 8.960711 2.748353 0.500000
    endloop
  endfacet
  facet normal 0.904287 0.250394 0.345785
    outer loop
      vertex 8.563892 3.547280 0.959220
      vertex 8.960711 2.748353 0.500000
      vertex 8.721423 3.612532 0.500000
    endloop
  endfacet
  facet normal -0.678612 -0.658041 0.326293
    outer loop
      vertex 5.024307 1.117841 0.500000
      vertex 5.625495 0.497859 0.500000
      vertex 5.752940 0.550649 0.871517
    endloop
  endfacet
  facet normal -0.678612 -0.658041 0.326293
    outer loop
      vertex 5.024307 1.117841 0.500000
      vertex 5.752940 0.550649 0.871517
      vertex 5.174127 1.179898 0.936744
    endloop
  endfacet
  facet normal -0.447281 -0.489054 0.748843
    outer loop
      vertex 5.174127 1.179898 0.936744
      vertex 5.752940 0.550649 0.871517
      vertex 6.115872 0.700980 1.186474
    endloop
  endfacet
  facet normal -0.447281 -0.489054 0.748843
    outer loop
      vertex 5.174127 1.179898 0.936744
      vertex 6.115872 0.700980 1.186474
      vertex 5.600780 1.356624 1.306998
    endloop
  endfacet
  facet normal -0.215229 -0.337544 0.916374
    outer loop
      vertex 5.600780 1.356624 1.306998
      vertex 6.115872 0.700980 1.186474
      vertex 6.659039 0.925967 1.396921
    endloop
  endfacet
  facet normal -0.215229 -0.337544 0.916374
    outer loop
      vertex 5.600780 1.356624 1.306998
      vertex 6.659039 0.925967 1.396921
      vertex 6.239311 1.621112 1.554394
    endloop
  endfacet
  facet normal -0.016738 -0.230506 0.972927
    outer loop
      vertex 6.239311 1.621112 1.554394
      vertex 6.659039 0.925967 1.396921
      vertex 7.299747 1.191358 1.470820
    endloop
  endfacet
  facet normal -0.016738 -0.230506 0.972927
    outer loop
      vertex 6.239311 1.621112 1.554394
      vertex 7.299747 1.191358 1.470820
      vertex 6.992509 1.933097 1.641268
    endloop
  endfacet
  facet normal 0.174828 -0.151157 0.972927
    outer loop
      vertex 6.992509 1.933097 1.641268
      vertex 7.299747 1.191358 1.470820
      vertex 7.940456 1.456748 1.396921
    endloop
  endfacet
  facet normal 0.174828 -0.151157 0.972927
    outer loop
      vertex 6.992509 1.933097 1.641268
      vertex 7.940456 1.456748 1.396921
      vertex 7.745707 2.245082 1.554394
    endloop
  endfacet
  facet normal 0.390870 -0.086489 0.916374
    outer loop
      vertex 7.745707 2.245082 1.554394
      vertex 7.940456 1.456748 1.396921
      vertex 8.483623 1.681735 1.186474
    endloop
  endfacet
  facet normal 0.390870 -0.086489 0.916374
    outer loop
      vertex 7.745707 2.245082 1.554394
      vertex 8.483623 1.681735 1.186474
      vertex 8.384238 2.509570 1.306998
    endloop
  endfacet
  facet normal 0.662089 -0.029538 0.748843
    outer loop
      vertex 8.384238 2.509570 1.306998
      vertex 8.483623 1.681735 1.186474
      vertex 8.846555 1.832066 0.871517
    endloop
  endfacet
  facet normal 0.662089 -0.029538 0.748843
    outer loop
      vertex 8.384238 2.509570 1.306998
      vertex 8.846555 1.832066 0.871517
      vertex 8.810891 2.686295 0.936744
    endloop
  endfacet
  facet normal 0.945157 0.014546 0.326293
    outer loop
      vertex 8.810891 2.686295 0.936744
      vertex 8.846555 1.832066 0.871517
      vertex 8.974000 1.884856 0.500000
    endloop
  endfacet
  facet normal 0.945157 0.014546 0.326293
    outer loop
      vertex 8.810891 2.686295 0.936744
      vertex 8.974000 1.884856 0.500000
      vertex 8.960711 2.748353 0.500000
    endloop
  endfacet
  facet normal -0.474367 -0.834188 0.281258
    outer loop
      vertex 5.625495 0.497859 0.500000
      vertex 6.327157 0.098854 0.500000
      vertex 6.419751 0.137208 0.769923
    endloop
  endfacet
  facet normal -0.474367 -0.834188 0.281258
    outer loop
      vertex 5.625495 0.497859 0.500000
      vertex 6.419751 0.137208 0.769923
      vertex 5.752940 0.550649 0.871517
    endloop
  endfacet
  facet normal -0.310756 -0.667479 0.676685
    outer loop
      vertex 5.752940 0.550649 0.871517
      vertex 6.419751 0.137208 0.769923
      vertex 6.683437 0.246430 0.998752
    endloop
  endfacet
  facet normal -0.310756 -0.667479 0.676685
    outer loop
      vertex 5.752940 0.550649 0.871517
      vertex 6.683437 0.246430 0.998752
      vertex 6.115872 0.700980 1.186474
    endloop
  endfacet
  facet normal -0.121862 -0.505035 0.854453
    outer loop
      vertex 6.115872 0.700980 1.186474
      vertex 6.683437 0.246430 0.998752
      vertex 7.078071 0.409893 1.151651
    endloop
  endfacet
  facet normal -0.121862 -0.505035 0.854453
    outer loop
      vertex 6.115872 0.700980 1.186474
      vertex 7.078071 0.409893 1.151651
      vertex 6.659039 0.925967 1.396921
    endloop
  endfacet
  facet normal 0.056040 -0.391093 0.918644
    outer loop
      vertex 6.659039 0.925967 1.396921
      vertex 7.078071 0.409893 1.151651
      vertex 7.543573 0.602710 1.205342
    endloop
  endfacet
  facet normal 0.056040 -0.391093 0.918644
    outer loop
      vertex 6.659039 0.925967 1.396921
      vertex 7.543573 0.602710 1.205342
      vertex 7.299747 1.191358 1.470820
    endloop
  endfacet
  facet normal 0.236918 -0.316170 0.918644
    outer loop
      vertex 7.299747 1.191358 1.470820
      vertex 7.543573 0.602710 1.205342
      vertex 8.009075 0.795527 1.151651
    endloop
  endfacet
  facet normal 0.236918 -0.316170 0.918644
    outer loop
      vertex 7.299747 1.191358 1.470820
      vertex 8.009075 0.795527 1.151651
      vertex 7.940456 1.456748 1.396921
    endloop
  endfacet
  facet normal 0.443283 -0.270944 0.854453
    outer loop
      vertex 7.940456 1.456748 1.396921
      vertex 8.009075 0.795527 1.151651
      vertex 8.403709 0.958990 0.998752
    endloop
  endfacet
  facet normal 0.443283 -0.270944 0.854453
    outer loop
      vertex 7.940456 1.456748 1.396921
      vertex 8.403709 0.958990 0.998752
      vertex 8.483623 1.681735 1.186474
    endloop
  endfacet
  facet normal 0.691717 -0.252241 0.676685
    outer loop
      vertex 8.483623 1.681735 1.186474
      vertex 8.403709 0.958990 0.998752
      vertex 8.667395 1.068212 0.769923
    endloop
  endfacet
  facet normal 0.691717 -0.252241 0.676685
    outer loop
      vertex 8.483623 1.681735 1.186474
      vertex 8.667395 1.068212 0.769923
      vertex 8.846555 1.832066 0.871517
    endloop
  endfacet
  facet normal 0.925288 -0.254432 0.281258
    outer loop
      vertex 8.846555 1.832066 0.871517
      vertex 8.667395 1.068212 0.769923
      vertex 8.759989 1.106566 0.500000
    endloop
  endfacet
  facet normal 0.925288 -0.254432 0.281258
    outer loop
      vertex 8.846555 1.832066 0.871517
      vertex 8.759989 1.106566 0.500000
      vertex 8.974000 1.884856 0.500000
    endloop
  endfacet
  facet normal -0.182426 -0.962791 0.199384
    outer loop
      vertex 6.327157 0.098854 0.500000
      vertex 7.060611 -0.040118 0.500000
      vertex 7.109291 -0.019954 0.641907
    endloop
  endfacet
  facet normal -0.182426 -0.962791 0.199384
    outer loop
      vertex 6.327157 0.098854 0.500000
      vertex 7.109291 -0.019954 0.641907
      vertex 6.419751 0.137208 0.769923
    endloop
  endfacet
  facet normal -0.097522 -0.849806 0.517996
    outer loop
      vertex 6.419751 0.137208 0.769923
      vertex 7.109291 -0.019954 0.641907
      vertex 7.247919 0.037468 0.762210
    endloop
  endfacet
  facet normal -0.097522 -0.849806 0.517996
    outer loop
      vertex 6.419751 0.137208 0.769923
      vertex 7.247919 0.037468 0.762210
      vertex 6.683437 0.246430 0.998752
    endloop
  endfacet
  facet normal 0.026787 -0.716599 0.696970
    outer loop
      vertex 6.683437 0.246430 0.998752
      vertex 7.247919 0.037468 0.762210
      vertex 7.455390 0.123405 0.842593
    endloop
  endfacet
  facet normal 0.026787 -0.716599 0.696970
    outer loop
      vertex 6.683437 0.246430 0.998752
      vertex 7.455390 0.123405 0.842593
      vertex 7.078071 0.409893 1.151651
    endloop
  endfacet
  facet normal 0.165481 -0.614333 0.771499
    outer loop
      vertex 7.078071 0.409893 1.151651
      vertex 7.455390 0.123405 0.842593
      vertex 7.700119 0.224775 0.870820
    endloop
  endfacet
  facet normal 0.165481 -0.614333 0.771499
    outer loop
      vertex 7.078071 0.409893 1.151651
      vertex 7.700119 0.224775 0.870820
      vertex 7.543573 0.602710 1.205342
    endloop
  endfacet
  facet normal 0.317387 -0.551412 0.771499
    outer loop
      vertex 7.543573 0.602710 1.205342
      vertex 7.700119 0.224775 0.870820
      vertex 7.944848 0.326145 0.842593
    endloop
  endfacet
  facet normal 0.317387 -0.551412 0.771499
    outer loop
      vertex 7.543573 0.602710 1.205342
      vertex 7.944848 0.326145 0.842593
      vertex 8.009075 0.795527 1.151651
    endloop
  endfacet
  facet normal 0.487771 -0.525654 0.696970
    outer loop
      vertex 8.009075 0.795527 1.151651
      vertex 7.944848 0.326145 0.842593
      vertex 8.152319 0.412083 0.762210
    endloop
  endfacet
  facet normal 0.487771 -0.525654 0.696970
    outer loop
      vertex 8.009075 0.795527 1.151651
      vertex 8.152319 0.412083 0.762210
      vertex 8.403709 0.958990 0.998752
    endloop
  endfacet
  facet normal 0.669862 -0.531945 0.517996
    outer loop
      vertex 8.403709 0.958990 0.998752
      vertex 8.152319 0.412083 0.762210
      vertex 8.290947 0.469504 0.641907
    endloop
  endfacet
  facet normal 0.669862 -0.531945 0.517996
    outer loop
      vertex 8.403709 0.958990 0.998752
      vertex 8.290947 0.469504 0.641907
      vertex 8.667395 1.068212 0.769923
    endloop
  endfacet
  facet normal 0.809791 -0.551802 0.199384
    outer loop
      vertex 8.667395 1.068212 0.769923
      vertex 8.290947 0.469504 0.641907
      vertex 8.339627 0.489668 0.500000
    endloop
  endfacet
  facet normal 0.809791 -0.551802 0.199384
    outer loop
      vertex 8.667395 1.068212 0.769923
      vertex 8.339627 0.489668 0.500000
      vertex 8.759989 1.106566 0.500000
    endloop
  endfacet
  facet normal 0.000000 0.000000 1.000000
    outer loop
      vertex 7.060611 -0.040118 0.500000
      vertex 7.754061 0.094548 0.500000
      vertex 7.754061 0.094548 0.500000
    endloop
  endfacet
  facet normal 0.190114 -0.978978 0.073888
    outer loop
      vertex 7.060611 -0.040118 0.500000
      vertex 7.754061 0.094548 0.500000
      vertex 7.109291 -0.019954 0.641907
    endloop
  endfacet
  facet normal 0.000000 0.000000 1.000000
    outer loop
      vertex 7.109291 -0.019954 0.641907
      vertex 7.754061 0.094548 0.500000
      vertex 7.754061 0.094548 0.500000
    endloop
  endfacet
  facet normal 0.215146 -0.954269 0.207563
    outer loop
      vertex 7.109291 -0.019954 0.641907
      vertex 7.754061 0.094548 0.500000
      vertex 7.247919 0.037468 0.762210
    endloop
  endfacet
  facet normal 0.000000 0.000000 1.000000
    outer loop
      vertex 7.247919 0.037468 0.762210
      vertex 7.754061 0.094548 0.500000
      vertex 7.754061 0.094548 0.500000
    endloop
  endfacet
  facet normal 0.261234 -0.915860 0.304888
    outer loop
      vertex 7.247919 0.037468 0.762210
      vertex 7.754061 0.094548 0.500000
      vertex 7.455390 0.123405 0.842593
    endloop
  endfacet
  facet normal 0.000000 0.000000 1.000000
    outer loop
      vertex 7.455390 0.123405 0.842593
      vertex 7.754061 0.094548 0.500000
      vertex 7.754061 0.094548 0.500000
    endloop
  endfacet
  facet normal 0.322500 -0.877453 0.355064
    outer loop
      vertex 7.455390 0.123405 0.842593
      vertex 7.754061 0.094548 0.500000
      vertex 7.700119 0.224775 0.870820
    endloop
  endfacet
  facet normal 0.000000 0.000000 1.000000
    outer loop
      vertex 7.700119 0.224775 0.870820
      vertex 7.754061 0.094548 0.500000
      vertex 7.754061 0.094548 0.500000
    endloop
  endfacet
  facet normal 0.392411 -0.848495 0.355064
    outer loop
      vertex 7.700119 0.224775 0.870820
      vertex 7.754061 0.094548 0.500000
      vertex 7.944848 0.326145 0.842593
    endloop
  endfacet
  facet normal 0.000000 0.000000 1.000000
    outer loop
      vertex 7.944848 0.326145 0.842593
      vertex 7.754061 0.094548 0.500000
      vertex 7.754061 0.094548 0.500000
    endloop
  endfacet
  facet normal 0.462890 -0.832332 0.304888
    outer loop
      vertex 7.944848 0.326145 0.842593
      vertex 7.754061 0.094548 0.500000
      vertex 8.152319 0.412083 0.762210
    endloop
  endfacet
  facet normal 0.000000 0.000000 1.000000
    outer loop
      vertex 8.152319 0.412083 0.762210
      vertex 7.754061 0.094548 0.500000
      vertex 7.754061 0.094548 0.500000
    endloop
  endfacet
  facet normal 0.522639 -0.826902 0.207563
    outer loop
      vertex 8.152319 0.412083 0.762210
      vertex 7.754061 0.094548 0.500000
      vertex 8.290947 0.469504 0.641907
    endloop
  endfacet
  facet normal 0.000000 0.000000 1.000000
    outer loop
      vertex 8.290947 0.469504 0.641907
      vertex 7.754061 0.094548 0.500000
      vertex 7.754061 0.094548 0.500000
    endloop
  endfacet
  facet normal 0.557811 -0.826672 0.073888
    outer loop
      vertex 8.290947 0.469504 0.641907
      vertex 7.754061 0.094548 0.500000
      vertex 8.339627 0.489668 0.500000
    endloop
  endfacet
  facet normal -0.978978 0.190114 0.073888
    outer loop
      vertex 0.094548 7.754061 0.500000
      vertex -0.040118 7.060611 0.500000
      vertex -0.019954 7.109291 0.641907
    endloop
  endfacet
  facet normal 0.000000 0.000000 1.000000
    outer loop
      vertex 0.094548 7.754061 0.500000
      vertex -0.019954 7.109291 0.641907
      vertex 0.094548 7.754061 0.500000
    endloop
  endfacet
  facet normal -0.954269 0.215146 0.207563
    outer loop
      vertex 0.094548 7.754061 0.500000
      vertex -0.019954 7.109291 0.641907
      vertex 0.037468 7.247919 0.762210
    endloop
  endfacet
  facet normal 0.000000 0.000000 1.000000
    outer loop
      vertex 0.094548 7.754061 0.500000
      vertex 0.037468 7.247919 0.762210
      vertex 0.094548 7.754061 0.500000
    endloop
  endfacet
  facet normal -0.915860 0.261234 0.304888
    outer loop
      vertex 0.094548 7.754061 0.500000
      vertex 0.037468 7.247919 0.762210
      vertex 0.123405 7.455390 0.842593
    endloop
  endfacet
  facet normal 0.000000 0.000000 1.000000
    outer loop
      vertex 0.094548 7.754061 0.500000
      vertex 0.123405 7.455390 0.842593
      vertex 0.094548 7.754061 0.500000
    endloop
  endfacet
  facet normal -0.877453 0.322500 0.355064
    outer loop
      vertex 0.094548 7.754061 0.500000
      vertex 0.123405 7.455390 0.842593
      vertex 0.224775 7.700119 0.870820
    endloop
  endfacet
  facet normal 0.000000 0.000000 1.000000
    outer loop
      vertex 0.094548 7.754061 0.500000
      vertex 0.224775 7.700119 0.870820
      vertex 0.094548 7.754061 0.500000
    endloop
  endfacet
  facet normal -0.848495 0.392411 0.355064
    outer loop
      vertex 0.094548 7.754061 0.500000
      vertex 0.224775 7.700119 0.870820
      vertex 0.326145 7.944848 0.842593
    endloop
  endfacet
  facet normal 0.000000 0.000000 1.000000
    outer loop
      vertex 0.094548 7.754061 0.500000
      vertex 0.326145 7.944848 0.842593
      vertex 0.094548 7.754061 0.500000
    endloop
  endfacet
  facet normal -0.832332 0.462890 0.304888
    outer loop
      vertex 0.094548 7.754061 0.500000
      vertex 0.326145 7.944848 0.842593
      vertex 0.412083 8.152319 0.762210
    endloop
  endfacet
  facet normal 0.000000 0.000000 1.000000
    outer loop
      vertex 0.094548 7.754061 0.500000
      vertex 0.412083 8.152319 0.762210
      vertex 0.094548 7.754061 0.500000
    endloop
  endfacet
  facet normal -0.826902 0.522639 0.207563
    outer loop
      vertex 0.094548 7.754061 0.500000
      vertex 0.412083 8.152319 0.762210
      vertex 0.469504 8.290947 0.641907
    endloop
  endfacet
  facet normal 0.000000 0.000000 1.000000
    outer loop
      vertex 0.094548 7.754061 0.500000
      vertex 0.469504 8.290947 0.641907
      vertex 0.094548 7.754061 0.500000
    endloop
  endfacet
  facet normal -0.826672 0.557811 0.073888
    outer loop
      vertex 0.094548 7.754061 0.500000
      vertex 0.469504 8.290947 0.641907
      vertex 0.489668 8.339627 0.500000
    endloop
  endfacet
  facet normal 0.000000 0.000000 1.000000
    outer loop
      vertex 0.094548 7.754061 0.500000
      vertex 0.489668 8.339627 0.500000
      vertex 0.094548 7.754061 0.500000
    endloop
  endfacet
  facet normal -0.962791 -0.182426 0.199384
    outer loop
      vertex -0.040118 7.060611 0.500000
      vertex 0.098854 6.327157 0.500000
      vertex 0.137208 6.419751 0.769923
    endloop
  endfacet
  facet normal -0.962791 -0.182426 0.199384
    outer loop
      vertex -0.040118 7.060611 0.500000
      vertex 0.137208 6.419751 0.769923
      vertex -0.019954 7.109291 0.641907
    endloop
  endfacet
  facet normal -0.849806 -0.097522 0.517996
    outer loop
      vertex -0.019954 7.109291 0.641907
      vertex 0.137208 6.419751 0.769923
      vertex 0.246430 6.683437 0.998752
    endloop
  endfacet
  facet normal -0.849806 -0.097522 0.517996
    outer loop
      vertex -0.019954 7.109291 0.641907
      vertex 0.246430 6.683437 0.998752
      vertex 0.037468 7.247919 0.762210
    endloop
  endfacet
  facet normal -0.716599 0.026787 0.696970
    outer loop
      vertex 0.037468 7.247919 0.762210
      vertex 0.246430 6.683437 0.998752
      vertex 0.409893 7.078071 1.151651
    endloop
  endfacet
  facet normal -0.716599 0.026787 0.696970
    outer loop
      vertex 0.037468 7.247919 0.762210
      vertex 0.409893 7.078071 1.151651
      vertex 0.123405 7.455390 0.842593
    endloop
  endfacet
  facet normal -0.614333 0.165481 0.771499
    outer loop
      vertex 0.123405 7.455390 0.842593
      vertex 0.409893 7.078071 1.151651
      vertex 0.602710 7.543573 1.205342
    endloop
  endfacet
  facet normal -0.614333 0.165481 0.771499
    outer loop
      vertex 0.123405 7.455390 0.842593
      vertex 0.602710 7.543573 1.205342
      vertex 0.224775 7.700119 0.870820
    endloop
  endfacet
  facet normal -0.551412 0.317387 0.771499
    outer loop
      vertex 0.224775 7.700119 0.870820
      vertex 0.602710 7.543573 1.205342
      vertex 0.795527 8.009075 1.151651
    endloop
  endfacet
  facet normal -0.551412 0.317387 0.771499
    outer loop
      vertex 0.224775 7.700119 0.870820
      vertex 0.795527 8.009075 1.151651
      vertex 0.326145 7.944848 0.842593
    endloop
  endfacet
  facet normal -0.525654 0.487771 0.696970
    outer loop
      vertex 0.326145 7.944848 0.842593
      vertex 0.795527 8.009075 1.151651
      vertex 0.958990 8.403709 0.998752
    endloop
  endfacet
  facet normal -0.525654 0.487771 0.696970
    outer loop
      vertex 0.326145 7.944848 0.842593
      vertex 0.958990 8.403709 0.998752
      vertex 0.412083 8.152319 0.762210
    endloop
  endfacet
  facet normal -0.531945 0.669862 0.517996
    outer loop
      vertex 0.412083 8.152319 0.762210
      vertex 0.958990 8.403709 0.998752
      vertex 1.068212 8.667395 0.769923
    endloop
  endfacet
  facet normal -0.531945 0.669862 0.517996
    outer loop
      vertex 0.412083 8.152319 0.762210
      vertex 1.068212 8.667395 0.769923
      vertex 0.469504 8.290947 0.641907
    endloop
  endfacet
  facet normal -0.551802 0.809791 0.199384
    outer loop
      vertex 0.469504 8.290947 0.641907
      vertex 1.068212 8.667395 0.769923
      vertex 1.106566 8.759989 0.500000
    endloop
  endfacet
  facet normal -0.551802 0.809791 0.199384
    outer loop
      vertex 0.469504 8.290947 0.641907
      vertex 1.106566 8.759989 0.500000
      vertex 0.489668 8.339627 0.500000
    endloop
  endfacet
  facet normal -0.834188 -0.474367 0.281258
    outer loop
      vertex 0.098854 6.327157 0.500000
      vertex 0.497859 5.625495 0.500000
      vertex 0.550649 5.752940 0.871517
    endloop
  endfacet
  facet normal -0.834188 -0.474367 0.281258
    outer loop
      vertex 0.098854 6.327157 0.500000
      vertex 0.550649 5.752940 0.871517
      vertex 0.137208 6.419751 0.769923
    endloop
  endfacet
  facet normal -0.667479 -0.310756 0.676685
    outer loop
      vertex 0.137208 6.419751 0.769923
      vertex 0.550649 5.752940 0.871517
      vertex 0.700980 6.115872 1.186474
    endloop
  endfacet
  facet normal -0.667479 -0.310756 0.676685
    outer loop
      vertex 0.137208 6.419751 0.769923
      vertex 0.700980 6.115872 1.186474
      vertex 0.246430 6.683437 0.998752
    endloop
  endfacet
  facet normal -0.505035 -0.121862 0.854453
    outer loop
      vertex 0.246430 6.683437 0.998752
      vertex 0.700980 6.115872 1.186474
      vertex 0.925967 6.659039 1.396921
    endloop
  endfacet
  facet normal -0.505035 -0.121862 0.854453
    outer loop
      vertex 0.246430 6.683437 0.998752
      vertex 0.925967 6.659039 1.396921
      vertex 0.409893 7.078071 1.151651
    endloop
  endfacet
  facet normal -0.391093 0.056040 0.918644
    outer loop
      vertex 0.409893 7.078071 1.151651
      vertex 0.925967 6.659039 1.396921
      vertex 1.191358 7.299747 1.470820
    endloop
  endfacet
  facet normal -0.391093 0.056040 0.918644
    outer loop
      vertex 0.409893 7.078071 1.151651
      vertex 1.191358 7.299747 1.470820
      vertex 0.602710 7.543573 1.205342
    endloop
  endfacet
  facet normal -0.316170 0.236918 0.918644
    outer loop
      vertex 0.602710 7.543573 1.205342
      vertex 1.191358 7.299747 1.470820
      vertex 1.456748 7.940456 1.396921
    endloop
  endfacet
  facet normal -0.316170 0.236918 0.918644
    outer loop
      vertex 0.602710 7.543573 1.205342
      vertex 1.456748 7.940456 1.396921
      vertex 0.795527 8.009075 1.151651
    endloop
  endfacet
  facet normal -0.270944 0.443283 0.854453
    outer loop
      vertex 0.795527 8.009075 1.151651
      vertex 1.456748 7.940456 1.396921
      vertex 1.681735 8.483623 1.186474
    endloop
  endfacet
  facet normal -0.270944 0.443283 0.854453
    outer loop
      vertex 0.795527 8.009075 1.151651
      vertex 1.681735 8.483623 1.186474
      vertex 0.958990 8.403709 0.998752
    endloop
  endfacet
  facet normal -0.252241 0.691717 0.676685
    outer loop
      vertex 0.958990 8.403709 0.998752
      vertex 1.681735 8.483623 1.186474
      vertex 1.832066 8.846555 0.871517
    endloop
  endfacet
  facet normal -0.252241 0.691717 0.676685
    outer loop
      vertex 0.958990 8.403709 0.998752
      vertex 1.832066 8.846555 0.871517
      vertex 1.068212 8.667395 0.769923
    endloop
  endfacet
  facet normal -0.254432 0.925288 0.281258
    outer loop
      vertex 1.068212 8.667395 0.769923
      vertex 1.832066 8.846555 0.871517
      vertex 1.884856 8.974000 0.500000
    endloop
  endfacet
  facet normal -0.254432 0.925288 0.281258
    outer loop
      vertex 1.068212 8.667395 0.769923
      vertex 1.884856 8.974000 0.500000
      vertex 1.106566 8.759989 0.500000
    endloop
  endfacet
  facet normal -0.658041 -0.678612 0.326293
    outer loop
      vertex 0.497859 5.625495 0.500000
      vertex 1.117841 5.024307 0.500000
      vertex 1.179898 5.174127 0.936744
    endloop
  endfacet
  facet normal -0.658041 -0.678612 0.326293
    outer loop
      vertex 0.497859 5.625495 0.500000
      vertex 1.179898 5.174127 0.936744
      vertex 0.550649 5.752940 0.871517
    endloop
  endfacet
  facet normal -0.489054 -0.447281 0.748843
    outer loop
      vertex 0.550649 5.752940 0.871517
      vertex 1.179898 5.174127 0.936744
      vertex 1.356624 5.600780 1.306998
    endloop
  endfacet
  facet normal -0.489054 -0.447281 0.748843
    outer loop
      vertex 0.550649 5.752940 0.871517
      vertex 1.356624 5.600780 1.306998
      vertex 0.700980 6.115872 1.186474
    endloop
  endfacet
  facet normal -0.337544 -0.215229 0.916374
    outer loop
      vertex 0.700980 6.115872 1.186474
      vertex 1.356624 5.600780 1.306998
      vertex 1.621112 6.239311 1.554394
    endloop
  endfacet
  facet normal -0.337544 -0.215229 0.916374
    outer loop
      vertex 0.700980 6.115872 1.186474
      vertex 1.621112 6.239311 1.554394
      vertex 0.925967 6.659039 1.396921
    endloop
  endfacet
  facet normal -0.230506 -0.016738 0.972927
    outer loop
      vertex 0.925967 6.659039 1.396921
      vertex 1.621112 6.239311 1.554394
      vertex 1.933097 6.992509 1.641268
    endloop
  endfacet
  facet normal -0.230506 -0.016738 0.972927
    outer loop
      vertex 0.925967 6.659039 1.396921
      vertex 1.933097 6.992509 1.641268
      vertex 1.191358 7.299747 1.470820
    endloop
  endfacet
  facet normal -0.151157 0.174828 0.972927
    outer loop
      vertex 1.191358 7.299747 1.470820
      vertex 1.933097 6.992509 1.641268
      vertex 2.245082 7.745707 1.554394
    endloop
  endfacet
  facet normal -0.151157 0.174828 0.972927
    outer loop
      vertex 1.191358 7.299747 1.470820
      vertex 2.245082 7.745707 1.554394
      vertex 1.456748 7.940456 1.396921
    endloop
  endfacet
  facet normal -0.086489 0.390870 0.916374
    outer loop
      vertex 1.456748 7.940456 1.396921
      vertex 2.245082 7.745707 1.554394
      vertex 2.509570 8.384238 1.306998
    endloop
  endfacet
  facet normal -0.086489 0.390870 0.916374
    outer loop
      vertex 1.456748 7.940456 1.396921
      vertex 2.509570 8.384238 1.306998
      vertex 1.681735 8.483623 1.186474
    endloop
  endfacet
  facet normal -0.029538 0.662089 0.748843
    outer loop
      vertex 1.681735 8.483623 1.186474
      vertex 2.509570 8.384238 1.306998
      vertex 2.686295 8.810891 0.936744
    endloop
  endfacet
  facet normal -0.029538 0.662089 0.748843
    outer loop
      vertex 1.681735 8.483623 1.186474
      vertex 2.686295 8.810891 0.936744
      vertex 1.832066 8.846555 0.871517
    endloop
  endfacet
  facet normal 0.014546 0.945157 0.326293
    outer loop
      vertex 1.832066 8.846555 0.871517
      vertex 2.686295 8.810891 0.936744
      vertex 2.748353 8.960711 0.500000
    endloop
  endfacet
  facet normal 0.014546 0.945157 0.326293
    outer loop
      vertex 1.832066 8.846555 0.871517
      vertex 2.748353 8.960711 0.500000
      vertex 1.884856 8.974000 0.500000
    endloop
  endfacet
  facet normal -0.462372 -0.816483 0.345785
    outer loop
      vertex 1.117841 5.024307 0.500000
      vertex 1.898110 4.582442 0.500000
      vertex 1.963361 4.739973 0.959220
    endloop
  endfacet
  facet normal -0.462372 -0.816483 0.345785
    outer loop
      vertex 1.117841 5.024307 0.500000
      vertex 1.963361 4.739973 0.959220
      vertex 1.179898 5.174127 0.936744
    endloop
  endfacet
  facet normal -0.322028 -0.540899 0.776998
    outer loop
      vertex 1.179898 5.174127 0.936744
      vertex 1.963361 4.739973 0.959220
      vertex 2.149181 5.188582 1.348528
    endloop
  endfacet
  facet normal -0.322028 -0.540899 0.776998
    outer loop
      vertex 1.179898 5.174127 0.936744
      vertex 2.149181 5.188582 1.348528
      vertex 1.356624 5.600780 1.306998
    endloop
  endfacet
  facet normal -0.196155 -0.282554 0.938982
    outer loop
      vertex 1.356624 5.600780 1.306998
      vertex 2.149181 5.188582 1.348528
      vertex 2.427280 5.859973 1.608655
    endloop
  endfacet
  facet normal -0.196155 -0.282554 0.938982
    outer loop
      vertex 1.356624 5.600780 1.306998
      vertex 2.427280 5.859973 1.608655
      vertex 1.621112 6.239311 1.554394
    endloop
  endfacet
  facet normal -0.100959 -0.072626 0.992236
    outer loop
      vertex 1.621112 6.239311 1.554394
      vertex 2.427280 5.859973 1.608655
      vertex 2.755321 6.651933 1.700000
    endloop
  endfacet
  facet normal -0.100959 -0.072626 0.992236
    outer loop
      vertex 1.621112 6.239311 1.554394
      vertex 2.755321 6.651933 1.700000
      vertex 1.933097 6.992509 1.641268
    endloop
  endfacet
  facet normal -0.020034 0.122743 0.992236
    outer loop
      vertex 1.933097 6.992509 1.641268
      vertex 2.755321 6.651933 1.700000
      vertex 3.083361 7.443892 1.608655
    endloop
  endfacet
  facet normal -0.020034 0.122743 0.992236
    outer loop
      vertex 1.933097 6.992509 1.641268
      vertex 3.083361 7.443892 1.608655
      vertex 2.245082 7.745707 1.554394
    endloop
  endfacet
  facet normal 0.061093 0.338498 0.938982
    outer loop
      vertex 2.245082 7.745707 1.554394
      vertex 3.083361 7.443892 1.608655
      vertex 3.361460 8.115283 1.348528
    endloop
  endfacet
  facet normal 0.061093 0.338498 0.938982
    outer loop
      vertex 2.245082 7.745707 1.554394
      vertex 3.361460 8.115283 1.348528
      vertex 2.509570 8.384238 1.306998
    endloop
  endfacet
  facet normal 0.154765 0.610182 0.776998
    outer loop
      vertex 2.509570 8.384238 1.306998
      vertex 3.361460 8.115283 1.348528
      vertex 3.547280 8.563892 0.959220
    endloop
  endfacet
  facet normal 0.154765 0.610182 0.776998
    outer loop
      vertex 2.509570 8.384238 1.306998
      vertex 3.547280 8.563892 0.959220
      vertex 2.686295 8.810891 0.936744
    endloop
  endfacet
  facet normal 0.250394 0.904287 0.345785
    outer loop
      vertex 2.686295 8.810891 0.936744
      vertex 3.547280 8.563892 0.959220
      vertex 3.612532 8.721423 0.500000
    endloop
  endfacet
  facet normal 0.250394 0.904287 0.345785
    outer loop
      vertex 2.686295 8.810891 0.936744
      vertex 3.612532 8.721423 0.500000
      vertex 2.748353 8.960711 0.500000
    endloop
  endfacet
  facet normal -0.250394 -0.904287 0.345785
    outer loop
      vertex 1.898110 4.582442 0.500000
      vertex 2.762289 4.343154 0.500000
      vertex 2.824346 4.492975 0.936744
    endloop
  endfacet
  facet normal -0.250394 -0.904287 0.345785
    outer loop
      vertex 1.898110 4.582442 0.500000
      vertex 2.824346 4.492975 0.936744
      vertex 1.963361 4.739973 0.959220
    endloop
  endfacet
  facet normal -0.154765 -0.610182 0.776998
    outer loop
      vertex 1.963361 4.739973 0.959220
      vertex 2.824346 4.492975 0.936744
      vertex 3.001072 4.919627 1.306998
    endloop
  endfacet
  facet normal -0.154765 -0.610182 0.776998
    outer loop
      vertex 1.963361 4.739973 0.959220
      vertex 3.001072 4.919627 1.306998
      vertex 2.149181 5.188582 1.348528
    endloop
  endfacet
  facet normal -0.061093 -0.338498 0.938982
    outer loop
      vertex 2.149181 5.188582 1.348528
      vertex 3.001072 4.919627 1.306998
      vertex 3.265560 5.558158 1.554394
    endloop
  endfacet
  facet normal -0.061093 -0.338498 0.938982
    outer loop
      vertex 2.149181 5.188582 1.348528
      vertex 3.265560 5.558158 1.554394
      vertex 2.427280 5.859973 1.608655
    endloop
  endfacet
  facet normal 0.020034 -0.122743 0.992236
    outer loop
      vertex 2.427280 5.859973 1.608655
      vertex 3.265560 5.558158 1.554394
      vertex 3.577545 6.311356 1.641268
    endloop
  endfacet
  facet normal 0.020034 -0.122743 0.992236
    outer loop
      vertex 2.427280 5.859973 1.608655
      vertex 3.577545 6.311356 1.641268
      vertex 2.755321 6.651933 1.700000
    endloop
  endfacet
  facet normal 0.100959 0.072626 0.992236
    outer loop
      vertex 2.755321 6.651933 1.700000
      vertex 3.577545 6.311356 1.641268
      vertex 3.889530 7.064555 1.554394
    endloop
  endfacet
  facet normal 0.100959 0.072626 0.992236
    outer loop
      vertex 2.755321 6.651933 1.700000
      vertex 3.889530 7.064555 1.554394
      vertex 3.083361 7.443892 1.608655
    endloop
  endfacet
  facet normal 0.196155 0.282554 0.938982
    outer loop
      vertex 3.083361 7.443892 1.608655
      vertex 3.889530 7.064555 1.554394
      vertex 4.154018 7.703085 1.306998
    endloop
  endfacet
  facet normal 0.196155 0.282554 0.938982
    outer loop
      vertex 3.083361 7.443892 1.608655
      vertex 4.154018 7.703085 1.306998
      vertex 3.361460 8.115283 1.348528
    endloop
  endfacet
  facet normal 0.322028 0.540899 0.776998
    outer loop
      vertex 3.361460 8.115283 1.348528
      vertex 4.154018 7.703085 1.306998
      vertex 4.330743 8.129738 0.936744
    endloop
  endfacet
  facet normal 0.322028 0.540899 0.776998
    outer loop
      vertex 3.361460 8.115283 1.348528
      vertex 4.330743 8.129738 0.936744
      vertex 3.547280 8.563892 0.959220
    endloop
  endfacet
  facet normal 0.462372 0.816483 0.345785
    outer loop
      vertex 3.547280 8.563892 0.959220
      vertex 4.330743 8.129738 0.936744
      vertex 4.392801 8.279558 0.500000
    endloop
  endfacet
  facet normal 0.462372 0.816483 0.345785
    outer loop
      vertex 3.547280 8.563892 0.959220
      vertex 4.392801 8.279558 0.500000
      vertex 3.612532 8.721423 0.500000
    endloop
  endfacet
  facet normal -0.014546 -0.945157 0.326293
    outer loop
      vertex 2.762289 4.343154 0.500000
      vertex 3.625786 4.329865 0.500000
      vertex 3.678575 4.457310 0.871517
    endloop
  endfacet
  facet normal -0.014546 -0.945157 0.326293
    outer loop
      vertex 2.762289 4.343154 0.500000
      vertex 3.678575 4.457310 0.871517
      vertex 2.824346 4.492975 0.936744
    endloop
  endfacet
  facet normal 0.029538 -0.662089 0.748843
    outer loop
      vertex 2.824346 4.492975 0.936744
      vertex 3.678575 4.457310 0.871517
      vertex 3.828907 4.820242 1.186474
    endloop
  endfacet
  facet normal 0.029538 -0.662089 0.748843
    outer loop
      vertex 2.824346 4.492975 0.936744
      vertex 3.828907 4.820242 1.186474
      vertex 3.001072 4.919627 1.306998
    endloop
  endfacet
  facet normal 0.086489 -0.390870 0.916374
    outer loop
      vertex 3.001072 4.919627 1.306998
      vertex 3.828907 4.820242 1.186474
      vertex 4.053894 5.363409 1.396921
    endloop
  endfacet
  facet normal 0.086489 -0.390870 0.916374
    outer loop
      vertex 3.001072 4.919627 1.306998
      vertex 4.053894 5.363409 1.396921
      vertex 3.265560 5.558158 1.554394
    endloop
  endfacet
  facet normal 0.151157 -0.174828 0.972927
    outer loop
      vertex 3.265560 5.558158 1.554394
      vertex 4.053894 5.363409 1.396921
      vertex 4.319284 6.004118 1.470820
    endloop
  endfacet
  facet normal 0.151157 -0.174828 0.972927
    outer loop
      vertex 3.265560 5.558158 1.554394
      vertex 4.319284 6.004118 1.470820
      vertex 3.577545 6.311356 1.641268
    endloop
  endfacet
  facet normal 0.230506 0.016738 0.972927
    outer loop
      vertex 3.577545 6.311356 1.641268
      vertex 4.319284 6.004118 1.470820
      vertex 4.584674 6.644827 1.396921
    endloop
  endfacet
  facet normal 0.230506 0.016738 0.972927
    outer loop
      vertex 3.577545 6.311356 1.641268
      vertex 4.584674 6.644827 1.396921
      vertex 3.889530 7.064555 1.554394
    endloop
  endfacet
  facet normal 0.337544 0.215229 0.916374
    outer loop
      vertex 3.889530 7.064555 1.554394
      vertex 4.584674 6.644827 1.396921
      vertex 4.809661 7.187993 1.186474
    endloop
  endfacet
  facet normal 0.337544 0.215229 0.916374
    outer loop
      vertex 3.889530 7.064555 1.554394
      vertex 4.809661 7.187993 1.186474
      vertex 4.154018 7.703085 1.306998
    endloop
  endfacet
  facet normal 0.489054 0.447281 0.748843
    outer loop
      vertex 4.154018 7.703085 1.306998
      vertex 4.809661 7.187993 1.186474
      vertex 4.959993 7.550926 0.871517
    endloop
  endfacet
  facet normal 0.489054 0.447281 0.748843
    outer loop
      vertex 4.154018 7.703085 1.306998
      vertex 4.959993 7.550926 0.871517
      vertex 4.330743 8.129738 0.936744
    endloop
  endfacet
  facet normal 0.658041 0.678612 0.326293
    outer loop
      vertex 4.330743 8.129738 0.936744
      vertex 4.959993 7.550926 0.871517
      vertex 5.012782 7.678371 0.500000
    endloop
  endfacet
  facet normal 0.658041 0.678612 0.326293
    outer loop
      vertex 4.330743 8.129738 0.936744
      vertex 5.012782 7.678371 0.500000
      vertex 4.392801 8.279558 0.500000
    endloop
  endfacet
  facet normal 0.254432 -0.925288 0.281258
    outer loop
      vertex 3.625786 4.329865 0.500000
      vertex 4.404075 4.543876 0.500000
      vertex 4.442429 4.636470 0.769923
    endloop
  endfacet
  facet normal 0.254432 -0.925288 0.281258
    outer loop
      vertex 3.625786 4.329865 0.500000
      vertex 4.442429 4.636470 0.769923
      vertex 3.678575 4.457310 0.871517
    endloop
  endfacet
  facet normal 0.252241 -0.691717 0.676685
    outer loop
      vertex 3.678575 4.457310 0.871517
      vertex 4.442429 4.636470 0.769923
      vertex 4.551651 4.900156 0.998752
    endloop
  endfacet
  facet normal 0.252241 -0.691717 0.676685
    outer loop
      vertex 3.678575 4.457310 0.871517
      vertex 4.551651 4.900156 0.998752
      vertex 3.828907 4.820242 1.186474
    endloop
  endfacet
  facet normal 0.270944 -0.443283 0.854453
    outer loop
      vertex 3.828907 4.820242 1.186474
      vertex 4.551651 4.900156 0.998752
      vertex 4.715114 5.294790 1.151651
    endloop
  endfacet
  facet normal 0.270944 -0.443283 0.854453
    outer loop
      vertex 3.828907 4.820242 1.186474
      vertex 4.715114 5.294790 1.151651
      vertex 4.053894 5.363409 1.396921
    endloop
  endfacet
  facet normal 0.316170 -0.236918 0.918644
    outer loop
      vertex 4.053894 5.363409 1.396921
      vertex 4.715114 5.294790 1.151651
      vertex 4.907931 5.760292 1.205342
    endloop
  endfacet
  facet normal 0.316170 -0.236918 0.918644
    outer loop
      vertex 4.053894 5.363409 1.396921
      vertex 4.907931 5.760292 1.205342
      vertex 4.319284 6.004118 1.470820
    endloop
  endfacet
  facet normal 0.391093 -0.056040 0.918644
    outer loop
      vertex 4.319284 6.004118 1.470820
      vertex 4.907931 5.760292 1.205342
      vertex 5.100749 6.225794 1.151651
    endloop
  endfacet
  facet normal 0.391093 -0.056040 0.918644
    outer loop
      vertex 4.319284 6.004118 1.470820
      vertex 5.100749 6.225794 1.151651
      vertex 4.584674 6.644827 1.396921
    endloop
  endfacet
  facet normal 0.505035 0.121862 0.854453
    outer loop
      vertex 4.584674 6.644827 1.396921
      vertex 5.100749 6.225794 1.151651
      vertex 5.264211 6.620428 0.998752
    endloop
  endfacet
  facet normal 0.505035 0.121862 0.854453
    outer loop
      vertex 4.584674 6.644827 1.396921
      vertex 5.264211 6.620428 0.998752
      vertex 4.809661 7.187993 1.186474
    endloop
  endfacet
  facet normal 0.667479 0.310756 0.676685
    outer loop
      vertex 4.809661 7.187993 1.186474
      vertex 5.264211 6.620428 0.998752
      vertex 5.373434 6.884114 0.769923
    endloop
  endfacet
  facet normal 0.667479 0.310756 0.676685
    outer loop
      vertex 4.809661 7.187993 1.186474
      vertex 5.373434 6.884114 0.769923
      vertex 4.959993 7.550926 0.871517
    endloop
  endfacet
  facet normal 0.834188 0.474367 0.281258
    outer loop
      vertex 4.959993 7.550926 0.871517
      vertex 5.373434 6.884114 0.769923
      vertex 5.411787 6.976708 0.500000
    endloop
  endfacet
  facet normal 0.834188 0.474367 0.281258
    outer loop
      vertex 4.959993 7.550926 0.871517
      vertex 5.411787 6.976708 0.500000
      vertex 5.012782 7.678371 0.500000
    endloop
  endfacet
  facet normal 0.551802 -0.809791 0.199384
    outer loop
      vertex 4.404075 4.543876 0.500000
      vertex 5.020974 4.964239 0.500000
      vertex 5.041137 5.012918 0.641907
    endloop
  endfacet
  facet normal 0.551802 -0.809791 0.199384
    outer loop
      vertex 4.404075 4.543876 0.500000
      vertex 5.041137 5.012918 0.641907
      vertex 4.442429 4.636470 0.769923
    endloop
  endfacet
  facet normal 0.531945 -0.669862 0.517996
    outer loop
      vertex 4.442429 4.636470 0.769923
      vertex 5.041137 5.012918 0.641907
      vertex 5.098559 5.151546 0.762210
    endloop
  endfacet
  facet normal 0.531945 -0.669862 0.517996
    outer loop
      vertex 4.442429 4.636470 0.769923
      vertex 5.098559 5.151546 0.762210
      vertex 4.551651 4.900156 0.998752
    endloop
  endfacet
  facet normal 0.525654 -0.487771 0.696970
    outer loop
      vertex 4.551651 4.900156 0.998752
      vertex 5.098559 5.151546 0.762210
      vertex 5.184496 5.359017 0.842593
    endloop
  endfacet
  facet normal 0.525654 -0.487771 0.696970
    outer loop
      vertex 4.551651 4.900156 0.998752
      vertex 5.184496 5.359017 0.842593
      vertex 4.715114 5.294790 1.151651
    endloop
  endfacet
  facet normal 0.551412 -0.317387 0.771499
    outer loop
      vertex 4.715114 5.294790 1.151651
      vertex 5.184496 5.359017 0.842593
      vertex 5.285866 5.603746 0.870820
    endloop
  endfacet
  facet normal 0.551412 -0.317387 0.771499
    outer loop
      vertex 4.715114 5.294790 1.151651
      vertex 5.285866 5.603746 0.870820
      vertex 4.907931 5.760292 1.205342
    endloop
  endfacet
  facet normal 0.614333 -0.165481 0.771499
    outer loop
      vertex 4.907931 5.760292 1.205342
      vertex 5.285866 5.603746 0.870820
      vertex 5.387236 5.848475 0.842593
    endloop
  endfacet
  facet normal 0.614333 -0.165481 0.771499
    outer loop
      vertex 4.907931 5.760292 1.205342
      vertex 5.387236 5.848475 0.842593
      vertex 5.100749 6.225794 1.151651
    endloop
  endfacet
  facet normal 0.716599 -0.026787 0.696970
    outer loop
      vertex 5.100749 6.225794 1.151651
      vertex 5.387236 5.848475 0.842593
      vertex 5.473174 6.055947 0.762210
    endloop
  endfacet
  facet normal 0.716599 -0.026787 0.696970
    outer loop
      vertex 5.100749 6.225794 1.151651
      vertex 5.473174 6.055947 0.762210
      vertex 5.264211 6.620428 0.998752
    endloop
  endfacet
  facet normal 0.849806 0.097522 0.517996
    outer loop
      vertex 5.264211 6.620428 0.998752
      vertex 5.473174 6.055947 0.762210
      vertex 5.530595 6.194574 0.641907
    endloop
  endfacet
  facet normal 0.849806 0.097522 0.517996
    outer loop
      vertex 5.264211 6.620428 0.998752
      vertex 5.530595 6.194574 0.641907
      vertex 5.373434 6.884114 0.769923
    endloop
  endfacet
  facet normal 0.962791 0.182426 0.199384
    outer loop
      vertex 5.373434 6.884114 0.769923
      vertex 5.530595 6.194574 0.641907
      vertex 5.550759 6.243254 0.500000
    endloop
  endfacet
  facet normal 0.962791 0.182426 0.199384
    outer loop
      vertex 5.373434 6.884114 0.769923
      vertex 5.550759 6.243254 0.500000
      vertex 5.411787 6.976708 0.500000
    endloop
  endfacet
  facet normal 0.000000 0.000000 1.000000
    outer loop
      vertex 5.020974 4.964239 0.500000
      vertex 5.416094 5.549804 0.500000
      vertex 5.416094 5.549804 0.500000
    endloop
  endfacet
  facet normal 0.826672 -0.557811 0.073888
    outer loop
      vertex 5.020974 4.964239 0.500000
      vertex 5.416094 5.549804 0.500000
      vertex 5.041137 5.012918 0.641907
    endloop
  endfacet
  facet normal 0.000000 0.000000 1.000000
    outer loop
      vertex 5.041137 5.012918 0.641907
      vertex 5.416094 5.549804 0.500000
      vertex 5.416094 5.549804 0.500000
    endloop
  endfacet
  facet normal 0.826902 -0.522639 0.207563
    outer loop
      vertex 5.041137 5.012918 0.641907
      vertex 5.416094 5.549804 0.500000
      vertex 5.098559 5.151546 0.762210
    endloop
  endfacet
  facet normal 0.000000 0.000000 1.000000
    outer loop
      vertex 5.098559 5.151546 0.762210
      vertex 5.416094 5.549804 0.500000
      vertex 5.416094 5.549804 0.500000
    endloop
  endfacet
  facet normal 0.832332 -0.462890 0.304888
    outer loop
      vertex 5.098559 5.151546 0.762210
      vertex 5.416094 5.549804 0.500000
      vertex 5.184496 5.359017 0.842593
    endloop
  endfacet
  facet normal 0.000000 0.000000 1.000000
    outer loop
      vertex 5.184496 5.359017 0.842593
      vertex 5.416094 5.549804 0.500000
      vertex 5.416094 5.549804 0.500000
    endloop
  endfacet
  facet normal 0.848495 -0.392411 0.355064
    outer loop
      vertex 5.184496 5.359017 0.842593
      vertex 5.416094 5.549804 0.500000
      vertex 5.285866 5.603746 0.870820
    endloop
  endfacet
  facet normal 0.000000 0.000000 1.000000
    outer loop
      vertex 5.285866 5.603746 0.870820
      vertex 5.416094 5.549804 0.500000
      vertex 5.416094 5.549804 0.500000
    endloop
  endfacet
  facet normal 0.877453 -0.322500 0.355064
    outer loop
      vertex 5.285866 5.603746 0.870820
      vertex 5.416094 5.549804 0.500000
      vertex 5.387236 5.848475 0.842593
    endloop
  endfacet
  facet normal 0.000000 0.000000 1.000000
    outer loop
      vertex 5.387236 5.848475 0.842593
      vertex 5.416094 5.549804 0.500000
      vertex 5.416094 5.549804 0.500000
    endloop
  endfacet
  facet normal 0.915860 -0.261234 0.304888
    outer loop
      vertex 5.387236 5.848475 0.842593
      vertex 5.416094 5.549804 0.500000
      vertex 5.473174 6.055947 0.762210
    endloop
  endfacet
  facet normal 0.000000 0.000000 1.000000
    outer loop
      vertex 5.473174 6.055947 0.762210
      vertex 5.416094 5.549804 0.500000
      vertex 5.416094 5.549804 0.500000
    endloop
  endfacet
  facet normal 0.954269 -0.215146 0.207563
    outer loop
      vertex 5.473174 6.055947 0.762210
      vertex 5.416094 5.549804 0.500000
      vertex 5.530595 6.194574 0.641907
    endloop
  endfacet
  facet normal 0.000000 0.000000 1.000000
    outer loop
      vertex 5.530595 6.194574 0.641907
      vertex 5.416094 5.549804 0.500000
      vertex 5.416094 5.549804 0.500000
    endloop
  endfacet
  facet normal 0.978978 -0.190114 0.073888
    outer loop
      vertex 5.530595 6.194574 0.641907
      vertex 5.416094 5.549804 0.500000
      vertex 5.550759 6.243254 0.500000
    endloop
  endfacet
  facet normal -0.826672 -0.557811 0.073888
    outer loop
      vertex -5.416094 5.549804 0.500000
      vertex -5.020974 4.964239 0.500000
      vertex -5.041137 5.012918 0.641907
    endloop
  endfacet
  facet normal 0.000000 0.000000 1.000000
    outer loop
      vertex -5.416094 5.549804 0.500000
      vertex -5.041137 5.012918 0.641907
      vertex -5.416094 5.549804 0.500000
    endloop
  endfacet
  facet normal -0.826902 -0.522639 0.207563
    outer loop
      vertex -5.416094 5.549804 0.500000
      vertex -5.041137 5.012918 0.641907
      vertex -5.098559 5.151546 0.762210
    endloop
  endfacet
  facet normal 0.000000 0.000000 1.000000
    outer loop
      vertex -5.416094 5.549804 0.500000
      vertex -5.098559 5.151546 0.762210
      vertex -5.416094 5.549804 0.500000
    endloop
  endfacet
  facet normal -0.832332 -0.462890 0.304888
    outer loop
      vertex -5.416094 5.549804 0.500000
      vertex -5.098559 5.151546 0.762210
      vertex -5.184496 5.359017 0.842593
    endloop
  endfacet
  facet normal 0.000000 0.000000 1.000000
    outer loop
      vertex -5.416094 5.549804 0.500000
      vertex -5.184496 5.359017 0.842593
      vertex -5.416094 5.549804 0.500000
    endloop
  endfacet
  facet normal -0.848495 -0.392411 0.355064
    outer loop
      vertex -5.416094 5.549804 0.500000
      vertex -5.184496 5.359017 0.842593
      vertex -5.285866 5.603746 0.870820
    endloop
  endfacet
  facet normal 0.000000 0.000000 1.000000
    outer loop
      vertex -5.416094 5.549804 0.500000
      vertex -5.285866 5.603746 0.870820
      vertex -5.416094 5.549804 0.500000
    endloop
  endfacet
  facet normal -0.877453 -0.322500 0.355064
    outer loop
      vertex -5.416094 5.549804 0.500000
      vertex -5.285866 5.603746 0.870820
      vertex -5.387236 5.848475 0.842593
    endloop
  endfacet
  facet normal 0.000000 0.000000 1.000000
    outer loop
      vertex -5.416094 5.549804 0.500000
      vertex -5.387236 5.848475 0.842593
      vertex -5.416094 5.549804 0.500000
    endloop
  endfacet
  facet normal -0.915860 -0.261234 0.304888
    outer loop
      vertex -5.416094 5.549804 0.500000
      vertex -5.387236 5.848475 0.842593
      vertex -5.473174 6.055947 0.762210
    endloop
  endfacet
  facet normal 0.000000 0.000000 1.000000
    outer loop
      vertex -5.416094 5.549804 0.500000
      vertex -5.473174 6.055947 0.762210
      vertex -5.416094 5.549804 0.500000
    endloop
  endfacet
  facet normal -0.954269 -0.215146 0.207563
    outer loop
      vertex -5.416094 5.549804 0.500000
      vertex -5.473174 6.055947 0.762210
      vertex -5.530595 6.194574 0.641907
    endloop
  endfacet
  facet normal 0.000000 0.000000 1.000000
    outer loop
      vertex -5.416094 5.549804 0.500000
      vertex -5.530595 6.194574 0.641907
      vertex -5.416094 5.549804 0.500000
    endloop
  endfacet
  facet normal -0.978978 -0.190114 0.073888
    outer loop
      vertex -5.416094 5.549804 0.500000
      vertex -5.530595 6.194574 0.641907
      vertex -5.550759 6.243254 0.500000
    endloop
  endfacet
  facet normal 0.000000 0.000000 1.000000
    outer loop
      vertex -5.416094 5.549804 0.500000
      vertex -5.550759 6.243254 0.500000
      vertex -5.416094 5.549804 0.500000
    endloop
  endfacet
  facet normal -0.551802 -0.809791 0.199384
    outer loop
      vertex -5.020974 4.964239 0.500000
      vertex -4.404075 4.543876 0.500000
      vertex -4.442429 4.636470 0.769923
    endloop
  endfacet
  facet normal -0.551802 -0.809791 0.199384
    outer loop
      vertex -5.020974 4.964239 0.500000
      vertex -4.442429 4.636470 0.769923
      vertex -5.041137 5.012918 0.641907
    endloop
  endfacet
  facet normal -0.531945 -0.669862 0.517996
    outer loop
      vertex -5.041137 5.012918 0.641907
      vertex -4.442429 4.636470 0.769923
      vertex -4.551651 4.900156 0.998752
    endloop
  endfacet
  facet normal -0.531945 -0.669862 0.517996
    outer loop
      vertex -5.041137 5.012918 0.641907
      vertex -4.551651 4.900156 0.998752
      vertex -5.098559 5.151546 0.762210
    endloop
  endfacet
  facet normal -0.525654 -0.487771 0.696970
    outer loop
      vertex -5.098559 5.151546 0.762210
      vertex -4.551651 4.900156 0.998752
      vertex -4.715114 5.294790 1.151651
    endloop
  endfacet
  facet normal -0.525654 -0.487771 0.696970
    outer loop
      vertex -5.098559 5.151546 0.762210
      vertex -4.715114 5.294790 1.151651
      vertex -5.184496 5.359017 0.842593
    endloop
  endfacet
  facet normal -0.551412 -0.317387 0.771499
    outer loop
      vertex -5.184496 5.359017 0.842593
      vertex -4.715114 5.294790 1.151651
      vertex -4.907931 5.760292 1.205342
    endloop
  endfacet
  facet normal -0.551412 -0.317387 0.771499
    outer loop
      vertex -5.184496 5.359017 0.842593
      vertex -4.907931 5.760292 1.205342
      vertex -5.285866 5.603746 0.870820
    endloop
  endfacet
  facet normal -0.614333 -0.165481 0.771499
    outer loop
      vertex -5.285866 5.603746 0.870820
      vertex -4.907931 5.760292 1.205342
      vertex -5.100749 6.225794 1.151651
    endloop
  endfacet
  facet normal -0.614333 -0.165481 0.771499
    outer loop
      vertex -5.285866 5.603746 0.870820
      vertex -5.100749 6.225794 1.151651
      vertex -5.387236 5.848475 0.842593
    endloop
  endfacet
  facet normal -0.716599 -0.026787 0.696970
    outer loop
      vertex -5.387236 5.848475 0.842593
      vertex -5.100749 6.225794 1.151651
      vertex -5.264211 6.620428 0.998752
    endloop
  endfacet
  facet normal -0.716599 -0.026787 0.696970
    outer loop
      vertex -5.387236 5.848475 0.842593
      vertex -5.264211 6.620428 0.998752
      vertex -5.473174 6.055947 0.762210
    endloop
  endfacet
  facet normal -0.849806 0.097522 0.517996
    outer loop
      vertex -5.473174 6.055947 0.762210
      vertex -5.264211 6.620428 0.998752
      vertex -5.373434 6.884114 0.769923
    endloop
  endfacet
  facet normal -0.849806 0.097522 0.517996
    outer loop
      vertex -5.473174 6.055947 0.762210
      vertex -5.373434 6.884114 0.769923
      vertex -5.530595 6.194574 0.641907
    endloop
  endfacet
  facet normal -0.962791 0.182426 0.199384
    outer loop
      vertex -5.530595 6.194574 0.641907
      vertex -5.373434 6.884114 0.769923
      vertex -5.411787 6.976708 0.500000
    endloop
  endfacet
  facet normal -0.962791 0.182426 0.199384
    outer loop
      vertex -5.530595 6.194574 0.641907
      vertex -5.411787 6.976708 0.500000
      vertex -5.550759 6.243254 0.500000
    endloop
  endfacet
  facet normal -0.254432 -0.925288 0.281258
    outer loop
      vertex -4.404075 4.543876 0.500000
      vertex -3.625786 4.329865 0.500000
      vertex -3.678575 4.457310 0.871517
    endloop
  endfacet
  facet normal -0.254432 -0.925288 0.281258
    outer loop
      vertex -4.404075 4.543876 0.500000
      vertex -3.678575 4.457310 0.871517
      vertex -4.442429 4.636470 0.769923
    endloop
  endfacet
  facet normal -0.252241 -0.691717 0.676685
    outer loop
      vertex -4.442429 4.636470 0.769923
      vertex -3.678575 4.457310 0.871517
      vertex -3.828907 4.820242 1.186474
    endloop
  endfacet
  facet normal -0.252241 -0.691717 0.676685
    outer loop
      vertex -4.442429 4.636470 0.769923
      vertex -3.828907 4.820242 1.186474
      vertex -4.551651 4.900156 0.998752
    endloop
  endfacet
  facet normal -0.270944 -0.443283 0.854453
    outer loop
      vertex -4.551651 4.900156 0.998752
      vertex -3.828907 4.820242 1.186474
      vertex -4.053894 5.363409 1.396921
    endloop
  endfacet
  facet normal -0.270944 -0.443283 0.854453
    outer loop
      vertex -4.551651 4.900156 0.998752
      vertex -4.053894 5.363409 1.396921
      vertex -4.715114 5.294790 1.151651
    endloop
  endfacet
  facet normal -0.316170 -0.236918 0.918644
    outer loop
      vertex -4.715114 5.294790 1.151651
      vertex -4.053894 5.363409 1.396921
      vertex -4.319284 6.004118 1.470820
    endloop
  endfacet
  facet normal -0.316170 -0.236918 0.918644
    outer loop
      vertex -4.715114 5.294790 1.151651
      vertex -4.319284 6.004118 1.470820
      vertex -4.907931 5.760292 1.205342
    endloop
  endfacet
  facet normal -0.391093 -0.056040 0.918644
    outer loop
      vertex -4.907931 5.760292 1.205342
      vertex -4.319284 6.004118 1.470820
      vertex -4.584674 6.644827 1.396921
    endloop
  endfacet
  facet normal -0.391093 -0.056040 0.918644
    outer loop
      vertex -4.907931 5.760292 1.205342
      vertex -4.584674 6.644827 1.396921
      vertex -5.100749 6.225794 1.151651
    endloop
  endfacet
  facet normal -0.505035 0.121862 0.854453
    outer loop
      vertex -5.100749 6.225794 1.151651
      vertex -4.584674 6.644827 1.396921
      vertex -4.809661 7.187993 1.186474
    endloop
  endfacet
  facet normal -0.505035 0.121862 0.854453
    outer loop
      vertex -5.100749 6.225794 1.151651
      vertex -4.809661 7.187993 1.186474
      vertex -5.264211 6.620428 0.998752
    endloop
  endfacet
  facet normal -0.667479 0.310756 0.676685
    outer loop
      vertex -5.264211 6.620428 0.998752
      vertex -4.809661 7.187993 1.186474
      vertex -4.959993 7.550926 0.871517
    endloop
  endfacet
  facet normal -0.667479 0.310756 0.676685
    outer loop
      vertex -5.264211 6.620428 0.998752
      vertex -4.959993 7.550926 0.871517
      vertex -5.373434 6.884114 0.769923
    endloop
  endfacet
  facet normal -0.834188 0.474367 0.281258
    outer loop
      vertex -5.373434 6.884114 0.769923
      vertex -4.959993 7.550926 0.871517
      vertex -5.012782 7.678371 0.500000
    endloop
  endfacet
  facet normal -0.834188 0.474367 0.281258
    outer loop
      vertex -5.373434 6.884114 0.769923
      vertex -5.012782 7.678371 0.500000
      vertex -5.411787 6.976708 0.500000
    endloop
  endfacet
  facet normal 0.014546 -0.945157 0.326293
    outer loop
      vertex -3.625786 4.329865 0.500000
      vertex -2.762289 4.343154 0.500000
      vertex -2.824346 4.492975 0.936744
    endloop
  endfacet
  facet normal 0.014546 -0.945157 0.326293
    outer loop
      vertex -3.625786 4.329865 0.500000
      vertex -2.824346 4.492975 0.936744
      vertex -3.678575 4.457310 0.871517
    endloop
  endfacet
  facet normal -0.029538 -0.662089 0.748843
    outer loop
      vertex -3.678575 4.457310 0.871517
      vertex -2.824346 4.492975 0.936744
      vertex -3.001072 4.919627 1.306998
    endloop
  endfacet
  facet normal -0.029538 -0.662089 0.748843
    outer loop
      vertex -3.678575 4.457310 0.871517
      vertex -3.001072 4.919627 1.306998
      vertex -3.828907 4.820242 1.186474
    endloop
  endfacet
  facet normal -0.086489 -0.390870 0.916374
    outer loop
      vertex -3.828907 4.820242 1.186474
      vertex -3.001072 4.919627 1.306998
      vertex -3.265560 5.558158 1.554394
    endloop
  endfacet
  facet normal -0.086489 -0.390870 0.916374
    outer loop
      vertex -3.828907 4.820242 1.186474
      vertex -3.265560 5.558158 1.554394
      vertex -4.053894 5.363409 1.396921
    endloop
  endfacet
  facet normal -0.151157 -0.174828 0.972927
    outer loop
      vertex -4.053894 5.363409 1.396921
      vertex -3.265560 5.558158 1.554394
      vertex -3.577545 6.311356 1.641268
    endloop
  endfacet
  facet normal -0.151157 -0.174828 0.972927
    outer loop
      vertex -4.053894 5.363409 1.396921
      vertex -3.577545 6.311356 1.641268
      vertex -4.319284 6.004118 1.470820
    endloop
  endfacet
  facet normal -0.230506 0.016738 0.972927
    outer loop
      vertex -4.319284 6.004118 1.470820
      vertex -3.577545 6.311356 1.641268
      vertex -3.889530 7.064555 1.554394
    endloop
  endfacet
  facet normal -0.230506 0.016738 0.972927
    outer loop
      vertex -4.319284 6.004118 1.470820
      vertex -3.889530 7.064555 1.554394
      vertex -4.584674 6.644827 1.396921
    endloop
  endfacet
  facet normal -0.337544 0.215229 0.916374
    outer loop
      vertex -4.584674 6.644827 1.396921
      vertex -3.889530 7.064555 1.554394
      vertex -4.154018 7.703085 1.306998
    endloop
  endfacet
  facet normal -0.337544 0.215229 0.916374
    outer loop
      vertex -4.584674 6.644827 1.396921
      vertex -4.154018 7.703085 1.306998
      vertex -4.809661 7.187993 1.186474
    endloop
  endfacet
  facet normal -0.489054 0.447281 0.748843
    outer loop
      vertex -4.809661 7.187993 1.186474
      vertex -4.154018 7.703085 1.306998
      vertex -4.330743 8.129738 0.936744
    endloop
  endfacet
  facet normal -0.489054 0.447281 0.748843
    outer loop
      vertex -4.809661 7.187993 1.186474
      vertex -4.330743 8.129738 0.936744
      vertex -4.959993 7.550926 0.871517
    endloop
  endfacet
  facet normal -0.658041 0.678612 0.326293
    outer loop
      vertex -4.959993 7.550926 0.871517
      vertex -4.330743 8.129738 0.936744
      vertex -4.392801 8.279558 0.500000
    endloop
  endfacet
  facet normal -0.658041 0.678612 0.326293
    outer loop
      vertex -4.959993 7.550926 0.871517
      vertex -4.392801 8.279558 0.500000
      vertex -5.012782 7.678371 0.500000
    endloop
  endfacet
  facet normal 0.250394 -0.904287 0.345785
    outer loop
      vertex -2.762289 4.343154 0.500000
      vertex -1.898110 4.582442 0.500000
      vertex -1.963361 4.739973 0.959220
    endloop
  endfacet
  facet normal 0.250394 -0.904287 0.345785
    outer loop
      vertex -2.762289 4.343154 0.500000
      vertex -1.963361 4.739973 0.959220
      vertex -2.824346 4.492975 0.936744
    endloop
  endfacet
  facet normal 0.154765 -0.610182 0.776998
    outer loop
      vertex -2.824346 4.492975 0.936744
      vertex -1.963361 4.739973 0.959220
      vertex -2.149181 5.188582 1.348528
    endloop
  endfacet
  facet normal 0.154765 -0.610182 0.776998
    outer loop
      vertex -2.824346 4.492975 0.936744
      vertex -2.149181 5.188582 1.348528
      vertex -3.001072 4.919627 1.306998
    endloop
  endfacet
  facet normal 0.061093 -0.338498 0.938982
    outer loop
      vertex -3.001072 4.919627 1.306998
      vertex -2.149181 5.188582 1.348528
      vertex -2.427280 5.859973 1.608655
    endloop
  endfacet
  facet normal 0.061093 -0.338498 0.938982
    outer loop
      vertex -3.001072 4.919627 1.306998
      vertex -2.427280 5.859973 1.608655
      vertex -3.265560 5.558158 1.554394
    endloop
  endfacet
  facet normal -0.020034 -0.122743 0.992236
    outer loop
      vertex -3.265560 5.558158 1.554394
      vertex -2.427280 5.859973 1.608655
      vertex -2.755321 6.651933 1.700000
    endloop
  endfacet
  facet normal -0.020034 -0.122743 0.992236
    outer loop
      vertex -3.265560 5.558158 1.554394
      vertex -2.755321 6.651933 1.700000
      vertex -3.577545 6.311356 1.641268
    endloop
  endfacet
  facet normal -0.100959 0.072626 0.992236
    outer loop
      vertex -3.577545 6.311356 1.641268
      vertex -2.755321 6.651933 1.700000
      vertex -3.083361 7.443892 1.608655
    endloop
  endfacet
  facet normal -0.100959 0.072626 0.992236
    outer loop
      vertex -3.577545 6.311356 1.641268
      vertex -3.083361 7.443892 1.608655
      vertex -3.889530 7.064555 1.554394
    endloop
  endfacet
  facet normal -0.196155 0.282554 0.938982
    outer loop
      vertex -3.889530 7.064555 1.554394
      vertex -3.083361 7.443892 1.608655
      vertex -3.361460 8.115283 1.348528
    endloop
  endfacet
  facet normal -0.196155 0.282554 0.938982
    outer loop
      vertex -3.889530 7.064555 1.554394
      vertex -3.361460 8.115283 1.348528
      vertex -4.154018 7.703085 1.306998
    endloop
  endfacet
  facet normal -0.322028 0.540899 0.776998
    outer loop
      vertex -4.154018 7.703085 1.306998
      vertex -3.361460 8.115283 1.348528
      vertex -3.547280 8.563892 0.959220
    endloop
  endfacet
  facet normal -0.322028 0.540899 0.776998
    outer loop
      vertex -4.154018 7.703085 1.306998
      vertex -3.547280 8.563892 0.959220
      vertex -4.330743 8.129738 0.936744
    endloop
  endfacet
  facet normal -0.462372 0.816483 0.345785
    outer loop
      vertex -4.330743 8.129738 0.936744
      vertex -3.547280 8.563892 0.959220
      vertex -3.612532 8.721423 0.500000
    endloop
  endfacet
  facet normal -0.462372 0.816483 0.345785
    outer loop
      vertex -4.330743 8.129738 0.936744
      vertex -3.612532 8.721423 0.500000
      vertex -4.392801 8.279558 0.500000
    endloop
  endfacet
  facet normal 0.462372 -0.816483 0.345785
    outer loop
      vertex -1.898110 4.582442 0.500000
      vertex -1.117841 5.024307 0.500000
      vertex -1.179898 5.174127 0.936744
    endloop
  endfacet
  facet normal 0.462372 -0.816483 0.345785
    outer loop
      vertex -1.898110 4.582442 0.500000
      vertex -1.179898 5.174127 0.936744
      vertex -1.963361 4.739973 0.959220
    endloop
  endfacet
  facet normal 0.322028 -0.540899 0.776998
    outer loop
      vertex -1.963361 4.739973 0.959220
      vertex -1.179898 5.174127 0.936744
      vertex -1.356624 5.600780 1.306998
    endloop
  endfacet
  facet normal 0.322028 -0.540899 0.776998
    outer loop
      vertex -1.963361 4.739973 0.959220
      vertex -1.356624 5.600780 1.306998
      vertex -2.149181 5.188582 1.348528
    endloop
  endfacet
  facet normal 0.196155 -0.282554 0.938982
    outer loop
      vertex -2.149181 5.188582 1.348528
      vertex -1.356624 5.600780 1.306998
      vertex -1.621112 6.239311 1.554394
    endloop
  endfacet
  facet normal 0.196155 -0.282554 0.938982
    outer loop
      vertex -2.149181 5.188582 1.348528
      vertex -1.621112 6.239311 1.554394
      vertex -2.427280 5.859973 1.608655
    endloop
  endfacet
  facet normal 0.100959 -0.072626 0.992236
    outer loop
      vertex -2.427280 5.859973 1.608655
      vertex -1.621112 6.239311 1.554394
      vertex -1.933097 6.992509 1.641268
    endloop
  endfacet
  facet normal 0.100959 -0.072626 0.992236
    outer loop
      vertex -2.427280 5.859973 1.608655
      vertex -1.933097 6.992509 1.641268
      vertex -2.755321 6.651933 1.700000
    endloop
  endfacet
  facet normal 0.020034 0.122743 0.992236
    outer loop
      vertex -2.755321 6.651933 1.700000
      vertex -1.933097 6.992509 1.641268
      vertex -2.245082 7.745707 1.554394
    endloop
  endfacet
  facet normal 0.020034 0.122743 0.992236
    outer loop
      vertex -2.755321 6.651933 1.700000
      vertex -2.245082 7.745707 1.554394
      vertex -3.083361 7.443892 1.608655
    endloop
  endfacet
  facet normal -0.061093 0.338498 0.938982
    outer loop
      vertex -3.083361 7.443892 1.608655
      vertex -2.245082 7.745707 1.554394
      vertex -2.509570 8.384238 1.306998
    endloop
  endfacet
  facet normal -0.061093 0.338498 0.938982
    outer loop
      vertex -3.083361 7.443892 1.608655
      vertex -2.509570 8.384238 1.306998
      vertex -3.361460 8.115283 1.348528
    endloop
  endfacet
  facet normal -0.154765 0.610182 0.776998
    outer loop
      vertex -3.361460 8.115283 1.348528
      vertex -2.509570 8.384238 1.306998
      vertex -2.686295 8.810891 0.936744
    endloop
  endfacet
  facet normal -0.154765 0.610182 0.776998
    outer loop
      vertex -3.361460 8.115283 1.348528
      vertex -2.686295 8.810891 0.936744
      vertex -3.547280 8.563892 0.959220
    endloop
  endfacet
  facet normal -0.250394 0.904287 0.345785
    outer loop
      vertex -3.547280 8.563892 0.959220
      vertex -2.686295 8.810891 0.936744
      vertex -2.748353 8.960711 0.500000
    endloop
  endfacet
  facet normal -0.250394 0.904287 0.345785
    outer loop
      vertex -3.547280 8.563892 0.959220
      vertex -2.748353 8.960711 0.500000
      vertex -3.612532 8.721423 0.500000
    endloop
  endfacet
  facet normal 0.658041 -0.678612 0.326293
    outer loop
      vertex -1.117841 5.024307 0.500000
      vertex -0.497859 5.625495 0.500000
      vertex -0.550649 5.752940 0.871517
    endloop
  endfacet
  facet normal 0.658041 -0.678612 0.326293
    outer loop
      vertex -1.117841 5.024307 0.500000
      vertex -0.550649 5.752940 0.871517
      vertex -1.179898 5.174127 0.936744
    endloop
  endfacet
  facet normal 0.489054 -0.447281 0.748843
    outer loop
      vertex -1.179898 5.174127 0.936744
      vertex -0.550649 5.752940 0.871517
      vertex -0.700980 6.115872 1.186474
    endloop
  endfacet
  facet normal 0.489054 -0.447281 0.748843
    outer loop
      vertex -1.179898 5.174127 0.936744
      vertex -0.700980 6.115872 1.186474
      vertex -1.356624 5.600780 1.306998
    endloop
  endfacet
  facet normal 0.337544 -0.215229 0.916374
    outer loop
      vertex -1.356624 5.600780 1.306998
      vertex -0.700980 6.115872 1.186474
      vertex -0.925967 6.659039 1.396921
    endloop
  endfacet
  facet normal 0.337544 -0.215229 0.916374
    outer loop
      vertex -1.356624 5.600780 1.306998
      vertex -0.925967 6.659039 1.396921
      vertex -1.621112 6.239311 1.554394
    endloop
  endfacet
  facet normal 0.230506 -0.016738 0.972927
    outer loop
      vertex -1.621112 6.239311 1.554394
      vertex -0.925967 6.659039 1.396921
      vertex -1.191358 7.299747 1.470820
    endloop
  endfacet
  facet normal 0.230506 -0.016738 0.972927
    outer loop
      vertex -1.621112 6.239311 1.554394
      vertex -1.191358 7.299747 1.470820
      vertex -1.933097 6.992509 1.641268
    endloop
  endfacet
  facet normal 0.151157 0.174828 0.972927
    outer loop
      vertex -1.933097 6.992509 1.641268
      vertex -1.191358 7.299747 1.470820
      vertex -1.456748 7.940456 1.396921
    endloop
  endfacet
  facet normal 0.151157 0.174828 0.972927
    outer loop
      vertex -1.933097 6.992509 1.641268
      vertex -1.456748 7.940456 1.396921
      vertex -2.245082 7.745707 1.554394
    endloop
  endfacet
  facet normal 0.086489 0.390870 0.916374
    outer loop
      vertex -2.245082 7.745707 1.554394
      vertex -1.456748 7.940456 1.396921
      vertex -1.681735 8.483623 1.186474
    endloop
  endfacet
  facet normal 0.086489 0.390870 0.916374
    outer loop
      vertex -2.245082 7.745707 1.554394
      vertex -1.681735 8.483623 1.186474
      vertex -2.509570 8.384238 1.306998
    endloop
  endfacet
  facet normal 0.029538 0.662089 0.748843
    outer loop
      vertex -2.509570 8.384238 1.306998
      vertex -1.681735 8.483623 1.186474
      vertex -1.832066 8.846555 0.871517
    endloop
  endfacet
  facet normal 0.029538 0.662089 0.748843
    outer loop
      vertex -2.509570 8.384238 1.306998
      vertex -1.832066 8.846555 0.871517
      vertex -2.686295 8.810891 0.936744
    endloop
  endfacet
  facet normal -0.014546 0.945157 0.326293
    outer loop
      vertex -2.686295 8.810891 0.936744
      vertex -1.832066 8.846555 0.871517
      vertex -1.884856 8.974000 0.500000
    endloop
  endfacet
  facet normal -0.014546 0.945157 0.326293
    outer loop
      vertex -2.686295 8.810891 0.936744
      vertex -1.884856 8.974000 0.500000
      vertex -2.748353 8.960711 0.500000
    endloop
  endfacet
  facet normal 0.834188 -0.474367 0.281258
    outer loop
      vertex -0.497859 5.625495 0.500000
      vertex -0.098854 6.327157 0.500000
      vertex -0.137208 6.419751 0.769923
    endloop
  endfacet
  facet normal 0.834188 -0.474367 0.281258
    outer loop
      vertex -0.497859 5.625495 0.500000
      vertex -0.137208 6.419751 0.769923
      vertex -0.550649 5.752940 0.871517
    endloop
  endfacet
  facet normal 0.667479 -0.310756 0.676685
    outer loop
      vertex -0.550649 5.752940 0.871517
      vertex -0.137208 6.419751 0.769923
      vertex -0.246430 6.683437 0.998752
    endloop
  endfacet
  facet normal 0.667479 -0.310756 0.676685
    outer loop
      vertex -0.550649 5.752940 0.871517
      vertex -0.246430 6.683437 0.998752
      vertex -0.700980 6.115872 1.186474
    endloop
  endfacet
  facet normal 0.505035 -0.121862 0.854453
    outer loop
      vertex -0.700980 6.115872 1.186474
      vertex -0.246430 6.683437 0.998752
      vertex -0.409893 7.078071 1.151651
    endloop
  endfacet
  facet normal 0.505035 -0.121862 0.854453
    outer loop
      vertex -0.700980 6.115872 1.186474
      vertex -0.409893 7.078071 1.151651
      vertex -0.925967 6.659039 1.396921
    endloop
  endfacet
  facet normal 0.391093 0.056040 0.918644
    outer loop
      vertex -0.925967 6.659039 1.396921
      vertex -0.409893 7.078071 1.151651
      vertex -0.602710 7.543573 1.205342
    endloop
  endfacet
  facet normal 0.391093 0.056040 0.918644
    outer loop
      vertex -0.925967 6.659039 1.396921
      vertex -0.602710 7.543573 1.205342
      vertex -1.191358 7.299747 1.470820
    endloop
  endfacet
  facet normal 0.316170 0.236918 0.918644
    outer loop
      vertex -1.191358 7.299747 1.470820
      vertex -0.602710 7.543573 1.205342
      vertex -0.795527 8.009075 1.151651
    endloop
  endfacet
  facet normal 0.316170 0.236918 0.918644
    outer loop
      vertex -1.191358 7.299747 1.470820
      vertex -0.795527 8.009075 1.151651
      vertex -1.456748 7.940456 1.396921
    endloop
  endfacet
  facet normal 0.270944 0.443283 0.854453
    outer loop
      vertex -1.456748 7.940456 1.396921
      vertex -0.795527 8.009075 1.151651
      vertex -0.958990 8.403709 0.998752
    endloop
  endfacet
  facet normal 0.270944 0.443283 0.854453
    outer loop
      vertex -1.456748 7.940456 1.396921
      vertex -0.958990 8.403709 0.998752
      vertex -1.681735 8.483623 1.186474
    endloop
  endfacet
  facet normal 0.252241 0.691717 0.676685
    outer loop
      vertex -1.681735 8.483623 1.186474
      vertex -0.958990 8.403709 0.998752
      vertex -1.068212 8.667395 0.769923
    endloop
  endfacet
  facet normal 0.252241 0.691717 0.676685
    outer loop
      vertex -1.681735 8.483623 1.186474
      vertex -1.068212 8.667395 0.769923
      vertex -1.832066 8.846555 0.871517
    endloop
  endfacet
  facet normal 0.254432 0.925288 0.281258
    outer loop
      vertex -1.832066 8.846555 0.871517
      vertex -1.068212 8.667395 0.769923
      vertex -1.106566 8.759989 0.500000
    endloop
  endfacet
  facet normal 0.254432 0.925288 0.281258
    outer loop
      vertex -1.832066 8.846555 0.871517
      vertex -1.106566 8.759989 0.500000
      vertex -1.884856 8.974000 0.500000
    endloop
  endfacet
  facet normal 0.962791 -0.182426 0.199384
    outer loop
      vertex -0.098854 6.327157 0.500000
      vertex 0.040118 7.060611 0.500000
      vertex 0.019954 7.109291 0.641907
    endloop
  endfacet
  facet normal 0.962791 -0.182426 0.199384
    outer loop
      vertex -0.098854 6.327157 0.500000
      vertex 0.019954 7.109291 0.641907
      vertex -0.137208 6.419751 0.769923
    endloop
  endfacet
  facet normal 0.849806 -0.097522 0.517996
    outer loop
      vertex -0.137208 6.419751 0.769923
      vertex 0.019954 7.109291 0.641907
      vertex -0.037468 7.247919 0.762210
    endloop
  endfacet
  facet normal 0.849806 -0.097522 0.517996
    outer loop
      vertex -0.137208 6.419751 0.769923
      vertex -0.037468 7.247919 0.762210
      vertex -0.246430 6.683437 0.998752
    endloop
  endfacet
  facet normal 0.716599 0.026787 0.696970
    outer loop
      vertex -0.246430 6.683437 0.998752
      vertex -0.037468 7.247919 0.762210
      vertex -0.123405 7.455390 0.842593
    endloop
  endfacet
  facet normal 0.716599 0.026787 0.696970
    outer loop
      vertex -0.246430 6.683437 0.998752
      vertex -0.123405 7.455390 0.842593
      vertex -0.409893 7.078071 1.151651
    endloop
  endfacet
  facet normal 0.614333 0.165481 0.771499
    outer loop
      vertex -0.409893 7.078071 1.151651
      vertex -0.123405 7.455390 0.842593
      vertex -0.224775 7.700119 0.870820
    endloop
  endfacet
  facet normal 0.614333 0.165481 0.771499
    outer loop
      vertex -0.409893 7.078071 1.151651
      vertex -0.224775 7.700119 0.870820
      vertex -0.602710 7.543573 1.205342
    endloop
  endfacet
  facet normal 0.551412 0.317387 0.771499
    outer loop
      vertex -0.602710 7.543573 1.205342
      vertex -0.224775 7.700119 0.870820
      vertex -0.326145 7.944848 0.842593
    endloop
  endfacet
  facet normal 0.551412 0.317387 0.771499
    outer loop
      vertex -0.602710 7.543573 1.205342
      vertex -0.326145 7.944848 0.842593
      vertex -0.795527 8.009075 1.151651
    endloop
  endfacet
  facet normal 0.525654 0.487771 0.696970
    outer loop
      vertex -0.795527 8.009075 1.151651
      vertex -0.326145 7.944848 0.842593
      vertex -0.412083 8.152319 0.762210
    endloop
  endfacet
  facet normal 0.525654 0.487771 0.696970
    outer loop
      vertex -0.795527 8.009075 1.151651
      vertex -0.412083 8.152319 0.762210
      vertex -0.958990 8.403709 0.998752
    endloop
  endfacet
  facet normal 0.531945 0.669862 0.517996
    outer loop
      vertex -0.958990 8.403709 0.998752
      vertex -0.412083 8.152319 0.762210
      vertex -0.469504 8.290947 0.641907
    endloop
  endfacet
  facet normal 0.531945 0.669862 0.517996
    outer loop
      vertex -0.958990 8.403709 0.998752
      vertex -0.469504 8.290947 0.641907
      vertex -1.068212 8.667395 0.769923
    endloop
  endfacet
  facet normal 0.551802 0.809791 0.199384
    outer loop
      vertex -1.068212 8.667395 0.769923
      vertex -0.469504 8.290947 0.641907
      vertex -0.489668 8.339627 0.500000
    endloop
  endfacet
  facet normal 0.551802 0.809791 0.199384
    outer loop
      vertex -1.068212 8.667395 0.769923
      vertex -0.489668 8.339627 0.500000
      vertex -1.106566 8.759989 0.500000
    endloop
  endfacet
  facet normal 0.000000 0.000000 1.000000
    outer loop
      vertex 0.040118 7.060611 0.500000
      vertex -0.094548 7.754061 0.500000
      vertex -0.094548 7.754061 0.500000
    endloop
  endfacet
  facet normal 0.978978 0.190114 0.073888
    outer loop
      vertex 0.040118 7.060611 0.500000
      vertex -0.094548 7.754061 0.500000
      vertex 0.019954 7.109291 0.641907
    endloop
  endfacet
  facet normal 0.000000 0.000000 1.000000
    outer loop
      vertex 0.019954 7.109291 0.641907
      vertex -0.094548 7.754061 0.500000
      vertex -0.094548 7.754061 0.500000
    endloop
  endfacet
  facet normal 0.954269 0.215146 0.207563
    outer loop
      vertex 0.019954 7.109291 0.641907
      vertex -0.094548 7.754061 0.500000
      vertex -0.037468 7.247919 0.762210
    endloop
  endfacet
  facet normal 0.000000 0.000000 1.000000
    outer loop
      vertex -0.037468 7.247919 0.762210
      vertex -0.094548 7.754061 0.500000
      vertex -0.094548 7.754061 0.500000
    endloop
  endfacet
  facet normal 0.915860 0.261234 0.304888
    outer loop
      vertex -0.037468 7.247919 0.762210
      vertex -0.094548 7.754061 0.500000
      vertex -0.123405 7.455390 0.842593
    endloop
  endfacet
  facet normal 0.000000 0.000000 1.000000
    outer loop
      vertex -0.123405 7.455390 0.842593
      vertex -0.094548 7.754061 0.500000
      vertex -0.094548 7.754061 0.500000
    endloop
  endfacet
  facet normal 0.877453 0.322500 0.355064
    outer loop
      vertex -0.123405 7.455390 0.842593
      vertex -0.094548 7.754061 0.500000
      vertex -0.224775 7.700119 0.870820
    endloop
  endfacet
  facet normal 0.000000 0.000000 1.000000
    outer loop
      vertex -0.224775 7.700119 0.870820
      vertex -0.094548 7.754061 0.500000
      vertex -0.094548 7.754061 0.500000
    endloop
  endfacet
  facet normal 0.848495 0.392411 0.355064
    outer loop
      vertex -0.224775 7.700119 0.870820
      vertex -0.094548 7.754061 0.500000
      vertex -0.326145 7.944848 0.842593
    endloop
  endfacet
  facet normal 0.000000 0.000000 1.000000
    outer loop
      vertex -0.326145 7.944848 0.842593
      vertex -0.094548 7.754061 0.500000
      vertex -0.094548 7.754061 0.500000
    endloop
  endfacet
  facet normal 0.832332 0.462890 0.304888
    outer loop
      vertex -0.326145 7.944848 0.842593
      vertex -0.094548 7.754061 0.500000
      vertex -0.412083 8.152319 0.762210
    endloop
  endfacet
  facet normal 0.000000 0.000000 1.000000
    outer loop
      vertex -0.412083 8.152319 0.762210
      vertex -0.094548 7.754061 0.500000
      vertex -0.094548 7.754061 0.500000
    endloop
  endfacet
  facet normal 0.826902 0.522639 0.207563
    outer loop
      vertex -0.412083 8.152319 0.762210
      vertex -0.094548 7.754061 0.500000
      vertex -0.469504 8.290947 0.641907
    endloop
  endfacet
  facet normal 0.000000 0.000000 1.000000
    outer loop
      vertex -0.469504 8.290947 0.641907
      vertex -0.094548 7.754061 0.500000
      vertex -0.094548 7.754061 0.500000
    endloop
  endfacet
  facet normal 0.826672 0.557811 0.073888
    outer loop
      vertex -0.469504 8.290947 0.641907
      vertex -0.094548 7.754061 0.500000
      vertex -0.489668 8.339627 0.500000
    endloop
  endfacet
  facet normal -0.190114 -0.978978 0.073888
    outer loop
      vertex -7.754061 0.094548 0.500000
      vertex -7.060611 -0.040118 0.500000
      vertex -7.109291 -0.019954 0.641907
    endloop
  endfacet
  facet normal 0.000000 0.000000 1.000000
    outer loop
      vertex -7.754061 0.094548 0.500000
      vertex -7.109291 -0.019954 0.641907
      vertex -7.754061 0.094548 0.500000
    endloop
  endfacet
  facet normal -0.215146 -0.954269 0.207563
    outer loop
      vertex -7.754061 0.094548 0.500000
      vertex -7.109291 -0.019954 0.641907
      vertex -7.247919 0.037468 0.762210
    endloop
  endfacet
  facet normal 0.000000 0.000000 1.000000
    outer loop
      vertex -7.754061 0.094548 0.500000
      vertex -7.247919 0.037468 0.762210
      vertex -7.754061 0.094548 0.500000
    endloop
  endfacet
  facet normal -0.261234 -0.915860 0.304888
    outer loop
      vertex -7.754061 0.094548 0.500000
      vertex -7.247919 0.037468 0.762210
      vertex -7.455390 0.123405 0.842593
    endloop
  endfacet
  facet normal 0.000000 0.000000 1.000000
    outer loop
      vertex -7.754061 0.094548 0.500000
      vertex -7.455390 0.123405 0.842593
      vertex -7.754061 0.094548 0.500000
    endloop
  endfacet
  facet normal -0.322500 -0.877453 0.355064
    outer loop
      vertex -7.754061 0.094548 0.500000
      vertex -7.455390 0.123405 0.842593
      vertex -7.700119 0.224775 0.870820
    endloop
  endfacet
  facet normal 0.000000 0.000000 1.000000
    outer loop
      vertex -7.754061 0.094548 0.500000
      vertex -7.700119 0.224775 0.870820
      vertex -7.754061 0.094548 0.500000
    endloop
  endfacet
  facet normal -0.392411 -0.848495 0.355064
    outer loop
      vertex -7.754061 0.094548 0.500000
      vertex -7.700119 0.224775 0.870820
      vertex -7.944848 0.326145 0.842593
    endloop
  endfacet
  facet normal 0.000000 0.000000 1.000000
    outer loop
      vertex -7.754061 0.094548 0.500000
      vertex -7.944848 0.326145 0.842593
      vertex -7.754061 0.094548 0.500000
    endloop
  endfacet
  facet normal -0.462890 -0.832332 0.304888
    outer loop
      vertex -7.754061 0.094548 0.500000
      vertex -7.944848 0.326145 0.842593
      vertex -8.152319 0.412083 0.762210
    endloop
  endfacet
  facet normal 0.000000 0.000000 1.000000
    outer loop
      vertex -7.754061 0.094548 0.500000
      vertex -8.152319 0.412083 0.762210
      vertex -7.754061 0.094548 0.500000
    endloop
  endfacet
  facet normal -0.522639 -0.826902 0.207563
    outer loop
      vertex -7.754061 0.094548 0.500000
      vertex -8.152319 0.412083 0.762210
      vertex -8.290947 0.469504 0.641907
    endloop
  endfacet
  facet normal 0.000000 0.000000 1.000000
    outer loop
      vertex -7.754061 0.094548 0.500000
      vertex -8.290947 0.469504 0.641907
      vertex -7.754061 0.094548 0.500000
    endloop
  endfacet
  facet normal -0.557811 -0.826672 0.073888
    outer loop
      vertex -7.754061 0.094548 0.500000
      vertex -8.290947 0.469504 0.641907
      vertex -8.339627 0.489668 0.500000
    endloop
  endfacet
  facet normal 0.000000 0.000000 1.000000
    outer loop
      vertex -7.754061 0.094548 0.500000
      vertex -8.339627 0.489668 0.500000
      vertex -7.754061 0.094548 0.500000
    endloop
  endfacet
  facet normal 0.182426 -0.962791 0.199384
    outer loop
      vertex -7.060611 -0.040118 0.500000
      vertex -6.327157 0.098854 0.500000
      vertex -6.419751 0.137208 0.769923
    endloop
  endfacet
  facet normal 0.182426 -0.962791 0.199384
    outer loop
      vertex -7.060611 -0.040118 0.500000
      vertex -6.419751 0.137208 0.769923
      vertex -7.109291 -0.019954 0.641907
    endloop
  endfacet
  facet normal 0.097522 -0.849806 0.517996
    outer loop
      vertex -7.109291 -0.019954 0.641907
      vertex -6.419751 0.137208 0.769923
      vertex -6.683437 0.246430 0.998752
    endloop
  endfacet
  facet normal 0.097522 -0.849806 0.517996
    outer loop
      vertex -7.109291 -0.019954 0.641907
      vertex -6.683437 0.246430 0.998752
      vertex -7.247919 0.037468 0.762210
    endloop
  endfacet
  facet normal -0.026787 -0.716599 0.696970
    outer loop
      vertex -7.247919 0.037468 0.762210
      vertex -6.683437 0.246430 0.998752
      vertex -7.078071 0.409893 1.151651
    endloop
  endfacet
  facet normal -0.026787 -0.716599 0.696970
    outer loop
      vertex -7.247919 0.037468 0.762210
      vertex -7.078071 0.409893 1.151651
      vertex -7.455390 0.123405 0.842593
    endloop
  endfacet
  facet normal -0.165481 -0.614333 0.771499
    outer loop
      vertex -7.455390 0.123405 0.842593
      vertex -7.078071 0.409893 1.151651
      vertex -7.543573 0.602710 1.205342
    endloop
  endfacet
  facet normal -0.165481 -0.614333 0.771499
    outer loop
      vertex -7.455390 0.123405 0.842593
      vertex -7.543573 0.602710 1.205342
      vertex -7.700119 0.224775 0.870820
    endloop
  endfacet
  facet normal -0.317387 -0.551412 0.771499
    outer loop
      vertex -7.700119 0.224775 0.870820
      vertex -7.543573 0.602710 1.205342
      vertex -8.009075 0.795527 1.151651
    endloop
  endfacet
  facet normal -0.317387 -0.551412 0.771499
    outer loop
      vertex -7.700119 0.224775 0.870820
      vertex -8.009075 0.795527 1.151651
      vertex -7.944848 0.326145 0.842593
    endloop
  endfacet
  facet normal -0.487771 -0.525654 0.696970
    outer loop
      vertex -7.944848 0.326145 0.842593
      vertex -8.009075 0.795527 1.151651
      vertex -8.403709 0.958990 0.998752
    endloop
  endfacet
  facet normal -0.487771 -0.525654 0.696970
    outer loop
      vertex -7.944848 0.326145 0.842593
      vertex -8.403709 0.958990 0.998752
      vertex -8.152319 0.412083 0.762210
    endloop
  endfacet
  facet normal -0.669862 -0.531945 0.517996
    outer loop
      vertex -8.152319 0.412083 0.762210
      vertex -8.403709 0.958990 0.998752
      vertex -8.667395 1.068212 0.769923
    endloop
  endfacet
  facet normal -0.669862 -0.531945 0.517996
    outer loop
      vertex -8.152319 0.412083 0.762210
      vertex -8.667395 1.068212 0.769923
      vertex -8.290947 0.469504 0.641907
    endloop
  endfacet
  facet normal -0.809791 -0.551802 0.199384
    outer loop
      vertex -8.290947 0.469504 0.641907
      vertex -8.667395 1.068212 0.769923
      vertex -8.759989 1.106566 0.500000
    endloop
  endfacet
  facet normal -0.809791 -0.551802 0.199384
    outer loop
      vertex -8.290947 0.469504 0.641907
      vertex -8.759989 1.106566 0.500000
      vertex -8.339627 0.489668 0.500000
    endloop
  endfacet
  facet normal 0.474367 -0.834188 0.281258
    outer loop
      vertex -6.327157 0.098854 0.500000
      vertex -5.625495 0.497859 0.500000
      vertex -5.752940 0.550649 0.871517
    endloop
  endfacet
  facet normal 0.474367 -0.834188 0.281258
    outer loop
      vertex -6.327157 0.098854 0.500000
      vertex -5.752940 0.550649 0.871517
      vertex -6.419751 0.137208 0.769923
    endloop
  endfacet
  facet normal 0.310756 -0.667479 0.676685
    outer loop
      vertex -6.419751 0.137208 0.769923
      vertex -5.752940 0.550649 0.871517
      vertex -6.115872 0.700980 1.186474
    endloop
  endfacet
  facet normal 0.310756 -0.667479 0.676685
    outer loop
      vertex -6.419751 0.137208 0.769923
      vertex -6.115872 0.700980 1.186474
      vertex -6.683437 0.246430 0.998752
    endloop
  endfacet
  facet normal 0.121862 -0.505035 0.854453
    outer loop
      vertex -6.683437 0.246430 0.998752
      vertex -6.115872 0.700980 1.186474
      vertex -6.659039 0.925967 1.396921
    endloop
  endfacet
  facet normal 0.121862 -0.505035 0.854453
    outer loop
      vertex -6.683437 0.246430 0.998752
      vertex -6.659039 0.925967 1.396921
      vertex -7.078071 0.409893 1.151651
    endloop
  endfacet
  facet normal -0.056040 -0.391093 0.918644
    outer loop
      vertex -7.078071 0.409893 1.151651
      vertex -6.659039 0.925967 1.396921
      vertex -7.299747 1.191358 1.470820
    endloop
  endfacet
  facet normal -0.056040 -0.391093 0.918644
    outer loop
      vertex -7.078071 0.409893 1.151651
      vertex -7.299747 1.191358 1.470820
      vertex -7.543573 0.602710 1.205342
    endloop
  endfacet
  facet normal -0.236918 -0.316170 0.918644
    outer loop
      vertex -7.543573 0.602710 1.205342
      vertex -7.299747 1.191358 1.470820
      vertex -7.940456 1.456748 1.396921
    endloop
  endfacet
  facet normal -0.236918 -0.316170 0.918644
    outer loop
      vertex -7.543573 0.602710 1.205342
      vertex -7.940456 1.456748 1.396921
      vertex -8.009075 0.795527 1.151651
    endloop
  endfacet
  facet normal -0.443283 -0.270944 0.854453
    outer loop
      vertex -8.009075 0.795527 1.151651
      vertex -7.940456 1.456748 1.396921
      vertex -8.483623 1.681735 1.186474
    endloop
  endfacet
  facet normal -0.443283 -0.270944 0.854453
    outer loop
      vertex -8.009075 0.795527 1.151651
      vertex -8.483623 1.681735 1.186474
      vertex -8.403709 0.958990 0.998752
    endloop
  endfacet
  facet normal -0.691717 -0.252241 0.676685
    outer loop
      vertex -8.403709 0.958990 0.998752
      vertex -8.483623 1.681735 1.186474
      vertex -8.846555 1.832066 0.871517
    endloop
  endfacet
  facet normal -0.691717 -0.252241 0.676685
    outer loop
      vertex -8.403709 0.958990 0.998752
      vertex -8.846555 1.832066 0.871517
      vertex -8.667395 1.068212 0.769923
    endloop
  endfacet
  facet normal -0.925288 -0.254432 0.281258
    outer loop
      vertex -8.667395 1.068212 0.769923
      vertex -8.846555 1.832066 0.871517
      vertex -8.974000 1.884856 0.500000
    endloop
  endfacet
  facet normal -0.925288 -0.254432 0.281258
    outer loop
      vertex -8.667395 1.068212 0.769923
      vertex -8.974000 1.884856 0.500000
      vertex -8.759989 1.106566 0.500000
    endloop
  endfacet
  facet normal 0.678612 -0.658041 0.326293
    outer loop
      vertex -5.625495 0.497859 0.500000
      vertex -5.024307 1.117841 0.500000
      vertex -5.174127 1.179898 0.936744
    endloop
  endfacet
  facet normal 0.678612 -0.658041 0.326293
    outer loop
      vertex -5.625495 0.497859 0.500000
      vertex -5.174127 1.179898 0.936744
      vertex -5.752940 0.550649 0.871517
    endloop
  endfacet
  facet normal 0.447281 -0.489054 0.748843
    outer loop
      vertex -5.752940 0.550649 0.871517
      vertex -5.174127 1.179898 0.936744
      vertex -5.600780 1.356624 1.306998
    endloop
  endfacet
  facet normal 0.447281 -0.489054 0.748843
    outer loop
      vertex -5.752940 0.550649 0.871517
      vertex -5.600780 1.356624 1.306998
      vertex -6.115872 0.700980 1.186474
    endloop
  endfacet
  facet normal 0.215229 -0.337544 0.916374
    outer loop
      vertex -6.115872 0.700980 1.186474
      vertex -5.600780 1.356624 1.306998
      vertex -6.239311 1.621112 1.554394
    endloop
  endfacet
  facet normal 0.215229 -0.337544 0.916374
    outer loop
      vertex -6.115872 0.700980 1.186474
      vertex -6.239311 1.621112 1.554394
      vertex -6.659039 0.925967 1.396921
    endloop
  endfacet
  facet normal 0.016738 -0.230506 0.972927
    outer loop
      vertex -6.659039 0.925967 1.396921
      vertex -6.239311 1.621112 1.554394
      vertex -6.992509 1.933097 1.641268
    endloop
  endfacet
  facet normal 0.016738 -0.230506 0.972927
    outer loop
      vertex -6.659039 0.925967 1.396921
      vertex -6.992509 1.933097 1.641268
      vertex -7.299747 1.191358 1.470820
    endloop
  endfacet
  facet normal -0.174828 -0.151157 0.972927
    outer loop
      vertex -7.299747 1.191358 1.470820
      vertex -6.992509 1.933097 1.641268
      vertex -7.745707 2.245082 1.554394
    endloop
  endfacet
  facet normal -0.174828 -0.151157 0.972927
    outer loop
      vertex -7.299747 1.191358 1.470820
      vertex -7.745707 2.245082 1.554394
      vertex -7.940456 1.456748 1.396921
    endloop
  endfacet
  facet normal -0.390870 -0.086489 0.916374
    outer loop
      vertex -7.940456 1.456748 1.396921
      vertex -7.745707 2.245082 1.554394
      vertex -8.384238 2.509570 1.306998
    endloop
  endfacet
  facet normal -0.390870 -0.086489 0.916374
    outer loop
      vertex -7.940456 1.456748 1.396921
      vertex -8.384238 2.509570 1.306998
      vertex -8.483623 1.681735 1.186474
    endloop
  endfacet
  facet normal -0.662089 -0.029538 0.748843
    outer loop
      vertex -8.483623 1.681735 1.186474
      vertex -8.384238 2.509570 1.306998
      vertex -8.810891 2.686295 0.936744
    endloop
  endfacet
  facet normal -0.662089 -0.029538 0.748843
    outer loop
      vertex -8.483623 1.681735 1.186474
      vertex -8.810891 2.686295 0.936744
      vertex -8.846555 1.832066 0.871517
    endloop
  endfacet
  facet normal -0.945157 0.014546 0.326293
    outer loop
      vertex -8.846555 1.832066 0.871517
      vertex -8.810891 2.686295 0.936744
      vertex -8.960711 2.748353 0.500000
    endloop
  endfacet
  facet normal -0.945157 0.014546 0.326293
    outer loop
      vertex -8.846555 1.832066 0.871517
      vertex -8.960711 2.748353 0.500000
      vertex -8.974000 1.884856 0.500000
    endloop
  endfacet
  facet normal 0.816483 -0.462372 0.345785
    outer loop
      vertex -5.024307 1.117841 0.500000
      vertex -4.582442 1.898110 0.500000
      vertex -4.739973 1.963361 0.959220
    endloop
  endfacet
  facet normal 0.816483 -0.462372 0.345785
    outer loop
      vertex -5.024307 1.117841 0.500000
      vertex -4.739973 1.963361 0.959220
      vertex -5.174127 1.179898 0.936744
    endloop
  endfacet
  facet normal 0.540899 -0.322028 0.776998
    outer loop
      vertex -5.174127 1.179898 0.936744
      vertex -4.739973 1.963361 0.959220
      vertex -5.188582 2.149181 1.348528
    endloop
  endfacet
  facet normal 0.540899 -0.322028 0.776998
    outer loop
      vertex -5.174127 1.179898 0.936744
      vertex -5.188582 2.149181 1.348528
      vertex -5.600780 1.356624 1.306998
    endloop
  endfacet
  facet normal 0.282554 -0.196155 0.938982
    outer loop
      vertex -5.600780 1.356624 1.306998
      vertex -5.188582 2.149181 1.348528
      vertex -5.859973 2.427280 1.608655
    endloop
  endfacet
  facet normal 0.282554 -0.196155 0.938982
    outer loop
      vertex -5.600780 1.356624 1.306998
      vertex -5.859973 2.427280 1.608655
      vertex -6.239311 1.621112 1.554394
    endloop
  endfacet
  facet normal 0.072626 -0.100959 0.992236
    outer loop
      vertex -6.239311 1.621112 1.554394
      vertex -5.859973 2.427280 1.608655
      vertex -6.651933 2.755321 1.700000
    endloop
  endfacet
  facet normal 0.072626 -0.100959 0.992236
    outer loop
      vertex -6.239311 1.621112 1.554394
      vertex -6.651933 2.755321 1.700000
      vertex -6.992509 1.933097 1.641268
    endloop
  endfacet
  facet normal -0.122743 -0.020034 0.992236
    outer loop
      vertex -6.992509 1.933097 1.641268
      vertex -6.651933 2.755321 1.700000
      vertex -7.443892 3.083361 1.608655
    endloop
  endfacet
  facet normal -0.122743 -0.020034 0.992236
    outer loop
      vertex -6.992509 1.933097 1.641268
      vertex -7.443892 3.083361 1.608655
      vertex -7.745707 2.245082 1.554394
    endloop
  endfacet
  facet normal -0.338498 0.061093 0.938982
    outer loop
      vertex -7.745707 2.245082 1.554394
      vertex -7.443892 3.083361 1.608655
      vertex -8.115283 3.361460 1.348528
    endloop
  endfacet
  facet normal -0.338498 0.061093 0.938982
    outer loop
      vertex -7.745707 2.245082 1.554394
      vertex -8.115283 3.361460 1.348528
      vertex -8.384238 2.509570 1.306998
    endloop
  endfacet
  facet normal -0.610182 0.154765 0.776998
    outer loop
      vertex -8.384238 2.509570 1.306998
      vertex -8.115283 3.361460 1.348528
      vertex -8.563892 3.547280 0.959220
    endloop
  endfacet
  facet normal -0.610182 0.154765 0.776998
    outer loop
      vertex -8.384238 2.509570 1.306998
      vertex -8.563892 3.547280 0.959220
      vertex -8.810891 2.686295 0.936744
    endloop
  endfacet
  facet normal -0.904287 0.250394 0.345785
    outer loop
      vertex -8.810891 2.686295 0.936744
      vertex -8.563892 3.547280 0.959220
      vertex -8.721423 3.612532 0.500000
    endloop
  endfacet
  facet normal -0.904287 0.250394 0.345785
    outer loop
      vertex -8.810891 2.686295 0.936744
      vertex -8.721423 3.612532 0.500000
      vertex -8.960711 2.748353 0.500000
    endloop
  endfacet
  facet normal 0.904287 -0.250394 0.345785
    outer loop
      vertex -4.582442 1.898110 0.500000
      vertex -4.343154 2.762289 0.500000
      vertex -4.492975 2.824346 0.936744
    endloop
  endfacet
  facet normal 0.904287 -0.250394 0.345785
    outer loop
      vertex -4.582442 1.898110 0.500000
      vertex -4.492975 2.824346 0.936744
      vertex -4.739973 1.963361 0.959220
    endloop
  endfacet
  facet normal 0.610182 -0.154765 0.776998
    outer loop
      vertex -4.739973 1.963361 0.959220
      vertex -4.492975 2.824346 0.936744
      vertex -4.919627 3.001072 1.306998
    endloop
  endfacet
  facet normal 0.610182 -0.154765 0.776998
    outer loop
      vertex -4.739973 1.963361 0.959220
      vertex -4.919627 3.001072 1.306998
      vertex -5.188582 2.149181 1.348528
    endloop
  endfacet
  facet normal 0.338498 -0.061093 0.938982
    outer loop
      vertex -5.188582 2.149181 1.348528
      vertex -4.919627 3.001072 1.306998
      vertex -5.558158 3.265560 1.554394
    endloop
  endfacet
  facet normal 0.338498 -0.061093 0.938982
    outer loop
      vertex -5.188582 2.149181 1.348528
      vertex -5.558158 3.265560 1.554394
      vertex -5.859973 2.427280 1.608655
    endloop
  endfacet
  facet normal 0.122743 0.020034 0.992236
    outer loop
      vertex -5.859973 2.427280 1.608655
      vertex -5.558158 3.265560 1.554394
      vertex -6.311356 3.577545 1.641268
    endloop
  endfacet
  facet normal 0.122743 0.020034 0.992236
    outer loop
      vertex -5.859973 2.427280 1.608655
      vertex -6.311356 3.577545 1.641268
      vertex -6.651933 2.755321 1.700000
    endloop
  endfacet
  facet normal -0.072626 0.100959 0.992236
    outer loop
      vertex -6.651933 2.755321 1.700000
      vertex -6.311356 3.577545 1.641268
      vertex -7.064555 3.889530 1.554394
    endloop
  endfacet
  facet normal -0.072626 0.100959 0.992236
    outer loop
      vertex -6.651933 2.755321 1.700000
      vertex -7.064555 3.889530 1.554394
      vertex -7.443892 3.083361 1.608655
    endloop
  endfacet
  facet normal -0.282554 0.196155 0.938982
    outer loop
      vertex -7.443892 3.083361 1.608655
      vertex -7.064555 3.889530 1.554394
      vertex -7.703085 4.154018 1.306998
    endloop
  endfacet
  facet normal -0.282554 0.196155 0.938982
    outer loop
      vertex -7.443892 3.083361 1.608655
      vertex -7.703085 4.154018 1.306998
      vertex -8.115283 3.361460 1.348528
    endloop
  endfacet
  facet normal -0.540899 0.322028 0.776998
    outer loop
      vertex -8.115283 3.361460 1.348528
      vertex -7.703085 4.154018 1.306998
      vertex -8.129738 4.330743 0.936744
    endloop
  endfacet
  facet normal -0.540899 0.322028 0.776998
    outer loop
      vertex -8.115283 3.361460 1.348528
      vertex -8.129738 4.330743 0.936744
      vertex -8.563892 3.547280 0.959220
    endloop
  endfacet
  facet normal -0.816483 0.462372 0.345785
    outer loop
      vertex -8.563892 3.547280 0.959220
      vertex -8.129738 4.330743 0.936744
      vertex -8.279558 4.392801 0.500000
    endloop
  endfacet
  facet normal -0.816483 0.462372 0.345785
    outer loop
      vertex -8.563892 3.547280 0.959220
      vertex -8.279558 4.392801 0.500000
      vertex -8.721423 3.612532 0.500000
    endloop
  endfacet
  facet normal 0.945157 -0.014546 0.326293
    outer loop
      vertex -4.343154 2.762289 0.500000
      vertex -4.329865 3.625786 0.500000
      vertex -4.457310 3.678575 0.871517
    endloop
  endfacet
  facet normal 0.945157 -0.014546 0.326293
    outer loop
      vertex -4.343154 2.762289 0.500000
      vertex -4.457310 3.678575 0.871517
      vertex -4.492975 2.824346 0.936744
    endloop
  endfacet
  facet normal 0.662089 0.029538 0.748843
    outer loop
      vertex -4.492975 2.824346 0.936744
      vertex -4.457310 3.678575 0.871517
      vertex -4.820242 3.828907 1.186474
    endloop
  endfacet
  facet normal 0.662089 0.029538 0.748843
    outer loop
      vertex -4.492975 2.824346 0.936744
      vertex -4.820242 3.828907 1.186474
      vertex -4.919627 3.001072 1.306998
    endloop
  endfacet
  facet normal 0.390870 0.086489 0.916374
    outer loop
      vertex -4.919627 3.001072 1.306998
      vertex -4.820242 3.828907 1.186474
      vertex -5.363409 4.053894 1.396921
    endloop
  endfacet
  facet normal 0.390870 0.086489 0.916374
    outer loop
      vertex -4.919627 3.001072 1.306998
      vertex -5.363409 4.053894 1.396921
      vertex -5.558158 3.265560 1.554394
    endloop
  endfacet
  facet normal 0.174828 0.151157 0.972927
    outer loop
      vertex -5.558158 3.265560 1.554394
      vertex -5.363409 4.053894 1.396921
      vertex -6.004118 4.319284 1.470820
    endloop
  endfacet
  facet normal 0.174828 0.151157 0.972927
    outer loop
      vertex -5.558158 3.265560 1.554394
      vertex -6.004118 4.319284 1.470820
      vertex -6.311356 3.577545 1.641268
    endloop
  endfacet
  facet normal -0.016738 0.230506 0.972927
    outer loop
      vertex -6.311356 3.577545 1.641268
      vertex -6.004118 4.319284 1.470820
      vertex -6.644827 4.584674 1.396921
    endloop
  endfacet
  facet normal -0.016738 0.230506 0.972927
    outer loop
      vertex -6.311356 3.577545 1.641268
      vertex -6.644827 4.584674 1.396921
      vertex -7.064555 3.889530 1.554394
    endloop
  endfacet
  facet normal -0.215229 0.337544 0.916374
    outer loop
      vertex -7.064555 3.889530 1.554394
      vertex -6.644827 4.584674 1.396921
      vertex -7.187993 4.809661 1.186474
    endloop
  endfacet
  facet normal -0.215229 0.337544 0.916374
    outer loop
      vertex -7.064555 3.889530 1.554394
      vertex -7.187993 4.809661 1.186474
      vertex -7.703085 4.154018 1.306998
    endloop
  endfacet
  facet normal -0.447281 0.489054 0.748843
    outer loop
      vertex -7.703085 4.154018 1.306998
      vertex -7.187993 4.809661 1.186474
      vertex -7.550926 4.959993 0.871517
    endloop
  endfacet
  facet normal -0.447281 0.489054 0.748843
    outer loop
      vertex -7.703085 4.154018 1.306998
      vertex -7.550926 4.959993 0.871517
      vertex -8.129738 4.330743 0.936744
    endloop
  endfacet
  facet normal -0.678612 0.658041 0.326293
    outer loop
      vertex -8.129738 4.330743 0.936744
      vertex -7.550926 4.959993 0.871517
      vertex -7.678371 5.012782 0.500000
    endloop
  endfacet
  facet normal -0.678612 0.658041 0.326293
    outer loop
      vertex -8.129738 4.330743 0.936744
      vertex -7.678371 5.012782 0.500000
      vertex -8.279558 4.392801 0.500000
    endloop
  endfacet
  facet normal 0.925288 0.254432 0.281258
    outer loop
      vertex -4.329865 3.625786 0.500000
      vertex -4.543876 4.404075 0.500000
      vertex -4.636470 4.442429 0.769923
    endloop
  endfacet
  facet normal 0.925288 0.254432 0.281258
    outer loop
      vertex -4.329865 3.625786 0.500000
      vertex -4.636470 4.442429 0.769923
      vertex -4.457310 3.678575 0.871517
    endloop
  endfacet
  facet normal 0.691717 0.252241 0.676685
    outer loop
      vertex -4.457310 3.678575 0.871517
      vertex -4.636470 4.442429 0.769923
      vertex -4.900156 4.551651 0.998752
    endloop
  endfacet
  facet normal 0.691717 0.252241 0.676685
    outer loop
      vertex -4.457310 3.678575 0.871517
      vertex -4.900156 4.551651 0.998752
      vertex -4.820242 3.828907 1.186474
    endloop
  endfacet
  facet normal 0.443283 0.270944 0.854453
    outer loop
      vertex -4.820242 3.828907 1.186474
      vertex -4.900156 4.551651 0.998752
      vertex -5.294790 4.715114 1.151651
    endloop
  endfacet
  facet normal 0.443283 0.270944 0.854453
    outer loop
      vertex -4.820242 3.828907 1.186474
      vertex -5.294790 4.715114 1.151651
      vertex -5.363409 4.053894 1.396921
    endloop
  endfacet
  facet normal 0.236918 0.316170 0.918644
    outer loop
      vertex -5.363409 4.053894 1.396921
      vertex -5.294790 4.715114 1.151651
      vertex -5.760292 4.907931 1.205342
    endloop
  endfacet
  facet normal 0.236918 0.316170 0.918644
    outer loop
      vertex -5.363409 4.053894 1.396921
      vertex -5.760292 4.907931 1.205342
      vertex -6.004118 4.319284 1.470820
    endloop
  endfacet
  facet normal 0.056040 0.391093 0.918644
    outer loop
      vertex -6.004118 4.319284 1.470820
      vertex -5.760292 4.907931 1.205342
      vertex -6.225794 5.100749 1.151651
    endloop
  endfacet
  facet normal 0.056040 0.391093 0.918644
    outer loop
      vertex -6.004118 4.319284 1.470820
      vertex -6.225794 5.100749 1.151651
      vertex -6.644827 4.584674 1.396921
    endloop
  endfacet
  facet normal -0.121862 0.505035 0.854453
    outer loop
      vertex -6.644827 4.584674 1.396921
      vertex -6.225794 5.100749 1.151651
      vertex -6.620428 5.264211 0.998752
    endloop
  endfacet
  facet normal -0.121862 0.505035 0.854453
    outer loop
      vertex -6.644827 4.584674 1.396921
      vertex -6.620428 5.264211 0.998752
      vertex -7.187993 4.809661 1.186474
    endloop
  endfacet
  facet normal -0.310756 0.667479 0.676685
    outer loop
      vertex -7.187993 4.809661 1.186474
      vertex -6.620428 5.264211 0.998752
      vertex -6.884114 5.373434 0.769923
    endloop
  endfacet
  facet normal -0.310756 0.667479 0.676685
    outer loop
      vertex -7.187993 4.809661 1.186474
      vertex -6.884114 5.373434 0.769923
      vertex -7.550926 4.959993 0.871517
    endloop
  endfacet
  facet normal -0.474367 0.834188 0.281258
    outer loop
      vertex -7.550926 4.959993 0.871517
      vertex -6.884114 5.373434 0.769923
      vertex -6.976708 5.411787 0.500000
    endloop
  endfacet
  facet normal -0.474367 0.834188 0.281258
    outer loop
      vertex -7.550926 4.959993 0.871517
      vertex -6.976708 5.411787 0.500000
      vertex -7.678371 5.012782 0.500000
    endloop
  endfacet
  facet normal 0.809791 0.551802 0.199384
    outer loop
      vertex -4.543876 4.404075 0.500000
      vertex -4.964239 5.020974 0.500000
      vertex -5.012918 5.041137 0.641907
    endloop
  endfacet
  facet normal 0.809791 0.551802 0.199384
    outer loop
      vertex -4.543876 4.404075 0.500000
      vertex -5.012918 5.041137 0.641907
      vertex -4.636470 4.442429 0.769923
    endloop
  endfacet
  facet normal 0.669862 0.531945 0.517996
    outer loop
      vertex -4.636470 4.442429 0.769923
      vertex -5.012918 5.041137 0.641907
      vertex -5.151546 5.098559 0.762210
    endloop
  endfacet
  facet normal 0.669862 0.531945 0.517996
    outer loop
      vertex -4.636470 4.442429 0.769923
      vertex -5.151546 5.098559 0.762210
      vertex -4.900156 4.551651 0.998752
    endloop
  endfacet
  facet normal 0.487771 0.525654 0.696970
    outer loop
      vertex -4.900156 4.551651 0.998752
      vertex -5.151546 5.098559 0.762210
      vertex -5.359017 5.184496 0.842593
    endloop
  endfacet
  facet normal 0.487771 0.525654 0.696970
    outer loop
      vertex -4.900156 4.551651 0.998752
      vertex -5.359017 5.184496 0.842593
      vertex -5.294790 4.715114 1.151651
    endloop
  endfacet
  facet normal 0.317387 0.551412 0.771499
    outer loop
      vertex -5.294790 4.715114 1.151651
      vertex -5.359017 5.184496 0.842593
      vertex -5.603746 5.285866 0.870820
    endloop
  endfacet
  facet normal 0.317387 0.551412 0.771499
    outer loop
      vertex -5.294790 4.715114 1.151651
      vertex -5.603746 5.285866 0.870820
      vertex -5.760292 4.907931 1.205342
    endloop
  endfacet
  facet normal 0.165481 0.614333 0.771499
    outer loop
      vertex -5.760292 4.907931 1.205342
      vertex -5.603746 5.285866 0.870820
      vertex -5.848475 5.387236 0.842593
    endloop
  endfacet
  facet normal 0.165481 0.614333 0.771499
    outer loop
      vertex -5.760292 4.907931 1.205342
      vertex -5.848475 5.387236 0.842593
      vertex -6.225794 5.100749 1.151651
    endloop
  endfacet
  facet normal 0.026787 0.716599 0.696970
    outer loop
      vertex -6.225794 5.100749 1.151651
      vertex -5.848475 5.387236 0.842593
      vertex -6.055947 5.473174 0.762210
    endloop
  endfacet
  facet normal 0.026787 0.716599 0.696970
    outer loop
      vertex -6.225794 5.100749 1.151651
      vertex -6.055947 5.473174 0.762210
      vertex -6.620428 5.264211 0.998752
    endloop
  endfacet
  facet normal -0.097522 0.849806 0.517996
    outer loop
      vertex -6.620428 5.264211 0.998752
      vertex -6.055947 5.473174 0.762210
      vertex -6.194574 5.530595 0.641907
    endloop
  endfacet
  facet normal -0.097522 0.849806 0.517996
    outer loop
      vertex -6.620428 5.264211 0.998752
      vertex -6.194574 5.530595 0.641907
      vertex -6.884114 5.373434 0.769923
    endloop
  endfacet
  facet normal -0.182426 0.962791 0.199384
    outer loop
      vertex -6.884114 5.373434 0.769923
      vertex -6.194574 5.530595 0.641907
      vertex -6.243254 5.550759 0.500000
    endloop
  endfacet
  facet normal -0.182426 0.962791 0.199384
    outer loop
      vertex -6.884114 5.373434 0.769923
      vertex -6.243254 5.550759 0.500000
      vertex -6.976708 5.411787 0.500000
    endloop
  endfacet
  facet normal 0.000000 0.000000 1.000000
    outer loop
      vertex -4.964239 5.020974 0.500000
      vertex -5.549804 5.416094 0.500000
      vertex -5.549804 5.416094 0.500000
    endloop
  endfacet
  facet normal 0.557811 0.826672 0.073888
    outer loop
      vertex -4.964239 5.020974 0.500000
      vertex -5.549804 5.416094 0.500000
      vertex -5.012918 5.041137 0.641907
    endloop
  endfacet
  facet normal 0.000000 0.000000 1.000000
    outer loop
      vertex -5.012918 5.041137 0.641907
      vertex -5.549804 5.416094 0.500000
      vertex -5.549804 5.416094 0.500000
    endloop
  endfacet
  facet normal 0.522639 0.826902 0.207563
    outer loop
      vertex -5.012918 5.041137 0.641907
      vertex -5.549804 5.416094 0.500000
      vertex -5.151546 5.098559 0.762210
    endloop
  endfacet
  facet normal 0.000000 0.000000 1.000000
    outer loop
      vertex -5.151546 5.098559 0.762210
      vertex -5.549804 5.416094 0.500000
      vertex -5.549804 5.416094 0.500000
    endloop
  endfacet
  facet normal 0.462890 0.832332 0.304888
    outer loop
      vertex -5.151546 5.098559 0.762210
      vertex -5.549804 5.416094 0.500000
      vertex -5.359017 5.184496 0.842593
    endloop
  endfacet
  facet normal 0.000000 0.000000 1.000000
    outer loop
      vertex -5.359017 5.184496 0.842593
      vertex -5.549804 5.416094 0.500000
      vertex -5.549804 5.416094 0.500000
    endloop
  endfacet
  facet normal 0.392411 0.848495 0.355064
    outer loop
      vertex -5.359017 5.184496 0.842593
      vertex -5.549804 5.416094 0.500000
      vertex -5.603746 5.285866 0.870820
    endloop
  endfacet
  facet normal 0.000000 0.000000 1.000000
    outer loop
      vertex -5.603746 5.285866 0.870820
      vertex -5.549804 5.416094 0.500000
      vertex -5.549804 5.416094 0.500000
    endloop
  endfacet
  facet normal 0.322500 0.877453 0.355064
    outer loop
      vertex -5.603746 5.285866 0.870820
      vertex -5.549804 5.416094 0.500000
      vertex -5.848475 5.387236 0.842593
    endloop
  endfacet
  facet normal 0.000000 0.000000 1.000000
    outer loop
      vertex -5.848475 5.387236 0.842593
      vertex -5.549804 5.416094 0.500000
      vertex -5.549804 5.416094 0.500000
    endloop
  endfacet
  facet normal 0.261234 0.915860 0.304888
    outer loop
      vertex -5.848475 5.387236 0.842593
      vertex -5.549804 5.416094 0.500000
      vertex -6.055947 5.473174 0.762210
    endloop
  endfacet
  facet normal 0.000000 0.000000 1.000000
    outer loop
      vertex -6.055947 5.473174 0.762210
      vertex -5.549804 5.416094 0.500000
      vertex -5.549804 5.416094 0.500000
    endloop
  endfacet
  facet normal 0.215146 0.954269 0.207563
    outer loop
      vertex -6.055947 5.473174 0.762210
      vertex -5.549804 5.416094 0.500000
      vertex -6.194574 5.530595 0.641907
    endloop
  endfacet
  facet normal 0.000000 0.000000 1.000000
    outer loop
      vertex -6.194574 5.530595 0.641907
      vertex -5.549804 5.416094 0.500000
      vertex -5.549804 5.416094 0.500000
    endloop
  endfacet
  facet normal 0.190114 0.978978 0.073888
    outer loop
      vertex -6.194574 5.530595 0.641907
      vertex -5.549804 5.416094 0.500000
      vertex -6.243254 5.550759 0.500000
    endloop
  endfacet
  facet normal 0.557811 -0.826672 0.073888
    outer loop
      vertex -5.549804 -5.416094 0.500000
      vertex -4.964239 -5.020974 0.500000
      vertex -5.012918 -5.041137 0.641907
    endloop
  endfacet
  facet normal 0.000000 0.000000 1.000000
    outer loop
      vertex -5.549804 -5.416094 0.500000
      vertex -5.012918 -5.041137 0.641907
      vertex -5.549804 -5.416094 0.500000
    endloop
  endfacet
  facet normal 0.522639 -0.826902 0.207563
    outer loop
      vertex -5.549804 -5.416094 0.500000
      vertex -5.012918 -5.041137 0.641907
      vertex -5.151546 -5.098559 0.762210
    endloop
  endfacet
  facet normal 0.000000 0.000000 1.000000
    outer loop
      vertex -5.549804 -5.416094 0.500000
      vertex -5.151546 -5.098559 0.762210
      vertex -5.549804 -5.416094 0.500000
    endloop
  endfacet
  facet normal 0.462890 -0.832332 0.304888
    outer loop
      vertex -5.549804 -5.416094 0.500000
      vertex -5.151546 -5.098559 0.762210
      vertex -5.359017 -5.184496 0.842593
    endloop
  endfacet
  facet normal 0.000000 0.000000 1.000000
    outer loop
      vertex -5.549804 -5.416094 0.500000
      vertex -5.359017 -5.184496 0.842593
      vertex -5.549804 -5.416094 0.500000
    endloop
  endfacet
  facet normal 0.392411 -0.848495 0.355064
    outer loop
      vertex -5.549804 -5.416094 0.500000
      vertex -5.359017 -5.184496 0.842593
      vertex -5.603746 -5.285866 0.870820
    endloop
  endfacet
  facet normal 0.000000 0.000000 1.000000
    outer loop
      vertex -5.549804 -5.416094 0.500000
      vertex -5.603746 -5.285866 0.870820
      vertex -5.549804 -5.416094 0.500000
    endloop
  endfacet
  facet normal 0.322500 -0.877453 0.355064
    outer loop
      vertex -5.549804 -5.416094 0.500000
      vertex -5.603746 -5.285866 0.870820
      vertex -5.848475 -5.387236 0.842593
    endloop
  endfacet
  facet normal 0.000000 0.000000 1.000000
    outer loop
      vertex -5.549804 -5.416094 0.500000
      vertex -5.848475 -5.387236 0.842593
      vertex -5.549804 -5.416094 0.500000
    endloop
  endfacet
  facet normal 0.261234 -0.915860 0.304888
    outer loop
      vertex -5.549804 -5.416094 0.500000
      vertex -5.848475 -5.387236 0.842593
      vertex -6.055947 -5.473174 0.762210
    endloop
  endfacet
  facet normal 0.000000 0.000000 1.000000
    outer loop
      vertex -5.549804 -5.416094 0.500000
      vertex -6.055947 -5.473174 0.762210
      vertex -5.549804 -5.416094 0.500000
    endloop
  endfacet
  facet normal 0.215146 -0.954269 0.207563
    outer loop
      vertex -5.549804 -5.416094 0.500000
      vertex -6.055947 -5.473174 0.762210
      vertex -6.194574 -5.530595 0.641907
    endloop
  endfacet
  facet normal 0.000000 0.000000 1.000000
    outer loop
      vertex -5.549804 -5.416094 0.500000
      vertex -6.194574 -5.530595 0.641907
      vertex -5.549804 -5.416094 0.500000
    endloop
  endfacet
  facet normal 0.190114 -0.978978 0.073888
    outer loop
      vertex -5.549804 -5.416094 0.500000
      vertex -6.194574 -5.530595 0.641907
      vertex -6.243254 -5.550759 0.500000
    endloop
  endfacet
  facet normal 0.000000 0.000000 1.000000
    outer loop
      vertex -5.549804 -5.416094 0.500000
      vertex -6.243254 -5.550759 0.500000
      vertex -5.549804 -5.416094 0.500000
    endloop
  endfacet
  facet normal 0.809791 -0.551802 0.199384
    outer loop
      vertex -4.964239 -5.020974 0.500000
      vertex -4.543876 -4.404075 0.500000
      vertex -4.636470 -4.442429 0.769923
    endloop
  endfacet
  facet normal 0.809791 -0.551802 0.199384
    outer loop
      vertex -4.964239 -5.020974 0.500000
      vertex -4.636470 -4.442429 0.769923
      vertex -5.012918 -5.041137 0.641907
    endloop
  endfacet
  facet normal 0.669862 -0.531945 0.517996
    outer loop
      vertex -5.012918 -5.041137 0.641907
      vertex -4.636470 -4.442429 0.769923
      vertex -4.900156 -4.551651 0.998752
    endloop
  endfacet
  facet normal 0.669862 -0.531945 0.517996
    outer loop
      vertex -5.012918 -5.041137 0.641907
      vertex -4.900156 -4.551651 0.998752
      vertex -5.151546 -5.098559 0.762210
    endloop
  endfacet
  facet normal 0.487771 -0.525654 0.696970
    outer loop
      vertex -5.151546 -5.098559 0.762210
      vertex -4.900156 -4.551651 0.998752
      vertex -5.294790 -4.715114 1.151651
    endloop
  endfacet
  facet normal 0.487771 -0.525654 0.696970
    outer loop
      vertex -5.151546 -5.098559 0.762210
      vertex -5.294790 -4.715114 1.151651
      vertex -5.359017 -5.184496 0.842593
    endloop
  endfacet
  facet normal 0.317387 -0.551412 0.771499
    outer loop
      vertex -5.359017 -5.184496 0.842593
      vertex -5.294790 -4.715114 1.151651
      vertex -5.760292 -4.907931 1.205342
    endloop
  endfacet
  facet normal 0.317387 -0.551412 0.771499
    outer loop
      vertex -5.359017 -5.184496 0.842593
      vertex -5.760292 -4.907931 1.205342
      vertex -5.603746 -5.285866 0.870820
    endloop
  endfacet
  facet normal 0.165481 -0.614333 0.771499
    outer loop
      vertex -5.603746 -5.285866 0.870820
      vertex -5.760292 -4.907931 1.205342
      vertex -6.225794 -5.100749 1.151651
    endloop
  endfacet
  facet normal 0.165481 -0.614333 0.771499
    outer loop
      vertex -5.603746 -5.285866 0.870820
      vertex -6.225794 -5.100749 1.151651
      vertex -5.848475 -5.387236 0.842593
    endloop
  endfacet
  facet normal 0.026787 -0.716599 0.696970
    outer loop
      vertex -5.848475 -5.387236 0.842593
      vertex -6.225794 -5.100749 1.151651
      vertex -6.620428 -5.264211 0.998752
    endloop
  endfacet
  facet normal 0.026787 -0.716599 0.696970
    outer loop
      vertex -5.848475 -5.387236 0.842593
      vertex -6.620428 -5.264211 0.998752
      vertex -6.055947 -5.473174 0.762210
    endloop
  endfacet
  facet normal -0.097522 -0.849806 0.517996
    outer loop
      vertex -6.055947 -5.473174 0.762210
      vertex -6.620428 -5.264211 0.998752
      vertex -6.884114 -5.373434 0.769923
    endloop
  endfacet
  facet normal -0.097522 -0.849806 0.517996
    outer loop
      vertex -6.055947 -5.473174 0.762210
      vertex -6.884114 -5.373434 0.769923
      vertex -6.194574 -5.530595 0.641907
    endloop
  endfacet
  facet normal -0.182426 -0.962791 0.199384
    outer loop
      vertex -6.194574 -5.530595 0.641907
      vertex -6.884114 -5.373434 0.769923
      vertex -6.976708 -5.411787 0.500000
    endloop
  endfacet
  facet normal -0.182426 -0.962791 0.199384
    outer loop
      vertex -6.194574 -5.530595 0.641907
      vertex -6.976708 -5.411787 0.500000
      vertex -6.243254 -5.550759 0.500000
    endloop
  endfacet
  facet normal 0.925288 -0.254432 0.281258
    outer loop
      vertex -4.543876 -4.404075 0.500000
      vertex -4.329865 -3.625786 0.500000
      vertex -4.457310 -3.678575 0.871517
    endloop
  endfacet
  facet normal 0.925288 -0.254432 0.281258
    outer loop
      vertex -4.543876 -4.404075 0.500000
      vertex -4.457310 -3.678575 0.871517
      vertex -4.636470 -4.442429 0.769923
    endloop
  endfacet
  facet normal 0.691717 -0.252241 0.676685
    outer loop
      vertex -4.636470 -4.442429 0.769923
      vertex -4.457310 -3.678575 0.871517
      vertex -4.820242 -3.828907 1.186474
    endloop
  endfacet
  facet normal 0.691717 -0.252241 0.676685
    outer loop
      vertex -4.636470 -4.442429 0.769923
      vertex -4.820242 -3.828907 1.186474
      vertex -4.900156 -4.551651 0.998752
    endloop
  endfacet
  facet normal 0.443283 -0.270944 0.854453
    outer loop
      vertex -4.900156 -4.551651 0.998752
      vertex -4.820242 -3.828907 1.186474
      vertex -5.363409 -4.053894 1.396921
    endloop
  endfacet
  facet normal 0.443283 -0.270944 0.854453
    outer loop
      vertex -4.900156 -4.551651 0.998752
      vertex -5.363409 -4.053894 1.396921
      vertex -5.294790 -4.715114 1.151651
    endloop
  endfacet
  facet normal 0.236918 -0.316170 0.918644
    outer loop
      vertex -5.294790 -4.715114 1.151651
      vertex -5.363409 -4.053894 1.396921
      vertex -6.004118 -4.319284 1.470820
    endloop
  endfacet
  facet normal 0.236918 -0.316170 0.918644
    outer loop
      vertex -5.294790 -4.715114 1.151651
      vertex -6.004118 -4.319284 1.470820
      vertex -5.760292 -4.907931 1.205342
    endloop
  endfacet
  facet normal 0.056040 -0.391093 0.918644
    outer loop
      vertex -5.760292 -4.907931 1.205342
      vertex -6.004118 -4.319284 1.470820
      vertex -6.644827 -4.584674 1.396921
    endloop
  endfacet
  facet normal 0.056040 -0.391093 0.918644
    outer loop
      vertex -5.760292 -4.907931 1.205342
      vertex -6.644827 -4.584674 1.396921
      vertex -6.225794 -5.100749 1.151651
    endloop
  endfacet
  facet normal -0.121862 -0.505035 0.854453
    outer loop
      vertex -6.225794 -5.100749 1.151651
      vertex -6.644827 -4.584674 1.396921
      vertex -7.187993 -4.809661 1.186474
    endloop
  endfacet
  facet normal -0.121862 -0.505035 0.854453
    outer loop
      vertex -6.225794 -5.100749 1.151651
      vertex -7.187993 -4.809661 1.186474
      vertex -6.620428 -5.264211 0.998752
    endloop
  endfacet
  facet normal -0.310756 -0.667479 0.676685
    outer loop
      vertex -6.620428 -5.264211 0.998752
      vertex -7.187993 -4.809661 1.186474
      vertex -7.550926 -4.959993 0.871517
    endloop
  endfacet
  facet normal -0.310756 -0.667479 0.676685
    outer loop
      vertex -6.620428 -5.264211 0.998752
      vertex -7.550926 -4.959993 0.871517
      vertex -6.884114 -5.373434 0.769923
    endloop
  endfacet
  facet normal -0.474367 -0.834188 0.281258
    outer loop
      vertex -6.884114 -5.373434 0.769923
      vertex -7.550926 -4.959993 0.871517
      vertex -7.678371 -5.012782 0.500000
    endloop
  endfacet
  facet normal -0.474367 -0.834188 0.281258
    outer loop
      vertex -6.884114 -5.373434 0.769923
      vertex -7.678371 -5.012782 0.500000
      vertex -6.976708 -5.411787 0.500000
    endloop
  endfacet
  facet normal 0.945157 0.014546 0.326293
    outer loop
      vertex -4.329865 -3.625786 0.500000
      vertex -4.343154 -2.762289 0.500000
      vertex -4.492975 -2.824346 0.936744
    endloop
  endfacet
  facet normal 0.945157 0.014546 0.326293
    outer loop
      vertex -4.329865 -3.625786 0.500000
      vertex -4.492975 -2.824346 0.936744
      vertex -4.457310 -3.678575 0.871517
    endloop
  endfacet
  facet normal 0.662089 -0.029538 0.748843
    outer loop
      vertex -4.457310 -3.678575 0.871517
      vertex -4.492975 -2.824346 0.936744
      vertex -4.919627 -3.001072 1.306998
    endloop
  endfacet
  facet normal 0.662089 -0.029538 0.748843
    outer loop
      vertex -4.457310 -3.678575 0.871517
      vertex -4.919627 -3.001072 1.306998
      vertex -4.820242 -3.828907 1.186474
    endloop
  endfacet
  facet normal 0.390870 -0.086489 0.916374
    outer loop
      vertex -4.820242 -3.828907 1.186474
      vertex -4.919627 -3.001072 1.306998
      vertex -5.558158 -3.265560 1.554394
    endloop
  endfacet
  facet normal 0.390870 -0.086489 0.916374
    outer loop
      vertex -4.820242 -3.828907 1.186474
      vertex -5.558158 -3.265560 1.554394
      vertex -5.363409 -4.053894 1.396921
    endloop
  endfacet
  facet normal 0.174828 -0.151157 0.972927
    outer loop
      vertex -5.363409 -4.053894 1.396921
      vertex -5.558158 -3.265560 1.554394
      vertex -6.311356 -3.577545 1.641268
    endloop
  endfacet
  facet normal 0.174828 -0.151157 0.972927
    outer loop
      vertex -5.363409 -4.053894 1.396921
      vertex -6.311356 -3.577545 1.641268
      vertex -6.004118 -4.319284 1.470820
    endloop
  endfacet
  facet normal -0.016738 -0.230506 0.972927
    outer loop
      vertex -6.004118 -4.319284 1.470820
      vertex -6.311356 -3.577545 1.641268
      vertex -7.064555 -3.889530 1.554394
    endloop
  endfacet
  facet normal -0.016738 -0.230506 0.972927
    outer loop
      vertex -6.004118 -4.319284 1.470820
      vertex -7.064555 -3.889530 1.554394
      vertex -6.644827 -4.584674 1.396921
    endloop
  endfacet
  facet normal -0.215229 -0.337544 0.916374
    outer loop
      vertex -6.644827 -4.584674 1.396921
      vertex -7.064555 -3.889530 1.554394
      vertex -7.703085 -4.154018 1.306998
    endloop
  endfacet
  facet normal -0.215229 -0.337544 0.916374
    outer loop
      vertex -6.644827 -4.584674 1.396921
      vertex -7.703085 -4.154018 1.306998
      vertex -7.187993 -4.809661 1.186474
    endloop
  endfacet
  facet normal -0.447281 -0.489054 0.748843
    outer loop
      vertex -7.187993 -4.809661 1.186474
      vertex -7.703085 -4.154018 1.306998
      vertex -8.129738 -4.330743 0.936744
    endloop
  endfacet
  facet normal -0.447281 -0.489054 0.748843
    outer loop
      vertex -7.187993 -4.809661 1.186474
      vertex -8.129738 -4.330743 0.936744
      vertex -7.550926 -4.959993 0.871517
    endloop
  endfacet
  facet normal -0.678612 -0.658041 0.326293
    outer loop
      vertex -7.550926 -4.959993 0.871517
      vertex -8.129738 -4.330743 0.936744
      vertex -8.279558 -4.392801 0.500000
    endloop
  endfacet
  facet normal -0.678612 -0.658041 0.326293
    outer loop
      vertex -7.550926 -4.959993 0.871517
      vertex -8.279558 -4.392801 0.500000
      vertex -7.678371 -5.012782 0.500000
    endloop
  endfacet
  facet normal 0.904287 0.250394 0.345785
    outer loop
      vertex -4.343154 -2.762289 0.500000
      vertex -4.582442 -1.898110 0.500000
      vertex -4.739973 -1.963361 0.959220
    endloop
  endfacet
  facet normal 0.904287 0.250394 0.345785
    outer loop
      vertex -4.343154 -2.762289 0.500000
      vertex -4.739973 -1.963361 0.959220
      vertex -4.492975 -2.824346 0.936744
    endloop
  endfacet
  facet normal 0.610182 0.154765 0.776998
    outer loop
      vertex -4.492975 -2.824346 0.936744
      vertex -4.739973 -1.963361 0.959220
      vertex -5.188582 -2.149181 1.348528
    endloop
  endfacet
  facet normal 0.610182 0.154765 0.776998
    outer loop
      vertex -4.492975 -2.824346 0.936744
      vertex -5.188582 -2.149181 1.348528
      vertex -4.919627 -3.001072 1.306998
    endloop
  endfacet
  facet normal 0.338498 0.061093 0.938982
    outer loop
      vertex -4.919627 -3.001072 1.306998
      vertex -5.188582 -2.149181 1.348528
      vertex -5.859973 -2.427280 1.608655
    endloop
  endfacet
  facet normal 0.338498 0.061093 0.938982
    outer loop
      vertex -4.919627 -3.001072 1.306998
      vertex -5.859973 -2.427280 1.608655
      vertex -5.558158 -3.265560 1.554394
    endloop
  endfacet
  facet normal 0.122743 -0.020034 0.992236
    outer loop
      vertex -5.558158 -3.265560 1.554394
      vertex -5.859973 -2.427280 1.608655
      vertex -6.651933 -2.755321 1.700000
    endloop
  endfacet
  facet normal 0.122743 -0.020034 0.992236
    outer loop
      vertex -5.558158 -3.265560 1.554394
      vertex -6.651933 -2.755321 1.700000
      vertex -6.311356 -3.577545 1.641268
    endloop
  endfacet
  facet normal -0.072626 -0.100959 0.992236
    outer loop
      vertex -6.311356 -3.577545 1.641268
      vertex -6.651933 -2.755321 1.700000
      vertex -7.443892 -3.083361 1.608655
    endloop
  endfacet
  facet normal -0.072626 -0.100959 0.992236
    outer loop
      vertex -6.311356 -3.577545 1.641268
      vertex -7.443892 -3.083361 1.608655
      vertex -7.064555 -3.889530 1.554394
    endloop
  endfacet
  facet normal -0.282554 -0.196155 0.938982
    outer loop
      vertex -7.064555 -3.889530 1.554394
      vertex -7.443892 -3.083361 1.608655
      vertex -8.115283 -3.361460 1.348528
    endloop
  endfacet
  facet normal -0.282554 -0.196155 0.938982
    outer loop
      vertex -7.064555 -3.889530 1.554394
      vertex -8.115283 -3.361460 1.348528
      vertex -7.703085 -4.154018 1.306998
    endloop
  endfacet
  facet normal -0.540899 -0.322028 0.776998
    outer loop
      vertex -7.703085 -4.154018 1.306998
      vertex -8.115283 -3.361460 1.348528
      vertex -8.563892 -3.547280 0.959220
    endloop
  endfacet
  facet normal -0.540899 -0.322028 0.776998
    outer loop
      vertex -7.703085 -4.154018 1.306998
      vertex -8.563892 -3.547280 0.959220
      vertex -8.129738 -4.330743 0.936744
    endloop
  endfacet
  facet normal -0.816483 -0.462372 0.345785
    outer loop
      vertex -8.129738 -4.330743 0.936744
      vertex -8.563892 -3.547280 0.959220
      vertex -8.721423 -3.612532 0.500000
    endloop
  endfacet
  facet normal -0.816483 -0.462372 0.345785
    outer loop
      vertex -8.129738 -4.330743 0.936744
      vertex -8.721423 -3.612532 0.500000
      vertex -8.279558 -4.392801 0.500000
    endloop
  endfacet
  facet normal 0.816483 0.462372 0.345785
    outer loop
      vertex -4.582442 -1.898110 0.500000
      vertex -5.024307 -1.117841 0.500000
      vertex -5.174127 -1.179898 0.936744
    endloop
  endfacet
  facet normal 0.816483 0.462372 0.345785
    outer loop
      vertex -4.582442 -1.898110 0.500000
      vertex -5.174127 -1.179898 0.936744
      vertex -4.739973 -1.963361 0.959220
    endloop
  endfacet
  facet normal 0.540899 0.322028 0.776998
    outer loop
      vertex -4.739973 -1.963361 0.959220
      vertex -5.174127 -1.179898 0.936744
      vertex -5.600780 -1.356624 1.306998
    endloop
  endfacet
  facet normal 0.540899 0.322028 0.776998
    outer loop
      vertex -4.739973 -1.963361 0.959220
      vertex -5.600780 -1.356624 1.306998
      vertex -5.188582 -2.149181 1.348528
    endloop
  endfacet
  facet normal 0.282554 0.196155 0.938982
    outer loop
      vertex -5.188582 -2.149181 1.348528
      vertex -5.600780 -1.356624 1.306998
      vertex -6.239311 -1.621112 1.554394
    endloop
  endfacet
  facet normal 0.282554 0.196155 0.938982
    outer loop
      vertex -5.188582 -2.149181 1.348528
      vertex -6.239311 -1.621112 1.554394
      vertex -5.859973 -2.427280 1.608655
    endloop
  endfacet
  facet normal 0.072626 0.100959 0.992236
    outer loop
      vertex -5.859973 -2.427280 1.608655
      vertex -6.239311 -1.621112 1.554394
      vertex -6.992509 -1.933097 1.641268
    endloop
  endfacet
  facet normal 0.072626 0.100959 0.992236
    outer loop
      vertex -5.859973 -2.427280 1.608655
      vertex -6.992509 -1.933097 1.641268
      vertex -6.651933 -2.755321 1.700000
    endloop
  endfacet
  facet normal -0.122743 0.020034 0.992236
    outer loop
      vertex -6.651933 -2.755321 1.700000
      vertex -6.992509 -1.933097 1.641268
      vertex -7.745707 -2.245082 1.554394
    endloop
  endfacet
  facet normal -0.122743 0.020034 0.992236
    outer loop
      vertex -6.651933 -2.755321 1.700000
      vertex -7.745707 -2.245082 1.554394
      vertex -7.443892 -3.083361 1.608655
    endloop
  endfacet
  facet normal -0.338498 -0.061093 0.938982
    outer loop
      vertex -7.443892 -3.083361 1.608655
      vertex -7.745707 -2.245082 1.554394
      vertex -8.384238 -2.509570 1.306998
    endloop
  endfacet
  facet normal -0.338498 -0.061093 0.938982
    outer loop
      vertex -7.443892 -3.083361 1.608655
      vertex -8.384238 -2.509570 1.306998
      vertex -8.115283 -3.361460 1.348528
    endloop
  endfacet
  facet normal -0.610182 -0.154765 0.776998
    outer loop
      vertex -8.115283 -3.361460 1.348528
      vertex -8.384238 -2.509570 1.306998
      vertex -8.810891 -2.686295 0.936744
    endloop
  endfacet
  facet normal -0.610182 -0.154765 0.776998
    outer loop
      vertex -8.115283 -3.361460 1.348528
      vertex -8.810891 -2.686295 0.936744
      vertex -8.563892 -3.547280 0.959220
    endloop
  endfacet
  facet normal -0.904287 -0.250394 0.345785
    outer loop
      vertex -8.563892 -3.547280 0.959220
      vertex -8.810891 -2.686295 0.936744
      vertex -8.960711 -2.748353 0.500000
    endloop
  endfacet
  facet normal -0.904287 -0.250394 0.345785
    outer loop
      vertex -8.563892 -3.547280 0.959220
      vertex -8.960711 -2.748353 0.500000
      vertex -8.721423 -3.612532 0.500000
    endloop
  endfacet
  facet normal 0.678612 0.658041 0.326293
    outer loop
      vertex -5.024307 -1.117841 0.500000
      vertex -5.625495 -0.497859 0.500000
      vertex -5.752940 -0.550649 0.871517
    endloop
  endfacet
  facet normal 0.678612 0.658041 0.326293
    outer loop
      vertex -5.024307 -1.117841 0.500000
      vertex -5.752940 -0.550649 0.871517
      vertex -5.174127 -1.179898 0.936744
    endloop
  endfacet
  facet normal 0.447281 0.489054 0.748843
    outer loop
      vertex -5.174127 -1.179898 0.936744
      vertex -5.752940 -0.550649 0.871517
      vertex -6.115872 -0.700980 1.186474
    endloop
  endfacet
  facet normal 0.447281 0.489054 0.748843
    outer loop
      vertex -5.174127 -1.179898 0.936744
      vertex -6.115872 -0.700980 1.186474
      vertex -5.600780 -1.356624 1.306998
    endloop
  endfacet
  facet normal 0.215229 0.337544 0.916374
    outer loop
      vertex -5.600780 -1.356624 1.306998
      vertex -6.115872 -0.700980 1.186474
      vertex -6.659039 -0.925967 1.396921
    endloop
  endfacet
  facet normal 0.215229 0.337544 0.916374
    outer loop
      vertex -5.600780 -1.356624 1.306998
      vertex -6.659039 -0.925967 1.396921
      vertex -6.239311 -1.621112 1.554394
    endloop
  endfacet
  facet normal 0.016738 0.230506 0.972927
    outer loop
      vertex -6.239311 -1.621112 1.554394
      vertex -6.659039 -0.925967 1.396921
      vertex -7.299747 -1.191358 1.470820
    endloop
  endfacet
  facet normal 0.016738 0.230506 0.972927
    outer loop
      vertex -6.239311 -1.621112 1.554394
      vertex -7.299747 -1.191358 1.470820
      vertex -6.992509 -1.933097 1.641268
    endloop
  endfacet
  facet normal -0.174828 0.151157 0.972927
    outer loop
      vertex -6.992509 -1.933097 1.641268
      vertex -7.299747 -1.191358 1.470820
      vertex -7.940456 -1.456748 1.396921
    endloop
  endfacet
  facet normal -0.174828 0.151157 0.972927
    outer loop
      vertex -6.992509 -1.933097 1.641268
      vertex -7.940456 -1.456748 1.396921
      vertex -7.745707 -2.245082 1.554394
    endloop
  endfacet
  facet normal -0.390870 0.086489 0.916374
    outer loop
      vertex -7.745707 -2.245082 1.554394
      vertex -7.940456 -1.456748 1.396921
      vertex -8.483623 -1.681735 1.186474
    endloop
  endfacet
  facet normal -0.390870 0.086489 0.916374
    outer loop
      vertex -7.745707 -2.245082 1.554394
      vertex -8.483623 -1.681735 1.186474
      vertex -8.384238 -2.509570 1.306998
    endloop
  endfacet
  facet normal -0.662089 0.029538 0.748843
    outer loop
      vertex -8.384238 -2.509570 1.306998
      vertex -8.483623 -1.681735 1.186474
      vertex -8.846555 -1.832066 0.871517
    endloop
  endfacet
  facet normal -0.662089 0.029538 0.748843
    outer loop
      vertex -8.384238 -2.509570 1.306998
      vertex -8.846555 -1.832066 0.871517
      vertex -8.810891 -2.686295 0.936744
    endloop
  endfacet
  facet normal -0.945157 -0.014546 0.326293
    outer loop
      vertex -8.810891 -2.686295 0.936744
      vertex -8.846555 -1.832066 0.871517
      vertex -8.974000 -1.884856 0.500000
    endloop
  endfacet
  facet normal -0.945157 -0.014546 0.326293
    outer loop
      vertex -8.810891 -2.686295 0.936744
      vertex -8.974000 -1.884856 0.500000
      vertex -8.960711 -2.748353 0.500000
    endloop
  endfacet
  facet normal 0.474367 0.834188 0.281258
    outer loop
      vertex -5.625495 -0.497859 0.500000
      vertex -6.327157 -0.098854 0.500000
      vertex -6.419751 -0.137208 0.769923
    endloop
  endfacet
  facet normal 0.474367 0.834188 0.281258
    outer loop
      vertex -5.625495 -0.497859 0.500000
      vertex -6.419751 -0.137208 0.769923
      vertex -5.752940 -0.550649 0.871517
    endloop
  endfacet
  facet normal 0.310756 0.667479 0.676685
    outer loop
      vertex -5.752940 -0.550649 0.871517
      vertex -6.419751 -0.137208 0.769923
      vertex -6.683437 -0.246430 0.998752
    endloop
  endfacet
  facet normal 0.310756 0.667479 0.676685
    outer loop
      vertex -5.752940 -0.550649 0.871517
      vertex -6.683437 -0.246430 0.998752
      vertex -6.115872 -0.700980 1.186474
    endloop
  endfacet
  facet normal 0.121862 0.505035 0.854453
    outer loop
      vertex -6.115872 -0.700980 1.186474
      vertex -6.683437 -0.246430 0.998752
      vertex -7.078071 -0.409893 1.151651
    endloop
  endfacet
  facet normal 0.121862 0.505035 0.854453
    outer loop
      vertex -6.115872 -0.700980 1.186474
      vertex -7.078071 -0.409893 1.151651
      vertex -6.659039 -0.925967 1.396921
    endloop
  endfacet
  facet normal -0.056040 0.391093 0.918644
    outer loop
      vertex -6.659039 -0.925967 1.396921
      vertex -7.078071 -0.409893 1.151651
      vertex -7.543573 -0.602710 1.205342
    endloop
  endfacet
  facet normal -0.056040 0.391093 0.918644
    outer loop
      vertex -6.659039 -0.925967 1.396921
      vertex -7.543573 -0.602710 1.205342
      vertex -7.299747 -1.191358 1.470820
    endloop
  endfacet
  facet normal -0.236918 0.316170 0.918644
    outer loop
      vertex -7.299747 -1.191358 1.470820
      vertex -7.543573 -0.602710 1.205342
      vertex -8.009075 -0.795527 1.151651
    endloop
  endfacet
  facet normal -0.236918 0.316170 0.918644
    outer loop
      vertex -7.299747 -1.191358 1.470820
      vertex -8.009075 -0.795527 1.151651
      vertex -7.940456 -1.456748 1.396921
    endloop
  endfacet
  facet normal -0.443283 0.270944 0.854453
    outer loop
      vertex -7.940456 -1.456748 1.396921
      vertex -8.009075 -0.795527 1.151651
      vertex -8.403709 -0.958990 0.998752
    endloop
  endfacet
  facet normal -0.443283 0.270944 0.854453
    outer loop
      vertex -7.940456 -1.456748 1.396921
      vertex -8.403709 -0.958990 0.998752
      vertex -8.483623 -1.681735 1.186474
    endloop
  endfacet
  facet normal -0.691717 0.252241 0.676685
    outer loop
      vertex -8.483623 -1.681735 1.186474
      vertex -8.403709 -0.958990 0.998752
      vertex -8.667395 -1.068212 0.769923
    endloop
  endfacet
  facet normal -0.691717 0.252241 0.676685
    outer loop
      vertex -8.483623 -1.681735 1.186474
      vertex -8.667395 -1.068212 0.769923
      vertex -8.846555 -1.832066 0.871517
    endloop
  endfacet
  facet normal -0.925288 0.254432 0.281258
    outer loop
      vertex -8.846555 -1.832066 0.871517
      vertex -8.667395 -1.068212 0.769923
      vertex -8.759989 -1.106566 0.500000
    endloop
  endfacet
  facet normal -0.925288 0.254432 0.281258
    outer loop
      vertex -8.846555 -1.832066 0.871517
      vertex -8.759989 -1.106566 0.500000
      vertex -8.974000 -1.884856 0.500000
    endloop
  endfacet
  facet normal 0.182426 0.962791 0.199384
    outer loop
      vertex -6.327157 -0.098854 0.500000
      vertex -7.060611 0.040118 0.500000
      vertex -7.109291 0.019954 0.641907
    endloop
  endfacet
  facet normal 0.182426 0.962791 0.199384
    outer loop
      vertex -6.327157 -0.098854 0.500000
      vertex -7.109291 0.019954 0.641907
      vertex -6.419751 -0.137208 0.769923
    endloop
  endfacet
  facet normal 0.097522 0.849806 0.517996
    outer loop
      vertex -6.419751 -0.137208 0.769923
      vertex -7.109291 0.019954 0.641907
      vertex -7.247919 -0.037468 0.762210
    endloop
  endfacet
  facet normal 0.097522 0.849806 0.517996
    outer loop
      vertex -6.419751 -0.137208 0.769923
      vertex -7.247919 -0.037468 0.762210
      vertex -6.683437 -0.246430 0.998752
    endloop
  endfacet
  facet normal -0.026787 0.716599 0.696970
    outer loop
      vertex -6.683437 -0.246430 0.998752
      vertex -7.247919 -0.037468 0.762210
      vertex -7.455390 -0.123405 0.842593
    endloop
  endfacet
  facet normal -0.026787 0.716599 0.696970
    outer loop
      vertex -6.683437 -0.246430 0.998752
      vertex -7.455390 -0.123405 0.842593
      vertex -7.078071 -0.409893 1.151651
    endloop
  endfacet
  facet normal -0.165481 0.614333 0.771499
    outer loop
      vertex -7.078071 -0.409893 1.151651
      vertex -7.455390 -0.123405 0.842593
      vertex -7.700119 -0.224775 0.870820
    endloop
  endfacet
  facet normal -0.165481 0.614333 0.771499
    outer loop
      vertex -7.078071 -0.409893 1.151651
      vertex -7.700119 -0.224775 0.870820
      vertex -7.543573 -0.602710 1.205342
    endloop
  endfacet
  facet normal -0.317387 0.551412 0.771499
    outer loop
      vertex -7.543573 -0.602710 1.205342
      vertex -7.700119 -0.224775 0.870820
      vertex -7.944848 -0.326145 0.842593
    endloop
  endfacet
  facet normal -0.317387 0.551412 0.771499
    outer loop
      vertex -7.543573 -0.602710 1.205342
      vertex -7.944848 -0.326145 0.842593
      vertex -8.009075 -0.795527 1.151651
    endloop
  endfacet
  facet normal -0.487771 0.525654 0.696970
    outer loop
      vertex -8.009075 -0.795527 1.151651
      vertex -7.944848 -0.326145 0.842593
      vertex -8.152319 -0.412083 0.762210
    endloop
  endfacet
  facet normal -0.487771 0.525654 0.696970
    outer loop
      vertex -8.009075 -0.795527 1.151651
      vertex -8.152319 -0.412083 0.762210
      vertex -8.403709 -0.958990 0.998752
    endloop
  endfacet
  facet normal -0.669862 0.531945 0.517996
    outer loop
      vertex -8.403709 -0.958990 0.998752
      vertex -8.152319 -0.412083 0.762210
      vertex -8.290947 -0.469504 0.641907
    endloop
  endfacet
  facet normal -0.669862 0.531945 0.517996
    outer loop
      vertex -8.403709 -0.958990 0.998752
      vertex -8.290947 -0.469504 0.641907
      vertex -8.667395 -1.068212 0.769923
    endloop
  endfacet
  facet normal -0.809791 0.551802 0.199384
    outer loop
      vertex -8.667395 -1.068212 0.769923
      vertex -8.290947 -0.469504 0.641907
      vertex -8.339627 -0.489668 0.500000
    endloop
  endfacet
  facet normal -0.809791 0.551802 0.199384
    outer loop
      vertex -8.667395 -1.068212 0.769923
      vertex -8.339627 -0.489668 0.500000
      vertex -8.759989 -1.106566 0.500000
    endloop
  endfacet
  facet normal 0.000000 0.000000 1.000000
    outer loop
      vertex -7.060611 0.040118 0.500000
      vertex -7.754061 -0.094548 0.500000
      vertex -7.754061 -0.094548 0.500000
    endloop
  endfacet
  facet normal -0.190114 0.978978 0.073888
    outer loop
      vertex -7.060611 0.040118 0.500000
      vertex -7.754061 -0.094548 0.500000
      vertex -7.109291 0.019954 0.641907
    endloop
  endfacet
  facet normal 0.000000 0.000000 1.000000
    outer loop
      vertex -7.109291 0.019954 0.641907
      vertex -7.754061 -0.094548 0.500000
      vertex -7.754061 -0.094548 0.500000
    endloop
  endfacet
  facet normal -0.215146 0.954269 0.207563
    outer loop
      vertex -7.109291 0.019954 0.641907
      vertex -7.754061 -0.094548 0.500000
      vertex -7.247919 -0.037468 0.762210
    endloop
  endfacet
  facet normal 0.000000 0.000000 1.000000
    outer loop
      vertex -7.247919 -0.037468 0.762210
      vertex -7.754061 -0.094548 0.500000
      vertex -7.754061 -0.094548 0.500000
    endloop
  endfacet
  facet normal -0.261234 0.915860 0.304888
    outer loop
      vertex -7.247919 -0.037468 0.762210
      vertex -7.754061 -0.094548 0.500000
      vertex -7.455390 -0.123405 0.842593
    endloop
  endfacet
  facet normal 0.000000 0.000000 1.000000
    outer loop
      vertex -7.455390 -0.123405 0.842593
      vertex -7.754061 -0.094548 0.500000
      vertex -7.754061 -0.094548 0.500000
    endloop
  endfacet
  facet normal -0.322500 0.877453 0.355064
    outer loop
      vertex -7.455390 -0.123405 0.842593
      vertex -7.754061 -0.094548 0.500000
      vertex -7.700119 -0.224775 0.870820
    endloop
  endfacet
  facet normal 0.000000 0.000000 1.000000
    outer loop
      vertex -7.700119 -0.224775 0.870820
      vertex -7.754061 -0.094548 0.500000
      vertex -7.754061 -0.094548 0.500000
    endloop
  endfacet
  facet normal -0.392411 0.848495 0.355064
    outer loop
      vertex -7.700119 -0.224775 0.870820
      vertex -7.754061 -0.094548 0.500000
      vertex -7.944848 -0.326145 0.842593
    endloop
  endfacet
  facet normal 0.000000 0.000000 1.000000
    outer loop
      vertex -7.944848 -0.326145 0.842593
      vertex -7.754061 -0.094548 0.500000
      vertex -7.754061 -0.094548 0.500000
    endloop
  endfacet
  facet normal -0.462890 0.832332 0.304888
    outer loop
      vertex -7.944848 -0.326145 0.842593
      vertex -7.754061 -0.094548 0.500000
      vertex -8.152319 -0.412083 0.762210
    endloop
  endfacet
  facet normal 0.000000 0.000000 1.000000
    outer loop
      vertex -8.152319 -0.412083 0.762210
      vertex -7.754061 -0.094548 0.500000
      vertex -7.754061 -0.094548 0.500000
    endloop
  endfacet
  facet normal -0.522639 0.826902 0.207563
    outer loop
      vertex -8.152319 -0.412083 0.762210
      vertex -7.754061 -0.094548 0.500000
      vertex -8.290947 -0.469504 0.641907
    endloop
  endfacet
  facet normal 0.000000 0.000000 1.000000
    outer loop
      vertex -8.290947 -0.469504 0.641907
      vertex -7.754061 -0.094548 0.500000
      vertex -7.754061 -0.094548 0.500000
    endloop
  endfacet
  facet normal -0.557811 0.826672 0.073888
    outer loop
      vertex -8.290947 -0.469504 0.641907
      vertex -7.754061 -0.094548 0.500000
      vertex -8.339627 -0.489668 0.500000
    endloop
  endfacet
  facet normal 0.978978 -0.190114 0.073888
    outer loop
      vertex -0.094548 -7.754061 0.500000
      vertex 0.040118 -7.060611 0.500000
      vertex 0.019954 -7.109291 0.641907
    endloop
  endfacet
  facet normal 0.000000 0.000000 1.000000
    outer loop
      vertex -0.094548 -7.754061 0.500000
      vertex 0.019954 -7.109291 0.641907
      vertex -0.094548 -7.754061 0.500000
    endloop
  endfacet
  facet normal 0.954269 -0.215146 0.207563
    outer loop
      vertex -0.094548 -7.754061 0.500000
      vertex 0.019954 -7.109291 0.641907
      vertex -0.037468 -7.247919 0.762210
    endloop
  endfacet
  facet normal 0.000000 0.000000 1.000000
    outer loop
      vertex -0.094548 -7.754061 0.500000
      vertex -0.037468 -7.247919 0.762210
      vertex -0.094548 -7.754061 0.500000
    endloop
  endfacet
  facet normal 0.915860 -0.261234 0.304888
    outer loop
      vertex -0.094548 -7.754061 0.500000
      vertex -0.037468 -7.247919 0.762210
      vertex -0.123405 -7.455390 0.842593
    endloop
  endfacet
  facet normal 0.000000 0.000000 1.000000
    outer loop
      vertex -0.094548 -7.754061 0.500000
      vertex -0.123405 -7.455390 0.842593
      vertex -0.094548 -7.754061 0.500000
    endloop
  endfacet
  facet normal 0.877453 -0.322500 0.355064
    outer loop
      vertex -0.094548 -7.754061 0.500000
      vertex -0.123405 -7.455390 0.842593
      vertex -0.224775 -7.700119 0.870820
    endloop
  endfacet
  facet normal 0.000000 0.000000 1.000000
    outer loop
      vertex -0.094548 -7.754061 0.500000
      vertex -0.224775 -7.700119 0.870820
      vertex -0.094548 -7.754061 0.500000
    endloop
  endfacet
  facet normal 0.848495 -0.392411 0.355064
    outer loop
      vertex -0.094548 -7.754061 0.500000
      vertex -0.224775 -7.700119 0.870820
      vertex -0.326145 -7.944848 0.842593
    endloop
  endfacet
  facet normal 0.000000 0.000000 1.000000
    outer loop
      vertex -0.094548 -7.754061 0.500000
      vertex -0.326145 -7.944848 0.842593
      vertex -0.094548 -7.754061 0.500000
    endloop
  endfacet
  facet normal 0.832332 -0.462890 0.304888
    outer loop
      vertex -0.094548 -7.754061 0.500000
      vertex -0.326145 -7.944848 0.842593
      vertex -0.412083 -8.152319 0.762210
    endloop
  endfacet
  facet normal 0.000000 0.000000 1.000000
    outer loop
      vertex -0.094548 -7.754061 0.500000
      vertex -0.412083 -8.152319 0.762210
      vertex -0.094548 -7.754061 0.500000
    endloop
  endfacet
  facet normal 0.826902 -0.522639 0.207563
    outer loop
      vertex -0.094548 -7.754061 0.500000
      vertex -0.412083 -8.152319 0.762210
      vertex -0.469504 -8.290947 0.641907
    endloop
  endfacet
  facet normal 0.000000 0.000000 1.000000
    outer loop
      vertex -0.094548 -7.754061 0.500000
      vertex -0.469504 -8.290947 0.641907
      vertex -0.094548 -7.754061 0.500000
    endloop
  endfacet
  facet normal 0.826672 -0.557811 0.073888
    outer loop
      vertex -0.094548 -7.754061 0.500000
      vertex -0.469504 -8.290947 0.641907
      vertex -0.489668 -8.339627 0.500000
    endloop
  endfacet
  facet normal 0.000000 0.000000 1.000000
    outer loop
      vertex -0.094548 -7.754061 0.500000
      vertex -0.489668 -8.339627 0.500000
      vertex -0.094548 -7.754061 0.500000
    endloop
  endfacet
  facet normal 0.962791 0.182426 0.199384
    outer loop
      vertex 0.040118 -7.060611 0.500000
      vertex -0.098854 -6.327157 0.500000
      vertex -0.137208 -6.419751 0.769923
    endloop
  endfacet
  facet normal 0.962791 0.182426 0.199384
    outer loop
      vertex 0.040118 -7.060611 0.500000
      vertex -0.137208 -6.419751 0.769923
      vertex 0.019954 -7.109291 0.641907
    endloop
  endfacet
  facet normal 0.849806 0.097522 0.517996
    outer loop
      vertex 0.019954 -7.109291 0.641907
      vertex -0.137208 -6.419751 0.769923
      vertex -0.246430 -6.683437 0.998752
    endloop
  endfacet
  facet normal 0.849806 0.097522 0.517996
    outer loop
      vertex 0.019954 -7.109291 0.641907
      vertex -0.246430 -6.683437 0.998752
      vertex -0.037468 -7.247919 0.762210
    endloop
  endfacet
  facet normal 0.716599 -0.026787 0.696970
    outer loop
      vertex -0.037468 -7.247919 0.762210
      vertex -0.246430 -6.683437 0.998752
      vertex -0.409893 -7.078071 1.151651
    endloop
  endfacet
  facet normal 0.716599 -0.026787 0.696970
    outer loop
      vertex -0.037468 -7.247919 0.762210
      vertex -0.409893 -7.078071 1.151651
      vertex -0.123405 -7.455390 0.842593
    endloop
  endfacet
  facet normal 0.614333 -0.165481 0.771499
    outer loop
      vertex -0.123405 -7.455390 0.842593
      vertex -0.409893 -7.078071 1.151651
      vertex -0.602710 -7.543573 1.205342
    endloop
  endfacet
  facet normal 0.614333 -0.165481 0.771499
    outer loop
      vertex -0.123405 -7.455390 0.842593
      vertex -0.602710 -7.543573 1.205342
      vertex -0.224775 -7.700119 0.870820
    endloop
  endfacet
  facet normal 0.551412 -0.317387 0.771499
    outer loop
      vertex -0.224775 -7.700119 0.870820
      vertex -0.602710 -7.543573 1.205342
      vertex -0.795527 -8.009075 1.151651
    endloop
  endfacet
  facet normal 0.551412 -0.317387 0.771499
    outer loop
      vertex -0.224775 -7.700119 0.870820
      vertex -0.795527 -8.009075 1.151651
      vertex -0.326145 -7.944848 0.842593
    endloop
  endfacet
  facet normal 0.525654 -0.487771 0.696970
    outer loop
      vertex -0.326145 -7.944848 0.842593
      vertex -0.795527 -8.009075 1.151651
      vertex -0.958990 -8.403709 0.998752
    endloop
  endfacet
  facet normal 0.525654 -0.487771 0.696970
    outer loop
      vertex -0.326145 -7.944848 0.842593
      vertex -0.958990 -8.403709 0.998752
      vertex -0.412083 -8.152319 0.762210
    endloop
  endfacet
  facet normal 0.531945 -0.669862 0.517996
    outer loop
      vertex -0.412083 -8.152319 0.762210
      vertex -0.958990 -8.403709 0.998752
      vertex -1.068212 -8.667395 0.769923
    endloop
  endfacet
  facet normal 0.531945 -0.669862 0.517996
    outer loop
      vertex -0.412083 -8.152319 0.762210
      vertex -1.068212 -8.667395 0.769923
      vertex -0.469504 -8.290947 0.641907
    endloop
  endfacet
  facet normal 0.551802 -0.809791 0.199384
    outer loop
      vertex -0.469504 -8.290947 0.641907
      vertex -1.068212 -8.667395 0.769923
      vertex -1.106566 -8.759989 0.500000
    endloop
  endfacet
  facet normal 0.551802 -0.809791 0.199384
    outer loop
      vertex -0.469504 -8.290947 0.641907
      vertex -1.106566 -8.759989 0.500000
      vertex -0.489668 -8.339627 0.500000
    endloop
  endfacet
  facet normal 0.834188 0.474367 0.281258
    outer loop
      vertex -0.098854 -6.327157 0.500000
      vertex -0.497859 -5.625495 0.500000
      vertex -0.550649 -5.752940 0.871517
    endloop
  endfacet
  facet normal 0.834188 0.474367 0.281258
    outer loop
      vertex -0.098854 -6.327157 0.500000
      vertex -0.550649 -5.752940 0.871517
      vertex -0.137208 -6.419751 0.769923
    endloop
  endfacet
  facet normal 0.667479 0.310756 0.676685
    outer loop
      vertex -0.137208 -6.419751 0.769923
      vertex -0.550649 -5.752940 0.871517
      vertex -0.700980 -6.115872 1.186474
    endloop
  endfacet
  facet normal 0.667479 0.310756 0.676685
    outer loop
      vertex -0.137208 -6.419751 0.769923
      vertex -0.700980 -6.115872 1.186474
      vertex -0.246430 -6.683437 0.998752
    endloop
  endfacet
  facet normal 0.505035 0.121862 0.854453
    outer loop
      vertex -0.246430 -6.683437 0.998752
      vertex -0.700980 -6.115872 1.186474
      vertex -0.925967 -6.659039 1.396921
    endloop
  endfacet
  facet normal 0.505035 0.121862 0.854453
    outer loop
      vertex -0.246430 -6.683437 0.998752
      vertex -0.925967 -6.659039 1.396921
      vertex -0.409893 -7.078071 1.151651
    endloop
  endfacet
  facet normal 0.391093 -0.056040 0.918644
    outer loop
      vertex -0.409893 -7.078071 1.151651
      vertex -0.925967 -6.659039 1.396921
      vertex -1.191358 -7.299747 1.470820
    endloop
  endfacet
  facet normal 0.391093 -0.056040 0.918644
    outer loop
      vertex -0.409893 -7.078071 1.151651
      vertex -1.191358 -7.299747 1.470820
      vertex -0.602710 -7.543573 1.205342
    endloop
  endfacet
  facet normal 0.316170 -0.236918 0.918644
    outer loop
      vertex -0.602710 -7.543573 1.205342
      vertex -1.191358 -7.299747 1.470820
      vertex -1.456748 -7.940456 1.396921
    endloop
  endfacet
  facet normal 0.316170 -0.236918 0.918644
    outer loop
      vertex -0.602710 -7.543573 1.205342
      vertex -1.456748 -7.940456 1.396921
      vertex -0.795527 -8.009075 1.151651
    endloop
  endfacet
  facet normal 0.270944 -0.443283 0.854453
    outer loop
      vertex -0.795527 -8.009075 1.151651
      vertex -1.456748 -7.940456 1.396921
      vertex -1.681735 -8.483623 1.186474
    endloop
  endfacet
  facet normal 0.270944 -0.443283 0.854453
    outer loop
      vertex -0.795527 -8.009075 1.151651
      vertex -1.681735 -8.483623 1.186474
      vertex -0.958990 -8.403709 0.998752
    endloop
  endfacet
  facet normal 0.252241 -0.691717 0.676685
    outer loop
      vertex -0.958990 -8.403709 0.998752
      vertex -1.681735 -8.483623 1.186474
      vertex -1.832066 -8.846555 0.871517
    endloop
  endfacet
  facet normal 0.252241 -0.691717 0.676685
    outer loop
      vertex -0.958990 -8.403709 0.998752
      vertex -1.832066 -8.846555 0.871517
      vertex -1.068212 -8.667395 0.769923
    endloop
  endfacet
  facet normal 0.254432 -0.925288 0.281258
    outer loop
      vertex -1.068212 -8.667395 0.769923
      vertex -1.832066 -8.846555 0.871517
      vertex -1.884856 -8.974000 0.500000
    endloop
  endfacet
  facet normal 0.254432 -0.925288 0.281258
    outer loop
      vertex -1.068212 -8.667395 0.769923
      vertex -1.884856 -8.974000 0.500000
      vertex -1.106566 -8.759989 0.500000
    endloop
  endfacet
  facet normal 0.658041 0.678612 0.326293
    outer loop
      vertex -0.497859 -5.625495 0.500000
      vertex -1.117841 -5.024307 0.500000
      vertex -1.179898 -5.174127 0.936744
    endloop
  endfacet
  facet normal 0.658041 0.678612 0.326293
    outer loop
      vertex -0.497859 -5.625495 0.500000
      vertex -1.179898 -5.174127 0.936744
      vertex -0.550649 -5.752940 0.871517
    endloop
  endfacet
  facet normal 0.489054 0.447281 0.748843
    outer loop
      vertex -0.550649 -5.752940 0.871517
      vertex -1.179898 -5.174127 0.936744
      vertex -1.356624 -5.600780 1.306998
    endloop
  endfacet
  facet normal 0.489054 0.447281 0.748843
    outer loop
      vertex -0.550649 -5.752940 0.871517
      vertex -1.356624 -5.600780 1.306998
      vertex -0.700980 -6.115872 1.186474
    endloop
  endfacet
  facet normal 0.337544 0.215229 0.916374
    outer loop
      vertex -0.700980 -6.115872 1.186474
      vertex -1.356624 -5.600780 1.306998
      vertex -1.621112 -6.239311 1.554394
    endloop
  endfacet
  facet normal 0.337544 0.215229 0.916374
    outer loop
      vertex -0.700980 -6.115872 1.186474
      vertex -1.621112 -6.239311 1.554394
      vertex -0.925967 -6.659039 1.396921
    endloop
  endfacet
  facet normal 0.230506 0.016738 0.972927
    outer loop
      vertex -0.925967 -6.659039 1.396921
      vertex -1.621112 -6.239311 1.554394
      vertex -1.933097 -6.992509 1.641268
    endloop
  endfacet
  facet normal 0.230506 0.016738 0.972927
    outer loop
      vertex -0.925967 -6.659039 1.396921
      vertex -1.933097 -6.992509 1.641268
      vertex -1.191358 -7.299747 1.470820
    endloop
  endfacet
  facet normal 0.151157 -0.174828 0.972927
    outer loop
      vertex -1.191358 -7.299747 1.470820
      vertex -1.933097 -6.992509 1.641268
      vertex -2.245082 -7.745707 1.554394
    endloop
  endfacet
  facet normal 0.151157 -0.174828 0.972927
    outer loop
      vertex -1.191358 -7.299747 1.470820
      vertex -2.245082 -7.745707 1.554394
      vertex -1.456748 -7.940456 1.396921
    endloop
  endfacet
  facet normal 0.086489 -0.390870 0.916374
    outer loop
      vertex -1.456748 -7.940456 1.396921
      vertex -2.245082 -7.745707 1.554394
      vertex -2.509570 -8.384238 1.306998
    endloop
  endfacet
  facet normal 0.086489 -0.390870 0.916374
    outer loop
      vertex -1.456748 -7.940456 1.396921
      vertex -2.509570 -8.384238 1.306998
      vertex -1.681735 -8.483623 1.186474
    endloop
  endfacet
  facet normal 0.029538 -0.662089 0.748843
    outer loop
      vertex -1.681735 -8.483623 1.186474
      vertex -2.509570 -8.384238 1.306998
      vertex -2.686295 -8.810891 0.936744
    endloop
  endfacet
  facet normal 0.029538 -0.662089 0.748843
    outer loop
      vertex -1.681735 -8.483623 1.186474
      vertex -2.686295 -8.810891 0.936744
      vertex -1.832066 -8.846555 0.871517
    endloop
  endfacet
  facet normal -0.014546 -0.945157 0.326293
    outer loop
      vertex -1.832066 -8.846555 0.871517
      vertex -2.686295 -8.810891 0.936744
      vertex -2.748353 -8.960711 0.500000
    endloop
  endfacet
  facet normal -0.014546 -0.945157 0.326293
    outer loop
      vertex -1.832066 -8.846555 0.871517
      vertex -2.748353 -8.960711 0.500000
      vertex -1.884856 -8.974000 0.500000
    endloop
  endfacet
  facet normal 0.462372 0.816483 0.345785
    outer loop
      vertex -1.117841 -5.024307 0.500000
      vertex -1.898110 -4.582442 0.500000
      vertex -1.963361 -4.739973 0.959220
    endloop
  endfacet
  facet normal 0.462372 0.816483 0.345785
    outer loop
      vertex -1.117841 -5.024307 0.500000
      vertex -1.963361 -4.739973 0.959220
      vertex -1.179898 -5.174127 0.936744
    endloop
  endfacet
  facet normal 0.322028 0.540899 0.776998
    outer loop
      vertex -1.179898 -5.174127 0.936744
      vertex -1.963361 -4.739973 0.959220
      vertex -2.149181 -5.188582 1.348528
    endloop
  endfacet
  facet normal 0.322028 0.540899 0.776998
    outer loop
      vertex -1.179898 -5.174127 0.936744
      vertex -2.149181 -5.188582 1.348528
      vertex -1.356624 -5.600780 1.306998
    endloop
  endfacet
  facet normal 0.196155 0.282554 0.938982
    outer loop
      vertex -1.356624 -5.600780 1.306998
      vertex -2.149181 -5.188582 1.348528
      vertex -2.427280 -5.859973 1.608655
    endloop
  endfacet
  facet normal 0.196155 0.282554 0.938982
    outer loop
      vertex -1.356624 -5.600780 1.306998
      vertex -2.427280 -5.859973 1.608655
      vertex -1.621112 -6.239311 1.554394
    endloop
  endfacet
  facet normal 0.100959 0.072626 0.992236
    outer loop
      vertex -1.621112 -6.239311 1.554394
      vertex -2.427280 -5.859973 1.608655
      vertex -2.755321 -6.651933 1.700000
    endloop
  endfacet
  facet normal 0.100959 0.072626 0.992236
    outer loop
      vertex -1.621112 -6.239311 1.554394
      vertex -2.755321 -6.651933 1.700000
      vertex -1.933097 -6.992509 1.641268
    endloop
  endfacet
  facet normal 0.020034 -0.122743 0.992236
    outer loop
      vertex -1.933097 -6.992509 1.641268
      vertex -2.755321 -6.651933 1.700000
      vertex -3.083361 -7.443892 1.608655
    endloop
  endfacet
  facet normal 0.020034 -0.122743 0.992236
    outer loop
      vertex -1.933097 -6.992509 1.641268
      vertex -3.083361 -7.443892 1.608655
      vertex -2.245082 -7.745707 1.554394
    endloop
  endfacet
  facet normal -0.061093 -0.338498 0.938982
    outer loop
      vertex -2.245082 -7.745707 1.554394
      vertex -3.083361 -7.443892 1.608655
      vertex -3.361460 -8.115283 1.348528
    endloop
  endfacet
  facet normal -0.061093 -0.338498 0.938982
    outer loop
      vertex -2.245082 -7.745707 1.554394
      vertex -3.361460 -8.115283 1.348528
      vertex -2.509570 -8.384238 1.306998
    endloop
  endfacet
  facet normal -0.154765 -0.610182 0.776998
    outer loop
      vertex -2.509570 -8.384238 1.306998
      vertex -3.361460 -8.115283 1.348528
      vertex -3.547280 -8.563892 0.959220
    endloop
  endfacet
  facet normal -0.154765 -0.610182 0.776998
    outer loop
      vertex -2.509570 -8.384238 1.306998
      vertex -3.547280 -8.563892 0.959220
      vertex -2.686295 -8.810891 0.936744
    endloop
  endfacet
  facet normal -0.250394 -0.904287 0.345785
    outer loop
      vertex -2.686295 -8.810891 0.936744
      vertex -3.547280 -8.563892 0.959220
      vertex -3.612532 -8.721423 0.500000
    endloop
  endfacet
  facet normal -0.250394 -0.904287 0.345785
    outer loop
      vertex -2.686295 -8.810891 0.936744
      vertex -3.612532 -8.721423 0.500000
      vertex -2.748353 -8.960711 0.500000
    endloop
  endfacet
  facet normal 0.250394 0.904287 0.345785
    outer loop
      vertex -1.898110 -4.582442 0.500000
      vertex -2.762289 -4.343154 0.500000
      vertex -2.824346 -4.492975 0.936744
    endloop
  endfacet
  facet normal 0.250394 0.904287 0.345785
    outer loop
      vertex -1.898110 -4.582442 0.500000
      vertex -2.824346 -4.492975 0.936744
      vertex -1.963361 -4.739973 0.959220
    endloop
  endfacet
  facet normal 0.154765 0.610182 0.776998
    outer loop
      vertex -1.963361 -4.739973 0.959220
      vertex -2.824346 -4.492975 0.936744
      vertex -3.001072 -4.919627 1.306998
    endloop
  endfacet
  facet normal 0.154765 0.610182 0.776998
    outer loop
      vertex -1.963361 -4.739973 0.959220
      vertex -3.001072 -4.919627 1.306998
      vertex -2.149181 -5.188582 1.348528
    endloop
  endfacet
  facet normal 0.061093 0.338498 0.938982
    outer loop
      vertex -2.149181 -5.188582 1.348528
      vertex -3.001072 -4.919627 1.306998
      vertex -3.265560 -5.558158 1.554394
    endloop
  endfacet
  facet normal 0.061093 0.338498 0.938982
    outer loop
      vertex -2.149181 -5.188582 1.348528
      vertex -3.265560 -5.558158 1.554394
      vertex -2.427280 -5.859973 1.608655
    endloop
  endfacet
  facet normal -0.020034 0.122743 0.992236
    outer loop
      vertex -2.427280 -5.859973 1.608655
      vertex -3.265560 -5.558158 1.554394
      vertex -3.577545 -6.311356 1.641268
    endloop
  endfacet
  facet normal -0.020034 0.122743 0.992236
    outer loop
      vertex -2.427280 -5.859973 1.608655
      vertex -3.577545 -6.311356 1.641268
      vertex -2.755321 -6.651933 1.700000
    endloop
  endfacet
  facet normal -0.100959 -0.072626 0.992236
    outer loop
      vertex -2.755321 -6.651933 1.700000
      vertex -3.577545 -6.311356 1.641268
      vertex -3.889530 -7.064555 1.554394
    endloop
  endfacet
  facet normal -0.100959 -0.072626 0.992236
    outer loop
      vertex -2.755321 -6.651933 1.700000
      vertex -3.889530 -7.064555 1.554394
      vertex -3.083361 -7.443892 1.608655
    endloop
  endfacet
  facet normal -0.196155 -0.282554 0.938982
    outer loop
      vertex -3.083361 -7.443892 1.608655
      vertex -3.889530 -7.064555 1.554394
      vertex -4.154018 -7.703085 1.306998
    endloop
  endfacet
  facet normal -0.196155 -0.282554 0.938982
    outer loop
      vertex -3.083361 -7.443892 1.608655
      vertex -4.154018 -7.703085 1.306998
      vertex -3.361460 -8.115283 1.348528
    endloop
  endfacet
  facet normal -0.322028 -0.540899 0.776998
    outer loop
      vertex -3.361460 -8.115283 1.348528
      vertex -4.154018 -7.703085 1.306998
      vertex -4.330743 -8.129738 0.936744
    endloop
  endfacet
  facet normal -0.322028 -0.540899 0.776998
    outer loop
      vertex -3.361460 -8.115283 1.348528
      vertex -4.330743 -8.129738 0.936744
      vertex -3.547280 -8.563892 0.959220
    endloop
  endfacet
  facet normal -0.462372 -0.816483 0.345785
    outer loop
      vertex -3.547280 -8.563892 0.959220
      vertex -4.330743 -8.129738 0.936744
      vertex -4.392801 -8.279558 0.500000
    endloop
  endfacet
  facet normal -0.462372 -0.816483 0.345785
    outer loop
      vertex -3.547280 -8.563892 0.959220
      vertex -4.392801 -8.279558 0.500000
      vertex -3.612532 -8.721423 0.500000
    endloop
  endfacet
  facet normal 0.014546 0.945157 0.326293
    outer loop
      vertex -2.762289 -4.343154 0.500000
      vertex -3.625786 -4.329865 0.500000
      vertex -3.678575 -4.457310 0.871517
    endloop
  endfacet
  facet normal 0.014546 0.945157 0.326293
    outer loop
      vertex -2.762289 -4.343154 0.500000
      vertex -3.678575 -4.457310 0.871517
      vertex -2.824346 -4.492975 0.936744
    endloop
  endfacet
  facet normal -0.029538 0.662089 0.748843
    outer loop
      vertex -2.824346 -4.492975 0.936744
      vertex -3.678575 -4.457310 0.871517
      vertex -3.828907 -4.820242 1.186474
    endloop
  endfacet
  facet normal -0.029538 0.662089 0.748843
    outer loop
      vertex -2.824346 -4.492975 0.936744
      vertex -3.828907 -4.820242 1.186474
      vertex -3.001072 -4.919627 1.306998
    endloop
  endfacet
  facet normal -0.086489 0.390870 0.916374
    outer loop
      vertex -3.001072 -4.919627 1.306998
      vertex -3.828907 -4.820242 1.186474
      vertex -4.053894 -5.363409 1.396921
    endloop
  endfacet
  facet normal -0.086489 0.390870 0.916374
    outer loop
      vertex -3.001072 -4.919627 1.306998
      vertex -4.053894 -5.363409 1.396921
      vertex -3.265560 -5.558158 1.554394
    endloop
  endfacet
  facet normal -0.151157 0.174828 0.972927
    outer loop
      vertex -3.265560 -5.558158 1.554394
      vertex -4.053894 -5.363409 1.396921
      vertex -4.319284 -6.004118 1.470820
    endloop
  endfacet
  facet normal -0.151157 0.174828 0.972927
    outer loop
      vertex -3.265560 -5.558158 1.554394
      vertex -4.319284 -6.004118 1.470820
      vertex -3.577545 -6.311356 1.641268
    endloop
  endfacet
  facet normal -0.230506 -0.016738 0.972927
    outer loop
      vertex -3.577545 -6.311356 1.641268
      vertex -4.319284 -6.004118 1.470820
      vertex -4.584674 -6.644827 1.396921
    endloop
  endfacet
  facet normal -0.230506 -0.016738 0.972927
    outer loop
      vertex -3.577545 -6.311356 1.641268
      vertex -4.584674 -6.644827 1.396921
      vertex -3.889530 -7.064555 1.554394
    endloop
  endfacet
  facet normal -0.337544 -0.215229 0.916374
    outer loop
      vertex -3.889530 -7.064555 1.554394
      vertex -4.584674 -6.644827 1.396921
      vertex -4.809661 -7.187993 1.186474
    endloop
  endfacet
  facet normal -0.337544 -0.215229 0.916374
    outer loop
      vertex -3.889530 -7.064555 1.554394
      vertex -4.809661 -7.187993 1.186474
      vertex -4.154018 -7.703085 1.306998
    endloop
  endfacet
  facet normal -0.489054 -0.447281 0.748843
    outer loop
      vertex -4.154018 -7.703085 1.306998
      vertex -4.809661 -7.187993 1.186474
      vertex -4.959993 -7.550926 0.871517
    endloop
  endfacet
  facet normal -0.489054 -0.447281 0.748843
    outer loop
      vertex -4.154018 -7.703085 1.306998
      vertex -4.959993 -7.550926 0.871517
      vertex -4.330743 -8.129738 0.936744
    endloop
  endfacet
  facet normal -0.658041 -0.678612 0.326293
    outer loop
      vertex -4.330743 -8.129738 0.936744
      vertex -4.959993 -7.550926 0.871517
      vertex -5.012782 -7.678371 0.500000
    endloop
  endfacet
  facet normal -0.658041 -0.678612 0.326293
    outer loop
      vertex -4.330743 -8.129738 0.936744
      vertex -5.012782 -7.678371 0.500000
      vertex -4.392801 -8.279558 0.500000
    endloop
  endfacet
  facet normal -0.254432 0.925288 0.281258
    outer loop
      vertex -3.625786 -4.329865 0.500000
      vertex -4.404075 -4.543876 0.500000
      vertex -4.442429 -4.636470 0.769923
    endloop
  endfacet
  facet normal -0.254432 0.925288 0.281258
    outer loop
      vertex -3.625786 -4.329865 0.500000
      vertex -4.442429 -4.636470 0.769923
      vertex -3.678575 -4.457310 0.871517
    endloop
  endfacet
  facet normal -0.252241 0.691717 0.676685
    outer loop
      vertex -3.678575 -4.457310 0.871517
      vertex -4.442429 -4.636470 0.769923
      vertex -4.551651 -4.900156 0.998752
    endloop
  endfacet
  facet normal -0.252241 0.691717 0.676685
    outer loop
      vertex -3.678575 -4.457310 0.871517
      vertex -4.551651 -4.900156 0.998752
      vertex -3.828907 -4.820242 1.186474
    endloop
  endfacet
  facet normal -0.270944 0.443283 0.854453
    outer loop
      vertex -3.828907 -4.820242 1.186474
      vertex -4.551651 -4.900156 0.998752
      vertex -4.715114 -5.294790 1.151651
    endloop
  endfacet
  facet normal -0.270944 0.443283 0.854453
    outer loop
      vertex -3.828907 -4.820242 1.186474
      vertex -4.715114 -5.294790 1.151651
      vertex -4.053894 -5.363409 1.396921
    endloop
  endfacet
  facet normal -0.316170 0.236918 0.918644
    outer loop
      vertex -4.053894 -5.363409 1.396921
      vertex -4.715114 -5.294790 1.151651
      vertex -4.907931 -5.760292 1.205342
    endloop
  endfacet
  facet normal -0.316170 0.236918 0.918644
    outer loop
      vertex -4.053894 -5.363409 1.396921
      vertex -4.907931 -5.760292 1.205342
      vertex -4.319284 -6.004118 1.470820
    endloop
  endfacet
  facet normal -0.391093 0.056040 0.918644
    outer loop
      vertex -4.319284 -6.004118 1.470820
      vertex -4.907931 -5.760292 1.205342
      vertex -5.100749 -6.225794 1.151651
    endloop
  endfacet
  facet normal -0.391093 0.056040 0.918644
    outer loop
      vertex -4.319284 -6.004118 1.470820
      vertex -5.100749 -6.225794 1.151651
      vertex -4.584674 -6.644827 1.396921
    endloop
  endfacet
  facet normal -0.505035 -0.121862 0.854453
    outer loop
      vertex -4.584674 -6.644827 1.396921
      vertex -5.100749 -6.225794 1.151651
      vertex -5.264211 -6.620428 0.998752
    endloop
  endfacet
  facet normal -0.505035 -0.121862 0.854453
    outer loop
      vertex -4.584674 -6.644827 1.396921
      vertex -5.264211 -6.620428 0.998752
      vertex -4.809661 -7.187993 1.186474
    endloop
  endfacet
  facet normal -0.667479 -0.310756 0.676685
    outer loop
      vertex -4.809661 -7.187993 1.186474
      vertex -5.264211 -6.620428 0.998752
      vertex -5.373434 -6.884114 0.769923
    endloop
  endfacet
  facet normal -0.667479 -0.310756 0.676685
    outer loop
      vertex -4.809661 -7.187993 1.186474
      vertex -5.373434 -6.884114 0.769923
      vertex -4.959993 -7.550926 0.871517
    endloop
  endfacet
  facet normal -0.834188 -0.474367 0.281258
    outer loop
      vertex -4.959993 -7.550926 0.871517
      vertex -5.373434 -6.884114 0.769923
      vertex -5.411787 -6.976708 0.500000
    endloop
  endfacet
  facet normal -0.834188 -0.474367 0.281258
    outer loop
      vertex -4.959993 -7.550926 0.871517
      vertex -5.411787 -6.976708 0.500000
      vertex -5.012782 -7.678371 0.500000
    endloop
  endfacet
  facet normal -0.551802 0.809791 0.199384
    outer loop
      vertex -4.404075 -4.543876 0.500000
      vertex -5.020974 -4.964239 0.500000
      vertex -5.041137 -5.012918 0.641907
    endloop
  endfacet
  facet normal -0.551802 0.809791 0.199384
    outer loop
      vertex -4.404075 -4.543876 0.500000
      vertex -5.041137 -5.012918 0.641907
      vertex -4.442429 -4.636470 0.769923
    endloop
  endfacet
  facet normal -0.531945 0.669862 0.517996
    outer loop
      vertex -4.442429 -4.636470 0.769923
      vertex -5.041137 -5.012918 0.641907
      vertex -5.098559 -5.151546 0.762210
    endloop
  endfacet
  facet normal -0.531945 0.669862 0.517996
    outer loop
      vertex -4.442429 -4.636470 0.769923
      vertex -5.098559 -5.151546 0.762210
      vertex -4.551651 -4.900156 0.998752
    endloop
  endfacet
  facet normal -0.525654 0.487771 0.696970
    outer loop
      vertex -4.551651 -4.900156 0.998752
      vertex -5.098559 -5.151546 0.762210
      vertex -5.184496 -5.359017 0.842593
    endloop
  endfacet
  facet normal -0.525654 0.487771 0.696970
    outer loop
      vertex -4.551651 -4.900156 0.998752
      vertex -5.184496 -5.359017 0.842593
      vertex -4.715114 -5.294790 1.151651
    endloop
  endfacet
  facet normal -0.551412 0.317387 0.771499
    outer loop
      vertex -4.715114 -5.294790 1.151651
      vertex -5.184496 -5.359017 0.842593
      vertex -5.285866 -5.603746 0.870820
    endloop
  endfacet
  facet normal -0.551412 0.317387 0.771499
    outer loop
      vertex -4.715114 -5.294790 1.151651
      vertex -5.285866 -5.603746 0.870820
      vertex -4.907931 -5.760292 1.205342
    endloop
  endfacet
  facet normal -0.614333 0.165481 0.771499
    outer loop
      vertex -4.907931 -5.760292 1.205342
      vertex -5.285866 -5.603746 0.870820
      vertex -5.387236 -5.848475 0.842593
    endloop
  endfacet
  facet normal -0.614333 0.165481 0.771499
    outer loop
      vertex -4.907931 -5.760292 1.205342
      vertex -5.387236 -5.848475 0.842593
      vertex -5.100749 -6.225794 1.151651
    endloop
  endfacet
  facet normal -0.716599 0.026787 0.696970
    outer loop
      vertex -5.100749 -6.225794 1.151651
      vertex -5.387236 -5.848475 0.842593
      vertex -5.473174 -6.055947 0.762210
    endloop
  endfacet
  facet normal -0.716599 0.026787 0.696970
    outer loop
      vertex -5.100749 -6.225794 1.151651
      vertex -5.473174 -6.055947 0.762210
      vertex -5.264211 -6.620428 0.998752
    endloop
  endfacet
  facet normal -0.849806 -0.097522 0.517996
    outer loop
      vertex -5.264211 -6.620428 0.998752
      vertex -5.473174 -6.055947 0.762210
      vertex -5.530595 -6.194574 0.641907
    endloop
  endfacet
  facet normal -0.849806 -0.097522 0.517996
    outer loop
      vertex -5.264211 -6.620428 0.998752
      vertex -5.530595 -6.194574 0.641907
      vertex -5.373434 -6.884114 0.769923
    endloop
  endfacet
  facet normal -0.962791 -0.182426 0.199384
    outer loop
      vertex -5.373434 -6.884114 0.769923
      vertex -5.530595 -6.194574 0.641907
      vertex -5.550759 -6.243254 0.500000
    endloop
  endfacet
  facet normal -0.962791 -0.182426 0.199384
    outer loop
      vertex -5.373434 -6.884114 0.769923
      vertex -5.550759 -6.243254 0.500000
      vertex -5.411787 -6.976708 0.500000
    endloop
  endfacet
  facet normal 0.000000 0.000000 1.000000
    outer loop
      vertex -5.020974 -4.964239 0.500000
      vertex -5.416094 -5.549804 0.500000
      vertex -5.416094 -5.549804 0.500000
    endloop
  endfacet
  facet normal -0.826672 0.557811 0.073888
    outer loop
      vertex -5.020974 -4.964239 0.500000
      vertex -5.416094 -5.549804 0.500000
      vertex -5.041137 -5.012918 0.641907
    endloop
  endfacet
  facet normal 0.000000 0.000000 1.000000
    outer loop
      vertex -5.041137 -5.012918 0.641907
      vertex -5.416094 -5.549804 0.500000
      vertex -5.416094 -5.549804 0.500000
    endloop
  endfacet
  facet normal -0.826902 0.522639 0.207563
    outer loop
      vertex -5.041137 -5.012918 0.641907
      vertex -5.416094 -5.549804 0.500000
      vertex -5.098559 -5.151546 0.762210
    endloop
  endfacet
  facet normal 0.000000 0.000000 1.000000
    outer loop
      vertex -5.098559 -5.151546 0.762210
      vertex -5.416094 -5.549804 0.500000
      vertex -5.416094 -5.549804 0.500000
    endloop
  endfacet
  facet normal -0.832332 0.462890 0.304888
    outer loop
      vertex -5.098559 -5.151546 0.762210
      vertex -5.416094 -5.549804 0.500000
      vertex -5.184496 -5.359017 0.842593
    endloop
  endfacet
  facet normal 0.000000 0.000000 1.000000
    outer loop
      vertex -5.184496 -5.359017 0.842593
      vertex -5.416094 -5.549804 0.500000
      vertex -5.416094 -5.549804 0.500000
    endloop
  endfacet
  facet normal -0.848495 0.392411 0.355064
    outer loop
      vertex -5.184496 -5.359017 0.842593
      vertex -5.416094 -5.549804 0.500000
      vertex -5.285866 -5.603746 0.870820
    endloop
  endfacet
  facet normal 0.000000 0.000000 1.000000
    outer loop
      vertex -5.285866 -5.603746 0.870820
      vertex -5.416094 -5.549804 0.500000
      vertex -5.416094 -5.549804 0.500000
    endloop
  endfacet
  facet normal -0.877453 0.322500 0.355064
    outer loop
      vertex -5.285866 -5.603746 0.870820
      vertex -5.416094 -5.549804 0.500000
      vertex -5.387236 -5.848475 0.842593
    endloop
  endfacet
  facet normal 0.000000 0.000000 1.000000
    outer loop
      vertex -5.387236 -5.848475 0.842593
      vertex -5.416094 -5.549804 0.500000
      vertex -5.416094 -5.549804 0.500000
    endloop
  endfacet
  facet normal -0.915860 0.261234 0.304888
    outer loop
      vertex -5.387236 -5.848475 0.842593
      vertex -5.416094 -5.549804 0.500000
      vertex -5.473174 -6.055947 0.762210
    endloop
  endfacet
  facet normal 0.000000 0.000000 1.000000
    outer loop
      vertex -5.473174 -6.055947 0.762210
      vertex -5.416094 -5.549804 0.500000
      vertex -5.416094 -5.549804 0.500000
    endloop
  endfacet
  facet normal -0.954269 0.215146 0.207563
    outer loop
      vertex -5.473174 -6.055947 0.762210
      vertex -5.416094 -5.549804 0.500000
      vertex -5.530595 -6.194574 0.641907
    endloop
  endfacet
  facet normal 0.000000 0.000000 1.000000
    outer loop
      vertex -5.530595 -6.194574 0.641907
      vertex -5.416094 -5.549804 0.500000
      vertex -5.416094 -5.549804 0.500000
    endloop
  endfacet
  facet normal -0.978978 0.190114 0.073888
    outer loop
      vertex -5.530595 -6.194574 0.641907
      vertex -5.416094 -5.549804 0.500000
      vertex -5.550759 -6.243254 0.500000
    endloop
  endfacet
  facet normal 0.826672 0.557811 0.073888
    outer loop
      vertex 5.416094 -5.549804 0.500000
      vertex 5.020974 -4.964239 0.500000
      vertex 5.041137 -5.012918 0.641907
    endloop
  endfacet
  facet normal 0.000000 0.000000 1.000000
    outer loop
      vertex 5.416094 -5.549804 0.500000
      vertex 5.041137 -5.012918 0.641907
      vertex 5.416094 -5.549804 0.500000
    endloop
  endfacet
  facet normal 0.826902 0.522639 0.207563
    outer loop
      vertex 5.416094 -5.549804 0.500000
      vertex 5.041137 -5.012918 0.641907
      vertex 5.098559 -5.151546 0.762210
    endloop
  endfacet
  facet normal 0.000000 0.000000 1.000000
    outer loop
      vertex 5.416094 -5.549804 0.500000
      vertex 5.098559 -5.151546 0.762210
      vertex 5.416094 -5.549804 0.500000
    endloop
  endfacet
  facet normal 0.832332 0.462890 0.304888
    outer loop
      vertex 5.416094 -5.549804 0.500000
      vertex 5.098559 -5.151546 0.762210
      vertex 5.184496 -5.359017 0.842593
    endloop
  endfacet
  facet normal 0.000000 0.000000 1.000000
    outer loop
      vertex 5.416094 -5.549804 0.500000
      vertex 5.184496 -5.359017 0.842593
      vertex 5.416094 -5.549804 0.500000
    endloop
  endfacet
  facet normal 0.848495 0.392411 0.355064
    outer loop
      vertex 5.416094 -5.549804 0.500000
      vertex 5.184496 -5.359017 0.842593
      vertex 5.285866 -5.603746 0.870820
    endloop
  endfacet
  facet normal 0.000000 0.000000 1.000000
    outer loop
      vertex 5.416094 -5.549804 0.500000
      vertex 5.285866 -5.603746 0.870820
      vertex 5.416094 -5.549804 0.500000
    endloop
  endfacet
  facet normal 0.877453 0.322500 0.355064
    outer loop
      vertex 5.416094 -5.549804 0.500000
      vertex 5.285866 -5.603746 0.870820
      vertex 5.387236 -5.848475 0.842593
    endloop
  endfacet
  facet normal 0.000000 0.000000 1.000000
    outer loop
      vertex 5.416094 -5.549804 0.500000
      vertex 5.387236 -5.848475 0.842593
      vertex 5.416094 -5.549804 0.500000
    endloop
  endfacet
  facet normal 0.915860 0.261234 0.304888
    outer loop
      vertex 5.416094 -5.549804 0.500000
      vertex 5.387236 -5.848475 0.842593
      vertex 5.473174 -6.055947 0.762210
    endloop
  endfacet
  facet normal 0.000000 0.000000 1.000000
    outer loop
      vertex 5.416094 -5.549804 0.500000
      vertex 5.473174 -6.055947 0.762210
      vertex 5.416094 -5.549804 0.500000
    endloop
  endfacet
  facet normal 0.954269 0.215146 0.207563
    outer loop
      vertex 5.416094 -5.549804 0.500000
      vertex 5.473174 -6.055947 0.762210
      vertex 5.530595 -6.194574 0.641907
    endloop
  endfacet
  facet normal 0.000000 0.000000 1.000000
    outer loop
      vertex 5.416094 -5.549804 0.500000
      vertex 5.530595 -6.194574 0.641907
      vertex 5.416094 -5.549804 0.500000
    endloop
  endfacet
  facet normal 0.978978 0.190114 0.073888
    outer loop
      vertex 5.416094 -5.549804 0.500000
      vertex 5.530595 -6.194574 0.641907
      vertex 5.550759 -6.243254 0.500000
    endloop
  endfacet
  facet normal 0.000000 0.000000 1.000000
    outer loop
      vertex 5.416094 -5.549804 0.500000
      vertex 5.550759 -6.243254 0.500000
      vertex 5.416094 -5.549804 0.500000
    endloop
  endfacet
  facet normal 0.551802 0.809791 0.199384
    outer loop
      vertex 5.020974 -4.964239 0.500000
      vertex 4.404075 -4.543876 0.500000
      vertex 4.442429 -4.636470 0.769923
    endloop
  endfacet
  facet normal 0.551802 0.809791 0.199384
    outer loop
      vertex 5.020974 -4.964239 0.500000
      vertex 4.442429 -4.636470 0.769923
      vertex 5.041137 -5.012918 0.641907
    endloop
  endfacet
  facet normal 0.531945 0.669862 0.517996
    outer loop
      vertex 5.041137 -5.012918 0.641907
      vertex 4.442429 -4.636470 0.769923
      vertex 4.551651 -4.900156 0.998752
    endloop
  endfacet
  facet normal 0.531945 0.669862 0.517996
    outer loop
      vertex 5.041137 -5.012918 0.641907
      vertex 4.551651 -4.900156 0.998752
      vertex 5.098559 -5.151546 0.762210
    endloop
  endfacet
  facet normal 0.525654 0.487771 0.696970
    outer loop
      vertex 5.098559 -5.151546 0.762210
      vertex 4.551651 -4.900156 0.998752
      vertex 4.715114 -5.294790 1.151651
    endloop
  endfacet
  facet normal 0.525654 0.487771 0.696970
    outer loop
      vertex 5.098559 -5.151546 0.762210
      vertex 4.715114 -5.294790 1.151651
      vertex 5.184496 -5.359017 0.842593
    endloop
  endfacet
  facet normal 0.551412 0.317387 0.771499
    outer loop
      vertex 5.184496 -5.359017 0.842593
      vertex 4.715114 -5.294790 1.151651
      vertex 4.907931 -5.760292 1.205342
    endloop
  endfacet
  facet normal 0.551412 0.317387 0.771499
    outer loop
      vertex 5.184496 -5.359017 0.842593
      vertex 4.907931 -5.760292 1.205342
      vertex 5.285866 -5.603746 0.870820
    endloop
  endfacet
  facet normal 0.614333 0.165481 0.771499
    outer loop
      vertex 5.285866 -5.603746 0.870820
      vertex 4.907931 -5.760292 1.205342
      vertex 5.100749 -6.225794 1.151651
    endloop
  endfacet
  facet normal 0.614333 0.165481 0.771499
    outer loop
      vertex 5.285866 -5.603746 0.870820
      vertex 5.100749 -6.225794 1.151651
      vertex 5.387236 -5.848475 0.842593
    endloop
  endfacet
  facet normal 0.716599 0.026787 0.696970
    outer loop
      vertex 5.387236 -5.848475 0.842593
      vertex 5.100749 -6.225794 1.151651
      vertex 5.264211 -6.620428 0.998752
    endloop
  endfacet
  facet normal 0.716599 0.026787 0.696970
    outer loop
      vertex 5.387236 -5.848475 0.842593
      vertex 5.264211 -6.620428 0.998752
      vertex 5.473174 -6.055947 0.762210
    endloop
  endfacet
  facet normal 0.849806 -0.097522 0.517996
    outer loop
      vertex 5.473174 -6.055947 0.762210
      vertex 5.264211 -6.620428 0.998752
      vertex 5.373434 -6.884114 0.769923
    endloop
  endfacet
  facet normal 0.849806 -0.097522 0.517996
    outer loop
      vertex 5.473174 -6.055947 0.762210
      vertex 5.373434 -6.884114 0.769923
      vertex 5.530595 -6.194574 0.641907
    endloop
  endfacet
  facet normal 0.962791 -0.182426 0.199384
    outer loop
      vertex 5.530595 -6.194574 0.641907
      vertex 5.373434 -6.884114 0.769923
      vertex 5.411787 -6.976708 0.500000
    endloop
  endfacet
  facet normal 0.962791 -0.182426 0.199384
    outer loop
      vertex 5.530595 -6.194574 0.641907
      vertex 5.411787 -6.976708 0.500000
      vertex 5.550759 -6.243254 0.500000
    endloop
  endfacet
  facet normal 0.254432 0.925288 0.281258
    outer loop
      vertex 4.404075 -4.543876 0.500000
      vertex 3.625786 -4.329865 0.500000
      vertex 3.678575 -4.457310 0.871517
    endloop
  endfacet
  facet normal 0.254432 0.925288 0.281258
    outer loop
      vertex 4.404075 -4.543876 0.500000
      vertex 3.678575 -4.457310 0.871517
      vertex 4.442429 -4.636470 0.769923
    endloop
  endfacet
  facet normal 0.252241 0.691717 0.676685
    outer loop
      vertex 4.442429 -4.636470 0.769923
      vertex 3.678575 -4.457310 0.871517
      vertex 3.828907 -4.820242 1.186474
    endloop
  endfacet
  facet normal 0.252241 0.691717 0.676685
    outer loop
      vertex 4.442429 -4.636470 0.769923
      vertex 3.828907 -4.820242 1.186474
      vertex 4.551651 -4.900156 0.998752
    endloop
  endfacet
  facet normal 0.270944 0.443283 0.854453
    outer loop
      vertex 4.551651 -4.900156 0.998752
      vertex 3.828907 -4.820242 1.186474
      vertex 4.053894 -5.363409 1.396921
    endloop
  endfacet
  facet normal 0.270944 0.443283 0.854453
    outer loop
      vertex 4.551651 -4.900156 0.998752
      vertex 4.053894 -5.363409 1.396921
      vertex 4.715114 -5.294790 1.151651
    endloop
  endfacet
  facet normal 0.316170 0.236918 0.918644
    outer loop
      vertex 4.715114 -5.294790 1.151651
      vertex 4.053894 -5.363409 1.396921
      vertex 4.319284 -6.004118 1.470820
    endloop
  endfacet
  facet normal 0.316170 0.236918 0.918644
    outer loop
      vertex 4.715114 -5.294790 1.151651
      vertex 4.319284 -6.004118 1.470820
      vertex 4.907931 -5.760292 1.205342
    endloop
  endfacet
  facet normal 0.391093 0.056040 0.918644
    outer loop
      vertex 4.907931 -5.760292 1.205342
      vertex 4.319284 -6.004118 1.470820
      vertex 4.584674 -6.644827 1.396921
    endloop
  endfacet
  facet normal 0.391093 0.056040 0.918644
    outer loop
      vertex 4.907931 -5.760292 1.205342
      vertex 4.584674 -6.644827 1.396921
      vertex 5.100749 -6.225794 1.151651
    endloop
  endfacet
  facet normal 0.505035 -0.121862 0.854453
    outer loop
      vertex 5.100749 -6.225794 1.151651
      vertex 4.584674 -6.644827 1.396921
      vertex 4.809661 -7.187993 1.186474
    endloop
  endfacet
  facet normal 0.505035 -0.121862 0.854453
    outer loop
      vertex 5.100749 -6.225794 1.151651
      vertex 4.809661 -7.187993 1.186474
      vertex 5.264211 -6.620428 0.998752
    endloop
  endfacet
  facet normal 0.667479 -0.310756 0.676685
    outer loop
      vertex 5.264211 -6.620428 0.998752
      vertex 4.809661 -7.187993 1.186474
      vertex 4.959993 -7.550926 0.871517
    endloop
  endfacet
  facet normal 0.667479 -0.310756 0.676685
    outer loop
      vertex 5.264211 -6.620428 0.998752
      vertex 4.959993 -7.550926 0.871517
      vertex 5.373434 -6.884114 0.769923
    endloop
  endfacet
  facet normal 0.834188 -0.474367 0.281258
    outer loop
      vertex 5.373434 -6.884114 0.769923
      vertex 4.959993 -7.550926 0.871517
      vertex 5.012782 -7.678371 0.500000
    endloop
  endfacet
  facet normal 0.834188 -0.474367 0.281258
    outer loop
      vertex 5.373434 -6.884114 0.769923
      vertex 5.012782 -7.678371 0.500000
      vertex 5.411787 -6.976708 0.500000
    endloop
  endfacet
  facet normal -0.014546 0.945157 0.326293
    outer loop
      vertex 3.625786 -4.329865 0.500000
      vertex 2.762289 -4.343154 0.500000
      vertex 2.824346 -4.492975 0.936744
    endloop
  endfacet
  facet normal -0.014546 0.945157 0.326293
    outer loop
      vertex 3.625786 -4.329865 0.500000
      vertex 2.824346 -4.492975 0.936744
      vertex 3.678575 -4.457310 0.871517
    endloop
  endfacet
  facet normal 0.029538 0.662089 0.748843
    outer loop
      vertex 3.678575 -4.457310 0.871517
      vertex 2.824346 -4.492975 0.936744
      vertex 3.001072 -4.919627 1.306998
    endloop
  endfacet
  facet normal 0.029538 0.662089 0.748843
    outer loop
      vertex 3.678575 -4.457310 0.871517
      vertex 3.001072 -4.919627 1.306998
      vertex 3.828907 -4.820242 1.186474
    endloop
  endfacet
  facet normal 0.086489 0.390870 0.916374
    outer loop
      vertex 3.828907 -4.820242 1.186474
      vertex 3.001072 -4.919627 1.306998
      vertex 3.265560 -5.558158 1.554394
    endloop
  endfacet
  facet normal 0.086489 0.390870 0.916374
    outer loop
      vertex 3.828907 -4.820242 1.186474
      vertex 3.265560 -5.558158 1.554394
      vertex 4.053894 -5.363409 1.396921
    endloop
  endfacet
  facet normal 0.151157 0.174828 0.972927
    outer loop
      vertex 4.053894 -5.363409 1.396921
      vertex 3.265560 -5.558158 1.554394
      vertex 3.577545 -6.311356 1.641268
    endloop
  endfacet
  facet normal 0.151157 0.174828 0.972927
    outer loop
      vertex 4.053894 -5.363409 1.396921
      vertex 3.577545 -6.311356 1.641268
      vertex 4.319284 -6.004118 1.470820
    endloop
  endfacet
  facet normal 0.230506 -0.016738 0.972927
    outer loop
      vertex 4.319284 -6.004118 1.470820
      vertex 3.577545 -6.311356 1.641268
      vertex 3.889530 -7.064555 1.554394
    endloop
  endfacet
  facet normal 0.230506 -0.016738 0.972927
    outer loop
      vertex 4.319284 -6.004118 1.470820
      vertex 3.889530 -7.064555 1.554394
      vertex 4.584674 -6.644827 1.396921
    endloop
  endfacet
  facet normal 0.337544 -0.215229 0.916374
    outer loop
      vertex 4.584674 -6.644827 1.396921
      vertex 3.889530 -7.064555 1.554394
      vertex 4.154018 -7.703085 1.306998
    endloop
  endfacet
  facet normal 0.337544 -0.215229 0.916374
    outer loop
      vertex 4.584674 -6.644827 1.396921
      vertex 4.154018 -7.703085 1.306998
      vertex 4.809661 -7.187993 1.186474
    endloop
  endfacet
  facet normal 0.489054 -0.447281 0.748843
    outer loop
      vertex 4.809661 -7.187993 1.186474
      vertex 4.154018 -7.703085 1.306998
      vertex 4.330743 -8.129738 0.936744
    endloop
  endfacet
  facet normal 0.489054 -0.447281 0.748843
    outer loop
      vertex 4.809661 -7.187993 1.186474
      vertex 4.330743 -8.129738 0.936744
      vertex 4.959993 -7.550926 0.871517
    endloop
  endfacet
  facet normal 0.658041 -0.678612 0.326293
    outer loop
      vertex 4.959993 -7.550926 0.871517
      vertex 4.330743 -8.129738 0.936744
      vertex 4.392801 -8.279558 0.500000
    endloop
  endfacet
  facet normal 0.658041 -0.678612 0.326293
    outer loop
      vertex 4.959993 -7.550926 0.871517
      vertex 4.392801 -8.279558 0.500000
      vertex 5.012782 -7.678371 0.500000
    endloop
  endfacet
  facet normal -0.250394 0.904287 0.345785
    outer loop
      vertex 2.762289 -4.343154 0.500000
      vertex 1.898110 -4.582442 0.500000
      vertex 1.963361 -4.739973 0.959220
    endloop
  endfacet
  facet normal -0.250394 0.904287 0.345785
    outer loop
      vertex 2.762289 -4.343154 0.500000
      vertex 1.963361 -4.739973 0.959220
      vertex 2.824346 -4.492975 0.936744
    endloop
  endfacet
  facet normal -0.154765 0.610182 0.776998
    outer loop
      vertex 2.824346 -4.492975 0.936744
      vertex 1.963361 -4.739973 0.959220
      vertex 2.149181 -5.188582 1.348528
    endloop
  endfacet
  facet normal -0.154765 0.610182 0.776998
    outer loop
      vertex 2.824346 -4.492975 0.936744
      vertex 2.149181 -5.188582 1.348528
      vertex 3.001072 -4.919627 1.306998
    endloop
  endfacet
  facet normal -0.061093 0.338498 0.938982
    outer loop
      vertex 3.001072 -4.919627 1.306998
      vertex 2.149181 -5.188582 1.348528
      vertex 2.427280 -5.859973 1.608655
    endloop
  endfacet
  facet normal -0.061093 0.338498 0.938982
    outer loop
      vertex 3.001072 -4.919627 1.306998
      vertex 2.427280 -5.859973 1.608655
      vertex 3.265560 -5.558158 1.554394
    endloop
  endfacet
  facet normal 0.020034 0.122743 0.992236
    outer loop
      vertex 3.265560 -5.558158 1.554394
      vertex 2.427280 -5.859973 1.608655
      vertex 2.755321 -6.651933 1.700000
    endloop
  endfacet
  facet normal 0.020034 0.122743 0.992236
    outer loop
      vertex 3.265560 -5.558158 1.554394
      vertex 2.755321 -6.651933 1.700000
      vertex 3.577545 -6.311356 1.641268
    endloop
  endfacet
  facet normal 0.100959 -0.072626 0.992236
    outer loop
      vertex 3.577545 -6.311356 1.641268
      vertex 2.755321 -6.651933 1.700000
      vertex 3.083361 -7.443892 1.608655
    endloop
  endfacet
  facet normal 0.100959 -0.072626 0.992236
    outer loop
      vertex 3.577545 -6.311356 1.641268
      vertex 3.083361 -7.443892 1.608655
      vertex 3.889530 -7.064555 1.554394
    endloop
  endfacet
  facet normal 0.196155 -0.282554 0.938982
    outer loop
      vertex 3.889530 -7.064555 1.554394
      vertex 3.083361 -7.443892 1.608655
      vertex 3.361460 -8.115283 1.348528
    endloop
  endfacet
  facet normal 0.196155 -0.282554 0.938982
    outer loop
      vertex 3.889530 -7.064555 1.554394
      vertex 3.361460 -8.115283 1.348528
      vertex 4.154018 -7.703085 1.306998
    endloop
  endfacet
  facet normal 0.322028 -0.540899 0.776998
    outer loop
      vertex 4.154018 -7.703085 1.306998
      vertex 3.361460 -8.115283 1.348528
      vertex 3.547280 -8.563892 0.959220
    endloop
  endfacet
  facet normal 0.322028 -0.540899 0.776998
    outer loop
      vertex 4.154018 -7.703085 1.306998
      vertex 3.547280 -8.563892 0.959220
      vertex 4.330743 -8.129738 0.936744
    endloop
  endfacet
  facet normal 0.462372 -0.816483 0.345785
    outer loop
      vertex 4.330743 -8.129738 0.936744
      vertex 3.547280 -8.563892 0.959220
      vertex 3.612532 -8.721423 0.500000
    endloop
  endfacet
  facet normal 0.462372 -0.816483 0.345785
    outer loop
      vertex 4.330743 -8.129738 0.936744
      vertex 3.612532 -8.721423 0.500000
      vertex 4.392801 -8.279558 0.500000
    endloop
  endfacet
  facet normal -0.462372 0.816483 0.345785
    outer loop
      vertex 1.898110 -4.582442 0.500000
      vertex 1.117841 -5.024307 0.500000
      vertex 1.179898 -5.174127 0.936744
    endloop
  endfacet
  facet normal -0.462372 0.816483 0.345785
    outer loop
      vertex 1.898110 -4.582442 0.500000
      vertex 1.179898 -5.174127 0.936744
      vertex 1.963361 -4.739973 0.959220
    endloop
  endfacet
  facet normal -0.322028 0.540899 0.776998
    outer loop
      vertex 1.963361 -4.739973 0.959220
      vertex 1.179898 -5.174127 0.936744
      vertex 1.356624 -5.600780 1.306998
    endloop
  endfacet
  facet normal -0.322028 0.540899 0.776998
    outer loop
      vertex 1.963361 -4.739973 0.959220
      vertex 1.356624 -5.600780 1.306998
      vertex 2.149181 -5.188582 1.348528
    endloop
  endfacet
  facet normal -0.196155 0.282554 0.938982
    outer loop
      vertex 2.149181 -5.188582 1.348528
      vertex 1.356624 -5.600780 1.306998
      vertex 1.621112 -6.239311 1.554394
    endloop
  endfacet
  facet normal -0.196155 0.282554 0.938982
    outer loop
      vertex 2.149181 -5.188582 1.348528
      vertex 1.621112 -6.239311 1.554394
      vertex 2.427280 -5.859973 1.608655
    endloop
  endfacet
  facet normal -0.100959 0.072626 0.992236
    outer loop
      vertex 2.427280 -5.859973 1.608655
      vertex 1.621112 -6.239311 1.554394
      vertex 1.933097 -6.992509 1.641268
    endloop
  endfacet
  facet normal -0.100959 0.072626 0.992236
    outer loop
      vertex 2.427280 -5.859973 1.608655
      vertex 1.933097 -6.992509 1.641268
      vertex 2.755321 -6.651933 1.700000
    endloop
  endfacet
  facet normal -0.020034 -0.122743 0.992236
    outer loop
      vertex 2.755321 -6.651933 1.700000
      vertex 1.933097 -6.992509 1.641268
      vertex 2.245082 -7.745707 1.554394
    endloop
  endfacet
  facet normal -0.020034 -0.122743 0.992236
    outer loop
      vertex 2.755321 -6.651933 1.700000
      vertex 2.245082 -7.745707 1.554394
      vertex 3.083361 -7.443892 1.608655
    endloop
  endfacet
  facet normal 0.061093 -0.338498 0.938982
    outer loop
      vertex 3.083361 -7.443892 1.608655
      vertex 2.245082 -7.745707 1.554394
      vertex 2.509570 -8.384238 1.306998
    endloop
  endfacet
  facet normal 0.061093 -0.338498 0.938982
    outer loop
      vertex 3.083361 -7.443892 1.608655
      vertex 2.509570 -8.384238 1.306998
      vertex 3.361460 -8.115283 1.348528
    endloop
  endfacet
  facet normal 0.154765 -0.610182 0.776998
    outer loop
      vertex 3.361460 -8.115283 1.348528
      vertex 2.509570 -8.384238 1.306998
      vertex 2.686295 -8.810891 0.936744
    endloop
  endfacet
  facet normal 0.154765 -0.610182 0.776998
    outer loop
      vertex 3.361460 -8.115283 1.348528
      vertex 2.686295 -8.810891 0.936744
      vertex 3.547280 -8.563892 0.959220
    endloop
  endfacet
  facet normal 0.250394 -0.904287 0.345785
    outer loop
      vertex 3.547280 -8.563892 0.959220
      vertex 2.686295 -8.810891 0.936744
      vertex 2.748353 -8.960711 0.500000
    endloop
  endfacet
  facet normal 0.250394 -0.904287 0.345785
    outer loop
      vertex 3.547280 -8.563892 0.959220
      vertex 2.748353 -8.960711 0.500000
      vertex 3.612532 -8.721423 0.500000
    endloop
  endfacet
  facet normal -0.658041 0.678612 0.326293
    outer loop
      vertex 1.117841 -5.024307 0.500000
      vertex 0.497859 -5.625495 0.500000
      vertex 0.550649 -5.752940 0.871517
    endloop
  endfacet
  facet normal -0.658041 0.678612 0.326293
    outer loop
      vertex 1.117841 -5.024307 0.500000
      vertex 0.550649 -5.752940 0.871517
      vertex 1.179898 -5.174127 0.936744
    endloop
  endfacet
  facet normal -0.489054 0.447281 0.748843
    outer loop
      vertex 1.179898 -5.174127 0.936744
      vertex 0.550649 -5.752940 0.871517
      vertex 0.700980 -6.115872 1.186474
    endloop
  endfacet
  facet normal -0.489054 0.447281 0.748843
    outer loop
      vertex 1.179898 -5.174127 0.936744
      vertex 0.700980 -6.115872 1.186474
      vertex 1.356624 -5.600780 1.306998
    endloop
  endfacet
  facet normal -0.337544 0.215229 0.916374
    outer loop
      vertex 1.356624 -5.600780 1.306998
      vertex 0.700980 -6.115872 1.186474
      vertex 0.925967 -6.659039 1.396921
    endloop
  endfacet
  facet normal -0.337544 0.215229 0.916374
    outer loop
      vertex 1.356624 -5.600780 1.306998
      vertex 0.925967 -6.659039 1.396921
      vertex 1.621112 -6.239311 1.554394
    endloop
  endfacet
  facet normal -0.230506 0.016738 0.972927
    outer loop
      vertex 1.621112 -6.239311 1.554394
      vertex 0.925967 -6.659039 1.396921
      vertex 1.191358 -7.299747 1.470820
    endloop
  endfacet
  facet normal -0.230506 0.016738 0.972927
    outer loop
      vertex 1.621112 -6.239311 1.554394
      vertex 1.191358 -7.299747 1.470820
      vertex 1.933097 -6.992509 1.641268
    endloop
  endfacet
  facet normal -0.151157 -0.174828 0.972927
    outer loop
      vertex 1.933097 -6.992509 1.641268
      vertex 1.191358 -7.299747 1.470820
      vertex 1.456748 -7.940456 1.396921
    endloop
  endfacet
  facet normal -0.151157 -0.174828 0.972927
    outer loop
      vertex 1.933097 -6.992509 1.641268
      vertex 1.456748 -7.940456 1.396921
      vertex 2.245082 -7.745707 1.554394
    endloop
  endfacet
  facet normal -0.086489 -0.390870 0.916374
    outer loop
      vertex 2.245082 -7.745707 1.554394
      vertex 1.456748 -7.940456 1.396921
      vertex 1.681735 -8.483623 1.186474
    endloop
  endfacet
  facet normal -0.086489 -0.390870 0.916374
    outer loop
      vertex 2.245082 -7.745707 1.554394
      vertex 1.681735 -8.483623 1.186474
      vertex 2.509570 -8.384238 1.306998
    endloop
  endfacet
  facet normal -0.029538 -0.662089 0.748843
    outer loop
      vertex 2.509570 -8.384238 1.306998
      vertex 1.681735 -8.483623 1.186474
      vertex 1.832066 -8.846555 0.871517
    endloop
  endfacet
  facet normal -0.029538 -0.662089 0.748843
    outer loop
      vertex 2.509570 -8.384238 1.306998
      vertex 1.832066 -8.846555 0.871517
      vertex 2.686295 -8.810891 0.936744
    endloop
  endfacet
  facet normal 0.014546 -0.945157 0.326293
    outer loop
      vertex 2.686295 -8.810891 0.936744
      vertex 1.832066 -8.846555 0.871517
      vertex 1.884856 -8.974000 0.500000
    endloop
  endfacet
  facet normal 0.014546 -0.945157 0.326293
    outer loop
      vertex 2.686295 -8.810891 0.936744
      vertex 1.884856 -8.974000 0.500000
      vertex 2.748353 -8.960711 0.500000
    endloop
  endfacet
  facet normal -0.834188 0.474367 0.281258
    outer loop
      vertex 0.497859 -5.625495 0.500000
      vertex 0.098854 -6.327157 0.500000
      vertex 0.137208 -6.419751 0.769923
    endloop
  endfacet
  facet normal -0.834188 0.474367 0.281258
    outer loop
      vertex 0.497859 -5.625495 0.500000
      vertex 0.137208 -6.419751 0.769923
      vertex 0.550649 -5.752940 0.871517
    endloop
  endfacet
  facet normal -0.667479 0.310756 0.676685
    outer loop
      vertex 0.550649 -5.752940 0.871517
      vertex 0.137208 -6.419751 0.769923
      vertex 0.246430 -6.683437 0.998752
    endloop
  endfacet
  facet normal -0.667479 0.310756 0.676685
    outer loop
      vertex 0.550649 -5.752940 0.871517
      vertex 0.246430 -6.683437 0.998752
      vertex 0.700980 -6.115872 1.186474
    endloop
  endfacet
  facet normal -0.505035 0.121862 0.854453
    outer loop
      vertex 0.700980 -6.115872 1.186474
      vertex 0.246430 -6.683437 0.998752
      vertex 0.409893 -7.078071 1.151651
    endloop
  endfacet
  facet normal -0.505035 0.121862 0.854453
    outer loop
      vertex 0.700980 -6.115872 1.186474
      vertex 0.409893 -7.078071 1.151651
      vertex 0.925967 -6.659039 1.396921
    endloop
  endfacet
  facet normal -0.391093 -0.056040 0.918644
    outer loop
      vertex 0.925967 -6.659039 1.396921
      vertex 0.409893 -7.078071 1.151651
      vertex 0.602710 -7.543573 1.205342
    endloop
  endfacet
  facet normal -0.391093 -0.056040 0.918644
    outer loop
      vertex 0.925967 -6.659039 1.396921
      vertex 0.602710 -7.543573 1.205342
      vertex 1.191358 -7.299747 1.470820
    endloop
  endfacet
  facet normal -0.316170 -0.236918 0.918644
    outer loop
      vertex 1.191358 -7.299747 1.470820
      vertex 0.602710 -7.543573 1.205342
      vertex 0.795527 -8.009075 1.151651
    endloop
  endfacet
  facet normal -0.316170 -0.236918 0.918644
    outer loop
      vertex 1.191358 -7.299747 1.470820
      vertex 0.795527 -8.009075 1.151651
      vertex 1.456748 -7.940456 1.396921
    endloop
  endfacet
  facet normal -0.270944 -0.443283 0.854453
    outer loop
      vertex 1.456748 -7.940456 1.396921
      vertex 0.795527 -8.009075 1.151651
      vertex 0.958990 -8.403709 0.998752
    endloop
  endfacet
  facet normal -0.270944 -0.443283 0.854453
    outer loop
      vertex 1.456748 -7.940456 1.396921
      vertex 0.958990 -8.403709 0.998752
      vertex 1.681735 -8.483623 1.186474
    endloop
  endfacet
  facet normal -0.252241 -0.691717 0.676685
    outer loop
      vertex 1.681735 -8.483623 1.186474
      vertex 0.958990 -8.403709 0.998752
      vertex 1.068212 -8.667395 0.769923
    endloop
  endfacet
  facet normal -0.252241 -0.691717 0.676685
    outer loop
      vertex 1.681735 -8.483623 1.186474
      vertex 1.068212 -8.667395 0.769923
      vertex 1.832066 -8.846555 0.871517
    endloop
  endfacet
  facet normal -0.254432 -0.925288 0.281258
    outer loop
      vertex 1.832066 -8.846555 0.871517
      vertex 1.068212 -8.667395 0.769923
      vertex 1.106566 -8.759989 0.500000
    endloop
  endfacet
  facet normal -0.254432 -0.925288 0.281258
    outer loop
      vertex 1.832066 -8.846555 0.871517
      vertex 1.106566 -8.759989 0.500000
      vertex 1.884856 -8.974000 0.500000
    endloop
  endfacet
  facet normal -0.962791 0.182426 0.199384
    outer loop
      vertex 0.098854 -6.327157 0.500000
      vertex -0.040118 -7.060611 0.500000
      vertex -0.019954 -7.109291 0.641907
    endloop
  endfacet
  facet normal -0.962791 0.182426 0.199384
    outer loop
      vertex 0.098854 -6.327157 0.500000
      vertex -0.019954 -7.109291 0.641907
      vertex 0.137208 -6.419751 0.769923
    endloop
  endfacet
  facet normal -0.849806 0.097522 0.517996
    outer loop
      vertex 0.137208 -6.419751 0.769923
      vertex -0.019954 -7.109291 0.641907
      vertex 0.037468 -7.247919 0.762210
    endloop
  endfacet
  facet normal -0.849806 0.097522 0.517996
    outer loop
      vertex 0.137208 -6.419751 0.769923
      vertex 0.037468 -7.247919 0.762210
      vertex 0.246430 -6.683437 0.998752
    endloop
  endfacet
  facet normal -0.716599 -0.026787 0.696970
    outer loop
      vertex 0.246430 -6.683437 0.998752
      vertex 0.037468 -7.247919 0.762210
      vertex 0.123405 -7.455390 0.842593
    endloop
  endfacet
  facet normal -0.716599 -0.026787 0.696970
    outer loop
      vertex 0.246430 -6.683437 0.998752
      vertex 0.123405 -7.455390 0.842593
      vertex 0.409893 -7.078071 1.151651
    endloop
  endfacet
  facet normal -0.614333 -0.165481 0.771499
    outer loop
      vertex 0.409893 -7.078071 1.151651
      vertex 0.123405 -7.455390 0.842593
      vertex 0.224775 -7.700119 0.870820
    endloop
  endfacet
  facet normal -0.614333 -0.165481 0.771499
    outer loop
      vertex 0.409893 -7.078071 1.151651
      vertex 0.224775 -7.700119 0.870820
      vertex 0.602710 -7.543573 1.205342
    endloop
  endfacet
  facet normal -0.551412 -0.317387 0.771499
    outer loop
      vertex 0.602710 -7.543573 1.205342
      vertex 0.224775 -7.700119 0.870820
      vertex 0.326145 -7.944848 0.842593
    endloop
  endfacet
  facet normal -0.551412 -0.317387 0.771499
    outer loop
      vertex 0.602710 -7.543573 1.205342
      vertex 0.326145 -7.944848 0.842593
      vertex 0.795527 -8.009075 1.151651
    endloop
  endfacet
  facet normal -0.525654 -0.487771 0.696970
    outer loop
      vertex 0.795527 -8.009075 1.151651
      vertex 0.326145 -7.944848 0.842593
      vertex 0.412083 -8.152319 0.762210
    endloop
  endfacet
  facet normal -0.525654 -0.487771 0.696970
    outer loop
      vertex 0.795527 -8.009075 1.151651
      vertex 0.412083 -8.152319 0.762210
      vertex 0.958990 -8.403709 0.998752
    endloop
  endfacet
  facet normal -0.531945 -0.669862 0.517996
    outer loop
      vertex 0.958990 -8.403709 0.998752
      vertex 0.412083 -8.152319 0.762210
      vertex 0.469504 -8.290947 0.641907
    endloop
  endfacet
  facet normal -0.531945 -0.669862 0.517996
    outer loop
      vertex 0.958990 -8.403709 0.998752
      vertex 0.469504 -8.290947 0.641907
      vertex 1.068212 -8.667395 0.769923
    endloop
  endfacet
  facet normal -0.551802 -0.809791 0.199384
    outer loop
      vertex 1.068212 -8.667395 0.769923
      vertex 0.469504 -8.290947 0.641907
      vertex 0.489668 -8.339627 0.500000
    endloop
  endfacet
  facet normal -0.551802 -0.809791 0.199384
    outer loop
      vertex 1.068212 -8.667395 0.769923
      vertex 0.489668 -8.339627 0.500000
      vertex 1.106566 -8.759989 0.500000
    endloop
  endfacet
  facet normal 0.000000 0.000000 1.000000
    outer loop
      vertex -0.040118 -7.060611 0.500000
      vertex 0.094548 -7.754061 0.500000
      vertex 0.094548 -7.754061 0.500000
    endloop
  endfacet
  facet normal -0.978978 -0.190114 0.073888
    outer loop
      vertex -0.040118 -7.060611 0.500000
      vertex 0.094548 -7.754061 0.500000
      vertex -0.019954 -7.109291 0.641907
    endloop
  endfacet
  facet normal 0.000000 0.000000 1.000000
    outer loop
      vertex -0.019954 -7.109291 0.641907
      vertex 0.094548 -7.754061 0.500000
      vertex 0.094548 -7.754061 0.500000
    endloop
  endfacet
  facet normal -0.954269 -0.215146 0.207563
    outer loop
      vertex -0.019954 -7.109291 0.641907
      vertex 0.094548 -7.754061 0.500000
      vertex 0.037468 -7.247919 0.762210
    endloop
  endfacet
  facet normal 0.000000 0.000000 1.000000
    outer loop
      vertex 0.037468 -7.247919 0.762210
      vertex 0.094548 -7.754061 0.500000
      vertex 0.094548 -7.754061 0.500000
    endloop
  endfacet
  facet normal -0.915860 -0.261234 0.304888
    outer loop
      vertex 0.037468 -7.247919 0.762210
      vertex 0.094548 -7.754061 0.500000
      vertex 0.123405 -7.455390 0.842593
    endloop
  endfacet
  facet normal 0.000000 0.000000 1.000000
    outer loop
      vertex 0.123405 -7.455390 0.842593
      vertex 0.094548 -7.754061 0.500000
      vertex 0.094548 -7.754061 0.500000
    endloop
  endfacet
  facet normal -0.877453 -0.322500 0.355064
    outer loop
      vertex 0.123405 -7.455390 0.842593
      vertex 0.094548 -7.754061 0.500000
      vertex 0.224775 -7.700119 0.870820
    endloop
  endfacet
  facet normal 0.000000 0.000000 1.000000
    outer loop
      vertex 0.224775 -7.700119 0.870820
      vertex 0.094548 -7.754061 0.500000
      vertex 0.094548 -7.754061 0.500000
    endloop
  endfacet
  facet normal -0.848495 -0.392411 0.355064
    outer loop
      vertex 0.224775 -7.700119 0.870820
      vertex 0.094548 -7.754061 0.500000
      vertex 0.326145 -7.944848 0.842593
    endloop
  endfacet
  facet normal 0.000000 0.000000 1.000000
    outer loop
      vertex 0.326145 -7.944848 0.842593
      vertex 0.094548 -7.754061 0.500000
      vertex 0.094548 -7.754061 0.500000
    endloop
  endfacet
  facet normal -0.832332 -0.462890 0.304888
    outer loop
      vertex 0.326145 -7.944848 0.842593
      vertex 0.094548 -7.754061 0.500000
      vertex 0.412083 -8.152319 0.762210
    endloop
  endfacet
  facet normal 0.000000 0.000000 1.000000
    outer loop
      vertex 0.412083 -8.152319 0.762210
      vertex 0.094548 -7.754061 0.500000
      vertex 0.094548 -7.754061 0.500000
    endloop
  endfacet
  facet normal -0.826902 -0.522639 0.207563
    outer loop
      vertex 0.412083 -8.152319 0.762210
      vertex 0.094548 -7.754061 0.500000
      vertex 0.469504 -8.290947 0.641907
    endloop
  endfacet
  facet normal 0.000000 0.000000 1.000000
    outer loop
      vertex 0.469504 -8.290947 0.641907
      vertex 0.094548 -7.754061 0.500000
      vertex 0.094548 -7.754061 0.500000
    endloop
  endfacet
  facet normal -0.826672 -0.557811 0.073888
    outer loop
      vertex 0.469504 -8.290947 0.641907
      vertex 0.094548 -7.754061 0.500000
      vertex 0.489668 -8.339627 0.500000
    endloop
  endfacet
  facet normal 0.190114 0.978978 0.073888
    outer loop
      vertex 7.754061 -0.094548 0.500000
      vertex 7.060611 0.040118 0.500000
      vertex 7.109291 0.019954 0.641907
    endloop
  endfacet
  facet normal 0.000000 0.000000 1.000000
    outer loop
      vertex 7.754061 -0.094548 0.500000
      vertex 7.109291 0.019954 0.641907
      vertex 7.754061 -0.094548 0.500000
    endloop
  endfacet
  facet normal 0.215146 0.954269 0.207563
    outer loop
      vertex 7.754061 -0.094548 0.500000
      vertex 7.109291 0.019954 0.641907
      vertex 7.247919 -0.037468 0.762210
    endloop
  endfacet
  facet normal 0.000000 0.000000 1.000000
    outer loop
      vertex 7.754061 -0.094548 0.500000
      vertex 7.247919 -0.037468 0.762210
      vertex 7.754061 -0.094548 0.500000
    endloop
  endfacet
  facet normal 0.261234 0.915860 0.304888
    outer loop
      vertex 7.754061 -0.094548 0.500000
      vertex 7.247919 -0.037468 0.762210
      vertex 7.455390 -0.123405 0.842593
    endloop
  endfacet
  facet normal 0.000000 0.000000 1.000000
    outer loop
      vertex 7.754061 -0.094548 0.500000
      vertex 7.455390 -0.123405 0.842593
      vertex 7.754061 -0.094548 0.500000
    endloop
  endfacet
  facet normal 0.322500 0.877453 0.355064
    outer loop
      vertex 7.754061 -0.094548 0.500000
      vertex 7.455390 -0.123405 0.842593
      vertex 7.700119 -0.224775 0.870820
    endloop
  endfacet
  facet normal 0.000000 0.000000 1.000000
    outer loop
      vertex 7.754061 -0.094548 0.500000
      vertex 7.700119 -0.224775 0.870820
      vertex 7.754061 -0.094548 0.500000
    endloop
  endfacet
  facet normal 0.392411 0.848495 0.355064
    outer loop
      vertex 7.754061 -0.094548 0.500000
      vertex 7.700119 -0.224775 0.870820
      vertex 7.944848 -0.326145 0.842593
    endloop
  endfacet
  facet normal 0.000000 0.000000 1.000000
    outer loop
      vertex 7.754061 -0.094548 0.500000
      vertex 7.944848 -0.326145 0.842593
      vertex 7.754061 -0.094548 0.500000
    endloop
  endfacet
  facet normal 0.462890 0.832332 0.304888
    outer loop
      vertex 7.754061 -0.094548 0.500000
      vertex 7.944848 -0.326145 0.842593
      vertex 8.152319 -0.412083 0.762210
    endloop
  endfacet
  facet normal 0.000000 0.000000 1.000000
    outer loop
      vertex 7.754061 -0.094548 0.500000
      vertex 8.152319 -0.412083 0.762210
      vertex 7.754061 -0.094548 0.500000
    endloop
  endfacet
  facet normal 0.522639 0.826902 0.207563
    outer loop
      vertex 7.754061 -0.094548 0.500000
      vertex 8.152319 -0.412083 0.762210
      vertex 8.290947 -0.469504 0.641907
    endloop
  endfacet
  facet normal 0.000000 0.000000 1.000000
    outer loop
      vertex 7.754061 -0.094548 0.500000
      vertex 8.290947 -0.469504 0.641907
      vertex 7.754061 -0.094548 0.500000
    endloop
  endfacet
  facet normal 0.557811 0.826672 0.073888
    outer loop
      vertex 7.754061 -0.094548 0.500000
      vertex 8.290947 -0.469504 0.641907
      vertex 8.339627 -0.489668 0.500000
    endloop
  endfacet
  facet normal 0.000000 0.000000 1.000000
    outer loop
      vertex 7.754061 -0.094548 0.500000
      vertex 8.339627 -0.489668 0.500000
      vertex 7.754061 -0.094548 0.500000
    endloop
  endfacet
  facet normal -0.182426 0.962791 0.199384
    outer loop
      vertex 7.060611 0.040118 0.500000
      vertex 6.327157 -0.098854 0.500000
      vertex 6.419751 -0.137208 0.769923
    endloop
  endfacet
  facet normal -0.182426 0.962791 0.199384
    outer loop
      vertex 7.060611 0.040118 0.500000
      vertex 6.419751 -0.137208 0.769923
      vertex 7.109291 0.019954 0.641907
    endloop
  endfacet
  facet normal -0.097522 0.849806 0.517996
    outer loop
      vertex 7.109291 0.019954 0.641907
      vertex 6.419751 -0.137208 0.769923
      vertex 6.683437 -0.246430 0.998752
    endloop
  endfacet
  facet normal -0.097522 0.849806 0.517996
    outer loop
      vertex 7.109291 0.019954 0.641907
      vertex 6.683437 -0.246430 0.998752
      vertex 7.247919 -0.037468 0.762210
    endloop
  endfacet
  facet normal 0.026787 0.716599 0.696970
    outer loop
      vertex 7.247919 -0.037468 0.762210
      vertex 6.683437 -0.246430 0.998752
      vertex 7.078071 -0.409893 1.151651
    endloop
  endfacet
  facet normal 0.026787 0.716599 0.696970
    outer loop
      vertex 7.247919 -0.037468 0.762210
      vertex 7.078071 -0.409893 1.151651
      vertex 7.455390 -0.123405 0.842593
    endloop
  endfacet
  facet normal 0.165481 0.614333 0.771499
    outer loop
      vertex 7.455390 -0.123405 0.842593
      vertex 7.078071 -0.409893 1.151651
      vertex 7.543573 -0.602710 1.205342
    endloop
  endfacet
  facet normal 0.165481 0.614333 0.771499
    outer loop
      vertex 7.455390 -0.123405 0.842593
      vertex 7.543573 -0.602710 1.205342
      vertex 7.700119 -0.224775 0.870820
    endloop
  endfacet
  facet normal 0.317387 0.551412 0.771499
    outer loop
      vertex 7.700119 -0.224775 0.870820
      vertex 7.543573 -0.602710 1.205342
      vertex 8.009075 -0.795527 1.151651
    endloop
  endfacet
  facet normal 0.317387 0.551412 0.771499
    outer loop
      vertex 7.700119 -0.224775 0.870820
      vertex 8.009075 -0.795527 1.151651
      vertex 7.944848 -0.326145 0.842593
    endloop
  endfacet
  facet normal 0.487771 0.525654 0.696970
    outer loop
      vertex 7.944848 -0.326145 0.842593
      vertex 8.009075 -0.795527 1.151651
      vertex 8.403709 -0.958990 0.998752
    endloop
  endfacet
  facet normal 0.487771 0.525654 0.696970
    outer loop
      vertex 7.944848 -0.326145 0.842593
      vertex 8.403709 -0.958990 0.998752
      vertex 8.152319 -0.412083 0.762210
    endloop
  endfacet
  facet normal 0.669862 0.531945 0.517996
    outer loop
      vertex 8.152319 -0.412083 0.762210
      vertex 8.403709 -0.958990 0.998752
      vertex 8.667395 -1.068212 0.769923
    endloop
  endfacet
  facet normal 0.669862 0.531945 0.517996
    outer loop
      vertex 8.152319 -0.412083 0.762210
      vertex 8.667395 -1.068212 0.769923
      vertex 8.290947 -0.469504 0.641907
    endloop
  endfacet
  facet normal 0.809791 0.551802 0.199384
    outer loop
      vertex 8.290947 -0.469504 0.641907
      vertex 8.667395 -1.068212 0.769923
      vertex 8.759989 -1.106566 0.500000
    endloop
  endfacet
  facet normal 0.809791 0.551802 0.199384
    outer loop
      vertex 8.290947 -0.469504 0.641907
      vertex 8.759989 -1.106566 0.500000
      vertex 8.339627 -0.489668 0.500000
    endloop
  endfacet
  facet normal -0.474367 0.834188 0.281258
    outer loop
      vertex 6.327157 -0.098854 0.500000
      vertex 5.625495 -0.497859 0.500000
      vertex 5.752940 -0.550649 0.871517
    endloop
  endfacet
  facet normal -0.474367 0.834188 0.281258
    outer loop
      vertex 6.327157 -0.098854 0.500000
      vertex 5.752940 -0.550649 0.871517
      vertex 6.419751 -0.137208 0.769923
    endloop
  endfacet
  facet normal -0.310756 0.667479 0.676685
    outer loop
      vertex 6.419751 -0.137208 0.769923
      vertex 5.752940 -0.550649 0.871517
      vertex 6.115872 -0.700980 1.186474
    endloop
  endfacet
  facet normal -0.310756 0.667479 0.676685
    outer loop
      vertex 6.419751 -0.137208 0.769923
      vertex 6.115872 -0.700980 1.186474
      vertex 6.683437 -0.246430 0.998752
    endloop
  endfacet
  facet normal -0.121862 0.505035 0.854453
    outer loop
      vertex 6.683437 -0.246430 0.998752
      vertex 6.115872 -0.700980 1.186474
      vertex 6.659039 -0.925967 1.396921
    endloop
  endfacet
  facet normal -0.121862 0.505035 0.854453
    outer loop
      vertex 6.683437 -0.246430 0.998752
      vertex 6.659039 -0.925967 1.396921
      vertex 7.078071 -0.409893 1.151651
    endloop
  endfacet
  facet normal 0.056040 0.391093 0.918644
    outer loop
      vertex 7.078071 -0.409893 1.151651
      vertex 6.659039 -0.925967 1.396921
      vertex 7.299747 -1.191358 1.470820
    endloop
  endfacet
  facet normal 0.056040 0.391093 0.918644
    outer loop
      vertex 7.078071 -0.409893 1.151651
      vertex 7.299747 -1.191358 1.470820
      vertex 7.543573 -0.602710 1.205342
    endloop
  endfacet
  facet normal 0.236918 0.316170 0.918644
    outer loop
      vertex 7.543573 -0.602710 1.205342
      vertex 7.299747 -1.191358 1.470820
      vertex 7.940456 -1.456748 1.396921
    endloop
  endfacet
  facet normal 0.236918 0.316170 0.918644
    outer loop
      vertex 7.543573 -0.602710 1.205342
      vertex 7.940456 -1.456748 1.396921
      vertex 8.009075 -0.795527 1.151651
    endloop
  endfacet
  facet normal 0.443283 0.270944 0.854453
    outer loop
      vertex 8.009075 -0.795527 1.151651
      vertex 7.940456 -1.456748 1.396921
      vertex 8.483623 -1.681735 1.186474
    endloop
  endfacet
  facet normal 0.443283 0.270944 0.854453
    outer loop
      vertex 8.009075 -0.795527 1.151651
      vertex 8.483623 -1.681735 1.186474
      vertex 8.403709 -0.958990 0.998752
    endloop
  endfacet
  facet normal 0.691717 0.252241 0.676685
    outer loop
      vertex 8.403709 -0.958990 0.998752
      vertex 8.483623 -1.681735 1.186474
      vertex 8.846555 -1.832066 0.871517
    endloop
  endfacet
  facet normal 0.691717 0.252241 0.676685
    outer loop
      vertex 8.403709 -0.958990 0.998752
      vertex 8.846555 -1.832066 0.871517
      vertex 8.667395 -1.068212 0.769923
    endloop
  endfacet
  facet normal 0.925288 0.254432 0.281258
    outer loop
      vertex 8.667395 -1.068212 0.769923
      vertex 8.846555 -1.832066 0.871517
      vertex 8.974000 -1.884856 0.500000
    endloop
  endfacet
  facet normal 0.925288 0.254432 0.281258
    outer loop
      vertex 8.667395 -1.068212 0.769923
      vertex 8.974000 -1.884856 0.500000
      vertex 8.759989 -1.106566 0.500000
    endloop
  endfacet
  facet normal -0.678612 0.658041 0.326293
    outer loop
      vertex 5.625495 -0.497859 0.500000
      vertex 5.024307 -1.117841 0.500000
      vertex 5.174127 -1.179898 0.936744
    endloop
  endfacet
  facet normal -0.678612 0.658041 0.326293
    outer loop
      vertex 5.625495 -0.497859 0.500000
      vertex 5.174127 -1.179898 0.936744
      vertex 5.752940 -0.550649 0.871517
    endloop
  endfacet
  facet normal -0.447281 0.489054 0.748843
    outer loop
      vertex 5.752940 -0.550649 0.871517
      vertex 5.174127 -1.179898 0.936744
      vertex 5.600780 -1.356624 1.306998
    endloop
  endfacet
  facet normal -0.447281 0.489054 0.748843
    outer loop
      vertex 5.752940 -0.550649 0.871517
      vertex 5.600780 -1.356624 1.306998
      vertex 6.115872 -0.700980 1.186474
    endloop
  endfacet
  facet normal -0.215229 0.337544 0.916374
    outer loop
      vertex 6.115872 -0.700980 1.186474
      vertex 5.600780 -1.356624 1.306998
      vertex 6.239311 -1.621112 1.554394
    endloop
  endfacet
  facet normal -0.215229 0.337544 0.916374
    outer loop
      vertex 6.115872 -0.700980 1.186474
      vertex 6.239311 -1.621112 1.554394
      vertex 6.659039 -0.925967 1.396921
    endloop
  endfacet
  facet normal -0.016738 0.230506 0.972927
    outer loop
      vertex 6.659039 -0.925967 1.396921
      vertex 6.239311 -1.621112 1.554394
      vertex 6.992509 -1.933097 1.641268
    endloop
  endfacet
  facet normal -0.016738 0.230506 0.972927
    outer loop
      vertex 6.659039 -0.925967 1.396921
      vertex 6.992509 -1.933097 1.641268
      vertex 7.299747 -1.191358 1.470820
    endloop
  endfacet
  facet normal 0.174828 0.151157 0.972927
    outer loop
      vertex 7.299747 -1.191358 1.470820
      vertex 6.992509 -1.933097 1.641268
      vertex 7.745707 -2.245082 1.554394
    endloop
  endfacet
  facet normal 0.174828 0.151157 0.972927
    outer loop
      vertex 7.299747 -1.191358 1.470820
      vertex 7.745707 -2.245082 1.554394
      vertex 7.940456 -1.456748 1.396921
    endloop
  endfacet
  facet normal 0.390870 0.086489 0.916374
    outer loop
      vertex 7.940456 -1.456748 1.396921
      vertex 7.745707 -2.245082 1.554394
      vertex 8.384238 -2.509570 1.306998
    endloop
  endfacet
  facet normal 0.390870 0.086489 0.916374
    outer loop
      vertex 7.940456 -1.456748 1.396921
      vertex 8.384238 -2.509570 1.306998
      vertex 8.483623 -1.681735 1.186474
    endloop
  endfacet
  facet normal 0.662089 0.029538 0.748843
    outer loop
      vertex 8.483623 -1.681735 1.186474
      vertex 8.384238 -2.509570 1.306998
      vertex 8.810891 -2.686295 0.936744
    endloop
  endfacet
  facet normal 0.662089 0.029538 0.748843
    outer loop
      vertex 8.483623 -1.681735 1.186474
      vertex 8.810891 -2.686295 0.936744
      vertex 8.846555 -1.832066 0.871517
    endloop
  endfacet
  facet normal 0.945157 -0.014546 0.326293
    outer loop
      vertex 8.846555 -1.832066 0.871517
      vertex 8.810891 -2.686295 0.936744
      vertex 8.960711 -2.748353 0.500000
    endloop
  endfacet
  facet normal 0.945157 -0.014546 0.326293
    outer loop
      vertex 8.846555 -1.832066 0.871517
      vertex 8.960711 -2.748353 0.500000
      vertex 8.974000 -1.884856 0.500000
    endloop
  endfacet
  facet normal -0.816483 0.462372 0.345785
    outer loop
      vertex 5.024307 -1.117841 0.500000
      vertex 4.582442 -1.898110 0.500000
      vertex 4.739973 -1.963361 0.959220
    endloop
  endfacet
  facet normal -0.816483 0.462372 0.345785
    outer loop
      vertex 5.024307 -1.117841 0.500000
      vertex 4.739973 -1.963361 0.959220
      vertex 5.174127 -1.179898 0.936744
    endloop
  endfacet
  facet normal -0.540899 0.322028 0.776998
    outer loop
      vertex 5.174127 -1.179898 0.936744
      vertex 4.739973 -1.963361 0.959220
      vertex 5.188582 -2.149181 1.348528
    endloop
  endfacet
  facet normal -0.540899 0.322028 0.776998
    outer loop
      vertex 5.174127 -1.179898 0.936744
      vertex 5.188582 -2.149181 1.348528
      vertex 5.600780 -1.356624 1.306998
    endloop
  endfacet
  facet normal -0.282554 0.196155 0.938982
    outer loop
      vertex 5.600780 -1.356624 1.306998
      vertex 5.188582 -2.149181 1.348528
      vertex 5.859973 -2.427280 1.608655
    endloop
  endfacet
  facet normal -0.282554 0.196155 0.938982
    outer loop
      vertex 5.600780 -1.356624 1.306998
      vertex 5.859973 -2.427280 1.608655
      vertex 6.239311 -1.621112 1.554394
    endloop
  endfacet
  facet normal -0.072626 0.100959 0.992236
    outer loop
      vertex 6.239311 -1.621112 1.554394
      vertex 5.859973 -2.427280 1.608655
      vertex 6.651933 -2.755321 1.700000
    endloop
  endfacet
  facet normal -0.072626 0.100959 0.992236
    outer loop
      vertex 6.239311 -1.621112 1.554394
      vertex 6.651933 -2.755321 1.700000
      vertex 6.992509 -1.933097 1.641268
    endloop
  endfacet
  facet normal 0.122743 0.020034 0.992236
    outer loop
      vertex 6.992509 -1.933097 1.641268
      vertex 6.651933 -2.755321 1.700000
      vertex 7.443892 -3.083361 1.608655
    endloop
  endfacet
  facet normal 0.122743 0.020034 0.992236
    outer loop
      vertex 6.992509 -1.933097 1.641268
      vertex 7.443892 -3.083361 1.608655
      vertex 7.745707 -2.245082 1.554394
    endloop
  endfacet
  facet normal 0.338498 -0.061093 0.938982
    outer loop
      vertex 7.745707 -2.245082 1.554394
      vertex 7.443892 -3.083361 1.608655
      vertex 8.115283 -3.361460 1.348528
    endloop
  endfacet
  facet normal 0.338498 -0.061093 0.938982
    outer loop
      vertex 7.745707 -2.245082 1.554394
      vertex 8.115283 -3.361460 1.348528
      vertex 8.384238 -2.509570 1.306998
    endloop
  endfacet
  facet normal 0.610182 -0.154765 0.776998
    outer loop
      vertex 8.384238 -2.509570 1.306998
      vertex 8.115283 -3.361460 1.348528
      vertex 8.563892 -3.547280 0.959220
    endloop
  endfacet
  facet normal 0.610182 -0.154765 0.776998
    outer loop
      vertex 8.384238 -2.509570 1.306998
      vertex 8.563892 -3.547280 0.959220
      vertex 8.810891 -2.686295 0.936744
    endloop
  endfacet
  facet normal 0.904287 -0.250394 0.345785
    outer loop
      vertex 8.810891 -2.686295 0.936744
      vertex 8.563892 -3.547280 0.959220
      vertex 8.721423 -3.612532 0.500000
    endloop
  endfacet
  facet normal 0.904287 -0.250394 0.345785
    outer loop
      vertex 8.810891 -2.686295 0.936744
      vertex 8.721423 -3.612532 0.500000
      vertex 8.960711 -2.748353 0.500000
    endloop
  endfacet
  facet normal -0.904287 0.250394 0.345785
    outer loop
      vertex 4.582442 -1.898110 0.500000
      vertex 4.343154 -2.762289 0.500000
      vertex 4.492975 -2.824346 0.936744
    endloop
  endfacet
  facet normal -0.904287 0.250394 0.345785
    outer loop
      vertex 4.582442 -1.898110 0.500000
      vertex 4.492975 -2.824346 0.936744
      vertex 4.739973 -1.963361 0.959220
    endloop
  endfacet
  facet normal -0.610182 0.154765 0.776998
    outer loop
      vertex 4.739973 -1.963361 0.959220
      vertex 4.492975 -2.824346 0.936744
      vertex 4.919627 -3.001072 1.306998
    endloop
  endfacet
  facet normal -0.610182 0.154765 0.776998
    outer loop
      vertex 4.739973 -1.963361 0.959220
      vertex 4.919627 -3.001072 1.306998
      vertex 5.188582 -2.149181 1.348528
    endloop
  endfacet
  facet normal -0.338498 0.061093 0.938982
    outer loop
      vertex 5.188582 -2.149181 1.348528
      vertex 4.919627 -3.001072 1.306998
      vertex 5.558158 -3.265560 1.554394
    endloop
  endfacet
  facet normal -0.338498 0.061093 0.938982
    outer loop
      vertex 5.188582 -2.149181 1.348528
      vertex 5.558158 -3.265560 1.554394
      vertex 5.859973 -2.427280 1.608655
    endloop
  endfacet
  facet normal -0.122743 -0.020034 0.992236
    outer loop
      vertex 5.859973 -2.427280 1.608655
      vertex 5.558158 -3.265560 1.554394
      vertex 6.311356 -3.577545 1.641268
    endloop
  endfacet
  facet normal -0.122743 -0.020034 0.992236
    outer loop
      vertex 5.859973 -2.427280 1.608655
      vertex 6.311356 -3.577545 1.641268
      vertex 6.651933 -2.755321 1.700000
    endloop
  endfacet
  facet normal 0.072626 -0.100959 0.992236
    outer loop
      vertex 6.651933 -2.755321 1.700000
      vertex 6.311356 -3.577545 1.641268
      vertex 7.064555 -3.889530 1.554394
    endloop
  endfacet
  facet normal 0.072626 -0.100959 0.992236
    outer loop
      vertex 6.651933 -2.755321 1.700000
      vertex 7.064555 -3.889530 1.554394
      vertex 7.443892 -3.083361 1.608655
    endloop
  endfacet
  facet normal 0.282554 -0.196155 0.938982
    outer loop
      vertex 7.443892 -3.083361 1.608655
      vertex 7.064555 -3.889530 1.554394
      vertex 7.703085 -4.154018 1.306998
    endloop
  endfacet
  facet normal 0.282554 -0.196155 0.938982
    outer loop
      vertex 7.443892 -3.083361 1.608655
      vertex 7.703085 -4.154018 1.306998
      vertex 8.115283 -3.361460 1.348528
    endloop
  endfacet
  facet normal 0.540899 -0.322028 0.776998
    outer loop
      vertex 8.115283 -3.361460 1.348528
      vertex 7.703085 -4.154018 1.306998
      vertex 8.129738 -4.330743 0.936744
    endloop
  endfacet
  facet normal 0.540899 -0.322028 0.776998
    outer loop
      vertex 8.115283 -3.361460 1.348528
      vertex 8.129738 -4.330743 0.936744
      vertex 8.563892 -3.547280 0.959220
    endloop
  endfacet
  facet normal 0.816483 -0.462372 0.345785
    outer loop
      vertex 8.563892 -3.547280 0.959220
      vertex 8.129738 -4.330743 0.936744
      vertex 8.279558 -4.392801 0.500000
    endloop
  endfacet
  facet normal 0.816483 -0.462372 0.345785
    outer loop
      vertex 8.563892 -3.547280 0.959220
      vertex 8.279558 -4.392801 0.500000
      vertex 8.721423 -3.612532 0.500000
    endloop
  endfacet
  facet normal -0.945157 0.014546 0.326293
    outer loop
      vertex 4.343154 -2.762289 0.500000
      vertex 4.329865 -3.625786 0.500000
      vertex 4.457310 -3.678575 0.871517
    endloop
  endfacet
  facet normal -0.945157 0.014546 0.326293
    outer loop
      vertex 4.343154 -2.762289 0.500000
      vertex 4.457310 -3.678575 0.871517
      vertex 4.492975 -2.824346 0.936744
    endloop
  endfacet
  facet normal -0.662089 -0.029538 0.748843
    outer loop
      vertex 4.492975 -2.824346 0.936744
      vertex 4.457310 -3.678575 0.871517
      vertex 4.820242 -3.828907 1.186474
    endloop
  endfacet
  facet normal -0.662089 -0.029538 0.748843
    outer loop
      vertex 4.492975 -2.824346 0.936744
      vertex 4.820242 -3.828907 1.186474
      vertex 4.919627 -3.001072 1.306998
    endloop
  endfacet
  facet normal -0.390870 -0.086489 0.916374
    outer loop
      vertex 4.919627 -3.001072 1.306998
      vertex 4.820242 -3.828907 1.186474
      vertex 5.363409 -4.053894 1.396921
    endloop
  endfacet
  facet normal -0.390870 -0.086489 0.916374
    outer loop
      vertex 4.919627 -3.001072 1.306998
      vertex 5.363409 -4.053894 1.396921
      vertex 5.558158 -3.265560 1.554394
    endloop
  endfacet
  facet normal -0.174828 -0.151157 0.972927
    outer loop
      vertex 5.558158 -3.265560 1.554394
      vertex 5.363409 -4.053894 1.396921
      vertex 6.004118 -4.319284 1.470820
    endloop
  endfacet
  facet normal -0.174828 -0.151157 0.972927
    outer loop
      vertex 5.558158 -3.265560 1.554394
      vertex 6.004118 -4.319284 1.470820
      vertex 6.311356 -3.577545 1.641268
    endloop
  endfacet
  facet normal 0.016738 -0.230506 0.972927
    outer loop
      vertex 6.311356 -3.577545 1.641268
      vertex 6.004118 -4.319284 1.470820
      vertex 6.644827 -4.584674 1.396921
    endloop
  endfacet
  facet normal 0.016738 -0.230506 0.972927
    outer loop
      vertex 6.311356 -3.577545 1.641268
      vertex 6.644827 -4.584674 1.396921
      vertex 7.064555 -3.889530 1.554394
    endloop
  endfacet
  facet normal 0.215229 -0.337544 0.916374
    outer loop
      vertex 7.064555 -3.889530 1.554394
      vertex 6.644827 -4.584674 1.396921
      vertex 7.187993 -4.809661 1.186474
    endloop
  endfacet
  facet normal 0.215229 -0.337544 0.916374
    outer loop
      vertex 7.064555 -3.889530 1.554394
      vertex 7.187993 -4.809661 1.186474
      vertex 7.703085 -4.154018 1.306998
    endloop
  endfacet
  facet normal 0.447281 -0.489054 0.748843
    outer loop
      vertex 7.703085 -4.154018 1.306998
      vertex 7.187993 -4.809661 1.186474
      vertex 7.550926 -4.959993 0.871517
    endloop
  endfacet
  facet normal 0.447281 -0.489054 0.748843
    outer loop
      vertex 7.703085 -4.154018 1.306998
      vertex 7.550926 -4.959993 0.871517
      vertex 8.129738 -4.330743 0.936744
    endloop
  endfacet
  facet normal 0.678612 -0.658041 0.326293
    outer loop
      vertex 8.129738 -4.330743 0.936744
      vertex 7.550926 -4.959993 0.871517
      vertex 7.678371 -5.012782 0.500000
    endloop
  endfacet
  facet normal 0.678612 -0.658041 0.326293
    outer loop
      vertex 8.129738 -4.330743 0.936744
      vertex 7.678371 -5.012782 0.500000
      vertex 8.279558 -4.392801 0.500000
    endloop
  endfacet
  facet normal -0.925288 -0.254432 0.281258
    outer loop
      vertex 4.329865 -3.625786 0.500000
      vertex 4.543876 -4.404075 0.500000
      vertex 4.636470 -4.442429 0.769923
    endloop
  endfacet
  facet normal -0.925288 -0.254432 0.281258
    outer loop
      vertex 4.329865 -3.625786 0.500000
      vertex 4.636470 -4.442429 0.769923
      vertex 4.457310 -3.678575 0.871517
    endloop
  endfacet
  facet normal -0.691717 -0.252241 0.676685
    outer loop
      vertex 4.457310 -3.678575 0.871517
      vertex 4.636470 -4.442429 0.769923
      vertex 4.900156 -4.551651 0.998752
    endloop
  endfacet
  facet normal -0.691717 -0.252241 0.676685
    outer loop
      vertex 4.457310 -3.678575 0.871517
      vertex 4.900156 -4.551651 0.998752
      vertex 4.820242 -3.828907 1.186474
    endloop
  endfacet
  facet normal -0.443283 -0.270944 0.854453
    outer loop
      vertex 4.820242 -3.828907 1.186474
      vertex 4.900156 -4.551651 0.998752
      vertex 5.294790 -4.715114 1.151651
    endloop
  endfacet
  facet normal -0.443283 -0.270944 0.854453
    outer loop
      vertex 4.820242 -3.828907 1.186474
      vertex 5.294790 -4.715114 1.151651
      vertex 5.363409 -4.053894 1.396921
    endloop
  endfacet
  facet normal -0.236918 -0.316170 0.918644
    outer loop
      vertex 5.363409 -4.053894 1.396921
      vertex 5.294790 -4.715114 1.151651
      vertex 5.760292 -4.907931 1.205342
    endloop
  endfacet
  facet normal -0.236918 -0.316170 0.918644
    outer loop
      vertex 5.363409 -4.053894 1.396921
      vertex 5.760292 -4.907931 1.205342
      vertex 6.004118 -4.319284 1.470820
    endloop
  endfacet
  facet normal -0.056040 -0.391093 0.918644
    outer loop
      vertex 6.004118 -4.319284 1.470820
      vertex 5.760292 -4.907931 1.205342
      vertex 6.225794 -5.100749 1.151651
    endloop
  endfacet
  facet normal -0.056040 -0.391093 0.918644
    outer loop
      vertex 6.004118 -4.319284 1.470820
      vertex 6.225794 -5.100749 1.151651
      vertex 6.644827 -4.584674 1.396921
    endloop
  endfacet
  facet normal 0.121862 -0.505035 0.854453
    outer loop
      vertex 6.644827 -4.584674 1.396921
      vertex 6.225794 -5.100749 1.151651
      vertex 6.620428 -5.264211 0.998752
    endloop
  endfacet
  facet normal 0.121862 -0.505035 0.854453
    outer loop
      vertex 6.644827 -4.584674 1.396921
      vertex 6.620428 -5.264211 0.998752
      vertex 7.187993 -4.809661 1.186474
    endloop
  endfacet
  facet normal 0.310756 -0.667479 0.676685
    outer loop
      vertex 7.187993 -4.809661 1.186474
      vertex 6.620428 -5.264211 0.998752
      vertex 6.884114 -5.373434 0.769923
    endloop
  endfacet
  facet normal 0.310756 -0.667479 0.676685
    outer loop
      vertex 7.187993 -4.809661 1.186474
      vertex 6.884114 -5.373434 0.769923
      vertex 7.550926 -4.959993 0.871517
    endloop
  endfacet
  facet normal 0.474367 -0.834188 0.281258
    outer loop
      vertex 7.550926 -4.959993 0.871517
      vertex 6.884114 -5.373434 0.769923
      vertex 6.976708 -5.411787 0.500000
    endloop
  endfacet
  facet normal 0.474367 -0.834188 0.281258
    outer loop
      vertex 7.550926 -4.959993 0.871517
      vertex 6.976708 -5.411787 0.500000
      vertex 7.678371 -5.012782 0.500000
    endloop
  endfacet
  facet normal -0.809791 -0.551802 0.199384
    outer loop
      vertex 4.543876 -4.404075 0.500000
      vertex 4.964239 -5.020974 0.500000
      vertex 5.012918 -5.041137 0.641907
    endloop
  endfacet
  facet normal -0.809791 -0.551802 0.199384
    outer loop
      vertex 4.543876 -4.404075 0.500000
      vertex 5.012918 -5.041137 0.641907
      vertex 4.636470 -4.442429 0.769923
    endloop
  endfacet
  facet normal -0.669862 -0.531945 0.517996
    outer loop
      vertex 4.636470 -4.442429 0.769923
      vertex 5.012918 -5.041137 0.641907
      vertex 5.151546 -5.098559 0.762210
    endloop
  endfacet
  facet normal -0.669862 -0.531945 0.517996
    outer loop
      vertex 4.636470 -4.442429 0.769923
      vertex 5.151546 -5.098559 0.762210
      vertex 4.900156 -4.551651 0.998752
    endloop
  endfacet
  facet normal -0.487771 -0.525654 0.696970
    outer loop
      vertex 4.900156 -4.551651 0.998752
      vertex 5.151546 -5.098559 0.762210
      vertex 5.359017 -5.184496 0.842593
    endloop
  endfacet
  facet normal -0.487771 -0.525654 0.696970
    outer loop
      vertex 4.900156 -4.551651 0.998752
      vertex 5.359017 -5.184496 0.842593
      vertex 5.294790 -4.715114 1.151651
    endloop
  endfacet
  facet normal -0.317387 -0.551412 0.771499
    outer loop
      vertex 5.294790 -4.715114 1.151651
      vertex 5.359017 -5.184496 0.842593
      vertex 5.603746 -5.285866 0.870820
    endloop
  endfacet
  facet normal -0.317387 -0.551412 0.771499
    outer loop
      vertex 5.294790 -4.715114 1.151651
      vertex 5.603746 -5.285866 0.870820
      vertex 5.760292 -4.907931 1.205342
    endloop
  endfacet
  facet normal -0.165481 -0.614333 0.771499
    outer loop
      vertex 5.760292 -4.907931 1.205342
      vertex 5.603746 -5.285866 0.870820
      vertex 5.848475 -5.387236 0.842593
    endloop
  endfacet
  facet normal -0.165481 -0.614333 0.771499
    outer loop
      vertex 5.760292 -4.907931 1.205342
      vertex 5.848475 -5.387236 0.842593
      vertex 6.225794 -5.100749 1.151651
    endloop
  endfacet
  facet normal -0.026787 -0.716599 0.696970
    outer loop
      vertex 6.225794 -5.100749 1.151651
      vertex 5.848475 -5.387236 0.842593
      vertex 6.055947 -5.473174 0.762210
    endloop
  endfacet
  facet normal -0.026787 -0.716599 0.696970
    outer loop
      vertex 6.225794 -5.100749 1.151651
      vertex 6.055947 -5.473174 0.762210
      vertex 6.620428 -5.264211 0.998752
    endloop
  endfacet
  facet normal 0.097522 -0.849806 0.517996
    outer loop
      vertex 6.620428 -5.264211 0.998752
      vertex 6.055947 -5.473174 0.762210
      vertex 6.194574 -5.530595 0.641907
    endloop
  endfacet
  facet normal 0.097522 -0.849806 0.517996
    outer loop
      vertex 6.620428 -5.264211 0.998752
      vertex 6.194574 -5.530595 0.641907
      vertex 6.884114 -5.373434 0.769923
    endloop
  endfacet
  facet normal 0.182426 -0.962791 0.199384
    outer loop
      vertex 6.884114 -5.373434 0.769923
      vertex 6.194574 -5.530595 0.641907
      vertex 6.243254 -5.550759 0.500000
    endloop
  endfacet
  facet normal 0.182426 -0.962791 0.199384
    outer loop
      vertex 6.884114 -5.373434 0.769923
      vertex 6.243254 -5.550759 0.500000
      vertex 6.976708 -5.411787 0.500000
    endloop
  endfacet
  facet normal 0.000000 0.000000 1.000000
    outer loop
      vertex 4.964239 -5.020974 0.500000
      vertex 5.549804 -5.416094 0.500000
      vertex 5.549804 -5.416094 0.500000
    endloop
  endfacet
  facet normal -0.557811 -0.826672 0.073888
    outer loop
      vertex 4.964239 -5.020974 0.500000
      vertex 5.549804 -5.416094 0.500000
      vertex 5.012918 -5.041137 0.641907
    endloop
  endfacet
  facet normal 0.000000 0.000000 1.000000
    outer loop
      vertex 5.012918 -5.041137 0.641907
      vertex 5.549804 -5.416094 0.500000
      vertex 5.549804 -5.416094 0.500000
    endloop
  endfacet
  facet normal -0.522639 -0.826902 0.207563
    outer loop
      vertex 5.012918 -5.041137 0.641907
      vertex 5.549804 -5.416094 0.500000
      vertex 5.151546 -5.098559 0.762210
    endloop
  endfacet
  facet normal 0.000000 0.000000 1.000000
    outer loop
      vertex 5.151546 -5.098559 0.762210
      vertex 5.549804 -5.416094 0.500000
      vertex 5.549804 -5.416094 0.500000
    endloop
  endfacet
  facet normal -0.462890 -0.832332 0.304888
    outer loop
      vertex 5.151546 -5.098559 0.762210
      vertex 5.549804 -5.416094 0.500000
      vertex 5.359017 -5.184496 0.842593
    endloop
  endfacet
  facet normal 0.000000 0.000000 1.000000
    outer loop
      vertex 5.359017 -5.184496 0.842593
      vertex 5.549804 -5.416094 0.500000
      vertex 5.549804 -5.416094 0.500000
    endloop
  endfacet
  facet normal -0.392411 -0.848495 0.355064
    outer loop
      vertex 5.359017 -5.184496 0.842593
      vertex 5.549804 -5.416094 0.500000
      vertex 5.603746 -5.285866 0.870820
    endloop
  endfacet
  facet normal 0.000000 0.000000 1.000000
    outer loop
      vertex 5.603746 -5.285866 0.870820
      vertex 5.549804 -5.416094 0.500000
      vertex 5.549804 -5.416094 0.500000
    endloop
  endfacet
  facet normal -0.322500 -0.877453 0.355064
    outer loop
      vertex 5.603746 -5.285866 0.870820
      vertex 5.549804 -5.416094 0.500000
      vertex 5.848475 -5.387236 0.842593
    endloop
  endfacet
  facet normal 0.000000 0.000000 1.000000
    outer loop
      vertex 5.848475 -5.387236 0.842593
      vertex 5.549804 -5.416094 0.500000
      vertex 5.549804 -5.416094 0.500000
    endloop
  endfacet
  facet normal -0.261234 -0.915860 0.304888
    outer loop
      vertex 5.848475 -5.387236 0.842593
      vertex 5.549804 -5.416094 0.500000
      vertex 6.055947 -5.473174 0.762210
    endloop
  endfacet
  facet normal 0.000000 0.000000 1.000000
    outer loop
      vertex 6.055947 -5.473174 0.762210
      vertex 5.549804 -5.416094 0.500000
      vertex 5.549804 -5.416094 0.500000
    endloop
  endfacet
  facet normal -0.215146 -0.954269 0.207563
    outer loop
      vertex 6.055947 -5.473174 0.762210
      vertex 5.549804 -5.416094 0.500000
      vertex 6.194574 -5.530595 0.641907
    endloop
  endfacet
  facet normal 0.000000 0.000000 1.000000
    outer loop
      vertex 6.194574 -5.530595 0.641907
      vertex 5.549804 -5.416094 0.500000
      vertex 5.549804 -5.416094 0.500000
    endloop
  endfacet
  facet normal -0.190114 -0.978978 0.073888
    outer loop
      vertex 6.194574 -5.530595 0.641907
      vertex 5.549804 -5.416094 0.500000
      vertex 6.243254 -5.550759 0.500000
    endloop
  endfacet
  facet normal 0.000000 0.000000 1.000000
    outer loop
      vertex 3.520000 0.000000 0.000000
      vertex 2.379468 0.313263 0.000000
      vertex 2.400000 0.000000 0.000000
    endloop
  endfacet
  facet normal 0.000000 0.000000 1.000000
    outer loop
      vertex 3.520000 0.000000 0.000000
      vertex 3.489886 0.459452 0.000000
      vertex 2.379468 0.313263 0.000000
    endloop
  endfacet
  facet normal 0.000000 0.000000 -1.000000
    outer loop
      vertex 3.520000 0.000000 4.000000
      vertex 2.400000 0.000000 4.000000
      vertex 2.379468 0.313263 4.000000
    endloop
  endfacet
  facet normal 0.000000 0.000000 -1.000000
    outer loop
      vertex 3.520000 0.000000 4.000000
      vertex 2.379468 0.313263 4.000000
      vertex 3.489886 0.459452 4.000000
    endloop
  endfacet
  facet normal 0.997859 0.065403 0.000000
    outer loop
      vertex 3.520000 0.000000 0.000000
      vertex 3.489886 0.459452 0.000000
      vertex 3.489886 0.459452 4.000000
    endloop
  endfacet
  facet normal 0.997859 0.065403 -0.000000
    outer loop
      vertex 3.520000 0.000000 0.000000
      vertex 3.489886 0.459452 4.000000
      vertex 3.520000 0.000000 4.000000
    endloop
  endfacet
  facet normal -0.997859 -0.065403 0.000000
    outer loop
      vertex 2.400000 0.000000 0.000000
      vertex 2.379468 0.313263 4.000000
      vertex 2.379468 0.313263 0.000000
    endloop
  endfacet
  facet normal -0.997859 -0.065403 0.000000
    outer loop
      vertex 2.400000 0.000000 0.000000
      vertex 2.400000 0.000000 4.000000
      vertex 2.379468 0.313263 4.000000
    endloop
  endfacet
  facet normal 0.000000 0.000000 1.000000
    outer loop
      vertex 3.489886 0.459452 0.000000
      vertex 2.318222 0.621166 0.000000
      vertex 2.379468 0.313263 0.000000
    endloop
  endfacet
  facet normal 0.000000 0.000000 1.000000
    outer loop
      vertex 3.489886 0.459452 0.000000
      vertex 3.400059 0.911043 0.000000
      vertex 2.318222 0.621166 0.000000
    endloop
  endfacet
  facet normal -0.000000 0.000000 -1.000000
    outer loop
      vertex 3.489886 0.459452 4.000000
      vertex 2.379468 0.313263 4.000000
      vertex 2.318222 0.621166 4.000000
    endloop
  endfacet
  facet normal 0.000000 0.000000 -1.000000
    outer loop
      vertex 3.489886 0.459452 4.000000
      vertex 2.318222 0.621166 4.000000
      vertex 3.400059 0.911043 4.000000
    endloop
  endfacet
  facet normal 0.980785 0.195090 0.000000
    outer loop
      vertex 3.489886 0.459452 0.000000
      vertex 3.400059 0.911043 0.000000
      vertex 3.400059 0.911043 4.000000
    endloop
  endfacet
  facet normal 0.980785 0.195090 -0.000000
    outer loop
      vertex 3.489886 0.459452 0.000000
      vertex 3.400059 0.911043 4.000000
      vertex 3.489886 0.459452 4.000000
    endloop
  endfacet
  facet normal -0.980785 -0.195090 0.000000
    outer loop
      vertex 2.379468 0.313263 0.000000
      vertex 2.318222 0.621166 4.000000
      vertex 2.318222 0.621166 0.000000
    endloop
  endfacet
  facet normal -0.980785 -0.195090 0.000000
    outer loop
      vertex 2.379468 0.313263 0.000000
      vertex 2.379468 0.313263 4.000000
      vertex 2.318222 0.621166 4.000000
    endloop
  endfacet
  facet normal 0.000000 0.000000 1.000000
    outer loop
      vertex 3.400059 0.911043 0.000000
      vertex 2.217311 0.918440 0.000000
      vertex 2.318222 0.621166 0.000000
    endloop
  endfacet
  facet normal 0.000000 0.000000 1.000000
    outer loop
      vertex 3.400059 0.911043 0.000000
      vertex 3.252056 1.347046 0.000000
      vertex 2.217311 0.918440 0.000000
    endloop
  endfacet
  facet normal -0.000000 0.000000 -1.000000
    outer loop
      vertex 3.400059 0.911043 4.000000
      vertex 2.318222 0.621166 4.000000
      vertex 2.217311 0.918440 4.000000
    endloop
  endfacet
  facet normal 0.000000 0.000000 -1.000000
    outer loop
      vertex 3.400059 0.911043 4.000000
      vertex 2.217311 0.918440 4.000000
      vertex 3.252056 1.347046 4.000000
    endloop
  endfacet
  facet normal 0.946930 0.321439 0.000000
    outer loop
      vertex 3.400059 0.911043 0.000000
      vertex 3.252056 1.347046 0.000000
      vertex 3.252056 1.347046 4.000000
    endloop
  endfacet
  facet normal 0.946930 0.321439 -0.000000
    outer loop
      vertex 3.400059 0.911043 0.000000
      vertex 3.252056 1.347046 4.000000
      vertex 3.400059 0.911043 4.000000
    endloop
  endfacet
  facet normal -0.946930 -0.321439 0.000000
    outer loop
      vertex 2.318222 0.621166 0.000000
      vertex 2.217311 0.918440 4.000000
      vertex 2.217311 0.918440 0.000000
    endloop
  endfacet
  facet normal -0.946930 -0.321439 0.000000
    outer loop
      vertex 2.318222 0.621166 0.000000
      vertex 2.318222 0.621166 4.000000
      vertex 2.217311 0.918440 4.000000
    endloop
  endfacet
  facet normal 0.000000 0.000000 1.000000
    outer loop
      vertex 3.252056 1.347046 0.000000
      vertex 2.078461 1.200000 0.000000
      vertex 2.217311 0.918440 0.000000
    endloop
  endfacet
  facet normal 0.000000 0.000000 1.000000
    outer loop
      vertex 3.252056 1.347046 0.000000
      vertex 3.048409 1.760000 0.000000
      vertex 2.078461 1.200000 0.000000
    endloop
  endfacet
  facet normal 0.000000 0.000000 -1.000000
    outer loop
      vertex 3.252056 1.347046 4.000000
      vertex 2.217311 0.918440 4.000000
      vertex 2.078461 1.200000 4.000000
    endloop
  endfacet
  facet normal -0.000000 0.000000 -1.000000
    outer loop
      vertex 3.252056 1.347046 4.000000
      vertex 2.078461 1.200000 4.000000
      vertex 3.048409 1.760000 4.000000
    endloop
  endfacet
  facet normal 0.896873 0.442289 0.000000
    outer loop
      vertex 3.252056 1.347046 0.000000
      vertex 3.048409 1.760000 0.000000
      vertex 3.048409 1.760000 4.000000
    endloop
  endfacet
  facet normal 0.896873 0.442289 -0.000000
    outer loop
      vertex 3.252056 1.347046 0.000000
      vertex 3.048409 1.760000 4.000000
      vertex 3.252056 1.347046 4.000000
    endloop
  endfacet
  facet normal -0.896873 -0.442289 0.000000
    outer loop
      vertex 2.217311 0.918440 0.000000
      vertex 2.078461 1.200000 4.000000
      vertex 2.078461 1.200000 0.000000
    endloop
  endfacet
  facet normal -0.896873 -0.442289 0.000000
    outer loop
      vertex 2.217311 0.918440 0.000000
      vertex 2.217311 0.918440 4.000000
      vertex 2.078461 1.200000 4.000000
    endloop
  endfacet
  facet normal 0.000000 0.000000 1.000000
    outer loop
      vertex 3.048409 1.760000 0.000000
      vertex 1.904048 1.461027 0.000000
      vertex 2.078461 1.200000 0.000000
    endloop
  endfacet
  facet normal 0.000000 0.000000 1.000000
    outer loop
      vertex 3.048409 1.760000 0.000000
      vertex 2.792604 2.142840 0.000000
      vertex 1.904048 1.461027 0.000000
    endloop
  endfacet
  facet normal 0.000000 0.000000 -1.000000
    outer loop
      vertex 3.048409 1.760000 4.000000
      vertex 2.078461 1.200000 4.000000
      vertex 1.904048 1.461027 4.000000
    endloop
  endfacet
  facet normal -0.000000 0.000000 -1.000000
    outer loop
      vertex 3.048409 1.760000 4.000000
      vertex 1.904048 1.461027 4.000000
      vertex 2.792604 2.142840 4.000000
    endloop
  endfacet
  facet normal 0.831470 0.555570 0.000000
    outer loop
      vertex 3.048409 1.760000 0.000000
      vertex 2.792604 2.142840 0.000000
      vertex 2.792604 2.142840 4.000000
    endloop
  endfacet
  facet normal 0.831470 0.555570 -0.000000
    outer loop
      vertex 3.048409 1.760000 0.000000
      vertex 2.792604 2.142840 4.000000
      vertex 3.048409 1.760000 4.000000
    endloop
  endfacet
  facet normal -0.831470 -0.555570 0.000000
    outer loop
      vertex 2.078461 1.200000 0.000000
      vertex 1.904048 1.461027 4.000000
      vertex 1.904048 1.461027 0.000000
    endloop
  endfacet
  facet normal -0.831470 -0.555570 0.000000
    outer loop
      vertex 2.078461 1.200000 0.000000
      vertex 2.078461 1.200000 4.000000
      vertex 1.904048 1.461027 4.000000
    endloop
  endfacet
  facet normal 0.000000 0.000000 1.000000
    outer loop
      vertex 2.792604 2.142840 0.000000
      vertex 1.697056 1.697056 0.000000
      vertex 1.904048 1.461027 0.000000
    endloop
  endfacet
  facet normal 0.000000 0.000000 1.000000
    outer loop
      vertex 2.792604 2.142840 0.000000
      vertex 2.489016 2.489016 0.000000
      vertex 1.697056 1.697056 0.000000
    endloop
  endfacet
  facet normal 0.000000 0.000000 -1.000000
    outer loop
      vertex 2.792604 2.142840 4.000000
      vertex 1.904048 1.461027 4.000000
      vertex 1.697056 1.697056 4.000000
    endloop
  endfacet
  facet normal -0.000000 0.000000 -1.000000
    outer loop
      vertex 2.792604 2.142840 4.000000
      vertex 1.697056 1.697056 4.000000
      vertex 2.489016 2.489016 4.000000
    endloop
  endfacet
  facet normal 0.751840 0.659346 0.000000
    outer loop
      vertex 2.792604 2.142840 0.000000
      vertex 2.489016 2.489016 0.000000
      vertex 2.489016 2.489016 4.000000
    endloop
  endfacet
  facet normal 0.751840 0.659346 -0.000000
    outer loop
      vertex 2.792604 2.142840 0.000000
      vertex 2.489016 2.489016 4.000000
      vertex 2.792604 2.142840 4.000000
    endloop
  endfacet
  facet normal -0.751840 -0.659346 0.000000
    outer loop
      vertex 1.904048 1.461027 0.000000
      vertex 1.697056 1.697056 4.000000
      vertex 1.697056 1.697056 0.000000
    endloop
  endfacet
  facet normal -0.751840 -0.659346 0.000000
    outer loop
      vertex 1.904048 1.461027 0.000000
      vertex 1.904048 1.461027 4.000000
      vertex 1.697056 1.697056 4.000000
    endloop
  endfacet
  facet normal 0.000000 0.000000 1.000000
    outer loop
      vertex 2.489016 2.489016 0.000000
      vertex 1.461027 1.904048 0.000000
      vertex 1.697056 1.697056 0.000000
    endloop
  endfacet
  facet normal 0.000000 0.000000 1.000000
    outer loop
      vertex 2.489016 2.489016 0.000000
      vertex 2.142840 2.792604 0.000000
      vertex 1.461027 1.904048 0.000000
    endloop
  endfacet
  facet normal 0.000000 0.000000 -1.000000
    outer loop
      vertex 2.489016 2.489016 4.000000
      vertex 1.697056 1.697056 4.000000
      vertex 1.461027 1.904048 4.000000
    endloop
  endfacet
  facet normal -0.000000 0.000000 -1.000000
    outer loop
      vertex 2.489016 2.489016 4.000000
      vertex 1.461027 1.904048 4.000000
      vertex 2.142840 2.792604 4.000000
    endloop
  endfacet
  facet normal 0.659346 0.751840 0.000000
    outer loop
      vertex 2.489016 2.489016 0.000000
      vertex 2.142840 2.792604 0.000000
      vertex 2.142840 2.792604 4.000000
    endloop
  endfacet
  facet normal 0.659346 0.751840 -0.000000
    outer loop
      vertex 2.489016 2.489016 0.000000
      vertex 2.142840 2.792604 4.000000
      vertex 2.489016 2.489016 4.000000
    endloop
  endfacet
  facet normal -0.659346 -0.751840 0.000000
    outer loop
      vertex 1.697056 1.697056 0.000000
      vertex 1.461027 1.904048 4.000000
      vertex 1.461027 1.904048 0.000000
    endloop
  endfacet
  facet normal -0.659346 -0.751840 0.000000
    outer loop
      vertex 1.697056 1.697056 0.000000
      vertex 1.697056 1.697056 4.000000
      vertex 1.461027 1.904048 4.000000
    endloop
  endfacet
  facet normal 0.000000 0.000000 1.000000
    outer loop
      vertex 2.142840 2.792604 0.000000
      vertex 1.200000 2.078461 0.000000
      vertex 1.461027 1.904048 0.000000
    endloop
  endfacet
  facet normal 0.000000 0.000000 1.000000
    outer loop
      vertex 2.142840 2.792604 0.000000
      vertex 1.760000 3.048409 0.000000
      vertex 1.200000 2.078461 0.000000
    endloop
  endfacet
  facet normal 0.000000 0.000000 -1.000000
    outer loop
      vertex 2.142840 2.792604 4.000000
      vertex 1.461027 1.904048 4.000000
      vertex 1.200000 2.078461 4.000000
    endloop
  endfacet
  facet normal -0.000000 0.000000 -1.000000
    outer loop
      vertex 2.142840 2.792604 4.000000
      vertex 1.200000 2.078461 4.000000
      vertex 1.760000 3.048409 4.000000
    endloop
  endfacet
  facet normal 0.555570 0.831470 0.000000
    outer loop
      vertex 2.142840 2.792604 0.000000
      vertex 1.760000 3.048409 0.000000
      vertex 1.760000 3.048409 4.000000
    endloop
  endfacet
  facet normal 0.555570 0.831470 -0.000000
    outer loop
      vertex 2.142840 2.792604 0.000000
      vertex 1.760000 3.048409 4.000000
      vertex 2.142840 2.792604 4.000000
    endloop
  endfacet
  facet normal -0.555570 -0.831470 0.000000
    outer loop
      vertex 1.461027 1.904048 0.000000
      vertex 1.200000 2.078461 4.000000
      vertex 1.200000 2.078461 0.000000
    endloop
  endfacet
  facet normal -0.555570 -0.831470 0.000000
    outer loop
      vertex 1.461027 1.904048 0.000000
      vertex 1.461027 1.904048 4.000000
      vertex 1.200000 2.078461 4.000000
    endloop
  endfacet
  facet normal 0.000000 0.000000 1.000000
    outer loop
      vertex 1.760000 3.048409 0.000000
      vertex 0.918440 2.217311 0.000000
      vertex 1.200000 2.078461 0.000000
    endloop
  endfacet
  facet normal 0.000000 0.000000 1.000000
    outer loop
      vertex 1.760000 3.048409 0.000000
      vertex 1.347046 3.252056 0.000000
      vertex 0.918440 2.217311 0.000000
    endloop
  endfacet
  facet normal 0.000000 0.000000 -1.000000
    outer loop
      vertex 1.760000 3.048409 4.000000
      vertex 1.200000 2.078461 4.000000
      vertex 0.918440 2.217311 4.000000
    endloop
  endfacet
  facet normal -0.000000 0.000000 -1.000000
    outer loop
      vertex 1.760000 3.048409 4.000000
      vertex 0.918440 2.217311 4.000000
      vertex 1.347046 3.252056 4.000000
    endloop
  endfacet
  facet normal 0.442289 0.896873 0.000000
    outer loop
      vertex 1.760000 3.048409 0.000000
      vertex 1.347046 3.252056 0.000000
      vertex 1.347046 3.252056 4.000000
    endloop
  endfacet
  facet normal 0.442289 0.896873 -0.000000
    outer loop
      vertex 1.760000 3.048409 0.000000
      vertex 1.347046 3.252056 4.000000
      vertex 1.760000 3.048409 4.000000
    endloop
  endfacet
  facet normal -0.442289 -0.896873 0.000000
    outer loop
      vertex 1.200000 2.078461 0.000000
      vertex 0.918440 2.217311 4.000000
      vertex 0.918440 2.217311 0.000000
    endloop
  endfacet
  facet normal -0.442289 -0.896873 0.000000
    outer loop
      vertex 1.200000 2.078461 0.000000
      vertex 1.200000 2.078461 4.000000
      vertex 0.918440 2.217311 4.000000
    endloop
  endfacet
  facet normal 0.000000 0.000000 1.000000
    outer loop
      vertex 1.347046 3.252056 0.000000
      vertex 0.621166 2.318222 0.000000
      vertex 0.918440 2.217311 0.000000
    endloop
  endfacet
  facet normal 0.000000 0.000000 1.000000
    outer loop
      vertex 1.347046 3.252056 0.000000
      vertex 0.911043 3.400059 0.000000
      vertex 0.621166 2.318222 0.000000
    endloop
  endfacet
  facet normal 0.000000 0.000000 -1.000000
    outer loop
      vertex 1.347046 3.252056 4.000000
      vertex 0.918440 2.217311 4.000000
      vertex 0.621166 2.318222 4.000000
    endloop
  endfacet
  facet normal -0.000000 0.000000 -1.000000
    outer loop
      vertex 1.347046 3.252056 4.000000
      vertex 0.621166 2.318222 4.000000
      vertex 0.911043 3.400059 4.000000
    endloop
  endfacet
  facet normal 0.321439 0.946930 0.000000
    outer loop
      vertex 1.347046 3.252056 0.000000
      vertex 0.911043 3.400059 0.000000
      vertex 0.911043 3.400059 4.000000
    endloop
  endfacet
  facet normal 0.321439 0.946930 -0.000000
    outer loop
      vertex 1.347046 3.252056 0.000000
      vertex 0.911043 3.400059 4.000000
      vertex 1.347046 3.252056 4.000000
    endloop
  endfacet
  facet normal -0.321439 -0.946930 0.000000
    outer loop
      vertex 0.918440 2.217311 0.000000
      vertex 0.621166 2.318222 4.000000
      vertex 0.621166 2.318222 0.000000
    endloop
  endfacet
  facet normal -0.321439 -0.946930 0.000000
    outer loop
      vertex 0.918440 2.217311 0.000000
      vertex 0.918440 2.217311 4.000000
      vertex 0.621166 2.318222 4.000000
    endloop
  endfacet
  facet normal 0.000000 0.000000 1.000000
    outer loop
      vertex 0.911043 3.400059 0.000000
      vertex 0.313263 2.379468 0.000000
      vertex 0.621166 2.318222 0.000000
    endloop
  endfacet
  facet normal 0.000000 0.000000 1.000000
    outer loop
      vertex 0.911043 3.400059 0.000000
      vertex 0.459452 3.489886 0.000000
      vertex 0.313263 2.379468 0.000000
    endloop
  endfacet
  facet normal 0.000000 0.000000 -1.000000
    outer loop
      vertex 0.911043 3.400059 4.000000
      vertex 0.621166 2.318222 4.000000
      vertex 0.313263 2.379468 4.000000
    endloop
  endfacet
  facet normal -0.000000 0.000000 -1.000000
    outer loop
      vertex 0.911043 3.400059 4.000000
      vertex 0.313263 2.379468 4.000000
      vertex 0.459452 3.489886 4.000000
    endloop
  endfacet
  facet normal 0.195090 0.980785 0.000000
    outer loop
      vertex 0.911043 3.400059 0.000000
      vertex 0.459452 3.489886 0.000000
      vertex 0.459452 3.489886 4.000000
    endloop
  endfacet
  facet normal 0.195090 0.980785 -0.000000
    outer loop
      vertex 0.911043 3.400059 0.000000
      vertex 0.459452 3.489886 4.000000
      vertex 0.911043 3.400059 4.000000
    endloop
  endfacet
  facet normal -0.195090 -0.980785 0.000000
    outer loop
      vertex 0.621166 2.318222 0.000000
      vertex 0.313263 2.379468 4.000000
      vertex 0.313263 2.379468 0.000000
    endloop
  endfacet
  facet normal -0.195090 -0.980785 0.000000
    outer loop
      vertex 0.621166 2.318222 0.000000
      vertex 0.621166 2.318222 4.000000
      vertex 0.313263 2.379468 4.000000
    endloop
  endfacet
  facet normal 0.000000 0.000000 1.000000
    outer loop
      vertex 0.459452 3.489886 0.000000
      vertex 0.000000 2.400000 0.000000
      vertex 0.313263 2.379468 0.000000
    endloop
  endfacet
  facet normal 0.000000 0.000000 1.000000
    outer loop
      vertex 0.459452 3.489886 0.000000
      vertex 0.000000 3.520000 0.000000
      vertex 0.000000 2.400000 0.000000
    endloop
  endfacet
  facet normal 0.000000 0.000000 -1.000000
    outer loop
      vertex 0.459452 3.489886 4.000000
      vertex 0.313263 2.379468 4.000000
      vertex 0.000000 2.400000 4.000000
    endloop
  endfacet
  facet normal -0.000000 0.000000 -1.000000
    outer loop
      vertex 0.459452 3.489886 4.000000
      vertex 0.000000 2.400000 4.000000
      vertex 0.000000 3.520000 4.000000
    endloop
  endfacet
  facet normal 0.065403 0.997859 0.000000
    outer loop
      vertex 0.459452 3.489886 0.000000
      vertex 0.000000 3.520000 0.000000
      vertex 0.000000 3.520000 4.000000
    endloop
  endfacet
  facet normal 0.065403 0.997859 -0.000000
    outer loop
      vertex 0.459452 3.489886 0.000000
      vertex 0.000000 3.520000 4.000000
      vertex 0.459452 3.489886 4.000000
    endloop
  endfacet
  facet normal -0.065403 -0.997859 0.000000
    outer loop
      vertex 0.313263 2.379468 0.000000
      vertex 0.000000 2.400000 4.000000
      vertex 0.000000 2.400000 0.000000
    endloop
  endfacet
  facet normal -0.065403 -0.997859 0.000000
    outer loop
      vertex 0.313263 2.379468 0.000000
      vertex 0.313263 2.379468 4.000000
      vertex 0.000000 2.400000 4.000000
    endloop
  endfacet
  facet normal 0.000000 0.000000 1.000000
    outer loop
      vertex 0.000000 3.520000 0.000000
      vertex -0.313263 2.379468 0.000000
      vertex 0.000000 2.400000 0.000000
    endloop
  endfacet
  facet normal 0.000000 0.000000 1.000000
    outer loop
      vertex 0.000000 3.520000 0.000000
      vertex -0.459452 3.489886 0.000000
      vertex -0.313263 2.379468 0.000000
    endloop
  endfacet
  facet normal 0.000000 0.000000 -1.000000
    outer loop
      vertex 0.000000 3.520000 4.000000
      vertex 0.000000 2.400000 4.000000
      vertex -0.313263 2.379468 4.000000
    endloop
  endfacet
  facet normal 0.000000 0.000000 -1.000000
    outer loop
      vertex 0.000000 3.520000 4.000000
      vertex -0.313263 2.379468 4.000000
      vertex -0.459452 3.489886 4.000000
    endloop
  endfacet
  facet normal -0.065403 0.997859 0.000000
    outer loop
      vertex 0.000000 3.520000 0.000000
      vertex -0.459452 3.489886 0.000000
      vertex -0.459452 3.489886 4.000000
    endloop
  endfacet
  facet normal -0.065403 0.997859 0.000000
    outer loop
      vertex 0.000000 3.520000 0.000000
      vertex -0.459452 3.489886 4.000000
      vertex 0.000000 3.520000 4.000000
    endloop
  endfacet
  facet normal 0.065403 -0.997859 0.000000
    outer loop
      vertex 0.000000 2.400000 0.000000
      vertex -0.313263 2.379468 4.000000
      vertex -0.313263 2.379468 0.000000
    endloop
  endfacet
  facet normal 0.065403 -0.997859 0.000000
    outer loop
      vertex 0.000000 2.400000 0.000000
      vertex 0.000000 2.400000 4.000000
      vertex -0.313263 2.379468 4.000000
    endloop
  endfacet
  facet normal 0.000000 0.000000 1.000000
    outer loop
      vertex -0.459452 3.489886 0.000000
      vertex -0.621166 2.318222 0.000000
      vertex -0.313263 2.379468 0.000000
    endloop
  endfacet
  facet normal 0.000000 0.000000 1.000000
    outer loop
      vertex -0.459452 3.489886 0.000000
      vertex -0.911043 3.400059 0.000000
      vertex -0.621166 2.318222 0.000000
    endloop
  endfacet
  facet normal 0.000000 -0.000000 -1.000000
    outer loop
      vertex -0.459452 3.489886 4.000000
      vertex -0.313263 2.379468 4.000000
      vertex -0.621166 2.318222 4.000000
    endloop
  endfacet
  facet normal 0.000000 0.000000 -1.000000
    outer loop
      vertex -0.459452 3.489886 4.000000
      vertex -0.621166 2.318222 4.000000
      vertex -0.911043 3.400059 4.000000
    endloop
  endfacet
  facet normal -0.195090 0.980785 0.000000
    outer loop
      vertex -0.459452 3.489886 0.000000
      vertex -0.911043 3.400059 0.000000
      vertex -0.911043 3.400059 4.000000
    endloop
  endfacet
  facet normal -0.195090 0.980785 0.000000
    outer loop
      vertex -0.459452 3.489886 0.000000
      vertex -0.911043 3.400059 4.000000
      vertex -0.459452 3.489886 4.000000
    endloop
  endfacet
  facet normal 0.195090 -0.980785 0.000000
    outer loop
      vertex -0.313263 2.379468 0.000000
      vertex -0.621166 2.318222 4.000000
      vertex -0.621166 2.318222 0.000000
    endloop
  endfacet
  facet normal 0.195090 -0.980785 0.000000
    outer loop
      vertex -0.313263 2.379468 0.000000
      vertex -0.313263 2.379468 4.000000
      vertex -0.621166 2.318222 4.000000
    endloop
  endfacet
  facet normal 0.000000 0.000000 1.000000
    outer loop
      vertex -0.911043 3.400059 0.000000
      vertex -0.918440 2.217311 0.000000
      vertex -0.621166 2.318222 0.000000
    endloop
  endfacet
  facet normal 0.000000 0.000000 1.000000
    outer loop
      vertex -0.911043 3.400059 0.000000
      vertex -1.347046 3.252056 0.000000
      vertex -0.918440 2.217311 0.000000
    endloop
  endfacet
  facet normal 0.000000 -0.000000 -1.000000
    outer loop
      vertex -0.911043 3.400059 4.000000
      vertex -0.621166 2.318222 4.000000
      vertex -0.918440 2.217311 4.000000
    endloop
  endfacet
  facet normal 0.000000 0.000000 -1.000000
    outer loop
      vertex -0.911043 3.400059 4.000000
      vertex -0.918440 2.217311 4.000000
      vertex -1.347046 3.252056 4.000000
    endloop
  endfacet
  facet normal -0.321439 0.946930 0.000000
    outer loop
      vertex -0.911043 3.400059 0.000000
      vertex -1.347046 3.252056 0.000000
      vertex -1.347046 3.252056 4.000000
    endloop
  endfacet
  facet normal -0.321439 0.946930 0.000000
    outer loop
      vertex -0.911043 3.400059 0.000000
      vertex -1.347046 3.252056 4.000000
      vertex -0.911043 3.400059 4.000000
    endloop
  endfacet
  facet normal 0.321439 -0.946930 0.000000
    outer loop
      vertex -0.621166 2.318222 0.000000
      vertex -0.918440 2.217311 4.000000
      vertex -0.918440 2.217311 0.000000
    endloop
  endfacet
  facet normal 0.321439 -0.946930 0.000000
    outer loop
      vertex -0.621166 2.318222 0.000000
      vertex -0.621166 2.318222 4.000000
      vertex -0.918440 2.217311 4.000000
    endloop
  endfacet
  facet normal 0.000000 0.000000 1.000000
    outer loop
      vertex -1.347046 3.252056 0.000000
      vertex -1.200000 2.078461 0.000000
      vertex -0.918440 2.217311 0.000000
    endloop
  endfacet
  facet normal 0.000000 0.000000 1.000000
    outer loop
      vertex -1.347046 3.252056 0.000000
      vertex -1.760000 3.048409 0.000000
      vertex -1.200000 2.078461 0.000000
    endloop
  endfacet
  facet normal 0.000000 0.000000 -1.000000
    outer loop
      vertex -1.347046 3.252056 4.000000
      vertex -0.918440 2.217311 4.000000
      vertex -1.200000 2.078461 4.000000
    endloop
  endfacet
  facet normal 0.000000 -0.000000 -1.000000
    outer loop
      vertex -1.347046 3.252056 4.000000
      vertex -1.200000 2.078461 4.000000
      vertex -1.760000 3.048409 4.000000
    endloop
  endfacet
  facet normal -0.442289 0.896873 0.000000
    outer loop
      vertex -1.347046 3.252056 0.000000
      vertex -1.760000 3.048409 0.000000
      vertex -1.760000 3.048409 4.000000
    endloop
  endfacet
  facet normal -0.442289 0.896873 0.000000
    outer loop
      vertex -1.347046 3.252056 0.000000
      vertex -1.760000 3.048409 4.000000
      vertex -1.347046 3.252056 4.000000
    endloop
  endfacet
  facet normal 0.442289 -0.896873 0.000000
    outer loop
      vertex -0.918440 2.217311 0.000000
      vertex -1.200000 2.078461 4.000000
      vertex -1.200000 2.078461 0.000000
    endloop
  endfacet
  facet normal 0.442289 -0.896873 0.000000
    outer loop
      vertex -0.918440 2.217311 0.000000
      vertex -0.918440 2.217311 4.000000
      vertex -1.200000 2.078461 4.000000
    endloop
  endfacet
  facet normal 0.000000 0.000000 1.000000
    outer loop
      vertex -1.760000 3.048409 0.000000
      vertex -1.461027 1.904048 0.000000
      vertex -1.200000 2.078461 0.000000
    endloop
  endfacet
  facet normal 0.000000 0.000000 1.000000
    outer loop
      vertex -1.760000 3.048409 0.000000
      vertex -2.142840 2.792604 0.000000
      vertex -1.461027 1.904048 0.000000
    endloop
  endfacet
  facet normal 0.000000 0.000000 -1.000000
    outer loop
      vertex -1.760000 3.048409 4.000000
      vertex -1.200000 2.078461 4.000000
      vertex -1.461027 1.904048 4.000000
    endloop
  endfacet
  facet normal 0.000000 -0.000000 -1.000000
    outer loop
      vertex -1.760000 3.048409 4.000000
      vertex -1.461027 1.904048 4.000000
      vertex -2.142840 2.792604 4.000000
    endloop
  endfacet
  facet normal -0.555570 0.831470 0.000000
    outer loop
      vertex -1.760000 3.048409 0.000000
      vertex -2.142840 2.792604 0.000000
      vertex -2.142840 2.792604 4.000000
    endloop
  endfacet
  facet normal -0.555570 0.831470 0.000000
    outer loop
      vertex -1.760000 3.048409 0.000000
      vertex -2.142840 2.792604 4.000000
      vertex -1.760000 3.048409 4.000000
    endloop
  endfacet
  facet normal 0.555570 -0.831470 0.000000
    outer loop
      vertex -1.200000 2.078461 0.000000
      vertex -1.461027 1.904048 4.000000
      vertex -1.461027 1.904048 0.000000
    endloop
  endfacet
  facet normal 0.555570 -0.831470 0.000000
    outer loop
      vertex -1.200000 2.078461 0.000000
      vertex -1.200000 2.078461 4.000000
      vertex -1.461027 1.904048 4.000000
    endloop
  endfacet
  facet normal 0.000000 0.000000 1.000000
    outer loop
      vertex -2.142840 2.792604 0.000000
      vertex -1.697056 1.697056 0.000000
      vertex -1.461027 1.904048 0.000000
    endloop
  endfacet
  facet normal 0.000000 0.000000 1.000000
    outer loop
      vertex -2.142840 2.792604 0.000000
      vertex -2.489016 2.489016 0.000000
      vertex -1.697056 1.697056 0.000000
    endloop
  endfacet
  facet normal 0.000000 0.000000 -1.000000
    outer loop
      vertex -2.142840 2.792604 4.000000
      vertex -1.461027 1.904048 4.000000
      vertex -1.697056 1.697056 4.000000
    endloop
  endfacet
  facet normal 0.000000 -0.000000 -1.000000
    outer loop
      vertex -2.142840 2.792604 4.000000
      vertex -1.697056 1.697056 4.000000
      vertex -2.489016 2.489016 4.000000
    endloop
  endfacet
  facet normal -0.659346 0.751840 0.000000
    outer loop
      vertex -2.142840 2.792604 0.000000
      vertex -2.489016 2.489016 0.000000
      vertex -2.489016 2.489016 4.000000
    endloop
  endfacet
  facet normal -0.659346 0.751840 0.000000
    outer loop
      vertex -2.142840 2.792604 0.000000
      vertex -2.489016 2.489016 4.000000
      vertex -2.142840 2.792604 4.000000
    endloop
  endfacet
  facet normal 0.659346 -0.751840 0.000000
    outer loop
      vertex -1.461027 1.904048 0.000000
      vertex -1.697056 1.697056 4.000000
      vertex -1.697056 1.697056 0.000000
    endloop
  endfacet
  facet normal 0.659346 -0.751840 0.000000
    outer loop
      vertex -1.461027 1.904048 0.000000
      vertex -1.461027 1.904048 4.000000
      vertex -1.697056 1.697056 4.000000
    endloop
  endfacet
  facet normal 0.000000 0.000000 1.000000
    outer loop
      vertex -2.489016 2.489016 0.000000
      vertex -1.904048 1.461027 0.000000
      vertex -1.697056 1.697056 0.000000
    endloop
  endfacet
  facet normal 0.000000 0.000000 1.000000
    outer loop
      vertex -2.489016 2.489016 0.000000
      vertex -2.792604 2.142840 0.000000
      vertex -1.904048 1.461027 0.000000
    endloop
  endfacet
  facet normal 0.000000 0.000000 -1.000000
    outer loop
      vertex -2.489016 2.489016 4.000000
      vertex -1.697056 1.697056 4.000000
      vertex -1.904048 1.461027 4.000000
    endloop
  endfacet
  facet normal 0.000000 -0.000000 -1.000000
    outer loop
      vertex -2.489016 2.489016 4.000000
      vertex -1.904048 1.461027 4.000000
      vertex -2.792604 2.142840 4.000000
    endloop
  endfacet
  facet normal -0.751840 0.659346 0.000000
    outer loop
      vertex -2.489016 2.489016 0.000000
      vertex -2.792604 2.142840 0.000000
      vertex -2.792604 2.142840 4.000000
    endloop
  endfacet
  facet normal -0.751840 0.659346 0.000000
    outer loop
      vertex -2.489016 2.489016 0.000000
      vertex -2.792604 2.142840 4.000000
      vertex -2.489016 2.489016 4.000000
    endloop
  endfacet
  facet normal 0.751840 -0.659346 0.000000
    outer loop
      vertex -1.697056 1.697056 0.000000
      vertex -1.904048 1.461027 4.000000
      vertex -1.904048 1.461027 0.000000
    endloop
  endfacet
  facet normal 0.751840 -0.659346 0.000000
    outer loop
      vertex -1.697056 1.697056 0.000000
      vertex -1.697056 1.697056 4.000000
      vertex -1.904048 1.461027 4.000000
    endloop
  endfacet
  facet normal 0.000000 0.000000 1.000000
    outer loop
      vertex -2.792604 2.142840 0.000000
      vertex -2.078461 1.200000 0.000000
      vertex -1.904048 1.461027 0.000000
    endloop
  endfacet
  facet normal 0.000000 0.000000 1.000000
    outer loop
      vertex -2.792604 2.142840 0.000000
      vertex -3.048409 1.760000 0.000000
      vertex -2.078461 1.200000 0.000000
    endloop
  endfacet
  facet normal 0.000000 0.000000 -1.000000
    outer loop
      vertex -2.792604 2.142840 4.000000
      vertex -1.904048 1.461027 4.000000
      vertex -2.078461 1.200000 4.000000
    endloop
  endfacet
  facet normal 0.000000 -0.000000 -1.000000
    outer loop
      vertex -2.792604 2.142840 4.000000
      vertex -2.078461 1.200000 4.000000
      vertex -3.048409 1.760000 4.000000
    endloop
  endfacet
  facet normal -0.831470 0.555570 0.000000
    outer loop
      vertex -2.792604 2.142840 0.000000
      vertex -3.048409 1.760000 0.000000
      vertex -3.048409 1.760000 4.000000
    endloop
  endfacet
  facet normal -0.831470 0.555570 0.000000
    outer loop
      vertex -2.792604 2.142840 0.000000
      vertex -3.048409 1.760000 4.000000
      vertex -2.792604 2.142840 4.000000
    endloop
  endfacet
  facet normal 0.831470 -0.555570 0.000000
    outer loop
      vertex -1.904048 1.461027 0.000000
      vertex -2.078461 1.200000 4.000000
      vertex -2.078461 1.200000 0.000000
    endloop
  endfacet
  facet normal 0.831470 -0.555570 0.000000
    outer loop
      vertex -1.904048 1.461027 0.000000
      vertex -1.904048 1.461027 4.000000
      vertex -2.078461 1.200000 4.000000
    endloop
  endfacet
  facet normal 0.000000 0.000000 1.000000
    outer loop
      vertex -3.048409 1.760000 0.000000
      vertex -2.217311 0.918440 0.000000
      vertex -2.078461 1.200000 0.000000
    endloop
  endfacet
  facet normal 0.000000 0.000000 1.000000
    outer loop
      vertex -3.048409 1.760000 0.000000
      vertex -3.252056 1.347046 0.000000
      vertex -2.217311 0.918440 0.000000
    endloop
  endfacet
  facet normal 0.000000 0.000000 -1.000000
    outer loop
      vertex -3.048409 1.760000 4.000000
      vertex -2.078461 1.200000 4.000000
      vertex -2.217311 0.918440 4.000000
    endloop
  endfacet
  facet normal 0.000000 -0.000000 -1.000000
    outer loop
      vertex -3.048409 1.760000 4.000000
      vertex -2.217311 0.918440 4.000000
      vertex -3.252056 1.347046 4.000000
    endloop
  endfacet
  facet normal -0.896873 0.442289 0.000000
    outer loop
      vertex -3.048409 1.760000 0.000000
      vertex -3.252056 1.347046 0.000000
      vertex -3.252056 1.347046 4.000000
    endloop
  endfacet
  facet normal -0.896873 0.442289 0.000000
    outer loop
      vertex -3.048409 1.760000 0.000000
      vertex -3.252056 1.347046 4.000000
      vertex -3.048409 1.760000 4.000000
    endloop
  endfacet
  facet normal 0.896873 -0.442289 0.000000
    outer loop
      vertex -2.078461 1.200000 0.000000
      vertex -2.217311 0.918440 4.000000
      vertex -2.217311 0.918440 0.000000
    endloop
  endfacet
  facet normal 0.896873 -0.442289 0.000000
    outer loop
      vertex -2.078461 1.200000 0.000000
      vertex -2.078461 1.200000 4.000000
      vertex -2.217311 0.918440 4.000000
    endloop
  endfacet
  facet normal 0.000000 0.000000 1.000000
    outer loop
      vertex -3.252056 1.347046 0.000000
      vertex -2.318222 0.621166 0.000000
      vertex -2.217311 0.918440 0.000000
    endloop
  endfacet
  facet normal 0.000000 0.000000 1.000000
    outer loop
      vertex -3.252056 1.347046 0.000000
      vertex -3.400059 0.911043 0.000000
      vertex -2.318222 0.621166 0.000000
    endloop
  endfacet
  facet normal 0.000000 0.000000 -1.000000
    outer loop
      vertex -3.252056 1.347046 4.000000
      vertex -2.217311 0.918440 4.000000
      vertex -2.318222 0.621166 4.000000
    endloop
  endfacet
  facet normal 0.000000 -0.000000 -1.000000
    outer loop
      vertex -3.252056 1.347046 4.000000
      vertex -2.318222 0.621166 4.000000
      vertex -3.400059 0.911043 4.000000
    endloop
  endfacet
  facet normal -0.946930 0.321439 0.000000
    outer loop
      vertex -3.252056 1.347046 0.000000
      vertex -3.400059 0.911043 0.000000
      vertex -3.400059 0.911043 4.000000
    endloop
  endfacet
  facet normal -0.946930 0.321439 0.000000
    outer loop
      vertex -3.252056 1.347046 0.000000
      vertex -3.400059 0.911043 4.000000
      vertex -3.252056 1.347046 4.000000
    endloop
  endfacet
  facet normal 0.946930 -0.321439 0.000000
    outer loop
      vertex -2.217311 0.918440 0.000000
      vertex -2.318222 0.621166 4.000000
      vertex -2.318222 0.621166 0.000000
    endloop
  endfacet
  facet normal 0.946930 -0.321439 0.000000
    outer loop
      vertex -2.217311 0.918440 0.000000
      vertex -2.217311 0.918440 4.000000
      vertex -2.318222 0.621166 4.000000
    endloop
  endfacet
  facet normal 0.000000 0.000000 1.000000
    outer loop
      vertex -3.400059 0.911043 0.000000
      vertex -2.379468 0.313263 0.000000
      vertex -2.318222 0.621166 0.000000
    endloop
  endfacet
  facet normal 0.000000 0.000000 1.000000
    outer loop
      vertex -3.400059 0.911043 0.000000
      vertex -3.489886 0.459452 0.000000
      vertex -2.379468 0.313263 0.000000
    endloop
  endfacet
  facet normal 0.000000 0.000000 -1.000000
    outer loop
      vertex -3.400059 0.911043 4.000000
      vertex -2.318222 0.621166 4.000000
      vertex -2.379468 0.313263 4.000000
    endloop
  endfacet
  facet normal 0.000000 -0.000000 -1.000000
    outer loop
      vertex -3.400059 0.911043 4.000000
      vertex -2.379468 0.313263 4.000000
      vertex -3.489886 0.459452 4.000000
    endloop
  endfacet
  facet normal -0.980785 0.195090 0.000000
    outer loop
      vertex -3.400059 0.911043 0.000000
      vertex -3.489886 0.459452 0.000000
      vertex -3.489886 0.459452 4.000000
    endloop
  endfacet
  facet normal -0.980785 0.195090 0.000000
    outer loop
      vertex -3.400059 0.911043 0.000000
      vertex -3.489886 0.459452 4.000000
      vertex -3.400059 0.911043 4.000000
    endloop
  endfacet
  facet normal 0.980785 -0.195090 0.000000
    outer loop
      vertex -2.318222 0.621166 0.000000
      vertex -2.379468 0.313263 4.000000
      vertex -2.379468 0.313263 0.000000
    endloop
  endfacet
  facet normal 0.980785 -0.195090 0.000000
    outer loop
      vertex -2.318222 0.621166 0.000000
      vertex -2.318222 0.621166 4.000000
      vertex -2.379468 0.313263 4.000000
    endloop
  endfacet
  facet normal 0.000000 0.000000 1.000000
    outer loop
      vertex -3.489886 0.459452 0.000000
      vertex -2.400000 0.000000 0.000000
      vertex -2.379468 0.313263 0.000000
    endloop
  endfacet
  facet normal 0.000000 0.000000 1.000000
    outer loop
      vertex -3.489886 0.459452 0.000000
      vertex -3.520000 0.000000 0.000000
      vertex -2.400000 0.000000 0.000000
    endloop
  endfacet
  facet normal 0.000000 0.000000 -1.000000
    outer loop
      vertex -3.489886 0.459452 4.000000
      vertex -2.379468 0.313263 4.000000
      vertex -2.400000 0.000000 4.000000
    endloop
  endfacet
  facet normal 0.000000 -0.000000 -1.000000
    outer loop
      vertex -3.489886 0.459452 4.000000
      vertex -2.400000 0.000000 4.000000
      vertex -3.520000 0.000000 4.000000
    endloop
  endfacet
  facet normal -0.997859 0.065403 0.000000
    outer loop
      vertex -3.489886 0.459452 0.000000
      vertex -3.520000 0.000000 0.000000
      vertex -3.520000 0.000000 4.000000
    endloop
  endfacet
  facet normal -0.997859 0.065403 0.000000
    outer loop
      vertex -3.489886 0.459452 0.000000
      vertex -3.520000 0.000000 4.000000
      vertex -3.489886 0.459452 4.000000
    endloop
  endfacet
  facet normal 0.997859 -0.065403 0.000000
    outer loop
      vertex -2.379468 0.313263 0.000000
      vertex -2.400000 0.000000 4.000000
      vertex -2.400000 0.000000 0.000000
    endloop
  endfacet
  facet normal 0.997859 -0.065403 0.000000
    outer loop
      vertex -2.379468 0.313263 0.000000
      vertex -2.379468 0.313263 4.000000
      vertex -2.400000 0.000000 4.000000
    endloop
  endfacet
  facet normal 0.000000 0.000000 1.000000
    outer loop
      vertex -3.520000 0.000000 0.000000
      vertex -2.379468 -0.313263 0.000000
      vertex -2.400000 0.000000 0.000000
    endloop
  endfacet
  facet normal 0.000000 0.000000 1.000000
    outer loop
      vertex -3.520000 0.000000 0.000000
      vertex -3.489886 -0.459452 0.000000
      vertex -2.379468 -0.313263 0.000000
    endloop
  endfacet
  facet normal 0.000000 0.000000 -1.000000
    outer loop
      vertex -3.520000 0.000000 4.000000
      vertex -2.400000 0.000000 4.000000
      vertex -2.379468 -0.313263 4.000000
    endloop
  endfacet
  facet normal 0.000000 0.000000 -1.000000
    outer loop
      vertex -3.520000 0.000000 4.000000
      vertex -2.379468 -0.313263 4.000000
      vertex -3.489886 -0.459452 4.000000
    endloop
  endfacet
  facet normal -0.997859 -0.065403 0.000000
    outer loop
      vertex -3.520000 0.000000 0.000000
      vertex -3.489886 -0.459452 0.000000
      vertex -3.489886 -0.459452 4.000000
    endloop
  endfacet
  facet normal -0.997859 -0.065403 0.000000
    outer loop
      vertex -3.520000 0.000000 0.000000
      vertex -3.489886 -0.459452 4.000000
      vertex -3.520000 0.000000 4.000000
    endloop
  endfacet
  facet normal 0.997859 0.065403 0.000000
    outer loop
      vertex -2.400000 0.000000 0.000000
      vertex -2.379468 -0.313263 4.000000
      vertex -2.379468 -0.313263 0.000000
    endloop
  endfacet
  facet normal 0.997859 0.065403 -0.000000
    outer loop
      vertex -2.400000 0.000000 0.000000
      vertex -2.400000 0.000000 4.000000
      vertex -2.379468 -0.313263 4.000000
    endloop
  endfacet
  facet normal -0.000000 0.000000 1.000000
    outer loop
      vertex -3.489886 -0.459452 0.000000
      vertex -2.318222 -0.621166 0.000000
      vertex -2.379468 -0.313263 0.000000
    endloop
  endfacet
  facet normal 0.000000 0.000000 1.000000
    outer loop
      vertex -3.489886 -0.459452 0.000000
      vertex -3.400059 -0.911043 0.000000
      vertex -2.318222 -0.621166 0.000000
    endloop
  endfacet
  facet normal 0.000000 0.000000 -1.000000
    outer loop
      vertex -3.489886 -0.459452 4.000000
      vertex -2.379468 -0.313263 4.000000
      vertex -2.318222 -0.621166 4.000000
    endloop
  endfacet
  facet normal 0.000000 0.000000 -1.000000
    outer loop
      vertex -3.489886 -0.459452 4.000000
      vertex -2.318222 -0.621166 4.000000
      vertex -3.400059 -0.911043 4.000000
    endloop
  endfacet
  facet normal -0.980785 -0.195090 0.000000
    outer loop
      vertex -3.489886 -0.459452 0.000000
      vertex -3.400059 -0.911043 0.000000
      vertex -3.400059 -0.911043 4.000000
    endloop
  endfacet
  facet normal -0.980785 -0.195090 0.000000
    outer loop
      vertex -3.489886 -0.459452 0.000000
      vertex -3.400059 -0.911043 4.000000
      vertex -3.489886 -0.459452 4.000000
    endloop
  endfacet
  facet normal 0.980785 0.195090 0.000000
    outer loop
      vertex -2.379468 -0.313263 0.000000
      vertex -2.318222 -0.621166 4.000000
      vertex -2.318222 -0.621166 0.000000
    endloop
  endfacet
  facet normal 0.980785 0.195090 -0.000000
    outer loop
      vertex -2.379468 -0.313263 0.000000
      vertex -2.379468 -0.313263 4.000000
      vertex -2.318222 -0.621166 4.000000
    endloop
  endfacet
  facet normal -0.000000 0.000000 1.000000
    outer loop
      vertex -3.400059 -0.911043 0.000000
      vertex -2.217311 -0.918440 0.000000
      vertex -2.318222 -0.621166 0.000000
    endloop
  endfacet
  facet normal 0.000000 0.000000 1.000000
    outer loop
      vertex -3.400059 -0.911043 0.000000
      vertex -3.252056 -1.347046 0.000000
      vertex -2.217311 -0.918440 0.000000
    endloop
  endfacet
  facet normal 0.000000 0.000000 -1.000000
    outer loop
      vertex -3.400059 -0.911043 4.000000
      vertex -2.318222 -0.621166 4.000000
      vertex -2.217311 -0.918440 4.000000
    endloop
  endfacet
  facet normal 0.000000 0.000000 -1.000000
    outer loop
      vertex -3.400059 -0.911043 4.000000
      vertex -2.217311 -0.918440 4.000000
      vertex -3.252056 -1.347046 4.000000
    endloop
  endfacet
  facet normal -0.946930 -0.321439 0.000000
    outer loop
      vertex -3.400059 -0.911043 0.000000
      vertex -3.252056 -1.347046 0.000000
      vertex -3.252056 -1.347046 4.000000
    endloop
  endfacet
  facet normal -0.946930 -0.321439 0.000000
    outer loop
      vertex -3.400059 -0.911043 0.000000
      vertex -3.252056 -1.347046 4.000000
      vertex -3.400059 -0.911043 4.000000
    endloop
  endfacet
  facet normal 0.946930 0.321439 0.000000
    outer loop
      vertex -2.318222 -0.621166 0.000000
      vertex -2.217311 -0.918440 4.000000
      vertex -2.217311 -0.918440 0.000000
    endloop
  endfacet
  facet normal 0.946930 0.321439 -0.000000
    outer loop
      vertex -2.318222 -0.621166 0.000000
      vertex -2.318222 -0.621166 4.000000
      vertex -2.217311 -0.918440 4.000000
    endloop
  endfacet
  facet normal 0.000000 0.000000 1.000000
    outer loop
      vertex -3.252056 -1.347046 0.000000
      vertex -2.078461 -1.200000 0.000000
      vertex -2.217311 -0.918440 0.000000
    endloop
  endfacet
  facet normal -0.000000 0.000000 1.000000
    outer loop
      vertex -3.252056 -1.347046 0.000000
      vertex -3.048409 -1.760000 0.000000
      vertex -2.078461 -1.200000 0.000000
    endloop
  endfacet
  facet normal 0.000000 0.000000 -1.000000
    outer loop
      vertex -3.252056 -1.347046 4.000000
      vertex -2.217311 -0.918440 4.000000
      vertex -2.078461 -1.200000 4.000000
    endloop
  endfacet
  facet normal 0.000000 0.000000 -1.000000
    outer loop
      vertex -3.252056 -1.347046 4.000000
      vertex -2.078461 -1.200000 4.000000
      vertex -3.048409 -1.760000 4.000000
    endloop
  endfacet
  facet normal -0.896873 -0.442289 0.000000
    outer loop
      vertex -3.252056 -1.347046 0.000000
      vertex -3.048409 -1.760000 0.000000
      vertex -3.048409 -1.760000 4.000000
    endloop
  endfacet
  facet normal -0.896873 -0.442289 0.000000
    outer loop
      vertex -3.252056 -1.347046 0.000000
      vertex -3.048409 -1.760000 4.000000
      vertex -3.252056 -1.347046 4.000000
    endloop
  endfacet
  facet normal 0.896873 0.442289 0.000000
    outer loop
      vertex -2.217311 -0.918440 0.000000
      vertex -2.078461 -1.200000 4.000000
      vertex -2.078461 -1.200000 0.000000
    endloop
  endfacet
  facet normal 0.896873 0.442289 -0.000000
    outer loop
      vertex -2.217311 -0.918440 0.000000
      vertex -2.217311 -0.918440 4.000000
      vertex -2.078461 -1.200000 4.000000
    endloop
  endfacet
  facet normal 0.000000 0.000000 1.000000
    outer loop
      vertex -3.048409 -1.760000 0.000000
      vertex -1.904048 -1.461027 0.000000
      vertex -2.078461 -1.200000 0.000000
    endloop
  endfacet
  facet normal -0.000000 0.000000 1.000000
    outer loop
      vertex -3.048409 -1.760000 0.000000
      vertex -2.792604 -2.142840 0.000000
      vertex -1.904048 -1.461027 0.000000
    endloop
  endfacet
  facet normal 0.000000 0.000000 -1.000000
    outer loop
      vertex -3.048409 -1.760000 4.000000
      vertex -2.078461 -1.200000 4.000000
      vertex -1.904048 -1.461027 4.000000
    endloop
  endfacet
  facet normal 0.000000 0.000000 -1.000000
    outer loop
      vertex -3.048409 -1.760000 4.000000
      vertex -1.904048 -1.461027 4.000000
      vertex -2.792604 -2.142840 4.000000
    endloop
  endfacet
  facet normal -0.831470 -0.555570 0.000000
    outer loop
      vertex -3.048409 -1.760000 0.000000
      vertex -2.792604 -2.142840 0.000000
      vertex -2.792604 -2.142840 4.000000
    endloop
  endfacet
  facet normal -0.831470 -0.555570 0.000000
    outer loop
      vertex -3.048409 -1.760000 0.000000
      vertex -2.792604 -2.142840 4.000000
      vertex -3.048409 -1.760000 4.000000
    endloop
  endfacet
  facet normal 0.831470 0.555570 0.000000
    outer loop
      vertex -2.078461 -1.200000 0.000000
      vertex -1.904048 -1.461027 4.000000
      vertex -1.904048 -1.461027 0.000000
    endloop
  endfacet
  facet normal 0.831470 0.555570 -0.000000
    outer loop
      vertex -2.078461 -1.200000 0.000000
      vertex -2.078461 -1.200000 4.000000
      vertex -1.904048 -1.461027 4.000000
    endloop
  endfacet
  facet normal 0.000000 0.000000 1.000000
    outer loop
      vertex -2.792604 -2.142840 0.000000
      vertex -1.697056 -1.697056 0.000000
      vertex -1.904048 -1.461027 0.000000
    endloop
  endfacet
  facet normal -0.000000 0.000000 1.000000
    outer loop
      vertex -2.792604 -2.142840 0.000000
      vertex -2.489016 -2.489016 0.000000
      vertex -1.697056 -1.697056 0.000000
    endloop
  endfacet
  facet normal 0.000000 0.000000 -1.000000
    outer loop
      vertex -2.792604 -2.142840 4.000000
      vertex -1.904048 -1.461027 4.000000
      vertex -1.697056 -1.697056 4.000000
    endloop
  endfacet
  facet normal 0.000000 0.000000 -1.000000
    outer loop
      vertex -2.792604 -2.142840 4.000000
      vertex -1.697056 -1.697056 4.000000
      vertex -2.489016 -2.489016 4.000000
    endloop
  endfacet
  facet normal -0.751840 -0.659346 0.000000
    outer loop
      vertex -2.792604 -2.142840 0.000000
      vertex -2.489016 -2.489016 0.000000
      vertex -2.489016 -2.489016 4.000000
    endloop
  endfacet
  facet normal -0.751840 -0.659346 0.000000
    outer loop
      vertex -2.792604 -2.142840 0.000000
      vertex -2.489016 -2.489016 4.000000
      vertex -2.792604 -2.142840 4.000000
    endloop
  endfacet
  facet normal 0.751840 0.659346 0.000000
    outer loop
      vertex -1.904048 -1.461027 0.000000
      vertex -1.697056 -1.697056 4.000000
      vertex -1.697056 -1.697056 0.000000
    endloop
  endfacet
  facet normal 0.751840 0.659346 -0.000000
    outer loop
      vertex -1.904048 -1.461027 0.000000
      vertex -1.904048 -1.461027 4.000000
      vertex -1.697056 -1.697056 4.000000
    endloop
  endfacet
  facet normal 0.000000 0.000000 1.000000
    outer loop
      vertex -2.489016 -2.489016 0.000000
      vertex -1.461027 -1.904048 0.000000
      vertex -1.697056 -1.697056 0.000000
    endloop
  endfacet
  facet normal -0.000000 0.000000 1.000000
    outer loop
      vertex -2.489016 -2.489016 0.000000
      vertex -2.142840 -2.792604 0.000000
      vertex -1.461027 -1.904048 0.000000
    endloop
  endfacet
  facet normal 0.000000 0.000000 -1.000000
    outer loop
      vertex -2.489016 -2.489016 4.000000
      vertex -1.697056 -1.697056 4.000000
      vertex -1.461027 -1.904048 4.000000
    endloop
  endfacet
  facet normal 0.000000 0.000000 -1.000000
    outer loop
      vertex -2.489016 -2.489016 4.000000
      vertex -1.461027 -1.904048 4.000000
      vertex -2.142840 -2.792604 4.000000
    endloop
  endfacet
  facet normal -0.659346 -0.751840 0.000000
    outer loop
      vertex -2.489016 -2.489016 0.000000
      vertex -2.142840 -2.792604 0.000000
      vertex -2.142840 -2.792604 4.000000
    endloop
  endfacet
  facet normal -0.659346 -0.751840 0.000000
    outer loop
      vertex -2.489016 -2.489016 0.000000
      vertex -2.142840 -2.792604 4.000000
      vertex -2.489016 -2.489016 4.000000
    endloop
  endfacet
  facet normal 0.659346 0.751840 0.000000
    outer loop
      vertex -1.697056 -1.697056 0.000000
      vertex -1.461027 -1.904048 4.000000
      vertex -1.461027 -1.904048 0.000000
    endloop
  endfacet
  facet normal 0.659346 0.751840 -0.000000
    outer loop
      vertex -1.697056 -1.697056 0.000000
      vertex -1.697056 -1.697056 4.000000
      vertex -1.461027 -1.904048 4.000000
    endloop
  endfacet
  facet normal 0.000000 0.000000 1.000000
    outer loop
      vertex -2.142840 -2.792604 0.000000
      vertex -1.200000 -2.078461 0.000000
      vertex -1.461027 -1.904048 0.000000
    endloop
  endfacet
  facet normal -0.000000 0.000000 1.000000
    outer loop
      vertex -2.142840 -2.792604 0.000000
      vertex -1.760000 -3.048409 0.000000
      vertex -1.200000 -2.078461 0.000000
    endloop
  endfacet
  facet normal 0.000000 0.000000 -1.000000
    outer loop
      vertex -2.142840 -2.792604 4.000000
      vertex -1.461027 -1.904048 4.000000
      vertex -1.200000 -2.078461 4.000000
    endloop
  endfacet
  facet normal 0.000000 0.000000 -1.000000
    outer loop
      vertex -2.142840 -2.792604 4.000000
      vertex -1.200000 -2.078461 4.000000
      vertex -1.760000 -3.048409 4.000000
    endloop
  endfacet
  facet normal -0.555570 -0.831470 0.000000
    outer loop
      vertex -2.142840 -2.792604 0.000000
      vertex -1.760000 -3.048409 0.000000
      vertex -1.760000 -3.048409 4.000000
    endloop
  endfacet
  facet normal -0.555570 -0.831470 0.000000
    outer loop
      vertex -2.142840 -2.792604 0.000000
      vertex -1.760000 -3.048409 4.000000
      vertex -2.142840 -2.792604 4.000000
    endloop
  endfacet
  facet normal 0.555570 0.831470 0.000000
    outer loop
      vertex -1.461027 -1.904048 0.000000
      vertex -1.200000 -2.078461 4.000000
      vertex -1.200000 -2.078461 0.000000
    endloop
  endfacet
  facet normal 0.555570 0.831470 -0.000000
    outer loop
      vertex -1.461027 -1.904048 0.000000
      vertex -1.461027 -1.904048 4.000000
      vertex -1.200000 -2.078461 4.000000
    endloop
  endfacet
  facet normal 0.000000 0.000000 1.000000
    outer loop
      vertex -1.760000 -3.048409 0.000000
      vertex -0.918440 -2.217311 0.000000
      vertex -1.200000 -2.078461 0.000000
    endloop
  endfacet
  facet normal -0.000000 0.000000 1.000000
    outer loop
      vertex -1.760000 -3.048409 0.000000
      vertex -1.347046 -3.252056 0.000000
      vertex -0.918440 -2.217311 0.000000
    endloop
  endfacet
  facet normal 0.000000 0.000000 -1.000000
    outer loop
      vertex -1.760000 -3.048409 4.000000
      vertex -1.200000 -2.078461 4.000000
      vertex -0.918440 -2.217311 4.000000
    endloop
  endfacet
  facet normal 0.000000 0.000000 -1.000000
    outer loop
      vertex -1.760000 -3.048409 4.000000
      vertex -0.918440 -2.217311 4.000000
      vertex -1.347046 -3.252056 4.000000
    endloop
  endfacet
  facet normal -0.442289 -0.896873 0.000000
    outer loop
      vertex -1.760000 -3.048409 0.000000
      vertex -1.347046 -3.252056 0.000000
      vertex -1.347046 -3.252056 4.000000
    endloop
  endfacet
  facet normal -0.442289 -0.896873 0.000000
    outer loop
      vertex -1.760000 -3.048409 0.000000
      vertex -1.347046 -3.252056 4.000000
      vertex -1.760000 -3.048409 4.000000
    endloop
  endfacet
  facet normal 0.442289 0.896873 0.000000
    outer loop
      vertex -1.200000 -2.078461 0.000000
      vertex -0.918440 -2.217311 4.000000
      vertex -0.918440 -2.217311 0.000000
    endloop
  endfacet
  facet normal 0.442289 0.896873 -0.000000
    outer loop
      vertex -1.200000 -2.078461 0.000000
      vertex -1.200000 -2.078461 4.000000
      vertex -0.918440 -2.217311 4.000000
    endloop
  endfacet
  facet normal 0.000000 0.000000 1.000000
    outer loop
      vertex -1.347046 -3.252056 0.000000
      vertex -0.621166 -2.318222 0.000000
      vertex -0.918440 -2.217311 0.000000
    endloop
  endfacet
  facet normal -0.000000 0.000000 1.000000
    outer loop
      vertex -1.347046 -3.252056 0.000000
      vertex -0.911043 -3.400059 0.000000
      vertex -0.621166 -2.318222 0.000000
    endloop
  endfacet
  facet normal 0.000000 0.000000 -1.000000
    outer loop
      vertex -1.347046 -3.252056 4.000000
      vertex -0.918440 -2.217311 4.000000
      vertex -0.621166 -2.318222 4.000000
    endloop
  endfacet
  facet normal 0.000000 0.000000 -1.000000
    outer loop
      vertex -1.347046 -3.252056 4.000000
      vertex -0.621166 -2.318222 4.000000
      vertex -0.911043 -3.400059 4.000000
    endloop
  endfacet
  facet normal -0.321439 -0.946930 0.000000
    outer loop
      vertex -1.347046 -3.252056 0.000000
      vertex -0.911043 -3.400059 0.000000
      vertex -0.911043 -3.400059 4.000000
    endloop
  endfacet
  facet normal -0.321439 -0.946930 0.000000
    outer loop
      vertex -1.347046 -3.252056 0.000000
      vertex -0.911043 -3.400059 4.000000
      vertex -1.347046 -3.252056 4.000000
    endloop
  endfacet
  facet normal 0.321439 0.946930 0.000000
    outer loop
      vertex -0.918440 -2.217311 0.000000
      vertex -0.621166 -2.318222 4.000000
      vertex -0.621166 -2.318222 0.000000
    endloop
  endfacet
  facet normal 0.321439 0.946930 -0.000000
    outer loop
      vertex -0.918440 -2.217311 0.000000
      vertex -0.918440 -2.217311 4.000000
      vertex -0.621166 -2.318222 4.000000
    endloop
  endfacet
  facet normal 0.000000 0.000000 1.000000
    outer loop
      vertex -0.911043 -3.400059 0.000000
      vertex -0.313263 -2.379468 0.000000
      vertex -0.621166 -2.318222 0.000000
    endloop
  endfacet
  facet normal -0.000000 0.000000 1.000000
    outer loop
      vertex -0.911043 -3.400059 0.000000
      vertex -0.459452 -3.489886 0.000000
      vertex -0.313263 -2.379468 0.000000
    endloop
  endfacet
  facet normal 0.000000 0.000000 -1.000000
    outer loop
      vertex -0.911043 -3.400059 4.000000
      vertex -0.621166 -2.318222 4.000000
      vertex -0.313263 -2.379468 4.000000
    endloop
  endfacet
  facet normal 0.000000 0.000000 -1.000000
    outer loop
      vertex -0.911043 -3.400059 4.000000
      vertex -0.313263 -2.379468 4.000000
      vertex -0.459452 -3.489886 4.000000
    endloop
  endfacet
  facet normal -0.195090 -0.980785 0.000000
    outer loop
      vertex -0.911043 -3.400059 0.000000
      vertex -0.459452 -3.489886 0.000000
      vertex -0.459452 -3.489886 4.000000
    endloop
  endfacet
  facet normal -0.195090 -0.980785 0.000000
    outer loop
      vertex -0.911043 -3.400059 0.000000
      vertex -0.459452 -3.489886 4.000000
      vertex -0.911043 -3.400059 4.000000
    endloop
  endfacet
  facet normal 0.195090 0.980785 0.000000
    outer loop
      vertex -0.621166 -2.318222 0.000000
      vertex -0.313263 -2.379468 4.000000
      vertex -0.313263 -2.379468 0.000000
    endloop
  endfacet
  facet normal 0.195090 0.980785 -0.000000
    outer loop
      vertex -0.621166 -2.318222 0.000000
      vertex -0.621166 -2.318222 4.000000
      vertex -0.313263 -2.379468 4.000000
    endloop
  endfacet
  facet normal 0.000000 0.000000 1.000000
    outer loop
      vertex -0.459452 -3.489886 0.000000
      vertex -0.000000 -2.400000 0.000000
      vertex -0.313263 -2.379468 0.000000
    endloop
  endfacet
  facet normal -0.000000 0.000000 1.000000
    outer loop
      vertex -0.459452 -3.489886 0.000000
      vertex -0.000000 -3.520000 0.000000
      vertex -0.000000 -2.400000 0.000000
    endloop
  endfacet
  facet normal 0.000000 0.000000 -1.000000
    outer loop
      vertex -0.459452 -3.489886 4.000000
      vertex -0.313263 -2.379468 4.000000
      vertex -0.000000 -2.400000 4.000000
    endloop
  endfacet
  facet normal 0.000000 0.000000 -1.000000
    outer loop
      vertex -0.459452 -3.489886 4.000000
      vertex -0.000000 -2.400000 4.000000
      vertex -0.000000 -3.520000 4.000000
    endloop
  endfacet
  facet normal -0.065403 -0.997859 0.000000
    outer loop
      vertex -0.459452 -3.489886 0.000000
      vertex -0.000000 -3.520000 0.000000
      vertex -0.000000 -3.520000 4.000000
    endloop
  endfacet
  facet normal -0.065403 -0.997859 0.000000
    outer loop
      vertex -0.459452 -3.489886 0.000000
      vertex -0.000000 -3.520000 4.000000
      vertex -0.459452 -3.489886 4.000000
    endloop
  endfacet
  facet normal 0.065403 0.997859 0.000000
    outer loop
      vertex -0.313263 -2.379468 0.000000
      vertex -0.000000 -2.400000 4.000000
      vertex -0.000000 -2.400000 0.000000
    endloop
  endfacet
  facet normal 0.065403 0.997859 -0.000000
    outer loop
      vertex -0.313263 -2.379468 0.000000
      vertex -0.313263 -2.379468 4.000000
      vertex -0.000000 -2.400000 4.000000
    endloop
  endfacet
  facet normal 0.000000 0.000000 1.000000
    outer loop
      vertex -0.000000 -3.520000 0.000000
      vertex 0.313263 -2.379468 0.000000
      vertex -0.000000 -2.400000 0.000000
    endloop
  endfacet
  facet normal 0.000000 0.000000 1.000000
    outer loop
      vertex -0.000000 -3.520000 0.000000
      vertex 0.459452 -3.489886 0.000000
      vertex 0.313263 -2.379468 0.000000
    endloop
  endfacet
  facet normal 0.000000 0.000000 -1.000000
    outer loop
      vertex -0.000000 -3.520000 4.000000
      vertex -0.000000 -2.400000 4.000000
      vertex 0.313263 -2.379468 4.000000
    endloop
  endfacet
  facet normal 0.000000 0.000000 -1.000000
    outer loop
      vertex -0.000000 -3.520000 4.000000
      vertex 0.313263 -2.379468 4.000000
      vertex 0.459452 -3.489886 4.000000
    endloop
  endfacet
  facet normal 0.065403 -0.997859 0.000000
    outer loop
      vertex -0.000000 -3.520000 0.000000
      vertex 0.459452 -3.489886 0.000000
      vertex 0.459452 -3.489886 4.000000
    endloop
  endfacet
  facet normal 0.065403 -0.997859 0.000000
    outer loop
      vertex -0.000000 -3.520000 0.000000
      vertex 0.459452 -3.489886 4.000000
      vertex -0.000000 -3.520000 4.000000
    endloop
  endfacet
  facet normal -0.065403 0.997859 0.000000
    outer loop
      vertex -0.000000 -2.400000 0.000000
      vertex 0.313263 -2.379468 4.000000
      vertex 0.313263 -2.379468 0.000000
    endloop
  endfacet
  facet normal -0.065403 0.997859 0.000000
    outer loop
      vertex -0.000000 -2.400000 0.000000
      vertex -0.000000 -2.400000 4.000000
      vertex 0.313263 -2.379468 4.000000
    endloop
  endfacet
  facet normal 0.000000 -0.000000 1.000000
    outer loop
      vertex 0.459452 -3.489886 0.000000
      vertex 0.621166 -2.318222 0.000000
      vertex 0.313263 -2.379468 0.000000
    endloop
  endfacet
  facet normal 0.000000 0.000000 1.000000
    outer loop
      vertex 0.459452 -3.489886 0.000000
      vertex 0.911043 -3.400059 0.000000
      vertex 0.621166 -2.318222 0.000000
    endloop
  endfacet
  facet normal 0.000000 0.000000 -1.000000
    outer loop
      vertex 0.459452 -3.489886 4.000000
      vertex 0.313263 -2.379468 4.000000
      vertex 0.621166 -2.318222 4.000000
    endloop
  endfacet
  facet normal 0.000000 0.000000 -1.000000
    outer loop
      vertex 0.459452 -3.489886 4.000000
      vertex 0.621166 -2.318222 4.000000
      vertex 0.911043 -3.400059 4.000000
    endloop
  endfacet
  facet normal 0.195090 -0.980785 0.000000
    outer loop
      vertex 0.459452 -3.489886 0.000000
      vertex 0.911043 -3.400059 0.000000
      vertex 0.911043 -3.400059 4.000000
    endloop
  endfacet
  facet normal 0.195090 -0.980785 0.000000
    outer loop
      vertex 0.459452 -3.489886 0.000000
      vertex 0.911043 -3.400059 4.000000
      vertex 0.459452 -3.489886 4.000000
    endloop
  endfacet
  facet normal -0.195090 0.980785 0.000000
    outer loop
      vertex 0.313263 -2.379468 0.000000
      vertex 0.621166 -2.318222 4.000000
      vertex 0.621166 -2.318222 0.000000
    endloop
  endfacet
  facet normal -0.195090 0.980785 0.000000
    outer loop
      vertex 0.313263 -2.379468 0.000000
      vertex 0.313263 -2.379468 4.000000
      vertex 0.621166 -2.318222 4.000000
    endloop
  endfacet
  facet normal 0.000000 -0.000000 1.000000
    outer loop
      vertex 0.911043 -3.400059 0.000000
      vertex 0.918440 -2.217311 0.000000
      vertex 0.621166 -2.318222 0.000000
    endloop
  endfacet
  facet normal 0.000000 0.000000 1.000000
    outer loop
      vertex 0.911043 -3.400059 0.000000
      vertex 1.347046 -3.252056 0.000000
      vertex 0.918440 -2.217311 0.000000
    endloop
  endfacet
  facet normal 0.000000 0.000000 -1.000000
    outer loop
      vertex 0.911043 -3.400059 4.000000
      vertex 0.621166 -2.318222 4.000000
      vertex 0.918440 -2.217311 4.000000
    endloop
  endfacet
  facet normal 0.000000 0.000000 -1.000000
    outer loop
      vertex 0.911043 -3.400059 4.000000
      vertex 0.918440 -2.217311 4.000000
      vertex 1.347046 -3.252056 4.000000
    endloop
  endfacet
  facet normal 0.321439 -0.946930 0.000000
    outer loop
      vertex 0.911043 -3.400059 0.000000
      vertex 1.347046 -3.252056 0.000000
      vertex 1.347046 -3.252056 4.000000
    endloop
  endfacet
  facet normal 0.321439 -0.946930 0.000000
    outer loop
      vertex 0.911043 -3.400059 0.000000
      vertex 1.347046 -3.252056 4.000000
      vertex 0.911043 -3.400059 4.000000
    endloop
  endfacet
  facet normal -0.321439 0.946930 0.000000
    outer loop
      vertex 0.621166 -2.318222 0.000000
      vertex 0.918440 -2.217311 4.000000
      vertex 0.918440 -2.217311 0.000000
    endloop
  endfacet
  facet normal -0.321439 0.946930 0.000000
    outer loop
      vertex 0.621166 -2.318222 0.000000
      vertex 0.621166 -2.318222 4.000000
      vertex 0.918440 -2.217311 4.000000
    endloop
  endfacet
  facet normal 0.000000 0.000000 1.000000
    outer loop
      vertex 1.347046 -3.252056 0.000000
      vertex 1.200000 -2.078461 0.000000
      vertex 0.918440 -2.217311 0.000000
    endloop
  endfacet
  facet normal 0.000000 -0.000000 1.000000
    outer loop
      vertex 1.347046 -3.252056 0.000000
      vertex 1.760000 -3.048409 0.000000
      vertex 1.200000 -2.078461 0.000000
    endloop
  endfacet
  facet normal 0.000000 0.000000 -1.000000
    outer loop
      vertex 1.347046 -3.252056 4.000000
      vertex 0.918440 -2.217311 4.000000
      vertex 1.200000 -2.078461 4.000000
    endloop
  endfacet
  facet normal 0.000000 0.000000 -1.000000
    outer loop
      vertex 1.347046 -3.252056 4.000000
      vertex 1.200000 -2.078461 4.000000
      vertex 1.760000 -3.048409 4.000000
    endloop
  endfacet
  facet normal 0.442289 -0.896873 0.000000
    outer loop
      vertex 1.347046 -3.252056 0.000000
      vertex 1.760000 -3.048409 0.000000
      vertex 1.760000 -3.048409 4.000000
    endloop
  endfacet
  facet normal 0.442289 -0.896873 0.000000
    outer loop
      vertex 1.347046 -3.252056 0.000000
      vertex 1.760000 -3.048409 4.000000
      vertex 1.347046 -3.252056 4.000000
    endloop
  endfacet
  facet normal -0.442289 0.896873 0.000000
    outer loop
      vertex 0.918440 -2.217311 0.000000
      vertex 1.200000 -2.078461 4.000000
      vertex 1.200000 -2.078461 0.000000
    endloop
  endfacet
  facet normal -0.442289 0.896873 0.000000
    outer loop
      vertex 0.918440 -2.217311 0.000000
      vertex 0.918440 -2.217311 4.000000
      vertex 1.200000 -2.078461 4.000000
    endloop
  endfacet
  facet normal 0.000000 0.000000 1.000000
    outer loop
      vertex 1.760000 -3.048409 0.000000
      vertex 1.461027 -1.904048 0.000000
      vertex 1.200000 -2.078461 0.000000
    endloop
  endfacet
  facet normal 0.000000 -0.000000 1.000000
    outer loop
      vertex 1.760000 -3.048409 0.000000
      vertex 2.142840 -2.792604 0.000000
      vertex 1.461027 -1.904048 0.000000
    endloop
  endfacet
  facet normal 0.000000 0.000000 -1.000000
    outer loop
      vertex 1.760000 -3.048409 4.000000
      vertex 1.200000 -2.078461 4.000000
      vertex 1.461027 -1.904048 4.000000
    endloop
  endfacet
  facet normal 0.000000 0.000000 -1.000000
    outer loop
      vertex 1.760000 -3.048409 4.000000
      vertex 1.461027 -1.904048 4.000000
      vertex 2.142840 -2.792604 4.000000
    endloop
  endfacet
  facet normal 0.555570 -0.831470 0.000000
    outer loop
      vertex 1.760000 -3.048409 0.000000
      vertex 2.142840 -2.792604 0.000000
      vertex 2.142840 -2.792604 4.000000
    endloop
  endfacet
  facet normal 0.555570 -0.831470 0.000000
    outer loop
      vertex 1.760000 -3.048409 0.000000
      vertex 2.142840 -2.792604 4.000000
      vertex 1.760000 -3.048409 4.000000
    endloop
  endfacet
  facet normal -0.555570 0.831470 0.000000
    outer loop
      vertex 1.200000 -2.078461 0.000000
      vertex 1.461027 -1.904048 4.000000
      vertex 1.461027 -1.904048 0.000000
    endloop
  endfacet
  facet normal -0.555570 0.831470 0.000000
    outer loop
      vertex 1.200000 -2.078461 0.000000
      vertex 1.200000 -2.078461 4.000000
      vertex 1.461027 -1.904048 4.000000
    endloop
  endfacet
  facet normal 0.000000 0.000000 1.000000
    outer loop
      vertex 2.142840 -2.792604 0.000000
      vertex 1.697056 -1.697056 0.000000
      vertex 1.461027 -1.904048 0.000000
    endloop
  endfacet
  facet normal 0.000000 -0.000000 1.000000
    outer loop
      vertex 2.142840 -2.792604 0.000000
      vertex 2.489016 -2.489016 0.000000
      vertex 1.697056 -1.697056 0.000000
    endloop
  endfacet
  facet normal 0.000000 0.000000 -1.000000
    outer loop
      vertex 2.142840 -2.792604 4.000000
      vertex 1.461027 -1.904048 4.000000
      vertex 1.697056 -1.697056 4.000000
    endloop
  endfacet
  facet normal 0.000000 0.000000 -1.000000
    outer loop
      vertex 2.142840 -2.792604 4.000000
      vertex 1.697056 -1.697056 4.000000
      vertex 2.489016 -2.489016 4.000000
    endloop
  endfacet
  facet normal 0.659346 -0.751840 0.000000
    outer loop
      vertex 2.142840 -2.792604 0.000000
      vertex 2.489016 -2.489016 0.000000
      vertex 2.489016 -2.489016 4.000000
    endloop
  endfacet
  facet normal 0.659346 -0.751840 0.000000
    outer loop
      vertex 2.142840 -2.792604 0.000000
      vertex 2.489016 -2.489016 4.000000
      vertex 2.142840 -2.792604 4.000000
    endloop
  endfacet
  facet normal -0.659346 0.751840 0.000000
    outer loop
      vertex 1.461027 -1.904048 0.000000
      vertex 1.697056 -1.697056 4.000000
      vertex 1.697056 -1.697056 0.000000
    endloop
  endfacet
  facet normal -0.659346 0.751840 0.000000
    outer loop
      vertex 1.461027 -1.904048 0.000000
      vertex 1.461027 -1.904048 4.000000
      vertex 1.697056 -1.697056 4.000000
    endloop
  endfacet
  facet normal 0.000000 0.000000 1.000000
    outer loop
      vertex 2.489016 -2.489016 0.000000
      vertex 1.904048 -1.461027 0.000000
      vertex 1.697056 -1.697056 0.000000
    endloop
  endfacet
  facet normal 0.000000 -0.000000 1.000000
    outer loop
      vertex 2.489016 -2.489016 0.000000
      vertex 2.792604 -2.142840 0.000000
      vertex 1.904048 -1.461027 0.000000
    endloop
  endfacet
  facet normal 0.000000 0.000000 -1.000000
    outer loop
      vertex 2.489016 -2.489016 4.000000
      vertex 1.697056 -1.697056 4.000000
      vertex 1.904048 -1.461027 4.000000
    endloop
  endfacet
  facet normal 0.000000 0.000000 -1.000000
    outer loop
      vertex 2.489016 -2.489016 4.000000
      vertex 1.904048 -1.461027 4.000000
      vertex 2.792604 -2.142840 4.000000
    endloop
  endfacet
  facet normal 0.751840 -0.659346 0.000000
    outer loop
      vertex 2.489016 -2.489016 0.000000
      vertex 2.792604 -2.142840 0.000000
      vertex 2.792604 -2.142840 4.000000
    endloop
  endfacet
  facet normal 0.751840 -0.659346 0.000000
    outer loop
      vertex 2.489016 -2.489016 0.000000
      vertex 2.792604 -2.142840 4.000000
      vertex 2.489016 -2.489016 4.000000
    endloop
  endfacet
  facet normal -0.751840 0.659346 0.000000
    outer loop
      vertex 1.697056 -1.697056 0.000000
      vertex 1.904048 -1.461027 4.000000
      vertex 1.904048 -1.461027 0.000000
    endloop
  endfacet
  facet normal -0.751840 0.659346 0.000000
    outer loop
      vertex 1.697056 -1.697056 0.000000
      vertex 1.697056 -1.697056 4.000000
      vertex 1.904048 -1.461027 4.000000
    endloop
  endfacet
  facet normal 0.000000 0.000000 1.000000
    outer loop
      vertex 2.792604 -2.142840 0.000000
      vertex 2.078461 -1.200000 0.000000
      vertex 1.904048 -1.461027 0.000000
    endloop
  endfacet
  facet normal 0.000000 -0.000000 1.000000
    outer loop
      vertex 2.792604 -2.142840 0.000000
      vertex 3.048409 -1.760000 0.000000
      vertex 2.078461 -1.200000 0.000000
    endloop
  endfacet
  facet normal 0.000000 0.000000 -1.000000
    outer loop
      vertex 2.792604 -2.142840 4.000000
      vertex 1.904048 -1.461027 4.000000
      vertex 2.078461 -1.200000 4.000000
    endloop
  endfacet
  facet normal 0.000000 0.000000 -1.000000
    outer loop
      vertex 2.792604 -2.142840 4.000000
      vertex 2.078461 -1.200000 4.000000
      vertex 3.048409 -1.760000 4.000000
    endloop
  endfacet
  facet normal 0.831470 -0.555570 0.000000
    outer loop
      vertex 2.792604 -2.142840 0.000000
      vertex 3.048409 -1.760000 0.000000
      vertex 3.048409 -1.760000 4.000000
    endloop
  endfacet
  facet normal 0.831470 -0.555570 0.000000
    outer loop
      vertex 2.792604 -2.142840 0.000000
      vertex 3.048409 -1.760000 4.000000
      vertex 2.792604 -2.142840 4.000000
    endloop
  endfacet
  facet normal -0.831470 0.555570 0.000000
    outer loop
      vertex 1.904048 -1.461027 0.000000
      vertex 2.078461 -1.200000 4.000000
      vertex 2.078461 -1.200000 0.000000
    endloop
  endfacet
  facet normal -0.831470 0.555570 0.000000
    outer loop
      vertex 1.904048 -1.461027 0.000000
      vertex 1.904048 -1.461027 4.000000
      vertex 2.078461 -1.200000 4.000000
    endloop
  endfacet
  facet normal 0.000000 0.000000 1.000000
    outer loop
      vertex 3.048409 -1.760000 0.000000
      vertex 2.217311 -0.918440 0.000000
      vertex 2.078461 -1.200000 0.000000
    endloop
  endfacet
  facet normal 0.000000 -0.000000 1.000000
    outer loop
      vertex 3.048409 -1.760000 0.000000
      vertex 3.252056 -1.347046 0.000000
      vertex 2.217311 -0.918440 0.000000
    endloop
  endfacet
  facet normal 0.000000 0.000000 -1.000000
    outer loop
      vertex 3.048409 -1.760000 4.000000
      vertex 2.078461 -1.200000 4.000000
      vertex 2.217311 -0.918440 4.000000
    endloop
  endfacet
  facet normal 0.000000 0.000000 -1.000000
    outer loop
      vertex 3.048409 -1.760000 4.000000
      vertex 2.217311 -0.918440 4.000000
      vertex 3.252056 -1.347046 4.000000
    endloop
  endfacet
  facet normal 0.896873 -0.442289 0.000000
    outer loop
      vertex 3.048409 -1.760000 0.000000
      vertex 3.252056 -1.347046 0.000000
      vertex 3.252056 -1.347046 4.000000
    endloop
  endfacet
  facet normal 0.896873 -0.442289 0.000000
    outer loop
      vertex 3.048409 -1.760000 0.000000
      vertex 3.252056 -1.347046 4.000000
      vertex 3.048409 -1.760000 4.000000
    endloop
  endfacet
  facet normal -0.896873 0.442289 0.000000
    outer loop
      vertex 2.078461 -1.200000 0.000000
      vertex 2.217311 -0.918440 4.000000
      vertex 2.217311 -0.918440 0.000000
    endloop
  endfacet
  facet normal -0.896873 0.442289 0.000000
    outer loop
      vertex 2.078461 -1.200000 0.000000
      vertex 2.078461 -1.200000 4.000000
      vertex 2.217311 -0.918440 4.000000
    endloop
  endfacet
  facet normal 0.000000 0.000000 1.000000
    outer loop
      vertex 3.252056 -1.347046 0.000000
      vertex 2.318222 -0.621166 0.000000
      vertex 2.217311 -0.918440 0.000000
    endloop
  endfacet
  facet normal 0.000000 -0.000000 1.000000
    outer loop
      vertex 3.252056 -1.347046 0.000000
      vertex 3.400059 -0.911043 0.000000
      vertex 2.318222 -0.621166 0.000000
    endloop
  endfacet
  facet normal 0.000000 0.000000 -1.000000
    outer loop
      vertex 3.252056 -1.347046 4.000000
      vertex 2.217311 -0.918440 4.000000
      vertex 2.318222 -0.621166 4.000000
    endloop
  endfacet
  facet normal 0.000000 0.000000 -1.000000
    outer loop
      vertex 3.252056 -1.347046 4.000000
      vertex 2.318222 -0.621166 4.000000
      vertex 3.400059 -0.911043 4.000000
    endloop
  endfacet
  facet normal 0.946930 -0.321439 0.000000
    outer loop
      vertex 3.252056 -1.347046 0.000000
      vertex 3.400059 -0.911043 0.000000
      vertex 3.400059 -0.911043 4.000000
    endloop
  endfacet
  facet normal 0.946930 -0.321439 0.000000
    outer loop
      vertex 3.252056 -1.347046 0.000000
      vertex 3.400059 -0.911043 4.000000
      vertex 3.252056 -1.347046 4.000000
    endloop
  endfacet
  facet normal -0.946930 0.321439 0.000000
    outer loop
      vertex 2.217311 -0.918440 0.000000
      vertex 2.318222 -0.621166 4.000000
      vertex 2.318222 -0.621166 0.000000
    endloop
  endfacet
  facet normal -0.946930 0.321439 0.000000
    outer loop
      vertex 2.217311 -0.918440 0.000000
      vertex 2.217311 -0.918440 4.000000
      vertex 2.318222 -0.621166 4.000000
    endloop
  endfacet
  facet normal 0.000000 0.000000 1.000000
    outer loop
      vertex 3.400059 -0.911043 0.000000
      vertex 2.379468 -0.313263 0.000000
      vertex 2.318222 -0.621166 0.000000
    endloop
  endfacet
  facet normal 0.000000 -0.000000 1.000000
    outer loop
      vertex 3.400059 -0.911043 0.000000
      vertex 3.489886 -0.459452 0.000000
      vertex 2.379468 -0.313263 0.000000
    endloop
  endfacet
  facet normal 0.000000 0.000000 -1.000000
    outer loop
      vertex 3.400059 -0.911043 4.000000
      vertex 2.318222 -0.621166 4.000000
      vertex 2.379468 -0.313263 4.000000
    endloop
  endfacet
  facet normal 0.000000 0.000000 -1.000000
    outer loop
      vertex 3.400059 -0.911043 4.000000
      vertex 2.379468 -0.313263 4.000000
      vertex 3.489886 -0.459452 4.000000
    endloop
  endfacet
  facet normal 0.980785 -0.195090 0.000000
    outer loop
      vertex 3.400059 -0.911043 0.000000
      vertex 3.489886 -0.459452 0.000000
      vertex 3.489886 -0.459452 4.000000
    endloop
  endfacet
  facet normal 0.980785 -0.195090 0.000000
    outer loop
      vertex 3.400059 -0.911043 0.000000
      vertex 3.489886 -0.459452 4.000000
      vertex 3.400059 -0.911043 4.000000
    endloop
  endfacet
  facet normal -0.980785 0.195090 0.000000
    outer loop
      vertex 2.318222 -0.621166 0.000000
      vertex 2.379468 -0.313263 4.000000
      vertex 2.379468 -0.313263 0.000000
    endloop
  endfacet
  facet normal -0.980785 0.195090 0.000000
    outer loop
      vertex 2.318222 -0.621166 0.000000
      vertex 2.318222 -0.621166 4.000000
      vertex 2.379468 -0.313263 4.000000
    endloop
  endfacet
  facet normal 0.000000 0.000000 1.000000
    outer loop
      vertex 3.489886 -0.459452 0.000000
      vertex 2.400000 -0.000000 0.000000
      vertex 2.379468 -0.313263 0.000000
    endloop
  endfacet
  facet normal 0.000000 -0.000000 1.000000
    outer loop
      vertex 3.489886 -0.459452 0.000000
      vertex 3.520000 -0.000000 0.000000
      vertex 2.400000 -0.000000 0.000000
    endloop
  endfacet
  facet normal 0.000000 0.000000 -1.000000
    outer loop
      vertex 3.489886 -0.459452 4.000000
      vertex 2.379468 -0.313263 4.000000
      vertex 2.400000 -0.000000 4.000000
    endloop
  endfacet
  facet normal 0.000000 0.000000 -1.000000
    outer loop
      vertex 3.489886 -0.459452 4.000000
      vertex 2.400000 -0.000000 4.000000
      vertex 3.520000 -0.000000 4.000000
    endloop
  endfacet
  facet normal 0.997859 -0.065403 0.000000
    outer loop
      vertex 3.489886 -0.459452 0.000000
      vertex 3.520000 -0.000000 0.000000
      vertex 3.520000 -0.000000 4.000000
    endloop
  endfacet
  facet normal 0.997859 -0.065403 0.000000
    outer loop
      vertex 3.489886 -0.459452 0.000000
      vertex 3.520000 -0.000000 4.000000
      vertex 3.489886 -0.459452 4.000000
    endloop
  endfacet
  facet normal -0.997859 0.065403 0.000000
    outer loop
      vertex 2.379468 -0.313263 0.000000
      vertex 2.400000 -0.000000 4.000000
      vertex 2.400000 -0.000000 0.000000
    endloop
  endfacet
  facet normal -0.997859 0.065403 0.000000
    outer loop
      vertex 2.379468 -0.313263 0.000000
      vertex 2.379468 -0.313263 4.000000
      vertex 2.400000 -0.000000 4.000000
    endloop
  endfacet
  facet normal 0.000000 0.000000 1.000000
    outer loop
      vertex -4.000000 13.600000 0.000000
      vertex 4.000000 13.600000 0.000000
      vertex 0.000000 19.680000 0.000000
    endloop
  endfacet
  facet normal 0.000000 0.000000 -1.000000
    outer loop
      vertex -4.000000 13.600000 5.600000
      vertex 0.000000 19.680000 5.600000
      vertex 4.000000 13.600000 5.600000
    endloop
  endfacet
  facet normal 0.835417 -0.549617 0.000000
    outer loop
      vertex -4.000000 13.600000 0.000000
      vertex 0.000000 19.680000 0.000000
      vertex 0.000000 19.680000 5.600000
    endloop
  endfacet
  facet normal 0.835417 -0.549617 0.000000
    outer loop
      vertex -4.000000 13.600000 0.000000
      vertex 0.000000 19.680000 5.600000
      vertex -4.000000 13.600000 5.600000
    endloop
  endfacet
  facet normal -0.835417 -0.549617 0.000000
    outer loop
      vertex 4.000000 13.600000 0.000000
      vertex 4.000000 13.600000 5.600000
      vertex 0.000000 19.680000 5.600000
    endloop
  endfacet
  facet normal -0.835417 -0.549617 0.000000
    outer loop
      vertex 4.000000 13.600000 0.000000
      vertex 0.000000 19.680000 5.600000
      vertex 0.000000 19.680000 0.000000
    endloop
  endfacet
  facet normal 0.000000 1.000000 0.000000
    outer loop
      vertex -4.000000 13.600000 0.000000
      vertex -4.000000 13.600000 5.600000
      vertex 4.000000 13.600000 5.600000
    endloop
  endfacet
  facet normal 0.000000 1.000000 0.000000
    outer loop
      vertex -4.000000 13.600000 0.000000
      vertex 4.000000 13.600000 5.600000
      vertex 4.000000 13.600000 0.000000
    endloop
  endfacet
endsolid pendant_32mm
