solid pendant_25mm
  facet normal 0.000000 0.000000 -1.000000
    outer loop
      vertex 0.000000 0.000000 0.000000
      vertex 12.393061 1.631577 0.000000
      vertex 12.500000 0.000000 0.000000
    endloop
  endfacet
  facet normal 0.000000 0.000000 1.000000
    outer loop
      vertex 0.000000 0.000000 0.500000
      vertex 12.500000 0.000000 0.500000
      vertex 12.393061 1.631577 0.500000
    endloop
  endfacet
  facet normal 0.997859 0.065403 0.000000
    outer loop
      vertex 12.500000 0.000000 0.000000
      vertex 12.393061 1.631577 0.000000
      vertex 12.393061 1.631577 0.500000
    endloop
  endfacet
  facet normal 0.997859 0.065403 -0.000000
    outer loop
      vertex 12.500000 0.000000 0.000000
      vertex 12.393061 1.631577 0.500000
      vertex 12.500000 0.000000 0.500000
    endloop
  endfacet
  facet normal 0.000000 0.000000 -1.000000
    outer loop
      vertex 0.000000 0.000000 0.000000
      vertex 12.074073 3.235238 0.000000
      vertex 12.393061 1.631577 0.000000
    endloop
  endfacet
  facet normal 0.000000 0.000000 1.000000
    outer loop
      vertex 0.000000 0.000000 0.500000
      vertex 12.393061 1.631577 0.500000
      vertex 12.074073 3.235238 0.500000
    endloop
  endfacet
  facet normal 0.980785 0.195090 0.000000
    outer loop
      vertex 12.393061 1.631577 0.000000
      vertex 12.074073 3.235238 0.000000
      vertex 12.074073 3.235238 0.500000
    endloop
  endfacet
  facet normal 0.980785 0.195090 -0.000000
    outer loop
      vertex 12.393061 1.631577 0.000000
      vertex 12.074073 3.235238 0.500000
      vertex 12.393061 1.631577 0.500000
    endloop
  endfacet
  facet normal 0.000000 0.000000 -1.000000
    outer loop
      vertex 0.000000 0.000000 0.000000
      vertex 11.548494 4.783543 0.000000
      vertex 12.074073 3.235238 0.000000
    endloop
  endfacet
  facet normal 0.000000 0.000000 1.000000
    outer loop
      vertex 0.000000 0.000000 0.500000
      vertex 12.074073 3.235238 0.500000
      vertex 11.548494 4.783543 0.500000
    endloop
  endfacet
  facet normal 0.946930 0.321439 0.000000
    outer loop
      vertex 12.074073 3.235238 0.000000
      vertex 11.548494 4.783543 0.000000
      vertex 11.548494 4.783543 0.500000
    endloop
  endfacet
  facet normal 0.946930 0.321439 -0.000000
    outer loop
      vertex 12.074073 3.235238 0.000000
      vertex 11.548494 4.783543 0.500000
      vertex 12.074073 3.235238 0.500000
    endloop
  endfacet
  facet normal 0.000000 0.000000 -1.000000
    outer loop
      vertex 0.000000 0.000000 0.000000
      vertex 10.825318 6.250000 0.000000
      vertex 11.548494 4.783543 0.000000
    endloop
  endfacet
  facet normal 0.000000 0.000000 1.000000
    outer loop
      vertex 0.000000 0.000000 0.500000
      vertex 11.548494 4.783543 0.500000
      vertex 10.825318 6.250000 0.500000
    endloop
  endfacet
  facet normal 0.896873 0.442289 0.000000
    outer loop
      vertex 11.548494 4.783543 0.000000
      vertex 10.825318 6.250000 0.000000
      vertex 10.825318 6.250000 0.500000
    endloop
  endfacet
  facet normal 0.896873 0.442289 -0.000000
    outer loop
      vertex 11.548494 4.783543 0.000000
      vertex 10.825318 6.250000 0.500000
      vertex 11.548494 4.783543 0.500000
    endloop
  endfacet
  facet normal 0.000000 0.000000 -1.000000
    outer loop
      vertex 0.000000 0.000000 0.000000
      vertex 9.916917 7.609518 0.000000
      vertex 10.825318 6.250000 0.000000
    endloop
  endfacet
  facet normal 0.000000 0.000000 1.000000
    outer loop
      vertex 0.000000 0.000000 0.500000
      vertex 10.825318 6.250000 0.500000
      vertex 9.916917 7.609518 0.500000
    endloop
  endfacet
  facet normal 0.831470 0.555570 0.000000
    outer loop
      vertex 10.825318 6.250000 0.000000
      vertex 9.916917 7.609518 0.000000
      vertex 9.916917 7.609518 0.500000
    endloop
  endfacet
  facet normal 0.831470 0.555570 -0.000000
    outer loop
      vertex 10.825318 6.250000 0.000000
      vertex 9.916917 7.609518 0.500000
      vertex 10.825318 6.250000 0.500000
    endloop
  endfacet
  facet normal 0.000000 0.000000 -1.000000
    outer loop
      vertex 0.000000 0.000000 0.000000
      vertex 8.838835 8.838835 0.000000
      vertex 9.916917 7.609518 0.000000
    endloop
  endfacet
  facet normal 0.000000 0.000000 1.000000
    outer loop
      vertex 0.000000 0.000000 0.500000
      vertex 9.916917 7.609518 0.500000
      vertex 8.838835 8.838835 0.500000
    endloop
  endfacet
  facet normal 0.751840 0.659346 0.000000
    outer loop
      vertex 9.916917 7.609518 0.000000
      vertex 8.838835 8.838835 0.000000
      vertex 8.838835 8.838835 0.500000
    endloop
  endfacet
  facet normal 0.751840 0.659346 -0.000000
    outer loop
      vertex 9.916917 7.609518 0.000000
      vertex 8.838835 8.838835 0.500000
      vertex 9.916917 7.609518 0.500000
    endloop
  endfacet
  facet normal 0.000000 0.000000 -1.000000
    outer loop
      vertex 0.000000 0.000000 0.000000
      vertex 7.609518 9.916917 0.000000
      vertex 8.838835 8.838835 0.000000
    endloop
  endfacet
  facet normal 0.000000 0.000000 1.000000
    outer loop
      vertex 0.000000 0.000000 0.500000
      vertex 8.838835 8.838835 0.500000
      vertex 7.609518 9.916917 0.500000
    endloop
  endfacet
  facet normal 0.659346 0.751840 0.000000
    outer loop
      vertex 8.838835 8.838835 0.000000
      vertex 7.609518 9.916917 0.000000
      vertex 7.609518 9.916917 0.500000
    endloop
  endfacet
  facet normal 0.659346 0.751840 -0.000000
    outer loop
      vertex 8.838835 8.838835 0.000000
      vertex 7.609518 9.916917 0.500000
      vertex 8.838835 8.838835 0.500000
    endloop
  endfacet
  facet normal 0.000000 0.000000 -1.000000
    outer loop
      vertex 0.000000 0.000000 0.000000
      vertex 6.250000 10.825318 0.000000
      vertex 7.609518 9.916917 0.000000
    endloop
  endfacet
  facet normal 0.000000 0.000000 1.000000
    outer loop
      vertex 0.000000 0.000000 0.500000
      vertex 7.609518 9.916917 0.500000
      vertex 6.250000 10.825318 0.500000
    endloop
  endfacet
  facet normal 0.555570 0.831470 0.000000
    outer loop
      vertex 7.609518 9.916917 0.000000
      vertex 6.250000 10.825318 0.000000
      vertex 6.250000 10.825318 0.500000
    endloop
  endfacet
  facet normal 0.555570 0.831470 -0.000000
    outer loop
      vertex 7.609518 9.916917 0.000000
      vertex 6.250000 10.825318 0.500000
      vertex 7.609518 9.916917 0.500000
    endloop
  endfacet
  facet normal 0.000000 0.000000 -1.000000
    outer loop
      vertex 0.000000 0.000000 0.000000
      vertex 4.783543 11.548494 0.000000
      vertex 6.250000 10.825318 0.000000
    endloop
  endfacet
  facet normal 0.000000 0.000000 1.000000
    outer loop
      vertex 0.000000 0.000000 0.500000
      vertex 6.250000 10.825318 0.500000
      vertex 4.783543 11.548494 0.500000
    endloop
  endfacet
  facet normal 0.442289 0.896873 0.000000
    outer loop
      vertex 6.250000 10.825318 0.000000
      vertex 4.783543 11.548494 0.000000
      vertex 4.783543 11.548494 0.500000
    endloop
  endfacet
  facet normal 0.442289 0.896873 -0.000000
    outer loop
      vertex 6.250000 10.825318 0.000000
      vertex 4.783543 11.548494 0.500000
      vertex 6.250000 10.825318 0.500000
    endloop
  endfacet
  facet normal 0.000000 0.000000 -1.000000
    outer loop
      vertex 0.000000 0.000000 0.000000
      vertex 3.235238 12.074073 0.000000
      vertex 4.783543 11.548494 0.000000
    endloop
  endfacet
  facet normal 0.000000 0.000000 1.000000
    outer loop
      vertex 0.000000 0.000000 0.500000
      vertex 4.783543 11.548494 0.500000
      vertex 3.235238 12.074073 0.500000
    endloop
  endfacet
  facet normal 0.321439 0.946930 0.000000
    outer loop
      vertex 4.783543 11.548494 0.000000
      vertex 3.235238 12.074073 0.000000
      vertex 3.235238 12.074073 0.500000
    endloop
  endfacet
  facet normal 0.321439 0.946930 -0.000000
    outer loop
      vertex 4.783543 11.548494 0.000000
      vertex 3.235238 12.074073 0.500000
      vertex 4.783543 11.548494 0.500000
    endloop
  endfacet
  facet normal 0.000000 0.000000 -1.000000
    outer loop
      vertex 0.000000 0.000000 0.000000
      vertex 1.631577 12.393061 0.000000
      vertex 3.235238 12.074073 0.000000
    endloop
  endfacet
  facet normal 0.000000 0.000000 1.000000
    outer loop
      vertex 0.000000 0.000000 0.500000
      vertex 3.235238 12.074073 0.500000
      vertex 1.631577 12.393061 0.500000
    endloop
  endfacet
  facet normal 0.195090 0.980785 0.000000
    outer loop
      vertex 3.235238 12.074073 0.000000
      vertex 1.631577 12.393061 0.000000
      vertex 1.631577 12.393061 0.500000
    endloop
  endfacet
  facet normal 0.195090 0.980785 -0.000000
    outer loop
      vertex 3.235238 12.074073 0.000000
      vertex 1.631577 12.393061 0.500000
      vertex 3.235238 12.074073 0.500000
    endloop
  endfacet
  facet normal 0.000000 0.000000 -1.000000
    outer loop
      vertex 0.000000 0.000000 0.000000
      vertex 0.000000 12.500000 0.000000
      vertex 1.631577 12.393061 0.000000
    endloop
  endfacet
  facet normal 0.000000 0.000000 1.000000
    outer loop
      vertex 0.000000 0.000000 0.500000
      vertex 1.631577 12.393061 0.500000
      vertex 0.000000 12.500000 0.500000
    endloop
  endfacet
  facet normal 0.065403 0.997859 0.000000
    outer loop
      vertex 1.631577 12.393061 0.000000
      vertex 0.000000 12.500000 0.000000
      vertex 0.000000 12.500000 0.500000
    endloop
  endfacet
  facet normal 0.065403 0.997859 -0.000000
    outer loop
      vertex 1.631577 12.393061 0.000000
      vertex 0.000000 12.500000 0.500000
      vertex 1.631577 12.393061 0.500000
    endloop
  endfacet
  facet normal 0.000000 0.000000 -1.000000
    outer loop
      vertex 0.000000 0.000000 0.000000
      vertex -1.631577 12.393061 0.000000
      vertex 0.000000 12.500000 0.000000
    endloop
  endfacet
  facet normal 0.000000 -0.000000 1.000000
    outer loop
      vertex 0.000000 0.000000 0.500000
      vertex 0.000000 12.500000 0.500000
      vertex -1.631577 12.393061 0.500000
    endloop
  endfacet
  facet normal -0.065403 0.997859 0.000000
    outer loop
      vertex 0.000000 12.500000 0.000000
      vertex -1.631577 12.393061 0.000000
      vertex -1.631577 12.393061 0.500000
    endloop
  endfacet
  facet normal -0.065403 0.997859 0.000000
    outer loop
      vertex 0.000000 12.500000 0.000000
      vertex -1.631577 12.393061 0.500000
      vertex 0.000000 12.500000 0.500000
    endloop
  endfacet
  facet normal 0.000000 0.000000 -1.000000
    outer loop
      vertex 0.000000 0.000000 0.000000
      vertex -3.235238 12.074073 0.000000
      vertex -1.631577 12.393061 0.000000
    endloop
  endfacet
  facet normal 0.000000 0.000000 1.000000
    outer loop
      vertex 0.000000 0.000000 0.500000
      vertex -1.631577 12.393061 0.500000
      vertex -3.235238 12.074073 0.500000
    endloop
  endfacet
  facet normal -0.195090 0.980785 0.000000
    outer loop
      vertex -1.631577 12.393061 0.000000
      vertex -3.235238 12.074073 0.000000
      vertex -3.235238 12.074073 0.500000
    endloop
  endfacet
  facet normal -0.195090 0.980785 0.000000
    outer loop
      vertex -1.631577 12.393061 0.000000
      vertex -3.235238 12.074073 0.500000
      vertex -1.631577 12.393061 0.500000
    endloop
  endfacet
  facet normal 0.000000 0.000000 -1.000000
    outer loop
      vertex 0.000000 0.000000 0.000000
      vertex -4.783543 11.548494 0.000000
      vertex -3.235238 12.074073 0.000000
    endloop
  endfacet
  facet normal 0.000000 0.000000 1.000000
    outer loop
      vertex 0.000000 0.000000 0.500000
      vertex -3.235238 12.074073 0.500000
      vertex -4.783543 11.548494 0.500000
    endloop
  endfacet
  facet normal -0.321439 0.946930 0.000000
    outer loop
      vertex -3.235238 12.074073 0.000000
      vertex -4.783543 11.548494 0.000000
      vertex -4.783543 11.548494 0.500000
    endloop
  endfacet
  facet normal -0.321439 0.946930 0.000000
    outer loop
      vertex -3.235238 12.074073 0.000000
      vertex -4.783543 11.548494 0.500000
      vertex -3.235238 12.074073 0.500000
    endloop
  endfacet
  facet normal 0.000000 0.000000 -1.000000
    outer loop
      vertex 0.000000 0.000000 0.000000
      vertex -6.250000 10.825318 0.000000
      vertex -4.783543 11.548494 0.000000
    endloop
  endfacet
  facet normal 0.000000 0.000000 1.000000
    outer loop
      vertex 0.000000 0.000000 0.500000
      vertex -4.783543 11.548494 0.500000
      vertex -6.250000 10.825318 0.500000
    endloop
  endfacet
  facet normal -0.442289 0.896873 0.000000
    outer loop
      vertex -4.783543 11.548494 0.000000
      vertex -6.250000 10.825318 0.000000
      vertex -6.250000 10.825318 0.500000
    endloop
  endfacet
  facet normal -0.442289 0.896873 0.000000
    outer loop
      vertex -4.783543 11.548494 0.000000
      vertex -6.250000 10.825318 0.500000
      vertex -4.783543 11.548494 0.500000
    endloop
  endfacet
  facet normal 0.000000 0.000000 -1.000000
    outer loop
      vertex 0.000000 0.000000 0.000000
      vertex -7.609518 9.916917 0.000000
      vertex -6.250000 10.825318 0.000000
    endloop
  endfacet
  facet normal 0.000000 0.000000 1.000000
    outer loop
      vertex 0.000000 0.000000 0.500000
      vertex -6.250000 10.825318 0.500000
      vertex -7.609518 9.916917 0.500000
    endloop
  endfacet
  facet normal -0.555570 0.831470 0.000000
    outer loop
      vertex -6.250000 10.825318 0.000000
      vertex -7.609518 9.916917 0.000000
      vertex -7.609518 9.916917 0.500000
    endloop
  endfacet
  facet normal -0.555570 0.831470 0.000000
    outer loop
      vertex -6.250000 10.825318 0.000000
      vertex -7.609518 9.916917 0.500000
      vertex -6.250000 10.825318 0.500000
    endloop
  endfacet
  facet normal 0.000000 0.000000 -1.000000
    outer loop
      vertex 0.000000 0.000000 0.000000
      vertex -8.838835 8.838835 0.000000
      vertex -7.609518 9.916917 0.000000
    endloop
  endfacet
  facet normal 0.000000 0.000000 1.000000
    outer loop
      vertex 0.000000 0.000000 0.500000
      vertex -7.609518 9.916917 0.500000
      vertex -8.838835 8.838835 0.500000
    endloop
  endfacet
  facet normal -0.659346 0.751840 0.000000
    outer loop
      vertex -7.609518 9.916917 0.000000
      vertex -8.838835 8.838835 0.000000
      vertex -8.838835 8.838835 0.500000
    endloop
  endfacet
  facet normal -0.659346 0.751840 0.000000
    outer loop
      vertex -7.609518 9.916917 0.000000
      vertex -8.838835 8.838835 0.500000
      vertex -7.609518 9.916917 0.500000
    endloop
  endfacet
  facet normal 0.000000 0.000000 -1.000000
    outer loop
      vertex 0.000000 0.000000 0.000000
      vertex -9.916917 7.609518 0.000000
      vertex -8.838835 8.838835 0.000000
    endloop
  endfacet
  facet normal 0.000000 0.000000 1.000000
    outer loop
      vertex 0.000000 0.000000 0.500000
      vertex -8.838835 8.838835 0.500000
      vertex -9.916917 7.609518 0.500000
    endloop
  endfacet
  facet normal -0.751840 0.659346 0.000000
    outer loop
      vertex -8.838835 8.838835 0.000000
      vertex -9.916917 7.609518 0.000000
      vertex -9.916917 7.609518 0.500000
    endloop
  endfacet
  facet normal -0.751840 0.659346 0.000000
    outer loop
      vertex -8.838835 8.838835 0.000000
      vertex -9.916917 7.609518 0.500000
      vertex -8.838835 8.838835 0.500000
    endloop
  endfacet
  facet normal 0.000000 0.000000 -1.000000
    outer loop
      vertex 0.000000 0.000000 0.000000
      vertex -10.825318 6.250000 0.000000
      vertex -9.916917 7.609518 0.000000
    endloop
  endfacet
  facet normal 0.000000 0.000000 1.000000
    outer loop
      vertex 0.000000 0.000000 0.500000
      vertex -9.916917 7.609518 0.500000
      vertex -10.825318 6.250000 0.500000
    endloop
  endfacet
  facet normal -0.831470 0.555570 0.000000
    outer loop
      vertex -9.916917 7.609518 0.000000
      vertex -10.825318 6.250000 0.000000
      vertex -10.825318 6.250000 0.500000
    endloop
  endfacet
  facet normal -0.831470 0.555570 0.000000
    outer loop
      vertex -9.916917 7.609518 0.000000
      vertex -10.825318 6.250000 0.500000
      vertex -9.916917 7.609518 0.500000
    endloop
  endfacet
  facet normal 0.000000 0.000000 -1.000000
    outer loop
      vertex 0.000000 0.000000 0.000000
      vertex -11.548494 4.783543 0.000000
      vertex -10.825318 6.250000 0.000000
    endloop
  endfacet
  facet normal 0.000000 0.000000 1.000000
    outer loop
      vertex 0.000000 0.000000 0.500000
      vertex -10.825318 6.250000 0.500000
      vertex -11.548494 4.783543 0.500000
    endloop
  endfacet
  facet normal -0.896873 0.442289 0.000000
    outer loop
      vertex -10.825318 6.250000 0.000000
      vertex -11.548494 4.783543 0.000000
      vertex -11.548494 4.783543 0.500000
    endloop
  endfacet
  facet normal -0.896873 0.442289 0.000000
    outer loop
      vertex -10.825318 6.250000 0.000000
      vertex -11.548494 4.783543 0.500000
      vertex -10.825318 6.250000 0.500000
    endloop
  endfacet
  facet normal 0.000000 0.000000 -1.000000
    outer loop
      vertex 0.000000 0.000000 0.000000
      vertex -12.074073 3.235238 0.000000
      vertex -11.548494 4.783543 0.000000
    endloop
  endfacet
  facet normal 0.000000 0.000000 1.000000
    outer loop
      vertex 0.000000 0.000000 0.500000
      vertex -11.548494 4.783543 0.500000
      vertex -12.074073 3.235238 0.500000
    endloop
  endfacet
  facet normal -0.946930 0.321439 0.000000
    outer loop
      vertex -11.548494 4.783543 0.000000
      vertex -12.074073 3.235238 0.000000
      vertex -12.074073 3.235238 0.500000
    endloop
  endfacet
  facet normal -0.946930 0.321439 0.000000
    outer loop
      vertex -11.548494 4.783543 0.000000
      vertex -12.074073 3.235238 0.500000
      vertex -11.548494 4.783543 0.500000
    endloop
  endfacet
  facet normal 0.000000 0.000000 -1.000000
    outer loop
      vertex 0.000000 0.000000 0.000000
      vertex -12.393061 1.631577 0.000000
      vertex -12.074073 3.235238 0.000000
    endloop
  endfacet
  facet normal 0.000000 0.000000 1.000000
    outer loop
      vertex 0.000000 0.000000 0.500000
      vertex -12.074073 3.235238 0.500000
      vertex -12.393061 1.631577 0.500000
    endloop
  endfacet
  facet normal -0.980785 0.195090 0.000000
    outer loop
      vertex -12.074073 3.235238 0.000000
      vertex -12.393061 1.631577 0.000000
      vertex -12.393061 1.631577 0.500000
    endloop
  endfacet
  facet normal -0.980785 0.195090 0.000000
    outer loop
      vertex -12.074073 3.235238 0.000000
      vertex -12.393061 1.631577 0.500000
      vertex -12.074073 3.235238 0.500000
    endloop
  endfacet
  facet normal 0.000000 0.000000 -1.000000
    outer loop
      vertex 0.000000 0.000000 0.000000
      vertex -12.500000 0.000000 0.000000
      vertex -12.393061 1.631577 0.000000
    endloop
  endfacet
  facet normal 0.000000 0.000000 1.000000
    outer loop
      vertex 0.000000 0.000000 0.500000
      vertex -12.393061 1.631577 0.500000
      vertex -12.500000 0.000000 0.500000
    endloop
  endfacet
  facet normal -0.997859 0.065403 0.000000
    outer loop
      vertex -12.393061 1.631577 0.000000
      vertex -12.500000 0.000000 0.000000
      vertex -12.500000 0.000000 0.500000
    endloop
  endfacet
  facet normal -0.997859 0.065403 0.000000
    outer loop
      vertex -12.393061 1.631577 0.000000
      vertex -12.500000 0.000000 0.500000
      vertex -12.393061 1.631577 0.500000
    endloop
  endfacet
  facet normal -0.000000 0.000000 -1.000000
    outer loop
      vertex 0.000000 0.000000 0.000000
      vertex -12.393061 -1.631577 0.000000
      vertex -12.500000 0.000000 0.000000
    endloop
  endfacet
  facet normal 0.000000 0.000000 1.000000
    outer loop
      vertex 0.000000 0.000000 0.500000
      vertex -12.500000 0.000000 0.500000
      vertex -12.393061 -1.631577 0.500000
    endloop
  endfacet
  facet normal -0.997859 -0.065403 0.000000
    outer loop
      vertex -12.500000 0.000000 0.000000
      vertex -12.393061 -1.631577 0.000000
      vertex -12.393061 -1.631577 0.500000
    endloop
  endfacet
  facet normal -0.997859 -0.065403 0.000000
    outer loop
      vertex -12.500000 0.000000 0.000000
      vertex -12.393061 -1.631577 0.500000
      vertex -12.500000 0.000000 0.500000
    endloop
  endfacet
  facet normal 0.000000 0.000000 -1.000000
    outer loop
      vertex 0.000000 0.000000 0.000000
      vertex -12.074073 -3.235238 0.000000
      vertex -12.393061 -1.631577 0.000000
    endloop
  endfacet
  facet normal 0.000000 0.000000 1.000000
    outer loop
      vertex 0.000000 0.000000 0.500000
      vertex -12.393061 -1.631577 0.500000
      vertex -12.074073 -3.235238 0.500000
    endloop
  endfacet
  facet normal -0.980785 -0.195090 0.000000
    outer loop
      vertex -12.393061 -1.631577 0.000000
      vertex -12.074073 -3.235238 0.000000
      vertex -12.074073 -3.235238 0.500000
    endloop
  endfacet
  facet normal -0.980785 -0.195090 0.000000
    outer loop
      vertex -12.393061 -1.631577 0.000000
      vertex -12.074073 -3.235238 0.500000
      vertex -12.393061 -1.631577 0.500000
    endloop
  endfacet
  facet normal 0.000000 0.000000 -1.000000
    outer loop
      vertex 0.000000 0.000000 0.000000
      vertex -11.548494 -4.783543 0.000000
      vertex -12.074073 -3.235238 0.000000
    endloop
  endfacet
  facet normal 0.000000 0.000000 1.000000
    outer loop
      vertex 0.000000 0.000000 0.500000
      vertex -12.074073 -3.235238 0.500000
      vertex -11.548494 -4.783543 0.500000
    endloop
  endfacet
  facet normal -0.946930 -0.321439 0.000000
    outer loop
      vertex -12.074073 -3.235238 0.000000
      vertex -11.548494 -4.783543 0.000000
      vertex -11.548494 -4.783543 0.500000
    endloop
  endfacet
  facet normal -0.946930 -0.321439 0.000000
    outer loop
      vertex -12.074073 -3.235238 0.000000
      vertex -11.548494 -4.783543 0.500000
      vertex -12.074073 -3.235238 0.500000
    endloop
  endfacet
  facet normal 0.000000 0.000000 -1.000000
    outer loop
      vertex 0.000000 0.000000 0.000000
      vertex -10.825318 -6.250000 0.000000
      vertex -11.548494 -4.783543 0.000000
    endloop
  endfacet
  facet normal 0.000000 0.000000 1.000000
    outer loop
      vertex 0.000000 0.000000 0.500000
      vertex -11.548494 -4.783543 0.500000
      vertex -10.825318 -6.250000 0.500000
    endloop
  endfacet
  facet normal -0.896873 -0.442289 0.000000
    outer loop
      vertex -11.548494 -4.783543 0.000000
      vertex -10.825318 -6.250000 0.000000
      vertex -10.825318 -6.250000 0.500000
    endloop
  endfacet
  facet normal -0.896873 -0.442289 0.000000
    outer loop
      vertex -11.548494 -4.783543 0.000000
      vertex -10.825318 -6.250000 0.500000
      vertex -11.548494 -4.783543 0.500000
    endloop
  endfacet
  facet normal 0.000000 0.000000 -1.000000
    outer loop
      vertex 0.000000 0.000000 0.000000
      vertex -9.916917 -7.609518 0.000000
      vertex -10.825318 -6.250000 0.000000
    endloop
  endfacet
  facet normal 0.000000 0.000000 1.000000
    outer loop
      vertex 0.000000 0.000000 0.500000
      vertex -10.825318 -6.250000 0.500000
      vertex -9.916917 -7.609518 0.500000
    endloop
  endfacet
  facet normal -0.831470 -0.555570 0.000000
    outer loop
      vertex -10.825318 -6.250000 0.000000
      vertex -9.916917 -7.609518 0.000000
      vertex -9.916917 -7.609518 0.500000
    endloop
  endfacet
  facet normal -0.831470 -0.555570 0.000000
    outer loop
      vertex -10.825318 -6.250000 0.000000
      vertex -9.916917 -7.609518 0.500000
      vertex -10.825318 -6.250000 0.500000
    endloop
  endfacet
  facet normal 0.000000 0.000000 -1.000000
    outer loop
      vertex 0.000000 0.000000 0.000000
      vertex -8.838835 -8.838835 0.000000
      vertex -9.916917 -7.609518 0.000000
    endloop
  endfacet
  facet normal 0.000000 0.000000 1.000000
    outer loop
      vertex 0.000000 0.000000 0.500000
      vertex -9.916917 -7.609518 0.500000
      vertex -8.838835 -8.838835 0.500000
    endloop
  endfacet
  facet normal -0.751840 -0.659346 0.000000
    outer loop
      vertex -9.916917 -7.609518 0.000000
      vertex -8.838835 -8.838835 0.000000
      vertex -8.838835 -8.838835 0.500000
    endloop
  endfacet
  facet normal -0.751840 -0.659346 0.000000
    outer loop
      vertex -9.916917 -7.609518 0.000000
      vertex -8.838835 -8.838835 0.500000
      vertex -9.916917 -7.609518 0.500000
    endloop
  endfacet
  facet normal 0.000000 0.000000 -1.000000
    outer loop
      vertex 0.000000 0.000000 0.000000
      vertex -7.609518 -9.916917 0.000000
      vertex -8.838835 -8.838835 0.000000
    endloop
  endfacet
  facet normal 0.000000 0.000000 1.000000
    outer loop
      vertex 0.000000 0.000000 0.500000
      vertex -8.838835 -8.838835 0.500000
      vertex -7.609518 -9.916917 0.500000
    endloop
  endfacet
  facet normal -0.659346 -0.751840 0.000000
    outer loop
      vertex -8.838835 -8.838835 0.000000
      vertex -7.609518 -9.916917 0.000000
      vertex -7.609518 -9.916917 0.500000
    endloop
  endfacet
  facet normal -0.659346 -0.751840 0.000000
    outer loop
      vertex -8.838835 -8.838835 0.000000
      vertex -7.609518 -9.916917 0.500000
      vertex -8.838835 -8.838835 0.500000
    endloop
  endfacet
  facet normal 0.000000 0.000000 -1.000000
    outer loop
      vertex 0.000000 0.000000 0.000000
      vertex -6.250000 -10.825318 0.000000
      vertex -7.609518 -9.916917 0.000000
    endloop
  endfacet
  facet normal 0.000000 0.000000 1.000000
    outer loop
      vertex 0.000000 0.000000 0.500000
      vertex -7.609518 -9.916917 0.500000
      vertex -6.250000 -10.825318 0.500000
    endloop
  endfacet
  facet normal -0.555570 -0.831470 0.000000
    outer loop
      vertex -7.609518 -9.916917 0.000000
      vertex -6.250000 -10.825318 0.000000
      vertex -6.250000 -10.825318 0.500000
    endloop
  endfacet
  facet normal -0.555570 -0.831470 0.000000
    outer loop
      vertex -7.609518 -9.916917 0.000000
      vertex -6.250000 -10.825318 0.500000
      vertex -7.609518 -9.916917 0.500000
    endloop
  endfacet
  facet normal 0.000000 0.000000 -1.000000
    outer loop
      vertex 0.000000 0.000000 0.000000
      vertex -4.783543 -11.548494 0.000000
      vertex -6.250000 -10.825318 0.000000
    endloop
  endfacet
  facet normal 0.000000 0.000000 1.000000
    outer loop
      vertex 0.000000 0.000000 0.500000
      vertex -6.250000 -10.825318 0.500000
      vertex -4.783543 -11.548494 0.500000
    endloop
  endfacet
  facet normal -0.442289 -0.896873 0.000000
    outer loop
      vertex -6.250000 -10.825318 0.000000
      vertex -4.783543 -11.548494 0.000000
      vertex -4.783543 -11.548494 0.500000
    endloop
  endfacet
  facet normal -0.442289 -0.896873 0.000000
    outer loop
      vertex -6.250000 -10.825318 0.000000
      vertex -4.783543 -11.548494 0.500000
      vertex -6.250000 -10.825318 0.500000
    endloop
  endfacet
  facet normal 0.000000 0.000000 -1.000000
    outer loop
      vertex 0.000000 0.000000 0.000000
      vertex -3.235238 -12.074073 0.000000
      vertex -4.783543 -11.548494 0.000000
    endloop
  endfacet
  facet normal 0.000000 0.000000 1.000000
    outer loop
      vertex 0.000000 0.000000 0.500000
      vertex -4.783543 -11.548494 0.500000
      vertex -3.235238 -12.074073 0.500000
    endloop
  endfacet
  facet normal -0.321439 -0.946930 0.000000
    outer loop
      vertex -4.783543 -11.548494 0.000000
      vertex -3.235238 -12.074073 0.000000
      vertex -3.235238 -12.074073 0.500000
    endloop
  endfacet
  facet normal -0.321439 -0.946930 0.000000
    outer loop
      vertex -4.783543 -11.548494 0.000000
      vertex -3.235238 -12.074073 0.500000
      vertex -4.783543 -11.548494 0.500000
    endloop
  endfacet
  facet normal 0.000000 0.000000 -1.000000
    outer loop
      vertex 0.000000 0.000000 0.000000
      vertex -1.631577 -12.393061 0.000000
      vertex -3.235238 -12.074073 0.000000
    endloop
  endfacet
  facet normal 0.000000 0.000000 1.000000
    outer loop
      vertex 0.000000 0.000000 0.500000
      vertex -3.235238 -12.074073 0.500000
      vertex -1.631577 -12.393061 0.500000
    endloop
  endfacet
  facet normal -0.195090 -0.980785 0.000000
    outer loop
      vertex -3.235238 -12.074073 0.000000
      vertex -1.631577 -12.393061 0.000000
      vertex -1.631577 -12.393061 0.500000
    endloop
  endfacet
  facet normal -0.195090 -0.980785 0.000000
    outer loop
      vertex -3.235238 -12.074073 0.000000
      vertex -1.631577 -12.393061 0.500000
      vertex -3.235238 -12.074073 0.500000
    endloop
  endfacet
  facet normal 0.000000 0.000000 -1.000000
    outer loop
      vertex 0.000000 0.000000 0.000000
      vertex -0.000000 -12.500000 0.000000
      vertex -1.631577 -12.393061 0.000000
    endloop
  endfacet
  facet normal 0.000000 0.000000 1.000000
    outer loop
      vertex 0.000000 0.000000 0.500000
      vertex -1.631577 -12.393061 0.500000
      vertex -0.000000 -12.500000 0.500000
    endloop
  endfacet
  facet normal -0.065403 -0.997859 0.000000
    outer loop
      vertex -1.631577 -12.393061 0.000000
      vertex -0.000000 -12.500000 0.000000
      vertex -0.000000 -12.500000 0.500000
    endloop
  endfacet
  facet normal -0.065403 -0.997859 0.000000
    outer loop
      vertex -1.631577 -12.393061 0.000000
      vertex -0.000000 -12.500000 0.500000
      vertex -1.631577 -12.393061 0.500000
    endloop
  endfacet
  facet normal 0.000000 -0.000000 -1.000000
    outer loop
      vertex 0.000000 0.000000 0.000000
      vertex 1.631577 -12.393061 0.000000
      vertex -0.000000 -12.500000 0.000000
    endloop
  endfacet
  facet normal 0.000000 0.000000 1.000000
    outer loop
      vertex 0.000000 0.000000 0.500000
      vertex -0.000000 -12.500000 0.500000
      vertex 1.631577 -12.393061 0.500000
    endloop
  endfacet
  facet normal 0.065403 -0.997859 0.000000
    outer loop
      vertex -0.000000 -12.500000 0.000000
      vertex 1.631577 -12.393061 0.000000
      vertex 1.631577 -12.393061 0.500000
    endloop
  endfacet
  facet normal 0.065403 -0.997859 0.000000
    outer loop
      vertex -0.000000 -12.500000 0.000000
      vertex 1.631577 -12.393061 0.500000
      vertex -0.000000 -12.500000 0.500000
    endloop
  endfacet
  facet normal 0.000000 0.000000 -1.000000
    outer loop
      vertex 0.000000 0.000000 0.000000
      vertex 3.235238 -12.074073 0.000000
      vertex 1.631577 -12.393061 0.000000
    endloop
  endfacet
  facet normal 0.000000 0.000000 1.000000
    outer loop
      vertex 0.000000 0.000000 0.500000
      vertex 1.631577 -12.393061 0.500000
      vertex 3.235238 -12.074073 0.500000
    endloop
  endfacet
  facet normal 0.195090 -0.980785 0.000000
    outer loop
      vertex 1.631577 -12.393061 0.000000
      vertex 3.235238 -12.074073 0.000000
      vertex 3.235238 -12.074073 0.500000
    endloop
  endfacet
  facet normal 0.195090 -0.980785 0.000000
    outer loop
      vertex 1.631577 -12.393061 0.000000
      vertex 3.235238 -12.074073 0.500000
      vertex 1.631577 -12.393061 0.500000
    endloop
  endfacet
  facet normal 0.000000 0.000000 -1.000000
    outer loop
      vertex 0.000000 0.000000 0.000000
      vertex 4.783543 -11.548494 0.000000
      vertex 3.235238 -12.074073 0.000000
    endloop
  endfacet
  facet normal 0.000000 0.000000 1.000000
    outer loop
      vertex 0.000000 0.000000 0.500000
      vertex 3.235238 -12.074073 0.500000
      vertex 4.783543 -11.548494 0.500000
    endloop
  endfacet
  facet normal 0.321439 -0.946930 0.000000
    outer loop
      vertex 3.235238 -12.074073 0.000000
      vertex 4.783543 -11.548494 0.000000
      vertex 4.783543 -11.548494 0.500000
    endloop
  endfacet
  facet normal 0.321439 -0.946930 0.000000
    outer loop
      vertex 3.235238 -12.074073 0.000000
      vertex 4.783543 -11.548494 0.500000
      vertex 3.235238 -12.074073 0.500000
    endloop
  endfacet
  facet normal 0.000000 0.000000 -1.000000
    outer loop
      vertex 0.000000 0.000000 0.000000
      vertex 6.250000 -10.825318 0.000000
      vertex 4.783543 -11.548494 0.000000
    endloop
  endfacet
  facet normal 0.000000 0.000000 1.000000
    outer loop
      vertex 0.000000 0.000000 0.500000
      vertex 4.783543 -11.548494 0.500000
      vertex 6.250000 -10.825318 0.500000
    endloop
  endfacet
  facet normal 0.442289 -0.896873 0.000000
    outer loop
      vertex 4.783543 -11.548494 0.000000
      vertex 6.250000 -10.825318 0.000000
      vertex 6.250000 -10.825318 0.500000
    endloop
  endfacet
  facet normal 0.442289 -0.896873 0.000000
    outer loop
      vertex 4.783543 -11.548494 0.000000
      vertex 6.250000 -10.825318 0.500000
      vertex 4.783543 -11.548494 0.500000
    endloop
  endfacet
  facet normal 0.000000 0.000000 -1.000000
    outer loop
      vertex 0.000000 0.000000 0.000000
      vertex 7.609518 -9.916917 0.000000
      vertex 6.250000 -10.825318 0.000000
    endloop
  endfacet
  facet normal 0.000000 0.000000 1.000000
    outer loop
      vertex 0.000000 0.000000 0.500000
      vertex 6.250000 -10.825318 0.500000
      vertex 7.609518 -9.916917 0.500000
    endloop
  endfacet
  facet normal 0.555570 -0.831470 0.000000
    outer loop
      vertex 6.250000 -10.825318 0.000000
      vertex 7.609518 -9.916917 0.000000
      vertex 7.609518 -9.916917 0.500000
    endloop
  endfacet
  facet normal 0.555570 -0.831470 0.000000
    outer loop
      vertex 6.250000 -10.825318 0.000000
      vertex 7.609518 -9.916917 0.500000
      vertex 6.250000 -10.825318 0.500000
    endloop
  endfacet
  facet normal 0.000000 0.000000 -1.000000
    outer loop
      vertex 0.000000 0.000000 0.000000
      vertex 8.838835 -8.838835 0.000000
      vertex 7.609518 -9.916917 0.000000
    endloop
  endfacet
  facet normal 0.000000 0.000000 1.000000
    outer loop
      vertex 0.000000 0.000000 0.500000
      vertex 7.609518 -9.916917 0.500000
      vertex 8.838835 -8.838835 0.500000
    endloop
  endfacet
  facet normal 0.659346 -0.751840 0.000000
    outer loop
      vertex 7.609518 -9.916917 0.000000
      vertex 8.838835 -8.838835 0.000000
      vertex 8.838835 -8.838835 0.500000
    endloop
  endfacet
  facet normal 0.659346 -0.751840 0.000000
    outer loop
      vertex 7.609518 -9.916917 0.000000
      vertex 8.838835 -8.838835 0.500000
      vertex 7.609518 -9.916917 0.500000
    endloop
  endfacet
  facet normal 0.000000 0.000000 -1.000000
    outer loop
      vertex 0.000000 0.000000 0.000000
      vertex 9.916917 -7.609518 0.000000
      vertex 8.838835 -8.838835 0.000000
    endloop
  endfacet
  facet normal 0.000000 0.000000 1.000000
    outer loop
      vertex 0.000000 0.000000 0.500000
      vertex 8.838835 -8.838835 0.500000
      vertex 9.916917 -7.609518 0.500000
    endloop
  endfacet
  facet normal 0.751840 -0.659346 0.000000
    outer loop
      vertex 8.838835 -8.838835 0.000000
      vertex 9.916917 -7.609518 0.000000
      vertex 9.916917 -7.609518 0.500000
    endloop
  endfacet
  facet normal 0.751840 -0.659346 0.000000
    outer loop
      vertex 8.838835 -8.838835 0.000000
      vertex 9.916917 -7.609518 0.500000
      vertex 8.838835 -8.838835 0.500000
    endloop
  endfacet
  facet normal 0.000000 0.000000 -1.000000
    outer loop
      vertex 0.000000 0.000000 0.000000
      vertex 10.825318 -6.250000 0.000000
      vertex 9.916917 -7.609518 0.000000
    endloop
  endfacet
  facet normal 0.000000 0.000000 1.000000
    outer loop
      vertex 0.000000 0.000000 0.500000
      vertex 9.916917 -7.609518 0.500000
      vertex 10.825318 -6.250000 0.500000
    endloop
  endfacet
  facet normal 0.831470 -0.555570 0.000000
    outer loop
      vertex 9.916917 -7.609518 0.000000
      vertex 10.825318 -6.250000 0.000000
      vertex 10.825318 -6.250000 0.500000
    endloop
  endfacet
  facet normal 0.831470 -0.555570 0.000000
    outer loop
      vertex 9.916917 -7.609518 0.000000
      vertex 10.825318 -6.250000 0.500000
      vertex 9.916917 -7.609518 0.500000
    endloop
  endfacet
  facet normal 0.000000 0.000000 -1.000000
    outer loop
      vertex 0.000000 0.000000 0.000000
      vertex 11.548494 -4.783543 0.000000
      vertex 10.825318 -6.250000 0.000000
    endloop
  endfacet
  facet normal 0.000000 0.000000 1.000000
    outer loop
      vertex 0.000000 0.000000 0.500000
      vertex 10.825318 -6.250000 0.500000
      vertex 11.548494 -4.783543 0.500000
    endloop
  endfacet
  facet normal 0.896873 -0.442289 0.000000
    outer loop
      vertex 10.825318 -6.250000 0.000000
      vertex 11.548494 -4.783543 0.000000
      vertex 11.548494 -4.783543 0.500000
    endloop
  endfacet
  facet normal 0.896873 -0.442289 0.000000
    outer loop
      vertex 10.825318 -6.250000 0.000000
      vertex 11.548494 -4.783543 0.500000
      vertex 10.825318 -6.250000 0.500000
    endloop
  endfacet
  facet normal 0.000000 0.000000 -1.000000
    outer loop
      vertex 0.000000 0.000000 0.000000
      vertex 12.074073 -3.235238 0.000000
      vertex 11.548494 -4.783543 0.000000
    endloop
  endfacet
  facet normal 0.000000 0.000000 1.000000
    outer loop
      vertex 0.000000 0.000000 0.500000
      vertex 11.548494 -4.783543 0.500000
      vertex 12.074073 -3.235238 0.500000
    endloop
  endfacet
  facet normal 0.946930 -0.321439 0.000000
    outer loop
      vertex 11.548494 -4.783543 0.000000
      vertex 12.074073 -3.235238 0.000000
      vertex 12.074073 -3.235238 0.500000
    endloop
  endfacet
  facet normal 0.946930 -0.321439 0.000000
    outer loop
      vertex 11.548494 -4.783543 0.000000
      vertex 12.074073 -3.235238 0.500000
      vertex 11.548494 -4.783543 0.500000
    endloop
  endfacet
  facet normal 0.000000 0.000000 -1.000000
    outer loop
      vertex 0.000000 0.000000 0.000000
      vertex 12.393061 -1.631577 0.000000
      vertex 12.074073 -3.235238 0.000000
    endloop
  endfacet
  facet normal 0.000000 0.000000 1.000000
    outer loop
      vertex 0.000000 0.000000 0.500000
      vertex 12.074073 -3.235238 0.500000
      vertex 12.393061 -1.631577 0.500000
    endloop
  endfacet
  facet normal 0.980785 -0.195090 0.000000
    outer loop
      vertex 12.074073 -3.235238 0.000000
      vertex 12.393061 -1.631577 0.000000
      vertex 12.393061 -1.631577 0.500000
    endloop
  endfacet
  facet normal 0.980785 -0.195090 0.000000
    outer loop
      vertex 12.074073 -3.235238 0.000000
      vertex 12.393061 -1.631577 0.500000
      vertex 12.074073 -3.235238 0.500000
    endloop
  endfacet
  facet normal 0.000000 0.000000 -1.000000
    outer loop
      vertex 0.000000 0.000000 0.000000
      vertex 12.500000 -0.000000 0.000000
      vertex 12.393061 -1.631577 0.000000
    endloop
  endfacet
  facet normal 0.000000 0.000000 1.000000
    outer loop
      vertex 0.000000 0.000000 0.500000
      vertex 12.393061 -1.631577 0.500000
      vertex 12.500000 -0.000000 0.500000
    endloop
  endfacet
  facet normal 0.997859 -0.065403 0.000000
    outer loop
      vertex 12.393061 -1.631577 0.000000
      vertex 12.500000 -0.000000 0.000000
      vertex 12.500000 -0.000000 0.500000
    endloop
  endfacet
  facet normal 0.997859 -0.065403 0.000000
    outer loop
      vertex 12.393061 -1.631577 0.000000
      vertex 12.500000 -0.000000 0.500000
      vertex 12.393061 -1.631577 0.500000
    endloop
  endfacet
  facet normal 0.000000 0.000000 1.000000
    outer loop
      vertex 12.500000 0.000000 0.000000
      vertex 11.599905 1.527156 0.000000
      vertex 11.700000 0.000000 0.000000
    endloop
  endfacet
  facet normal 0.000000 0.000000 1.000000
    outer loop
      vertex 12.500000 0.000000 0.000000
      vertex 12.393061 1.631577 0.000000
      vertex 11.599905 1.527156 0.000000
    endloop
  endfacet
  facet normal 0.000000 0.000000 -1.000000
    outer loop
      vertex 12.500000 0.000000 1.000000
      vertex 11.700000 0.000000 1.000000
      vertex 11.599905 1.527156 1.000000
    endloop
  endfacet
  facet normal 0.000000 0.000000 -1.000000
    outer loop
      vertex 12.500000 0.000000 1.000000
      vertex 11.599905 1.527156 1.000000
      vertex 12.393061 1.631577 1.000000
    endloop
  endfacet
  facet normal 0.997859 0.065403 0.000000
    outer loop
      vertex 12.500000 0.000000 0.000000
      vertex 12.393061 1.631577 0.000000
      vertex 12.393061 1.631577 1.000000
    endloop
  endfacet
  facet normal 0.997859 0.065403 -0.000000
    outer loop
      vertex 12.500000 0.000000 0.000000
      vertex 12.393061 1.631577 1.000000
      vertex 12.500000 0.000000 1.000000
    endloop
  endfacet
  facet normal -0.997859 -0.065403 0.000000
    outer loop
      vertex 11.700000 0.000000 0.000000
      vertex 11.599905 1.527156 1.000000
      vertex 11.599905 1.527156 0.000000
    endloop
  endfacet
  facet normal -0.997859 -0.065403 0.000000
    outer loop
      vertex 11.700000 0.000000 0.000000
      vertex 11.700000 0.000000 1.000000
      vertex 11.599905 1.527156 1.000000
    endloop
  endfacet
  facet normal 0.000000 0.000000 1.000000
    outer loop
      vertex 12.393061 1.631577 0.000000
      vertex 11.301332 3.028183 0.000000
      vertex 11.599905 1.527156 0.000000
    endloop
  endfacet
  facet normal 0.000000 0.000000 1.000000
    outer loop
      vertex 12.393061 1.631577 0.000000
      vertex 12.074073 3.235238 0.000000
      vertex 11.301332 3.028183 0.000000
    endloop
  endfacet
  facet normal -0.000000 0.000000 -1.000000
    outer loop
      vertex 12.393061 1.631577 1.000000
      vertex 11.599905 1.527156 1.000000
      vertex 11.301332 3.028183 1.000000
    endloop
  endfacet
  facet normal 0.000000 0.000000 -1.000000
    outer loop
      vertex 12.393061 1.631577 1.000000
      vertex 11.301332 3.028183 1.000000
      vertex 12.074073 3.235238 1.000000
    endloop
  endfacet
  facet normal 0.980785 0.195090 0.000000
    outer loop
      vertex 12.393061 1.631577 0.000000
      vertex 12.074073 3.235238 0.000000
      vertex 12.074073 3.235238 1.000000
    endloop
  endfacet
  facet normal 0.980785 0.195090 -0.000000
    outer loop
      vertex 12.393061 1.631577 0.000000
      vertex 12.074073 3.235238 1.000000
      vertex 12.393061 1.631577 1.000000
    endloop
  endfacet
  facet normal -0.980785 -0.195090 0.000000
    outer loop
      vertex 11.599905 1.527156 0.000000
      vertex 11.301332 3.028183 1.000000
      vertex 11.301332 3.028183 0.000000
    endloop
  endfacet
  facet normal -0.980785 -0.195090 0.000000
    outer loop
      vertex 11.599905 1.527156 0.000000
      vertex 11.599905 1.527156 1.000000
      vertex 11.301332 3.028183 1.000000
    endloop
  endfacet
  facet normal 0.000000 0.000000 1.000000
    outer loop
      vertex 12.074073 3.235238 0.000000
      vertex 10.809391 4.477396 0.000000
      vertex 11.301332 3.028183 0.000000
    endloop
  endfacet
  facet normal 0.000000 0.000000 1.000000
    outer loop
      vertex 12.074073 3.235238 0.000000
      vertex 11.548494 4.783543 0.000000
      vertex 10.809391 4.477396 0.000000
    endloop
  endfacet
  facet normal -0.000000 0.000000 -1.000000
    outer loop
      vertex 12.074073 3.235238 1.000000
      vertex 11.301332 3.028183 1.000000
      vertex 10.809391 4.477396 1.000000
    endloop
  endfacet
  facet normal 0.000000 0.000000 -1.000000
    outer loop
      vertex 12.074073 3.235238 1.000000
      vertex 10.809391 4.477396 1.000000
      vertex 11.548494 4.783543 1.000000
    endloop
  endfacet
  facet normal 0.946930 0.321439 0.000000
    outer loop
      vertex 12.074073 3.235238 0.000000
      vertex 11.548494 4.783543 0.000000
      vertex 11.548494 4.783543 1.000000
    endloop
  endfacet
  facet normal 0.946930 0.321439 -0.000000
    outer loop
      vertex 12.074073 3.235238 0.000000
      vertex 11.548494 4.783543 1.000000
      vertex 12.074073 3.235238 1.000000
    endloop
  endfacet
  facet normal -0.946930 -0.321439 0.000000
    outer loop
      vertex 11.301332 3.028183 0.000000
      vertex 10.809391 4.477396 1.000000
      vertex 10.809391 4.477396 0.000000
    endloop
  endfacet
  facet normal -0.946930 -0.321439 0.000000
    outer loop
      vertex 11.301332 3.028183 0.000000
      vertex 11.301332 3.028183 1.000000
      vertex 10.809391 4.477396 1.000000
    endloop
  endfacet
  facet normal 0.000000 0.000000 1.000000
    outer loop
      vertex 11.548494 4.783543 0.000000
      vertex 10.132497 5.850000 0.000000
      vertex 10.809391 4.477396 0.000000
    endloop
  endfacet
  facet normal 0.000000 0.000000 1.000000
    outer loop
      vertex 11.548494 4.783543 0.000000
      vertex 10.825318 6.250000 0.000000
      vertex 10.132497 5.850000 0.000000
    endloop
  endfacet
  facet normal -0.000000 0.000000 -1.000000
    outer loop
      vertex 11.548494 4.783543 1.000000
      vertex 10.809391 4.477396 1.000000
      vertex 10.132497 5.850000 1.000000
    endloop
  endfacet
  facet normal 0.000000 0.000000 -1.000000
    outer loop
      vertex 11.548494 4.783543 1.000000
      vertex 10.132497 5.850000 1.000000
      vertex 10.825318 6.250000 1.000000
    endloop
  endfacet
  facet normal 0.896873 0.442289 0.000000
    outer loop
      vertex 11.548494 4.783543 0.000000
      vertex 10.825318 6.250000 0.000000
      vertex 10.825318 6.250000 1.000000
    endloop
  endfacet
  facet normal 0.896873 0.442289 -0.000000
    outer loop
      vertex 11.548494 4.783543 0.000000
      vertex 10.825318 6.250000 1.000000
      vertex 11.548494 4.783543 1.000000
    endloop
  endfacet
  facet normal -0.896873 -0.442289 0.000000
    outer loop
      vertex 10.809391 4.477396 0.000000
      vertex 10.132497 5.850000 1.000000
      vertex 10.132497 5.850000 0.000000
    endloop
  endfacet
  facet normal -0.896873 -0.442289 0.000000
    outer loop
      vertex 10.809391 4.477396 0.000000
      vertex 10.809391 4.477396 1.000000
      vertex 10.132497 5.850000 1.000000
    endloop
  endfacet
  facet normal 0.000000 0.000000 1.000000
    outer loop
      vertex 10.825318 6.250000 0.000000
      vertex 9.282234 7.122509 0.000000
      vertex 10.132497 5.850000 0.000000
    endloop
  endfacet
  facet normal 0.000000 0.000000 1.000000
    outer loop
      vertex 10.825318 6.250000 0.000000
      vertex 9.916917 7.609518 0.000000
      vertex 9.282234 7.122509 0.000000
    endloop
  endfacet
  facet normal -0.000000 0.000000 -1.000000
    outer loop
      vertex 10.825318 6.250000 1.000000
      vertex 10.132497 5.850000 1.000000
      vertex 9.282234 7.122509 1.000000
    endloop
  endfacet
  facet normal 0.000000 0.000000 -1.000000
    outer loop
      vertex 10.825318 6.250000 1.000000
      vertex 9.282234 7.122509 1.000000
      vertex 9.916917 7.609518 1.000000
    endloop
  endfacet
  facet normal 0.831470 0.555570 0.000000
    outer loop
      vertex 10.825318 6.250000 0.000000
      vertex 9.916917 7.609518 0.000000
      vertex 9.916917 7.609518 1.000000
    endloop
  endfacet
  facet normal 0.831470 0.555570 -0.000000
    outer loop
      vertex 10.825318 6.250000 0.000000
      vertex 9.916917 7.609518 1.000000
      vertex 10.825318 6.250000 1.000000
    endloop
  endfacet
  facet normal -0.831470 -0.555570 0.000000
    outer loop
      vertex 10.132497 5.850000 0.000000
      vertex 9.282234 7.122509 1.000000
      vertex 9.282234 7.122509 0.000000
    endloop
  endfacet
  facet normal -0.831470 -0.555570 0.000000
    outer loop
      vertex 10.132497 5.850000 0.000000
      vertex 10.132497 5.850000 1.000000
      vertex 9.282234 7.122509 1.000000
    endloop
  endfacet
  facet normal 0.000000 0.000000 1.000000
    outer loop
      vertex 9.916917 7.609518 0.000000
      vertex 8.273149 8.273149 0.000000
      vertex 9.282234 7.122509 0.000000
    endloop
  endfacet
  facet normal 0.000000 0.000000 1.000000
    outer loop
      vertex 9.916917 7.609518 0.000000
      vertex 8.838835 8.838835 0.000000
      vertex 8.273149 8.273149 0.000000
    endloop
  endfacet
  facet normal -0.000000 0.000000 -1.000000
    outer loop
      vertex 9.916917 7.609518 1.000000
      vertex 9.282234 7.122509 1.000000
      vertex 8.273149 8.273149 1.000000
    endloop
  endfacet
  facet normal 0.000000 0.000000 -1.000000
    outer loop
      vertex 9.916917 7.609518 1.000000
      vertex 8.273149 8.273149 1.000000
      vertex 8.838835 8.838835 1.000000
    endloop
  endfacet
  facet normal 0.751840 0.659346 0.000000
    outer loop
      vertex 9.916917 7.609518 0.000000
      vertex 8.838835 8.838835 0.000000
      vertex 8.838835 8.838835 1.000000
    endloop
  endfacet
  facet normal 0.751840 0.659346 -0.000000
    outer loop
      vertex 9.916917 7.609518 0.000000
      vertex 8.838835 8.838835 1.000000
      vertex 9.916917 7.609518 1.000000
    endloop
  endfacet
  facet normal -0.751840 -0.659346 0.000000
    outer loop
      vertex 9.282234 7.122509 0.000000
      vertex 8.273149 8.273149 1.000000
      vertex 8.273149 8.273149 0.000000
    endloop
  endfacet
  facet normal -0.751840 -0.659346 0.000000
    outer loop
      vertex 9.282234 7.122509 0.000000
      vertex 9.282234 7.122509 1.000000
      vertex 8.273149 8.273149 1.000000
    endloop
  endfacet
  facet normal 0.000000 0.000000 1.000000
    outer loop
      vertex 8.838835 8.838835 0.000000
      vertex 7.122509 9.282234 0.000000
      vertex 8.273149 8.273149 0.000000
    endloop
  endfacet
  facet normal 0.000000 0.000000 1.000000
    outer loop
      vertex 8.838835 8.838835 0.000000
      vertex 7.609518 9.916917 0.000000
      vertex 7.122509 9.282234 0.000000
    endloop
  endfacet
  facet normal -0.000000 0.000000 -1.000000
    outer loop
      vertex 8.838835 8.838835 1.000000
      vertex 8.273149 8.273149 1.000000
      vertex 7.122509 9.282234 1.000000
    endloop
  endfacet
  facet normal 0.000000 0.000000 -1.000000
    outer loop
      vertex 8.838835 8.838835 1.000000
      vertex 7.122509 9.282234 1.000000
      vertex 7.609518 9.916917 1.000000
    endloop
  endfacet
  facet normal 0.659346 0.751840 0.000000
    outer loop
      vertex 8.838835 8.838835 0.000000
      vertex 7.609518 9.916917 0.000000
      vertex 7.609518 9.916917 1.000000
    endloop
  endfacet
  facet normal 0.659346 0.751840 -0.000000
    outer loop
      vertex 8.838835 8.838835 0.000000
      vertex 7.609518 9.916917 1.000000
      vertex 8.838835 8.838835 1.000000
    endloop
  endfacet
  facet normal -0.659346 -0.751840 0.000000
    outer loop
      vertex 8.273149 8.273149 0.000000
      vertex 7.122509 9.282234 1.000000
      vertex 7.122509 9.282234 0.000000
    endloop
  endfacet
  facet normal -0.659346 -0.751840 0.000000
    outer loop
      vertex 8.273149 8.273149 0.000000
      vertex 8.273149 8.273149 1.000000
      vertex 7.122509 9.282234 1.000000
    endloop
  endfacet
  facet normal 0.000000 0.000000 1.000000
    outer loop
      vertex 7.609518 9.916917 0.000000
      vertex 5.850000 10.132497 0.000000
      vertex 7.122509 9.282234 0.000000
    endloop
  endfacet
  facet normal 0.000000 0.000000 1.000000
    outer loop
      vertex 7.609518 9.916917 0.000000
      vertex 6.250000 10.825318 0.000000
      vertex 5.850000 10.132497 0.000000
    endloop
  endfacet
  facet normal -0.000000 0.000000 -1.000000
    outer loop
      vertex 7.609518 9.916917 1.000000
      vertex 7.122509 9.282234 1.000000
      vertex 5.850000 10.132497 1.000000
    endloop
  endfacet
  facet normal 0.000000 0.000000 -1.000000
    outer loop
      vertex 7.609518 9.916917 1.000000
      vertex 5.850000 10.132497 1.000000
      vertex 6.250000 10.825318 1.000000
    endloop
  endfacet
  facet normal 0.555570 0.831470 0.000000
    outer loop
      vertex 7.609518 9.916917 0.000000
      vertex 6.250000 10.825318 0.000000
      vertex 6.250000 10.825318 1.000000
    endloop
  endfacet
  facet normal 0.555570 0.831470 -0.000000
    outer loop
      vertex 7.609518 9.916917 0.000000
      vertex 6.250000 10.825318 1.000000
      vertex 7.609518 9.916917 1.000000
    endloop
  endfacet
  facet normal -0.555570 -0.831470 0.000000
    outer loop
      vertex 7.122509 9.282234 0.000000
      vertex 5.850000 10.132497 1.000000
      vertex 5.850000 10.132497 0.000000
    endloop
  endfacet
  facet normal -0.555570 -0.831470 0.000000
    outer loop
      vertex 7.122509 9.282234 0.000000
      vertex 7.122509 9.282234 1.000000
      vertex 5.850000 10.132497 1.000000
    endloop
  endfacet
  facet normal 0.000000 0.000000 1.000000
    outer loop
      vertex 6.250000 10.825318 0.000000
      vertex 4.477396 10.809391 0.000000
      vertex 5.850000 10.132497 0.000000
    endloop
  endfacet
  facet normal 0.000000 0.000000 1.000000
    outer loop
      vertex 6.250000 10.825318 0.000000
      vertex 4.783543 11.548494 0.000000
      vertex 4.477396 10.809391 0.000000
    endloop
  endfacet
  facet normal 0.000000 0.000000 -1.000000
    outer loop
      vertex 6.250000 10.825318 1.000000
      vertex 5.850000 10.132497 1.000000
      vertex 4.477396 10.809391 1.000000
    endloop
  endfacet
  facet normal -0.000000 0.000000 -1.000000
    outer loop
      vertex 6.250000 10.825318 1.000000
      vertex 4.477396 10.809391 1.000000
      vertex 4.783543 11.548494 1.000000
    endloop
  endfacet
  facet normal 0.442289 0.896873 0.000000
    outer loop
      vertex 6.250000 10.825318 0.000000
      vertex 4.783543 11.548494 0.000000
      vertex 4.783543 11.548494 1.000000
    endloop
  endfacet
  facet normal 0.442289 0.896873 -0.000000
    outer loop
      vertex 6.250000 10.825318 0.000000
      vertex 4.783543 11.548494 1.000000
      vertex 6.250000 10.825318 1.000000
    endloop
  endfacet
  facet normal -0.442289 -0.896873 0.000000
    outer loop
      vertex 5.850000 10.132497 0.000000
      vertex 4.477396 10.809391 1.000000
      vertex 4.477396 10.809391 0.000000
    endloop
  endfacet
  facet normal -0.442289 -0.896873 0.000000
    outer loop
      vertex 5.850000 10.132497 0.000000
      vertex 5.850000 10.132497 1.000000
      vertex 4.477396 10.809391 1.000000
    endloop
  endfacet
  facet normal 0.000000 0.000000 1.000000
    outer loop
      vertex 4.783543 11.548494 0.000000
      vertex 3.028183 11.301332 0.000000
      vertex 4.477396 10.809391 0.000000
    endloop
  endfacet
  facet normal 0.000000 0.000000 1.000000
    outer loop
      vertex 4.783543 11.548494 0.000000
      vertex 3.235238 12.074073 0.000000
      vertex 3.028183 11.301332 0.000000
    endloop
  endfacet
  facet normal 0.000000 0.000000 -1.000000
    outer loop
      vertex 4.783543 11.548494 1.000000
      vertex 4.477396 10.809391 1.000000
      vertex 3.028183 11.301332 1.000000
    endloop
  endfacet
  facet normal -0.000000 0.000000 -1.000000
    outer loop
      vertex 4.783543 11.548494 1.000000
      vertex 3.028183 11.301332 1.000000
      vertex 3.235238 12.074073 1.000000
    endloop
  endfacet
  facet normal 0.321439 0.946930 0.000000
    outer loop
      vertex 4.783543 11.548494 0.000000
      vertex 3.235238 12.074073 0.000000
      vertex 3.235238 12.074073 1.000000
    endloop
  endfacet
  facet normal 0.321439 0.946930 -0.000000
    outer loop
      vertex 4.783543 11.548494 0.000000
      vertex 3.235238 12.074073 1.000000
      vertex 4.783543 11.548494 1.000000
    endloop
  endfacet
  facet normal -0.321439 -0.946930 0.000000
    outer loop
      vertex 4.477396 10.809391 0.000000
      vertex 3.028183 11.301332 1.000000
      vertex 3.028183 11.301332 0.000000
    endloop
  endfacet
  facet normal -0.321439 -0.946930 0.000000
    outer loop
      vertex 4.477396 10.809391 0.000000
      vertex 4.477396 10.809391 1.000000
      vertex 3.028183 11.301332 1.000000
    endloop
  endfacet
  facet normal 0.000000 0.000000 1.000000
    outer loop
      vertex 3.235238 12.074073 0.000000
      vertex 1.527156 11.599905 0.000000
      vertex 3.028183 11.301332 0.000000
    endloop
  endfacet
  facet normal 0.000000 0.000000 1.000000
    outer loop
      vertex 3.235238 12.074073 0.000000
      vertex 1.631577 12.393061 0.000000
      vertex 1.527156 11.599905 0.000000
    endloop
  endfacet
  facet normal 0.000000 0.000000 -1.000000
    outer loop
      vertex 3.235238 12.074073 1.000000
      vertex 3.028183 11.301332 1.000000
      vertex 1.527156 11.599905 1.000000
    endloop
  endfacet
  facet normal -0.000000 0.000000 -1.000000
    outer loop
      vertex 3.235238 12.074073 1.000000
      vertex 1.527156 11.599905 1.000000
      vertex 1.631577 12.393061 1.000000
    endloop
  endfacet
  facet normal 0.195090 0.980785 0.000000
    outer loop
      vertex 3.235238 12.074073 0.000000
      vertex 1.631577 12.393061 0.000000
      vertex 1.631577 12.393061 1.000000
    endloop
  endfacet
  facet normal 0.195090 0.980785 -0.000000
    outer loop
      vertex 3.235238 12.074073 0.000000
      vertex 1.631577 12.393061 1.000000
      vertex 3.235238 12.074073 1.000000
    endloop
  endfacet
  facet normal -0.195090 -0.980785 0.000000
    outer loop
      vertex 3.028183 11.301332 0.000000
      vertex 1.527156 11.599905 1.000000
      vertex 1.527156 11.599905 0.000000
    endloop
  endfacet
  facet normal -0.195090 -0.980785 0.000000
    outer loop
      vertex 3.028183 11.301332 0.000000
      vertex 3.028183 11.301332 1.000000
      vertex 1.527156 11.599905 1.000000
    endloop
  endfacet
  facet normal 0.000000 0.000000 1.000000
    outer loop
      vertex 1.631577 12.393061 0.000000
      vertex 0.000000 11.700000 0.000000
      vertex 1.527156 11.599905 0.000000
    endloop
  endfacet
  facet normal 0.000000 0.000000 1.000000
    outer loop
      vertex 1.631577 12.393061 0.000000
      vertex 0.000000 12.500000 0.000000
      vertex 0.000000 11.700000 0.000000
    endloop
  endfacet
  facet normal 0.000000 0.000000 -1.000000
    outer loop
      vertex 1.631577 12.393061 1.000000
      vertex 1.527156 11.599905 1.000000
      vertex 0.000000 11.700000 1.000000
    endloop
  endfacet
  facet normal -0.000000 0.000000 -1.000000
    outer loop
      vertex 1.631577 12.393061 1.000000
      vertex 0.000000 11.700000 1.000000
      vertex 0.000000 12.500000 1.000000
    endloop
  endfacet
  facet normal 0.065403 0.997859 0.000000
    outer loop
      vertex 1.631577 12.393061 0.000000
      vertex 0.000000 12.500000 0.000000
      vertex 0.000000 12.500000 1.000000
    endloop
  endfacet
  facet normal 0.065403 0.997859 -0.000000
    outer loop
      vertex 1.631577 12.393061 0.000000
      vertex 0.000000 12.500000 1.000000
      vertex 1.631577 12.393061 1.000000
    endloop
  endfacet
  facet normal -0.065403 -0.997859 0.000000
    outer loop
      vertex 1.527156 11.599905 0.000000
      vertex 0.000000 11.700000 1.000000
      vertex 0.000000 11.700000 0.000000
    endloop
  endfacet
  facet normal -0.065403 -0.997859 0.000000
    outer loop
      vertex 1.527156 11.599905 0.000000
      vertex 1.527156 11.599905 1.000000
      vertex 0.000000 11.700000 1.000000
    endloop
  endfacet
  facet normal 0.000000 0.000000 1.000000
    outer loop
      vertex 0.000000 12.500000 0.000000
      vertex -1.527156 11.599905 0.000000
      vertex 0.000000 11.700000 0.000000
    endloop
  endfacet
  facet normal 0.000000 0.000000 1.000000
    outer loop
      vertex 0.000000 12.500000 0.000000
      vertex -1.631577 12.393061 0.000000
      vertex -1.527156 11.599905 0.000000
    endloop
  endfacet
  facet normal 0.000000 0.000000 -1.000000
    outer loop
      vertex 0.000000 12.500000 1.000000
      vertex 0.000000 11.700000 1.000000
      vertex -1.527156 11.599905 1.000000
    endloop
  endfacet
  facet normal 0.000000 0.000000 -1.000000
    outer loop
      vertex 0.000000 12.500000 1.000000
      vertex -1.527156 11.599905 1.000000
      vertex -1.631577 12.393061 1.000000
    endloop
  endfacet
  facet normal -0.065403 0.997859 0.000000
    outer loop
      vertex 0.000000 12.500000 0.000000
      vertex -1.631577 12.393061 0.000000
      vertex -1.631577 12.393061 1.000000
    endloop
  endfacet
  facet normal -0.065403 0.997859 0.000000
    outer loop
      vertex 0.000000 12.500000 0.000000
      vertex -1.631577 12.393061 1.000000
      vertex 0.000000 12.500000 1.000000
    endloop
  endfacet
  facet normal 0.065403 -0.997859 0.000000
    outer loop
      vertex 0.000000 11.700000 0.000000
      vertex -1.527156 11.599905 1.000000
      vertex -1.527156 11.599905 0.000000
    endloop
  endfacet
  facet normal 0.065403 -0.997859 0.000000
    outer loop
      vertex 0.000000 11.700000 0.000000
      vertex 0.000000 11.700000 1.000000
      vertex -1.527156 11.599905 1.000000
    endloop
  endfacet
  facet normal 0.000000 0.000000 1.000000
    outer loop
      vertex -1.631577 12.393061 0.000000
      vertex -3.028183 11.301332 0.000000
      vertex -1.527156 11.599905 0.000000
    endloop
  endfacet
  facet normal 0.000000 0.000000 1.000000
    outer loop
      vertex -1.631577 12.393061 0.000000
      vertex -3.235238 12.074073 0.000000
      vertex -3.028183 11.301332 0.000000
    endloop
  endfacet
  facet normal 0.000000 -0.000000 -1.000000
    outer loop
      vertex -1.631577 12.393061 1.000000
      vertex -1.527156 11.599905 1.000000
      vertex -3.028183 11.301332 1.000000
    endloop
  endfacet
  facet normal 0.000000 0.000000 -1.000000
    outer loop
      vertex -1.631577 12.393061 1.000000
      vertex -3.028183 11.301332 1.000000
      vertex -3.235238 12.074073 1.000000
    endloop
  endfacet
  facet normal -0.195090 0.980785 0.000000
    outer loop
      vertex -1.631577 12.393061 0.000000
      vertex -3.235238 12.074073 0.000000
      vertex -3.235238 12.074073 1.000000
    endloop
  endfacet
  facet normal -0.195090 0.980785 0.000000
    outer loop
      vertex -1.631577 12.393061 0.000000
      vertex -3.235238 12.074073 1.000000
      vertex -1.631577 12.393061 1.000000
    endloop
  endfacet
  facet normal 0.195090 -0.980785 0.000000
    outer loop
      vertex -1.527156 11.599905 0.000000
      vertex -3.028183 11.301332 1.000000
      vertex -3.028183 11.301332 0.000000
    endloop
  endfacet
  facet normal 0.195090 -0.980785 0.000000
    outer loop
      vertex -1.527156 11.599905 0.000000
      vertex -1.527156 11.599905 1.000000
      vertex -3.028183 11.301332 1.000000
    endloop
  endfacet
  facet normal 0.000000 0.000000 1.000000
    outer loop
      vertex -3.235238 12.074073 0.000000
      vertex -4.477396 10.809391 0.000000
      vertex -3.028183 11.301332 0.000000
    endloop
  endfacet
  facet normal 0.000000 0.000000 1.000000
    outer loop
      vertex -3.235238 12.074073 0.000000
      vertex -4.783543 11.548494 0.000000
      vertex -4.477396 10.809391 0.000000
    endloop
  endfacet
  facet normal 0.000000 -0.000000 -1.000000
    outer loop
      vertex -3.235238 12.074073 1.000000
      vertex -3.028183 11.301332 1.000000
      vertex -4.477396 10.809391 1.000000
    endloop
  endfacet
  facet normal 0.000000 0.000000 -1.000000
    outer loop
      vertex -3.235238 12.074073 1.000000
      vertex -4.477396 10.809391 1.000000
      vertex -4.783543 11.548494 1.000000
    endloop
  endfacet
  facet normal -0.321439 0.946930 0.000000
    outer loop
      vertex -3.235238 12.074073 0.000000
      vertex -4.783543 11.548494 0.000000
      vertex -4.783543 11.548494 1.000000
    endloop
  endfacet
  facet normal -0.321439 0.946930 0.000000
    outer loop
      vertex -3.235238 12.074073 0.000000
      vertex -4.783543 11.548494 1.000000
      vertex -3.235238 12.074073 1.000000
    endloop
  endfacet
  facet normal 0.321439 -0.946930 0.000000
    outer loop
      vertex -3.028183 11.301332 0.000000
      vertex -4.477396 10.809391 1.000000
      vertex -4.477396 10.809391 0.000000
    endloop
  endfacet
  facet normal 0.321439 -0.946930 0.000000
    outer loop
      vertex -3.028183 11.301332 0.000000
      vertex -3.028183 11.301332 1.000000
      vertex -4.477396 10.809391 1.000000
    endloop
  endfacet
  facet normal 0.000000 0.000000 1.000000
    outer loop
      vertex -4.783543 11.548494 0.000000
      vertex -5.850000 10.132497 0.000000
      vertex -4.477396 10.809391 0.000000
    endloop
  endfacet
  facet normal 0.000000 0.000000 1.000000
    outer loop
      vertex -4.783543 11.548494 0.000000
      vertex -6.250000 10.825318 0.000000
      vertex -5.850000 10.132497 0.000000
    endloop
  endfacet
  facet normal 0.000000 -0.000000 -1.000000
    outer loop
      vertex -4.783543 11.548494 1.000000
      vertex -4.477396 10.809391 1.000000
      vertex -5.850000 10.132497 1.000000
    endloop
  endfacet
  facet normal 0.000000 0.000000 -1.000000
    outer loop
      vertex -4.783543 11.548494 1.000000
      vertex -5.850000 10.132497 1.000000
      vertex -6.250000 10.825318 1.000000
    endloop
  endfacet
  facet normal -0.442289 0.896873 0.000000
    outer loop
      vertex -4.783543 11.548494 0.000000
      vertex -6.250000 10.825318 0.000000
      vertex -6.250000 10.825318 1.000000
    endloop
  endfacet
  facet normal -0.442289 0.896873 0.000000
    outer loop
      vertex -4.783543 11.548494 0.000000
      vertex -6.250000 10.825318 1.000000
      vertex -4.783543 11.548494 1.000000
    endloop
  endfacet
  facet normal 0.442289 -0.896873 0.000000
    outer loop
      vertex -4.477396 10.809391 0.000000
      vertex -5.850000 10.132497 1.000000
      vertex -5.850000 10.132497 0.000000
    endloop
  endfacet
  facet normal 0.442289 -0.896873 0.000000
    outer loop
      vertex -4.477396 10.809391 0.000000
      vertex -4.477396 10.809391 1.000000
      vertex -5.850000 10.132497 1.000000
    endloop
  endfacet
  facet normal 0.000000 0.000000 1.000000
    outer loop
      vertex -6.250000 10.825318 0.000000
      vertex -7.122509 9.282234 0.000000
      vertex -5.850000 10.132497 0.000000
    endloop
  endfacet
  facet normal 0.000000 0.000000 1.000000
    outer loop
      vertex -6.250000 10.825318 0.000000
      vertex -7.609518 9.916917 0.000000
      vertex -7.122509 9.282234 0.000000
    endloop
  endfacet
  facet normal 0.000000 -0.000000 -1.000000
    outer loop
      vertex -6.250000 10.825318 1.000000
      vertex -5.850000 10.132497 1.000000
      vertex -7.122509 9.282234 1.000000
    endloop
  endfacet
  facet normal 0.000000 0.000000 -1.000000
    outer loop
      vertex -6.250000 10.825318 1.000000
      vertex -7.122509 9.282234 1.000000
      vertex -7.609518 9.916917 1.000000
    endloop
  endfacet
  facet normal -0.555570 0.831470 0.000000
    outer loop
      vertex -6.250000 10.825318 0.000000
      vertex -7.609518 9.916917 0.000000
      vertex -7.609518 9.916917 1.000000
    endloop
  endfacet
  facet normal -0.555570 0.831470 0.000000
    outer loop
      vertex -6.250000 10.825318 0.000000
      vertex -7.609518 9.916917 1.000000
      vertex -6.250000 10.825318 1.000000
    endloop
  endfacet
  facet normal 0.555570 -0.831470 0.000000
    outer loop
      vertex -5.850000 10.132497 0.000000
      vertex -7.122509 9.282234 1.000000
      vertex -7.122509 9.282234 0.000000
    endloop
  endfacet
  facet normal 0.555570 -0.831470 0.000000
    outer loop
      vertex -5.850000 10.132497 0.000000
      vertex -5.850000 10.132497 1.000000
      vertex -7.122509 9.282234 1.000000
    endloop
  endfacet
  facet normal 0.000000 0.000000 1.000000
    outer loop
      vertex -7.609518 9.916917 0.000000
      vertex -8.273149 8.273149 0.000000
      vertex -7.122509 9.282234 0.000000
    endloop
  endfacet
  facet normal 0.000000 0.000000 1.000000
    outer loop
      vertex -7.609518 9.916917 0.000000
      vertex -8.838835 8.838835 0.000000
      vertex -8.273149 8.273149 0.000000
    endloop
  endfacet
  facet normal 0.000000 -0.000000 -1.000000
    outer loop
      vertex -7.609518 9.916917 1.000000
      vertex -7.122509 9.282234 1.000000
      vertex -8.273149 8.273149 1.000000
    endloop
  endfacet
  facet normal 0.000000 0.000000 -1.000000
    outer loop
      vertex -7.609518 9.916917 1.000000
      vertex -8.273149 8.273149 1.000000
      vertex -8.838835 8.838835 1.000000
    endloop
  endfacet
  facet normal -0.659346 0.751840 0.000000
    outer loop
      vertex -7.609518 9.916917 0.000000
      vertex -8.838835 8.838835 0.000000
      vertex -8.838835 8.838835 1.000000
    endloop
  endfacet
  facet normal -0.659346 0.751840 0.000000
    outer loop
      vertex -7.609518 9.916917 0.000000
      vertex -8.838835 8.838835 1.000000
      vertex -7.609518 9.916917 1.000000
    endloop
  endfacet
  facet normal 0.659346 -0.751840 0.000000
    outer loop
      vertex -7.122509 9.282234 0.000000
      vertex -8.273149 8.273149 1.000000
      vertex -8.273149 8.273149 0.000000
    endloop
  endfacet
  facet normal 0.659346 -0.751840 0.000000
    outer loop
      vertex -7.122509 9.282234 0.000000
      vertex -7.122509 9.282234 1.000000
      vertex -8.273149 8.273149 1.000000
    endloop
  endfacet
  facet normal 0.000000 0.000000 1.000000
    outer loop
      vertex -8.838835 8.838835 0.000000
      vertex -9.282234 7.122509 0.000000
      vertex -8.273149 8.273149 0.000000
    endloop
  endfacet
  facet normal 0.000000 0.000000 1.000000
    outer loop
      vertex -8.838835 8.838835 0.000000
      vertex -9.916917 7.609518 0.000000
      vertex -9.282234 7.122509 0.000000
    endloop
  endfacet
  facet normal 0.000000 -0.000000 -1.000000
    outer loop
      vertex -8.838835 8.838835 1.000000
      vertex -8.273149 8.273149 1.000000
      vertex -9.282234 7.122509 1.000000
    endloop
  endfacet
  facet normal 0.000000 0.000000 -1.000000
    outer loop
      vertex -8.838835 8.838835 1.000000
      vertex -9.282234 7.122509 1.000000
      vertex -9.916917 7.609518 1.000000
    endloop
  endfacet
  facet normal -0.751840 0.659346 0.000000
    outer loop
      vertex -8.838835 8.838835 0.000000
      vertex -9.916917 7.609518 0.000000
      vertex -9.916917 7.609518 1.000000
    endloop
  endfacet
  facet normal -0.751840 0.659346 0.000000
    outer loop
      vertex -8.838835 8.838835 0.000000
      vertex -9.916917 7.609518 1.000000
      vertex -8.838835 8.838835 1.000000
    endloop
  endfacet
  facet normal 0.751840 -0.659346 0.000000
    outer loop
      vertex -8.273149 8.273149 0.000000
      vertex -9.282234 7.122509 1.000000
      vertex -9.282234 7.122509 0.000000
    endloop
  endfacet
  facet normal 0.751840 -0.659346 0.000000
    outer loop
      vertex -8.273149 8.273149 0.000000
      vertex -8.273149 8.273149 1.000000
      vertex -9.282234 7.122509 1.000000
    endloop
  endfacet
  facet normal 0.000000 0.000000 1.000000
    outer loop
      vertex -9.916917 7.609518 0.000000
      vertex -10.132497 5.850000 0.000000
      vertex -9.282234 7.122509 0.000000
    endloop
  endfacet
  facet normal 0.000000 0.000000 1.000000
    outer loop
      vertex -9.916917 7.609518 0.000000
      vertex -10.825318 6.250000 0.000000
      vertex -10.132497 5.850000 0.000000
    endloop
  endfacet
  facet normal 0.000000 -0.000000 -1.000000
    outer loop
      vertex -9.916917 7.609518 1.000000
      vertex -9.282234 7.122509 1.000000
      vertex -10.132497 5.850000 1.000000
    endloop
  endfacet
  facet normal 0.000000 0.000000 -1.000000
    outer loop
      vertex -9.916917 7.609518 1.000000
      vertex -10.132497 5.850000 1.000000
      vertex -10.825318 6.250000 1.000000
    endloop
  endfacet
  facet normal -0.831470 0.555570 0.000000
    outer loop
      vertex -9.916917 7.609518 0.000000
      vertex -10.825318 6.250000 0.000000
      vertex -10.825318 6.250000 1.000000
    endloop
  endfacet
  facet normal -0.831470 0.555570 0.000000
    outer loop
      vertex -9.916917 7.609518 0.000000
      vertex -10.825318 6.250000 1.000000
      vertex -9.916917 7.609518 1.000000
    endloop
  endfacet
  facet normal 0.831470 -0.555570 0.000000
    outer loop
      vertex -9.282234 7.122509 0.000000
      vertex -10.132497 5.850000 1.000000
      vertex -10.132497 5.850000 0.000000
    endloop
  endfacet
  facet normal 0.831470 -0.555570 0.000000
    outer loop
      vertex -9.282234 7.122509 0.000000
      vertex -9.282234 7.122509 1.000000
      vertex -10.132497 5.850000 1.000000
    endloop
  endfacet
  facet normal 0.000000 0.000000 1.000000
    outer loop
      vertex -10.825318 6.250000 0.000000
      vertex -10.809391 4.477396 0.000000
      vertex -10.132497 5.850000 0.000000
    endloop
  endfacet
  facet normal 0.000000 0.000000 1.000000
    outer loop
      vertex -10.825318 6.250000 0.000000
      vertex -11.548494 4.783543 0.000000
      vertex -10.809391 4.477396 0.000000
    endloop
  endfacet
  facet normal 0.000000 0.000000 -1.000000
    outer loop
      vertex -10.825318 6.250000 1.000000
      vertex -10.132497 5.850000 1.000000
      vertex -10.809391 4.477396 1.000000
    endloop
  endfacet
  facet normal 0.000000 -0.000000 -1.000000
    outer loop
      vertex -10.825318 6.250000 1.000000
      vertex -10.809391 4.477396 1.000000
      vertex -11.548494 4.783543 1.000000
    endloop
  endfacet
  facet normal -0.896873 0.442289 0.000000
    outer loop
      vertex -10.825318 6.250000 0.000000
      vertex -11.548494 4.783543 0.000000
      vertex -11.548494 4.783543 1.000000
    endloop
  endfacet
  facet normal -0.896873 0.442289 0.000000
    outer loop
      vertex -10.825318 6.250000 0.000000
      vertex -11.548494 4.783543 1.000000
      vertex -10.825318 6.250000 1.000000
    endloop
  endfacet
  facet normal 0.896873 -0.442289 0.000000
    outer loop
      vertex -10.132497 5.850000 0.000000
      vertex -10.809391 4.477396 1.000000
      vertex -10.809391 4.477396 0.000000
    endloop
  endfacet
  facet normal 0.896873 -0.442289 0.000000
    outer loop
      vertex -10.132497 5.850000 0.000000
      vertex -10.132497 5.850000 1.000000
      vertex -10.809391 4.477396 1.000000
    endloop
  endfacet
  facet normal 0.000000 0.000000 1.000000
    outer loop
      vertex -11.548494 4.783543 0.000000
      vertex -11.301332 3.028183 0.000000
      vertex -10.809391 4.477396 0.000000
    endloop
  endfacet
  facet normal 0.000000 0.000000 1.000000
    outer loop
      vertex -11.548494 4.783543 0.000000
      vertex -12.074073 3.235238 0.000000
      vertex -11.301332 3.028183 0.000000
    endloop
  endfacet
  facet normal 0.000000 0.000000 -1.000000
    outer loop
      vertex -11.548494 4.783543 1.000000
      vertex -10.809391 4.477396 1.000000
      vertex -11.301332 3.028183 1.000000
    endloop
  endfacet
  facet normal 0.000000 -0.000000 -1.000000
    outer loop
      vertex -11.548494 4.783543 1.000000
      vertex -11.301332 3.028183 1.000000
      vertex -12.074073 3.235238 1.000000
    endloop
  endfacet
  facet normal -0.946930 0.321439 0.000000
    outer loop
      vertex -11.548494 4.783543 0.000000
      vertex -12.074073 3.235238 0.000000
      vertex -12.074073 3.235238 1.000000
    endloop
  endfacet
  facet normal -0.946930 0.321439 0.000000
    outer loop
      vertex -11.548494 4.783543 0.000000
      vertex -12.074073 3.235238 1.000000
      vertex -11.548494 4.783543 1.000000
    endloop
  endfacet
  facet normal 0.946930 -0.321439 0.000000
    outer loop
      vertex -10.809391 4.477396 0.000000
      vertex -11.301332 3.028183 1.000000
      vertex -11.301332 3.028183 0.000000
    endloop
  endfacet
  facet normal 0.946930 -0.321439 0.000000
    outer loop
      vertex -10.809391 4.477396 0.000000
      vertex -10.809391 4.477396 1.000000
      vertex -11.301332 3.028183 1.000000
    endloop
  endfacet
  facet normal 0.000000 0.000000 1.000000
    outer loop
      vertex -12.074073 3.235238 0.000000
      vertex -11.599905 1.527156 0.000000
      vertex -11.301332 3.028183 0.000000
    endloop
  endfacet
  facet normal 0.000000 0.000000 1.000000
    outer loop
      vertex -12.074073 3.235238 0.000000
      vertex -12.393061 1.631577 0.000000
      vertex -11.599905 1.527156 0.000000
    endloop
  endfacet
  facet normal 0.000000 0.000000 -1.000000
    outer loop
      vertex -12.074073 3.235238 1.000000
      vertex -11.301332 3.028183 1.000000
      vertex -11.599905 1.527156 1.000000
    endloop
  endfacet
  facet normal 0.000000 -0.000000 -1.000000
    outer loop
      vertex -12.074073 3.235238 1.000000
      vertex -11.599905 1.527156 1.000000
      vertex -12.393061 1.631577 1.000000
    endloop
  endfacet
  facet normal -0.980785 0.195090 0.000000
    outer loop
      vertex -12.074073 3.235238 0.000000
      vertex -12.393061 1.631577 0.000000
      vertex -12.393061 1.631577 1.000000
    endloop
  endfacet
  facet normal -0.980785 0.195090 0.000000
    outer loop
      vertex -12.074073 3.235238 0.000000
      vertex -12.393061 1.631577 1.000000
      vertex -12.074073 3.235238 1.000000
    endloop
  endfacet
  facet normal 0.980785 -0.195090 0.000000
    outer loop
      vertex -11.301332 3.028183 0.000000
      vertex -11.599905 1.527156 1.000000
      vertex -11.599905 1.527156 0.000000
    endloop
  endfacet
  facet normal 0.980785 -0.195090 0.000000
    outer loop
      vertex -11.301332 3.028183 0.000000
      vertex -11.301332 3.028183 1.000000
      vertex -11.599905 1.527156 1.000000
    endloop
  endfacet
  facet normal 0.000000 0.000000 1.000000
    outer loop
      vertex -12.393061 1.631577 0.000000
      vertex -11.700000 0.000000 0.000000
      vertex -11.599905 1.527156 0.000000
    endloop
  endfacet
  facet normal 0.000000 0.000000 1.000000
    outer loop
      vertex -12.393061 1.631577 0.000000
      vertex -12.500000 0.000000 0.000000
      vertex -11.700000 0.000000 0.000000
    endloop
  endfacet
  facet normal 0.000000 0.000000 -1.000000
    outer loop
      vertex -12.393061 1.631577 1.000000
      vertex -11.599905 1.527156 1.000000
      vertex -11.700000 0.000000 1.000000
    endloop
  endfacet
  facet normal 0.000000 -0.000000 -1.000000
    outer loop
      vertex -12.393061 1.631577 1.000000
      vertex -11.700000 0.000000 1.000000
      vertex -12.500000 0.000000 1.000000
    endloop
  endfacet
  facet normal -0.997859 0.065403 0.000000
    outer loop
      vertex -12.393061 1.631577 0.000000
      vertex -12.500000 0.000000 0.000000
      vertex -12.500000 0.000000 1.000000
    endloop
  endfacet
  facet normal -0.997859 0.065403 0.000000
    outer loop
      vertex -12.393061 1.631577 0.000000
      vertex -12.500000 0.000000 1.000000
      vertex -12.393061 1.631577 1.000000
    endloop
  endfacet
  facet normal 0.997859 -0.065403 0.000000
    outer loop
      vertex -11.599905 1.527156 0.000000
      vertex -11.700000 0.000000 1.000000
      vertex -11.700000 0.000000 0.000000
    endloop
  endfacet
  facet normal 0.997859 -0.065403 0.000000
    outer loop
      vertex -11.599905 1.527156 0.000000
      vertex -11.599905 1.527156 1.000000
      vertex -11.700000 0.000000 1.000000
    endloop
  endfacet
  facet normal 0.000000 0.000000 1.000000
    outer loop
      vertex -12.500000 0.000000 0.000000
      vertex -11.599905 -1.527156 0.000000
      vertex -11.700000 0.000000 0.000000
    endloop
  endfacet
  facet normal 0.000000 0.000000 1.000000
    outer loop
      vertex -12.500000 0.000000 0.000000
      vertex -12.393061 -1.631577 0.000000
      vertex -11.599905 -1.527156 0.000000
    endloop
  endfacet
  facet normal 0.000000 0.000000 -1.000000
    outer loop
      vertex -12.500000 0.000000 1.000000
      vertex -11.700000 0.000000 1.000000
      vertex -11.599905 -1.527156 1.000000
    endloop
  endfacet
  facet normal 0.000000 0.000000 -1.000000
    outer loop
      vertex -12.500000 0.000000 1.000000
      vertex -11.599905 -1.527156 1.000000
      vertex -12.393061 -1.631577 1.000000
    endloop
  endfacet
  facet normal -0.997859 -0.065403 0.000000
    outer loop
      vertex -12.500000 0.000000 0.000000
      vertex -12.393061 -1.631577 0.000000
      vertex -12.393061 -1.631577 1.000000
    endloop
  endfacet
  facet normal -0.997859 -0.065403 0.000000
    outer loop
      vertex -12.500000 0.000000 0.000000
      vertex -12.393061 -1.631577 1.000000
      vertex -12.500000 0.000000 1.000000
    endloop
  endfacet
  facet normal 0.997859 0.065403 0.000000
    outer loop
      vertex -11.700000 0.000000 0.000000
      vertex -11.599905 -1.527156 1.000000
      vertex -11.599905 -1.527156 0.000000
    endloop
  endfacet
  facet normal 0.997859 0.065403 -0.000000
    outer loop
      vertex -11.700000 0.000000 0.000000
      vertex -11.700000 0.000000 1.000000
      vertex -11.599905 -1.527156 1.000000
    endloop
  endfacet
  facet normal -0.000000 0.000000 1.000000
    outer loop
      vertex -12.393061 -1.631577 0.000000
      vertex -11.301332 -3.028183 0.000000
      vertex -11.599905 -1.527156 0.000000
    endloop
  endfacet
  facet normal 0.000000 0.000000 1.000000
    outer loop
      vertex -12.393061 -1.631577 0.000000
      vertex -12.074073 -3.235238 0.000000
      vertex -11.301332 -3.028183 0.000000
    endloop
  endfacet
  facet normal 0.000000 0.000000 -1.000000
    outer loop
      vertex -12.393061 -1.631577 1.000000
      vertex -11.599905 -1.527156 1.000000
      vertex -11.301332 -3.028183 1.000000
    endloop
  endfacet
  facet normal 0.000000 0.000000 -1.000000
    outer loop
      vertex -12.393061 -1.631577 1.000000
      vertex -11.301332 -3.028183 1.000000
      vertex -12.074073 -3.235238 1.000000
    endloop
  endfacet
  facet normal -0.980785 -0.195090 0.000000
    outer loop
      vertex -12.393061 -1.631577 0.000000
      vertex -12.074073 -3.235238 0.000000
      vertex -12.074073 -3.235238 1.000000
    endloop
  endfacet
  facet normal -0.980785 -0.195090 0.000000
    outer loop
      vertex -12.393061 -1.631577 0.000000
      vertex -12.074073 -3.235238 1.000000
      vertex -12.393061 -1.631577 1.000000
    endloop
  endfacet
  facet normal 0.980785 0.195090 0.000000
    outer loop
      vertex -11.599905 -1.527156 0.000000
      vertex -11.301332 -3.028183 1.000000
      vertex -11.301332 -3.028183 0.000000
    endloop
  endfacet
  facet normal 0.980785 0.195090 -0.000000
    outer loop
      vertex -11.599905 -1.527156 0.000000
      vertex -11.599905 -1.527156 1.000000
      vertex -11.301332 -3.028183 1.000000
    endloop
  endfacet
  facet normal -0.000000 0.000000 1.000000
    outer loop
      vertex -12.074073 -3.235238 0.000000
      vertex -10.809391 -4.477396 0.000000
      vertex -11.301332 -3.028183 0.000000
    endloop
  endfacet
  facet normal 0.000000 0.000000 1.000000
    outer loop
      vertex -12.074073 -3.235238 0.000000
      vertex -11.548494 -4.783543 0.000000
      vertex -10.809391 -4.477396 0.000000
    endloop
  endfacet
  facet normal 0.000000 0.000000 -1.000000
    outer loop
      vertex -12.074073 -3.235238 1.000000
      vertex -11.301332 -3.028183 1.000000
      vertex -10.809391 -4.477396 1.000000
    endloop
  endfacet
  facet normal 0.000000 0.000000 -1.000000
    outer loop
      vertex -12.074073 -3.235238 1.000000
      vertex -10.809391 -4.477396 1.000000
      vertex -11.548494 -4.783543 1.000000
    endloop
  endfacet
  facet normal -0.946930 -0.321439 0.000000
    outer loop
      vertex -12.074073 -3.235238 0.000000
      vertex -11.548494 -4.783543 0.000000
      vertex -11.548494 -4.783543 1.000000
    endloop
  endfacet
  facet normal -0.946930 -0.321439 0.000000
    outer loop
      vertex -12.074073 -3.235238 0.000000
      vertex -11.548494 -4.783543 1.000000
      vertex -12.074073 -3.235238 1.000000
    endloop
  endfacet
  facet normal 0.946930 0.321439 0.000000
    outer loop
      vertex -11.301332 -3.028183 0.000000
      vertex -10.809391 -4.477396 1.000000
      vertex -10.809391 -4.477396 0.000000
    endloop
  endfacet
  facet normal 0.946930 0.321439 -0.000000
    outer loop
      vertex -11.301332 -3.028183 0.000000
      vertex -11.301332 -3.028183 1.000000
      vertex -10.809391 -4.477396 1.000000
    endloop
  endfacet
  facet normal -0.000000 0.000000 1.000000
    outer loop
      vertex -11.548494 -4.783543 0.000000
      vertex -10.132497 -5.850000 0.000000
      vertex -10.809391 -4.477396 0.000000
    endloop
  endfacet
  facet normal 0.000000 0.000000 1.000000
    outer loop
      vertex -11.548494 -4.783543 0.000000
      vertex -10.825318 -6.250000 0.000000
      vertex -10.132497 -5.850000 0.000000
    endloop
  endfacet
  facet normal 0.000000 0.000000 -1.000000
    outer loop
      vertex -11.548494 -4.783543 1.000000
      vertex -10.809391 -4.477396 1.000000
      vertex -10.132497 -5.850000 1.000000
    endloop
  endfacet
  facet normal 0.000000 0.000000 -1.000000
    outer loop
      vertex -11.548494 -4.783543 1.000000
      vertex -10.132497 -5.850000 1.000000
      vertex -10.825318 -6.250000 1.000000
    endloop
  endfacet
  facet normal -0.896873 -0.442289 0.000000
    outer loop
      vertex -11.548494 -4.783543 0.000000
      vertex -10.825318 -6.250000 0.000000
      vertex -10.825318 -6.250000 1.000000
    endloop
  endfacet
  facet normal -0.896873 -0.442289 0.000000
    outer loop
      vertex -11.548494 -4.783543 0.000000
      vertex -10.825318 -6.250000 1.000000
      vertex -11.548494 -4.783543 1.000000
    endloop
  endfacet
  facet normal 0.896873 0.442289 0.000000
    outer loop
      vertex -10.809391 -4.477396 0.000000
      vertex -10.132497 -5.850000 1.000000
      vertex -10.132497 -5.850000 0.000000
    endloop
  endfacet
  facet normal 0.896873 0.442289 -0.000000
    outer loop
      vertex -10.809391 -4.477396 0.000000
      vertex -10.809391 -4.477396 1.000000
      vertex -10.132497 -5.850000 1.000000
    endloop
  endfacet
  facet normal -0.000000 0.000000 1.000000
    outer loop
      vertex -10.825318 -6.250000 0.000000
      vertex -9.282234 -7.122509 0.000000
      vertex -10.132497 -5.850000 0.000000
    endloop
  endfacet
  facet normal 0.000000 0.000000 1.000000
    outer loop
      vertex -10.825318 -6.250000 0.000000
      vertex -9.916917 -7.609518 0.000000
      vertex -9.282234 -7.122509 0.000000
    endloop
  endfacet
  facet normal 0.000000 0.000000 -1.000000
    outer loop
      vertex -10.825318 -6.250000 1.000000
      vertex -10.132497 -5.850000 1.000000
      vertex -9.282234 -7.122509 1.000000
    endloop
  endfacet
  facet normal 0.000000 0.000000 -1.000000
    outer loop
      vertex -10.825318 -6.250000 1.000000
      vertex -9.282234 -7.122509 1.000000
      vertex -9.916917 -7.609518 1.000000
    endloop
  endfacet
  facet normal -0.831470 -0.555570 0.000000
    outer loop
      vertex -10.825318 -6.250000 0.000000
      vertex -9.916917 -7.609518 0.000000
      vertex -9.916917 -7.609518 1.000000
    endloop
  endfacet
  facet normal -0.831470 -0.555570 0.000000
    outer loop
      vertex -10.825318 -6.250000 0.000000
      vertex -9.916917 -7.609518 1.000000
      vertex -10.825318 -6.250000 1.000000
    endloop
  endfacet
  facet normal 0.831470 0.555570 0.000000
    outer loop
      vertex -10.132497 -5.850000 0.000000
      vertex -9.282234 -7.122509 1.000000
      vertex -9.282234 -7.122509 0.000000
    endloop
  endfacet
  facet normal 0.831470 0.555570 -0.000000
    outer loop
      vertex -10.132497 -5.850000 0.000000
      vertex -10.132497 -5.850000 1.000000
      vertex -9.282234 -7.122509 1.000000
    endloop
  endfacet
  facet normal -0.000000 0.000000 1.000000
    outer loop
      vertex -9.916917 -7.609518 0.000000
      vertex -8.273149 -8.273149 0.000000
      vertex -9.282234 -7.122509 0.000000
    endloop
  endfacet
  facet normal 0.000000 0.000000 1.000000
    outer loop
      vertex -9.916917 -7.609518 0.000000
      vertex -8.838835 -8.838835 0.000000
      vertex -8.273149 -8.273149 0.000000
    endloop
  endfacet
  facet normal 0.000000 0.000000 -1.000000
    outer loop
      vertex -9.916917 -7.609518 1.000000
      vertex -9.282234 -7.122509 1.000000
      vertex -8.273149 -8.273149 1.000000
    endloop
  endfacet
  facet normal 0.000000 0.000000 -1.000000
    outer loop
      vertex -9.916917 -7.609518 1.000000
      vertex -8.273149 -8.273149 1.000000
      vertex -8.838835 -8.838835 1.000000
    endloop
  endfacet
  facet normal -0.751840 -0.659346 0.000000
    outer loop
      vertex -9.916917 -7.609518 0.000000
      vertex -8.838835 -8.838835 0.000000
      vertex -8.838835 -8.838835 1.000000
    endloop
  endfacet
  facet normal -0.751840 -0.659346 0.000000
    outer loop
      vertex -9.916917 -7.609518 0.000000
      vertex -8.838835 -8.838835 1.000000
      vertex -9.916917 -7.609518 1.000000
    endloop
  endfacet
  facet normal 0.751840 0.659346 0.000000
    outer loop
      vertex -9.282234 -7.122509 0.000000
      vertex -8.273149 -8.273149 1.000000
      vertex -8.273149 -8.273149 0.000000
    endloop
  endfacet
  facet normal 0.751840 0.659346 -0.000000
    outer loop
      vertex -9.282234 -7.122509 0.000000
      vertex -9.282234 -7.122509 1.000000
      vertex -8.273149 -8.273149 1.000000
    endloop
  endfacet
  facet normal -0.000000 0.000000 1.000000
    outer loop
      vertex -8.838835 -8.838835 0.000000
      vertex -7.122509 -9.282234 0.000000
      vertex -8.273149 -8.273149 0.000000
    endloop
  endfacet
  facet normal 0.000000 0.000000 1.000000
    outer loop
      vertex -8.838835 -8.838835 0.000000
      vertex -7.609518 -9.916917 0.000000
      vertex -7.122509 -9.282234 0.000000
    endloop
  endfacet
  facet normal 0.000000 0.000000 -1.000000
    outer loop
      vertex -8.838835 -8.838835 1.000000
      vertex -8.273149 -8.273149 1.000000
      vertex -7.122509 -9.282234 1.000000
    endloop
  endfacet
  facet normal 0.000000 0.000000 -1.000000
    outer loop
      vertex -8.838835 -8.838835 1.000000
      vertex -7.122509 -9.282234 1.000000
      vertex -7.609518 -9.916917 1.000000
    endloop
  endfacet
  facet normal -0.659346 -0.751840 0.000000
    outer loop
      vertex -8.838835 -8.838835 0.000000
      vertex -7.609518 -9.916917 0.000000
      vertex -7.609518 -9.916917 1.000000
    endloop
  endfacet
  facet normal -0.659346 -0.751840 0.000000
    outer loop
      vertex -8.838835 -8.838835 0.000000
      vertex -7.609518 -9.916917 1.000000
      vertex -8.838835 -8.838835 1.000000
    endloop
  endfacet
  facet normal 0.659346 0.751840 0.000000
    outer loop
      vertex -8.273149 -8.273149 0.000000
      vertex -7.122509 -9.282234 1.000000
      vertex -7.122509 -9.282234 0.000000
    endloop
  endfacet
  facet normal 0.659346 0.751840 -0.000000
    outer loop
      vertex -8.273149 -8.273149 0.000000
      vertex -8.273149 -8.273149 1.000000
      vertex -7.122509 -9.282234 1.000000
    endloop
  endfacet
  facet normal -0.000000 0.000000 1.000000
    outer loop
      vertex -7.609518 -9.916917 0.000000
      vertex -5.850000 -10.132497 0.000000
      vertex -7.122509 -9.282234 0.000000
    endloop
  endfacet
  facet normal 0.000000 0.000000 1.000000
    outer loop
      vertex -7.609518 -9.916917 0.000000
      vertex -6.250000 -10.825318 0.000000
      vertex -5.850000 -10.132497 0.000000
    endloop
  endfacet
  facet normal 0.000000 0.000000 -1.000000
    outer loop
      vertex -7.609518 -9.916917 1.000000
      vertex -7.122509 -9.282234 1.000000
      vertex -5.850000 -10.132497 1.000000
    endloop
  endfacet
  facet normal 0.000000 0.000000 -1.000000
    outer loop
      vertex -7.609518 -9.916917 1.000000
      vertex -5.850000 -10.132497 1.000000
      vertex -6.250000 -10.825318 1.000000
    endloop
  endfacet
  facet normal -0.555570 -0.831470 0.000000
    outer loop
      vertex -7.609518 -9.916917 0.000000
      vertex -6.250000 -10.825318 0.000000
      vertex -6.250000 -10.825318 1.000000
    endloop
  endfacet
  facet normal -0.555570 -0.831470 0.000000
    outer loop
      vertex -7.609518 -9.916917 0.000000
      vertex -6.250000 -10.825318 1.000000
      vertex -7.609518 -9.916917 1.000000
    endloop
  endfacet
  facet normal 0.555570 0.831470 0.000000
    outer loop
      vertex -7.122509 -9.282234 0.000000
      vertex -5.850000 -10.132497 1.000000
      vertex -5.850000 -10.132497 0.000000
    endloop
  endfacet
  facet normal 0.555570 0.831470 -0.000000
    outer loop
      vertex -7.122509 -9.282234 0.000000
      vertex -7.122509 -9.282234 1.000000
      vertex -5.850000 -10.132497 1.000000
    endloop
  endfacet
  facet normal 0.000000 0.000000 1.000000
    outer loop
      vertex -6.250000 -10.825318 0.000000
      vertex -4.477396 -10.809391 0.000000
      vertex -5.850000 -10.132497 0.000000
    endloop
  endfacet
  facet normal -0.000000 0.000000 1.000000
    outer loop
      vertex -6.250000 -10.825318 0.000000
      vertex -4.783543 -11.548494 0.000000
      vertex -4.477396 -10.809391 0.000000
    endloop
  endfacet
  facet normal 0.000000 0.000000 -1.000000
    outer loop
      vertex -6.250000 -10.825318 1.000000
      vertex -5.850000 -10.132497 1.000000
      vertex -4.477396 -10.809391 1.000000
    endloop
  endfacet
  facet normal 0.000000 0.000000 -1.000000
    outer loop
      vertex -6.250000 -10.825318 1.000000
      vertex -4.477396 -10.809391 1.000000
      vertex -4.783543 -11.548494 1.000000
    endloop
  endfacet
  facet normal -0.442289 -0.896873 0.000000
    outer loop
      vertex -6.250000 -10.825318 0.000000
      vertex -4.783543 -11.548494 0.000000
      vertex -4.783543 -11.548494 1.000000
    endloop
  endfacet
  facet normal -0.442289 -0.896873 0.000000
    outer loop
      vertex -6.250000 -10.825318 0.000000
      vertex -4.783543 -11.548494 1.000000
      vertex -6.250000 -10.825318 1.000000
    endloop
  endfacet
  facet normal 0.442289 0.896873 0.000000
    outer loop
      vertex -5.850000 -10.132497 0.000000
      vertex -4.477396 -10.809391 1.000000
      vertex -4.477396 -10.809391 0.000000
    endloop
  endfacet
  facet normal 0.442289 0.896873 -0.000000
    outer loop
      vertex -5.850000 -10.132497 0.000000
      vertex -5.850000 -10.132497 1.000000
      vertex -4.477396 -10.809391 1.000000
    endloop
  endfacet
  facet normal 0.000000 0.000000 1.000000
    outer loop
      vertex -4.783543 -11.548494 0.000000
      vertex -3.028183 -11.301332 0.000000
      vertex -4.477396 -10.809391 0.000000
    endloop
  endfacet
  facet normal -0.000000 0.000000 1.000000
    outer loop
      vertex -4.783543 -11.548494 0.000000
      vertex -3.235238 -12.074073 0.000000
      vertex -3.028183 -11.301332 0.000000
    endloop
  endfacet
  facet normal 0.000000 0.000000 -1.000000
    outer loop
      vertex -4.783543 -11.548494 1.000000
      vertex -4.477396 -10.809391 1.000000
      vertex -3.028183 -11.301332 1.000000
    endloop
  endfacet
  facet normal 0.000000 0.000000 -1.000000
    outer loop
      vertex -4.783543 -11.548494 1.000000
      vertex -3.028183 -11.301332 1.000000
      vertex -3.235238 -12.074073 1.000000
    endloop
  endfacet
  facet normal -0.321439 -0.946930 0.000000
    outer loop
      vertex -4.783543 -11.548494 0.000000
      vertex -3.235238 -12.074073 0.000000
      vertex -3.235238 -12.074073 1.000000
    endloop
  endfacet
  facet normal -0.321439 -0.946930 0.000000
    outer loop
      vertex -4.783543 -11.548494 0.000000
      vertex -3.235238 -12.074073 1.000000
      vertex -4.783543 -11.548494 1.000000
    endloop
  endfacet
  facet normal 0.321439 0.946930 0.000000
    outer loop
      vertex -4.477396 -10.809391 0.000000
      vertex -3.028183 -11.301332 1.000000
      vertex -3.028183 -11.301332 0.000000
    endloop
  endfacet
  facet normal 0.321439 0.946930 -0.000000
    outer loop
      vertex -4.477396 -10.809391 0.000000
      vertex -4.477396 -10.809391 1.000000
      vertex -3.028183 -11.301332 1.000000
    endloop
  endfacet
  facet normal 0.000000 0.000000 1.000000
    outer loop
      vertex -3.235238 -12.074073 0.000000
      vertex -1.527156 -11.599905 0.000000
      vertex -3.028183 -11.301332 0.000000
    endloop
  endfacet
  facet normal -0.000000 0.000000 1.000000
    outer loop
      vertex -3.235238 -12.074073 0.000000
      vertex -1.631577 -12.393061 0.000000
      vertex -1.527156 -11.599905 0.000000
    endloop
  endfacet
  facet normal 0.000000 0.000000 -1.000000
    outer loop
      vertex -3.235238 -12.074073 1.000000
      vertex -3.028183 -11.301332 1.000000
      vertex -1.527156 -11.599905 1.000000
    endloop
  endfacet
  facet normal 0.000000 0.000000 -1.000000
    outer loop
      vertex -3.235238 -12.074073 1.000000
      vertex -1.527156 -11.599905 1.000000
      vertex -1.631577 -12.393061 1.000000
    endloop
  endfacet
  facet normal -0.195090 -0.980785 0.000000
    outer loop
      vertex -3.235238 -12.074073 0.000000
      vertex -1.631577 -12.393061 0.000000
      vertex -1.631577 -12.393061 1.000000
    endloop
  endfacet
  facet normal -0.195090 -0.980785 0.000000
    outer loop
      vertex -3.235238 -12.074073 0.000000
      vertex -1.631577 -12.393061 1.000000
      vertex -3.235238 -12.074073 1.000000
    endloop
  endfacet
  facet normal 0.195090 0.980785 0.000000
    outer loop
      vertex -3.028183 -11.301332 0.000000
      vertex -1.527156 -11.599905 1.000000
      vertex -1.527156 -11.599905 0.000000
    endloop
  endfacet
  facet normal 0.195090 0.980785 -0.000000
    outer loop
      vertex -3.028183 -11.301332 0.000000
      vertex -3.028183 -11.301332 1.000000
      vertex -1.527156 -11.599905 1.000000
    endloop
  endfacet
  facet normal 0.000000 0.000000 1.000000
    outer loop
      vertex -1.631577 -12.393061 0.000000
      vertex -0.000000 -11.700000 0.000000
      vertex -1.527156 -11.599905 0.000000
    endloop
  endfacet
  facet normal -0.000000 0.000000 1.000000
    outer loop
      vertex -1.631577 -12.393061 0.000000
      vertex -0.000000 -12.500000 0.000000
      vertex -0.000000 -11.700000 0.000000
    endloop
  endfacet
  facet normal 0.000000 0.000000 -1.000000
    outer loop
      vertex -1.631577 -12.393061 1.000000
      vertex -1.527156 -11.599905 1.000000
      vertex -0.000000 -11.700000 1.000000
    endloop
  endfacet
  facet normal 0.000000 0.000000 -1.000000
    outer loop
      vertex -1.631577 -12.393061 1.000000
      vertex -0.000000 -11.700000 1.000000
      vertex -0.000000 -12.500000 1.000000
    endloop
  endfacet
  facet normal -0.065403 -0.997859 0.000000
    outer loop
      vertex -1.631577 -12.393061 0.000000
      vertex -0.000000 -12.500000 0.000000
      vertex -0.000000 -12.500000 1.000000
    endloop
  endfacet
  facet normal -0.065403 -0.997859 0.000000
    outer loop
      vertex -1.631577 -12.393061 0.000000
      vertex -0.000000 -12.500000 1.000000
      vertex -1.631577 -12.393061 1.000000
    endloop
  endfacet
  facet normal 0.065403 0.997859 0.000000
    outer loop
      vertex -1.527156 -11.599905 0.000000
      vertex -0.000000 -11.700000 1.000000
      vertex -0.000000 -11.700000 0.000000
    endloop
  endfacet
  facet normal 0.065403 0.997859 -0.000000
    outer loop
      vertex -1.527156 -11.599905 0.000000
      vertex -1.527156 -11.599905 1.000000
      vertex -0.000000 -11.700000 1.000000
    endloop
  endfacet
  facet normal 0.000000 0.000000 1.000000
    outer loop
      vertex -0.000000 -12.500000 0.000000
      vertex 1.527156 -11.599905 0.000000
      vertex -0.000000 -11.700000 0.000000
    endloop
  endfacet
  facet normal 0.000000 0.000000 1.000000
    outer loop
      vertex -0.000000 -12.500000 0.000000
      vertex 1.631577 -12.393061 0.000000
      vertex 1.527156 -11.599905 0.000000
    endloop
  endfacet
  facet normal 0.000000 0.000000 -1.000000
    outer loop
      vertex -0.000000 -12.500000 1.000000
      vertex -0.000000 -11.700000 1.000000
      vertex 1.527156 -11.599905 1.000000
    endloop
  endfacet
  facet normal 0.000000 0.000000 -1.000000
    outer loop
      vertex -0.000000 -12.500000 1.000000
      vertex 1.527156 -11.599905 1.000000
      vertex 1.631577 -12.393061 1.000000
    endloop
  endfacet
  facet normal 0.065403 -0.997859 0.000000
    outer loop
      vertex -0.000000 -12.500000 0.000000
      vertex 1.631577 -12.393061 0.000000
      vertex 1.631577 -12.393061 1.000000
    endloop
  endfacet
  facet normal 0.065403 -0.997859 0.000000
    outer loop
      vertex -0.000000 -12.500000 0.000000
      vertex 1.631577 -12.393061 1.000000
      vertex -0.000000 -12.500000 1.000000
    endloop
  endfacet
  facet normal -0.065403 0.997859 0.000000
    outer loop
      vertex -0.000000 -11.700000 0.000000
      vertex 1.527156 -11.599905 1.000000
      vertex 1.527156 -11.599905 0.000000
    endloop
  endfacet
  facet normal -0.065403 0.997859 0.000000
    outer loop
      vertex -0.000000 -11.700000 0.000000
      vertex -0.000000 -11.700000 1.000000
      vertex 1.527156 -11.599905 1.000000
    endloop
  endfacet
  facet normal 0.000000 -0.000000 1.000000
    outer loop
      vertex 1.631577 -12.393061 0.000000
      vertex 3.028183 -11.301332 0.000000
      vertex 1.527156 -11.599905 0.000000
    endloop
  endfacet
  facet normal 0.000000 0.000000 1.000000
    outer loop
      vertex 1.631577 -12.393061 0.000000
      vertex 3.235238 -12.074073 0.000000
      vertex 3.028183 -11.301332 0.000000
    endloop
  endfacet
  facet normal 0.000000 0.000000 -1.000000
    outer loop
      vertex 1.631577 -12.393061 1.000000
      vertex 1.527156 -11.599905 1.000000
      vertex 3.028183 -11.301332 1.000000
    endloop
  endfacet
  facet normal 0.000000 0.000000 -1.000000
    outer loop
      vertex 1.631577 -12.393061 1.000000
      vertex 3.028183 -11.301332 1.000000
      vertex 3.235238 -12.074073 1.000000
    endloop
  endfacet
  facet normal 0.195090 -0.980785 0.000000
    outer loop
      vertex 1.631577 -12.393061 0.000000
      vertex 3.235238 -12.074073 0.000000
      vertex 3.235238 -12.074073 1.000000
    endloop
  endfacet
  facet normal 0.195090 -0.980785 0.000000
    outer loop
      vertex 1.631577 -12.393061 0.000000
      vertex 3.235238 -12.074073 1.000000
      vertex 1.631577 -12.393061 1.000000
    endloop
  endfacet
  facet normal -0.195090 0.980785 0.000000
    outer loop
      vertex 1.527156 -11.599905 0.000000
      vertex 3.028183 -11.301332 1.000000
      vertex 3.028183 -11.301332 0.000000
    endloop
  endfacet
  facet normal -0.195090 0.980785 0.000000
    outer loop
      vertex 1.527156 -11.599905 0.000000
      vertex 1.527156 -11.599905 1.000000
      vertex 3.028183 -11.301332 1.000000
    endloop
  endfacet
  facet normal 0.000000 -0.000000 1.000000
    outer loop
      vertex 3.235238 -12.074073 0.000000
      vertex 4.477396 -10.809391 0.000000
      vertex 3.028183 -11.301332 0.000000
    endloop
  endfacet
  facet normal 0.000000 0.000000 1.000000
    outer loop
      vertex 3.235238 -12.074073 0.000000
      vertex 4.783543 -11.548494 0.000000
      vertex 4.477396 -10.809391 0.000000
    endloop
  endfacet
  facet normal 0.000000 0.000000 -1.000000
    outer loop
      vertex 3.235238 -12.074073 1.000000
      vertex 3.028183 -11.301332 1.000000
      vertex 4.477396 -10.809391 1.000000
    endloop
  endfacet
  facet normal 0.000000 0.000000 -1.000000
    outer loop
      vertex 3.235238 -12.074073 1.000000
      vertex 4.477396 -10.809391 1.000000
      vertex 4.783543 -11.548494 1.000000
    endloop
  endfacet
  facet normal 0.321439 -0.946930 0.000000
    outer loop
      vertex 3.235238 -12.074073 0.000000
      vertex 4.783543 -11.548494 0.000000
      vertex 4.783543 -11.548494 1.000000
    endloop
  endfacet
  facet normal 0.321439 -0.946930 0.000000
    outer loop
      vertex 3.235238 -12.074073 0.000000
      vertex 4.783543 -11.548494 1.000000
      vertex 3.235238 -12.074073 1.000000
    endloop
  endfacet
  facet normal -0.321439 0.946930 0.000000
    outer loop
      vertex 3.028183 -11.301332 0.000000
      vertex 4.477396 -10.809391 1.000000
      vertex 4.477396 -10.809391 0.000000
    endloop
  endfacet
  facet normal -0.321439 0.946930 0.000000
    outer loop
      vertex 3.028183 -11.301332 0.000000
      vertex 3.028183 -11.301332 1.000000
      vertex 4.477396 -10.809391 1.000000
    endloop
  endfacet
  facet normal 0.000000 -0.000000 1.000000
    outer loop
      vertex 4.783543 -11.548494 0.000000
      vertex 5.850000 -10.132497 0.000000
      vertex 4.477396 -10.809391 0.000000
    endloop
  endfacet
  facet normal 0.000000 0.000000 1.000000
    outer loop
      vertex 4.783543 -11.548494 0.000000
      vertex 6.250000 -10.825318 0.000000
      vertex 5.850000 -10.132497 0.000000
    endloop
  endfacet
  facet normal 0.000000 0.000000 -1.000000
    outer loop
      vertex 4.783543 -11.548494 1.000000
      vertex 4.477396 -10.809391 1.000000
      vertex 5.850000 -10.132497 1.000000
    endloop
  endfacet
  facet normal 0.000000 0.000000 -1.000000
    outer loop
      vertex 4.783543 -11.548494 1.000000
      vertex 5.850000 -10.132497 1.000000
      vertex 6.250000 -10.825318 1.000000
    endloop
  endfacet
  facet normal 0.442289 -0.896873 0.000000
    outer loop
      vertex 4.783543 -11.548494 0.000000
      vertex 6.250000 -10.825318 0.000000
      vertex 6.250000 -10.825318 1.000000
    endloop
  endfacet
  facet normal 0.442289 -0.896873 0.000000
    outer loop
      vertex 4.783543 -11.548494 0.000000
      vertex 6.250000 -10.825318 1.000000
      vertex 4.783543 -11.548494 1.000000
    endloop
  endfacet
  facet normal -0.442289 0.896873 0.000000
    outer loop
      vertex 4.477396 -10.809391 0.000000
      vertex 5.850000 -10.132497 1.000000
      vertex 5.850000 -10.132497 0.000000
    endloop
  endfacet
  facet normal -0.442289 0.896873 0.000000
    outer loop
      vertex 4.477396 -10.809391 0.000000
      vertex 4.477396 -10.809391 1.000000
      vertex 5.850000 -10.132497 1.000000
    endloop
  endfacet
  facet normal 0.000000 -0.000000 1.000000
    outer loop
      vertex 6.250000 -10.825318 0.000000
      vertex 7.122509 -9.282234 0.000000
      vertex 5.850000 -10.132497 0.000000
    endloop
  endfacet
  facet normal 0.000000 0.000000 1.000000
    outer loop
      vertex 6.250000 -10.825318 0.000000
      vertex 7.609518 -9.916917 0.000000
      vertex 7.122509 -9.282234 0.000000
    endloop
  endfacet
  facet normal 0.000000 0.000000 -1.000000
    outer loop
      vertex 6.250000 -10.825318 1.000000
      vertex 5.850000 -10.132497 1.000000
      vertex 7.122509 -9.282234 1.000000
    endloop
  endfacet
  facet normal 0.000000 0.000000 -1.000000
    outer loop
      vertex 6.250000 -10.825318 1.000000
      vertex 7.122509 -9.282234 1.000000
      vertex 7.609518 -9.916917 1.000000
    endloop
  endfacet
  facet normal 0.555570 -0.831470 0.000000
    outer loop
      vertex 6.250000 -10.825318 0.000000
      vertex 7.609518 -9.916917 0.000000
      vertex 7.609518 -9.916917 1.000000
    endloop
  endfacet
  facet normal 0.555570 -0.831470 0.000000
    outer loop
      vertex 6.250000 -10.825318 0.000000
      vertex 7.609518 -9.916917 1.000000
      vertex 6.250000 -10.825318 1.000000
    endloop
  endfacet
  facet normal -0.555570 0.831470 0.000000
    outer loop
      vertex 5.850000 -10.132497 0.000000
      vertex 7.122509 -9.282234 1.000000
      vertex 7.122509 -9.282234 0.000000
    endloop
  endfacet
  facet normal -0.555570 0.831470 0.000000
    outer loop
      vertex 5.850000 -10.132497 0.000000
      vertex 5.850000 -10.132497 1.000000
      vertex 7.122509 -9.282234 1.000000
    endloop
  endfacet
  facet normal 0.000000 -0.000000 1.000000
    outer loop
      vertex 7.609518 -9.916917 0.000000
      vertex 8.273149 -8.273149 0.000000
      vertex 7.122509 -9.282234 0.000000
    endloop
  endfacet
  facet normal 0.000000 0.000000 1.000000
    outer loop
      vertex 7.609518 -9.916917 0.000000
      vertex 8.838835 -8.838835 0.000000
      vertex 8.273149 -8.273149 0.000000
    endloop
  endfacet
  facet normal 0.000000 0.000000 -1.000000
    outer loop
      vertex 7.609518 -9.916917 1.000000
      vertex 7.122509 -9.282234 1.000000
      vertex 8.273149 -8.273149 1.000000
    endloop
  endfacet
  facet normal 0.000000 0.000000 -1.000000
    outer loop
      vertex 7.609518 -9.916917 1.000000
      vertex 8.273149 -8.273149 1.000000
      vertex 8.838835 -8.838835 1.000000
    endloop
  endfacet
  facet normal 0.659346 -0.751840 0.000000
    outer loop
      vertex 7.609518 -9.916917 0.000000
      vertex 8.838835 -8.838835 0.000000
      vertex 8.838835 -8.838835 1.000000
    endloop
  endfacet
  facet normal 0.659346 -0.751840 0.000000
    outer loop
      vertex 7.609518 -9.916917 0.000000
      vertex 8.838835 -8.838835 1.000000
      vertex 7.609518 -9.916917 1.000000
    endloop
  endfacet
  facet normal -0.659346 0.751840 0.000000
    outer loop
      vertex 7.122509 -9.282234 0.000000
      vertex 8.273149 -8.273149 1.000000
      vertex 8.273149 -8.273149 0.000000
    endloop
  endfacet
  facet normal -0.659346 0.751840 0.000000
    outer loop
      vertex 7.122509 -9.282234 0.000000
      vertex 7.122509 -9.282234 1.000000
      vertex 8.273149 -8.273149 1.000000
    endloop
  endfacet
  facet normal 0.000000 -0.000000 1.000000
    outer loop
      vertex 8.838835 -8.838835 0.000000
      vertex 9.282234 -7.122509 0.000000
      vertex 8.273149 -8.273149 0.000000
    endloop
  endfacet
  facet normal 0.000000 0.000000 1.000000
    outer loop
      vertex 8.838835 -8.838835 0.000000
      vertex 9.916917 -7.609518 0.000000
      vertex 9.282234 -7.122509 0.000000
    endloop
  endfacet
  facet normal 0.000000 0.000000 -1.000000
    outer loop
      vertex 8.838835 -8.838835 1.000000
      vertex 8.273149 -8.273149 1.000000
      vertex 9.282234 -7.122509 1.000000
    endloop
  endfacet
  facet normal 0.000000 0.000000 -1.000000
    outer loop
      vertex 8.838835 -8.838835 1.000000
      vertex 9.282234 -7.122509 1.000000
      vertex 9.916917 -7.609518 1.000000
    endloop
  endfacet
  facet normal 0.751840 -0.659346 0.000000
    outer loop
      vertex 8.838835 -8.838835 0.000000
      vertex 9.916917 -7.609518 0.000000
      vertex 9.916917 -7.609518 1.000000
    endloop
  endfacet
  facet normal 0.751840 -0.659346 0.000000
    outer loop
      vertex 8.838835 -8.838835 0.000000
      vertex 9.916917 -7.609518 1.000000
      vertex 8.838835 -8.838835 1.000000
    endloop
  endfacet
  facet normal -0.751840 0.659346 0.000000
    outer loop
      vertex 8.273149 -8.273149 0.000000
      vertex 9.282234 -7.122509 1.000000
      vertex 9.282234 -7.122509 0.000000
    endloop
  endfacet
  facet normal -0.751840 0.659346 0.000000
    outer loop
      vertex 8.273149 -8.273149 0.000000
      vertex 8.273149 -8.273149 1.000000
      vertex 9.282234 -7.122509 1.000000
    endloop
  endfacet
  facet normal 0.000000 -0.000000 1.000000
    outer loop
      vertex 9.916917 -7.609518 0.000000
      vertex 10.132497 -5.850000 0.000000
      vertex 9.282234 -7.122509 0.000000
    endloop
  endfacet
  facet normal 0.000000 0.000000 1.000000
    outer loop
      vertex 9.916917 -7.609518 0.000000
      vertex 10.825318 -6.250000 0.000000
      vertex 10.132497 -5.850000 0.000000
    endloop
  endfacet
  facet normal 0.000000 0.000000 -1.000000
    outer loop
      vertex 9.916917 -7.609518 1.000000
      vertex 9.282234 -7.122509 1.000000
      vertex 10.132497 -5.850000 1.000000
    endloop
  endfacet
  facet normal 0.000000 0.000000 -1.000000
    outer loop
      vertex 9.916917 -7.609518 1.000000
      vertex 10.132497 -5.850000 1.000000
      vertex 10.825318 -6.250000 1.000000
    endloop
  endfacet
  facet normal 0.831470 -0.555570 0.000000
    outer loop
      vertex 9.916917 -7.609518 0.000000
      vertex 10.825318 -6.250000 0.000000
      vertex 10.825318 -6.250000 1.000000
    endloop
  endfacet
  facet normal 0.831470 -0.555570 0.000000
    outer loop
      vertex 9.916917 -7.609518 0.000000
      vertex 10.825318 -6.250000 1.000000
      vertex 9.916917 -7.609518 1.000000
    endloop
  endfacet
  facet normal -0.831470 0.555570 0.000000
    outer loop
      vertex 9.282234 -7.122509 0.000000
      vertex 10.132497 -5.850000 1.000000
      vertex 10.132497 -5.850000 0.000000
    endloop
  endfacet
  facet normal -0.831470 0.555570 0.000000
    outer loop
      vertex 9.282234 -7.122509 0.000000
      vertex 9.282234 -7.122509 1.000000
      vertex 10.132497 -5.850000 1.000000
    endloop
  endfacet
  facet normal 0.000000 0.000000 1.000000
    outer loop
      vertex 10.825318 -6.250000 0.000000
      vertex 10.809391 -4.477396 0.000000
      vertex 10.132497 -5.850000 0.000000
    endloop
  endfacet
  facet normal 0.000000 -0.000000 1.000000
    outer loop
      vertex 10.825318 -6.250000 0.000000
      vertex 11.548494 -4.783543 0.000000
      vertex 10.809391 -4.477396 0.000000
    endloop
  endfacet
  facet normal 0.000000 0.000000 -1.000000
    outer loop
      vertex 10.825318 -6.250000 1.000000
      vertex 10.132497 -5.850000 1.000000
      vertex 10.809391 -4.477396 1.000000
    endloop
  endfacet
  facet normal 0.000000 0.000000 -1.000000
    outer loop
      vertex 10.825318 -6.250000 1.000000
      vertex 10.809391 -4.477396 1.000000
      vertex 11.548494 -4.783543 1.000000
    endloop
  endfacet
  facet normal 0.896873 -0.442289 0.000000
    outer loop
      vertex 10.825318 -6.250000 0.000000
      vertex 11.548494 -4.783543 0.000000
      vertex 11.548494 -4.783543 1.000000
    endloop
  endfacet
  facet normal 0.896873 -0.442289 0.000000
    outer loop
      vertex 10.825318 -6.250000 0.000000
      vertex 11.548494 -4.783543 1.000000
      vertex 10.825318 -6.250000 1.000000
    endloop
  endfacet
  facet normal -0.896873 0.442289 0.000000
    outer loop
      vertex 10.132497 -5.850000 0.000000
      vertex 10.809391 -4.477396 1.000000
      vertex 10.809391 -4.477396 0.000000
    endloop
  endfacet
  facet normal -0.896873 0.442289 0.000000
    outer loop
      vertex 10.132497 -5.850000 0.000000
      vertex 10.132497 -5.850000 1.000000
      vertex 10.809391 -4.477396 1.000000
    endloop
  endfacet
  facet normal 0.000000 0.000000 1.000000
    outer loop
      vertex 11.548494 -4.783543 0.000000
      vertex 11.301332 -3.028183 0.000000
      vertex 10.809391 -4.477396 0.000000
    endloop
  endfacet
  facet normal 0.000000 -0.000000 1.000000
    outer loop
      vertex 11.548494 -4.783543 0.000000
      vertex 12.074073 -3.235238 0.000000
      vertex 11.301332 -3.028183 0.000000
    endloop
  endfacet
  facet normal 0.000000 0.000000 -1.000000
    outer loop
      vertex 11.548494 -4.783543 1.000000
      vertex 10.809391 -4.477396 1.000000
      vertex 11.301332 -3.028183 1.000000
    endloop
  endfacet
  facet normal 0.000000 0.000000 -1.000000
    outer loop
      vertex 11.548494 -4.783543 1.000000
      vertex 11.301332 -3.028183 1.000000
      vertex 12.074073 -3.235238 1.000000
    endloop
  endfacet
  facet normal 0.946930 -0.321439 0.000000
    outer loop
      vertex 11.548494 -4.783543 0.000000
      vertex 12.074073 -3.235238 0.000000
      vertex 12.074073 -3.235238 1.000000
    endloop
  endfacet
  facet normal 0.946930 -0.321439 0.000000
    outer loop
      vertex 11.548494 -4.783543 0.000000
      vertex 12.074073 -3.235238 1.000000
      vertex 11.548494 -4.783543 1.000000
    endloop
  endfacet
  facet normal -0.946930 0.321439 0.000000
    outer loop
      vertex 10.809391 -4.477396 0.000000
      vertex 11.301332 -3.028183 1.000000
      vertex 11.301332 -3.028183 0.000000
    endloop
  endfacet
  facet normal -0.946930 0.321439 0.000000
    outer loop
      vertex 10.809391 -4.477396 0.000000
      vertex 10.809391 -4.477396 1.000000
      vertex 11.301332 -3.028183 1.000000
    endloop
  endfacet
  facet normal 0.000000 0.000000 1.000000
    outer loop
      vertex 12.074073 -3.235238 0.000000
      vertex 11.599905 -1.527156 0.000000
      vertex 11.301332 -3.028183 0.000000
    endloop
  endfacet
  facet normal 0.000000 -0.000000 1.000000
    outer loop
      vertex 12.074073 -3.235238 0.000000
      vertex 12.393061 -1.631577 0.000000
      vertex 11.599905 -1.527156 0.000000
    endloop
  endfacet
  facet normal 0.000000 0.000000 -1.000000
    outer loop
      vertex 12.074073 -3.235238 1.000000
      vertex 11.301332 -3.028183 1.000000
      vertex 11.599905 -1.527156 1.000000
    endloop
  endfacet
  facet normal 0.000000 0.000000 -1.000000
    outer loop
      vertex 12.074073 -3.235238 1.000000
      vertex 11.599905 -1.527156 1.000000
      vertex 12.393061 -1.631577 1.000000
    endloop
  endfacet
  facet normal 0.980785 -0.195090 0.000000
    outer loop
      vertex 12.074073 -3.235238 0.000000
      vertex 12.393061 -1.631577 0.000000
      vertex 12.393061 -1.631577 1.000000
    endloop
  endfacet
  facet normal 0.980785 -0.195090 0.000000
    outer loop
      vertex 12.074073 -3.235238 0.000000
      vertex 12.393061 -1.631577 1.000000
      vertex 12.074073 -3.235238 1.000000
    endloop
  endfacet
  facet normal -0.980785 0.195090 0.000000
    outer loop
      vertex 11.301332 -3.028183 0.000000
      vertex 11.599905 -1.527156 1.000000
      vertex 11.599905 -1.527156 0.000000
    endloop
  endfacet
  facet normal -0.980785 0.195090 0.000000
    outer loop
      vertex 11.301332 -3.028183 0.000000
      vertex 11.301332 -3.028183 1.000000
      vertex 11.599905 -1.527156 1.000000
    endloop
  endfacet
  facet normal 0.000000 0.000000 1.000000
    outer loop
      vertex 12.393061 -1.631577 0.000000
      vertex 11.700000 -0.000000 0.000000
      vertex 11.599905 -1.527156 0.000000
    endloop
  endfacet
  facet normal 0.000000 -0.000000 1.000000
    outer loop
      vertex 12.393061 -1.631577 0.000000
      vertex 12.500000 -0.000000 0.000000
      vertex 11.700000 -0.000000 0.000000
    endloop
  endfacet
  facet normal 0.000000 0.000000 -1.000000
    outer loop
      vertex 12.393061 -1.631577 1.000000
      vertex 11.599905 -1.527156 1.000000
      vertex 11.700000 -0.000000 1.000000
    endloop
  endfacet
  facet normal 0.000000 0.000000 -1.000000
    outer loop
      vertex 12.393061 -1.631577 1.000000
      vertex 11.700000 -0.000000 1.000000
      vertex 12.500000 -0.000000 1.000000
    endloop
  endfacet
  facet normal 0.997859 -0.065403 0.000000
    outer loop
      vertex 12.393061 -1.631577 0.000000
      vertex 12.500000 -0.000000 0.000000
      vertex 12.500000 -0.000000 1.000000
    endloop
  endfacet
  facet normal 0.997859 -0.065403 0.000000
    outer loop
      vertex 12.393061 -1.631577 0.000000
      vertex 12.500000 -0.000000 1.000000
      vertex 12.393061 -1.631577 1.000000
    endloop
  endfacet
  facet normal -0.997859 0.065403 0.000000
    outer loop
      vertex 11.599905 -1.527156 0.000000
      vertex 11.700000 -0.000000 1.000000
      vertex 11.700000 -0.000000 0.000000
    endloop
  endfacet
  facet normal -0.997859 0.065403 0.000000
    outer loop
      vertex 11.599905 -1.527156 0.000000
      vertex 11.599905 -1.527156 1.000000
      vertex 11.700000 -0.000000 1.000000
    endloop
  endfacet
  facet normal -0.206090 0.975900 0.071739
    outer loop
      vertex 9.000000 3.500000 0.500000
      vertex 8.188830 3.328698 0.500000
      vertex 8.250577 3.328698 0.677384
    endloop
  endfacet
  facet normal 0.000000 0.000000 1.000000
    outer loop
      vertex 9.000000 3.500000 0.500000
      vertex 8.250577 3.328698 0.677384
      vertex 9.000000 3.500000 0.500000
    endloop
  endfacet
  facet normal -0.172601 0.964093 0.201824
    outer loop
      vertex 9.000000 3.500000 0.500000
      vertex 8.250577 3.328698 0.677384
      vertex 8.426416 3.328698 0.827762
    endloop
  endfacet
  facet normal 0.000000 0.000000 1.000000
    outer loop
      vertex 9.000000 3.500000 0.500000
      vertex 8.426416 3.328698 0.827762
      vertex 9.000000 3.500000 0.500000
    endloop
  endfacet
  facet normal -0.113416 0.948105 0.297042
    outer loop
      vertex 9.000000 3.500000 0.500000
      vertex 8.426416 3.328698 0.827762
      vertex 8.689579 3.328698 0.928242
    endloop
  endfacet
  facet normal 0.000000 0.000000 1.000000
    outer loop
      vertex 9.000000 3.500000 0.500000
      vertex 8.689579 3.328698 0.928242
      vertex 9.000000 3.500000 0.500000
    endloop
  endfacet
  facet normal -0.039371 0.937268 0.346380
    outer loop
      vertex 9.000000 3.500000 0.500000
      vertex 8.689579 3.328698 0.928242
      vertex 9.000000 3.328698 0.963525
    endloop
  endfacet
  facet normal 0.000000 0.000000 1.000000
    outer loop
      vertex 9.000000 3.500000 0.500000
      vertex 9.000000 3.328698 0.963525
      vertex 9.000000 3.500000 0.500000
    endloop
  endfacet
  facet normal 0.039371 0.937268 0.346380
    outer loop
      vertex 9.000000 3.500000 0.500000
      vertex 9.000000 3.328698 0.963525
      vertex 9.310421 3.328698 0.928242
    endloop
  endfacet
  facet normal 0.000000 0.000000 1.000000
    outer loop
      vertex 9.000000 3.500000 0.500000
      vertex 9.310421 3.328698 0.928242
      vertex 9.000000 3.500000 0.500000
    endloop
  endfacet
  facet normal 0.113416 0.948105 0.297042
    outer loop
      vertex 9.000000 3.500000 0.500000
      vertex 9.310421 3.328698 0.928242
      vertex 9.573584 3.328698 0.827762
    endloop
  endfacet
  facet normal 0.000000 0.000000 1.000000
    outer loop
      vertex 9.000000 3.500000 0.500000
      vertex 9.573584 3.328698 0.827762
      vertex 9.000000 3.500000 0.500000
    endloop
  endfacet
  facet normal 0.172601 0.964093 0.201824
    outer loop
      vertex 9.000000 3.500000 0.500000
      vertex 9.573584 3.328698 0.827762
      vertex 9.749423 3.328698 0.677384
    endloop
  endfacet
  facet normal 0.000000 0.000000 1.000000
    outer loop
      vertex 9.000000 3.500000 0.500000
      vertex 9.749423 3.328698 0.677384
      vertex 9.000000 3.500000 0.500000
    endloop
  endfacet
  facet normal 0.206090 0.975900 0.071739
    outer loop
      vertex 9.000000 3.500000 0.500000
      vertex 9.749423 3.328698 0.677384
      vertex 9.811170 3.328698 0.500000
    endloop
  endfacet
  facet normal 0.000000 0.000000 1.000000
    outer loop
      vertex 9.000000 3.500000 0.500000
      vertex 9.811170 3.328698 0.500000
      vertex 9.000000 3.500000 0.500000
    endloop
  endfacet
  facet normal -0.551500 0.811784 0.191975
    outer loop
      vertex 8.188830 3.328698 0.500000
      vertex 7.457064 2.831559 0.500000
      vertex 7.574513 2.831559 0.837404
    endloop
  endfacet
  facet normal -0.551500 0.811784 0.191975
    outer loop
      vertex 8.188830 3.328698 0.500000
      vertex 7.574513 2.831559 0.837404
      vertex 8.250577 3.328698 0.677384
    endloop
  endfacet
  facet normal -0.431050 0.748430 0.504033
    outer loop
      vertex 8.250577 3.328698 0.677384
      vertex 7.574513 2.831559 0.837404
      vertex 7.908979 2.831559 1.123440
    endloop
  endfacet
  facet normal -0.431050 0.748430 0.504033
    outer loop
      vertex 8.250577 3.328698 0.677384
      vertex 7.908979 2.831559 1.123440
      vertex 8.426416 3.328698 0.827762
    endloop
  endfacet
  facet normal -0.261605 0.679793 0.685160
    outer loop
      vertex 8.426416 3.328698 0.827762
      vertex 7.908979 2.831559 1.123440
      vertex 8.409544 2.831559 1.314564
    endloop
  endfacet
  facet normal -0.261605 0.679793 0.685160
    outer loop
      vertex 8.426416 3.328698 0.827762
      vertex 8.409544 2.831559 1.314564
      vertex 8.689579 3.328698 0.928242
    endloop
  endfacet
  facet normal -0.086658 0.641272 0.762404
    outer loop
      vertex 8.689579 3.328698 0.928242
      vertex 8.409544 2.831559 1.314564
      vertex 9.000000 2.831559 1.381678
    endloop
  endfacet
  facet normal -0.086658 0.641272 0.762404
    outer loop
      vertex 8.689579 3.328698 0.928242
      vertex 9.000000 2.831559 1.381678
      vertex 9.000000 3.328698 0.963525
    endloop
  endfacet
  facet normal 0.086658 0.641272 0.762404
    outer loop
      vertex 9.000000 3.328698 0.963525
      vertex 9.000000 2.831559 1.381678
      vertex 9.590456 2.831559 1.314564
    endloop
  endfacet
  facet normal 0.086658 0.641272 0.762404
    outer loop
      vertex 9.000000 3.328698 0.963525
      vertex 9.590456 2.831559 1.314564
      vertex 9.310421 3.328698 0.928242
    endloop
  endfacet
  facet normal 0.261605 0.679793 0.685160
    outer loop
      vertex 9.310421 3.328698 0.928242
      vertex 9.590456 2.831559 1.314564
      vertex 10.091021 2.831559 1.123440
    endloop
  endfacet
  facet normal 0.261605 0.679793 0.685160
    outer loop
      vertex 9.310421 3.328698 0.928242
      vertex 10.091021 2.831559 1.123440
      vertex 9.573584 3.328698 0.827762
    endloop
  endfacet
  facet normal 0.431050 0.748430 0.504033
    outer loop
      vertex 9.573584 3.328698 0.827762
      vertex 10.091021 2.831559 1.123440
      vertex 10.425487 2.831559 0.837404
    endloop
  endfacet
  facet normal 0.431050 0.748430 0.504033
    outer loop
      vertex 9.573584 3.328698 0.827762
      vertex 10.425487 2.831559 0.837404
      vertex 9.749423 3.328698 0.677384
    endloop
  endfacet
  facet normal 0.551500 0.811784 0.191975
    outer loop
      vertex 9.749423 3.328698 0.677384
      vertex 10.425487 2.831559 0.837404
      vertex 10.542936 2.831559 0.500000
    endloop
  endfacet
  facet normal 0.551500 0.811784 0.191975
    outer loop
      vertex 9.749423 3.328698 0.677384
      vertex 10.542936 2.831559 0.500000
      vertex 9.811170 3.328698 0.500000
    endloop
  endfacet
  facet normal -0.770675 0.578006 0.268269
    outer loop
      vertex 7.457064 2.831559 0.500000
      vertex 6.876330 2.057248 0.500000
      vertex 7.037985 2.057248 0.964396
    endloop
  endfacet
  facet normal -0.770675 0.578006 0.268269
    outer loop
      vertex 7.457064 2.831559 0.500000
      vertex 7.037985 2.057248 0.964396
      vertex 7.574513 2.831559 0.837404
    endloop
  endfacet
  facet normal -0.563440 0.498467 0.658837
    outer loop
      vertex 7.574513 2.831559 0.837404
      vertex 7.037985 2.057248 0.964396
      vertex 7.498339 2.057248 1.358092
    endloop
  endfacet
  facet normal -0.563440 0.498467 0.658837
    outer loop
      vertex 7.574513 2.831559 0.837404
      vertex 7.498339 2.057248 1.358092
      vertex 7.908979 2.831559 1.123440
    endloop
  endfacet
  facet normal -0.322538 0.427049 0.844747
    outer loop
      vertex 7.908979 2.831559 1.123440
      vertex 7.498339 2.057248 1.358092
      vertex 8.187307 2.057248 1.621151
    endloop
  endfacet
  facet normal -0.322538 0.427049 0.844747
    outer loop
      vertex 7.908979 2.831559 1.123440
      vertex 8.187307 2.057248 1.621151
      vertex 8.409544 2.831559 1.314564
    endloop
  endfacet
  facet normal -0.103908 0.391787 0.914170
    outer loop
      vertex 8.409544 2.831559 1.314564
      vertex 8.187307 2.057248 1.621151
      vertex 9.000000 2.057248 1.713525
    endloop
  endfacet
  facet normal -0.103908 0.391787 0.914170
    outer loop
      vertex 8.409544 2.831559 1.314564
      vertex 9.000000 2.057248 1.713525
      vertex 9.000000 2.831559 1.381678
    endloop
  endfacet
  facet normal 0.103908 0.391787 0.914170
    outer loop
      vertex 9.000000 2.831559 1.381678
      vertex 9.000000 2.057248 1.713525
      vertex 9.812693 2.057248 1.621151
    endloop
  endfacet
  facet normal 0.103908 0.391787 0.914170
    outer loop
      vertex 9.000000 2.831559 1.381678
      vertex 9.812693 2.057248 1.621151
      vertex 9.590456 2.831559 1.314564
    endloop
  endfacet
  facet normal 0.322538 0.427049 0.844747
    outer loop
      vertex 9.590456 2.831559 1.314564
      vertex 9.812693 2.057248 1.621151
      vertex 10.501661 2.057248 1.358092
    endloop
  endfacet
  facet normal 0.322538 0.427049 0.844747
    outer loop
      vertex 9.590456 2.831559 1.314564
      vertex 10.501661 2.057248 1.358092
      vertex 10.091021 2.831559 1.123440
    endloop
  endfacet
  facet normal 0.563440 0.498467 0.658837
    outer loop
      vertex 10.091021 2.831559 1.123440
      vertex 10.501661 2.057248 1.358092
      vertex 10.962015 2.057248 0.964396
    endloop
  endfacet
  facet normal 0.563440 0.498467 0.658837
    outer loop
      vertex 10.091021 2.831559 1.123440
      vertex 10.962015 2.057248 0.964396
      vertex 10.425487 2.831559 0.837404
    endloop
  endfacet
  facet normal 0.770675 0.578006 0.268269
    outer loop
      vertex 10.425487 2.831559 0.837404
      vertex 10.962015 2.057248 0.964396
      vertex 11.123670 2.057248 0.500000
    endloop
  endfacet
  facet normal 0.770675 0.578006 0.268269
    outer loop
      vertex 10.425487 2.831559 0.837404
      vertex 11.123670 2.057248 0.500000
      vertex 10.542936 2.831559 0.500000
    endloop
  endfacet
  facet normal -0.888334 0.339472 0.309226
    outer loop
      vertex 6.876330 2.057248 0.500000
      vertex 6.503477 1.081559 0.500000
      vertex 6.693513 1.081559 1.045930
    endloop
  endfacet
  facet normal -0.888334 0.339472 0.309226
    outer loop
      vertex 6.876330 2.057248 0.500000
      vertex 6.693513 1.081559 1.045930
      vertex 7.037985 2.057248 0.964396
    endloop
  endfacet
  facet normal -0.623724 0.281156 0.729328
    outer loop
      vertex 7.037985 2.057248 0.964396
      vertex 6.693513 1.081559 1.045930
      vertex 7.234691 1.081559 1.508748
    endloop
  endfacet
  facet normal -0.623724 0.281156 0.729328
    outer loop
      vertex 7.037985 2.057248 0.964396
      vertex 7.234691 1.081559 1.508748
      vertex 7.498339 2.057248 1.358092
    endloop
  endfacet
  facet normal -0.346800 0.233960 0.908291
    outer loop
      vertex 7.498339 2.057248 1.358092
      vertex 7.234691 1.081559 1.508748
      vertex 8.044622 1.081559 1.817992
    endloop
  endfacet
  facet normal -0.346800 0.233960 0.908291
    outer loop
      vertex 7.498339 2.057248 1.358092
      vertex 8.044622 1.081559 1.817992
      vertex 8.187307 2.057248 1.621151
    endloop
  endfacet
  facet normal -0.110369 0.212037 0.971009
    outer loop
      vertex 8.187307 2.057248 1.621151
      vertex 8.044622 1.081559 1.817992
      vertex 9.000000 1.081559 1.926585
    endloop
  endfacet
  facet normal -0.110369 0.212037 0.971009
    outer loop
      vertex 8.187307 2.057248 1.621151
      vertex 9.000000 1.081559 1.926585
      vertex 9.000000 2.057248 1.713525
    endloop
  endfacet
  facet normal 0.110369 0.212037 0.971009
    outer loop
      vertex 9.000000 2.057248 1.713525
      vertex 9.000000 1.081559 1.926585
      vertex 9.955378 1.081559 1.817992
    endloop
  endfacet
  facet normal 0.110369 0.212037 0.971009
    outer loop
      vertex 9.000000 2.057248 1.713525
      vertex 9.955378 1.081559 1.817992
      vertex 9.812693 2.057248 1.621151
    endloop
  endfacet
  facet normal 0.346800 0.233960 0.908291
    outer loop
      vertex 9.812693 2.057248 1.621151
      vertex 9.955378 1.081559 1.817992
      vertex 10.765309 1.081559 1.508748
    endloop
  endfacet
  facet normal 0.346800 0.233960 0.908291
    outer loop
      vertex 9.812693 2.057248 1.621151
      vertex 10.765309 1.081559 1.508748
      vertex 10.501661 2.057248 1.358092
    endloop
  endfacet
  facet normal 0.623724 0.281156 0.729328
    outer loop
      vertex 10.501661 2.057248 1.358092
      vertex 10.765309 1.081559 1.508748
      vertex 11.306487 1.081559 1.045930
    endloop
  endfacet
  facet normal 0.623724 0.281156 0.729328
    outer loop
      vertex 10.501661 2.057248 1.358092
      vertex 11.306487 1.081559 1.045930
      vertex 10.962015 2.057248 0.964396
    endloop
  endfacet
  facet normal 0.888334 0.339472 0.309226
    outer loop
      vertex 10.962015 2.057248 0.964396
      vertex 11.306487 1.081559 1.045930
      vertex 11.496523 1.081559 0.500000
    endloop
  endfacet
  facet normal 0.888334 0.339472 0.309226
    outer loop
      vertex 10.962015 2.057248 0.964396
      vertex 11.496523 1.081559 0.500000
      vertex 11.123670 2.057248 0.500000
    endloop
  endfacet
  facet normal -0.938530 0.111486 0.326699
    outer loop
      vertex 6.503477 1.081559 0.500000
      vertex 6.375000 0.000000 0.500000
      vertex 6.574816 0.000000 1.074025
    endloop
  endfacet
  facet normal -0.938530 0.111486 0.326699
    outer loop
      vertex 6.503477 1.081559 0.500000
      vertex 6.574816 0.000000 1.074025
      vertex 6.693513 1.081559 1.045930
    endloop
  endfacet
  facet normal -0.647263 0.090695 0.756852
    outer loop
      vertex 6.693513 1.081559 1.045930
      vertex 6.574816 0.000000 1.074025
      vertex 7.143845 0.000000 1.560660
    endloop
  endfacet
  facet normal -0.647263 0.090695 0.756852
    outer loop
      vertex 6.693513 1.081559 1.045930
      vertex 7.143845 0.000000 1.560660
      vertex 7.234691 1.081559 1.508748
    endloop
  endfacet
  facet normal -0.355706 0.074593 0.931616
    outer loop
      vertex 7.234691 1.081559 1.508748
      vertex 7.143845 0.000000 1.560660
      vertex 7.995456 0.000000 1.885819
    endloop
  endfacet
  facet normal -0.355706 0.074593 0.931616
    outer loop
      vertex 7.234691 1.081559 1.508748
      vertex 7.995456 0.000000 1.885819
      vertex 8.044622 1.081559 1.817992
    endloop
  endfacet
  facet normal -0.112681 0.067292 0.991350
    outer loop
      vertex 8.044622 1.081559 1.817992
      vertex 7.995456 0.000000 1.885819
      vertex 9.000000 0.000000 2.000000
    endloop
  endfacet
  facet normal -0.112681 0.067292 0.991350
    outer loop
      vertex 8.044622 1.081559 1.817992
      vertex 9.000000 0.000000 2.000000
      vertex 9.000000 1.081559 1.926585
    endloop
  endfacet
  facet normal 0.112681 0.067292 0.991350
    outer loop
      vertex 9.000000 1.081559 1.926585
      vertex 9.000000 0.000000 2.000000
      vertex 10.004544 0.000000 1.885819
    endloop
  endfacet
  facet normal 0.112681 0.067292 0.991350
    outer loop
      vertex 9.000000 1.081559 1.926585
      vertex 10.004544 0.000000 1.885819
      vertex 9.955378 1.081559 1.817992
    endloop
  endfacet
  facet normal 0.355706 0.074593 0.931616
    outer loop
      vertex 9.955378 1.081559 1.817992
      vertex 10.004544 0.000000 1.885819
      vertex 10.856155 0.000000 1.560660
    endloop
  endfacet
  facet normal 0.355706 0.074593 0.931616
    outer loop
      vertex 9.955378 1.081559 1.817992
      vertex 10.856155 0.000000 1.560660
      vertex 10.765309 1.081559 1.508748
    endloop
  endfacet
  facet normal 0.647263 0.090695 0.756852
    outer loop
      vertex 10.765309 1.081559 1.508748
      vertex 10.856155 0.000000 1.560660
      vertex 11.425184 0.000000 1.074025
    endloop
  endfacet
  facet normal 0.647263 0.090695 0.756852
    outer loop
      vertex 10.765309 1.081559 1.508748
      vertex 11.425184 0.000000 1.074025
      vertex 11.306487 1.081559 1.045930
    endloop
  endfacet
  facet normal 0.938530 0.111486 0.326699
    outer loop
      vertex 11.306487 1.081559 1.045930
      vertex 11.425184 0.000000 1.074025
      vertex 11.625000 0.000000 0.500000
    endloop
  endfacet
  facet normal 0.938530 0.111486 0.326699
    outer loop
      vertex 11.306487 1.081559 1.045930
      vertex 11.625000 0.000000 0.500000
      vertex 11.496523 1.081559 0.500000
    endloop
  endfacet
  facet normal -0.938530 -0.111486 0.326699
    outer loop
      vertex 6.375000 0.000000 0.500000
      vertex 6.503477 -1.081559 0.500000
      vertex 6.693513 -1.081559 1.045930
    endloop
  endfacet
  facet normal -0.938530 -0.111486 0.326699
    outer loop
      vertex 6.375000 0.000000 0.500000
      vertex 6.693513 -1.081559 1.045930
      vertex 6.574816 0.000000 1.074025
    endloop
  endfacet
  facet normal -0.647263 -0.090695 0.756852
    outer loop
      vertex 6.574816 0.000000 1.074025
      vertex 6.693513 -1.081559 1.045930
      vertex 7.234691 -1.081559 1.508748
    endloop
  endfacet
  facet normal -0.647263 -0.090695 0.756852
    outer loop
      vertex 6.574816 0.000000 1.074025
      vertex 7.234691 -1.081559 1.508748
      vertex 7.143845 0.000000 1.560660
    endloop
  endfacet
  facet normal -0.355706 -0.074593 0.931616
    outer loop
      vertex 7.143845 0.000000 1.560660
      vertex 7.234691 -1.081559 1.508748
      vertex 8.044622 -1.081559 1.817992
    endloop
  endfacet
  facet normal -0.355706 -0.074593 0.931616
    outer loop
      vertex 7.143845 0.000000 1.560660
      vertex 8.044622 -1.081559 1.817992
      vertex 7.995456 0.000000 1.885819
    endloop
  endfacet
  facet normal -0.112681 -0.067292 0.991350
    outer loop
      vertex 7.995456 0.000000 1.885819
      vertex 8.044622 -1.081559 1.817992
      vertex 9.000000 -1.081559 1.926585
    endloop
  endfacet
  facet normal -0.112681 -0.067292 0.991350
    outer loop
      vertex 7.995456 0.000000 1.885819
      vertex 9.000000 -1.081559 1.926585
      vertex 9.000000 0.000000 2.000000
    endloop
  endfacet
  facet normal 0.112681 -0.067292 0.991350
    outer loop
      vertex 9.000000 0.000000 2.000000
      vertex 9.000000 -1.081559 1.926585
      vertex 9.955378 -1.081559 1.817992
    endloop
  endfacet
  facet normal 0.112681 -0.067292 0.991350
    outer loop
      vertex 9.000000 0.000000 2.000000
      vertex 9.955378 -1.081559 1.817992
      vertex 10.004544 0.000000 1.885819
    endloop
  endfacet
  facet normal 0.355706 -0.074593 0.931616
    outer loop
      vertex 10.004544 0.000000 1.885819
      vertex 9.955378 -1.081559 1.817992
      vertex 10.765309 -1.081559 1.508748
    endloop
  endfacet
  facet normal 0.355706 -0.074593 0.931616
    outer loop
      vertex 10.004544 0.000000 1.885819
      vertex 10.765309 -1.081559 1.508748
      vertex 10.856155 0.000000 1.560660
    endloop
  endfacet
  facet normal 0.647263 -0.090695 0.756852
    outer loop
      vertex 10.856155 0.000000 1.560660
      vertex 10.765309 -1.081559 1.508748
      vertex 11.306487 -1.081559 1.045930
    endloop
  endfacet
  facet normal 0.647263 -0.090695 0.756852
    outer loop
      vertex 10.856155 0.000000 1.560660
      vertex 11.306487 -1.081559 1.045930
      vertex 11.425184 0.000000 1.074025
    endloop
  endfacet
  facet normal 0.938530 -0.111486 0.326699
    outer loop
      vertex 11.425184 0.000000 1.074025
      vertex 11.306487 -1.081559 1.045930
      vertex 11.496523 -1.081559 0.500000
    endloop
  endfacet
  facet normal 0.938530 -0.111486 0.326699
    outer loop
      vertex 11.425184 0.000000 1.074025
      vertex 11.496523 -1.081559 0.500000
      vertex 11.625000 0.000000 0.500000
    endloop
  endfacet
  facet normal -0.888334 -0.339472 0.309226
    outer loop
      vertex 6.503477 -1.081559 0.500000
      vertex 6.876330 -2.057248 0.500000
      vertex 7.037985 -2.057248 0.964396
    endloop
  endfacet
  facet normal -0.888334 -0.339472 0.309226
    outer loop
      vertex 6.503477 -1.081559 0.500000
      vertex 7.037985 -2.057248 0.964396
      vertex 6.693513 -1.081559 1.045930
    endloop
  endfacet
  facet normal -0.623724 -0.281156 0.729328
    outer loop
      vertex 6.693513 -1.081559 1.045930
      vertex 7.037985 -2.057248 0.964396
      vertex 7.498339 -2.057248 1.358092
    endloop
  endfacet
  facet normal -0.623724 -0.281156 0.729328
    outer loop
      vertex 6.693513 -1.081559 1.045930
      vertex 7.498339 -2.057248 1.358092
      vertex 7.234691 -1.081559 1.508748
    endloop
  endfacet
  facet normal -0.346800 -0.233960 0.908291
    outer loop
      vertex 7.234691 -1.081559 1.508748
      vertex 7.498339 -2.057248 1.358092
      vertex 8.187307 -2.057248 1.621151
    endloop
  endfacet
  facet normal -0.346800 -0.233960 0.908291
    outer loop
      vertex 7.234691 -1.081559 1.508748
      vertex 8.187307 -2.057248 1.621151
      vertex 8.044622 -1.081559 1.817992
    endloop
  endfacet
  facet normal -0.110369 -0.212037 0.971009
    outer loop
      vertex 8.044622 -1.081559 1.817992
      vertex 8.187307 -2.057248 1.621151
      vertex 9.000000 -2.057248 1.713525
    endloop
  endfacet
  facet normal -0.110369 -0.212037 0.971009
    outer loop
      vertex 8.044622 -1.081559 1.817992
      vertex 9.000000 -2.057248 1.713525
      vertex 9.000000 -1.081559 1.926585
    endloop
  endfacet
  facet normal 0.110369 -0.212037 0.971009
    outer loop
      vertex 9.000000 -1.081559 1.926585
      vertex 9.000000 -2.057248 1.713525
      vertex 9.812693 -2.057248 1.621151
    endloop
  endfacet
  facet normal 0.110369 -0.212037 0.971009
    outer loop
      vertex 9.000000 -1.081559 1.926585
      vertex 9.812693 -2.057248 1.621151
      vertex 9.955378 -1.081559 1.817992
    endloop
  endfacet
  facet normal 0.346800 -0.233960 0.908291
    outer loop
      vertex 9.955378 -1.081559 1.817992
      vertex 9.812693 -2.057248 1.621151
      vertex 10.501661 -2.057248 1.358092
    endloop
  endfacet
  facet normal 0.346800 -0.233960 0.908291
    outer loop
      vertex 9.955378 -1.081559 1.817992
      vertex 10.501661 -2.057248 1.358092
      vertex 10.765309 -1.081559 1.508748
    endloop
  endfacet
  facet normal 0.623724 -0.281156 0.729328
    outer loop
      vertex 10.765309 -1.081559 1.508748
      vertex 10.501661 -2.057248 1.358092
      vertex 10.962015 -2.057248 0.964396
    endloop
  endfacet
  facet normal 0.623724 -0.281156 0.729328
    outer loop
      vertex 10.765309 -1.081559 1.508748
      vertex 10.962015 -2.057248 0.964396
      vertex 11.306487 -1.081559 1.045930
    endloop
  endfacet
  facet normal 0.888334 -0.339472 0.309226
    outer loop
      vertex 11.306487 -1.081559 1.045930
      vertex 10.962015 -2.057248 0.964396
      vertex 11.123670 -2.057248 0.500000
    endloop
  endfacet
  facet normal 0.888334 -0.339472 0.309226
    outer loop
      vertex 11.306487 -1.081559 1.045930
      vertex 11.123670 -2.057248 0.500000
      vertex 11.496523 -1.081559 0.500000
    endloop
  endfacet
  facet normal -0.770675 -0.578006 0.268269
    outer loop
      vertex 6.876330 -2.057248 0.500000
      vertex 7.457064 -2.831559 0.500000
      vertex 7.574513 -2.831559 0.837404
    endloop
  endfacet
  facet normal -0.770675 -0.578006 0.268269
    outer loop
      vertex 6.876330 -2.057248 0.500000
      vertex 7.574513 -2.831559 0.837404
      vertex 7.037985 -2.057248 0.964396
    endloop
  endfacet
  facet normal -0.563440 -0.498467 0.658837
    outer loop
      vertex 7.037985 -2.057248 0.964396
      vertex 7.574513 -2.831559 0.837404
      vertex 7.908979 -2.831559 1.123440
    endloop
  endfacet
  facet normal -0.563440 -0.498467 0.658837
    outer loop
      vertex 7.037985 -2.057248 0.964396
      vertex 7.908979 -2.831559 1.123440
      vertex 7.498339 -2.057248 1.358092
    endloop
  endfacet
  facet normal -0.322538 -0.427049 0.844747
    outer loop
      vertex 7.498339 -2.057248 1.358092
      vertex 7.908979 -2.831559 1.123440
      vertex 8.409544 -2.831559 1.314564
    endloop
  endfacet
  facet normal -0.322538 -0.427049 0.844747
    outer loop
      vertex 7.498339 -2.057248 1.358092
      vertex 8.409544 -2.831559 1.314564
      vertex 8.187307 -2.057248 1.621151
    endloop
  endfacet
  facet normal -0.103908 -0.391787 0.914170
    outer loop
      vertex 8.187307 -2.057248 1.621151
      vertex 8.409544 -2.831559 1.314564
      vertex 9.000000 -2.831559 1.381678
    endloop
  endfacet
  facet normal -0.103908 -0.391787 0.914170
    outer loop
      vertex 8.187307 -2.057248 1.621151
      vertex 9.000000 -2.831559 1.381678
      vertex 9.000000 -2.057248 1.713525
    endloop
  endfacet
  facet normal 0.103908 -0.391787 0.914170
    outer loop
      vertex 9.000000 -2.057248 1.713525
      vertex 9.000000 -2.831559 1.381678
      vertex 9.590456 -2.831559 1.314564
    endloop
  endfacet
  facet normal 0.103908 -0.391787 0.914170
    outer loop
      vertex 9.000000 -2.057248 1.713525
      vertex 9.590456 -2.831559 1.314564
      vertex 9.812693 -2.057248 1.621151
    endloop
  endfacet
  facet normal 0.322538 -0.427049 0.844747
    outer loop
      vertex 9.812693 -2.057248 1.621151
      vertex 9.590456 -2.831559 1.314564
      vertex 10.091021 -2.831559 1.123440
    endloop
  endfacet
  facet normal 0.322538 -0.427049 0.844747
    outer loop
      vertex 9.812693 -2.057248 1.621151
      vertex 10.091021 -2.831559 1.123440
      vertex 10.501661 -2.057248 1.358092
    endloop
  endfacet
  facet normal 0.563440 -0.498467 0.658837
    outer loop
      vertex 10.501661 -2.057248 1.358092
      vertex 10.091021 -2.831559 1.123440
      vertex 10.425487 -2.831559 0.837404
    endloop
  endfacet
  facet normal 0.563440 -0.498467 0.658837
    outer loop
      vertex 10.501661 -2.057248 1.358092
      vertex 10.425487 -2.831559 0.837404
      vertex 10.962015 -2.057248 0.964396
    endloop
  endfacet
  facet normal 0.770675 -0.578006 0.268269
    outer loop
      vertex 10.962015 -2.057248 0.964396
      vertex 10.425487 -2.831559 0.837404
      vertex 10.542936 -2.831559 0.500000
    endloop
  endfacet
  facet normal 0.770675 -0.578006 0.268269
    outer loop
      vertex 10.962015 -2.057248 0.964396
      vertex 10.542936 -2.831559 0.500000
      vertex 11.123670 -2.057248 0.500000
    endloop
  endfacet
  facet normal -0.551500 -0.811784 0.191975
    outer loop
      vertex 7.457064 -2.831559 0.500000
      vertex 8.188830 -3.328698 0.500000
      vertex 8.250577 -3.328698 0.677384
    endloop
  endfacet
  facet normal -0.551500 -0.811784 0.191975
    outer loop
      vertex 7.457064 -2.831559 0.500000
      vertex 8.250577 -3.328698 0.677384
      vertex 7.574513 -2.831559 0.837404
    endloop
  endfacet
  facet normal -0.431050 -0.748430 0.504033
    outer loop
      vertex 7.574513 -2.831559 0.837404
      vertex 8.250577 -3.328698 0.677384
      vertex 8.426416 -3.328698 0.827762
    endloop
  endfacet
  facet normal -0.431050 -0.748430 0.504033
    outer loop
      vertex 7.574513 -2.831559 0.837404
      vertex 8.426416 -3.328698 0.827762
      vertex 7.908979 -2.831559 1.123440
    endloop
  endfacet
  facet normal -0.261605 -0.679793 0.685160
    outer loop
      vertex 7.908979 -2.831559 1.123440
      vertex 8.426416 -3.328698 0.827762
      vertex 8.689579 -3.328698 0.928242
    endloop
  endfacet
  facet normal -0.261605 -0.679793 0.685160
    outer loop
      vertex 7.908979 -2.831559 1.123440
      vertex 8.689579 -3.328698 0.928242
      vertex 8.409544 -2.831559 1.314564
    endloop
  endfacet
  facet normal -0.086658 -0.641272 0.762404
    outer loop
      vertex 8.409544 -2.831559 1.314564
      vertex 8.689579 -3.328698 0.928242
      vertex 9.000000 -3.328698 0.963525
    endloop
  endfacet
  facet normal -0.086658 -0.641272 0.762404
    outer loop
      vertex 8.409544 -2.831559 1.314564
      vertex 9.000000 -3.328698 0.963525
      vertex 9.000000 -2.831559 1.381678
    endloop
  endfacet
  facet normal 0.086658 -0.641272 0.762404
    outer loop
      vertex 9.000000 -2.831559 1.381678
      vertex 9.000000 -3.328698 0.963525
      vertex 9.310421 -3.328698 0.928242
    endloop
  endfacet
  facet normal 0.086658 -0.641272 0.762404
    outer loop
      vertex 9.000000 -2.831559 1.381678
      vertex 9.310421 -3.328698 0.928242
      vertex 9.590456 -2.831559 1.314564
    endloop
  endfacet
  facet normal 0.261605 -0.679793 0.685160
    outer loop
      vertex 9.590456 -2.831559 1.314564
      vertex 9.310421 -3.328698 0.928242
      vertex 9.573584 -3.328698 0.827762
    endloop
  endfacet
  facet normal 0.261605 -0.679793 0.685160
    outer loop
      vertex 9.590456 -2.831559 1.314564
      vertex 9.573584 -3.328698 0.827762
      vertex 10.091021 -2.831559 1.123440
    endloop
  endfacet
  facet normal 0.431050 -0.748430 0.504033
    outer loop
      vertex 10.091021 -2.831559 1.123440
      vertex 9.573584 -3.328698 0.827762
      vertex 9.749423 -3.328698 0.677384
    endloop
  endfacet
  facet normal 0.431050 -0.748430 0.504033
    outer loop
      vertex 10.091021 -2.831559 1.123440
      vertex 9.749423 -3.328698 0.677384
      vertex 10.425487 -2.831559 0.837404
    endloop
  endfacet
  facet normal 0.551500 -0.811784 0.191975
    outer loop
      vertex 10.425487 -2.831559 0.837404
      vertex 9.749423 -3.328698 0.677384
      vertex 9.811170 -3.328698 0.500000
    endloop
  endfacet
  facet normal 0.551500 -0.811784 0.191975
    outer loop
      vertex 10.425487 -2.831559 0.837404
      vertex 9.811170 -3.328698 0.500000
      vertex 10.542936 -2.831559 0.500000
    endloop
  endfacet
  facet normal 0.000000 0.000000 1.000000
    outer loop
      vertex 8.188830 -3.328698 0.500000
      vertex 9.000000 -3.500000 0.500000
      vertex 9.000000 -3.500000 0.500000
    endloop
  endfacet
  facet normal -0.206090 -0.975900 0.071739
    outer loop
      vertex 8.188830 -3.328698 0.500000
      vertex 9.000000 -3.500000 0.500000
      vertex 8.250577 -3.328698 0.677384
    endloop
  endfacet
  facet normal 0.000000 0.000000 1.000000
    outer loop
      vertex 8.250577 -3.328698 0.677384
      vertex 9.000000 -3.500000 0.500000
      vertex 9.000000 -3.500000 0.500000
    endloop
  endfacet
  facet normal -0.172601 -0.964093 0.201824
    outer loop
      vertex 8.250577 -3.328698 0.677384
      vertex 9.000000 -3.500000 0.500000
      vertex 8.426416 -3.328698 0.827762
    endloop
  endfacet
  facet normal 0.000000 0.000000 1.000000
    outer loop
      vertex 8.426416 -3.328698 0.827762
      vertex 9.000000 -3.500000 0.500000
      vertex 9.000000 -3.500000 0.500000
    endloop
  endfacet
  facet normal -0.113416 -0.948105 0.297042
    outer loop
      vertex 8.426416 -3.328698 0.827762
      vertex 9.000000 -3.500000 0.500000
      vertex 8.689579 -3.328698 0.928242
    endloop
  endfacet
  facet normal 0.000000 0.000000 1.000000
    outer loop
      vertex 8.689579 -3.328698 0.928242
      vertex 9.000000 -3.500000 0.500000
      vertex 9.000000 -3.500000 0.500000
    endloop
  endfacet
  facet normal -0.039371 -0.937268 0.346380
    outer loop
      vertex 8.689579 -3.328698 0.928242
      vertex 9.000000 -3.500000 0.500000
      vertex 9.000000 -3.328698 0.963525
    endloop
  endfacet
  facet normal 0.000000 0.000000 1.000000
    outer loop
      vertex 9.000000 -3.328698 0.963525
      vertex 9.000000 -3.500000 0.500000
      vertex 9.000000 -3.500000 0.500000
    endloop
  endfacet
  facet normal 0.039371 -0.937268 0.346380
    outer loop
      vertex 9.000000 -3.328698 0.963525
      vertex 9.000000 -3.500000 0.500000
      vertex 9.310421 -3.328698 0.928242
    endloop
  endfacet
  facet normal 0.000000 0.000000 1.000000
    outer loop
      vertex 9.310421 -3.328698 0.928242
      vertex 9.000000 -3.500000 0.500000
      vertex 9.000000 -3.500000 0.500000
    endloop
  endfacet
  facet normal 0.113416 -0.948105 0.297042
    outer loop
      vertex 9.310421 -3.328698 0.928242
      vertex 9.000000 -3.500000 0.500000
      vertex 9.573584 -3.328698 0.827762
    endloop
  endfacet
  facet normal 0.000000 0.000000 1.000000
    outer loop
      vertex 9.573584 -3.328698 0.827762
      vertex 9.000000 -3.500000 0.500000
      vertex 9.000000 -3.500000 0.500000
    endloop
  endfacet
  facet normal 0.172601 -0.964093 0.201824
    outer loop
      vertex 9.573584 -3.328698 0.827762
      vertex 9.000000 -3.500000 0.500000
      vertex 9.749423 -3.328698 0.677384
    endloop
  endfacet
  facet normal 0.000000 0.000000 1.000000
    outer loop
      vertex 9.749423 -3.328698 0.677384
      vertex 9.000000 -3.500000 0.500000
      vertex 9.000000 -3.500000 0.500000
    endloop
  endfacet
  facet normal 0.206090 -0.975900 0.071739
    outer loop
      vertex 9.749423 -3.328698 0.677384
      vertex 9.000000 -3.500000 0.500000
      vertex 9.811170 -3.328698 0.500000
    endloop
  endfacet
  facet normal -0.835793 0.544338 0.071739
    outer loop
      vertex 3.889087 8.838835 0.500000
      vertex 3.436633 8.144122 0.500000
      vertex 3.480294 8.187784 0.677384
    endloop
  endfacet
  facet normal 0.000000 0.000000 1.000000
    outer loop
      vertex 3.889087 8.838835 0.500000
      vertex 3.480294 8.187784 0.677384
      vertex 3.889087 8.838835 0.500000
    endloop
  endfacet
  facet normal -0.803764 0.559670 0.201824
    outer loop
      vertex 3.889087 8.838835 0.500000
      vertex 3.480294 8.187784 0.677384
      vertex 3.604631 8.312121 0.827762
    endloop
  endfacet
  facet normal 0.000000 0.000000 1.000000
    outer loop
      vertex 3.889087 8.838835 0.500000
      vertex 3.604631 8.312121 0.827762
      vertex 3.889087 8.838835 0.500000
    endloop
  endfacet
  facet normal -0.750608 0.590214 0.297042
    outer loop
      vertex 3.889087 8.838835 0.500000
      vertex 3.604631 8.312121 0.827762
      vertex 3.790715 8.498205 0.928242
    endloop
  endfacet
  facet normal 0.000000 0.000000 1.000000
    outer loop
      vertex 3.889087 8.838835 0.500000
      vertex 3.790715 8.498205 0.928242
      vertex 3.889087 8.838835 0.500000
    endloop
  endfacet
  facet normal -0.690588 0.634909 0.346380
    outer loop
      vertex 3.889087 8.838835 0.500000
      vertex 3.790715 8.498205 0.928242
      vertex 4.010216 8.717706 0.963525
    endloop
  endfacet
  facet normal 0.000000 0.000000 1.000000
    outer loop
      vertex 3.889087 8.838835 0.500000
      vertex 4.010216 8.717706 0.963525
      vertex 3.889087 8.838835 0.500000
    endloop
  endfacet
  facet normal -0.634909 0.690588 0.346380
    outer loop
      vertex 3.889087 8.838835 0.500000
      vertex 4.010216 8.717706 0.963525
      vertex 4.229717 8.937207 0.928242
    endloop
  endfacet
  facet normal 0.000000 0.000000 1.000000
    outer loop
      vertex 3.889087 8.838835 0.500000
      vertex 4.229717 8.937207 0.928242
      vertex 3.889087 8.838835 0.500000
    endloop
  endfacet
  facet normal -0.590214 0.750608 0.297042
    outer loop
      vertex 3.889087 8.838835 0.500000
      vertex 4.229717 8.937207 0.928242
      vertex 4.415801 9.123291 0.827762
    endloop
  endfacet
  facet normal 0.000000 0.000000 1.000000
    outer loop
      vertex 3.889087 8.838835 0.500000
      vertex 4.415801 9.123291 0.827762
      vertex 3.889087 8.838835 0.500000
    endloop
  endfacet
  facet normal -0.559670 0.803764 0.201824
    outer loop
      vertex 3.889087 8.838835 0.500000
      vertex 4.415801 9.123291 0.827762
      vertex 4.540138 9.247628 0.677384
    endloop
  endfacet
  facet normal 0.000000 0.000000 1.000000
    outer loop
      vertex 3.889087 8.838835 0.500000
      vertex 4.540138 9.247628 0.677384
      vertex 3.889087 8.838835 0.500000
    endloop
  endfacet
  facet normal -0.544338 0.835793 0.071739
    outer loop
      vertex 3.889087 8.838835 0.500000
      vertex 4.540138 9.247628 0.677384
      vertex 4.583800 9.291289 0.500000
    endloop
  endfacet
  facet normal 0.000000 0.000000 1.000000
    outer loop
      vertex 3.889087 8.838835 0.500000
      vertex 4.583800 9.291289 0.500000
      vertex 3.889087 8.838835 0.500000
    endloop
  endfacet
  facet normal -0.963987 0.184049 0.191975
    outer loop
      vertex 3.436633 8.144122 0.500000
      vertex 3.270725 7.275155 0.500000
      vertex 3.353774 7.358204 0.837404
    endloop
  endfacet
  facet normal -0.963987 0.184049 0.191975
    outer loop
      vertex 3.436633 8.144122 0.500000
      vertex 3.353774 7.358204 0.837404
      vertex 3.480294 8.187784 0.677384
    endloop
  endfacet
  facet normal -0.834018 0.224421 0.504033
    outer loop
      vertex 3.480294 8.187784 0.677384
      vertex 3.353774 7.358204 0.837404
      vertex 3.590278 7.594708 1.123440
    endloop
  endfacet
  facet normal -0.834018 0.224421 0.504033
    outer loop
      vertex 3.480294 8.187784 0.677384
      vertex 3.590278 7.594708 1.123440
      vertex 3.604631 8.312121 0.827762
    endloop
  endfacet
  facet normal -0.665669 0.295704 0.685160
    outer loop
      vertex 3.604631 8.312121 0.827762
      vertex 3.590278 7.594708 1.123440
      vertex 3.944231 7.948660 1.314564
    endloop
  endfacet
  facet normal -0.665669 0.295704 0.685160
    outer loop
      vertex 3.604631 8.312121 0.827762
      vertex 3.944231 7.948660 1.314564
      vertex 3.790715 8.498205 0.928242
    endloop
  endfacet
  facet normal -0.514725 0.392172 0.762404
    outer loop
      vertex 3.790715 8.498205 0.928242
      vertex 3.944231 7.948660 1.314564
      vertex 4.361746 8.366176 1.381678
    endloop
  endfacet
  facet normal -0.514725 0.392172 0.762404
    outer loop
      vertex 3.790715 8.498205 0.928242
      vertex 4.361746 8.366176 1.381678
      vertex 4.010216 8.717706 0.963525
    endloop
  endfacet
  facet normal -0.392172 0.514725 0.762404
    outer loop
      vertex 4.010216 8.717706 0.963525
      vertex 4.361746 8.366176 1.381678
      vertex 4.779262 8.783691 1.314564
    endloop
  endfacet
  facet normal -0.392172 0.514725 0.762404
    outer loop
      vertex 4.010216 8.717706 0.963525
      vertex 4.779262 8.783691 1.314564
      vertex 4.229717 8.937207 0.928242
    endloop
  endfacet
  facet normal -0.295704 0.665669 0.685160
    outer loop
      vertex 4.229717 8.937207 0.928242
      vertex 4.779262 8.783691 1.314564
      vertex 5.133214 9.137644 1.123440
    endloop
  endfacet
  facet normal -0.295704 0.665669 0.685160
    outer loop
      vertex 4.229717 8.937207 0.928242
      vertex 5.133214 9.137644 1.123440
      vertex 4.415801 9.123291 0.827762
    endloop
  endfacet
  facet normal -0.224421 0.834018 0.504033
    outer loop
      vertex 4.415801 9.123291 0.827762
      vertex 5.133214 9.137644 1.123440
      vertex 5.369718 9.374148 0.837404
    endloop
  endfacet
  facet normal -0.224421 0.834018 0.504033
    outer loop
      vertex 4.415801 9.123291 0.827762
      vertex 5.369718 9.374148 0.837404
      vertex 4.540138 9.247628 0.677384
    endloop
  endfacet
  facet normal -0.184049 0.963987 0.191975
    outer loop
      vertex 4.540138 9.247628 0.677384
      vertex 5.369718 9.374148 0.837404
      vertex 5.452767 9.457197 0.500000
    endloop
  endfacet
  facet normal -0.184049 0.963987 0.191975
    outer loop
      vertex 4.540138 9.247628 0.677384
      vertex 5.452767 9.457197 0.500000
      vertex 4.583800 9.291289 0.500000
    endloop
  endfacet
  facet normal -0.953662 -0.136237 0.268269
    outer loop
      vertex 3.270725 7.275155 0.500000
      vertex 3.407606 6.316994 0.500000
      vertex 3.521913 6.431301 0.964396
    endloop
  endfacet
  facet normal -0.953662 -0.136237 0.268269
    outer loop
      vertex 3.270725 7.275155 0.500000
      vertex 3.521913 6.431301 0.964396
      vertex 3.353774 7.358204 0.837404
    endloop
  endfacet
  facet normal -0.750881 -0.045943 0.658837
    outer loop
      vertex 3.353774 7.358204 0.837404
      vertex 3.521913 6.431301 0.964396
      vertex 3.847432 6.756821 1.358092
    endloop
  endfacet
  facet normal -0.750881 -0.045943 0.658837
    outer loop
      vertex 3.353774 7.358204 0.837404
      vertex 3.847432 6.756821 1.358092
      vertex 3.590278 7.594708 1.123440
    endloop
  endfacet
  facet normal -0.530038 0.073900 0.844747
    outer loop
      vertex 3.590278 7.594708 1.123440
      vertex 3.847432 6.756821 1.358092
      vertex 4.334606 7.243994 1.621151
    endloop
  endfacet
  facet normal -0.530038 0.073900 0.844747
    outer loop
      vertex 3.590278 7.594708 1.123440
      vertex 4.334606 7.243994 1.621151
      vertex 3.944231 7.948660 1.314564
    endloop
  endfacet
  facet normal -0.350510 0.203561 0.914170
    outer loop
      vertex 3.944231 7.948660 1.314564
      vertex 4.334606 7.243994 1.621151
      vertex 4.909267 7.818655 1.713525
    endloop
  endfacet
  facet normal -0.350510 0.203561 0.914170
    outer loop
      vertex 3.944231 7.948660 1.314564
      vertex 4.909267 7.818655 1.713525
      vertex 4.361746 8.366176 1.381678
    endloop
  endfacet
  facet normal -0.203561 0.350510 0.914170
    outer loop
      vertex 4.361746 8.366176 1.381678
      vertex 4.909267 7.818655 1.713525
      vertex 5.483928 8.393316 1.621151
    endloop
  endfacet
  facet normal -0.203561 0.350510 0.914170
    outer loop
      vertex 4.361746 8.366176 1.381678
      vertex 5.483928 8.393316 1.621151
      vertex 4.779262 8.783691 1.314564
    endloop
  endfacet
  facet normal -0.073900 0.530038 0.844747
    outer loop
      vertex 4.779262 8.783691 1.314564
      vertex 5.483928 8.393316 1.621151
      vertex 5.971102 8.880490 1.358092
    endloop
  endfacet
  facet normal -0.073900 0.530038 0.844747
    outer loop
      vertex 4.779262 8.783691 1.314564
      vertex 5.971102 8.880490 1.358092
      vertex 5.133214 9.137644 1.123440
    endloop
  endfacet
  facet normal 0.045943 0.750881 0.658837
    outer loop
      vertex 5.133214 9.137644 1.123440
      vertex 5.971102 8.880490 1.358092
      vertex 6.296621 9.206009 0.964396
    endloop
  endfacet
  facet normal 0.045943 0.750881 0.658837
    outer loop
      vertex 5.133214 9.137644 1.123440
      vertex 6.296621 9.206009 0.964396
      vertex 5.369718 9.374148 0.837404
    endloop
  endfacet
  facet normal 0.136237 0.953662 0.268269
    outer loop
      vertex 5.369718 9.374148 0.837404
      vertex 6.296621 9.206009 0.964396
      vertex 6.410928 9.320316 0.500000
    endloop
  endfacet
  facet normal 0.136237 0.953662 0.268269
    outer loop
      vertex 5.369718 9.374148 0.837404
      vertex 6.410928 9.320316 0.500000
      vertex 5.452767 9.457197 0.500000
    endloop
  endfacet
  facet normal -0.868190 -0.388105 0.309226
    outer loop
      vertex 3.407606 6.316994 0.500000
      vertex 3.833874 5.363430 0.500000
      vertex 3.968251 5.497807 1.045930
    endloop
  endfacet
  facet normal -0.868190 -0.388105 0.309226
    outer loop
      vertex 3.407606 6.316994 0.500000
      vertex 3.968251 5.497807 1.045930
      vertex 3.521913 6.431301 0.964396
    endloop
  endfacet
  facet normal -0.639847 -0.242232 0.729328
    outer loop
      vertex 3.521913 6.431301 0.964396
      vertex 3.968251 5.497807 1.045930
      vertex 4.350921 5.880477 1.508748
    endloop
  endfacet
  facet normal -0.639847 -0.242232 0.729328
    outer loop
      vertex 3.521913 6.431301 0.964396
      vertex 4.350921 5.880477 1.508748
      vertex 3.847432 6.756821 1.358092
    endloop
  endfacet
  facet normal -0.410660 -0.079790 0.908291
    outer loop
      vertex 3.847432 6.756821 1.358092
      vertex 4.350921 5.880477 1.508748
      vertex 4.923629 6.453185 1.817992
    endloop
  endfacet
  facet normal -0.410660 -0.079790 0.908291
    outer loop
      vertex 3.847432 6.756821 1.358092
      vertex 4.923629 6.453185 1.817992
      vertex 4.334606 7.243994 1.621151
    endloop
  endfacet
  facet normal -0.227976 0.071890 0.971009
    outer loop
      vertex 4.334606 7.243994 1.621151
      vertex 4.923629 6.453185 1.817992
      vertex 5.599183 7.128739 1.926585
    endloop
  endfacet
  facet normal -0.227976 0.071890 0.971009
    outer loop
      vertex 4.334606 7.243994 1.621151
      vertex 5.599183 7.128739 1.926585
      vertex 4.909267 7.818655 1.713525
    endloop
  endfacet
  facet normal -0.071890 0.227976 0.971009
    outer loop
      vertex 4.909267 7.818655 1.713525
      vertex 5.599183 7.128739 1.926585
      vertex 6.274737 7.804293 1.817992
    endloop
  endfacet
  facet normal -0.071890 0.227976 0.971009
    outer loop
      vertex 4.909267 7.818655 1.713525
      vertex 6.274737 7.804293 1.817992
      vertex 5.483928 8.393316 1.621151
    endloop
  endfacet
  facet normal 0.079790 0.410660 0.908291
    outer loop
      vertex 5.483928 8.393316 1.621151
      vertex 6.274737 7.804293 1.817992
      vertex 6.847445 8.377001 1.508748
    endloop
  endfacet
  facet normal 0.079790 0.410660 0.908291
    outer loop
      vertex 5.483928 8.393316 1.621151
      vertex 6.847445 8.377001 1.508748
      vertex 5.971102 8.880490 1.358092
    endloop
  endfacet
  facet normal 0.242232 0.639847 0.729328
    outer loop
      vertex 5.971102 8.880490 1.358092
      vertex 6.847445 8.377001 1.508748
      vertex 7.230115 8.759672 1.045930
    endloop
  endfacet
  facet normal 0.242232 0.639847 0.729328
    outer loop
      vertex 5.971102 8.880490 1.358092
      vertex 7.230115 8.759672 1.045930
      vertex 6.296621 9.206009 0.964396
    endloop
  endfacet
  facet normal 0.388105 0.868190 0.309226
    outer loop
      vertex 6.296621 9.206009 0.964396
      vertex 7.230115 8.759672 1.045930
      vertex 7.364492 8.894048 0.500000
    endloop
  endfacet
  facet normal 0.388105 0.868190 0.309226
    outer loop
      vertex 6.296621 9.206009 0.964396
      vertex 7.364492 8.894048 0.500000
      vertex 6.410928 9.320316 0.500000
    endloop
  endfacet
  facet normal -0.742474 -0.584808 0.326699
    outer loop
      vertex 3.833874 5.363430 0.500000
      vertex 4.507806 4.507806 0.500000
      vertex 4.649097 4.649097 1.074025
    endloop
  endfacet
  facet normal -0.742474 -0.584808 0.326699
    outer loop
      vertex 3.833874 5.363430 0.500000
      vertex 4.649097 4.649097 1.074025
      vertex 3.968251 5.497807 1.045930
    endloop
  endfacet
  facet normal -0.521815 -0.393553 0.756852
    outer loop
      vertex 3.968251 5.497807 1.045930
      vertex 4.649097 4.649097 1.074025
      vertex 5.051461 5.051461 1.560660
    endloop
  endfacet
  facet normal -0.521815 -0.393553 0.756852
    outer loop
      vertex 3.968251 5.497807 1.045930
      vertex 5.051461 5.051461 1.560660
      vertex 4.350921 5.880477 1.508748
    endloop
  endfacet
  facet normal -0.304268 -0.198777 0.931616
    outer loop
      vertex 4.350921 5.880477 1.508748
      vertex 5.051461 5.051461 1.560660
      vertex 5.653641 5.653641 1.885819
    endloop
  endfacet
  facet normal -0.304268 -0.198777 0.931616
    outer loop
      vertex 4.350921 5.880477 1.508748
      vertex 5.653641 5.653641 1.885819
      vertex 4.923629 6.453185 1.817992
    endloop
  endfacet
  facet normal -0.127260 -0.032095 0.991350
    outer loop
      vertex 4.923629 6.453185 1.817992
      vertex 5.653641 5.653641 1.885819
      vertex 6.363961 6.363961 2.000000
    endloop
  endfacet
  facet normal -0.127260 -0.032095 0.991350
    outer loop
      vertex 4.923629 6.453185 1.817992
      vertex 6.363961 6.363961 2.000000
      vertex 5.599183 7.128739 1.926585
    endloop
  endfacet
  facet normal 0.032095 0.127260 0.991350
    outer loop
      vertex 5.599183 7.128739 1.926585
      vertex 6.363961 6.363961 2.000000
      vertex 7.074281 7.074281 1.885819
    endloop
  endfacet
  facet normal 0.032095 0.127260 0.991350
    outer loop
      vertex 5.599183 7.128739 1.926585
      vertex 7.074281 7.074281 1.885819
      vertex 6.274737 7.804293 1.817992
    endloop
  endfacet
  facet normal 0.198777 0.304268 0.931616
    outer loop
      vertex 6.274737 7.804293 1.817992
      vertex 7.074281 7.074281 1.885819
      vertex 7.676461 7.676461 1.560660
    endloop
  endfacet
  facet normal 0.198777 0.304268 0.931616
    outer loop
      vertex 6.274737 7.804293 1.817992
      vertex 7.676461 7.676461 1.560660
      vertex 6.847445 8.377001 1.508748
    endloop
  endfacet
  facet normal 0.393553 0.521815 0.756852
    outer loop
      vertex 6.847445 8.377001 1.508748
      vertex 7.676461 7.676461 1.560660
      vertex 8.078825 8.078825 1.074025
    endloop
  endfacet
  facet normal 0.393553 0.521815 0.756852
    outer loop
      vertex 6.847445 8.377001 1.508748
      vertex 8.078825 8.078825 1.074025
      vertex 7.230115 8.759672 1.045930
    endloop
  endfacet
  facet normal 0.584808 0.742474 0.326699
    outer loop
      vertex 7.230115 8.759672 1.045930
      vertex 8.078825 8.078825 1.074025
      vertex 8.220116 8.220116 0.500000
    endloop
  endfacet
  facet normal 0.584808 0.742474 0.326699
    outer loop
      vertex 7.230115 8.759672 1.045930
      vertex 8.220116 8.220116 0.500000
      vertex 7.364492 8.894048 0.500000
    endloop
  endfacet
  facet normal -0.584808 -0.742474 0.326699
    outer loop
      vertex 4.507806 4.507806 0.500000
      vertex 5.363430 3.833874 0.500000
      vertex 5.497807 3.968251 1.045930
    endloop
  endfacet
  facet normal -0.584808 -0.742474 0.326699
    outer loop
      vertex 4.507806 4.507806 0.500000
      vertex 5.497807 3.968251 1.045930
      vertex 4.649097 4.649097 1.074025
    endloop
  endfacet
  facet normal -0.393553 -0.521815 0.756852
    outer loop
      vertex 4.649097 4.649097 1.074025
      vertex 5.497807 3.968251 1.045930
      vertex 5.880477 4.350921 1.508748
    endloop
  endfacet
  facet normal -0.393553 -0.521815 0.756852
    outer loop
      vertex 4.649097 4.649097 1.074025
      vertex 5.880477 4.350921 1.508748
      vertex 5.051461 5.051461 1.560660
    endloop
  endfacet
  facet normal -0.198777 -0.304268 0.931616
    outer loop
      vertex 5.051461 5.051461 1.560660
      vertex 5.880477 4.350921 1.508748
      vertex 6.453185 4.923629 1.817992
    endloop
  endfacet
  facet normal -0.198777 -0.304268 0.931616
    outer loop
      vertex 5.051461 5.051461 1.560660
      vertex 6.453185 4.923629 1.817992
      vertex 5.653641 5.653641 1.885819
    endloop
  endfacet
  facet normal -0.032095 -0.127260 0.991350
    outer loop
      vertex 5.653641 5.653641 1.885819
      vertex 6.453185 4.923629 1.817992
      vertex 7.128739 5.599183 1.926585
    endloop
  endfacet
  facet normal -0.032095 -0.127260 0.991350
    outer loop
      vertex 5.653641 5.653641 1.885819
      vertex 7.128739 5.599183 1.926585
      vertex 6.363961 6.363961 2.000000
    endloop
  endfacet
  facet normal 0.127260 0.032095 0.991350
    outer loop
      vertex 6.363961 6.363961 2.000000
      vertex 7.128739 5.599183 1.926585
      vertex 7.804293 6.274737 1.817992
    endloop
  endfacet
  facet normal 0.127260 0.032095 0.991350
    outer loop
      vertex 6.363961 6.363961 2.000000
      vertex 7.804293 6.274737 1.817992
      vertex 7.074281 7.074281 1.885819
    endloop
  endfacet
  facet normal 0.304268 0.198777 0.931616
    outer loop
      vertex 7.074281 7.074281 1.885819
      vertex 7.804293 6.274737 1.817992
      vertex 8.377001 6.847445 1.508748
    endloop
  endfacet
  facet normal 0.304268 0.198777 0.931616
    outer loop
      vertex 7.074281 7.074281 1.885819
      vertex 8.377001 6.847445 1.508748
      vertex 7.676461 7.676461 1.560660
    endloop
  endfacet
  facet normal 0.521815 0.393553 0.756852
    outer loop
      vertex 7.676461 7.676461 1.560660
      vertex 8.377001 6.847445 1.508748
      vertex 8.759672 7.230115 1.045930
    endloop
  endfacet
  facet normal 0.521815 0.393553 0.756852
    outer loop
      vertex 7.676461 7.676461 1.560660
      vertex 8.759672 7.230115 1.045930
      vertex 8.078825 8.078825 1.074025
    endloop
  endfacet
  facet normal 0.742474 0.584808 0.326699
    outer loop
      vertex 8.078825 8.078825 1.074025
      vertex 8.759672 7.230115 1.045930
      vertex 8.894048 7.364492 0.500000
    endloop
  endfacet
  facet normal 0.742474 0.584808 0.326699
    outer loop
      vertex 8.078825 8.078825 1.074025
      vertex 8.894048 7.364492 0.500000
      vertex 8.220116 8.220116 0.500000
    endloop
  endfacet
  facet normal -0.388105 -0.868190 0.309226
    outer loop
      vertex 5.363430 3.833874 0.500000
      vertex 6.316994 3.407606 0.500000
      vertex 6.431301 3.521913 0.964396
    endloop
  endfacet
  facet normal -0.388105 -0.868190 0.309226
    outer loop
      vertex 5.363430 3.833874 0.500000
      vertex 6.431301 3.521913 0.964396
      vertex 5.497807 3.968251 1.045930
    endloop
  endfacet
  facet normal -0.242232 -0.639847 0.729328
    outer loop
      vertex 5.497807 3.968251 1.045930
      vertex 6.431301 3.521913 0.964396
      vertex 6.756821 3.847432 1.358092
    endloop
  endfacet
  facet normal -0.242232 -0.639847 0.729328
    outer loop
      vertex 5.497807 3.968251 1.045930
      vertex 6.756821 3.847432 1.358092
      vertex 5.880477 4.350921 1.508748
    endloop
  endfacet
  facet normal -0.079790 -0.410660 0.908291
    outer loop
      vertex 5.880477 4.350921 1.508748
      vertex 6.756821 3.847432 1.358092
      vertex 7.243994 4.334606 1.621151
    endloop
  endfacet
  facet normal -0.079790 -0.410660 0.908291
    outer loop
      vertex 5.880477 4.350921 1.508748
      vertex 7.243994 4.334606 1.621151
      vertex 6.453185 4.923629 1.817992
    endloop
  endfacet
  facet normal 0.071890 -0.227976 0.971009
    outer loop
      vertex 6.453185 4.923629 1.817992
      vertex 7.243994 4.334606 1.621151
      vertex 7.818655 4.909267 1.713525
    endloop
  endfacet
  facet normal 0.071890 -0.227976 0.971009
    outer loop
      vertex 6.453185 4.923629 1.817992
      vertex 7.818655 4.909267 1.713525
      vertex 7.128739 5.599183 1.926585
    endloop
  endfacet
  facet normal 0.227976 -0.071890 0.971009
    outer loop
      vertex 7.128739 5.599183 1.926585
      vertex 7.818655 4.909267 1.713525
      vertex 8.393316 5.483928 1.621151
    endloop
  endfacet
  facet normal 0.227976 -0.071890 0.971009
    outer loop
      vertex 7.128739 5.599183 1.926585
      vertex 8.393316 5.483928 1.621151
      vertex 7.804293 6.274737 1.817992
    endloop
  endfacet
  facet normal 0.410660 0.079790 0.908291
    outer loop
      vertex 7.804293 6.274737 1.817992
      vertex 8.393316 5.483928 1.621151
      vertex 8.880490 5.971102 1.358092
    endloop
  endfacet
  facet normal 0.410660 0.079790 0.908291
    outer loop
      vertex 7.804293 6.274737 1.817992
      vertex 8.880490 5.971102 1.358092
      vertex 8.377001 6.847445 1.508748
    endloop
  endfacet
  facet normal 0.639847 0.242232 0.729328
    outer loop
      vertex 8.377001 6.847445 1.508748
      vertex 8.880490 5.971102 1.358092
      vertex 9.206009 6.296621 0.964396
    endloop
  endfacet
  facet normal 0.639847 0.242232 0.729328
    outer loop
      vertex 8.377001 6.847445 1.508748
      vertex 9.206009 6.296621 0.964396
      vertex 8.759672 7.230115 1.045930
    endloop
  endfacet
  facet normal 0.868190 0.388105 0.309226
    outer loop
      vertex 8.759672 7.230115 1.045930
      vertex 9.206009 6.296621 0.964396
      vertex 9.320316 6.410928 0.500000
    endloop
  endfacet
  facet normal 0.868190 0.388105 0.309226
    outer loop
      vertex 8.759672 7.230115 1.045930
      vertex 9.320316 6.410928 0.500000
      vertex 8.894048 7.364492 0.500000
    endloop
  endfacet
  facet normal -0.136237 -0.953662 0.268269
    outer loop
      vertex 6.316994 3.407606 0.500000
      vertex 7.275155 3.270725 0.500000
      vertex 7.358204 3.353774 0.837404
    endloop
  endfacet
  facet normal -0.136237 -0.953662 0.268269
    outer loop
      vertex 6.316994 3.407606 0.500000
      vertex 7.358204 3.353774 0.837404
      vertex 6.431301 3.521913 0.964396
    endloop
  endfacet
  facet normal -0.045943 -0.750881 0.658837
    outer loop
      vertex 6.431301 3.521913 0.964396
      vertex 7.358204 3.353774 0.837404
      vertex 7.594708 3.590278 1.123440
    endloop
  endfacet
  facet normal -0.045943 -0.750881 0.658837
    outer loop
      vertex 6.431301 3.521913 0.964396
      vertex 7.594708 3.590278 1.123440
      vertex 6.756821 3.847432 1.358092
    endloop
  endfacet
  facet normal 0.073900 -0.530038 0.844747
    outer loop
      vertex 6.756821 3.847432 1.358092
      vertex 7.594708 3.590278 1.123440
      vertex 7.948660 3.944231 1.314564
    endloop
  endfacet
  facet normal 0.073900 -0.530038 0.844747
    outer loop
      vertex 6.756821 3.847432 1.358092
      vertex 7.948660 3.944231 1.314564
      vertex 7.243994 4.334606 1.621151
    endloop
  endfacet
  facet normal 0.203561 -0.350510 0.914170
    outer loop
      vertex 7.243994 4.334606 1.621151
      vertex 7.948660 3.944231 1.314564
      vertex 8.366176 4.361746 1.381678
    endloop
  endfacet
  facet normal 0.203561 -0.350510 0.914170
    outer loop
      vertex 7.243994 4.334606 1.621151
      vertex 8.366176 4.361746 1.381678
      vertex 7.818655 4.909267 1.713525
    endloop
  endfacet
  facet normal 0.350510 -0.203561 0.914170
    outer loop
      vertex 7.818655 4.909267 1.713525
      vertex 8.366176 4.361746 1.381678
      vertex 8.783691 4.779262 1.314564
    endloop
  endfacet
  facet normal 0.350510 -0.203561 0.914170
    outer loop
      vertex 7.818655 4.909267 1.713525
      vertex 8.783691 4.779262 1.314564
      vertex 8.393316 5.483928 1.621151
    endloop
  endfacet
  facet normal 0.530038 -0.073900 0.844747
    outer loop
      vertex 8.393316 5.483928 1.621151
      vertex 8.783691 4.779262 1.314564
      vertex 9.137644 5.133214 1.123440
    endloop
  endfacet
  facet normal 0.530038 -0.073900 0.844747
    outer loop
      vertex 8.393316 5.483928 1.621151
      vertex 9.137644 5.133214 1.123440
      vertex 8.880490 5.971102 1.358092
    endloop
  endfacet
  facet normal 0.750881 0.045943 0.658837
    outer loop
      vertex 8.880490 5.971102 1.358092
      vertex 9.137644 5.133214 1.123440
      vertex 9.374148 5.369718 0.837404
    endloop
  endfacet
  facet normal 0.750881 0.045943 0.658837
    outer loop
      vertex 8.880490 5.971102 1.358092
      vertex 9.374148 5.369718 0.837404
      vertex 9.206009 6.296621 0.964396
    endloop
  endfacet
  facet normal 0.953662 0.136237 0.268269
    outer loop
      vertex 9.206009 6.296621 0.964396
      vertex 9.374148 5.369718 0.837404
      vertex 9.457197 5.452767 0.500000
    endloop
  endfacet
  facet normal 0.953662 0.136237 0.268269
    outer loop
      vertex 9.206009 6.296621 0.964396
      vertex 9.457197 5.452767 0.500000
      vertex 9.320316 6.410928 0.500000
    endloop
  endfacet
  facet normal 0.184049 -0.963987 0.191975
    outer loop
      vertex 7.275155 3.270725 0.500000
      vertex 8.144122 3.436633 0.500000
      vertex 8.187784 3.480294 0.677384
    endloop
  endfacet
  facet normal 0.184049 -0.963987 0.191975
    outer loop
      vertex 7.275155 3.270725 0.500000
      vertex 8.187784 3.480294 0.677384
      vertex 7.358204 3.353774 0.837404
    endloop
  endfacet
  facet normal 0.224421 -0.834018 0.504033
    outer loop
      vertex 7.358204 3.353774 0.837404
      vertex 8.187784 3.480294 0.677384
      vertex 8.312121 3.604631 0.827762
    endloop
  endfacet
  facet normal 0.224421 -0.834018 0.504033
    outer loop
      vertex 7.358204 3.353774 0.837404
      vertex 8.312121 3.604631 0.827762
      vertex 7.594708 3.590278 1.123440
    endloop
  endfacet
  facet normal 0.295704 -0.665669 0.685160
    outer loop
      vertex 7.594708 3.590278 1.123440
      vertex 8.312121 3.604631 0.827762
      vertex 8.498205 3.790715 0.928242
    endloop
  endfacet
  facet normal 0.295704 -0.665669 0.685160
    outer loop
      vertex 7.594708 3.590278 1.123440
      vertex 8.498205 3.790715 0.928242
      vertex 7.948660 3.944231 1.314564
    endloop
  endfacet
  facet normal 0.392172 -0.514725 0.762404
    outer loop
      vertex 7.948660 3.944231 1.314564
      vertex 8.498205 3.790715 0.928242
      vertex 8.717706 4.010216 0.963525
    endloop
  endfacet
  facet normal 0.392172 -0.514725 0.762404
    outer loop
      vertex 7.948660 3.944231 1.314564
      vertex 8.717706 4.010216 0.963525
      vertex 8.366176 4.361746 1.381678
    endloop
  endfacet
  facet normal 0.514725 -0.392172 0.762404
    outer loop
      vertex 8.366176 4.361746 1.381678
      vertex 8.717706 4.010216 0.963525
      vertex 8.937207 4.229717 0.928242
    endloop
  endfacet
  facet normal 0.514725 -0.392172 0.762404
    outer loop
      vertex 8.366176 4.361746 1.381678
      vertex 8.937207 4.229717 0.928242
      vertex 8.783691 4.779262 1.314564
    endloop
  endfacet
  facet normal 0.665669 -0.295704 0.685160
    outer loop
      vertex 8.783691 4.779262 1.314564
      vertex 8.937207 4.229717 0.928242
      vertex 9.123291 4.415801 0.827762
    endloop
  endfacet
  facet normal 0.665669 -0.295704 0.685160
    outer loop
      vertex 8.783691 4.779262 1.314564
      vertex 9.123291 4.415801 0.827762
      vertex 9.137644 5.133214 1.123440
    endloop
  endfacet
  facet normal 0.834018 -0.224421 0.504033
    outer loop
      vertex 9.137644 5.133214 1.123440
      vertex 9.123291 4.415801 0.827762
      vertex 9.247628 4.540138 0.677384
    endloop
  endfacet
  facet normal 0.834018 -0.224421 0.504033
    outer loop
      vertex 9.137644 5.133214 1.123440
      vertex 9.247628 4.540138 0.677384
      vertex 9.374148 5.369718 0.837404
    endloop
  endfacet
  facet normal 0.963987 -0.184049 0.191975
    outer loop
      vertex 9.374148 5.369718 0.837404
      vertex 9.247628 4.540138 0.677384
      vertex 9.291289 4.583800 0.500000
    endloop
  endfacet
  facet normal 0.963987 -0.184049 0.191975
    outer loop
      vertex 9.374148 5.369718 0.837404
      vertex 9.291289 4.583800 0.500000
      vertex 9.457197 5.452767 0.500000
    endloop
  endfacet
  facet normal 0.000000 0.000000 1.000000
    outer loop
      vertex 8.144122 3.436633 0.500000
      vertex 8.838835 3.889087 0.500000
      vertex 8.838835 3.889087 0.500000
    endloop
  endfacet
  facet normal 0.544338 -0.835793 0.071739
    outer loop
      vertex 8.144122 3.436633 0.500000
      vertex 8.838835 3.889087 0.500000
      vertex 8.187784 3.480294 0.677384
    endloop
  endfacet
  facet normal 0.000000 0.000000 1.000000
    outer loop
      vertex 8.187784 3.480294 0.677384
      vertex 8.838835 3.889087 0.500000
      vertex 8.838835 3.889087 0.500000
    endloop
  endfacet
  facet normal 0.559670 -0.803764 0.201824
    outer loop
      vertex 8.187784 3.480294 0.677384
      vertex 8.838835 3.889087 0.500000
      vertex 8.312121 3.604631 0.827762
    endloop
  endfacet
  facet normal 0.000000 0.000000 1.000000
    outer loop
      vertex 8.312121 3.604631 0.827762
      vertex 8.838835 3.889087 0.500000
      vertex 8.838835 3.889087 0.500000
    endloop
  endfacet
  facet normal 0.590214 -0.750608 0.297042
    outer loop
      vertex 8.312121 3.604631 0.827762
      vertex 8.838835 3.889087 0.500000
      vertex 8.498205 3.790715 0.928242
    endloop
  endfacet
  facet normal 0.000000 0.000000 1.000000
    outer loop
      vertex 8.498205 3.790715 0.928242
      vertex 8.838835 3.889087 0.500000
      vertex 8.838835 3.889087 0.500000
    endloop
  endfacet
  facet normal 0.634909 -0.690588 0.346380
    outer loop
      vertex 8.498205 3.790715 0.928242
      vertex 8.838835 3.889087 0.500000
      vertex 8.717706 4.010216 0.963525
    endloop
  endfacet
  facet normal 0.000000 0.000000 1.000000
    outer loop
      vertex 8.717706 4.010216 0.963525
      vertex 8.838835 3.889087 0.500000
      vertex 8.838835 3.889087 0.500000
    endloop
  endfacet
  facet normal 0.690588 -0.634909 0.346380
    outer loop
      vertex 8.717706 4.010216 0.963525
      vertex 8.838835 3.889087 0.500000
      vertex 8.937207 4.229717 0.928242
    endloop
  endfacet
  facet normal 0.000000 0.000000 1.000000
    outer loop
      vertex 8.937207 4.229717 0.928242
      vertex 8.838835 3.889087 0.500000
      vertex 8.838835 3.889087 0.500000
    endloop
  endfacet
  facet normal 0.750608 -0.590214 0.297042
    outer loop
      vertex 8.937207 4.229717 0.928242
      vertex 8.838835 3.889087 0.500000
      vertex 9.123291 4.415801 0.827762
    endloop
  endfacet
  facet normal 0.000000 0.000000 1.000000
    outer loop
      vertex 9.123291 4.415801 0.827762
      vertex 8.838835 3.889087 0.500000
      vertex 8.838835 3.889087 0.500000
    endloop
  endfacet
  facet normal 0.803764 -0.559670 0.201824
    outer loop
      vertex 9.123291 4.415801 0.827762
      vertex 8.838835 3.889087 0.500000
      vertex 9.247628 4.540138 0.677384
    endloop
  endfacet
  facet normal 0.000000 0.000000 1.000000
    outer loop
      vertex 9.247628 4.540138 0.677384
      vertex 8.838835 3.889087 0.500000
      vertex 8.838835 3.889087 0.500000
    endloop
  endfacet
  facet normal 0.835793 -0.544338 0.071739
    outer loop
      vertex 9.247628 4.540138 0.677384
      vertex 8.838835 3.889087 0.500000
      vertex 9.291289 4.583800 0.500000
    endloop
  endfacet
  facet normal -0.975900 -0.206090 0.071739
    outer loop
      vertex -3.500000 9.000000 0.500000
      vertex -3.328698 8.188830 0.500000
      vertex -3.328698 8.250577 0.677384
    endloop
  endfacet
  facet normal 0.000000 0.000000 1.000000
    outer loop
      vertex -3.500000 9.000000 0.500000
      vertex -3.328698 8.250577 0.677384
      vertex -3.500000 9.000000 0.500000
    endloop
  endfacet
  facet normal -0.964093 -0.172601 0.201824
    outer loop
      vertex -3.500000 9.000000 0.500000
      vertex -3.328698 8.250577 0.677384
      vertex -3.328698 8.426416 0.827762
    endloop
  endfacet
  facet normal 0.000000 0.000000 1.000000
    outer loop
      vertex -3.500000 9.000000 0.500000
      vertex -3.328698 8.426416 0.827762
      vertex -3.500000 9.000000 0.500000
    endloop
  endfacet
  facet normal -0.948105 -0.113416 0.297042
    outer loop
      vertex -3.500000 9.000000 0.500000
      vertex -3.328698 8.426416 0.827762
      vertex -3.328698 8.689579 0.928242
    endloop
  endfacet
  facet normal 0.000000 0.000000 1.000000
    outer loop
      vertex -3.500000 9.000000 0.500000
      vertex -3.328698 8.689579 0.928242
      vertex -3.500000 9.000000 0.500000
    endloop
  endfacet
  facet normal -0.937268 -0.039371 0.346380
    outer loop
      vertex -3.500000 9.000000 0.500000
      vertex -3.328698 8.689579 0.928242
      vertex -3.328698 9.000000 0.963525
    endloop
  endfacet
  facet normal 0.000000 0.000000 1.000000
    outer loop
      vertex -3.500000 9.000000 0.500000
      vertex -3.328698 9.000000 0.963525
      vertex -3.500000 9.000000 0.500000
    endloop
  endfacet
  facet normal -0.937268 0.039371 0.346380
    outer loop
      vertex -3.500000 9.000000 0.500000
      vertex -3.328698 9.000000 0.963525
      vertex -3.328698 9.310421 0.928242
    endloop
  endfacet
  facet normal 0.000000 0.000000 1.000000
    outer loop
      vertex -3.500000 9.000000 0.500000
      vertex -3.328698 9.310421 0.928242
      vertex -3.500000 9.000000 0.500000
    endloop
  endfacet
  facet normal -0.948105 0.113416 0.297042
    outer loop
      vertex -3.500000 9.000000 0.500000
      vertex -3.328698 9.310421 0.928242
      vertex -3.328698 9.573584 0.827762
    endloop
  endfacet
  facet normal 0.000000 0.000000 1.000000
    outer loop
      vertex -3.500000 9.000000 0.500000
      vertex -3.328698 9.573584 0.827762
      vertex -3.500000 9.000000 0.500000
    endloop
  endfacet
  facet normal -0.964093 0.172601 0.201824
    outer loop
      vertex -3.500000 9.000000 0.500000
      vertex -3.328698 9.573584 0.827762
      vertex -3.328698 9.749423 0.677384
    endloop
  endfacet
  facet normal 0.000000 0.000000 1.000000
    outer loop
      vertex -3.500000 9.000000 0.500000
      vertex -3.328698 9.749423 0.677384
      vertex -3.500000 9.000000 0.500000
    endloop
  endfacet
  facet normal -0.975900 0.206090 0.071739
    outer loop
      vertex -3.500000 9.000000 0.500000
      vertex -3.328698 9.749423 0.677384
      vertex -3.328698 9.811170 0.500000
    endloop
  endfacet
  facet normal 0.000000 0.000000 1.000000
    outer loop
      vertex -3.500000 9.000000 0.500000
      vertex -3.328698 9.811170 0.500000
      vertex -3.500000 9.000000 0.500000
    endloop
  endfacet
  facet normal -0.811784 -0.551500 0.191975
    outer loop
      vertex -3.328698 8.188830 0.500000
      vertex -2.831559 7.457064 0.500000
      vertex -2.831559 7.574513 0.837404
    endloop
  endfacet
  facet normal -0.811784 -0.551500 0.191975
    outer loop
      vertex -3.328698 8.188830 0.500000
      vertex -2.831559 7.574513 0.837404
      vertex -3.328698 8.250577 0.677384
    endloop
  endfacet
  facet normal -0.748430 -0.431050 0.504033
    outer loop
      vertex -3.328698 8.250577 0.677384
      vertex -2.831559 7.574513 0.837404
      vertex -2.831559 7.908979 1.123440
    endloop
  endfacet
  facet normal -0.748430 -0.431050 0.504033
    outer loop
      vertex -3.328698 8.250577 0.677384
      vertex -2.831559 7.908979 1.123440
      vertex -3.328698 8.426416 0.827762
    endloop
  endfacet
  facet normal -0.679793 -0.261605 0.685160
    outer loop
      vertex -3.328698 8.426416 0.827762
      vertex -2.831559 7.908979 1.123440
      vertex -2.831559 8.409544 1.314564
    endloop
  endfacet
  facet normal -0.679793 -0.261605 0.685160
    outer loop
      vertex -3.328698 8.426416 0.827762
      vertex -2.831559 8.409544 1.314564
      vertex -3.328698 8.689579 0.928242
    endloop
  endfacet
  facet normal -0.641272 -0.086658 0.762404
    outer loop
      vertex -3.328698 8.689579 0.928242
      vertex -2.831559 8.409544 1.314564
      vertex -2.831559 9.000000 1.381678
    endloop
  endfacet
  facet normal -0.641272 -0.086658 0.762404
    outer loop
      vertex -3.328698 8.689579 0.928242
      vertex -2.831559 9.000000 1.381678
      vertex -3.328698 9.000000 0.963525
    endloop
  endfacet
  facet normal -0.641272 0.086658 0.762404
    outer loop
      vertex -3.328698 9.000000 0.963525
      vertex -2.831559 9.000000 1.381678
      vertex -2.831559 9.590456 1.314564
    endloop
  endfacet
  facet normal -0.641272 0.086658 0.762404
    outer loop
      vertex -3.328698 9.000000 0.963525
      vertex -2.831559 9.590456 1.314564
      vertex -3.328698 9.310421 0.928242
    endloop
  endfacet
  facet normal -0.679793 0.261605 0.685160
    outer loop
      vertex -3.328698 9.310421 0.928242
      vertex -2.831559 9.590456 1.314564
      vertex -2.831559 10.091021 1.123440
    endloop
  endfacet
  facet normal -0.679793 0.261605 0.685160
    outer loop
      vertex -3.328698 9.310421 0.928242
      vertex -2.831559 10.091021 1.123440
      vertex -3.328698 9.573584 0.827762
    endloop
  endfacet
  facet normal -0.748430 0.431050 0.504033
    outer loop
      vertex -3.328698 9.573584 0.827762
      vertex -2.831559 10.091021 1.123440
      vertex -2.831559 10.425487 0.837404
    endloop
  endfacet
  facet normal -0.748430 0.431050 0.504033
    outer loop
      vertex -3.328698 9.573584 0.827762
      vertex -2.831559 10.425487 0.837404
      vertex -3.328698 9.749423 0.677384
    endloop
  endfacet
  facet normal -0.811784 0.551500 0.191975
    outer loop
      vertex -3.328698 9.749423 0.677384
      vertex -2.831559 10.425487 0.837404
      vertex -2.831559 10.542936 0.500000
    endloop
  endfacet
  facet normal -0.811784 0.551500 0.191975
    outer loop
      vertex -3.328698 9.749423 0.677384
      vertex -2.831559 10.542936 0.500000
      vertex -3.328698 9.811170 0.500000
    endloop
  endfacet
  facet normal -0.578006 -0.770675 0.268269
    outer loop
      vertex -2.831559 7.457064 0.500000
      vertex -2.057248 6.876330 0.500000
      vertex -2.057248 7.037985 0.964396
    endloop
  endfacet
  facet normal -0.578006 -0.770675 0.268269
    outer loop
      vertex -2.831559 7.457064 0.500000
      vertex -2.057248 7.037985 0.964396
      vertex -2.831559 7.574513 0.837404
    endloop
  endfacet
  facet normal -0.498467 -0.563440 0.658837
    outer loop
      vertex -2.831559 7.574513 0.837404
      vertex -2.057248 7.037985 0.964396
      vertex -2.057248 7.498339 1.358092
    endloop
  endfacet
  facet normal -0.498467 -0.563440 0.658837
    outer loop
      vertex -2.831559 7.574513 0.837404
      vertex -2.057248 7.498339 1.358092
      vertex -2.831559 7.908979 1.123440
    endloop
  endfacet
  facet normal -0.427049 -0.322538 0.844747
    outer loop
      vertex -2.831559 7.908979 1.123440
      vertex -2.057248 7.498339 1.358092
      vertex -2.057248 8.187307 1.621151
    endloop
  endfacet
  facet normal -0.427049 -0.322538 0.844747
    outer loop
      vertex -2.831559 7.908979 1.123440
      vertex -2.057248 8.187307 1.621151
      vertex -2.831559 8.409544 1.314564
    endloop
  endfacet
  facet normal -0.391787 -0.103908 0.914170
    outer loop
      vertex -2.831559 8.409544 1.314564
      vertex -2.057248 8.187307 1.621151
      vertex -2.057248 9.000000 1.713525
    endloop
  endfacet
  facet normal -0.391787 -0.103908 0.914170
    outer loop
      vertex -2.831559 8.409544 1.314564
      vertex -2.057248 9.000000 1.713525
      vertex -2.831559 9.000000 1.381678
    endloop
  endfacet
  facet normal -0.391787 0.103908 0.914170
    outer loop
      vertex -2.831559 9.000000 1.381678
      vertex -2.057248 9.000000 1.713525
      vertex -2.057248 9.812693 1.621151
    endloop
  endfacet
  facet normal -0.391787 0.103908 0.914170
    outer loop
      vertex -2.831559 9.000000 1.381678
      vertex -2.057248 9.812693 1.621151
      vertex -2.831559 9.590456 1.314564
    endloop
  endfacet
  facet normal -0.427049 0.322538 0.844747
    outer loop
      vertex -2.831559 9.590456 1.314564
      vertex -2.057248 9.812693 1.621151
      vertex -2.057248 10.501661 1.358092
    endloop
  endfacet
  facet normal -0.427049 0.322538 0.844747
    outer loop
      vertex -2.831559 9.590456 1.314564
      vertex -2.057248 10.501661 1.358092
      vertex -2.831559 10.091021 1.123440
    endloop
  endfacet
  facet normal -0.498467 0.563440 0.658837
    outer loop
      vertex -2.831559 10.091021 1.123440
      vertex -2.057248 10.501661 1.358092
      vertex -2.057248 10.962015 0.964396
    endloop
  endfacet
  facet normal -0.498467 0.563440 0.658837
    outer loop
      vertex -2.831559 10.091021 1.123440
      vertex -2.057248 10.962015 0.964396
      vertex -2.831559 10.425487 0.837404
    endloop
  endfacet
  facet normal -0.578006 0.770675 0.268269
    outer loop
      vertex -2.831559 10.425487 0.837404
      vertex -2.057248 10.962015 0.964396
      vertex -2.057248 11.123670 0.500000
    endloop
  endfacet
  facet normal -0.578006 0.770675 0.268269
    outer loop
      vertex -2.831559 10.425487 0.837404
      vertex -2.057248 11.123670 0.500000
      vertex -2.831559 10.542936 0.500000
    endloop
  endfacet
  facet normal -0.339472 -0.888334 0.309226
    outer loop
      vertex -2.057248 6.876330 0.500000
      vertex -1.081559 6.503477 0.500000
      vertex -1.081559 6.693513 1.045930
    endloop
  endfacet
  facet normal -0.339472 -0.888334 0.309226
    outer loop
      vertex -2.057248 6.876330 0.500000
      vertex -1.081559 6.693513 1.045930
      vertex -2.057248 7.037985 0.964396
    endloop
  endfacet
  facet normal -0.281156 -0.623724 0.729328
    outer loop
      vertex -2.057248 7.037985 0.964396
      vertex -1.081559 6.693513 1.045930
      vertex -1.081559 7.234691 1.508748
    endloop
  endfacet
  facet normal -0.281156 -0.623724 0.729328
    outer loop
      vertex -2.057248 7.037985 0.964396
      vertex -1.081559 7.234691 1.508748
      vertex -2.057248 7.498339 1.358092
    endloop
  endfacet
  facet normal -0.233960 -0.346800 0.908291
    outer loop
      vertex -2.057248 7.498339 1.358092
      vertex -1.081559 7.234691 1.508748
      vertex -1.081559 8.044622 1.817992
    endloop
  endfacet
  facet normal -0.233960 -0.346800 0.908291
    outer loop
      vertex -2.057248 7.498339 1.358092
      vertex -1.081559 8.044622 1.817992
      vertex -2.057248 8.187307 1.621151
    endloop
  endfacet
  facet normal -0.212037 -0.110369 0.971009
    outer loop
      vertex -2.057248 8.187307 1.621151
      vertex -1.081559 8.044622 1.817992
      vertex -1.081559 9.000000 1.926585
    endloop
  endfacet
  facet normal -0.212037 -0.110369 0.971009
    outer loop
      vertex -2.057248 8.187307 1.621151
      vertex -1.081559 9.000000 1.926585
      vertex -2.057248 9.000000 1.713525
    endloop
  endfacet
  facet normal -0.212037 0.110369 0.971009
    outer loop
      vertex -2.057248 9.000000 1.713525
      vertex -1.081559 9.000000 1.926585
      vertex -1.081559 9.955378 1.817992
    endloop
  endfacet
  facet normal -0.212037 0.110369 0.971009
    outer loop
      vertex -2.057248 9.000000 1.713525
      vertex -1.081559 9.955378 1.817992
      vertex -2.057248 9.812693 1.621151
    endloop
  endfacet
  facet normal -0.233960 0.346800 0.908291
    outer loop
      vertex -2.057248 9.812693 1.621151
      vertex -1.081559 9.955378 1.817992
      vertex -1.081559 10.765309 1.508748
    endloop
  endfacet
  facet normal -0.233960 0.346800 0.908291
    outer loop
      vertex -2.057248 9.812693 1.621151
      vertex -1.081559 10.765309 1.508748
      vertex -2.057248 10.501661 1.358092
    endloop
  endfacet
  facet normal -0.281156 0.623724 0.729328
    outer loop
      vertex -2.057248 10.501661 1.358092
      vertex -1.081559 10.765309 1.508748
      vertex -1.081559 11.306487 1.045930
    endloop
  endfacet
  facet normal -0.281156 0.623724 0.729328
    outer loop
      vertex -2.057248 10.501661 1.358092
      vertex -1.081559 11.306487 1.045930
      vertex -2.057248 10.962015 0.964396
    endloop
  endfacet
  facet normal -0.339472 0.888334 0.309226
    outer loop
      vertex -2.057248 10.962015 0.964396
      vertex -1.081559 11.306487 1.045930
      vertex -1.081559 11.496523 0.500000
    endloop
  endfacet
  facet normal -0.339472 0.888334 0.309226
    outer loop
      vertex -2.057248 10.962015 0.964396
      vertex -1.081559 11.496523 0.500000
      vertex -2.057248 11.123670 0.500000
    endloop
  endfacet
  facet normal -0.111486 -0.938530 0.326699
    outer loop
      vertex -1.081559 6.503477 0.500000
      vertex 0.000000 6.375000 0.500000
      vertex 0.000000 6.574816 1.074025
    endloop
  endfacet
  facet normal -0.111486 -0.938530 0.326699
    outer loop
      vertex -1.081559 6.503477 0.500000
      vertex 0.000000 6.574816 1.074025
      vertex -1.081559 6.693513 1.045930
    endloop
  endfacet
  facet normal -0.090695 -0.647263 0.756852
    outer loop
      vertex -1.081559 6.693513 1.045930
      vertex 0.000000 6.574816 1.074025
      vertex 0.000000 7.143845 1.560660
    endloop
  endfacet
  facet normal -0.090695 -0.647263 0.756852
    outer loop
      vertex -1.081559 6.693513 1.045930
      vertex 0.000000 7.143845 1.560660
      vertex -1.081559 7.234691 1.508748
    endloop
  endfacet
  facet normal -0.074593 -0.355706 0.931616
    outer loop
      vertex -1.081559 7.234691 1.508748
      vertex 0.000000 7.143845 1.560660
      vertex 0.000000 7.995456 1.885819
    endloop
  endfacet
  facet normal -0.074593 -0.355706 0.931616
    outer loop
      vertex -1.081559 7.234691 1.508748
      vertex 0.000000 7.995456 1.885819
      vertex -1.081559 8.044622 1.817992
    endloop
  endfacet
  facet normal -0.067292 -0.112681 0.991350
    outer loop
      vertex -1.081559 8.044622 1.817992
      vertex 0.000000 7.995456 1.885819
      vertex 0.000000 9.000000 2.000000
    endloop
  endfacet
  facet normal -0.067292 -0.112681 0.991350
    outer loop
      vertex -1.081559 8.044622 1.817992
      vertex 0.000000 9.000000 2.000000
      vertex -1.081559 9.000000 1.926585
    endloop
  endfacet
  facet normal -0.067292 0.112681 0.991350
    outer loop
      vertex -1.081559 9.000000 1.926585
      vertex 0.000000 9.000000 2.000000
      vertex 0.000000 10.004544 1.885819
    endloop
  endfacet
  facet normal -0.067292 0.112681 0.991350
    outer loop
      vertex -1.081559 9.000000 1.926585
      vertex 0.000000 10.004544 1.885819
      vertex -1.081559 9.955378 1.817992
    endloop
  endfacet
  facet normal -0.074593 0.355706 0.931616
    outer loop
      vertex -1.081559 9.955378 1.817992
      vertex 0.000000 10.004544 1.885819
      vertex 0.000000 10.856155 1.560660
    endloop
  endfacet
  facet normal -0.074593 0.355706 0.931616
    outer loop
      vertex -1.081559 9.955378 1.817992
      vertex 0.000000 10.856155 1.560660
      vertex -1.081559 10.765309 1.508748
    endloop
  endfacet
  facet normal -0.090695 0.647263 0.756852
    outer loop
      vertex -1.081559 10.765309 1.508748
      vertex 0.000000 10.856155 1.560660
      vertex 0.000000 11.425184 1.074025
    endloop
  endfacet
  facet normal -0.090695 0.647263 0.756852
    outer loop
      vertex -1.081559 10.765309 1.508748
      vertex 0.000000 11.425184 1.074025
      vertex -1.081559 11.306487 1.045930
    endloop
  endfacet
  facet normal -0.111486 0.938530 0.326699
    outer loop
      vertex -1.081559 11.306487 1.045930
      vertex 0.000000 11.425184 1.074025
      vertex 0.000000 11.625000 0.500000
    endloop
  endfacet
  facet normal -0.111486 0.938530 0.326699
    outer loop
      vertex -1.081559 11.306487 1.045930
      vertex 0.000000 11.625000 0.500000
      vertex -1.081559 11.496523 0.500000
    endloop
  endfacet
  facet normal 0.111486 -0.938530 0.326699
    outer loop
      vertex 0.000000 6.375000 0.500000
      vertex 1.081559 6.503477 0.500000
      vertex 1.081559 6.693513 1.045930
    endloop
  endfacet
  facet normal 0.111486 -0.938530 0.326699
    outer loop
      vertex 0.000000 6.375000 0.500000
      vertex 1.081559 6.693513 1.045930
      vertex 0.000000 6.574816 1.074025
    endloop
  endfacet
  facet normal 0.090695 -0.647263 0.756852
    outer loop
      vertex 0.000000 6.574816 1.074025
      vertex 1.081559 6.693513 1.045930
      vertex 1.081559 7.234691 1.508748
    endloop
  endfacet
  facet normal 0.090695 -0.647263 0.756852
    outer loop
      vertex 0.000000 6.574816 1.074025
      vertex 1.081559 7.234691 1.508748
      vertex 0.000000 7.143845 1.560660
    endloop
  endfacet
  facet normal 0.074593 -0.355706 0.931616
    outer loop
      vertex 0.000000 7.143845 1.560660
      vertex 1.081559 7.234691 1.508748
      vertex 1.081559 8.044622 1.817992
    endloop
  endfacet
  facet normal 0.074593 -0.355706 0.931616
    outer loop
      vertex 0.000000 7.143845 1.560660
      vertex 1.081559 8.044622 1.817992
      vertex 0.000000 7.995456 1.885819
    endloop
  endfacet
  facet normal 0.067292 -0.112681 0.991350
    outer loop
      vertex 0.000000 7.995456 1.885819
      vertex 1.081559 8.044622 1.817992
      vertex 1.081559 9.000000 1.926585
    endloop
  endfacet
  facet normal 0.067292 -0.112681 0.991350
    outer loop
      vertex 0.000000 7.995456 1.885819
      vertex 1.081559 9.000000 1.926585
      vertex 0.000000 9.000000 2.000000
    endloop
  endfacet
  facet normal 0.067292 0.112681 0.991350
    outer loop
      vertex 0.000000 9.000000 2.000000
      vertex 1.081559 9.000000 1.926585
      vertex 1.081559 9.955378 1.817992
    endloop
  endfacet
  facet normal 0.067292 0.112681 0.991350
    outer loop
      vertex 0.000000 9.000000 2.000000
      vertex 1.081559 9.955378 1.817992
      vertex 0.000000 10.004544 1.885819
    endloop
  endfacet
  facet normal 0.074593 0.355706 0.931616
    outer loop
      vertex 0.000000 10.004544 1.885819
      vertex 1.081559 9.955378 1.817992
      vertex 1.081559 10.765309 1.508748
    endloop
  endfacet
  facet normal 0.074593 0.355706 0.931616
    outer loop
      vertex 0.000000 10.004544 1.885819
      vertex 1.081559 10.765309 1.508748
      vertex 0.000000 10.856155 1.560660
    endloop
  endfacet
  facet normal 0.090695 0.647263 0.756852
    outer loop
      vertex 0.000000 10.856155 1.560660
      vertex 1.081559 10.765309 1.508748
      vertex 1.081559 11.306487 1.045930
    endloop
  endfacet
  facet normal 0.090695 0.647263 0.756852
    outer loop
      vertex 0.000000 10.856155 1.560660
      vertex 1.081559 11.306487 1.045930
      vertex 0.000000 11.425184 1.074025
    endloop
  endfacet
  facet normal 0.111486 0.938530 0.326699
    outer loop
      vertex 0.000000 11.425184 1.074025
      vertex 1.081559 11.306487 1.045930
      vertex 1.081559 11.496523 0.500000
    endloop
  endfacet
  facet normal 0.111486 0.938530 0.326699
    outer loop
      vertex 0.000000 11.425184 1.074025
      vertex 1.081559 11.496523 0.500000
      vertex 0.000000 11.625000 0.500000
    endloop
  endfacet
  facet normal 0.339472 -0.888334 0.309226
    outer loop
      vertex 1.081559 6.503477 0.500000
      vertex 2.057248 6.876330 0.500000
      vertex 2.057248 7.037985 0.964396
    endloop
  endfacet
  facet normal 0.339472 -0.888334 0.309226
    outer loop
      vertex 1.081559 6.503477 0.500000
      vertex 2.057248 7.037985 0.964396
      vertex 1.081559 6.693513 1.045930
    endloop
  endfacet
  facet normal 0.281156 -0.623724 0.729328
    outer loop
      vertex 1.081559 6.693513 1.045930
      vertex 2.057248 7.037985 0.964396
      vertex 2.057248 7.498339 1.358092
    endloop
  endfacet
  facet normal 0.281156 -0.623724 0.729328
    outer loop
      vertex 1.081559 6.693513 1.045930
      vertex 2.057248 7.498339 1.358092
      vertex 1.081559 7.234691 1.508748
    endloop
  endfacet
  facet normal 0.233960 -0.346800 0.908291
    outer loop
      vertex 1.081559 7.234691 1.508748
      vertex 2.057248 7.498339 1.358092
      vertex 2.057248 8.187307 1.621151
    endloop
  endfacet
  facet normal 0.233960 -0.346800 0.908291
    outer loop
      vertex 1.081559 7.234691 1.508748
      vertex 2.057248 8.187307 1.621151
      vertex 1.081559 8.044622 1.817992
    endloop
  endfacet
  facet normal 0.212037 -0.110369 0.971009
    outer loop
      vertex 1.081559 8.044622 1.817992
      vertex 2.057248 8.187307 1.621151
      vertex 2.057248 9.000000 1.713525
    endloop
  endfacet
  facet normal 0.212037 -0.110369 0.971009
    outer loop
      vertex 1.081559 8.044622 1.817992
      vertex 2.057248 9.000000 1.713525
      vertex 1.081559 9.000000 1.926585
    endloop
  endfacet
  facet normal 0.212037 0.110369 0.971009
    outer loop
      vertex 1.081559 9.000000 1.926585
      vertex 2.057248 9.000000 1.713525
      vertex 2.057248 9.812693 1.621151
    endloop
  endfacet
  facet normal 0.212037 0.110369 0.971009
    outer loop
      vertex 1.081559 9.000000 1.926585
      vertex 2.057248 9.812693 1.621151
      vertex 1.081559 9.955378 1.817992
    endloop
  endfacet
  facet normal 0.233960 0.346800 0.908291
    outer loop
      vertex 1.081559 9.955378 1.817992
      vertex 2.057248 9.812693 1.621151
      vertex 2.057248 10.501661 1.358092
    endloop
  endfacet
  facet normal 0.233960 0.346800 0.908291
    outer loop
      vertex 1.081559 9.955378 1.817992
      vertex 2.057248 10.501661 1.358092
      vertex 1.081559 10.765309 1.508748
    endloop
  endfacet
  facet normal 0.281156 0.623724 0.729328
    outer loop
      vertex 1.081559 10.765309 1.508748
      vertex 2.057248 10.501661 1.358092
      vertex 2.057248 10.962015 0.964396
    endloop
  endfacet
  facet normal 0.281156 0.623724 0.729328
    outer loop
      vertex 1.081559 10.765309 1.508748
      vertex 2.057248 10.962015 0.964396
      vertex 1.081559 11.306487 1.045930
    endloop
  endfacet
  facet normal 0.339472 0.888334 0.309226
    outer loop
      vertex 1.081559 11.306487 1.045930
      vertex 2.057248 10.962015 0.964396
      vertex 2.057248 11.123670 0.500000
    endloop
  endfacet
  facet normal 0.339472 0.888334 0.309226
    outer loop
      vertex 1.081559 11.306487 1.045930
      vertex 2.057248 11.123670 0.500000
      vertex 1.081559 11.496523 0.500000
    endloop
  endfacet
  facet normal 0.578006 -0.770675 0.268269
    outer loop
      vertex 2.057248 6.876330 0.500000
      vertex 2.831559 7.457064 0.500000
      vertex 2.831559 7.574513 0.837404
    endloop
  endfacet
  facet normal 0.578006 -0.770675 0.268269
    outer loop
      vertex 2.057248 6.876330 0.500000
      vertex 2.831559 7.574513 0.837404
      vertex 2.057248 7.037985 0.964396
    endloop
  endfacet
  facet normal 0.498467 -0.563440 0.658837
    outer loop
      vertex 2.057248 7.037985 0.964396
      vertex 2.831559 7.574513 0.837404
      vertex 2.831559 7.908979 1.123440
    endloop
  endfacet
  facet normal 0.498467 -0.563440 0.658837
    outer loop
      vertex 2.057248 7.037985 0.964396
      vertex 2.831559 7.908979 1.123440
      vertex 2.057248 7.498339 1.358092
    endloop
  endfacet
  facet normal 0.427049 -0.322538 0.844747
    outer loop
      vertex 2.057248 7.498339 1.358092
      vertex 2.831559 7.908979 1.123440
      vertex 2.831559 8.409544 1.314564
    endloop
  endfacet
  facet normal 0.427049 -0.322538 0.844747
    outer loop
      vertex 2.057248 7.498339 1.358092
      vertex 2.831559 8.409544 1.314564
      vertex 2.057248 8.187307 1.621151
    endloop
  endfacet
  facet normal 0.391787 -0.103908 0.914170
    outer loop
      vertex 2.057248 8.187307 1.621151
      vertex 2.831559 8.409544 1.314564
      vertex 2.831559 9.000000 1.381678
    endloop
  endfacet
  facet normal 0.391787 -0.103908 0.914170
    outer loop
      vertex 2.057248 8.187307 1.621151
      vertex 2.831559 9.000000 1.381678
      vertex 2.057248 9.000000 1.713525
    endloop
  endfacet
  facet normal 0.391787 0.103908 0.914170
    outer loop
      vertex 2.057248 9.000000 1.713525
      vertex 2.831559 9.000000 1.381678
      vertex 2.831559 9.590456 1.314564
    endloop
  endfacet
  facet normal 0.391787 0.103908 0.914170
    outer loop
      vertex 2.057248 9.000000 1.713525
      vertex 2.831559 9.590456 1.314564
      vertex 2.057248 9.812693 1.621151
    endloop
  endfacet
  facet normal 0.427049 0.322538 0.844747
    outer loop
      vertex 2.057248 9.812693 1.621151
      vertex 2.831559 9.590456 1.314564
      vertex 2.831559 10.091021 1.123440
    endloop
  endfacet
  facet normal 0.427049 0.322538 0.844747
    outer loop
      vertex 2.057248 9.812693 1.621151
      vertex 2.831559 10.091021 1.123440
      vertex 2.057248 10.501661 1.358092
    endloop
  endfacet
  facet normal 0.498467 0.563440 0.658837
    outer loop
      vertex 2.057248 10.501661 1.358092
      vertex 2.831559 10.091021 1.123440
      vertex 2.831559 10.425487 0.837404
    endloop
  endfacet
  facet normal 0.498467 0.563440 0.658837
    outer loop
      vertex 2.057248 10.501661 1.358092
      vertex 2.831559 10.425487 0.837404
      vertex 2.057248 10.962015 0.964396
    endloop
  endfacet
  facet normal 0.578006 0.770675 0.268269
    outer loop
      vertex 2.057248 10.962015 0.964396
      vertex 2.831559 10.425487 0.837404
      vertex 2.831559 10.542936 0.500000
    endloop
  endfacet
  facet normal 0.578006 0.770675 0.268269
    outer loop
      vertex 2.057248 10.962015 0.964396
      vertex 2.831559 10.542936 0.500000
      vertex 2.057248 11.123670 0.500000
    endloop
  endfacet
  facet normal 0.811784 -0.551500 0.191975
    outer loop
      vertex 2.831559 7.457064 0.500000
      vertex 3.328698 8.188830 0.500000
      vertex 3.328698 8.250577 0.677384
    endloop
  endfacet
  facet normal 0.811784 -0.551500 0.191975
    outer loop
      vertex 2.831559 7.457064 0.500000
      vertex 3.328698 8.250577 0.677384
      vertex 2.831559 7.574513 0.837404
    endloop
  endfacet
  facet normal 0.748430 -0.431050 0.504033
    outer loop
      vertex 2.831559 7.574513 0.837404
      vertex 3.328698 8.250577 0.677384
      vertex 3.328698 8.426416 0.827762
    endloop
  endfacet
  facet normal 0.748430 -0.431050 0.504033
    outer loop
      vertex 2.831559 7.574513 0.837404
      vertex 3.328698 8.426416 0.827762
      vertex 2.831559 7.908979 1.123440
    endloop
  endfacet
  facet normal 0.679793 -0.261605 0.685160
    outer loop
      vertex 2.831559 7.908979 1.123440
      vertex 3.328698 8.426416 0.827762
      vertex 3.328698 8.689579 0.928242
    endloop
  endfacet
  facet normal 0.679793 -0.261605 0.685160
    outer loop
      vertex 2.831559 7.908979 1.123440
      vertex 3.328698 8.689579 0.928242
      vertex 2.831559 8.409544 1.314564
    endloop
  endfacet
  facet normal 0.641272 -0.086658 0.762404
    outer loop
      vertex 2.831559 8.409544 1.314564
      vertex 3.328698 8.689579 0.928242
      vertex 3.328698 9.000000 0.963525
    endloop
  endfacet
  facet normal 0.641272 -0.086658 0.762404
    outer loop
      vertex 2.831559 8.409544 1.314564
      vertex 3.328698 9.000000 0.963525
      vertex 2.831559 9.000000 1.381678
    endloop
  endfacet
  facet normal 0.641272 0.086658 0.762404
    outer loop
      vertex 2.831559 9.000000 1.381678
      vertex 3.328698 9.000000 0.963525
      vertex 3.328698 9.310421 0.928242
    endloop
  endfacet
  facet normal 0.641272 0.086658 0.762404
    outer loop
      vertex 2.831559 9.000000 1.381678
      vertex 3.328698 9.310421 0.928242
      vertex 2.831559 9.590456 1.314564
    endloop
  endfacet
  facet normal 0.679793 0.261605 0.685160
    outer loop
      vertex 2.831559 9.590456 1.314564
      vertex 3.328698 9.310421 0.928242
      vertex 3.328698 9.573584 0.827762
    endloop
  endfacet
  facet normal 0.679793 0.261605 0.685160
    outer loop
      vertex 2.831559 9.590456 1.314564
      vertex 3.328698 9.573584 0.827762
      vertex 2.831559 10.091021 1.123440
    endloop
  endfacet
  facet normal 0.748430 0.431050 0.504033
    outer loop
      vertex 2.831559 10.091021 1.123440
      vertex 3.328698 9.573584 0.827762
      vertex 3.328698 9.749423 0.677384
    endloop
  endfacet
  facet normal 0.748430 0.431050 0.504033
    outer loop
      vertex 2.831559 10.091021 1.123440
      vertex 3.328698 9.749423 0.677384
      vertex 2.831559 10.425487 0.837404
    endloop
  endfacet
  facet normal 0.811784 0.551500 0.191975
    outer loop
      vertex 2.831559 10.425487 0.837404
      vertex 3.328698 9.749423 0.677384
      vertex 3.328698 9.811170 0.500000
    endloop
  endfacet
  facet normal 0.811784 0.551500 0.191975
    outer loop
      vertex 2.831559 10.425487 0.837404
      vertex 3.328698 9.811170 0.500000
      vertex 2.831559 10.542936 0.500000
    endloop
  endfacet
  facet normal 0.000000 0.000000 1.000000
    outer loop
      vertex 3.328698 8.188830 0.500000
      vertex 3.500000 9.000000 0.500000
      vertex 3.500000 9.000000 0.500000
    endloop
  endfacet
  facet normal 0.975900 -0.206090 0.071739
    outer loop
      vertex 3.328698 8.188830 0.500000
      vertex 3.500000 9.000000 0.500000
      vertex 3.328698 8.250577 0.677384
    endloop
  endfacet
  facet normal 0.000000 0.000000 1.000000
    outer loop
      vertex 3.328698 8.250577 0.677384
      vertex 3.500000 9.000000 0.500000
      vertex 3.500000 9.000000 0.500000
    endloop
  endfacet
  facet normal 0.964093 -0.172601 0.201824
    outer loop
      vertex 3.328698 8.250577 0.677384
      vertex 3.500000 9.000000 0.500000
      vertex 3.328698 8.426416 0.827762
    endloop
  endfacet
  facet normal 0.000000 0.000000 1.000000
    outer loop
      vertex 3.328698 8.426416 0.827762
      vertex 3.500000 9.000000 0.500000
      vertex 3.500000 9.000000 0.500000
    endloop
  endfacet
  facet normal 0.948105 -0.113416 0.297042
    outer loop
      vertex 3.328698 8.426416 0.827762
      vertex 3.500000 9.000000 0.500000
      vertex 3.328698 8.689579 0.928242
    endloop
  endfacet
  facet normal 0.000000 0.000000 1.000000
    outer loop
      vertex 3.328698 8.689579 0.928242
      vertex 3.500000 9.000000 0.500000
      vertex 3.500000 9.000000 0.500000
    endloop
  endfacet
  facet normal 0.937268 -0.039371 0.346380
    outer loop
      vertex 3.328698 8.689579 0.928242
      vertex 3.500000 9.000000 0.500000
      vertex 3.328698 9.000000 0.963525
    endloop
  endfacet
  facet normal 0.000000 0.000000 1.000000
    outer loop
      vertex 3.328698 9.000000 0.963525
      vertex 3.500000 9.000000 0.500000
      vertex 3.500000 9.000000 0.500000
    endloop
  endfacet
  facet normal 0.937268 0.039371 0.346380
    outer loop
      vertex 3.328698 9.000000 0.963525
      vertex 3.500000 9.000000 0.500000
      vertex 3.328698 9.310421 0.928242
    endloop
  endfacet
  facet normal 0.000000 0.000000 1.000000
    outer loop
      vertex 3.328698 9.310421 0.928242
      vertex 3.500000 9.000000 0.500000
      vertex 3.500000 9.000000 0.500000
    endloop
  endfacet
  facet normal 0.948105 0.113416 0.297042
    outer loop
      vertex 3.328698 9.310421 0.928242
      vertex 3.500000 9.000000 0.500000
      vertex 3.328698 9.573584 0.827762
    endloop
  endfacet
  facet normal 0.000000 0.000000 1.000000
    outer loop
      vertex 3.328698 9.573584 0.827762
      vertex 3.500000 9.000000 0.500000
      vertex 3.500000 9.000000 0.500000
    endloop
  endfacet
  facet normal 0.964093 0.172601 0.201824
    outer loop
      vertex 3.328698 9.573584 0.827762
      vertex 3.500000 9.000000 0.500000
      vertex 3.328698 9.749423 0.677384
    endloop
  endfacet
  facet normal 0.000000 0.000000 1.000000
    outer loop
      vertex 3.328698 9.749423 0.677384
      vertex 3.500000 9.000000 0.500000
      vertex 3.500000 9.000000 0.500000
    endloop
  endfacet
  facet normal 0.975900 0.206090 0.071739
    outer loop
      vertex 3.328698 9.749423 0.677384
      vertex 3.500000 9.000000 0.500000
      vertex 3.328698 9.811170 0.500000
    endloop
  endfacet
  facet normal -0.544338 -0.835793 0.071739
    outer loop
      vertex -8.838835 3.889087 0.500000
      vertex -8.144122 3.436633 0.500000
      vertex -8.187784 3.480294 0.677384
    endloop
  endfacet
  facet normal 0.000000 0.000000 1.000000
    outer loop
      vertex -8.838835 3.889087 0.500000
      vertex -8.187784 3.480294 0.677384
      vertex -8.838835 3.889087 0.500000
    endloop
  endfacet
  facet normal -0.559670 -0.803764 0.201824
    outer loop
      vertex -8.838835 3.889087 0.500000
      vertex -8.187784 3.480294 0.677384
      vertex -8.312121 3.604631 0.827762
    endloop
  endfacet
  facet normal 0.000000 0.000000 1.000000
    outer loop
      vertex -8.838835 3.889087 0.500000
      vertex -8.312121 3.604631 0.827762
      vertex -8.838835 3.889087 0.500000
    endloop
  endfacet
  facet normal -0.590214 -0.750608 0.297042
    outer loop
      vertex -8.838835 3.889087 0.500000
      vertex -8.312121 3.604631 0.827762
      vertex -8.498205 3.790715 0.928242
    endloop
  endfacet
  facet normal 0.000000 0.000000 1.000000
    outer loop
      vertex -8.838835 3.889087 0.500000
      vertex -8.498205 3.790715 0.928242
      vertex -8.838835 3.889087 0.500000
    endloop
  endfacet
  facet normal -0.634909 -0.690588 0.346380
    outer loop
      vertex -8.838835 3.889087 0.500000
      vertex -8.498205 3.790715 0.928242
      vertex -8.717706 4.010216 0.963525
    endloop
  endfacet
  facet normal 0.000000 0.000000 1.000000
    outer loop
      vertex -8.838835 3.889087 0.500000
      vertex -8.717706 4.010216 0.963525
      vertex -8.838835 3.889087 0.500000
    endloop
  endfacet
  facet normal -0.690588 -0.634909 0.346380
    outer loop
      vertex -8.838835 3.889087 0.500000
      vertex -8.717706 4.010216 0.963525
      vertex -8.937207 4.229717 0.928242
    endloop
  endfacet
  facet normal 0.000000 0.000000 1.000000
    outer loop
      vertex -8.838835 3.889087 0.500000
      vertex -8.937207 4.229717 0.928242
      vertex -8.838835 3.889087 0.500000
    endloop
  endfacet
  facet normal -0.750608 -0.590214 0.297042
    outer loop
      vertex -8.838835 3.889087 0.500000
      vertex -8.937207 4.229717 0.928242
      vertex -9.123291 4.415801 0.827762
    endloop
  endfacet
  facet normal 0.000000 0.000000 1.000000
    outer loop
      vertex -8.838835 3.889087 0.500000
      vertex -9.123291 4.415801 0.827762
      vertex -8.838835 3.889087 0.500000
    endloop
  endfacet
  facet normal -0.803764 -0.559670 0.201824
    outer loop
      vertex -8.838835 3.889087 0.500000
      vertex -9.123291 4.415801 0.827762
      vertex -9.247628 4.540138 0.677384
    endloop
  endfacet
  facet normal 0.000000 0.000000 1.000000
    outer loop
      vertex -8.838835 3.889087 0.500000
      vertex -9.247628 4.540138 0.677384
      vertex -8.838835 3.889087 0.500000
    endloop
  endfacet
  facet normal -0.835793 -0.544338 0.071739
    outer loop
      vertex -8.838835 3.889087 0.500000
      vertex -9.247628 4.540138 0.677384
      vertex -9.291289 4.583800 0.500000
    endloop
  endfacet
  facet normal 0.000000 0.000000 1.000000
    outer loop
      vertex -8.838835 3.889087 0.500000
      vertex -9.291289 4.583800 0.500000
      vertex -8.838835 3.889087 0.500000
    endloop
  endfacet
  facet normal -0.184049 -0.963987 0.191975
    outer loop
      vertex -8.144122 3.436633 0.500000
      vertex -7.275155 3.270725 0.500000
      vertex -7.358204 3.353774 0.837404
    endloop
  endfacet
  facet normal -0.184049 -0.963987 0.191975
    outer loop
      vertex -8.144122 3.436633 0.500000
      vertex -7.358204 3.353774 0.837404
      vertex -8.187784 3.480294 0.677384
    endloop
  endfacet
  facet normal -0.224421 -0.834018 0.504033
    outer loop
      vertex -8.187784 3.480294 0.677384
      vertex -7.358204 3.353774 0.837404
      vertex -7.594708 3.590278 1.123440
    endloop
  endfacet
  facet normal -0.224421 -0.834018 0.504033
    outer loop
      vertex -8.187784 3.480294 0.677384
      vertex -7.594708 3.590278 1.123440
      vertex -8.312121 3.604631 0.827762
    endloop
  endfacet
  facet normal -0.295704 -0.665669 0.685160
    outer loop
      vertex -8.312121 3.604631 0.827762
      vertex -7.594708 3.590278 1.123440
      vertex -7.948660 3.944231 1.314564
    endloop
  endfacet
  facet normal -0.295704 -0.665669 0.685160
    outer loop
      vertex -8.312121 3.604631 0.827762
      vertex -7.948660 3.944231 1.314564
      vertex -8.498205 3.790715 0.928242
    endloop
  endfacet
  facet normal -0.392172 -0.514725 0.762404
    outer loop
      vertex -8.498205 3.790715 0.928242
      vertex -7.948660 3.944231 1.314564
      vertex -8.366176 4.361746 1.381678
    endloop
  endfacet
  facet normal -0.392172 -0.514725 0.762404
    outer loop
      vertex -8.498205 3.790715 0.928242
      vertex -8.366176 4.361746 1.381678
      vertex -8.717706 4.010216 0.963525
    endloop
  endfacet
  facet normal -0.514725 -0.392172 0.762404
    outer loop
      vertex -8.717706 4.010216 0.963525
      vertex -8.366176 4.361746 1.381678
      vertex -8.783691 4.779262 1.314564
    endloop
  endfacet
  facet normal -0.514725 -0.392172 0.762404
    outer loop
      vertex -8.717706 4.010216 0.963525
      vertex -8.783691 4.779262 1.314564
      vertex -8.937207 4.229717 0.928242
    endloop
  endfacet
  facet normal -0.665669 -0.295704 0.685160
    outer loop
      vertex -8.937207 4.229717 0.928242
      vertex -8.783691 4.779262 1.314564
      vertex -9.137644 5.133214 1.123440
    endloop
  endfacet
  facet normal -0.665669 -0.295704 0.685160
    outer loop
      vertex -8.937207 4.229717 0.928242
      vertex -9.137644 5.133214 1.123440
      vertex -9.123291 4.415801 0.827762
    endloop
  endfacet
  facet normal -0.834018 -0.224421 0.504033
    outer loop
      vertex -9.123291 4.415801 0.827762
      vertex -9.137644 5.133214 1.123440
      vertex -9.374148 5.369718 0.837404
    endloop
  endfacet
  facet normal -0.834018 -0.224421 0.504033
    outer loop
      vertex -9.123291 4.415801 0.827762
      vertex -9.374148 5.369718 0.837404
      vertex -9.247628 4.540138 0.677384
    endloop
  endfacet
  facet normal -0.963987 -0.184049 0.191975
    outer loop
      vertex -9.247628 4.540138 0.677384
      vertex -9.374148 5.369718 0.837404
      vertex -9.457197 5.452767 0.500000
    endloop
  endfacet
  facet normal -0.963987 -0.184049 0.191975
    outer loop
      vertex -9.247628 4.540138 0.677384
      vertex -9.457197 5.452767 0.500000
      vertex -9.291289 4.583800 0.500000
    endloop
  endfacet
  facet normal 0.136237 -0.953662 0.268269
    outer loop
      vertex -7.275155 3.270725 0.500000
      vertex -6.316994 3.407606 0.500000
      vertex -6.431301 3.521913 0.964396
    endloop
  endfacet
  facet normal 0.136237 -0.953662 0.268269
    outer loop
      vertex -7.275155 3.270725 0.500000
      vertex -6.431301 3.521913 0.964396
      vertex -7.358204 3.353774 0.837404
    endloop
  endfacet
  facet normal 0.045943 -0.750881 0.658837
    outer loop
      vertex -7.358204 3.353774 0.837404
      vertex -6.431301 3.521913 0.964396
      vertex -6.756821 3.847432 1.358092
    endloop
  endfacet
  facet normal 0.045943 -0.750881 0.658837
    outer loop
      vertex -7.358204 3.353774 0.837404
      vertex -6.756821 3.847432 1.358092
      vertex -7.594708 3.590278 1.123440
    endloop
  endfacet
  facet normal -0.073900 -0.530038 0.844747
    outer loop
      vertex -7.594708 3.590278 1.123440
      vertex -6.756821 3.847432 1.358092
      vertex -7.243994 4.334606 1.621151
    endloop
  endfacet
  facet normal -0.073900 -0.530038 0.844747
    outer loop
      vertex -7.594708 3.590278 1.123440
      vertex -7.243994 4.334606 1.621151
      vertex -7.948660 3.944231 1.314564
    endloop
  endfacet
  facet normal -0.203561 -0.350510 0.914170
    outer loop
      vertex -7.948660 3.944231 1.314564
      vertex -7.243994 4.334606 1.621151
      vertex -7.818655 4.909267 1.713525
    endloop
  endfacet
  facet normal -0.203561 -0.350510 0.914170
    outer loop
      vertex -7.948660 3.944231 1.314564
      vertex -7.818655 4.909267 1.713525
      vertex -8.366176 4.361746 1.381678
    endloop
  endfacet
  facet normal -0.350510 -0.203561 0.914170
    outer loop
      vertex -8.366176 4.361746 1.381678
      vertex -7.818655 4.909267 1.713525
      vertex -8.393316 5.483928 1.621151
    endloop
  endfacet
  facet normal -0.350510 -0.203561 0.914170
    outer loop
      vertex -8.366176 4.361746 1.381678
      vertex -8.393316 5.483928 1.621151
      vertex -8.783691 4.779262 1.314564
    endloop
  endfacet
  facet normal -0.530038 -0.073900 0.844747
    outer loop
      vertex -8.783691 4.779262 1.314564
      vertex -8.393316 5.483928 1.621151
      vertex -8.880490 5.971102 1.358092
    endloop
  endfacet
  facet normal -0.530038 -0.073900 0.844747
    outer loop
      vertex -8.783691 4.779262 1.314564
      vertex -8.880490 5.971102 1.358092
      vertex -9.137644 5.133214 1.123440
    endloop
  endfacet
  facet normal -0.750881 0.045943 0.658837
    outer loop
      vertex -9.137644 5.133214 1.123440
      vertex -8.880490 5.971102 1.358092
      vertex -9.206009 6.296621 0.964396
    endloop
  endfacet
  facet normal -0.750881 0.045943 0.658837
    outer loop
      vertex -9.137644 5.133214 1.123440
      vertex -9.206009 6.296621 0.964396
      vertex -9.374148 5.369718 0.837404
    endloop
  endfacet
  facet normal -0.953662 0.136237 0.268269
    outer loop
      vertex -9.374148 5.369718 0.837404
      vertex -9.206009 6.296621 0.964396
      vertex -9.320316 6.410928 0.500000
    endloop
  endfacet
  facet normal -0.953662 0.136237 0.268269
    outer loop
      vertex -9.374148 5.369718 0.837404
      vertex -9.320316 6.410928 0.500000
      vertex -9.457197 5.452767 0.500000
    endloop
  endfacet
  facet normal 0.388105 -0.868190 0.309226
    outer loop
      vertex -6.316994 3.407606 0.500000
      vertex -5.363430 3.833874 0.500000
      vertex -5.497807 3.968251 1.045930
    endloop
  endfacet
  facet normal 0.388105 -0.868190 0.309226
    outer loop
      vertex -6.316994 3.407606 0.500000
      vertex -5.497807 3.968251 1.045930
      vertex -6.431301 3.521913 0.964396
    endloop
  endfacet
  facet normal 0.242232 -0.639847 0.729328
    outer loop
      vertex -6.431301 3.521913 0.964396
      vertex -5.497807 3.968251 1.045930
      vertex -5.880477 4.350921 1.508748
    endloop
  endfacet
  facet normal 0.242232 -0.639847 0.729328
    outer loop
      vertex -6.431301 3.521913 0.964396
      vertex -5.880477 4.350921 1.508748
      vertex -6.756821 3.847432 1.358092
    endloop
  endfacet
  facet normal 0.079790 -0.410660 0.908291
    outer loop
      vertex -6.756821 3.847432 1.358092
      vertex -5.880477 4.350921 1.508748
      vertex -6.453185 4.923629 1.817992
    endloop
  endfacet
  facet normal 0.079790 -0.410660 0.908291
    outer loop
      vertex -6.756821 3.847432 1.358092
      vertex -6.453185 4.923629 1.817992
      vertex -7.243994 4.334606 1.621151
    endloop
  endfacet
  facet normal -0.071890 -0.227976 0.971009
    outer loop
      vertex -7.243994 4.334606 1.621151
      vertex -6.453185 4.923629 1.817992
      vertex -7.128739 5.599183 1.926585
    endloop
  endfacet
  facet normal -0.071890 -0.227976 0.971009
    outer loop
      vertex -7.243994 4.334606 1.621151
      vertex -7.128739 5.599183 1.926585
      vertex -7.818655 4.909267 1.713525
    endloop
  endfacet
  facet normal -0.227976 -0.071890 0.971009
    outer loop
      vertex -7.818655 4.909267 1.713525
      vertex -7.128739 5.599183 1.926585
      vertex -7.804293 6.274737 1.817992
    endloop
  endfacet
  facet normal -0.227976 -0.071890 0.971009
    outer loop
      vertex -7.818655 4.909267 1.713525
      vertex -7.804293 6.274737 1.817992
      vertex -8.393316 5.483928 1.621151
    endloop
  endfacet
  facet normal -0.410660 0.079790 0.908291
    outer loop
      vertex -8.393316 5.483928 1.621151
      vertex -7.804293 6.274737 1.817992
      vertex -8.377001 6.847445 1.508748
    endloop
  endfacet
  facet normal -0.410660 0.079790 0.908291
    outer loop
      vertex -8.393316 5.483928 1.621151
      vertex -8.377001 6.847445 1.508748
      vertex -8.880490 5.971102 1.358092
    endloop
  endfacet
  facet normal -0.639847 0.242232 0.729328
    outer loop
      vertex -8.880490 5.971102 1.358092
      vertex -8.377001 6.847445 1.508748
      vertex -8.759672 7.230115 1.045930
    endloop
  endfacet
  facet normal -0.639847 0.242232 0.729328
    outer loop
      vertex -8.880490 5.971102 1.358092
      vertex -8.759672 7.230115 1.045930
      vertex -9.206009 6.296621 0.964396
    endloop
  endfacet
  facet normal -0.868190 0.388105 0.309226
    outer loop
      vertex -9.206009 6.296621 0.964396
      vertex -8.759672 7.230115 1.045930
      vertex -8.894048 7.364492 0.500000
    endloop
  endfacet
  facet normal -0.868190 0.388105 0.309226
    outer loop
      vertex -9.206009 6.296621 0.964396
      vertex -8.894048 7.364492 0.500000
      vertex -9.320316 6.410928 0.500000
    endloop
  endfacet
  facet normal 0.584808 -0.742474 0.326699
    outer loop
      vertex -5.363430 3.833874 0.500000
      vertex -4.507806 4.507806 0.500000
      vertex -4.649097 4.649097 1.074025
    endloop
  endfacet
  facet normal 0.584808 -0.742474 0.326699
    outer loop
      vertex -5.363430 3.833874 0.500000
      vertex -4.649097 4.649097 1.074025
      vertex -5.497807 3.968251 1.045930
    endloop
  endfacet
  facet normal 0.393553 -0.521815 0.756852
    outer loop
      vertex -5.497807 3.968251 1.045930
      vertex -4.649097 4.649097 1.074025
      vertex -5.051461 5.051461 1.560660
    endloop
  endfacet
  facet normal 0.393553 -0.521815 0.756852
    outer loop
      vertex -5.497807 3.968251 1.045930
      vertex -5.051461 5.051461 1.560660
      vertex -5.880477 4.350921 1.508748
    endloop
  endfacet
  facet normal 0.198777 -0.304268 0.931616
    outer loop
      vertex -5.880477 4.350921 1.508748
      vertex -5.051461 5.051461 1.560660
      vertex -5.653641 5.653641 1.885819
    endloop
  endfacet
  facet normal 0.198777 -0.304268 0.931616
    outer loop
      vertex -5.880477 4.350921 1.508748
      vertex -5.653641 5.653641 1.885819
      vertex -6.453185 4.923629 1.817992
    endloop
  endfacet
  facet normal 0.032095 -0.127260 0.991350
    outer loop
      vertex -6.453185 4.923629 1.817992
      vertex -5.653641 5.653641 1.885819
      vertex -6.363961 6.363961 2.000000
    endloop
  endfacet
  facet normal 0.032095 -0.127260 0.991350
    outer loop
      vertex -6.453185 4.923629 1.817992
      vertex -6.363961 6.363961 2.000000
      vertex -7.128739 5.599183 1.926585
    endloop
  endfacet
  facet normal -0.127260 0.032095 0.991350
    outer loop
      vertex -7.128739 5.599183 1.926585
      vertex -6.363961 6.363961 2.000000
      vertex -7.074281 7.074281 1.885819
    endloop
  endfacet
  facet normal -0.127260 0.032095 0.991350
    outer loop
      vertex -7.128739 5.599183 1.926585
      vertex -7.074281 7.074281 1.885819
      vertex -7.804293 6.274737 1.817992
    endloop
  endfacet
  facet normal -0.304268 0.198777 0.931616
    outer loop
      vertex -7.804293 6.274737 1.817992
      vertex -7.074281 7.074281 1.885819
      vertex -7.676461 7.676461 1.560660
    endloop
  endfacet
  facet normal -0.304268 0.198777 0.931616
    outer loop
      vertex -7.804293 6.274737 1.817992
      vertex -7.676461 7.676461 1.560660
      vertex -8.377001 6.847445 1.508748
    endloop
  endfacet
  facet normal -0.521815 0.393553 0.756852
    outer loop
      vertex -8.377001 6.847445 1.508748
      vertex -7.676461 7.676461 1.560660
      vertex -8.078825 8.078825 1.074025
    endloop
  endfacet
  facet normal -0.521815 0.393553 0.756852
    outer loop
      vertex -8.377001 6.847445 1.508748
      vertex -8.078825 8.078825 1.074025
      vertex -8.759672 7.230115 1.045930
    endloop
  endfacet
  facet normal -0.742474 0.584808 0.326699
    outer loop
      vertex -8.759672 7.230115 1.045930
      vertex -8.078825 8.078825 1.074025
      vertex -8.220116 8.220116 0.500000
    endloop
  endfacet
  facet normal -0.742474 0.584808 0.326699
    outer loop
      vertex -8.759672 7.230115 1.045930
      vertex -8.220116 8.220116 0.500000
      vertex -8.894048 7.364492 0.500000
    endloop
  endfacet
  facet normal 0.742474 -0.584808 0.326699
    outer loop
      vertex -4.507806 4.507806 0.500000
      vertex -3.833874 5.363430 0.500000
      vertex -3.968251 5.497807 1.045930
    endloop
  endfacet
  facet normal 0.742474 -0.584808 0.326699
    outer loop
      vertex -4.507806 4.507806 0.500000
      vertex -3.968251 5.497807 1.045930
      vertex -4.649097 4.649097 1.074025
    endloop
  endfacet
  facet normal 0.521815 -0.393553 0.756852
    outer loop
      vertex -4.649097 4.649097 1.074025
      vertex -3.968251 5.497807 1.045930
      vertex -4.350921 5.880477 1.508748
    endloop
  endfacet
  facet normal 0.521815 -0.393553 0.756852
    outer loop
      vertex -4.649097 4.649097 1.074025
      vertex -4.350921 5.880477 1.508748
      vertex -5.051461 5.051461 1.560660
    endloop
  endfacet
  facet normal 0.304268 -0.198777 0.931616
    outer loop
      vertex -5.051461 5.051461 1.560660
      vertex -4.350921 5.880477 1.508748
      vertex -4.923629 6.453185 1.817992
    endloop
  endfacet
  facet normal 0.304268 -0.198777 0.931616
    outer loop
      vertex -5.051461 5.051461 1.560660
      vertex -4.923629 6.453185 1.817992
      vertex -5.653641 5.653641 1.885819
    endloop
  endfacet
  facet normal 0.127260 -0.032095 0.991350
    outer loop
      vertex -5.653641 5.653641 1.885819
      vertex -4.923629 6.453185 1.817992
      vertex -5.599183 7.128739 1.926585
    endloop
  endfacet
  facet normal 0.127260 -0.032095 0.991350
    outer loop
      vertex -5.653641 5.653641 1.885819
      vertex -5.599183 7.128739 1.926585
      vertex -6.363961 6.363961 2.000000
    endloop
  endfacet
  facet normal -0.032095 0.127260 0.991350
    outer loop
      vertex -6.363961 6.363961 2.000000
      vertex -5.599183 7.128739 1.926585
      vertex -6.274737 7.804293 1.817992
    endloop
  endfacet
  facet normal -0.032095 0.127260 0.991350
    outer loop
      vertex -6.363961 6.363961 2.000000
      vertex -6.274737 7.804293 1.817992
      vertex -7.074281 7.074281 1.885819
    endloop
  endfacet
  facet normal -0.198777 0.304268 0.931616
    outer loop
      vertex -7.074281 7.074281 1.885819
      vertex -6.274737 7.804293 1.817992
      vertex -6.847445 8.377001 1.508748
    endloop
  endfacet
  facet normal -0.198777 0.304268 0.931616
    outer loop
      vertex -7.074281 7.074281 1.885819
      vertex -6.847445 8.377001 1.508748
      vertex -7.676461 7.676461 1.560660
    endloop
  endfacet
  facet normal -0.393553 0.521815 0.756852
    outer loop
      vertex -7.676461 7.676461 1.560660
      vertex -6.847445 8.377001 1.508748
      vertex -7.230115 8.759672 1.045930
    endloop
  endfacet
  facet normal -0.393553 0.521815 0.756852
    outer loop
      vertex -7.676461 7.676461 1.560660
      vertex -7.230115 8.759672 1.045930
      vertex -8.078825 8.078825 1.074025
    endloop
  endfacet
  facet normal -0.584808 0.742474 0.326699
    outer loop
      vertex -8.078825 8.078825 1.074025
      vertex -7.230115 8.759672 1.045930
      vertex -7.364492 8.894048 0.500000
    endloop
  endfacet
  facet normal -0.584808 0.742474 0.326699
    outer loop
      vertex -8.078825 8.078825 1.074025
      vertex -7.364492 8.894048 0.500000
      vertex -8.220116 8.220116 0.500000
    endloop
  endfacet
  facet normal 0.868190 -0.388105 0.309226
    outer loop
      vertex -3.833874 5.363430 0.500000
      vertex -3.407606 6.316994 0.500000
      vertex -3.521913 6.431301 0.964396
    endloop
  endfacet
  facet normal 0.868190 -0.388105 0.309226
    outer loop
      vertex -3.833874 5.363430 0.500000
      vertex -3.521913 6.431301 0.964396
      vertex -3.968251 5.497807 1.045930
    endloop
  endfacet
  facet normal 0.639847 -0.242232 0.729328
    outer loop
      vertex -3.968251 5.497807 1.045930
      vertex -3.521913 6.431301 0.964396
      vertex -3.847432 6.756821 1.358092
    endloop
  endfacet
  facet normal 0.639847 -0.242232 0.729328
    outer loop
      vertex -3.968251 5.497807 1.045930
      vertex -3.847432 6.756821 1.358092
      vertex -4.350921 5.880477 1.508748
    endloop
  endfacet
  facet normal 0.410660 -0.079790 0.908291
    outer loop
      vertex -4.350921 5.880477 1.508748
      vertex -3.847432 6.756821 1.358092
      vertex -4.334606 7.243994 1.621151
    endloop
  endfacet
  facet normal 0.410660 -0.079790 0.908291
    outer loop
      vertex -4.350921 5.880477 1.508748
      vertex -4.334606 7.243994 1.621151
      vertex -4.923629 6.453185 1.817992
    endloop
  endfacet
  facet normal 0.227976 0.071890 0.971009
    outer loop
      vertex -4.923629 6.453185 1.817992
      vertex -4.334606 7.243994 1.621151
      vertex -4.909267 7.818655 1.713525
    endloop
  endfacet
  facet normal 0.227976 0.071890 0.971009
    outer loop
      vertex -4.923629 6.453185 1.817992
      vertex -4.909267 7.818655 1.713525
      vertex -5.599183 7.128739 1.926585
    endloop
  endfacet
  facet normal 0.071890 0.227976 0.971009
    outer loop
      vertex -5.599183 7.128739 1.926585
      vertex -4.909267 7.818655 1.713525
      vertex -5.483928 8.393316 1.621151
    endloop
  endfacet
  facet normal 0.071890 0.227976 0.971009
    outer loop
      vertex -5.599183 7.128739 1.926585
      vertex -5.483928 8.393316 1.621151
      vertex -6.274737 7.804293 1.817992
    endloop
  endfacet
  facet normal -0.079790 0.410660 0.908291
    outer loop
      vertex -6.274737 7.804293 1.817992
      vertex -5.483928 8.393316 1.621151
      vertex -5.971102 8.880490 1.358092
    endloop
  endfacet
  facet normal -0.079790 0.410660 0.908291
    outer loop
      vertex -6.274737 7.804293 1.817992
      vertex -5.971102 8.880490 1.358092
      vertex -6.847445 8.377001 1.508748
    endloop
  endfacet
  facet normal -0.242232 0.639847 0.729328
    outer loop
      vertex -6.847445 8.377001 1.508748
      vertex -5.971102 8.880490 1.358092
      vertex -6.296621 9.206009 0.964396
    endloop
  endfacet
  facet normal -0.242232 0.639847 0.729328
    outer loop
      vertex -6.847445 8.377001 1.508748
      vertex -6.296621 9.206009 0.964396
      vertex -7.230115 8.759672 1.045930
    endloop
  endfacet
  facet normal -0.388105 0.868190 0.309226
    outer loop
      vertex -7.230115 8.759672 1.045930
      vertex -6.296621 9.206009 0.964396
      vertex -6.410928 9.320316 0.500000
    endloop
  endfacet
  facet normal -0.388105 0.868190 0.309226
    outer loop
      vertex -7.230115 8.759672 1.045930
      vertex -6.410928 9.320316 0.500000
      vertex -7.364492 8.894048 0.500000
    endloop
  endfacet
  facet normal 0.953662 -0.136237 0.268269
    outer loop
      vertex -3.407606 6.316994 0.500000
      vertex -3.270725 7.275155 0.500000
      vertex -3.353774 7.358204 0.837404
    endloop
  endfacet
  facet normal 0.953662 -0.136237 0.268269
    outer loop
      vertex -3.407606 6.316994 0.500000
      vertex -3.353774 7.358204 0.837404
      vertex -3.521913 6.431301 0.964396
    endloop
  endfacet
  facet normal 0.750881 -0.045943 0.658837
    outer loop
      vertex -3.521913 6.431301 0.964396
      vertex -3.353774 7.358204 0.837404
      vertex -3.590278 7.594708 1.123440
    endloop
  endfacet
  facet normal 0.750881 -0.045943 0.658837
    outer loop
      vertex -3.521913 6.431301 0.964396
      vertex -3.590278 7.594708 1.123440
      vertex -3.847432 6.756821 1.358092
    endloop
  endfacet
  facet normal 0.530038 0.073900 0.844747
    outer loop
      vertex -3.847432 6.756821 1.358092
      vertex -3.590278 7.594708 1.123440
      vertex -3.944231 7.948660 1.314564
    endloop
  endfacet
  facet normal 0.530038 0.073900 0.844747
    outer loop
      vertex -3.847432 6.756821 1.358092
      vertex -3.944231 7.948660 1.314564
      vertex -4.334606 7.243994 1.621151
    endloop
  endfacet
  facet normal 0.350510 0.203561 0.914170
    outer loop
      vertex -4.334606 7.243994 1.621151
      vertex -3.944231 7.948660 1.314564
      vertex -4.361746 8.366176 1.381678
    endloop
  endfacet
  facet normal 0.350510 0.203561 0.914170
    outer loop
      vertex -4.334606 7.243994 1.621151
      vertex -4.361746 8.366176 1.381678
      vertex -4.909267 7.818655 1.713525
    endloop
  endfacet
  facet normal 0.203561 0.350510 0.914170
    outer loop
      vertex -4.909267 7.818655 1.713525
      vertex -4.361746 8.366176 1.381678
      vertex -4.779262 8.783691 1.314564
    endloop
  endfacet
  facet normal 0.203561 0.350510 0.914170
    outer loop
      vertex -4.909267 7.818655 1.713525
      vertex -4.779262 8.783691 1.314564
      vertex -5.483928 8.393316 1.621151
    endloop
  endfacet
  facet normal 0.073900 0.530038 0.844747
    outer loop
      vertex -5.483928 8.393316 1.621151
      vertex -4.779262 8.783691 1.314564
      vertex -5.133214 9.137644 1.123440
    endloop
  endfacet
  facet normal 0.073900 0.530038 0.844747
    outer loop
      vertex -5.483928 8.393316 1.621151
      vertex -5.133214 9.137644 1.123440
      vertex -5.971102 8.880490 1.358092
    endloop
  endfacet
  facet normal -0.045943 0.750881 0.658837
    outer loop
      vertex -5.971102 8.880490 1.358092
      vertex -5.133214 9.137644 1.123440
      vertex -5.369718 9.374148 0.837404
    endloop
  endfacet
  facet normal -0.045943 0.750881 0.658837
    outer loop
      vertex -5.971102 8.880490 1.358092
      vertex -5.369718 9.374148 0.837404
      vertex -6.296621 9.206009 0.964396
    endloop
  endfacet
  facet normal -0.136237 0.953662 0.268269
    outer loop
      vertex -6.296621 9.206009 0.964396
      vertex -5.369718 9.374148 0.837404
      vertex -5.452767 9.457197 0.500000
    endloop
  endfacet
  facet normal -0.136237 0.953662 0.268269
    outer loop
      vertex -6.296621 9.206009 0.964396
      vertex -5.452767 9.457197 0.500000
      vertex -6.410928 9.320316 0.500000
    endloop
  endfacet
  facet normal 0.963987 0.184049 0.191975
    outer loop
      vertex -3.270725 7.275155 0.500000
      vertex -3.436633 8.144122 0.500000
      vertex -3.480294 8.187784 0.677384
    endloop
  endfacet
  facet normal 0.963987 0.184049 0.191975
    outer loop
      vertex -3.270725 7.275155 0.500000
      vertex -3.480294 8.187784 0.677384
      vertex -3.353774 7.358204 0.837404
    endloop
  endfacet
  facet normal 0.834018 0.224421 0.504033
    outer loop
      vertex -3.353774 7.358204 0.837404
      vertex -3.480294 8.187784 0.677384
      vertex -3.604631 8.312121 0.827762
    endloop
  endfacet
  facet normal 0.834018 0.224421 0.504033
    outer loop
      vertex -3.353774 7.358204 0.837404
      vertex -3.604631 8.312121 0.827762
      vertex -3.590278 7.594708 1.123440
    endloop
  endfacet
  facet normal 0.665669 0.295704 0.685160
    outer loop
      vertex -3.590278 7.594708 1.123440
      vertex -3.604631 8.312121 0.827762
      vertex -3.790715 8.498205 0.928242
    endloop
  endfacet
  facet normal 0.665669 0.295704 0.685160
    outer loop
      vertex -3.590278 7.594708 1.123440
      vertex -3.790715 8.498205 0.928242
      vertex -3.944231 7.948660 1.314564
    endloop
  endfacet
  facet normal 0.514725 0.392172 0.762404
    outer loop
      vertex -3.944231 7.948660 1.314564
      vertex -3.790715 8.498205 0.928242
      vertex -4.010216 8.717706 0.963525
    endloop
  endfacet
  facet normal 0.514725 0.392172 0.762404
    outer loop
      vertex -3.944231 7.948660 1.314564
      vertex -4.010216 8.717706 0.963525
      vertex -4.361746 8.366176 1.381678
    endloop
  endfacet
  facet normal 0.392172 0.514725 0.762404
    outer loop
      vertex -4.361746 8.366176 1.381678
      vertex -4.010216 8.717706 0.963525
      vertex -4.229717 8.937207 0.928242
    endloop
  endfacet
  facet normal 0.392172 0.514725 0.762404
    outer loop
      vertex -4.361746 8.366176 1.381678
      vertex -4.229717 8.937207 0.928242
      vertex -4.779262 8.783691 1.314564
    endloop
  endfacet
  facet normal 0.295704 0.665669 0.685160
    outer loop
      vertex -4.779262 8.783691 1.314564
      vertex -4.229717 8.937207 0.928242
      vertex -4.415801 9.123291 0.827762
    endloop
  endfacet
  facet normal 0.295704 0.665669 0.685160
    outer loop
      vertex -4.779262 8.783691 1.314564
      vertex -4.415801 9.123291 0.827762
      vertex -5.133214 9.137644 1.123440
    endloop
  endfacet
  facet normal 0.224421 0.834018 0.504033
    outer loop
      vertex -5.133214 9.137644 1.123440
      vertex -4.415801 9.123291 0.827762
      vertex -4.540138 9.247628 0.677384
    endloop
  endfacet
  facet normal 0.224421 0.834018 0.504033
    outer loop
      vertex -5.133214 9.137644 1.123440
      vertex -4.540138 9.247628 0.677384
      vertex -5.369718 9.374148 0.837404
    endloop
  endfacet
  facet normal 0.184049 0.963987 0.191975
    outer loop
      vertex -5.369718 9.374148 0.837404
      vertex -4.540138 9.247628 0.677384
      vertex -4.583800 9.291289 0.500000
    endloop
  endfacet
  facet normal 0.184049 0.963987 0.191975
    outer loop
      vertex -5.369718 9.374148 0.837404
      vertex -4.583800 9.291289 0.500000
      vertex -5.452767 9.457197 0.500000
    endloop
  endfacet
  facet normal 0.000000 0.000000 1.000000
    outer loop
      vertex -3.436633 8.144122 0.500000
      vertex -3.889087 8.838835 0.500000
      vertex -3.889087 8.838835 0.500000
    endloop
  endfacet
  facet normal 0.835793 0.544338 0.071739
    outer loop
      vertex -3.436633 8.144122 0.500000
      vertex -3.889087 8.838835 0.500000
      vertex -3.480294 8.187784 0.677384
    endloop
  endfacet
  facet normal 0.000000 0.000000 1.000000
    outer loop
      vertex -3.480294 8.187784 0.677384
      vertex -3.889087 8.838835 0.500000
      vertex -3.889087 8.838835 0.500000
    endloop
  endfacet
  facet normal 0.803764 0.559670 0.201824
    outer loop
      vertex -3.480294 8.187784 0.677384
      vertex -3.889087 8.838835 0.500000
      vertex -3.604631 8.312121 0.827762
    endloop
  endfacet
  facet normal 0.000000 0.000000 1.000000
    outer loop
      vertex -3.604631 8.312121 0.827762
      vertex -3.889087 8.838835 0.500000
      vertex -3.889087 8.838835 0.500000
    endloop
  endfacet
  facet normal 0.750608 0.590214 0.297042
    outer loop
      vertex -3.604631 8.312121 0.827762
      vertex -3.889087 8.838835 0.500000
      vertex -3.790715 8.498205 0.928242
    endloop
  endfacet
  facet normal 0.000000 0.000000 1.000000
    outer loop
      vertex -3.790715 8.498205 0.928242
      vertex -3.889087 8.838835 0.500000
      vertex -3.889087 8.838835 0.500000
    endloop
  endfacet
  facet normal 0.690588 0.634909 0.346380
    outer loop
      vertex -3.790715 8.498205 0.928242
      vertex -3.889087 8.838835 0.500000
      vertex -4.010216 8.717706 0.963525
    endloop
  endfacet
  facet normal 0.000000 0.000000 1.000000
    outer loop
      vertex -4.010216 8.717706 0.963525
      vertex -3.889087 8.838835 0.500000
      vertex -3.889087 8.838835 0.500000
    endloop
  endfacet
  facet normal 0.634909 0.690588 0.346380
    outer loop
      vertex -4.010216 8.717706 0.963525
      vertex -3.889087 8.838835 0.500000
      vertex -4.229717 8.937207 0.928242
    endloop
  endfacet
  facet normal 0.000000 0.000000 1.000000
    outer loop
      vertex -4.229717 8.937207 0.928242
      vertex -3.889087 8.838835 0.500000
      vertex -3.889087 8.838835 0.500000
    endloop
  endfacet
  facet normal 0.590214 0.750608 0.297042
    outer loop
      vertex -4.229717 8.937207 0.928242
      vertex -3.889087 8.838835 0.500000
      vertex -4.415801 9.123291 0.827762
    endloop
  endfacet
  facet normal 0.000000 0.000000 1.000000
    outer loop
      vertex -4.415801 9.123291 0.827762
      vertex -3.889087 8.838835 0.500000
      vertex -3.889087 8.838835 0.500000
    endloop
  endfacet
  facet normal 0.559670 0.803764 0.201824
    outer loop
      vertex -4.415801 9.123291 0.827762
      vertex -3.889087 8.838835 0.500000
      vertex -4.540138 9.247628 0.677384
    endloop
  endfacet
  facet normal 0.000000 0.000000 1.000000
    outer loop
      vertex -4.540138 9.247628 0.677384
      vertex -3.889087 8.838835 0.500000
      vertex -3.889087 8.838835 0.500000
    endloop
  endfacet
  facet normal 0.544338 0.835793 0.071739
    outer loop
      vertex -4.540138 9.247628 0.677384
      vertex -3.889087 8.838835 0.500000
      vertex -4.583800 9.291289 0.500000
    endloop
  endfacet
  facet normal 0.206090 -0.975900 0.071739
    outer loop
      vertex -9.000000 -3.500000 0.500000
      vertex -8.188830 -3.328698 0.500000
      vertex -8.250577 -3.328698 0.677384
    endloop
  endfacet
  facet normal 0.000000 0.000000 1.000000
    outer loop
      vertex -9.000000 -3.500000 0.500000
      vertex -8.250577 -3.328698 0.677384
      vertex -9.000000 -3.500000 0.500000
    endloop
  endfacet
  facet normal 0.172601 -0.964093 0.201824
    outer loop
      vertex -9.000000 -3.500000 0.500000
      vertex -8.250577 -3.328698 0.677384
      vertex -8.426416 -3.328698 0.827762
    endloop
  endfacet
  facet normal 0.000000 0.000000 1.000000
    outer loop
      vertex -9.000000 -3.500000 0.500000
      vertex -8.426416 -3.328698 0.827762
      vertex -9.000000 -3.500000 0.500000
    endloop
  endfacet
  facet normal 0.113416 -0.948105 0.297042
    outer loop
      vertex -9.000000 -3.500000 0.500000
      vertex -8.426416 -3.328698 0.827762
      vertex -8.689579 -3.328698 0.928242
    endloop
  endfacet
  facet normal 0.000000 0.000000 1.000000
    outer loop
      vertex -9.000000 -3.500000 0.500000
      vertex -8.689579 -3.328698 0.928242
      vertex -9.000000 -3.500000 0.500000
    endloop
  endfacet
  facet normal 0.039371 -0.937268 0.346380
    outer loop
      vertex -9.000000 -3.500000 0.500000
      vertex -8.689579 -3.328698 0.928242
      vertex -9.000000 -3.328698 0.963525
    endloop
  endfacet
  facet normal 0.000000 0.000000 1.000000
    outer loop
      vertex -9.000000 -3.500000 0.500000
      vertex -9.000000 -3.328698 0.963525
      vertex -9.000000 -3.500000 0.500000
    endloop
  endfacet
  facet normal -0.039371 -0.937268 0.346380
    outer loop
      vertex -9.000000 -3.500000 0.500000
      vertex -9.000000 -3.328698 0.963525
      vertex -9.310421 -3.328698 0.928242
    endloop
  endfacet
  facet normal 0.000000 0.000000 1.000000
    outer loop
      vertex -9.000000 -3.500000 0.500000
      vertex -9.310421 -3.328698 0.928242
      vertex -9.000000 -3.500000 0.500000
    endloop
  endfacet
  facet normal -0.113416 -0.948105 0.297042
    outer loop
      vertex -9.000000 -3.500000 0.500000
      vertex -9.310421 -3.328698 0.928242
      vertex -9.573584 -3.328698 0.827762
    endloop
  endfacet
  facet normal 0.000000 0.000000 1.000000
    outer loop
      vertex -9.000000 -3.500000 0.500000
      vertex -9.573584 -3.328698 0.827762
      vertex -9.000000 -3.500000 0.500000
    endloop
  endfacet
  facet normal -0.172601 -0.964093 0.201824
    outer loop
      vertex -9.000000 -3.500000 0.500000
      vertex -9.573584 -3.328698 0.827762
      vertex -9.749423 -3.328698 0.677384
    endloop
  endfacet
  facet normal 0.000000 0.000000 1.000000
    outer loop
      vertex -9.000000 -3.500000 0.500000
      vertex -9.749423 -3.328698 0.677384
      vertex -9.000000 -3.500000 0.500000
    endloop
  endfacet
  facet normal -0.206090 -0.975900 0.071739
    outer loop
      vertex -9.000000 -3.500000 0.500000
      vertex -9.749423 -3.328698 0.677384
      vertex -9.811170 -3.328698 0.500000
    endloop
  endfacet
  facet normal 0.000000 0.000000 1.000000
    outer loop
      vertex -9.000000 -3.500000 0.500000
      vertex -9.811170 -3.328698 0.500000
      vertex -9.000000 -3.500000 0.500000
    endloop
  endfacet
  facet normal 0.551500 -0.811784 0.191975
    outer loop
      vertex -8.188830 -3.328698 0.500000
      vertex -7.457064 -2.831559 0.500000
      vertex -7.574513 -2.831559 0.837404
    endloop
  endfacet
  facet normal 0.551500 -0.811784 0.191975
    outer loop
      vertex -8.188830 -3.328698 0.500000
      vertex -7.574513 -2.831559 0.837404
      vertex -8.250577 -3.328698 0.677384
    endloop
  endfacet
  facet normal 0.431050 -0.748430 0.504033
    outer loop
      vertex -8.250577 -3.328698 0.677384
      vertex -7.574513 -2.831559 0.837404
      vertex -7.908979 -2.831559 1.123440
    endloop
  endfacet
  facet normal 0.431050 -0.748430 0.504033
    outer loop
      vertex -8.250577 -3.328698 0.677384
      vertex -7.908979 -2.831559 1.123440
      vertex -8.426416 -3.328698 0.827762
    endloop
  endfacet
  facet normal 0.261605 -0.679793 0.685160
    outer loop
      vertex -8.426416 -3.328698 0.827762
      vertex -7.908979 -2.831559 1.123440
      vertex -8.409544 -2.831559 1.314564
    endloop
  endfacet
  facet normal 0.261605 -0.679793 0.685160
    outer loop
      vertex -8.426416 -3.328698 0.827762
      vertex -8.409544 -2.831559 1.314564
      vertex -8.689579 -3.328698 0.928242
    endloop
  endfacet
  facet normal 0.086658 -0.641272 0.762404
    outer loop
      vertex -8.689579 -3.328698 0.928242
      vertex -8.409544 -2.831559 1.314564
      vertex -9.000000 -2.831559 1.381678
    endloop
  endfacet
  facet normal 0.086658 -0.641272 0.762404
    outer loop
      vertex -8.689579 -3.328698 0.928242
      vertex -9.000000 -2.831559 1.381678
      vertex -9.000000 -3.328698 0.963525
    endloop
  endfacet
  facet normal -0.086658 -0.641272 0.762404
    outer loop
      vertex -9.000000 -3.328698 0.963525
      vertex -9.000000 -2.831559 1.381678
      vertex -9.590456 -2.831559 1.314564
    endloop
  endfacet
  facet normal -0.086658 -0.641272 0.762404
    outer loop
      vertex -9.000000 -3.328698 0.963525
      vertex -9.590456 -2.831559 1.314564
      vertex -9.310421 -3.328698 0.928242
    endloop
  endfacet
  facet normal -0.261605 -0.679793 0.685160
    outer loop
      vertex -9.310421 -3.328698 0.928242
      vertex -9.590456 -2.831559 1.314564
      vertex -10.091021 -2.831559 1.123440
    endloop
  endfacet
  facet normal -0.261605 -0.679793 0.685160
    outer loop
      vertex -9.310421 -3.328698 0.928242
      vertex -10.091021 -2.831559 1.123440
      vertex -9.573584 -3.328698 0.827762
    endloop
  endfacet
  facet normal -0.431050 -0.748430 0.504033
    outer loop
      vertex -9.573584 -3.328698 0.827762
      vertex -10.091021 -2.831559 1.123440
      vertex -10.425487 -2.831559 0.837404
    endloop
  endfacet
  facet normal -0.431050 -0.748430 0.504033
    outer loop
      vertex -9.573584 -3.328698 0.827762
      vertex -10.425487 -2.831559 0.837404
      vertex -9.749423 -3.328698 0.677384
    endloop
  endfacet
  facet normal -0.551500 -0.811784 0.191975
    outer loop
      vertex -9.749423 -3.328698 0.677384
      vertex -10.425487 -2.831559 0.837404
      vertex -10.542936 -2.831559 0.500000
    endloop
  endfacet
  facet normal -0.551500 -0.811784 0.191975
    outer loop
      vertex -9.749423 -3.328698 0.677384
      vertex -10.542936 -2.831559 0.500000
      vertex -9.811170 -3.328698 0.500000
    endloop
  endfacet
  facet normal 0.770675 -0.578006 0.268269
    outer loop
      vertex -7.457064 -2.831559 0.500000
      vertex -6.876330 -2.057248 0.500000
      vertex -7.037985 -2.057248 0.964396
    endloop
  endfacet
  facet normal 0.770675 -0.578006 0.268269
    outer loop
      vertex -7.457064 -2.831559 0.500000
      vertex -7.037985 -2.057248 0.964396
      vertex -7.574513 -2.831559 0.837404
    endloop
  endfacet
  facet normal 0.563440 -0.498467 0.658837
    outer loop
      vertex -7.574513 -2.831559 0.837404
      vertex -7.037985 -2.057248 0.964396
      vertex -7.498339 -2.057248 1.358092
    endloop
  endfacet
  facet normal 0.563440 -0.498467 0.658837
    outer loop
      vertex -7.574513 -2.831559 0.837404
      vertex -7.498339 -2.057248 1.358092
      vertex -7.908979 -2.831559 1.123440
    endloop
  endfacet
  facet normal 0.322538 -0.427049 0.844747
    outer loop
      vertex -7.908979 -2.831559 1.123440
      vertex -7.498339 -2.057248 1.358092
      vertex -8.187307 -2.057248 1.621151
    endloop
  endfacet
  facet normal 0.322538 -0.427049 0.844747
    outer loop
      vertex -7.908979 -2.831559 1.123440
      vertex -8.187307 -2.057248 1.621151
      vertex -8.409544 -2.831559 1.314564
    endloop
  endfacet
  facet normal 0.103908 -0.391787 0.914170
    outer loop
      vertex -8.409544 -2.831559 1.314564
      vertex -8.187307 -2.057248 1.621151
      vertex -9.000000 -2.057248 1.713525
    endloop
  endfacet
  facet normal 0.103908 -0.391787 0.914170
    outer loop
      vertex -8.409544 -2.831559 1.314564
      vertex -9.000000 -2.057248 1.713525
      vertex -9.000000 -2.831559 1.381678
    endloop
  endfacet
  facet normal -0.103908 -0.391787 0.914170
    outer loop
      vertex -9.000000 -2.831559 1.381678
      vertex -9.000000 -2.057248 1.713525
      vertex -9.812693 -2.057248 1.621151
    endloop
  endfacet
  facet normal -0.103908 -0.391787 0.914170
    outer loop
      vertex -9.000000 -2.831559 1.381678
      vertex -9.812693 -2.057248 1.621151
      vertex -9.590456 -2.831559 1.314564
    endloop
  endfacet
  facet normal -0.322538 -0.427049 0.844747
    outer loop
      vertex -9.590456 -2.831559 1.314564
      vertex -9.812693 -2.057248 1.621151
      vertex -10.501661 -2.057248 1.358092
    endloop
  endfacet
  facet normal -0.322538 -0.427049 0.844747
    outer loop
      vertex -9.590456 -2.831559 1.314564
      vertex -10.501661 -2.057248 1.358092
      vertex -10.091021 -2.831559 1.123440
    endloop
  endfacet
  facet normal -0.563440 -0.498467 0.658837
    outer loop
      vertex -10.091021 -2.831559 1.123440
      vertex -10.501661 -2.057248 1.358092
      vertex -10.962015 -2.057248 0.964396
    endloop
  endfacet
  facet normal -0.563440 -0.498467 0.658837
    outer loop
      vertex -10.091021 -2.831559 1.123440
      vertex -10.962015 -2.057248 0.964396
      vertex -10.425487 -2.831559 0.837404
    endloop
  endfacet
  facet normal -0.770675 -0.578006 0.268269
    outer loop
      vertex -10.425487 -2.831559 0.837404
      vertex -10.962015 -2.057248 0.964396
      vertex -11.123670 -2.057248 0.500000
    endloop
  endfacet
  facet normal -0.770675 -0.578006 0.268269
    outer loop
      vertex -10.425487 -2.831559 0.837404
      vertex -11.123670 -2.057248 0.500000
      vertex -10.542936 -2.831559 0.500000
    endloop
  endfacet
  facet normal 0.888334 -0.339472 0.309226
    outer loop
      vertex -6.876330 -2.057248 0.500000
      vertex -6.503477 -1.081559 0.500000
      vertex -6.693513 -1.081559 1.045930
    endloop
  endfacet
  facet normal 0.888334 -0.339472 0.309226
    outer loop
      vertex -6.876330 -2.057248 0.500000
      vertex -6.693513 -1.081559 1.045930
      vertex -7.037985 -2.057248 0.964396
    endloop
  endfacet
  facet normal 0.623724 -0.281156 0.729328
    outer loop
      vertex -7.037985 -2.057248 0.964396
      vertex -6.693513 -1.081559 1.045930
      vertex -7.234691 -1.081559 1.508748
    endloop
  endfacet
  facet normal 0.623724 -0.281156 0.729328
    outer loop
      vertex -7.037985 -2.057248 0.964396
      vertex -7.234691 -1.081559 1.508748
      vertex -7.498339 -2.057248 1.358092
    endloop
  endfacet
  facet normal 0.346800 -0.233960 0.908291
    outer loop
      vertex -7.498339 -2.057248 1.358092
      vertex -7.234691 -1.081559 1.508748
      vertex -8.044622 -1.081559 1.817992
    endloop
  endfacet
  facet normal 0.346800 -0.233960 0.908291
    outer loop
      vertex -7.498339 -2.057248 1.358092
      vertex -8.044622 -1.081559 1.817992
      vertex -8.187307 -2.057248 1.621151
    endloop
  endfacet
  facet normal 0.110369 -0.212037 0.971009
    outer loop
      vertex -8.187307 -2.057248 1.621151
      vertex -8.044622 -1.081559 1.817992
      vertex -9.000000 -1.081559 1.926585
    endloop
  endfacet
  facet normal 0.110369 -0.212037 0.971009
    outer loop
      vertex -8.187307 -2.057248 1.621151
      vertex -9.000000 -1.081559 1.926585
      vertex -9.000000 -2.057248 1.713525
    endloop
  endfacet
  facet normal -0.110369 -0.212037 0.971009
    outer loop
      vertex -9.000000 -2.057248 1.713525
      vertex -9.000000 -1.081559 1.926585
      vertex -9.955378 -1.081559 1.817992
    endloop
  endfacet
  facet normal -0.110369 -0.212037 0.971009
    outer loop
      vertex -9.000000 -2.057248 1.713525
      vertex -9.955378 -1.081559 1.817992
      vertex -9.812693 -2.057248 1.621151
    endloop
  endfacet
  facet normal -0.346800 -0.233960 0.908291
    outer loop
      vertex -9.812693 -2.057248 1.621151
      vertex -9.955378 -1.081559 1.817992
      vertex -10.765309 -1.081559 1.508748
    endloop
  endfacet
  facet normal -0.346800 -0.233960 0.908291
    outer loop
      vertex -9.812693 -2.057248 1.621151
      vertex -10.765309 -1.081559 1.508748
      vertex -10.501661 -2.057248 1.358092
    endloop
  endfacet
  facet normal -0.623724 -0.281156 0.729328
    outer loop
      vertex -10.501661 -2.057248 1.358092
      vertex -10.765309 -1.081559 1.508748
      vertex -11.306487 -1.081559 1.045930
    endloop
  endfacet
  facet normal -0.623724 -0.281156 0.729328
    outer loop
      vertex -10.501661 -2.057248 1.358092
      vertex -11.306487 -1.081559 1.045930
      vertex -10.962015 -2.057248 0.964396
    endloop
  endfacet
  facet normal -0.888334 -0.339472 0.309226
    outer loop
      vertex -10.962015 -2.057248 0.964396
      vertex -11.306487 -1.081559 1.045930
      vertex -11.496523 -1.081559 0.500000
    endloop
  endfacet
  facet normal -0.888334 -0.339472 0.309226
    outer loop
      vertex -10.962015 -2.057248 0.964396
      vertex -11.496523 -1.081559 0.500000
      vertex -11.123670 -2.057248 0.500000
    endloop
  endfacet
  facet normal 0.938530 -0.111486 0.326699
    outer loop
      vertex -6.503477 -1.081559 0.500000
      vertex -6.375000 0.000000 0.500000
      vertex -6.574816 0.000000 1.074025
    endloop
  endfacet
  facet normal 0.938530 -0.111486 0.326699
    outer loop
      vertex -6.503477 -1.081559 0.500000
      vertex -6.574816 0.000000 1.074025
      vertex -6.693513 -1.081559 1.045930
    endloop
  endfacet
  facet normal 0.647263 -0.090695 0.756852
    outer loop
      vertex -6.693513 -1.081559 1.045930
      vertex -6.574816 0.000000 1.074025
      vertex -7.143845 0.000000 1.560660
    endloop
  endfacet
  facet normal 0.647263 -0.090695 0.756852
    outer loop
      vertex -6.693513 -1.081559 1.045930
      vertex -7.143845 0.000000 1.560660
      vertex -7.234691 -1.081559 1.508748
    endloop
  endfacet
  facet normal 0.355706 -0.074593 0.931616
    outer loop
      vertex -7.234691 -1.081559 1.508748
      vertex -7.143845 0.000000 1.560660
      vertex -7.995456 0.000000 1.885819
    endloop
  endfacet
  facet normal 0.355706 -0.074593 0.931616
    outer loop
      vertex -7.234691 -1.081559 1.508748
      vertex -7.995456 0.000000 1.885819
      vertex -8.044622 -1.081559 1.817992
    endloop
  endfacet
  facet normal 0.112681 -0.067292 0.991350
    outer loop
      vertex -8.044622 -1.081559 1.817992
      vertex -7.995456 0.000000 1.885819
      vertex -9.000000 0.000000 2.000000
    endloop
  endfacet
  facet normal 0.112681 -0.067292 0.991350
    outer loop
      vertex -8.044622 -1.081559 1.817992
      vertex -9.000000 0.000000 2.000000
      vertex -9.000000 -1.081559 1.926585
    endloop
  endfacet
  facet normal -0.112681 -0.067292 0.991350
    outer loop
      vertex -9.000000 -1.081559 1.926585
      vertex -9.000000 0.000000 2.000000
      vertex -10.004544 0.000000 1.885819
    endloop
  endfacet
  facet normal -0.112681 -0.067292 0.991350
    outer loop
      vertex -9.000000 -1.081559 1.926585
      vertex -10.004544 0.000000 1.885819
      vertex -9.955378 -1.081559 1.817992
    endloop
  endfacet
  facet normal -0.355706 -0.074593 0.931616
    outer loop
      vertex -9.955378 -1.081559 1.817992
      vertex -10.004544 0.000000 1.885819
      vertex -10.856155 0.000000 1.560660
    endloop
  endfacet
  facet normal -0.355706 -0.074593 0.931616
    outer loop
      vertex -9.955378 -1.081559 1.817992
      vertex -10.856155 0.000000 1.560660
      vertex -10.765309 -1.081559 1.508748
    endloop
  endfacet
  facet normal -0.647263 -0.090695 0.756852
    outer loop
      vertex -10.765309 -1.081559 1.508748
      vertex -10.856155 0.000000 1.560660
      vertex -11.425184 0.000000 1.074025
    endloop
  endfacet
  facet normal -0.647263 -0.090695 0.756852
    outer loop
      vertex -10.765309 -1.081559 1.508748
      vertex -11.425184 0.000000 1.074025
      vertex -11.306487 -1.081559 1.045930
    endloop
  endfacet
  facet normal -0.938530 -0.111486 0.326699
    outer loop
      vertex -11.306487 -1.081559 1.045930
      vertex -11.425184 0.000000 1.074025
      vertex -11.625000 0.000000 0.500000
    endloop
  endfacet
  facet normal -0.938530 -0.111486 0.326699
    outer loop
      vertex -11.306487 -1.081559 1.045930
      vertex -11.625000 0.000000 0.500000
      vertex -11.496523 -1.081559 0.500000
    endloop
  endfacet
  facet normal 0.938530 0.111486 0.326699
    outer loop
      vertex -6.375000 0.000000 0.500000
      vertex -6.503477 1.081559 0.500000
      vertex -6.693513 1.081559 1.045930
    endloop
  endfacet
  facet normal 0.938530 0.111486 0.326699
    outer loop
      vertex -6.375000 0.000000 0.500000
      vertex -6.693513 1.081559 1.045930
      vertex -6.574816 0.000000 1.074025
    endloop
  endfacet
  facet normal 0.647263 0.090695 0.756852
    outer loop
      vertex -6.574816 0.000000 1.074025
      vertex -6.693513 1.081559 1.045930
      vertex -7.234691 1.081559 1.508748
    endloop
  endfacet
  facet normal 0.647263 0.090695 0.756852
    outer loop
      vertex -6.574816 0.000000 1.074025
      vertex -7.234691 1.081559 1.508748
      vertex -7.143845 0.000000 1.560660
    endloop
  endfacet
  facet normal 0.355706 0.074593 0.931616
    outer loop
      vertex -7.143845 0.000000 1.560660
      vertex -7.234691 1.081559 1.508748
      vertex -8.044622 1.081559 1.817992
    endloop
  endfacet
  facet normal 0.355706 0.074593 0.931616
    outer loop
      vertex -7.143845 0.000000 1.560660
      vertex -8.044622 1.081559 1.817992
      vertex -7.995456 0.000000 1.885819
    endloop
  endfacet
  facet normal 0.112681 0.067292 0.991350
    outer loop
      vertex -7.995456 0.000000 1.885819
      vertex -8.044622 1.081559 1.817992
      vertex -9.000000 1.081559 1.926585
    endloop
  endfacet
  facet normal 0.112681 0.067292 0.991350
    outer loop
      vertex -7.995456 0.000000 1.885819
      vertex -9.000000 1.081559 1.926585
      vertex -9.000000 0.000000 2.000000
    endloop
  endfacet
  facet normal -0.112681 0.067292 0.991350
    outer loop
      vertex -9.000000 0.000000 2.000000
      vertex -9.000000 1.081559 1.926585
      vertex -9.955378 1.081559 1.817992
    endloop
  endfacet
  facet normal -0.112681 0.067292 0.991350
    outer loop
      vertex -9.000000 0.000000 2.000000
      vertex -9.955378 1.081559 1.817992
      vertex -10.004544 0.000000 1.885819
    endloop
  endfacet
  facet normal -0.355706 0.074593 0.931616
    outer loop
      vertex -10.004544 0.000000 1.885819
      vertex -9.955378 1.081559 1.817992
      vertex -10.765309 1.081559 1.508748
    endloop
  endfacet
  facet normal -0.355706 0.074593 0.931616
    outer loop
      vertex -10.004544 0.000000 1.885819
      vertex -10.765309 1.081559 1.508748
      vertex -10.856155 0.000000 1.560660
    endloop
  endfacet
  facet normal -0.647263 0.090695 0.756852
    outer loop
      vertex -10.856155 0.000000 1.560660
      vertex -10.765309 1.081559 1.508748
      vertex -11.306487 1.081559 1.045930
    endloop
  endfacet
  facet normal -0.647263 0.090695 0.756852
    outer loop
      vertex -10.856155 0.000000 1.560660
      vertex -11.306487 1.081559 1.045930
      vertex -11.425184 0.000000 1.074025
    endloop
  endfacet
  facet normal -0.938530 0.111486 0.326699
    outer loop
      vertex -11.425184 0.000000 1.074025
      vertex -11.306487 1.081559 1.045930
      vertex -11.496523 1.081559 0.500000
    endloop
  endfacet
  facet normal -0.938530 0.111486 0.326699
    outer loop
      vertex -11.425184 0.000000 1.074025
      vertex -11.496523 1.081559 0.500000
      vertex -11.625000 0.000000 0.500000
    endloop
  endfacet
  facet normal 0.888334 0.339472 0.309226
    outer loop
      vertex -6.503477 1.081559 0.500000
      vertex -6.876330 2.057248 0.500000
      vertex -7.037985 2.057248 0.964396
    endloop
  endfacet
  facet normal 0.888334 0.339472 0.309226
    outer loop
      vertex -6.503477 1.081559 0.500000
      vertex -7.037985 2.057248 0.964396
      vertex -6.693513 1.081559 1.045930
    endloop
  endfacet
  facet normal 0.623724 0.281156 0.729328
    outer loop
      vertex -6.693513 1.081559 1.045930
      vertex -7.037985 2.057248 0.964396
      vertex -7.498339 2.057248 1.358092
    endloop
  endfacet
  facet normal 0.623724 0.281156 0.729328
    outer loop
      vertex -6.693513 1.081559 1.045930
      vertex -7.498339 2.057248 1.358092
      vertex -7.234691 1.081559 1.508748
    endloop
  endfacet
  facet normal 0.346800 0.233960 0.908291
    outer loop
      vertex -7.234691 1.081559 1.508748
      vertex -7.498339 2.057248 1.358092
      vertex -8.187307 2.057248 1.621151
    endloop
  endfacet
  facet normal 0.346800 0.233960 0.908291
    outer loop
      vertex -7.234691 1.081559 1.508748
      vertex -8.187307 2.057248 1.621151
      vertex -8.044622 1.081559 1.817992
    endloop
  endfacet
  facet normal 0.110369 0.212037 0.971009
    outer loop
      vertex -8.044622 1.081559 1.817992
      vertex -8.187307 2.057248 1.621151
      vertex -9.000000 2.057248 1.713525
    endloop
  endfacet
  facet normal 0.110369 0.212037 0.971009
    outer loop
      vertex -8.044622 1.081559 1.817992
      vertex -9.000000 2.057248 1.713525
      vertex -9.000000 1.081559 1.926585
    endloop
  endfacet
  facet normal -0.110369 0.212037 0.971009
    outer loop
      vertex -9.000000 1.081559 1.926585
      vertex -9.000000 2.057248 1.713525
      vertex -9.812693 2.057248 1.621151
    endloop
  endfacet
  facet normal -0.110369 0.212037 0.971009
    outer loop
      vertex -9.000000 1.081559 1.926585
      vertex -9.812693 2.057248 1.621151
      vertex -9.955378 1.081559 1.817992
    endloop
  endfacet
  facet normal -0.346800 0.233960 0.908291
    outer loop
      vertex -9.955378 1.081559 1.817992
      vertex -9.812693 2.057248 1.621151
      vertex -10.501661 2.057248 1.358092
    endloop
  endfacet
  facet normal -0.346800 0.233960 0.908291
    outer loop
      vertex -9.955378 1.081559 1.817992
      vertex -10.501661 2.057248 1.358092
      vertex -10.765309 1.081559 1.508748
    endloop
  endfacet
  facet normal -0.623724 0.281156 0.729328
    outer loop
      vertex -10.765309 1.081559 1.508748
      vertex -10.501661 2.057248 1.358092
      vertex -10.962015 2.057248 0.964396
    endloop
  endfacet
  facet normal -0.623724 0.281156 0.729328
    outer loop
      vertex -10.765309 1.081559 1.508748
      vertex -10.962015 2.057248 0.964396
      vertex -11.306487 1.081559 1.045930
    endloop
  endfacet
  facet normal -0.888334 0.339472 0.309226
    outer loop
      vertex -11.306487 1.081559 1.045930
      vertex -10.962015 2.057248 0.964396
      vertex -11.123670 2.057248 0.500000
    endloop
  endfacet
  facet normal -0.888334 0.339472 0.309226
    outer loop
      vertex -11.306487 1.081559 1.045930
      vertex -11.123670 2.057248 0.500000
      vertex -11.496523 1.081559 0.500000
    endloop
  endfacet
  facet normal 0.770675 0.578006 0.268269
    outer loop
      vertex -6.876330 2.057248 0.500000
      vertex -7.457064 2.831559 0.500000
      vertex -7.574513 2.831559 0.837404
    endloop
  endfacet
  facet normal 0.770675 0.578006 0.268269
    outer loop
      vertex -6.876330 2.057248 0.500000
      vertex -7.574513 2.831559 0.837404
      vertex -7.037985 2.057248 0.964396
    endloop
  endfacet
  facet normal 0.563440 0.498467 0.658837
    outer loop
      vertex -7.037985 2.057248 0.964396
      vertex -7.574513 2.831559 0.837404
      vertex -7.908979 2.831559 1.123440
    endloop
  endfacet
  facet normal 0.563440 0.498467 0.658837
    outer loop
      vertex -7.037985 2.057248 0.964396
      vertex -7.908979 2.831559 1.123440
      vertex -7.498339 2.057248 1.358092
    endloop
  endfacet
  facet normal 0.322538 0.427049 0.844747
    outer loop
      vertex -7.498339 2.057248 1.358092
      vertex -7.908979 2.831559 1.123440
      vertex -8.409544 2.831559 1.314564
    endloop
  endfacet
  facet normal 0.322538 0.427049 0.844747
    outer loop
      vertex -7.498339 2.057248 1.358092
      vertex -8.409544 2.831559 1.314564
      vertex -8.187307 2.057248 1.621151
    endloop
  endfacet
  facet normal 0.103908 0.391787 0.914170
    outer loop
      vertex -8.187307 2.057248 1.621151
      vertex -8.409544 2.831559 1.314564
      vertex -9.000000 2.831559 1.381678
    endloop
  endfacet
  facet normal 0.103908 0.391787 0.914170
    outer loop
      vertex -8.187307 2.057248 1.621151
      vertex -9.000000 2.831559 1.381678
      vertex -9.000000 2.057248 1.713525
    endloop
  endfacet
  facet normal -0.103908 0.391787 0.914170
    outer loop
      vertex -9.000000 2.057248 1.713525
      vertex -9.000000 2.831559 1.381678
      vertex -9.590456 2.831559 1.314564
    endloop
  endfacet
  facet normal -0.103908 0.391787 0.914170
    outer loop
      vertex -9.000000 2.057248 1.713525
      vertex -9.590456 2.831559 1.314564
      vertex -9.812693 2.057248 1.621151
    endloop
  endfacet
  facet normal -0.322538 0.427049 0.844747
    outer loop
      vertex -9.812693 2.057248 1.621151
      vertex -9.590456 2.831559 1.314564
      vertex -10.091021 2.831559 1.123440
    endloop
  endfacet
  facet normal -0.322538 0.427049 0.844747
    outer loop
      vertex -9.812693 2.057248 1.621151
      vertex -10.091021 2.831559 1.123440
      vertex -10.501661 2.057248 1.358092
    endloop
  endfacet
  facet normal -0.563440 0.498467 0.658837
    outer loop
      vertex -10.501661 2.057248 1.358092
      vertex -10.091021 2.831559 1.123440
      vertex -10.425487 2.831559 0.837404
    endloop
  endfacet
  facet normal -0.563440 0.498467 0.658837
    outer loop
      vertex -10.501661 2.057248 1.358092
      vertex -10.425487 2.831559 0.837404
      vertex -10.962015 2.057248 0.964396
    endloop
  endfacet
  facet normal -0.770675 0.578006 0.268269
    outer loop
      vertex -10.962015 2.057248 0.964396
      vertex -10.425487 2.831559 0.837404
      vertex -10.542936 2.831559 0.500000
    endloop
  endfacet
  facet normal -0.770675 0.578006 0.268269
    outer loop
      vertex -10.962015 2.057248 0.964396
      vertex -10.542936 2.831559 0.500000
      vertex -11.123670 2.057248 0.500000
    endloop
  endfacet
  facet normal 0.551500 0.811784 0.191975
    outer loop
      vertex -7.457064 2.831559 0.500000
      vertex -8.188830 3.328698 0.500000
      vertex -8.250577 3.328698 0.677384
    endloop
  endfacet
  facet normal 0.551500 0.811784 0.191975
    outer loop
      vertex -7.457064 2.831559 0.500000
      vertex -8.250577 3.328698 0.677384
      vertex -7.574513 2.831559 0.837404
    endloop
  endfacet
  facet normal 0.431050 0.748430 0.504033
    outer loop
      vertex -7.574513 2.831559 0.837404
      vertex -8.250577 3.328698 0.677384
      vertex -8.426416 3.328698 0.827762
    endloop
  endfacet
  facet normal 0.431050 0.748430 0.504033
    outer loop
      vertex -7.574513 2.831559 0.837404
      vertex -8.426416 3.328698 0.827762
      vertex -7.908979 2.831559 1.123440
    endloop
  endfacet
  facet normal 0.261605 0.679793 0.685160
    outer loop
      vertex -7.908979 2.831559 1.123440
      vertex -8.426416 3.328698 0.827762
      vertex -8.689579 3.328698 0.928242
    endloop
  endfacet
  facet normal 0.261605 0.679793 0.685160
    outer loop
      vertex -7.908979 2.831559 1.123440
      vertex -8.689579 3.328698 0.928242
      vertex -8.409544 2.831559 1.314564
    endloop
  endfacet
  facet normal 0.086658 0.641272 0.762404
    outer loop
      vertex -8.409544 2.831559 1.314564
      vertex -8.689579 3.328698 0.928242
      vertex -9.000000 3.328698 0.963525
    endloop
  endfacet
  facet normal 0.086658 0.641272 0.762404
    outer loop
      vertex -8.409544 2.831559 1.314564
      vertex -9.000000 3.328698 0.963525
      vertex -9.000000 2.831559 1.381678
    endloop
  endfacet
  facet normal -0.086658 0.641272 0.762404
    outer loop
      vertex -9.000000 2.831559 1.381678
      vertex -9.000000 3.328698 0.963525
      vertex -9.310421 3.328698 0.928242
    endloop
  endfacet
  facet normal -0.086658 0.641272 0.762404
    outer loop
      vertex -9.000000 2.831559 1.381678
      vertex -9.310421 3.328698 0.928242
      vertex -9.590456 2.831559 1.314564
    endloop
  endfacet
  facet normal -0.261605 0.679793 0.685160
    outer loop
      vertex -9.590456 2.831559 1.314564
      vertex -9.310421 3.328698 0.928242
      vertex -9.573584 3.328698 0.827762
    endloop
  endfacet
  facet normal -0.261605 0.679793 0.685160
    outer loop
      vertex -9.590456 2.831559 1.314564
      vertex -9.573584 3.328698 0.827762
      vertex -10.091021 2.831559 1.123440
    endloop
  endfacet
  facet normal -0.431050 0.748430 0.504033
    outer loop
      vertex -10.091021 2.831559 1.123440
      vertex -9.573584 3.328698 0.827762
      vertex -9.749423 3.328698 0.677384
    endloop
  endfacet
  facet normal -0.431050 0.748430 0.504033
    outer loop
      vertex -10.091021 2.831559 1.123440
      vertex -9.749423 3.328698 0.677384
      vertex -10.425487 2.831559 0.837404
    endloop
  endfacet
  facet normal -0.551500 0.811784 0.191975
    outer loop
      vertex -10.425487 2.831559 0.837404
      vertex -9.749423 3.328698 0.677384
      vertex -9.811170 3.328698 0.500000
    endloop
  endfacet
  facet normal -0.551500 0.811784 0.191975
    outer loop
      vertex -10.425487 2.831559 0.837404
      vertex -9.811170 3.328698 0.500000
      vertex -10.542936 2.831559 0.500000
    endloop
  endfacet
  facet normal 0.000000 0.000000 1.000000
    outer loop
      vertex -8.188830 3.328698 0.500000
      vertex -9.000000 3.500000 0.500000
      vertex -9.000000 3.500000 0.500000
    endloop
  endfacet
  facet normal 0.206090 0.975900 0.071739
    outer loop
      vertex -8.188830 3.328698 0.500000
      vertex -9.000000 3.500000 0.500000
      vertex -8.250577 3.328698 0.677384
    endloop
  endfacet
  facet normal 0.000000 0.000000 1.000000
    outer loop
      vertex -8.250577 3.328698 0.677384
      vertex -9.000000 3.500000 0.500000
      vertex -9.000000 3.500000 0.500000
    endloop
  endfacet
  facet normal 0.172601 0.964093 0.201824
    outer loop
      vertex -8.250577 3.328698 0.677384
      vertex -9.000000 3.500000 0.500000
      vertex -8.426416 3.328698 0.827762
    endloop
  endfacet
  facet normal 0.000000 0.000000 1.000000
    outer loop
      vertex -8.426416 3.328698 0.827762
      vertex -9.000000 3.500000 0.500000
      vertex -9.000000 3.500000 0.500000
    endloop
  endfacet
  facet normal 0.113416 0.948105 0.297042
    outer loop
      vertex -8.426416 3.328698 0.827762
      vertex -9.000000 3.500000 0.500000
      vertex -8.689579 3.328698 0.928242
    endloop
  endfacet
  facet normal 0.000000 0.000000 1.000000
    outer loop
      vertex -8.689579 3.328698 0.928242
      vertex -9.000000 3.500000 0.500000
      vertex -9.000000 3.500000 0.500000
    endloop
  endfacet
  facet normal 0.039371 0.937268 0.346380
    outer loop
      vertex -8.689579 3.328698 0.928242
      vertex -9.000000 3.500000 0.500000
      vertex -9.000000 3.328698 0.963525
    endloop
  endfacet
  facet normal 0.000000 0.000000 1.000000
    outer loop
      vertex -9.000000 3.328698 0.963525
      vertex -9.000000 3.500000 0.500000
      vertex -9.000000 3.500000 0.500000
    endloop
  endfacet
  facet normal -0.039371 0.937268 0.346380
    outer loop
      vertex -9.000000 3.328698 0.963525
      vertex -9.000000 3.500000 0.500000
      vertex -9.310421 3.328698 0.928242
    endloop
  endfacet
  facet normal 0.000000 0.000000 1.000000
    outer loop
      vertex -9.310421 3.328698 0.928242
      vertex -9.000000 3.500000 0.500000
      vertex -9.000000 3.500000 0.500000
    endloop
  endfacet
  facet normal -0.113416 0.948105 0.297042
    outer loop
      vertex -9.310421 3.328698 0.928242
      vertex -9.000000 3.500000 0.500000
      vertex -9.573584 3.328698 0.827762
    endloop
  endfacet
  facet normal 0.000000 0.000000 1.000000
    outer loop
      vertex -9.573584 3.328698 0.827762
      vertex -9.000000 3.500000 0.500000
      vertex -9.000000 3.500000 0.500000
    endloop
  endfacet
  facet normal -0.172601 0.964093 0.201824
    outer loop
      vertex -9.573584 3.328698 0.827762
      vertex -9.000000 3.500000 0.500000
      vertex -9.749423 3.328698 0.677384
    endloop
  endfacet
  facet normal 0.000000 0.000000 1.000000
    outer loop
      vertex -9.749423 3.328698 0.677384
      vertex -9.000000 3.500000 0.500000
      vertex -9.000000 3.500000 0.500000
    endloop
  endfacet
  facet normal -0.206090 0.975900 0.071739
    outer loop
      vertex -9.749423 3.328698 0.677384
      vertex -9.000000 3.500000 0.500000
      vertex -9.811170 3.328698 0.500000
    endloop
  endfacet
  facet normal 0.835793 -0.544338 0.071739
    outer loop
      vertex -3.889087 -8.838835 0.500000
      vertex -3.436633 -8.144122 0.500000
      vertex -3.480294 -8.187784 0.677384
    endloop
  endfacet
  facet normal 0.000000 0.000000 1.000000
    outer loop
      vertex -3.889087 -8.838835 0.500000
      vertex -3.480294 -8.187784 0.677384
      vertex -3.889087 -8.838835 0.500000
    endloop
  endfacet
  facet normal 0.803764 -0.559670 0.201824
    outer loop
      vertex -3.889087 -8.838835 0.500000
      vertex -3.480294 -8.187784 0.677384
      vertex -3.604631 -8.312121 0.827762
    endloop
  endfacet
  facet normal 0.000000 0.000000 1.000000
    outer loop
      vertex -3.889087 -8.838835 0.500000
      vertex -3.604631 -8.312121 0.827762
      vertex -3.889087 -8.838835 0.500000
    endloop
  endfacet
  facet normal 0.750608 -0.590214 0.297042
    outer loop
      vertex -3.889087 -8.838835 0.500000
      vertex -3.604631 -8.312121 0.827762
      vertex -3.790715 -8.498205 0.928242
    endloop
  endfacet
  facet normal 0.000000 0.000000 1.000000
    outer loop
      vertex -3.889087 -8.838835 0.500000
      vertex -3.790715 -8.498205 0.928242
      vertex -3.889087 -8.838835 0.500000
    endloop
  endfacet
  facet normal 0.690588 -0.634909 0.346380
    outer loop
      vertex -3.889087 -8.838835 0.500000
      vertex -3.790715 -8.498205 0.928242
      vertex -4.010216 -8.717706 0.963525
    endloop
  endfacet
  facet normal 0.000000 0.000000 1.000000
    outer loop
      vertex -3.889087 -8.838835 0.500000
      vertex -4.010216 -8.717706 0.963525
      vertex -3.889087 -8.838835 0.500000
    endloop
  endfacet
  facet normal 0.634909 -0.690588 0.346380
    outer loop
      vertex -3.889087 -8.838835 0.500000
      vertex -4.010216 -8.717706 0.963525
      vertex -4.229717 -8.937207 0.928242
    endloop
  endfacet
  facet normal 0.000000 0.000000 1.000000
    outer loop
      vertex -3.889087 -8.838835 0.500000
      vertex -4.229717 -8.937207 0.928242
      vertex -3.889087 -8.838835 0.500000
    endloop
  endfacet
  facet normal 0.590214 -0.750608 0.297042
    outer loop
      vertex -3.889087 -8.838835 0.500000
      vertex -4.229717 -8.937207 0.928242
      vertex -4.415801 -9.123291 0.827762
    endloop
  endfacet
  facet normal 0.000000 0.000000 1.000000
    outer loop
      vertex -3.889087 -8.838835 0.500000
      vertex -4.415801 -9.123291 0.827762
      vertex -3.889087 -8.838835 0.500000
    endloop
  endfacet
  facet normal 0.559670 -0.803764 0.201824
    outer loop
      vertex -3.889087 -8.838835 0.500000
      vertex -4.415801 -9.123291 0.827762
      vertex -4.540138 -9.247628 0.677384
    endloop
  endfacet
  facet normal 0.000000 0.000000 1.000000
    outer loop
      vertex -3.889087 -8.838835 0.500000
      vertex -4.540138 -9.247628 0.677384
      vertex -3.889087 -8.838835 0.500000
    endloop
  endfacet
  facet normal 0.544338 -0.835793 0.071739
    outer loop
      vertex -3.889087 -8.838835 0.500000
      vertex -4.540138 -9.247628 0.677384
      vertex -4.583800 -9.291289 0.500000
    endloop
  endfacet
  facet normal 0.000000 0.000000 1.000000
    outer loop
      vertex -3.889087 -8.838835 0.500000
      vertex -4.583800 -9.291289 0.500000
      vertex -3.889087 -8.838835 0.500000
    endloop
  endfacet
  facet normal 0.963987 -0.184049 0.191975
    outer loop
      vertex -3.436633 -8.144122 0.500000
      vertex -3.270725 -7.275155 0.500000
      vertex -3.353774 -7.358204 0.837404
    endloop
  endfacet
  facet normal 0.963987 -0.184049 0.191975
    outer loop
      vertex -3.436633 -8.144122 0.500000
      vertex -3.353774 -7.358204 0.837404
      vertex -3.480294 -8.187784 0.677384
    endloop
  endfacet
  facet normal 0.834018 -0.224421 0.504033
    outer loop
      vertex -3.480294 -8.187784 0.677384
      vertex -3.353774 -7.358204 0.837404
      vertex -3.590278 -7.594708 1.123440
    endloop
  endfacet
  facet normal 0.834018 -0.224421 0.504033
    outer loop
      vertex -3.480294 -8.187784 0.677384
      vertex -3.590278 -7.594708 1.123440
      vertex -3.604631 -8.312121 0.827762
    endloop
  endfacet
  facet normal 0.665669 -0.295704 0.685160
    outer loop
      vertex -3.604631 -8.312121 0.827762
      vertex -3.590278 -7.594708 1.123440
      vertex -3.944231 -7.948660 1.314564
    endloop
  endfacet
  facet normal 0.665669 -0.295704 0.685160
    outer loop
      vertex -3.604631 -8.312121 0.827762
      vertex -3.944231 -7.948660 1.314564
      vertex -3.790715 -8.498205 0.928242
    endloop
  endfacet
  facet normal 0.514725 -0.392172 0.762404
    outer loop
      vertex -3.790715 -8.498205 0.928242
      vertex -3.944231 -7.948660 1.314564
      vertex -4.361746 -8.366176 1.381678
    endloop
  endfacet
  facet normal 0.514725 -0.392172 0.762404
    outer loop
      vertex -3.790715 -8.498205 0.928242
      vertex -4.361746 -8.366176 1.381678
      vertex -4.010216 -8.717706 0.963525
    endloop
  endfacet
  facet normal 0.392172 -0.514725 0.762404
    outer loop
      vertex -4.010216 -8.717706 0.963525
      vertex -4.361746 -8.366176 1.381678
      vertex -4.779262 -8.783691 1.314564
    endloop
  endfacet
  facet normal 0.392172 -0.514725 0.762404
    outer loop
      vertex -4.010216 -8.717706 0.963525
      vertex -4.779262 -8.783691 1.314564
      vertex -4.229717 -8.937207 0.928242
    endloop
  endfacet
  facet normal 0.295704 -0.665669 0.685160
    outer loop
      vertex -4.229717 -8.937207 0.928242
      vertex -4.779262 -8.783691 1.314564
      vertex -5.133214 -9.137644 1.123440
    endloop
  endfacet
  facet normal 0.295704 -0.665669 0.685160
    outer loop
      vertex -4.229717 -8.937207 0.928242
      vertex -5.133214 -9.137644 1.123440
      vertex -4.415801 -9.123291 0.827762
    endloop
  endfacet
  facet normal 0.224421 -0.834018 0.504033
    outer loop
      vertex -4.415801 -9.123291 0.827762
      vertex -5.133214 -9.137644 1.123440
      vertex -5.369718 -9.374148 0.837404
    endloop
  endfacet
  facet normal 0.224421 -0.834018 0.504033
    outer loop
      vertex -4.415801 -9.123291 0.827762
      vertex -5.369718 -9.374148 0.837404
      vertex -4.540138 -9.247628 0.677384
    endloop
  endfacet
  facet normal 0.184049 -0.963987 0.191975
    outer loop
      vertex -4.540138 -9.247628 0.677384
      vertex -5.369718 -9.374148 0.837404
      vertex -5.452767 -9.457197 0.500000
    endloop
  endfacet
  facet normal 0.184049 -0.963987 0.191975
    outer loop
      vertex -4.540138 -9.247628 0.677384
      vertex -5.452767 -9.457197 0.500000
      vertex -4.583800 -9.291289 0.500000
    endloop
  endfacet
  facet normal 0.953662 0.136237 0.268269
    outer loop
      vertex -3.270725 -7.275155 0.500000
      vertex -3.407606 -6.316994 0.500000
      vertex -3.521913 -6.431301 0.964396
    endloop
  endfacet
  facet normal 0.953662 0.136237 0.268269
    outer loop
      vertex -3.270725 -7.275155 0.500000
      vertex -3.521913 -6.431301 0.964396
      vertex -3.353774 -7.358204 0.837404
    endloop
  endfacet
  facet normal 0.750881 0.045943 0.658837
    outer loop
      vertex -3.353774 -7.358204 0.837404
      vertex -3.521913 -6.431301 0.964396
      vertex -3.847432 -6.756821 1.358092
    endloop
  endfacet
  facet normal 0.750881 0.045943 0.658837
    outer loop
      vertex -3.353774 -7.358204 0.837404
      vertex -3.847432 -6.756821 1.358092
      vertex -3.590278 -7.594708 1.123440
    endloop
  endfacet
  facet normal 0.530038 -0.073900 0.844747
    outer loop
      vertex -3.590278 -7.594708 1.123440
      vertex -3.847432 -6.756821 1.358092
      vertex -4.334606 -7.243994 1.621151
    endloop
  endfacet
  facet normal 0.530038 -0.073900 0.844747
    outer loop
      vertex -3.590278 -7.594708 1.123440
      vertex -4.334606 -7.243994 1.621151
      vertex -3.944231 -7.948660 1.314564
    endloop
  endfacet
  facet normal 0.350510 -0.203561 0.914170
    outer loop
      vertex -3.944231 -7.948660 1.314564
      vertex -4.334606 -7.243994 1.621151
      vertex -4.909267 -7.818655 1.713525
    endloop
  endfacet
  facet normal 0.350510 -0.203561 0.914170
    outer loop
      vertex -3.944231 -7.948660 1.314564
      vertex -4.909267 -7.818655 1.713525
      vertex -4.361746 -8.366176 1.381678
    endloop
  endfacet
  facet normal 0.203561 -0.350510 0.914170
    outer loop
      vertex -4.361746 -8.366176 1.381678
      vertex -4.909267 -7.818655 1.713525
      vertex -5.483928 -8.393316 1.621151
    endloop
  endfacet
  facet normal 0.203561 -0.350510 0.914170
    outer loop
      vertex -4.361746 -8.366176 1.381678
      vertex -5.483928 -8.393316 1.621151
      vertex -4.779262 -8.783691 1.314564
    endloop
  endfacet
  facet normal 0.073900 -0.530038 0.844747
    outer loop
      vertex -4.779262 -8.783691 1.314564
      vertex -5.483928 -8.393316 1.621151
      vertex -5.971102 -8.880490 1.358092
    endloop
  endfacet
  facet normal 0.073900 -0.530038 0.844747
    outer loop
      vertex -4.779262 -8.783691 1.314564
      vertex -5.971102 -8.880490 1.358092
      vertex -5.133214 -9.137644 1.123440
    endloop
  endfacet
  facet normal -0.045943 -0.750881 0.658837
    outer loop
      vertex -5.133214 -9.137644 1.123440
      vertex -5.971102 -8.880490 1.358092
      vertex -6.296621 -9.206009 0.964396
    endloop
  endfacet
  facet normal -0.045943 -0.750881 0.658837
    outer loop
      vertex -5.133214 -9.137644 1.123440
      vertex -6.296621 -9.206009 0.964396
      vertex -5.369718 -9.374148 0.837404
    endloop
  endfacet
  facet normal -0.136237 -0.953662 0.268269
    outer loop
      vertex -5.369718 -9.374148 0.837404
      vertex -6.296621 -9.206009 0.964396
      vertex -6.410928 -9.320316 0.500000
    endloop
  endfacet
  facet normal -0.136237 -0.953662 0.268269
    outer loop
      vertex -5.369718 -9.374148 0.837404
      vertex -6.410928 -9.320316 0.500000
      vertex -5.452767 -9.457197 0.500000
    endloop
  endfacet
  facet normal 0.868190 0.388105 0.309226
    outer loop
      vertex -3.407606 -6.316994 0.500000
      vertex -3.833874 -5.363430 0.500000
      vertex -3.968251 -5.497807 1.045930
    endloop
  endfacet
  facet normal 0.868190 0.388105 0.309226
    outer loop
      vertex -3.407606 -6.316994 0.500000
      vertex -3.968251 -5.497807 1.045930
      vertex -3.521913 -6.431301 0.964396
    endloop
  endfacet
  facet normal 0.639847 0.242232 0.729328
    outer loop
      vertex -3.521913 -6.431301 0.964396
      vertex -3.968251 -5.497807 1.045930
      vertex -4.350921 -5.880477 1.508748
    endloop
  endfacet
  facet normal 0.639847 0.242232 0.729328
    outer loop
      vertex -3.521913 -6.431301 0.964396
      vertex -4.350921 -5.880477 1.508748
      vertex -3.847432 -6.756821 1.358092
    endloop
  endfacet
  facet normal 0.410660 0.079790 0.908291
    outer loop
      vertex -3.847432 -6.756821 1.358092
      vertex -4.350921 -5.880477 1.508748
      vertex -4.923629 -6.453185 1.817992
    endloop
  endfacet
  facet normal 0.410660 0.079790 0.908291
    outer loop
      vertex -3.847432 -6.756821 1.358092
      vertex -4.923629 -6.453185 1.817992
      vertex -4.334606 -7.243994 1.621151
    endloop
  endfacet
  facet normal 0.227976 -0.071890 0.971009
    outer loop
      vertex -4.334606 -7.243994 1.621151
      vertex -4.923629 -6.453185 1.817992
      vertex -5.599183 -7.128739 1.926585
    endloop
  endfacet
  facet normal 0.227976 -0.071890 0.971009
    outer loop
      vertex -4.334606 -7.243994 1.621151
      vertex -5.599183 -7.128739 1.926585
      vertex -4.909267 -7.818655 1.713525
    endloop
  endfacet
  facet normal 0.071890 -0.227976 0.971009
    outer loop
      vertex -4.909267 -7.818655 1.713525
      vertex -5.599183 -7.128739 1.926585
      vertex -6.274737 -7.804293 1.817992
    endloop
  endfacet
  facet normal 0.071890 -0.227976 0.971009
    outer loop
      vertex -4.909267 -7.818655 1.713525
      vertex -6.274737 -7.804293 1.817992
      vertex -5.483928 -8.393316 1.621151
    endloop
  endfacet
  facet normal -0.079790 -0.410660 0.908291
    outer loop
      vertex -5.483928 -8.393316 1.621151
      vertex -6.274737 -7.804293 1.817992
      vertex -6.847445 -8.377001 1.508748
    endloop
  endfacet
  facet normal -0.079790 -0.410660 0.908291
    outer loop
      vertex -5.483928 -8.393316 1.621151
      vertex -6.847445 -8.377001 1.508748
      vertex -5.971102 -8.880490 1.358092
    endloop
  endfacet
  facet normal -0.242232 -0.639847 0.729328
    outer loop
      vertex -5.971102 -8.880490 1.358092
      vertex -6.847445 -8.377001 1.508748
      vertex -7.230115 -8.759672 1.045930
    endloop
  endfacet
  facet normal -0.242232 -0.639847 0.729328
    outer loop
      vertex -5.971102 -8.880490 1.358092
      vertex -7.230115 -8.759672 1.045930
      vertex -6.296621 -9.206009 0.964396
    endloop
  endfacet
  facet normal -0.388105 -0.868190 0.309226
    outer loop
      vertex -6.296621 -9.206009 0.964396
      vertex -7.230115 -8.759672 1.045930
      vertex -7.364492 -8.894048 0.500000
    endloop
  endfacet
  facet normal -0.388105 -0.868190 0.309226
    outer loop
      vertex -6.296621 -9.206009 0.964396
      vertex -7.364492 -8.894048 0.500000
      vertex -6.410928 -9.320316 0.500000
    endloop
  endfacet
  facet normal 0.742474 0.584808 0.326699
    outer loop
      vertex -3.833874 -5.363430 0.500000
      vertex -4.507806 -4.507806 0.500000
      vertex -4.649097 -4.649097 1.074025
    endloop
  endfacet
  facet normal 0.742474 0.584808 0.326699
    outer loop
      vertex -3.833874 -5.363430 0.500000
      vertex -4.649097 -4.649097 1.074025
      vertex -3.968251 -5.497807 1.045930
    endloop
  endfacet
  facet normal 0.521815 0.393553 0.756852
    outer loop
      vertex -3.968251 -5.497807 1.045930
      vertex -4.649097 -4.649097 1.074025
      vertex -5.051461 -5.051461 1.560660
    endloop
  endfacet
  facet normal 0.521815 0.393553 0.756852
    outer loop
      vertex -3.968251 -5.497807 1.045930
      vertex -5.051461 -5.051461 1.560660
      vertex -4.350921 -5.880477 1.508748
    endloop
  endfacet
  facet normal 0.304268 0.198777 0.931616
    outer loop
      vertex -4.350921 -5.880477 1.508748
      vertex -5.051461 -5.051461 1.560660
      vertex -5.653641 -5.653641 1.885819
    endloop
  endfacet
  facet normal 0.304268 0.198777 0.931616
    outer loop
      vertex -4.350921 -5.880477 1.508748
      vertex -5.653641 -5.653641 1.885819
      vertex -4.923629 -6.453185 1.817992
    endloop
  endfacet
  facet normal 0.127260 0.032095 0.991350
    outer loop
      vertex -4.923629 -6.453185 1.817992
      vertex -5.653641 -5.653641 1.885819
      vertex -6.363961 -6.363961 2.000000
    endloop
  endfacet
  facet normal 0.127260 0.032095 0.991350
    outer loop
      vertex -4.923629 -6.453185 1.817992
      vertex -6.363961 -6.363961 2.000000
      vertex -5.599183 -7.128739 1.926585
    endloop
  endfacet
  facet normal -0.032095 -0.127260 0.991350
    outer loop
      vertex -5.599183 -7.128739 1.926585
      vertex -6.363961 -6.363961 2.000000
      vertex -7.074281 -7.074281 1.885819
    endloop
  endfacet
  facet normal -0.032095 -0.127260 0.991350
    outer loop
      vertex -5.599183 -7.128739 1.926585
      vertex -7.074281 -7.074281 1.885819
      vertex -6.274737 -7.804293 1.817992
    endloop
  endfacet
  facet normal -0.198777 -0.304268 0.931616
    outer loop
      vertex -6.274737 -7.804293 1.817992
      vertex -7.074281 -7.074281 1.885819
      vertex -7.676461 -7.676461 1.560660
    endloop
  endfacet
  facet normal -0.198777 -0.304268 0.931616
    outer loop
      vertex -6.274737 -7.804293 1.817992
      vertex -7.676461 -7.676461 1.560660
      vertex -6.847445 -8.377001 1.508748
    endloop
  endfacet
  facet normal -0.393553 -0.521815 0.756852
    outer loop
      vertex -6.847445 -8.377001 1.508748
      vertex -7.676461 -7.676461 1.560660
      vertex -8.078825 -8.078825 1.074025
    endloop
  endfacet
  facet normal -0.393553 -0.521815 0.756852
    outer loop
      vertex -6.847445 -8.377001 1.508748
      vertex -8.078825 -8.078825 1.074025
      vertex -7.230115 -8.759672 1.045930
    endloop
  endfacet
  facet normal -0.584808 -0.742474 0.326699
    outer loop
      vertex -7.230115 -8.759672 1.045930
      vertex -8.078825 -8.078825 1.074025
      vertex -8.220116 -8.220116 0.500000
    endloop
  endfacet
  facet normal -0.584808 -0.742474 0.326699
    outer loop
      vertex -7.230115 -8.759672 1.045930
      vertex -8.220116 -8.220116 0.500000
      vertex -7.364492 -8.894048 0.500000
    endloop
  endfacet
  facet normal 0.584808 0.742474 0.326699
    outer loop
      vertex -4.507806 -4.507806 0.500000
      vertex -5.363430 -3.833874 0.500000
      vertex -5.497807 -3.968251 1.045930
    endloop
  endfacet
  facet normal 0.584808 0.742474 0.326699
    outer loop
      vertex -4.507806 -4.507806 0.500000
      vertex -5.497807 -3.968251 1.045930
      vertex -4.649097 -4.649097 1.074025
    endloop
  endfacet
  facet normal 0.393553 0.521815 0.756852
    outer loop
      vertex -4.649097 -4.649097 1.074025
      vertex -5.497807 -3.968251 1.045930
      vertex -5.880477 -4.350921 1.508748
    endloop
  endfacet
  facet normal 0.393553 0.521815 0.756852
    outer loop
      vertex -4.649097 -4.649097 1.074025
      vertex -5.880477 -4.350921 1.508748
      vertex -5.051461 -5.051461 1.560660
    endloop
  endfacet
  facet normal 0.198777 0.304268 0.931616
    outer loop
      vertex -5.051461 -5.051461 1.560660
      vertex -5.880477 -4.350921 1.508748
      vertex -6.453185 -4.923629 1.817992
    endloop
  endfacet
  facet normal 0.198777 0.304268 0.931616
    outer loop
      vertex -5.051461 -5.051461 1.560660
      vertex -6.453185 -4.923629 1.817992
      vertex -5.653641 -5.653641 1.885819
    endloop
  endfacet
  facet normal 0.032095 0.127260 0.991350
    outer loop
      vertex -5.653641 -5.653641 1.885819
      vertex -6.453185 -4.923629 1.817992
      vertex -7.128739 -5.599183 1.926585
    endloop
  endfacet
  facet normal 0.032095 0.127260 0.991350
    outer loop
      vertex -5.653641 -5.653641 1.885819
      vertex -7.128739 -5.599183 1.926585
      vertex -6.363961 -6.363961 2.000000
    endloop
  endfacet
  facet normal -0.127260 -0.032095 0.991350
    outer loop
      vertex -6.363961 -6.363961 2.000000
      vertex -7.128739 -5.599183 1.926585
      vertex -7.804293 -6.274737 1.817992
    endloop
  endfacet
  facet normal -0.127260 -0.032095 0.991350
    outer loop
      vertex -6.363961 -6.363961 2.000000
      vertex -7.804293 -6.274737 1.817992
      vertex -7.074281 -7.074281 1.885819
    endloop
  endfacet
  facet normal -0.304268 -0.198777 0.931616
    outer loop
      vertex -7.074281 -7.074281 1.885819
      vertex -7.804293 -6.274737 1.817992
      vertex -8.377001 -6.847445 1.508748
    endloop
  endfacet
  facet normal -0.304268 -0.198777 0.931616
    outer loop
      vertex -7.074281 -7.074281 1.885819
      vertex -8.377001 -6.847445 1.508748
      vertex -7.676461 -7.676461 1.560660
    endloop
  endfacet
  facet normal -0.521815 -0.393553 0.756852
    outer loop
      vertex -7.676461 -7.676461 1.560660
      vertex -8.377001 -6.847445 1.508748
      vertex -8.759672 -7.230115 1.045930
    endloop
  endfacet
  facet normal -0.521815 -0.393553 0.756852
    outer loop
      vertex -7.676461 -7.676461 1.560660
      vertex -8.759672 -7.230115 1.045930
      vertex -8.078825 -8.078825 1.074025
    endloop
  endfacet
  facet normal -0.742474 -0.584808 0.326699
    outer loop
      vertex -8.078825 -8.078825 1.074025
      vertex -8.759672 -7.230115 1.045930
      vertex -8.894048 -7.364492 0.500000
    endloop
  endfacet
  facet normal -0.742474 -0.584808 0.326699
    outer loop
      vertex -8.078825 -8.078825 1.074025
      vertex -8.894048 -7.364492 0.500000
      vertex -8.220116 -8.220116 0.500000
    endloop
  endfacet
  facet normal 0.388105 0.868190 0.309226
    outer loop
      vertex -5.363430 -3.833874 0.500000
      vertex -6.316994 -3.407606 0.500000
      vertex -6.431301 -3.521913 0.964396
    endloop
  endfacet
  facet normal 0.388105 0.868190 0.309226
    outer loop
      vertex -5.363430 -3.833874 0.500000
      vertex -6.431301 -3.521913 0.964396
      vertex -5.497807 -3.968251 1.045930
    endloop
  endfacet
  facet normal 0.242232 0.639847 0.729328
    outer loop
      vertex -5.497807 -3.968251 1.045930
      vertex -6.431301 -3.521913 0.964396
      vertex -6.756821 -3.847432 1.358092
    endloop
  endfacet
  facet normal 0.242232 0.639847 0.729328
    outer loop
      vertex -5.497807 -3.968251 1.045930
      vertex -6.756821 -3.847432 1.358092
      vertex -5.880477 -4.350921 1.508748
    endloop
  endfacet
  facet normal 0.079790 0.410660 0.908291
    outer loop
      vertex -5.880477 -4.350921 1.508748
      vertex -6.756821 -3.847432 1.358092
      vertex -7.243994 -4.334606 1.621151
    endloop
  endfacet
  facet normal 0.079790 0.410660 0.908291
    outer loop
      vertex -5.880477 -4.350921 1.508748
      vertex -7.243994 -4.334606 1.621151
      vertex -6.453185 -4.923629 1.817992
    endloop
  endfacet
  facet normal -0.071890 0.227976 0.971009
    outer loop
      vertex -6.453185 -4.923629 1.817992
      vertex -7.243994 -4.334606 1.621151
      vertex -7.818655 -4.909267 1.713525
    endloop
  endfacet
  facet normal -0.071890 0.227976 0.971009
    outer loop
      vertex -6.453185 -4.923629 1.817992
      vertex -7.818655 -4.909267 1.713525
      vertex -7.128739 -5.599183 1.926585
    endloop
  endfacet
  facet normal -0.227976 0.071890 0.971009
    outer loop
      vertex -7.128739 -5.599183 1.926585
      vertex -7.818655 -4.909267 1.713525
      vertex -8.393316 -5.483928 1.621151
    endloop
  endfacet
  facet normal -0.227976 0.071890 0.971009
    outer loop
      vertex -7.128739 -5.599183 1.926585
      vertex -8.393316 -5.483928 1.621151
      vertex -7.804293 -6.274737 1.817992
    endloop
  endfacet
  facet normal -0.410660 -0.079790 0.908291
    outer loop
      vertex -7.804293 -6.274737 1.817992
      vertex -8.393316 -5.483928 1.621151
      vertex -8.880490 -5.971102 1.358092
    endloop
  endfacet
  facet normal -0.410660 -0.079790 0.908291
    outer loop
      vertex -7.804293 -6.274737 1.817992
      vertex -8.880490 -5.971102 1.358092
      vertex -8.377001 -6.847445 1.508748
    endloop
  endfacet
  facet normal -0.639847 -0.242232 0.729328
    outer loop
      vertex -8.377001 -6.847445 1.508748
      vertex -8.880490 -5.971102 1.358092
      vertex -9.206009 -6.296621 0.964396
    endloop
  endfacet
  facet normal -0.639847 -0.242232 0.729328
    outer loop
      vertex -8.377001 -6.847445 1.508748
      vertex -9.206009 -6.296621 0.964396
      vertex -8.759672 -7.230115 1.045930
    endloop
  endfacet
  facet normal -0.868190 -0.388105 0.309226
    outer loop
      vertex -8.759672 -7.230115 1.045930
      vertex -9.206009 -6.296621 0.964396
      vertex -9.320316 -6.410928 0.500000
    endloop
  endfacet
  facet normal -0.868190 -0.388105 0.309226
    outer loop
      vertex -8.759672 -7.230115 1.045930
      vertex -9.320316 -6.410928 0.500000
      vertex -8.894048 -7.364492 0.500000
    endloop
  endfacet
  facet normal 0.136237 0.953662 0.268269
    outer loop
      vertex -6.316994 -3.407606 0.500000
      vertex -7.275155 -3.270725 0.500000
      vertex -7.358204 -3.353774 0.837404
    endloop
  endfacet
  facet normal 0.136237 0.953662 0.268269
    outer loop
      vertex -6.316994 -3.407606 0.500000
      vertex -7.358204 -3.353774 0.837404
      vertex -6.431301 -3.521913 0.964396
    endloop
  endfacet
  facet normal 0.045943 0.750881 0.658837
    outer loop
      vertex -6.431301 -3.521913 0.964396
      vertex -7.358204 -3.353774 0.837404
      vertex -7.594708 -3.590278 1.123440
    endloop
  endfacet
  facet normal 0.045943 0.750881 0.658837
    outer loop
      vertex -6.431301 -3.521913 0.964396
      vertex -7.594708 -3.590278 1.123440
      vertex -6.756821 -3.847432 1.358092
    endloop
  endfacet
  facet normal -0.073900 0.530038 0.844747
    outer loop
      vertex -6.756821 -3.847432 1.358092
      vertex -7.594708 -3.590278 1.123440
      vertex -7.948660 -3.944231 1.314564
    endloop
  endfacet
  facet normal -0.073900 0.530038 0.844747
    outer loop
      vertex -6.756821 -3.847432 1.358092
      vertex -7.948660 -3.944231 1.314564
      vertex -7.243994 -4.334606 1.621151
    endloop
  endfacet
  facet normal -0.203561 0.350510 0.914170
    outer loop
      vertex -7.243994 -4.334606 1.621151
      vertex -7.948660 -3.944231 1.314564
      vertex -8.366176 -4.361746 1.381678
    endloop
  endfacet
  facet normal -0.203561 0.350510 0.914170
    outer loop
      vertex -7.243994 -4.334606 1.621151
      vertex -8.366176 -4.361746 1.381678
      vertex -7.818655 -4.909267 1.713525
    endloop
  endfacet
  facet normal -0.350510 0.203561 0.914170
    outer loop
      vertex -7.818655 -4.909267 1.713525
      vertex -8.366176 -4.361746 1.381678
      vertex -8.783691 -4.779262 1.314564
    endloop
  endfacet
  facet normal -0.350510 0.203561 0.914170
    outer loop
      vertex -7.818655 -4.909267 1.713525
      vertex -8.783691 -4.779262 1.314564
      vertex -8.393316 -5.483928 1.621151
    endloop
  endfacet
  facet normal -0.530038 0.073900 0.844747
    outer loop
      vertex -8.393316 -5.483928 1.621151
      vertex -8.783691 -4.779262 1.314564
      vertex -9.137644 -5.133214 1.123440
    endloop
  endfacet
  facet normal -0.530038 0.073900 0.844747
    outer loop
      vertex -8.393316 -5.483928 1.621151
      vertex -9.137644 -5.133214 1.123440
      vertex -8.880490 -5.971102 1.358092
    endloop
  endfacet
  facet normal -0.750881 -0.045943 0.658837
    outer loop
      vertex -8.880490 -5.971102 1.358092
      vertex -9.137644 -5.133214 1.123440
      vertex -9.374148 -5.369718 0.837404
    endloop
  endfacet
  facet normal -0.750881 -0.045943 0.658837
    outer loop
      vertex -8.880490 -5.971102 1.358092
      vertex -9.374148 -5.369718 0.837404
      vertex -9.206009 -6.296621 0.964396
    endloop
  endfacet
  facet normal -0.953662 -0.136237 0.268269
    outer loop
      vertex -9.206009 -6.296621 0.964396
      vertex -9.374148 -5.369718 0.837404
      vertex -9.457197 -5.452767 0.500000
    endloop
  endfacet
  facet normal -0.953662 -0.136237 0.268269
    outer loop
      vertex -9.206009 -6.296621 0.964396
      vertex -9.457197 -5.452767 0.500000
      vertex -9.320316 -6.410928 0.500000
    endloop
  endfacet
  facet normal -0.184049 0.963987 0.191975
    outer loop
      vertex -7.275155 -3.270725 0.500000
      vertex -8.144122 -3.436633 0.500000
      vertex -8.187784 -3.480294 0.677384
    endloop
  endfacet
  facet normal -0.184049 0.963987 0.191975
    outer loop
      vertex -7.275155 -3.270725 0.500000
      vertex -8.187784 -3.480294 0.677384
      vertex -7.358204 -3.353774 0.837404
    endloop
  endfacet
  facet normal -0.224421 0.834018 0.504033
    outer loop
      vertex -7.358204 -3.353774 0.837404
      vertex -8.187784 -3.480294 0.677384
      vertex -8.312121 -3.604631 0.827762
    endloop
  endfacet
  facet normal -0.224421 0.834018 0.504033
    outer loop
      vertex -7.358204 -3.353774 0.837404
      vertex -8.312121 -3.604631 0.827762
      vertex -7.594708 -3.590278 1.123440
    endloop
  endfacet
  facet normal -0.295704 0.665669 0.685160
    outer loop
      vertex -7.594708 -3.590278 1.123440
      vertex -8.312121 -3.604631 0.827762
      vertex -8.498205 -3.790715 0.928242
    endloop
  endfacet
  facet normal -0.295704 0.665669 0.685160
    outer loop
      vertex -7.594708 -3.590278 1.123440
      vertex -8.498205 -3.790715 0.928242
      vertex -7.948660 -3.944231 1.314564
    endloop
  endfacet
  facet normal -0.392172 0.514725 0.762404
    outer loop
      vertex -7.948660 -3.944231 1.314564
      vertex -8.498205 -3.790715 0.928242
      vertex -8.717706 -4.010216 0.963525
    endloop
  endfacet
  facet normal -0.392172 0.514725 0.762404
    outer loop
      vertex -7.948660 -3.944231 1.314564
      vertex -8.717706 -4.010216 0.963525
      vertex -8.366176 -4.361746 1.381678
    endloop
  endfacet
  facet normal -0.514725 0.392172 0.762404
    outer loop
      vertex -8.366176 -4.361746 1.381678
      vertex -8.717706 -4.010216 0.963525
      vertex -8.937207 -4.229717 0.928242
    endloop
  endfacet
  facet normal -0.514725 0.392172 0.762404
    outer loop
      vertex -8.366176 -4.361746 1.381678
      vertex -8.937207 -4.229717 0.928242
      vertex -8.783691 -4.779262 1.314564
    endloop
  endfacet
  facet normal -0.665669 0.295704 0.685160
    outer loop
      vertex -8.783691 -4.779262 1.314564
      vertex -8.937207 -4.229717 0.928242
      vertex -9.123291 -4.415801 0.827762
    endloop
  endfacet
  facet normal -0.665669 0.295704 0.685160
    outer loop
      vertex -8.783691 -4.779262 1.314564
      vertex -9.123291 -4.415801 0.827762
      vertex -9.137644 -5.133214 1.123440
    endloop
  endfacet
  facet normal -0.834018 0.224421 0.504033
    outer loop
      vertex -9.137644 -5.133214 1.123440
      vertex -9.123291 -4.415801 0.827762
      vertex -9.247628 -4.540138 0.677384
    endloop
  endfacet
  facet normal -0.834018 0.224421 0.504033
    outer loop
      vertex -9.137644 -5.133214 1.123440
      vertex -9.247628 -4.540138 0.677384
      vertex -9.374148 -5.369718 0.837404
    endloop
  endfacet
  facet normal -0.963987 0.184049 0.191975
    outer loop
      vertex -9.374148 -5.369718 0.837404
      vertex -9.247628 -4.540138 0.677384
      vertex -9.291289 -4.583800 0.500000
    endloop
  endfacet
  facet normal -0.963987 0.184049 0.191975
    outer loop
      vertex -9.374148 -5.369718 0.837404
      vertex -9.291289 -4.583800 0.500000
      vertex -9.457197 -5.452767 0.500000
    endloop
  endfacet
  facet normal 0.000000 0.000000 1.000000
    outer loop
      vertex -8.144122 -3.436633 0.500000
      vertex -8.838835 -3.889087 0.500000
      vertex -8.838835 -3.889087 0.500000
    endloop
  endfacet
  facet normal -0.544338 0.835793 0.071739
    outer loop
      vertex -8.144122 -3.436633 0.500000
      vertex -8.838835 -3.889087 0.500000
      vertex -8.187784 -3.480294 0.677384
    endloop
  endfacet
  facet normal 0.000000 0.000000 1.000000
    outer loop
      vertex -8.187784 -3.480294 0.677384
      vertex -8.838835 -3.889087 0.500000
      vertex -8.838835 -3.889087 0.500000
    endloop
  endfacet
  facet normal -0.559670 0.803764 0.201824
    outer loop
      vertex -8.187784 -3.480294 0.677384
      vertex -8.838835 -3.889087 0.500000
      vertex -8.312121 -3.604631 0.827762
    endloop
  endfacet
  facet normal 0.000000 0.000000 1.000000
    outer loop
      vertex -8.312121 -3.604631 0.827762
      vertex -8.838835 -3.889087 0.500000
      vertex -8.838835 -3.889087 0.500000
    endloop
  endfacet
  facet normal -0.590214 0.750608 0.297042
    outer loop
      vertex -8.312121 -3.604631 0.827762
      vertex -8.838835 -3.889087 0.500000
      vertex -8.498205 -3.790715 0.928242
    endloop
  endfacet
  facet normal 0.000000 0.000000 1.000000
    outer loop
      vertex -8.498205 -3.790715 0.928242
      vertex -8.838835 -3.889087 0.500000
      vertex -8.838835 -3.889087 0.500000
    endloop
  endfacet
  facet normal -0.634909 0.690588 0.346380
    outer loop
      vertex -8.498205 -3.790715 0.928242
      vertex -8.838835 -3.889087 0.500000
      vertex -8.717706 -4.010216 0.963525
    endloop
  endfacet
  facet normal 0.000000 0.000000 1.000000
    outer loop
      vertex -8.717706 -4.010216 0.963525
      vertex -8.838835 -3.889087 0.500000
      vertex -8.838835 -3.889087 0.500000
    endloop
  endfacet
  facet normal -0.690588 0.634909 0.346380
    outer loop
      vertex -8.717706 -4.010216 0.963525
      vertex -8.838835 -3.889087 0.500000
      vertex -8.937207 -4.229717 0.928242
    endloop
  endfacet
  facet normal 0.000000 0.000000 1.000000
    outer loop
      vertex -8.937207 -4.229717 0.928242
      vertex -8.838835 -3.889087 0.500000
      vertex -8.838835 -3.889087 0.500000
    endloop
  endfacet
  facet normal -0.750608 0.590214 0.297042
    outer loop
      vertex -8.937207 -4.229717 0.928242
      vertex -8.838835 -3.889087 0.500000
      vertex -9.123291 -4.415801 0.827762
    endloop
  endfacet
  facet normal 0.000000 0.000000 1.000000
    outer loop
      vertex -9.123291 -4.415801 0.827762
      vertex -8.838835 -3.889087 0.500000
      vertex -8.838835 -3.889087 0.500000
    endloop
  endfacet
  facet normal -0.803764 0.559670 0.201824
    outer loop
      vertex -9.123291 -4.415801 0.827762
      vertex -8.838835 -3.889087 0.500000
      vertex -9.247628 -4.540138 0.677384
    endloop
  endfacet
  facet normal 0.000000 0.000000 1.000000
    outer loop
      vertex -9.247628 -4.540138 0.677384
      vertex -8.838835 -3.889087 0.500000
      vertex -8.838835 -3.889087 0.500000
    endloop
  endfacet
  facet normal -0.835793 0.544338 0.071739
    outer loop
      vertex -9.247628 -4.540138 0.677384
      vertex -8.838835 -3.889087 0.500000
      vertex -9.291289 -4.583800 0.500000
    endloop
  endfacet
  facet normal 0.975900 0.206090 0.071739
    outer loop
      vertex 3.500000 -9.000000 0.500000
      vertex 3.328698 -8.188830 0.500000
      vertex 3.328698 -8.250577 0.677384
    endloop
  endfacet
  facet normal 0.000000 0.000000 1.000000
    outer loop
      vertex 3.500000 -9.000000 0.500000
      vertex 3.328698 -8.250577 0.677384
      vertex 3.500000 -9.000000 0.500000
    endloop
  endfacet
  facet normal 0.964093 0.172601 0.201824
    outer loop
      vertex 3.500000 -9.000000 0.500000
      vertex 3.328698 -8.250577 0.677384
      vertex 3.328698 -8.426416 0.827762
    endloop
  endfacet
  facet normal 0.000000 0.000000 1.000000
    outer loop
      vertex 3.500000 -9.000000 0.500000
      vertex 3.328698 -8.426416 0.827762
      vertex 3.500000 -9.000000 0.500000
    endloop
  endfacet
  facet normal 0.948105 0.113416 0.297042
    outer loop
      vertex 3.500000 -9.000000 0.500000
      vertex 3.328698 -8.426416 0.827762
      vertex 3.328698 -8.689579 0.928242
    endloop
  endfacet
  facet normal 0.000000 0.000000 1.000000
    outer loop
      vertex 3.500000 -9.000000 0.500000
      vertex 3.328698 -8.689579 0.928242
      vertex 3.500000 -9.000000 0.500000
    endloop
  endfacet
  facet normal 0.937268 0.039371 0.346380
    outer loop
      vertex 3.500000 -9.000000 0.500000
      vertex 3.328698 -8.689579 0.928242
      vertex 3.328698 -9.000000 0.963525
    endloop
  endfacet
  facet normal 0.000000 0.000000 1.000000
    outer loop
      vertex 3.500000 -9.000000 0.500000
      vertex 3.328698 -9.000000 0.963525
      vertex 3.500000 -9.000000 0.500000
    endloop
  endfacet
  facet normal 0.937268 -0.039371 0.346380
    outer loop
      vertex 3.500000 -9.000000 0.500000
      vertex 3.328698 -9.000000 0.963525
      vertex 3.328698 -9.310421 0.928242
    endloop
  endfacet
  facet normal 0.000000 0.000000 1.000000
    outer loop
      vertex 3.500000 -9.000000 0.500000
      vertex 3.328698 -9.310421 0.928242
      vertex 3.500000 -9.000000 0.500000
    endloop
  endfacet
  facet normal 0.948105 -0.113416 0.297042
    outer loop
      vertex 3.500000 -9.000000 0.500000
      vertex 3.328698 -9.310421 0.928242
      vertex 3.328698 -9.573584 0.827762
    endloop
  endfacet
  facet normal 0.000000 0.000000 1.000000
    outer loop
      vertex 3.500000 -9.000000 0.500000
      vertex 3.328698 -9.573584 0.827762
      vertex 3.500000 -9.000000 0.500000
    endloop
  endfacet
  facet normal 0.964093 -0.172601 0.201824
    outer loop
      vertex 3.500000 -9.000000 0.500000
      vertex 3.328698 -9.573584 0.827762
      vertex 3.328698 -9.749423 0.677384
    endloop
  endfacet
  facet normal 0.000000 0.000000 1.000000
    outer loop
      vertex 3.500000 -9.000000 0.500000
      vertex 3.328698 -9.749423 0.677384
      vertex 3.500000 -9.000000 0.500000
    endloop
  endfacet
  facet normal 0.975900 -0.206090 0.071739
    outer loop
      vertex 3.500000 -9.000000 0.500000
      vertex 3.328698 -9.749423 0.677384
      vertex 3.328698 -9.811170 0.500000
    endloop
  endfacet
  facet normal 0.000000 0.000000 1.000000
    outer loop
      vertex 3.500000 -9.000000 0.500000
      vertex 3.328698 -9.811170 0.500000
      vertex 3.500000 -9.000000 0.500000
    endloop
  endfacet
  facet normal 0.811784 0.551500 0.191975
    outer loop
      vertex 3.328698 -8.188830 0.500000
      vertex 2.831559 -7.457064 0.500000
      vertex 2.831559 -7.574513 0.837404
    endloop
  endfacet
  facet normal 0.811784 0.551500 0.191975
    outer loop
      vertex 3.328698 -8.188830 0.500000
      vertex 2.831559 -7.574513 0.837404
      vertex 3.328698 -8.250577 0.677384
    endloop
  endfacet
  facet normal 0.748430 0.431050 0.504033
    outer loop
      vertex 3.328698 -8.250577 0.677384
      vertex 2.831559 -7.574513 0.837404
      vertex 2.831559 -7.908979 1.123440
    endloop
  endfacet
  facet normal 0.748430 0.431050 0.504033
    outer loop
      vertex 3.328698 -8.250577 0.677384
      vertex 2.831559 -7.908979 1.123440
      vertex 3.328698 -8.426416 0.827762
    endloop
  endfacet
  facet normal 0.679793 0.261605 0.685160
    outer loop
      vertex 3.328698 -8.426416 0.827762
      vertex 2.831559 -7.908979 1.123440
      vertex 2.831559 -8.409544 1.314564
    endloop
  endfacet
  facet normal 0.679793 0.261605 0.685160
    outer loop
      vertex 3.328698 -8.426416 0.827762
      vertex 2.831559 -8.409544 1.314564
      vertex 3.328698 -8.689579 0.928242
    endloop
  endfacet
  facet normal 0.641272 0.086658 0.762404
    outer loop
      vertex 3.328698 -8.689579 0.928242
      vertex 2.831559 -8.409544 1.314564
      vertex 2.831559 -9.000000 1.381678
    endloop
  endfacet
  facet normal 0.641272 0.086658 0.762404
    outer loop
      vertex 3.328698 -8.689579 0.928242
      vertex 2.831559 -9.000000 1.381678
      vertex 3.328698 -9.000000 0.963525
    endloop
  endfacet
  facet normal 0.641272 -0.086658 0.762404
    outer loop
      vertex 3.328698 -9.000000 0.963525
      vertex 2.831559 -9.000000 1.381678
      vertex 2.831559 -9.590456 1.314564
    endloop
  endfacet
  facet normal 0.641272 -0.086658 0.762404
    outer loop
      vertex 3.328698 -9.000000 0.963525
      vertex 2.831559 -9.590456 1.314564
      vertex 3.328698 -9.310421 0.928242
    endloop
  endfacet
  facet normal 0.679793 -0.261605 0.685160
    outer loop
      vertex 3.328698 -9.310421 0.928242
      vertex 2.831559 -9.590456 1.314564
      vertex 2.831559 -10.091021 1.123440
    endloop
  endfacet
  facet normal 0.679793 -0.261605 0.685160
    outer loop
      vertex 3.328698 -9.310421 0.928242
      vertex 2.831559 -10.091021 1.123440
      vertex 3.328698 -9.573584 0.827762
    endloop
  endfacet
  facet normal 0.748430 -0.431050 0.504033
    outer loop
      vertex 3.328698 -9.573584 0.827762
      vertex 2.831559 -10.091021 1.123440
      vertex 2.831559 -10.425487 0.837404
    endloop
  endfacet
  facet normal 0.748430 -0.431050 0.504033
    outer loop
      vertex 3.328698 -9.573584 0.827762
      vertex 2.831559 -10.425487 0.837404
      vertex 3.328698 -9.749423 0.677384
    endloop
  endfacet
  facet normal 0.811784 -0.551500 0.191975
    outer loop
      vertex 3.328698 -9.749423 0.677384
      vertex 2.831559 -10.425487 0.837404
      vertex 2.831559 -10.542936 0.500000
    endloop
  endfacet
  facet normal 0.811784 -0.551500 0.191975
    outer loop
      vertex 3.328698 -9.749423 0.677384
      vertex 2.831559 -10.542936 0.500000
      vertex 3.328698 -9.811170 0.500000
    endloop
  endfacet
  facet normal 0.578006 0.770675 0.268269
    outer loop
      vertex 2.831559 -7.457064 0.500000
      vertex 2.057248 -6.876330 0.500000
      vertex 2.057248 -7.037985 0.964396
    endloop
  endfacet
  facet normal 0.578006 0.770675 0.268269
    outer loop
      vertex 2.831559 -7.457064 0.500000
      vertex 2.057248 -7.037985 0.964396
      vertex 2.831559 -7.574513 0.837404
    endloop
  endfacet
  facet normal 0.498467 0.563440 0.658837
    outer loop
      vertex 2.831559 -7.574513 0.837404
      vertex 2.057248 -7.037985 0.964396
      vertex 2.057248 -7.498339 1.358092
    endloop
  endfacet
  facet normal 0.498467 0.563440 0.658837
    outer loop
      vertex 2.831559 -7.574513 0.837404
      vertex 2.057248 -7.498339 1.358092
      vertex 2.831559 -7.908979 1.123440
    endloop
  endfacet
  facet normal 0.427049 0.322538 0.844747
    outer loop
      vertex 2.831559 -7.908979 1.123440
      vertex 2.057248 -7.498339 1.358092
      vertex 2.057248 -8.187307 1.621151
    endloop
  endfacet
  facet normal 0.427049 0.322538 0.844747
    outer loop
      vertex 2.831559 -7.908979 1.123440
      vertex 2.057248 -8.187307 1.621151
      vertex 2.831559 -8.409544 1.314564
    endloop
  endfacet
  facet normal 0.391787 0.103908 0.914170
    outer loop
      vertex 2.831559 -8.409544 1.314564
      vertex 2.057248 -8.187307 1.621151
      vertex 2.057248 -9.000000 1.713525
    endloop
  endfacet
  facet normal 0.391787 0.103908 0.914170
    outer loop
      vertex 2.831559 -8.409544 1.314564
      vertex 2.057248 -9.000000 1.713525
      vertex 2.831559 -9.000000 1.381678
    endloop
  endfacet
  facet normal 0.391787 -0.103908 0.914170
    outer loop
      vertex 2.831559 -9.000000 1.381678
      vertex 2.057248 -9.000000 1.713525
      vertex 2.057248 -9.812693 1.621151
    endloop
  endfacet
  facet normal 0.391787 -0.103908 0.914170
    outer loop
      vertex 2.831559 -9.000000 1.381678
      vertex 2.057248 -9.812693 1.621151
      vertex 2.831559 -9.590456 1.314564
    endloop
  endfacet
  facet normal 0.427049 -0.322538 0.844747
    outer loop
      vertex 2.831559 -9.590456 1.314564
      vertex 2.057248 -9.812693 1.621151
      vertex 2.057248 -10.501661 1.358092
    endloop
  endfacet
  facet normal 0.427049 -0.322538 0.844747
    outer loop
      vertex 2.831559 -9.590456 1.314564
      vertex 2.057248 -10.501661 1.358092
      vertex 2.831559 -10.091021 1.123440
    endloop
  endfacet
  facet normal 0.498467 -0.563440 0.658837
    outer loop
      vertex 2.831559 -10.091021 1.123440
      vertex 2.057248 -10.501661 1.358092
      vertex 2.057248 -10.962015 0.964396
    endloop
  endfacet
  facet normal 0.498467 -0.563440 0.658837
    outer loop
      vertex 2.831559 -10.091021 1.123440
      vertex 2.057248 -10.962015 0.964396
      vertex 2.831559 -10.425487 0.837404
    endloop
  endfacet
  facet normal 0.578006 -0.770675 0.268269
    outer loop
      vertex 2.831559 -10.425487 0.837404
      vertex 2.057248 -10.962015 0.964396
      vertex 2.057248 -11.123670 0.500000
    endloop
  endfacet
  facet normal 0.578006 -0.770675 0.268269
    outer loop
      vertex 2.831559 -10.425487 0.837404
      vertex 2.057248 -11.123670 0.500000
      vertex 2.831559 -10.542936 0.500000
    endloop
  endfacet
  facet normal 0.339472 0.888334 0.309226
    outer loop
      vertex 2.057248 -6.876330 0.500000
      vertex 1.081559 -6.503477 0.500000
      vertex 1.081559 -6.693513 1.045930
    endloop
  endfacet
  facet normal 0.339472 0.888334 0.309226
    outer loop
      vertex 2.057248 -6.876330 0.500000
      vertex 1.081559 -6.693513 1.045930
      vertex 2.057248 -7.037985 0.964396
    endloop
  endfacet
  facet normal 0.281156 0.623724 0.729328
    outer loop
      vertex 2.057248 -7.037985 0.964396
      vertex 1.081559 -6.693513 1.045930
      vertex 1.081559 -7.234691 1.508748
    endloop
  endfacet
  facet normal 0.281156 0.623724 0.729328
    outer loop
      vertex 2.057248 -7.037985 0.964396
      vertex 1.081559 -7.234691 1.508748
      vertex 2.057248 -7.498339 1.358092
    endloop
  endfacet
  facet normal 0.233960 0.346800 0.908291
    outer loop
      vertex 2.057248 -7.498339 1.358092
      vertex 1.081559 -7.234691 1.508748
      vertex 1.081559 -8.044622 1.817992
    endloop
  endfacet
  facet normal 0.233960 0.346800 0.908291
    outer loop
      vertex 2.057248 -7.498339 1.358092
      vertex 1.081559 -8.044622 1.817992
      vertex 2.057248 -8.187307 1.621151
    endloop
  endfacet
  facet normal 0.212037 0.110369 0.971009
    outer loop
      vertex 2.057248 -8.187307 1.621151
      vertex 1.081559 -8.044622 1.817992
      vertex 1.081559 -9.000000 1.926585
    endloop
  endfacet
  facet normal 0.212037 0.110369 0.971009
    outer loop
      vertex 2.057248 -8.187307 1.621151
      vertex 1.081559 -9.000000 1.926585
      vertex 2.057248 -9.000000 1.713525
    endloop
  endfacet
  facet normal 0.212037 -0.110369 0.971009
    outer loop
      vertex 2.057248 -9.000000 1.713525
      vertex 1.081559 -9.000000 1.926585
      vertex 1.081559 -9.955378 1.817992
    endloop
  endfacet
  facet normal 0.212037 -0.110369 0.971009
    outer loop
      vertex 2.057248 -9.000000 1.713525
      vertex 1.081559 -9.955378 1.817992
      vertex 2.057248 -9.812693 1.621151
    endloop
  endfacet
  facet normal 0.233960 -0.346800 0.908291
    outer loop
      vertex 2.057248 -9.812693 1.621151
      vertex 1.081559 -9.955378 1.817992
      vertex 1.081559 -10.765309 1.508748
    endloop
  endfacet
  facet normal 0.233960 -0.346800 0.908291
    outer loop
      vertex 2.057248 -9.812693 1.621151
      vertex 1.081559 -10.765309 1.508748
      vertex 2.057248 -10.501661 1.358092
    endloop
  endfacet
  facet normal 0.281156 -0.623724 0.729328
    outer loop
      vertex 2.057248 -10.501661 1.358092
      vertex 1.081559 -10.765309 1.508748
      vertex 1.081559 -11.306487 1.045930
    endloop
  endfacet
  facet normal 0.281156 -0.623724 0.729328
    outer loop
      vertex 2.057248 -10.501661 1.358092
      vertex 1.081559 -11.306487 1.045930
      vertex 2.057248 -10.962015 0.964396
    endloop
  endfacet
  facet normal 0.339472 -0.888334 0.309226
    outer loop
      vertex 2.057248 -10.962015 0.964396
      vertex 1.081559 -11.306487 1.045930
      vertex 1.081559 -11.496523 0.500000
    endloop
  endfacet
  facet normal 0.339472 -0.888334 0.309226
    outer loop
      vertex 2.057248 -10.962015 0.964396
      vertex 1.081559 -11.496523 0.500000
      vertex 2.057248 -11.123670 0.500000
    endloop
  endfacet
  facet normal 0.111486 0.938530 0.326699
    outer loop
      vertex 1.081559 -6.503477 0.500000
      vertex -0.000000 -6.375000 0.500000
      vertex -0.000000 -6.574816 1.074025
    endloop
  endfacet
  facet normal 0.111486 0.938530 0.326699
    outer loop
      vertex 1.081559 -6.503477 0.500000
      vertex -0.000000 -6.574816 1.074025
      vertex 1.081559 -6.693513 1.045930
    endloop
  endfacet
  facet normal 0.090695 0.647263 0.756852
    outer loop
      vertex 1.081559 -6.693513 1.045930
      vertex -0.000000 -6.574816 1.074025
      vertex -0.000000 -7.143845 1.560660
    endloop
  endfacet
  facet normal 0.090695 0.647263 0.756852
    outer loop
      vertex 1.081559 -6.693513 1.045930
      vertex -0.000000 -7.143845 1.560660
      vertex 1.081559 -7.234691 1.508748
    endloop
  endfacet
  facet normal 0.074593 0.355706 0.931616
    outer loop
      vertex 1.081559 -7.234691 1.508748
      vertex -0.000000 -7.143845 1.560660
      vertex -0.000000 -7.995456 1.885819
    endloop
  endfacet
  facet normal 0.074593 0.355706 0.931616
    outer loop
      vertex 1.081559 -7.234691 1.508748
      vertex -0.000000 -7.995456 1.885819
      vertex 1.081559 -8.044622 1.817992
    endloop
  endfacet
  facet normal 0.067292 0.112681 0.991350
    outer loop
      vertex 1.081559 -8.044622 1.817992
      vertex -0.000000 -7.995456 1.885819
      vertex -0.000000 -9.000000 2.000000
    endloop
  endfacet
  facet normal 0.067292 0.112681 0.991350
    outer loop
      vertex 1.081559 -8.044622 1.817992
      vertex -0.000000 -9.000000 2.000000
      vertex 1.081559 -9.000000 1.926585
    endloop
  endfacet
  facet normal 0.067292 -0.112681 0.991350
    outer loop
      vertex 1.081559 -9.000000 1.926585
      vertex -0.000000 -9.000000 2.000000
      vertex -0.000000 -10.004544 1.885819
    endloop
  endfacet
  facet normal 0.067292 -0.112681 0.991350
    outer loop
      vertex 1.081559 -9.000000 1.926585
      vertex -0.000000 -10.004544 1.885819
      vertex 1.081559 -9.955378 1.817992
    endloop
  endfacet
  facet normal 0.074593 -0.355706 0.931616
    outer loop
      vertex 1.081559 -9.955378 1.817992
      vertex -0.000000 -10.004544 1.885819
      vertex -0.000000 -10.856155 1.560660
    endloop
  endfacet
  facet normal 0.074593 -0.355706 0.931616
    outer loop
      vertex 1.081559 -9.955378 1.817992
      vertex -0.000000 -10.856155 1.560660
      vertex 1.081559 -10.765309 1.508748
    endloop
  endfacet
  facet normal 0.090695 -0.647263 0.756852
    outer loop
      vertex 1.081559 -10.765309 1.508748
      vertex -0.000000 -10.856155 1.560660
      vertex -0.000000 -11.425184 1.074025
    endloop
  endfacet
  facet normal 0.090695 -0.647263 0.756852
    outer loop
      vertex 1.081559 -10.765309 1.508748
      vertex -0.000000 -11.425184 1.074025
      vertex 1.081559 -11.306487 1.045930
    endloop
  endfacet
  facet normal 0.111486 -0.938530 0.326699
    outer loop
      vertex 1.081559 -11.306487 1.045930
      vertex -0.000000 -11.425184 1.074025
      vertex -0.000000 -11.625000 0.500000
    endloop
  endfacet
  facet normal 0.111486 -0.938530 0.326699
    outer loop
      vertex 1.081559 -11.306487 1.045930
      vertex -0.000000 -11.625000 0.500000
      vertex 1.081559 -11.496523 0.500000
    endloop
  endfacet
  facet normal -0.111486 0.938530 0.326699
    outer loop
      vertex -0.000000 -6.375000 0.500000
      vertex -1.081559 -6.503477 0.500000
      vertex -1.081559 -6.693513 1.045930
    endloop
  endfacet
  facet normal -0.111486 0.938530 0.326699
    outer loop
      vertex -0.000000 -6.375000 0.500000
      vertex -1.081559 -6.693513 1.045930
      vertex -0.000000 -6.574816 1.074025
    endloop
  endfacet
  facet normal -0.090695 0.647263 0.756852
    outer loop
      vertex -0.000000 -6.574816 1.074025
      vertex -1.081559 -6.693513 1.045930
      vertex -1.081559 -7.234691 1.508748
    endloop
  endfacet
  facet normal -0.090695 0.647263 0.756852
    outer loop
      vertex -0.000000 -6.574816 1.074025
      vertex -1.081559 -7.234691 1.508748
      vertex -0.000000 -7.143845 1.560660
    endloop
  endfacet
  facet normal -0.074593 0.355706 0.931616
    outer loop
      vertex -0.000000 -7.143845 1.560660
      vertex -1.081559 -7.234691 1.508748
      vertex -1.081559 -8.044622 1.817992
    endloop
  endfacet
  facet normal -0.074593 0.355706 0.931616
    outer loop
      vertex -0.000000 -7.143845 1.560660
      vertex -1.081559 -8.044622 1.817992
      vertex -0.000000 -7.995456 1.885819
    endloop
  endfacet
  facet normal -0.067292 0.112681 0.991350
    outer loop
      vertex -0.000000 -7.995456 1.885819
      vertex -1.081559 -8.044622 1.817992
      vertex -1.081559 -9.000000 1.926585
    endloop
  endfacet
  facet normal -0.067292 0.112681 0.991350
    outer loop
      vertex -0.000000 -7.995456 1.885819
      vertex -1.081559 -9.000000 1.926585
      vertex -0.000000 -9.000000 2.000000
    endloop
  endfacet
  facet normal -0.067292 -0.112681 0.991350
    outer loop
      vertex -0.000000 -9.000000 2.000000
      vertex -1.081559 -9.000000 1.926585
      vertex -1.081559 -9.955378 1.817992
    endloop
  endfacet
  facet normal -0.067292 -0.112681 0.991350
    outer loop
      vertex -0.000000 -9.000000 2.000000
      vertex -1.081559 -9.955378 1.817992
      vertex -0.000000 -10.004544 1.885819
    endloop
  endfacet
  facet normal -0.074593 -0.355706 0.931616
    outer loop
      vertex -0.000000 -10.004544 1.885819
      vertex -1.081559 -9.955378 1.817992
      vertex -1.081559 -10.765309 1.508748
    endloop
  endfacet
  facet normal -0.074593 -0.355706 0.931616
    outer loop
      vertex -0.000000 -10.004544 1.885819
      vertex -1.081559 -10.765309 1.508748
      vertex -0.000000 -10.856155 1.560660
    endloop
  endfacet
  facet normal -0.090695 -0.647263 0.756852
    outer loop
      vertex -0.000000 -10.856155 1.560660
      vertex -1.081559 -10.765309 1.508748
      vertex -1.081559 -11.306487 1.045930
    endloop
  endfacet
  facet normal -0.090695 -0.647263 0.756852
    outer loop
      vertex -0.000000 -10.856155 1.560660
      vertex -1.081559 -11.306487 1.045930
      vertex -0.000000 -11.425184 1.074025
    endloop
  endfacet
  facet normal -0.111486 -0.938530 0.326699
    outer loop
      vertex -0.000000 -11.425184 1.074025
      vertex -1.081559 -11.306487 1.045930
      vertex -1.081559 -11.496523 0.500000
    endloop
  endfacet
  facet normal -0.111486 -0.938530 0.326699
    outer loop
      vertex -0.000000 -11.425184 1.074025
      vertex -1.081559 -11.496523 0.500000
      vertex -0.000000 -11.625000 0.500000
    endloop
  endfacet
  facet normal -0.339472 0.888334 0.309226
    outer loop
      vertex -1.081559 -6.503477 0.500000
      vertex -2.057248 -6.876330 0.500000
      vertex -2.057248 -7.037985 0.964396
    endloop
  endfacet
  facet normal -0.339472 0.888334 0.309226
    outer loop
      vertex -1.081559 -6.503477 0.500000
      vertex -2.057248 -7.037985 0.964396
      vertex -1.081559 -6.693513 1.045930
    endloop
  endfacet
  facet normal -0.281156 0.623724 0.729328
    outer loop
      vertex -1.081559 -6.693513 1.045930
      vertex -2.057248 -7.037985 0.964396
      vertex -2.057248 -7.498339 1.358092
    endloop
  endfacet
  facet normal -0.281156 0.623724 0.729328
    outer loop
      vertex -1.081559 -6.693513 1.045930
      vertex -2.057248 -7.498339 1.358092
      vertex -1.081559 -7.234691 1.508748
    endloop
  endfacet
  facet normal -0.233960 0.346800 0.908291
    outer loop
      vertex -1.081559 -7.234691 1.508748
      vertex -2.057248 -7.498339 1.358092
      vertex -2.057248 -8.187307 1.621151
    endloop
  endfacet
  facet normal -0.233960 0.346800 0.908291
    outer loop
      vertex -1.081559 -7.234691 1.508748
      vertex -2.057248 -8.187307 1.621151
      vertex -1.081559 -8.044622 1.817992
    endloop
  endfacet
  facet normal -0.212037 0.110369 0.971009
    outer loop
      vertex -1.081559 -8.044622 1.817992
      vertex -2.057248 -8.187307 1.621151
      vertex -2.057248 -9.000000 1.713525
    endloop
  endfacet
  facet normal -0.212037 0.110369 0.971009
    outer loop
      vertex -1.081559 -8.044622 1.817992
      vertex -2.057248 -9.000000 1.713525
      vertex -1.081559 -9.000000 1.926585
    endloop
  endfacet
  facet normal -0.212037 -0.110369 0.971009
    outer loop
      vertex -1.081559 -9.000000 1.926585
      vertex -2.057248 -9.000000 1.713525
      vertex -2.057248 -9.812693 1.621151
    endloop
  endfacet
  facet normal -0.212037 -0.110369 0.971009
    outer loop
      vertex -1.081559 -9.000000 1.926585
      vertex -2.057248 -9.812693 1.621151
      vertex -1.081559 -9.955378 1.817992
    endloop
  endfacet
  facet normal -0.233960 -0.346800 0.908291
    outer loop
      vertex -1.081559 -9.955378 1.817992
      vertex -2.057248 -9.812693 1.621151
      vertex -2.057248 -10.501661 1.358092
    endloop
  endfacet
  facet normal -0.233960 -0.346800 0.908291
    outer loop
      vertex -1.081559 -9.955378 1.817992
      vertex -2.057248 -10.501661 1.358092
      vertex -1.081559 -10.765309 1.508748
    endloop
  endfacet
  facet normal -0.281156 -0.623724 0.729328
    outer loop
      vertex -1.081559 -10.765309 1.508748
      vertex -2.057248 -10.501661 1.358092
      vertex -2.057248 -10.962015 0.964396
    endloop
  endfacet
  facet normal -0.281156 -0.623724 0.729328
    outer loop
      vertex -1.081559 -10.765309 1.508748
      vertex -2.057248 -10.962015 0.964396
      vertex -1.081559 -11.306487 1.045930
    endloop
  endfacet
  facet normal -0.339472 -0.888334 0.309226
    outer loop
      vertex -1.081559 -11.306487 1.045930
      vertex -2.057248 -10.962015 0.964396
      vertex -2.057248 -11.123670 0.500000
    endloop
  endfacet
  facet normal -0.339472 -0.888334 0.309226
    outer loop
      vertex -1.081559 -11.306487 1.045930
      vertex -2.057248 -11.123670 0.500000
      vertex -1.081559 -11.496523 0.500000
    endloop
  endfacet
  facet normal -0.578006 0.770675 0.268269
    outer loop
      vertex -2.057248 -6.876330 0.500000
      vertex -2.831559 -7.457064 0.500000
      vertex -2.831559 -7.574513 0.837404
    endloop
  endfacet
  facet normal -0.578006 0.770675 0.268269
    outer loop
      vertex -2.057248 -6.876330 0.500000
      vertex -2.831559 -7.574513 0.837404
      vertex -2.057248 -7.037985 0.964396
    endloop
  endfacet
  facet normal -0.498467 0.563440 0.658837
    outer loop
      vertex -2.057248 -7.037985 0.964396
      vertex -2.831559 -7.574513 0.837404
      vertex -2.831559 -7.908979 1.123440
    endloop
  endfacet
  facet normal -0.498467 0.563440 0.658837
    outer loop
      vertex -2.057248 -7.037985 0.964396
      vertex -2.831559 -7.908979 1.123440
      vertex -2.057248 -7.498339 1.358092
    endloop
  endfacet
  facet normal -0.427049 0.322538 0.844747
    outer loop
      vertex -2.057248 -7.498339 1.358092
      vertex -2.831559 -7.908979 1.123440
      vertex -2.831559 -8.409544 1.314564
    endloop
  endfacet
  facet normal -0.427049 0.322538 0.844747
    outer loop
      vertex -2.057248 -7.498339 1.358092
      vertex -2.831559 -8.409544 1.314564
      vertex -2.057248 -8.187307 1.621151
    endloop
  endfacet
  facet normal -0.391787 0.103908 0.914170
    outer loop
      vertex -2.057248 -8.187307 1.621151
      vertex -2.831559 -8.409544 1.314564
      vertex -2.831559 -9.000000 1.381678
    endloop
  endfacet
  facet normal -0.391787 0.103908 0.914170
    outer loop
      vertex -2.057248 -8.187307 1.621151
      vertex -2.831559 -9.000000 1.381678
      vertex -2.057248 -9.000000 1.713525
    endloop
  endfacet
  facet normal -0.391787 -0.103908 0.914170
    outer loop
      vertex -2.057248 -9.000000 1.713525
      vertex -2.831559 -9.000000 1.381678
      vertex -2.831559 -9.590456 1.314564
    endloop
  endfacet
  facet normal -0.391787 -0.103908 0.914170
    outer loop
      vertex -2.057248 -9.000000 1.713525
      vertex -2.831559 -9.590456 1.314564
      vertex -2.057248 -9.812693 1.621151
    endloop
  endfacet
  facet normal -0.427049 -0.322538 0.844747
    outer loop
      vertex -2.057248 -9.812693 1.621151
      vertex -2.831559 -9.590456 1.314564
      vertex -2.831559 -10.091021 1.123440
    endloop
  endfacet
  facet normal -0.427049 -0.322538 0.844747
    outer loop
      vertex -2.057248 -9.812693 1.621151
      vertex -2.831559 -10.091021 1.123440
      vertex -2.057248 -10.501661 1.358092
    endloop
  endfacet
  facet normal -0.498467 -0.563440 0.658837
    outer loop
      vertex -2.057248 -10.501661 1.358092
      vertex -2.831559 -10.091021 1.123440
      vertex -2.831559 -10.425487 0.837404
    endloop
  endfacet
  facet normal -0.498467 -0.563440 0.658837
    outer loop
      vertex -2.057248 -10.501661 1.358092
      vertex -2.831559 -10.425487 0.837404
      vertex -2.057248 -10.962015 0.964396
    endloop
  endfacet
  facet normal -0.578006 -0.770675 0.268269
    outer loop
      vertex -2.057248 -10.962015 0.964396
      vertex -2.831559 -10.425487 0.837404
      vertex -2.831559 -10.542936 0.500000
    endloop
  endfacet
  facet normal -0.578006 -0.770675 0.268269
    outer loop
      vertex -2.057248 -10.962015 0.964396
      vertex -2.831559 -10.542936 0.500000
      vertex -2.057248 -11.123670 0.500000
    endloop
  endfacet
  facet normal -0.811784 0.551500 0.191975
    outer loop
      vertex -2.831559 -7.457064 0.500000
      vertex -3.328698 -8.188830 0.500000
      vertex -3.328698 -8.250577 0.677384
    endloop
  endfacet
  facet normal -0.811784 0.551500 0.191975
    outer loop
      vertex -2.831559 -7.457064 0.500000
      vertex -3.328698 -8.250577 0.677384
      vertex -2.831559 -7.574513 0.837404
    endloop
  endfacet
  facet normal -0.748430 0.431050 0.504033
    outer loop
      vertex -2.831559 -7.574513 0.837404
      vertex -3.328698 -8.250577 0.677384
      vertex -3.328698 -8.426416 0.827762
    endloop
  endfacet
  facet normal -0.748430 0.431050 0.504033
    outer loop
      vertex -2.831559 -7.574513 0.837404
      vertex -3.328698 -8.426416 0.827762
      vertex -2.831559 -7.908979 1.123440
    endloop
  endfacet
  facet normal -0.679793 0.261605 0.685160
    outer loop
      vertex -2.831559 -7.908979 1.123440
      vertex -3.328698 -8.426416 0.827762
      vertex -3.328698 -8.689579 0.928242
    endloop
  endfacet
  facet normal -0.679793 0.261605 0.685160
    outer loop
      vertex -2.831559 -7.908979 1.123440
      vertex -3.328698 -8.689579 0.928242
      vertex -2.831559 -8.409544 1.314564
    endloop
  endfacet
  facet normal -0.641272 0.086658 0.762404
    outer loop
      vertex -2.831559 -8.409544 1.314564
      vertex -3.328698 -8.689579 0.928242
      vertex -3.328698 -9.000000 0.963525
    endloop
  endfacet
  facet normal -0.641272 0.086658 0.762404
    outer loop
      vertex -2.831559 -8.409544 1.314564
      vertex -3.328698 -9.000000 0.963525
      vertex -2.831559 -9.000000 1.381678
    endloop
  endfacet
  facet normal -0.641272 -0.086658 0.762404
    outer loop
      vertex -2.831559 -9.000000 1.381678
      vertex -3.328698 -9.000000 0.963525
      vertex -3.328698 -9.310421 0.928242
    endloop
  endfacet
  facet normal -0.641272 -0.086658 0.762404
    outer loop
      vertex -2.831559 -9.000000 1.381678
      vertex -3.328698 -9.310421 0.928242
      vertex -2.831559 -9.590456 1.314564
    endloop
  endfacet
  facet normal -0.679793 -0.261605 0.685160
    outer loop
      vertex -2.831559 -9.590456 1.314564
      vertex -3.328698 -9.310421 0.928242
      vertex -3.328698 -9.573584 0.827762
    endloop
  endfacet
  facet normal -0.679793 -0.261605 0.685160
    outer loop
      vertex -2.831559 -9.590456 1.314564
      vertex -3.328698 -9.573584 0.827762
      vertex -2.831559 -10.091021 1.123440
    endloop
  endfacet
  facet normal -0.748430 -0.431050 0.504033
    outer loop
      vertex -2.831559 -10.091021 1.123440
      vertex -3.328698 -9.573584 0.827762
      vertex -3.328698 -9.749423 0.677384
    endloop
  endfacet
  facet normal -0.748430 -0.431050 0.504033
    outer loop
      vertex -2.831559 -10.091021 1.123440
      vertex -3.328698 -9.749423 0.677384
      vertex -2.831559 -10.425487 0.837404
    endloop
  endfacet
  facet normal -0.811784 -0.551500 0.191975
    outer loop
      vertex -2.831559 -10.425487 0.837404
      vertex -3.328698 -9.749423 0.677384
      vertex -3.328698 -9.811170 0.500000
    endloop
  endfacet
  facet normal -0.811784 -0.551500 0.191975
    outer loop
      vertex -2.831559 -10.425487 0.837404
      vertex -3.328698 -9.811170 0.500000
      vertex -2.831559 -10.542936 0.500000
    endloop
  endfacet
  facet normal 0.000000 0.000000 1.000000
    outer loop
      vertex -3.328698 -8.188830 0.500000
      vertex -3.500000 -9.000000 0.500000
      vertex -3.500000 -9.000000 0.500000
    endloop
  endfacet
  facet normal -0.975900 0.206090 0.071739
    outer loop
      vertex -3.328698 -8.188830 0.500000
      vertex -3.500000 -9.000000 0.500000
      vertex -3.328698 -8.250577 0.677384
    endloop
  endfacet
  facet normal 0.000000 0.000000 1.000000
    outer loop
      vertex -3.328698 -8.250577 0.677384
      vertex -3.500000 -9.000000 0.500000
      vertex -3.500000 -9.000000 0.500000
    endloop
  endfacet
  facet normal -0.964093 0.172601 0.201824
    outer loop
      vertex -3.328698 -8.250577 0.677384
      vertex -3.500000 -9.000000 0.500000
      vertex -3.328698 -8.426416 0.827762
    endloop
  endfacet
  facet normal 0.000000 0.000000 1.000000
    outer loop
      vertex -3.328698 -8.426416 0.827762
      vertex -3.500000 -9.000000 0.500000
      vertex -3.500000 -9.000000 0.500000
    endloop
  endfacet
  facet normal -0.948105 0.113416 0.297042
    outer loop
      vertex -3.328698 -8.426416 0.827762
      vertex -3.500000 -9.000000 0.500000
      vertex -3.328698 -8.689579 0.928242
    endloop
  endfacet
  facet normal 0.000000 0.000000 1.000000
    outer loop
      vertex -3.328698 -8.689579 0.928242
      vertex -3.500000 -9.000000 0.500000
      vertex -3.500000 -9.000000 0.500000
    endloop
  endfacet
  facet normal -0.937268 0.039371 0.346380
    outer loop
      vertex -3.328698 -8.689579 0.928242
      vertex -3.500000 -9.000000 0.500000
      vertex -3.328698 -9.000000 0.963525
    endloop
  endfacet
  facet normal 0.000000 0.000000 1.000000
    outer loop
      vertex -3.328698 -9.000000 0.963525
      vertex -3.500000 -9.000000 0.500000
      vertex -3.500000 -9.000000 0.500000
    endloop
  endfacet
  facet normal -0.937268 -0.039371 0.346380
    outer loop
      vertex -3.328698 -9.000000 0.963525
      vertex -3.500000 -9.000000 0.500000
      vertex -3.328698 -9.310421 0.928242
    endloop
  endfacet
  facet normal 0.000000 0.000000 1.000000
    outer loop
      vertex -3.328698 -9.310421 0.928242
      vertex -3.500000 -9.000000 0.500000
      vertex -3.500000 -9.000000 0.500000
    endloop
  endfacet
  facet normal -0.948105 -0.113416 0.297042
    outer loop
      vertex -3.328698 -9.310421 0.928242
      vertex -3.500000 -9.000000 0.500000
      vertex -3.328698 -9.573584 0.827762
    endloop
  endfacet
  facet normal 0.000000 0.000000 1.000000
    outer loop
      vertex -3.328698 -9.573584 0.827762
      vertex -3.500000 -9.000000 0.500000
      vertex -3.500000 -9.000000 0.500000
    endloop
  endfacet
  facet normal -0.964093 -0.172601 0.201824
    outer loop
      vertex -3.328698 -9.573584 0.827762
      vertex -3.500000 -9.000000 0.500000
      vertex -3.328698 -9.749423 0.677384
    endloop
  endfacet
  facet normal 0.000000 0.000000 1.000000
    outer loop
      vertex -3.328698 -9.749423 0.677384
      vertex -3.500000 -9.000000 0.500000
      vertex -3.500000 -9.000000 0.500000
    endloop
  endfacet
  facet normal -0.975900 -0.206090 0.071739
    outer loop
      vertex -3.328698 -9.749423 0.677384
      vertex -3.500000 -9.000000 0.500000
      vertex -3.328698 -9.811170 0.500000
    endloop
  endfacet
  facet normal 0.544338 0.835793 0.071739
    outer loop
      vertex 8.838835 -3.889087 0.500000
      vertex 8.144122 -3.436633 0.500000
      vertex 8.187784 -3.480294 0.677384
    endloop
  endfacet
  facet normal 0.000000 0.000000 1.000000
    outer loop
      vertex 8.838835 -3.889087 0.500000
      vertex 8.187784 -3.480294 0.677384
      vertex 8.838835 -3.889087 0.500000
    endloop
  endfacet
  facet normal 0.559670 0.803764 0.201824
    outer loop
      vertex 8.838835 -3.889087 0.500000
      vertex 8.187784 -3.480294 0.677384
      vertex 8.312121 -3.604631 0.827762
    endloop
  endfacet
  facet normal 0.000000 0.000000 1.000000
    outer loop
      vertex 8.838835 -3.889087 0.500000
      vertex 8.312121 -3.604631 0.827762
      vertex 8.838835 -3.889087 0.500000
    endloop
  endfacet
  facet normal 0.590214 0.750608 0.297042
    outer loop
      vertex 8.838835 -3.889087 0.500000
      vertex 8.312121 -3.604631 0.827762
      vertex 8.498205 -3.790715 0.928242
    endloop
  endfacet
  facet normal 0.000000 0.000000 1.000000
    outer loop
      vertex 8.838835 -3.889087 0.500000
      vertex 8.498205 -3.790715 0.928242
      vertex 8.838835 -3.889087 0.500000
    endloop
  endfacet
  facet normal 0.634909 0.690588 0.346380
    outer loop
      vertex 8.838835 -3.889087 0.500000
      vertex 8.498205 -3.790715 0.928242
      vertex 8.717706 -4.010216 0.963525
    endloop
  endfacet
  facet normal 0.000000 0.000000 1.000000
    outer loop
      vertex 8.838835 -3.889087 0.500000
      vertex 8.717706 -4.010216 0.963525
      vertex 8.838835 -3.889087 0.500000
    endloop
  endfacet
  facet normal 0.690588 0.634909 0.346380
    outer loop
      vertex 8.838835 -3.889087 0.500000
      vertex 8.717706 -4.010216 0.963525
      vertex 8.937207 -4.229717 0.928242
    endloop
  endfacet
  facet normal 0.000000 0.000000 1.000000
    outer loop
      vertex 8.838835 -3.889087 0.500000
      vertex 8.937207 -4.229717 0.928242
      vertex 8.838835 -3.889087 0.500000
    endloop
  endfacet
  facet normal 0.750608 0.590214 0.297042
    outer loop
      vertex 8.838835 -3.889087 0.500000
      vertex 8.937207 -4.229717 0.928242
      vertex 9.123291 -4.415801 0.827762
    endloop
  endfacet
  facet normal 0.000000 0.000000 1.000000
    outer loop
      vertex 8.838835 -3.889087 0.500000
      vertex 9.123291 -4.415801 0.827762
      vertex 8.838835 -3.889087 0.500000
    endloop
  endfacet
  facet normal 0.803764 0.559670 0.201824
    outer loop
      vertex 8.838835 -3.889087 0.500000
      vertex 9.123291 -4.415801 0.827762
      vertex 9.247628 -4.540138 0.677384
    endloop
  endfacet
  facet normal 0.000000 0.000000 1.000000
    outer loop
      vertex 8.838835 -3.889087 0.500000
      vertex 9.247628 -4.540138 0.677384
      vertex 8.838835 -3.889087 0.500000
    endloop
  endfacet
  facet normal 0.835793 0.544338 0.071739
    outer loop
      vertex 8.838835 -3.889087 0.500000
      vertex 9.247628 -4.540138 0.677384
      vertex 9.291289 -4.583800 0.500000
    endloop
  endfacet
  facet normal 0.000000 0.000000 1.000000
    outer loop
      vertex 8.838835 -3.889087 0.500000
      vertex 9.291289 -4.583800 0.500000
      vertex 8.838835 -3.889087 0.500000
    endloop
  endfacet
  facet normal 0.184049 0.963987 0.191975
    outer loop
      vertex 8.144122 -3.436633 0.500000
      vertex 7.275155 -3.270725 0.500000
      vertex 7.358204 -3.353774 0.837404
    endloop
  endfacet
  facet normal 0.184049 0.963987 0.191975
    outer loop
      vertex 8.144122 -3.436633 0.500000
      vertex 7.358204 -3.353774 0.837404
      vertex 8.187784 -3.480294 0.677384
    endloop
  endfacet
  facet normal 0.224421 0.834018 0.504033
    outer loop
      vertex 8.187784 -3.480294 0.677384
      vertex 7.358204 -3.353774 0.837404
      vertex 7.594708 -3.590278 1.123440
    endloop
  endfacet
  facet normal 0.224421 0.834018 0.504033
    outer loop
      vertex 8.187784 -3.480294 0.677384
      vertex 7.594708 -3.590278 1.123440
      vertex 8.312121 -3.604631 0.827762
    endloop
  endfacet
  facet normal 0.295704 0.665669 0.685160
    outer loop
      vertex 8.312121 -3.604631 0.827762
      vertex 7.594708 -3.590278 1.123440
      vertex 7.948660 -3.944231 1.314564
    endloop
  endfacet
  facet normal 0.295704 0.665669 0.685160
    outer loop
      vertex 8.312121 -3.604631 0.827762
      vertex 7.948660 -3.944231 1.314564
      vertex 8.498205 -3.790715 0.928242
    endloop
  endfacet
  facet normal 0.392172 0.514725 0.762404
    outer loop
      vertex 8.498205 -3.790715 0.928242
      vertex 7.948660 -3.944231 1.314564
      vertex 8.366176 -4.361746 1.381678
    endloop
  endfacet
  facet normal 0.392172 0.514725 0.762404
    outer loop
      vertex 8.498205 -3.790715 0.928242
      vertex 8.366176 -4.361746 1.381678
      vertex 8.717706 -4.010216 0.963525
    endloop
  endfacet
  facet normal 0.514725 0.392172 0.762404
    outer loop
      vertex 8.717706 -4.010216 0.963525
      vertex 8.366176 -4.361746 1.381678
      vertex 8.783691 -4.779262 1.314564
    endloop
  endfacet
  facet normal 0.514725 0.392172 0.762404
    outer loop
      vertex 8.717706 -4.010216 0.963525
      vertex 8.783691 -4.779262 1.314564
      vertex 8.937207 -4.229717 0.928242
    endloop
  endfacet
  facet normal 0.665669 0.295704 0.685160
    outer loop
      vertex 8.937207 -4.229717 0.928242
      vertex 8.783691 -4.779262 1.314564
      vertex 9.137644 -5.133214 1.123440
    endloop
  endfacet
  facet normal 0.665669 0.295704 0.685160
    outer loop
      vertex 8.937207 -4.229717 0.928242
      vertex 9.137644 -5.133214 1.123440
      vertex 9.123291 -4.415801 0.827762
    endloop
  endfacet
  facet normal 0.834018 0.224421 0.504033
    outer loop
      vertex 9.123291 -4.415801 0.827762
      vertex 9.137644 -5.133214 1.123440
      vertex 9.374148 -5.369718 0.837404
    endloop
  endfacet
  facet normal 0.834018 0.224421 0.504033
    outer loop
      vertex 9.123291 -4.415801 0.827762
      vertex 9.374148 -5.369718 0.837404
      vertex 9.247628 -4.540138 0.677384
    endloop
  endfacet
  facet normal 0.963987 0.184049 0.191975
    outer loop
      vertex 9.247628 -4.540138 0.677384
      vertex 9.374148 -5.369718 0.837404
      vertex 9.457197 -5.452767 0.500000
    endloop
  endfacet
  facet normal 0.963987 0.184049 0.191975
    outer loop
      vertex 9.247628 -4.540138 0.677384
      vertex 9.457197 -5.452767 0.500000
      vertex 9.291289 -4.583800 0.500000
    endloop
  endfacet
  facet normal -0.136237 0.953662 0.268269
    outer loop
      vertex 7.275155 -3.270725 0.500000
      vertex 6.316994 -3.407606 0.500000
      vertex 6.431301 -3.521913 0.964396
    endloop
  endfacet
  facet normal -0.136237 0.953662 0.268269
    outer loop
      vertex 7.275155 -3.270725 0.500000
      vertex 6.431301 -3.521913 0.964396
      vertex 7.358204 -3.353774 0.837404
    endloop
  endfacet
  facet normal -0.045943 0.750881 0.658837
    outer loop
      vertex 7.358204 -3.353774 0.837404
      vertex 6.431301 -3.521913 0.964396
      vertex 6.756821 -3.847432 1.358092
    endloop
  endfacet
  facet normal -0.045943 0.750881 0.658837
    outer loop
      vertex 7.358204 -3.353774 0.837404
      vertex 6.756821 -3.847432 1.358092
      vertex 7.594708 -3.590278 1.123440
    endloop
  endfacet
  facet normal 0.073900 0.530038 0.844747
    outer loop
      vertex 7.594708 -3.590278 1.123440
      vertex 6.756821 -3.847432 1.358092
      vertex 7.243994 -4.334606 1.621151
    endloop
  endfacet
  facet normal 0.073900 0.530038 0.844747
    outer loop
      vertex 7.594708 -3.590278 1.123440
      vertex 7.243994 -4.334606 1.621151
      vertex 7.948660 -3.944231 1.314564
    endloop
  endfacet
  facet normal 0.203561 0.350510 0.914170
    outer loop
      vertex 7.948660 -3.944231 1.314564
      vertex 7.243994 -4.334606 1.621151
      vertex 7.818655 -4.909267 1.713525
    endloop
  endfacet
  facet normal 0.203561 0.350510 0.914170
    outer loop
      vertex 7.948660 -3.944231 1.314564
      vertex 7.818655 -4.909267 1.713525
      vertex 8.366176 -4.361746 1.381678
    endloop
  endfacet
  facet normal 0.350510 0.203561 0.914170
    outer loop
      vertex 8.366176 -4.361746 1.381678
      vertex 7.818655 -4.909267 1.713525
      vertex 8.393316 -5.483928 1.621151
    endloop
  endfacet
  facet normal 0.350510 0.203561 0.914170
    outer loop
      vertex 8.366176 -4.361746 1.381678
      vertex 8.393316 -5.483928 1.621151
      vertex 8.783691 -4.779262 1.314564
    endloop
  endfacet
  facet normal 0.530038 0.073900 0.844747
    outer loop
      vertex 8.783691 -4.779262 1.314564
      vertex 8.393316 -5.483928 1.621151
      vertex 8.880490 -5.971102 1.358092
    endloop
  endfacet
  facet normal 0.530038 0.073900 0.844747
    outer loop
      vertex 8.783691 -4.779262 1.314564
      vertex 8.880490 -5.971102 1.358092
      vertex 9.137644 -5.133214 1.123440
    endloop
  endfacet
  facet normal 0.750881 -0.045943 0.658837
    outer loop
      vertex 9.137644 -5.133214 1.123440
      vertex 8.880490 -5.971102 1.358092
      vertex 9.206009 -6.296621 0.964396
    endloop
  endfacet
  facet normal 0.750881 -0.045943 0.658837
    outer loop
      vertex 9.137644 -5.133214 1.123440
      vertex 9.206009 -6.296621 0.964396
      vertex 9.374148 -5.369718 0.837404
    endloop
  endfacet
  facet normal 0.953662 -0.136237 0.268269
    outer loop
      vertex 9.374148 -5.369718 0.837404
      vertex 9.206009 -6.296621 0.964396
      vertex 9.320316 -6.410928 0.500000
    endloop
  endfacet
  facet normal 0.953662 -0.136237 0.268269
    outer loop
      vertex 9.374148 -5.369718 0.837404
      vertex 9.320316 -6.410928 0.500000
      vertex 9.457197 -5.452767 0.500000
    endloop
  endfacet
  facet normal -0.388105 0.868190 0.309226
    outer loop
      vertex 6.316994 -3.407606 0.500000
      vertex 5.363430 -3.833874 0.500000
      vertex 5.497807 -3.968251 1.045930
    endloop
  endfacet
  facet normal -0.388105 0.868190 0.309226
    outer loop
      vertex 6.316994 -3.407606 0.500000
      vertex 5.497807 -3.968251 1.045930
      vertex 6.431301 -3.521913 0.964396
    endloop
  endfacet
  facet normal -0.242232 0.639847 0.729328
    outer loop
      vertex 6.431301 -3.521913 0.964396
      vertex 5.497807 -3.968251 1.045930
      vertex 5.880477 -4.350921 1.508748
    endloop
  endfacet
  facet normal -0.242232 0.639847 0.729328
    outer loop
      vertex 6.431301 -3.521913 0.964396
      vertex 5.880477 -4.350921 1.508748
      vertex 6.756821 -3.847432 1.358092
    endloop
  endfacet
  facet normal -0.079790 0.410660 0.908291
    outer loop
      vertex 6.756821 -3.847432 1.358092
      vertex 5.880477 -4.350921 1.508748
      vertex 6.453185 -4.923629 1.817992
    endloop
  endfacet
  facet normal -0.079790 0.410660 0.908291
    outer loop
      vertex 6.756821 -3.847432 1.358092
      vertex 6.453185 -4.923629 1.817992
      vertex 7.243994 -4.334606 1.621151
    endloop
  endfacet
  facet normal 0.071890 0.227976 0.971009
    outer loop
      vertex 7.243994 -4.334606 1.621151
      vertex 6.453185 -4.923629 1.817992
      vertex 7.128739 -5.599183 1.926585
    endloop
  endfacet
  facet normal 0.071890 0.227976 0.971009
    outer loop
      vertex 7.243994 -4.334606 1.621151
      vertex 7.128739 -5.599183 1.926585
      vertex 7.818655 -4.909267 1.713525
    endloop
  endfacet
  facet normal 0.227976 0.071890 0.971009
    outer loop
      vertex 7.818655 -4.909267 1.713525
      vertex 7.128739 -5.599183 1.926585
      vertex 7.804293 -6.274737 1.817992
    endloop
  endfacet
  facet normal 0.227976 0.071890 0.971009
    outer loop
      vertex 7.818655 -4.909267 1.713525
      vertex 7.804293 -6.274737 1.817992
      vertex 8.393316 -5.483928 1.621151
    endloop
  endfacet
  facet normal 0.410660 -0.079790 0.908291
    outer loop
      vertex 8.393316 -5.483928 1.621151
      vertex 7.804293 -6.274737 1.817992
      vertex 8.377001 -6.847445 1.508748
    endloop
  endfacet
  facet normal 0.410660 -0.079790 0.908291
    outer loop
      vertex 8.393316 -5.483928 1.621151
      vertex 8.377001 -6.847445 1.508748
      vertex 8.880490 -5.971102 1.358092
    endloop
  endfacet
  facet normal 0.639847 -0.242232 0.729328
    outer loop
      vertex 8.880490 -5.971102 1.358092
      vertex 8.377001 -6.847445 1.508748
      vertex 8.759672 -7.230115 1.045930
    endloop
  endfacet
  facet normal 0.639847 -0.242232 0.729328
    outer loop
      vertex 8.880490 -5.971102 1.358092
      vertex 8.759672 -7.230115 1.045930
      vertex 9.206009 -6.296621 0.964396
    endloop
  endfacet
  facet normal 0.868190 -0.388105 0.309226
    outer loop
      vertex 9.206009 -6.296621 0.964396
      vertex 8.759672 -7.230115 1.045930
      vertex 8.894048 -7.364492 0.500000
    endloop
  endfacet
  facet normal 0.868190 -0.388105 0.309226
    outer loop
      vertex 9.206009 -6.296621 0.964396
      vertex 8.894048 -7.364492 0.500000
      vertex 9.320316 -6.410928 0.500000
    endloop
  endfacet
  facet normal -0.584808 0.742474 0.326699
    outer loop
      vertex 5.363430 -3.833874 0.500000
      vertex 4.507806 -4.507806 0.500000
      vertex 4.649097 -4.649097 1.074025
    endloop
  endfacet
  facet normal -0.584808 0.742474 0.326699
    outer loop
      vertex 5.363430 -3.833874 0.500000
      vertex 4.649097 -4.649097 1.074025
      vertex 5.497807 -3.968251 1.045930
    endloop
  endfacet
  facet normal -0.393553 0.521815 0.756852
    outer loop
      vertex 5.497807 -3.968251 1.045930
      vertex 4.649097 -4.649097 1.074025
      vertex 5.051461 -5.051461 1.560660
    endloop
  endfacet
  facet normal -0.393553 0.521815 0.756852
    outer loop
      vertex 5.497807 -3.968251 1.045930
      vertex 5.051461 -5.051461 1.560660
      vertex 5.880477 -4.350921 1.508748
    endloop
  endfacet
  facet normal -0.198777 0.304268 0.931616
    outer loop
      vertex 5.880477 -4.350921 1.508748
      vertex 5.051461 -5.051461 1.560660
      vertex 5.653641 -5.653641 1.885819
    endloop
  endfacet
  facet normal -0.198777 0.304268 0.931616
    outer loop
      vertex 5.880477 -4.350921 1.508748
      vertex 5.653641 -5.653641 1.885819
      vertex 6.453185 -4.923629 1.817992
    endloop
  endfacet
  facet normal -0.032095 0.127260 0.991350
    outer loop
      vertex 6.453185 -4.923629 1.817992
      vertex 5.653641 -5.653641 1.885819
      vertex 6.363961 -6.363961 2.000000
    endloop
  endfacet
  facet normal -0.032095 0.127260 0.991350
    outer loop
      vertex 6.453185 -4.923629 1.817992
      vertex 6.363961 -6.363961 2.000000
      vertex 7.128739 -5.599183 1.926585
    endloop
  endfacet
  facet normal 0.127260 -0.032095 0.991350
    outer loop
      vertex 7.128739 -5.599183 1.926585
      vertex 6.363961 -6.363961 2.000000
      vertex 7.074281 -7.074281 1.885819
    endloop
  endfacet
  facet normal 0.127260 -0.032095 0.991350
    outer loop
      vertex 7.128739 -5.599183 1.926585
      vertex 7.074281 -7.074281 1.885819
      vertex 7.804293 -6.274737 1.817992
    endloop
  endfacet
  facet normal 0.304268 -0.198777 0.931616
    outer loop
      vertex 7.804293 -6.274737 1.817992
      vertex 7.074281 -7.074281 1.885819
      vertex 7.676461 -7.676461 1.560660
    endloop
  endfacet
  facet normal 0.304268 -0.198777 0.931616
    outer loop
      vertex 7.804293 -6.274737 1.817992
      vertex 7.676461 -7.676461 1.560660
      vertex 8.377001 -6.847445 1.508748
    endloop
  endfacet
  facet normal 0.521815 -0.393553 0.756852
    outer loop
      vertex 8.377001 -6.847445 1.508748
      vertex 7.676461 -7.676461 1.560660
      vertex 8.078825 -8.078825 1.074025
    endloop
  endfacet
  facet normal 0.521815 -0.393553 0.756852
    outer loop
      vertex 8.377001 -6.847445 1.508748
      vertex 8.078825 -8.078825 1.074025
      vertex 8.759672 -7.230115 1.045930
    endloop
  endfacet
  facet normal 0.742474 -0.584808 0.326699
    outer loop
      vertex 8.759672 -7.230115 1.045930
      vertex 8.078825 -8.078825 1.074025
      vertex 8.220116 -8.220116 0.500000
    endloop
  endfacet
  facet normal 0.742474 -0.584808 0.326699
    outer loop
      vertex 8.759672 -7.230115 1.045930
      vertex 8.220116 -8.220116 0.500000
      vertex 8.894048 -7.364492 0.500000
    endloop
  endfacet
  facet normal -0.742474 0.584808 0.326699
    outer loop
      vertex 4.507806 -4.507806 0.500000
      vertex 3.833874 -5.363430 0.500000
      vertex 3.968251 -5.497807 1.045930
    endloop
  endfacet
  facet normal -0.742474 0.584808 0.326699
    outer loop
      vertex 4.507806 -4.507806 0.500000
      vertex 3.968251 -5.497807 1.045930
      vertex 4.649097 -4.649097 1.074025
    endloop
  endfacet
  facet normal -0.521815 0.393553 0.756852
    outer loop
      vertex 4.649097 -4.649097 1.074025
      vertex 3.968251 -5.497807 1.045930
      vertex 4.350921 -5.880477 1.508748
    endloop
  endfacet
  facet normal -0.521815 0.393553 0.756852
    outer loop
      vertex 4.649097 -4.649097 1.074025
      vertex 4.350921 -5.880477 1.508748
      vertex 5.051461 -5.051461 1.560660
    endloop
  endfacet
  facet normal -0.304268 0.198777 0.931616
    outer loop
      vertex 5.051461 -5.051461 1.560660
      vertex 4.350921 -5.880477 1.508748
      vertex 4.923629 -6.453185 1.817992
    endloop
  endfacet
  facet normal -0.304268 0.198777 0.931616
    outer loop
      vertex 5.051461 -5.051461 1.560660
      vertex 4.923629 -6.453185 1.817992
      vertex 5.653641 -5.653641 1.885819
    endloop
  endfacet
  facet normal -0.127260 0.032095 0.991350
    outer loop
      vertex 5.653641 -5.653641 1.885819
      vertex 4.923629 -6.453185 1.817992
      vertex 5.599183 -7.128739 1.926585
    endloop
  endfacet
  facet normal -0.127260 0.032095 0.991350
    outer loop
      vertex 5.653641 -5.653641 1.885819
      vertex 5.599183 -7.128739 1.926585
      vertex 6.363961 -6.363961 2.000000
    endloop
  endfacet
  facet normal 0.032095 -0.127260 0.991350
    outer loop
      vertex 6.363961 -6.363961 2.000000
      vertex 5.599183 -7.128739 1.926585
      vertex 6.274737 -7.804293 1.817992
    endloop
  endfacet
  facet normal 0.032095 -0.127260 0.991350
    outer loop
      vertex 6.363961 -6.363961 2.000000
      vertex 6.274737 -7.804293 1.817992
      vertex 7.074281 -7.074281 1.885819
    endloop
  endfacet
  facet normal 0.198777 -0.304268 0.931616
    outer loop
      vertex 7.074281 -7.074281 1.885819
      vertex 6.274737 -7.804293 1.817992
      vertex 6.847445 -8.377001 1.508748
    endloop
  endfacet
  facet normal 0.198777 -0.304268 0.931616
    outer loop
      vertex 7.074281 -7.074281 1.885819
      vertex 6.847445 -8.377001 1.508748
      vertex 7.676461 -7.676461 1.560660
    endloop
  endfacet
  facet normal 0.393553 -0.521815 0.756852
    outer loop
      vertex 7.676461 -7.676461 1.560660
      vertex 6.847445 -8.377001 1.508748
      vertex 7.230115 -8.759672 1.045930
    endloop
  endfacet
  facet normal 0.393553 -0.521815 0.756852
    outer loop
      vertex 7.676461 -7.676461 1.560660
      vertex 7.230115 -8.759672 1.045930
      vertex 8.078825 -8.078825 1.074025
    endloop
  endfacet
  facet normal 0.584808 -0.742474 0.326699
    outer loop
      vertex 8.078825 -8.078825 1.074025
      vertex 7.230115 -8.759672 1.045930
      vertex 7.364492 -8.894048 0.500000
    endloop
  endfacet
  facet normal 0.584808 -0.742474 0.326699
    outer loop
      vertex 8.078825 -8.078825 1.074025
      vertex 7.364492 -8.894048 0.500000
      vertex 8.220116 -8.220116 0.500000
    endloop
  endfacet
  facet normal -0.868190 0.388105 0.309226
    outer loop
      vertex 3.833874 -5.363430 0.500000
      vertex 3.407606 -6.316994 0.500000
      vertex 3.521913 -6.431301 0.964396
    endloop
  endfacet
  facet normal -0.868190 0.388105 0.309226
    outer loop
      vertex 3.833874 -5.363430 0.500000
      vertex 3.521913 -6.431301 0.964396
      vertex 3.968251 -5.497807 1.045930
    endloop
  endfacet
  facet normal -0.639847 0.242232 0.729328
    outer loop
      vertex 3.968251 -5.497807 1.045930
      vertex 3.521913 -6.431301 0.964396
      vertex 3.847432 -6.756821 1.358092
    endloop
  endfacet
  facet normal -0.639847 0.242232 0.729328
    outer loop
      vertex 3.968251 -5.497807 1.045930
      vertex 3.847432 -6.756821 1.358092
      vertex 4.350921 -5.880477 1.508748
    endloop
  endfacet
  facet normal -0.410660 0.079790 0.908291
    outer loop
      vertex 4.350921 -5.880477 1.508748
      vertex 3.847432 -6.756821 1.358092
      vertex 4.334606 -7.243994 1.621151
    endloop
  endfacet
  facet normal -0.410660 0.079790 0.908291
    outer loop
      vertex 4.350921 -5.880477 1.508748
      vertex 4.334606 -7.243994 1.621151
      vertex 4.923629 -6.453185 1.817992
    endloop
  endfacet
  facet normal -0.227976 -0.071890 0.971009
    outer loop
      vertex 4.923629 -6.453185 1.817992
      vertex 4.334606 -7.243994 1.621151
      vertex 4.909267 -7.818655 1.713525
    endloop
  endfacet
  facet normal -0.227976 -0.071890 0.971009
    outer loop
      vertex 4.923629 -6.453185 1.817992
      vertex 4.909267 -7.818655 1.713525
      vertex 5.599183 -7.128739 1.926585
    endloop
  endfacet
  facet normal -0.071890 -0.227976 0.971009
    outer loop
      vertex 5.599183 -7.128739 1.926585
      vertex 4.909267 -7.818655 1.713525
      vertex 5.483928 -8.393316 1.621151
    endloop
  endfacet
  facet normal -0.071890 -0.227976 0.971009
    outer loop
      vertex 5.599183 -7.128739 1.926585
      vertex 5.483928 -8.393316 1.621151
      vertex 6.274737 -7.804293 1.817992
    endloop
  endfacet
  facet normal 0.079790 -0.410660 0.908291
    outer loop
      vertex 6.274737 -7.804293 1.817992
      vertex 5.483928 -8.393316 1.621151
      vertex 5.971102 -8.880490 1.358092
    endloop
  endfacet
  facet normal 0.079790 -0.410660 0.908291
    outer loop
      vertex 6.274737 -7.804293 1.817992
      vertex 5.971102 -8.880490 1.358092
      vertex 6.847445 -8.377001 1.508748
    endloop
  endfacet
  facet normal 0.242232 -0.639847 0.729328
    outer loop
      vertex 6.847445 -8.377001 1.508748
      vertex 5.971102 -8.880490 1.358092
      vertex 6.296621 -9.206009 0.964396
    endloop
  endfacet
  facet normal 0.242232 -0.639847 0.729328
    outer loop
      vertex 6.847445 -8.377001 1.508748
      vertex 6.296621 -9.206009 0.964396
      vertex 7.230115 -8.759672 1.045930
    endloop
  endfacet
  facet normal 0.388105 -0.868190 0.309226
    outer loop
      vertex 7.230115 -8.759672 1.045930
      vertex 6.296621 -9.206009 0.964396
      vertex 6.410928 -9.320316 0.500000
    endloop
  endfacet
  facet normal 0.388105 -0.868190 0.309226
    outer loop
      vertex 7.230115 -8.759672 1.045930
      vertex 6.410928 -9.320316 0.500000
      vertex 7.364492 -8.894048 0.500000
    endloop
  endfacet
  facet normal -0.953662 0.136237 0.268269
    outer loop
      vertex 3.407606 -6.316994 0.500000
      vertex 3.270725 -7.275155 0.500000
      vertex 3.353774 -7.358204 0.837404
    endloop
  endfacet
  facet normal -0.953662 0.136237 0.268269
    outer loop
      vertex 3.407606 -6.316994 0.500000
      vertex 3.353774 -7.358204 0.837404
      vertex 3.521913 -6.431301 0.964396
    endloop
  endfacet
  facet normal -0.750881 0.045943 0.658837
    outer loop
      vertex 3.521913 -6.431301 0.964396
      vertex 3.353774 -7.358204 0.837404
      vertex 3.590278 -7.594708 1.123440
    endloop
  endfacet
  facet normal -0.750881 0.045943 0.658837
    outer loop
      vertex 3.521913 -6.431301 0.964396
      vertex 3.590278 -7.594708 1.123440
      vertex 3.847432 -6.756821 1.358092
    endloop
  endfacet
  facet normal -0.530038 -0.073900 0.844747
    outer loop
      vertex 3.847432 -6.756821 1.358092
      vertex 3.590278 -7.594708 1.123440
      vertex 3.944231 -7.948660 1.314564
    endloop
  endfacet
  facet normal -0.530038 -0.073900 0.844747
    outer loop
      vertex 3.847432 -6.756821 1.358092
      vertex 3.944231 -7.948660 1.314564
      vertex 4.334606 -7.243994 1.621151
    endloop
  endfacet
  facet normal -0.350510 -0.203561 0.914170
    outer loop
      vertex 4.334606 -7.243994 1.621151
      vertex 3.944231 -7.948660 1.314564
      vertex 4.361746 -8.366176 1.381678
    endloop
  endfacet
  facet normal -0.350510 -0.203561 0.914170
    outer loop
      vertex 4.334606 -7.243994 1.621151
      vertex 4.361746 -8.366176 1.381678
      vertex 4.909267 -7.818655 1.713525
    endloop
  endfacet
  facet normal -0.203561 -0.350510 0.914170
    outer loop
      vertex 4.909267 -7.818655 1.713525
      vertex 4.361746 -8.366176 1.381678
      vertex 4.779262 -8.783691 1.314564
    endloop
  endfacet
  facet normal -0.203561 -0.350510 0.914170
    outer loop
      vertex 4.909267 -7.818655 1.713525
      vertex 4.779262 -8.783691 1.314564
      vertex 5.483928 -8.393316 1.621151
    endloop
  endfacet
  facet normal -0.073900 -0.530038 0.844747
    outer loop
      vertex 5.483928 -8.393316 1.621151
      vertex 4.779262 -8.783691 1.314564
      vertex 5.133214 -9.137644 1.123440
    endloop
  endfacet
  facet normal -0.073900 -0.530038 0.844747
    outer loop
      vertex 5.483928 -8.393316 1.621151
      vertex 5.133214 -9.137644 1.123440
      vertex 5.971102 -8.880490 1.358092
    endloop
  endfacet
  facet normal 0.045943 -0.750881 0.658837
    outer loop
      vertex 5.971102 -8.880490 1.358092
      vertex 5.133214 -9.137644 1.123440
      vertex 5.369718 -9.374148 0.837404
    endloop
  endfacet
  facet normal 0.045943 -0.750881 0.658837
    outer loop
      vertex 5.971102 -8.880490 1.358092
      vertex 5.369718 -9.374148 0.837404
      vertex 6.296621 -9.206009 0.964396
    endloop
  endfacet
  facet normal 0.136237 -0.953662 0.268269
    outer loop
      vertex 6.296621 -9.206009 0.964396
      vertex 5.369718 -9.374148 0.837404
      vertex 5.452767 -9.457197 0.500000
    endloop
  endfacet
  facet normal 0.136237 -0.953662 0.268269
    outer loop
      vertex 6.296621 -9.206009 0.964396
      vertex 5.452767 -9.457197 0.500000
      vertex 6.410928 -9.320316 0.500000
    endloop
  endfacet
  facet normal -0.963987 -0.184049 0.191975
    outer loop
      vertex 3.270725 -7.275155 0.500000
      vertex 3.436633 -8.144122 0.500000
      vertex 3.480294 -8.187784 0.677384
    endloop
  endfacet
  facet normal -0.963987 -0.184049 0.191975
    outer loop
      vertex 3.270725 -7.275155 0.500000
      vertex 3.480294 -8.187784 0.677384
      vertex 3.353774 -7.358204 0.837404
    endloop
  endfacet
  facet normal -0.834018 -0.224421 0.504033
    outer loop
      vertex 3.353774 -7.358204 0.837404
      vertex 3.480294 -8.187784 0.677384
      vertex 3.604631 -8.312121 0.827762
    endloop
  endfacet
  facet normal -0.834018 -0.224421 0.504033
    outer loop
      vertex 3.353774 -7.358204 0.837404
      vertex 3.604631 -8.312121 0.827762
      vertex 3.590278 -7.594708 1.123440
    endloop
  endfacet
  facet normal -0.665669 -0.295704 0.685160
    outer loop
      vertex 3.590278 -7.594708 1.123440
      vertex 3.604631 -8.312121 0.827762
      vertex 3.790715 -8.498205 0.928242
    endloop
  endfacet
  facet normal -0.665669 -0.295704 0.685160
    outer loop
      vertex 3.590278 -7.594708 1.123440
      vertex 3.790715 -8.498205 0.928242
      vertex 3.944231 -7.948660 1.314564
    endloop
  endfacet
  facet normal -0.514725 -0.392172 0.762404
    outer loop
      vertex 3.944231 -7.948660 1.314564
      vertex 3.790715 -8.498205 0.928242
      vertex 4.010216 -8.717706 0.963525
    endloop
  endfacet
  facet normal -0.514725 -0.392172 0.762404
    outer loop
      vertex 3.944231 -7.948660 1.314564
      vertex 4.010216 -8.717706 0.963525
      vertex 4.361746 -8.366176 1.381678
    endloop
  endfacet
  facet normal -0.392172 -0.514725 0.762404
    outer loop
      vertex 4.361746 -8.366176 1.381678
      vertex 4.010216 -8.717706 0.963525
      vertex 4.229717 -8.937207 0.928242
    endloop
  endfacet
  facet normal -0.392172 -0.514725 0.762404
    outer loop
      vertex 4.361746 -8.366176 1.381678
      vertex 4.229717 -8.937207 0.928242
      vertex 4.779262 -8.783691 1.314564
    endloop
  endfacet
  facet normal -0.295704 -0.665669 0.685160
    outer loop
      vertex 4.779262 -8.783691 1.314564
      vertex 4.229717 -8.937207 0.928242
      vertex 4.415801 -9.123291 0.827762
    endloop
  endfacet
  facet normal -0.295704 -0.665669 0.685160
    outer loop
      vertex 4.779262 -8.783691 1.314564
      vertex 4.415801 -9.123291 0.827762
      vertex 5.133214 -9.137644 1.123440
    endloop
  endfacet
  facet normal -0.224421 -0.834018 0.504033
    outer loop
      vertex 5.133214 -9.137644 1.123440
      vertex 4.415801 -9.123291 0.827762
      vertex 4.540138 -9.247628 0.677384
    endloop
  endfacet
  facet normal -0.224421 -0.834018 0.504033
    outer loop
      vertex 5.133214 -9.137644 1.123440
      vertex 4.540138 -9.247628 0.677384
      vertex 5.369718 -9.374148 0.837404
    endloop
  endfacet
  facet normal -0.184049 -0.963987 0.191975
    outer loop
      vertex 5.369718 -9.374148 0.837404
      vertex 4.540138 -9.247628 0.677384
      vertex 4.583800 -9.291289 0.500000
    endloop
  endfacet
  facet normal -0.184049 -0.963987 0.191975
    outer loop
      vertex 5.369718 -9.374148 0.837404
      vertex 4.583800 -9.291289 0.500000
      vertex 5.452767 -9.457197 0.500000
    endloop
  endfacet
  facet normal 0.000000 0.000000 1.000000
    outer loop
      vertex 3.436633 -8.144122 0.500000
      vertex 3.889087 -8.838835 0.500000
      vertex 3.889087 -8.838835 0.500000
    endloop
  endfacet
  facet normal -0.835793 -0.544338 0.071739
    outer loop
      vertex 3.436633 -8.144122 0.500000
      vertex 3.889087 -8.838835 0.500000
      vertex 3.480294 -8.187784 0.677384
    endloop
  endfacet
  facet normal 0.000000 0.000000 1.000000
    outer loop
      vertex 3.480294 -8.187784 0.677384
      vertex 3.889087 -8.838835 0.500000
      vertex 3.889087 -8.838835 0.500000
    endloop
  endfacet
  facet normal -0.803764 -0.559670 0.201824
    outer loop
      vertex 3.480294 -8.187784 0.677384
      vertex 3.889087 -8.838835 0.500000
      vertex 3.604631 -8.312121 0.827762
    endloop
  endfacet
  facet normal 0.000000 0.000000 1.000000
    outer loop
      vertex 3.604631 -8.312121 0.827762
      vertex 3.889087 -8.838835 0.500000
      vertex 3.889087 -8.838835 0.500000
    endloop
  endfacet
  facet normal -0.750608 -0.590214 0.297042
    outer loop
      vertex 3.604631 -8.312121 0.827762
      vertex 3.889087 -8.838835 0.500000
      vertex 3.790715 -8.498205 0.928242
    endloop
  endfacet
  facet normal 0.000000 0.000000 1.000000
    outer loop
      vertex 3.790715 -8.498205 0.928242
      vertex 3.889087 -8.838835 0.500000
      vertex 3.889087 -8.838835 0.500000
    endloop
  endfacet
  facet normal -0.690588 -0.634909 0.346380
    outer loop
      vertex 3.790715 -8.498205 0.928242
      vertex 3.889087 -8.838835 0.500000
      vertex 4.010216 -8.717706 0.963525
    endloop
  endfacet
  facet normal 0.000000 0.000000 1.000000
    outer loop
      vertex 4.010216 -8.717706 0.963525
      vertex 3.889087 -8.838835 0.500000
      vertex 3.889087 -8.838835 0.500000
    endloop
  endfacet
  facet normal -0.634909 -0.690588 0.346380
    outer loop
      vertex 4.010216 -8.717706 0.963525
      vertex 3.889087 -8.838835 0.500000
      vertex 4.229717 -8.937207 0.928242
    endloop
  endfacet
  facet normal 0.000000 0.000000 1.000000
    outer loop
      vertex 4.229717 -8.937207 0.928242
      vertex 3.889087 -8.838835 0.500000
      vertex 3.889087 -8.838835 0.500000
    endloop
  endfacet
  facet normal -0.590214 -0.750608 0.297042
    outer loop
      vertex 4.229717 -8.937207 0.928242
      vertex 3.889087 -8.838835 0.500000
      vertex 4.415801 -9.123291 0.827762
    endloop
  endfacet
  facet normal 0.000000 0.000000 1.000000
    outer loop
      vertex 4.415801 -9.123291 0.827762
      vertex 3.889087 -8.838835 0.500000
      vertex 3.889087 -8.838835 0.500000
    endloop
  endfacet
  facet normal -0.559670 -0.803764 0.201824
    outer loop
      vertex 4.415801 -9.123291 0.827762
      vertex 3.889087 -8.838835 0.500000
      vertex 4.540138 -9.247628 0.677384
    endloop
  endfacet
  facet normal 0.000000 0.000000 1.000000
    outer loop
      vertex 4.540138 -9.247628 0.677384
      vertex 3.889087 -8.838835 0.500000
      vertex 3.889087 -8.838835 0.500000
    endloop
  endfacet
  facet normal -0.544338 -0.835793 0.071739
    outer loop
      vertex 4.540138 -9.247628 0.677384
      vertex 3.889087 -8.838835 0.500000
      vertex 4.583800 -9.291289 0.500000
    endloop
  endfacet
  facet normal -0.558405 0.827553 0.057786
    outer loop
      vertex 4.335785 4.231323 0.500000
      vertex 3.878311 3.922636 0.500000
      vertex 3.916342 3.938389 0.641907
    endloop
  endfacet
  facet normal 0.000000 0.000000 1.000000
    outer loop
      vertex 4.335785 4.231323 0.500000
      vertex 3.916342 3.938389 0.641907
      vertex 4.335785 4.231323 0.500000
    endloop
  endfacet
  facet normal -0.527082 0.833931 0.163537
    outer loop
      vertex 4.335785 4.231323 0.500000
      vertex 3.916342 3.938389 0.641907
      vertex 4.024645 3.983249 0.762210
    endloop
  endfacet
  facet normal 0.000000 0.000000 1.000000
    outer loop
      vertex 4.335785 4.231323 0.500000
      vertex 4.024645 3.983249 0.762210
      vertex 4.335785 4.231323 0.500000
    endloop
  endfacet
  facet normal -0.471508 0.847828 0.242628
    outer loop
      vertex 4.335785 4.231323 0.500000
      vertex 4.024645 3.983249 0.762210
      vertex 4.186732 4.050388 0.842593
    endloop
  endfacet
  facet normal 0.000000 0.000000 1.000000
    outer loop
      vertex 4.335785 4.231323 0.500000
      vertex 4.186732 4.050388 0.842593
      vertex 4.335785 4.231323 0.500000
    endloop
  endfacet
  facet normal -0.402420 0.870136 0.284468
    outer loop
      vertex 4.335785 4.231323 0.500000
      vertex 4.186732 4.050388 0.842593
      vertex 4.377927 4.129583 0.870820
    endloop
  endfacet
  facet normal 0.000000 0.000000 1.000000
    outer loop
      vertex 4.335785 4.231323 0.500000
      vertex 4.377927 4.129583 0.870820
      vertex 4.335785 4.231323 0.500000
    endloop
  endfacet
  facet normal -0.330725 0.899833 0.284468
    outer loop
      vertex 4.335785 4.231323 0.500000
      vertex 4.377927 4.129583 0.870820
      vertex 4.569121 4.208778 0.842593
    endloop
  endfacet
  facet normal 0.000000 0.000000 1.000000
    outer loop
      vertex 4.335785 4.231323 0.500000
      vertex 4.569121 4.208778 0.842593
      vertex 4.335785 4.231323 0.500000
    endloop
  endfacet
  facet normal -0.266098 0.932911 0.242628
    outer loop
      vertex 4.335785 4.231323 0.500000
      vertex 4.569121 4.208778 0.842593
      vertex 4.731208 4.275917 0.762210
    endloop
  endfacet
  facet normal 0.000000 0.000000 1.000000
    outer loop
      vertex 4.335785 4.231323 0.500000
      vertex 4.731208 4.275917 0.762210
      vertex 4.335785 4.231323 0.500000
    endloop
  endfacet
  facet normal -0.216975 0.962381 0.163537
    outer loop
      vertex 4.335785 4.231323 0.500000
      vertex 4.731208 4.275917 0.762210
      vertex 4.839511 4.320778 0.641907
    endloop
  endfacet
  facet normal 0.000000 0.000000 1.000000
    outer loop
      vertex 4.335785 4.231323 0.500000
      vertex 4.839511 4.320778 0.641907
      vertex 4.335785 4.231323 0.500000
    endloop
  endfacet
  facet normal -0.190316 0.980021 0.057786
    outer loop
      vertex 4.335785 4.231323 0.500000
      vertex 4.839511 4.320778 0.641907
      vertex 4.877542 4.336530 0.500000
    endloop
  endfacet
  facet normal 0.000000 0.000000 1.000000
    outer loop
      vertex 4.335785 4.231323 0.500000
      vertex 4.877542 4.336530 0.500000
      vertex 4.335785 4.231323 0.500000
    endloop
  endfacet
  facet normal -0.816136 0.556126 0.156989
    outer loop
      vertex 3.878311 3.922636 0.500000
      vertex 3.549903 3.440684 0.500000
      vertex 3.622243 3.470648 0.769923
    endloop
  endfacet
  facet normal -0.816136 0.556126 0.156989
    outer loop
      vertex 3.878311 3.922636 0.500000
      vertex 3.622243 3.470648 0.769923
      vertex 3.916342 3.938389 0.641907
    endloop
  endfacet
  facet normal -0.707888 0.562142 0.427657
    outer loop
      vertex 3.916342 3.938389 0.641907
      vertex 3.622243 3.470648 0.769923
      vertex 3.828247 3.555978 0.998752
    endloop
  endfacet
  facet normal -0.707888 0.562142 0.427657
    outer loop
      vertex 3.916342 3.938389 0.641907
      vertex 3.828247 3.555978 0.998752
      vertex 4.024645 3.983249 0.762210
    endloop
  endfacet
  facet normal -0.541726 0.583800 0.604740
    outer loop
      vertex 4.024645 3.983249 0.762210
      vertex 3.828247 3.555978 0.998752
      vertex 4.136555 3.683683 1.151651
    endloop
  endfacet
  facet normal -0.541726 0.583800 0.604740
    outer loop
      vertex 4.024645 3.983249 0.762210
      vertex 4.136555 3.683683 1.151651
      vertex 4.186732 4.050388 0.842593
    endloop
  endfacet
  facet normal -0.362148 0.629178 0.687738
    outer loop
      vertex 4.186732 4.050388 0.842593
      vertex 4.136555 3.683683 1.151651
      vertex 4.500228 3.834321 1.205342
    endloop
  endfacet
  facet normal -0.362148 0.629178 0.687738
    outer loop
      vertex 4.186732 4.050388 0.842593
      vertex 4.500228 3.834321 1.205342
      vertex 4.377927 4.129583 0.870820
    endloop
  endfacet
  facet normal -0.188819 0.700974 0.687738
    outer loop
      vertex 4.377927 4.129583 0.870820
      vertex 4.500228 3.834321 1.205342
      vertex 4.863902 3.984960 1.151651
    endloop
  endfacet
  facet normal -0.188819 0.700974 0.687738
    outer loop
      vertex 4.377927 4.129583 0.870820
      vertex 4.863902 3.984960 1.151651
      vertex 4.569121 4.208778 0.842593
    endloop
  endfacet
  facet normal -0.029750 0.795867 0.604740
    outer loop
      vertex 4.569121 4.208778 0.842593
      vertex 4.863902 3.984960 1.151651
      vertex 5.172209 4.112665 0.998752
    endloop
  endfacet
  facet normal -0.029750 0.795867 0.604740
    outer loop
      vertex 4.569121 4.208778 0.842593
      vertex 5.172209 4.112665 0.998752
      vertex 4.731208 4.275917 0.762210
    endloop
  endfacet
  facet normal 0.103058 0.898047 0.427657
    outer loop
      vertex 4.731208 4.275917 0.762210
      vertex 5.172209 4.112665 0.998752
      vertex 5.378214 4.197995 0.769923
    endloop
  endfacet
  facet normal 0.103058 0.898047 0.427657
    outer loop
      vertex 4.731208 4.275917 0.762210
      vertex 5.378214 4.197995 0.769923
      vertex 4.839511 4.320778 0.641907
    endloop
  endfacet
  facet normal 0.183855 0.970336 0.156989
    outer loop
      vertex 4.839511 4.320778 0.641907
      vertex 5.378214 4.197995 0.769923
      vertex 5.450553 4.227959 0.500000
    endloop
  endfacet
  facet normal 0.183855 0.970336 0.156989
    outer loop
      vertex 4.839511 4.320778 0.641907
      vertex 5.450553 4.227959 0.500000
      vertex 4.877542 4.336530 0.500000
    endloop
  endfacet
  facet normal -0.939887 0.258447 0.223199
    outer loop
      vertex 3.549903 3.440684 0.500000
      vertex 3.382707 2.832645 0.500000
      vertex 3.482273 2.873887 0.871517
    endloop
  endfacet
  facet normal -0.939887 0.258447 0.223199
    outer loop
      vertex 3.549903 3.440684 0.500000
      vertex 3.482273 2.873887 0.871517
      vertex 3.622243 3.470648 0.769923
    endloop
  endfacet
  facet normal -0.763139 0.278286 0.583246
    outer loop
      vertex 3.622243 3.470648 0.769923
      vertex 3.482273 2.873887 0.871517
      vertex 3.765814 2.991333 1.186474
    endloop
  endfacet
  facet normal -0.763139 0.278286 0.583246
    outer loop
      vertex 3.622243 3.470648 0.769923
      vertex 3.765814 2.991333 1.186474
      vertex 3.828247 3.555978 0.998752
    endloop
  endfacet
  facet normal -0.524046 0.320308 0.789163
    outer loop
      vertex 3.828247 3.555978 0.998752
      vertex 3.765814 2.991333 1.186474
      vertex 4.190163 3.167104 1.396921
    endloop
  endfacet
  facet normal -0.524046 0.320308 0.789163
    outer loop
      vertex 3.828247 3.555978 0.998752
      vertex 4.190163 3.167104 1.396921
      vertex 4.136555 3.683683 1.151651
    endloop
  endfacet
  facet normal -0.289189 0.385926 0.876031
    outer loop
      vertex 4.136555 3.683683 1.151651
      vertex 4.190163 3.167104 1.396921
      vertex 4.690717 3.374441 1.470820
    endloop
  endfacet
  facet normal -0.289189 0.385926 0.876031
    outer loop
      vertex 4.136555 3.683683 1.151651
      vertex 4.690717 3.374441 1.470820
      vertex 4.500228 3.834321 1.205342
    endloop
  endfacet
  facet normal -0.068404 0.477378 0.876031
    outer loop
      vertex 4.500228 3.834321 1.205342
      vertex 4.690717 3.374441 1.470820
      vertex 5.191271 3.581777 1.396921
    endloop
  endfacet
  facet normal -0.068404 0.477378 0.876031
    outer loop
      vertex 4.500228 3.834321 1.205342
      vertex 5.191271 3.581777 1.396921
      vertex 4.863902 3.984960 1.151651
    endloop
  endfacet
  facet normal 0.144064 0.597049 0.789163
    outer loop
      vertex 4.863902 3.984960 1.151651
      vertex 5.191271 3.581777 1.396921
      vertex 5.615620 3.757548 1.186474
    endloop
  endfacet
  facet normal 0.144064 0.597049 0.789163
    outer loop
      vertex 4.863902 3.984960 1.151651
      vertex 5.615620 3.757548 1.186474
      vertex 5.172209 4.112665 0.998752
    endloop
  endfacet
  facet normal 0.342843 0.736398 0.583246
    outer loop
      vertex 5.172209 4.112665 0.998752
      vertex 5.615620 3.757548 1.186474
      vertex 5.899161 3.874994 0.871517
    endloop
  endfacet
  facet normal 0.342843 0.736398 0.583246
    outer loop
      vertex 5.172209 4.112665 0.998752
      vertex 5.899161 3.874994 0.871517
      vertex 5.378214 4.197995 0.769923
    endloop
  endfacet
  facet normal 0.481851 0.847350 0.223199
    outer loop
      vertex 5.378214 4.197995 0.769923
      vertex 5.899161 3.874994 0.871517
      vertex 5.998727 3.916236 0.500000
    endloop
  endfacet
  facet normal 0.481851 0.847350 0.223199
    outer loop
      vertex 5.378214 4.197995 0.769923
      vertex 5.998727 3.916236 0.500000
      vertex 5.450553 4.227959 0.500000
    endloop
  endfacet
  facet normal -0.965393 -0.014857 0.260374
    outer loop
      vertex 3.382707 2.832645 0.500000
      vertex 3.393089 2.158038 0.500000
      vertex 3.510136 2.206521 0.936744
    endloop
  endfacet
  facet normal -0.965393 -0.014857 0.260374
    outer loop
      vertex 3.382707 2.832645 0.500000
      vertex 3.510136 2.206521 0.936744
      vertex 3.482273 2.873887 0.871517
    endloop
  endfacet
  facet normal -0.748949 0.033413 0.661784
    outer loop
      vertex 3.482273 2.873887 0.871517
      vertex 3.510136 2.206521 0.936744
      vertex 3.843459 2.344587 1.306998
    endloop
  endfacet
  facet normal -0.748949 0.033413 0.661784
    outer loop
      vertex 3.482273 2.873887 0.871517
      vertex 3.843459 2.344587 1.306998
      vertex 3.765814 2.991333 1.186474
    endloop
  endfacet
  facet normal -0.476530 0.105444 0.872812
    outer loop
      vertex 3.765814 2.991333 1.186474
      vertex 3.843459 2.344587 1.306998
      vertex 4.342311 2.551219 1.554394
    endloop
  endfacet
  facet normal -0.476530 0.105444 0.872812
    outer loop
      vertex 3.765814 2.991333 1.186474
      vertex 4.342311 2.551219 1.554394
      vertex 4.190163 3.167104 1.396921
    endloop
  endfacet
  facet normal -0.220060 0.190264 0.956751
    outer loop
      vertex 4.190163 3.167104 1.396921
      vertex 4.342311 2.551219 1.554394
      vertex 4.930747 2.794957 1.641268
    endloop
  endfacet
  facet normal -0.220060 0.190264 0.956751
    outer loop
      vertex 4.190163 3.167104 1.396921
      vertex 4.930747 2.794957 1.641268
      vertex 4.690717 3.374441 1.470820
    endloop
  endfacet
  facet normal 0.021069 0.290143 0.956751
    outer loop
      vertex 4.690717 3.374441 1.470820
      vertex 4.930747 2.794957 1.641268
      vertex 5.519183 3.038695 1.554394
    endloop
  endfacet
  facet normal 0.021069 0.290143 0.956751
    outer loop
      vertex 4.690717 3.374441 1.470820
      vertex 5.519183 3.038695 1.554394
      vertex 5.191271 3.581777 1.396921
    endloop
  endfacet
  facet normal 0.262398 0.411518 0.872812
    outer loop
      vertex 5.191271 3.581777 1.396921
      vertex 5.519183 3.038695 1.554394
      vertex 6.018035 3.245326 1.306998
    endloop
  endfacet
  facet normal 0.262398 0.411518 0.872812
    outer loop
      vertex 5.191271 3.581777 1.396921
      vertex 6.018035 3.245326 1.306998
      vertex 5.615620 3.757548 1.186474
    endloop
  endfacet
  facet normal 0.505961 0.553213 0.661784
    outer loop
      vertex 5.615620 3.757548 1.186474
      vertex 6.018035 3.245326 1.306998
      vertex 6.351358 3.383393 0.936744
    endloop
  endfacet
  facet normal 0.505961 0.553213 0.661784
    outer loop
      vertex 5.615620 3.757548 1.186474
      vertex 6.351358 3.383393 0.936744
      vertex 5.899161 3.874994 0.871517
    endloop
  endfacet
  facet normal 0.693142 0.672131 0.260374
    outer loop
      vertex 5.899161 3.874994 0.871517
      vertex 6.351358 3.383393 0.936744
      vertex 6.468405 3.431876 0.500000
    endloop
  endfacet
  facet normal 0.693142 0.672131 0.260374
    outer loop
      vertex 5.899161 3.874994 0.871517
      vertex 6.468405 3.431876 0.500000
      vertex 5.998727 3.916236 0.500000
    endloop
  endfacet
  facet normal -0.926118 -0.256439 0.276666
    outer loop
      vertex 3.393089 2.158038 0.500000
      vertex 3.580033 1.482898 0.500000
      vertex 3.703104 1.533876 0.959220
    endloop
  endfacet
  facet normal -0.926118 -0.256439 0.276666
    outer loop
      vertex 3.393089 2.158038 0.500000
      vertex 3.703104 1.533876 0.959220
      vertex 3.510136 2.206521 0.936744
    endloop
  endfacet
  facet normal -0.697745 -0.176974 0.694141
    outer loop
      vertex 3.510136 2.206521 0.936744
      vertex 3.703104 1.533876 0.959220
      vertex 4.053580 1.679048 1.348528
    endloop
  endfacet
  facet normal -0.697745 -0.176974 0.694141
    outer loop
      vertex 3.510136 2.206521 0.936744
      vertex 4.053580 1.679048 1.348528
      vertex 3.843459 2.344587 1.306998
    endloop
  endfacet
  facet normal -0.417787 -0.075404 0.905411
    outer loop
      vertex 3.843459 2.344587 1.306998
      vertex 4.053580 1.679048 1.348528
      vertex 4.578104 1.896313 1.608655
    endloop
  endfacet
  facet normal -0.417787 -0.075404 0.905411
    outer loop
      vertex 3.843459 2.344587 1.306998
      vertex 4.578104 1.896313 1.608655
      vertex 4.342311 2.551219 1.554394
    endloop
  endfacet
  facet normal -0.156341 0.025518 0.987373
    outer loop
      vertex 4.342311 2.551219 1.554394
      vertex 4.578104 1.896313 1.608655
      vertex 5.196822 2.152594 1.700000
    endloop
  endfacet
  facet normal -0.156341 0.025518 0.987373
    outer loop
      vertex 4.342311 2.551219 1.554394
      vertex 5.196822 2.152594 1.700000
      vertex 4.930747 2.794957 1.641268
    endloop
  endfacet
  facet normal 0.092506 0.128594 0.987373
    outer loop
      vertex 4.930747 2.794957 1.641268
      vertex 5.196822 2.152594 1.700000
      vertex 5.815541 2.408876 1.608655
    endloop
  endfacet
  facet normal 0.092506 0.128594 0.987373
    outer loop
      vertex 4.930747 2.794957 1.641268
      vertex 5.815541 2.408876 1.608655
      vertex 5.519183 3.038695 1.554394
    endloop
  endfacet
  facet normal 0.348739 0.242102 0.905411
    outer loop
      vertex 5.519183 3.038695 1.554394
      vertex 5.815541 2.408876 1.608655
      vertex 6.340065 2.626141 1.348528
    endloop
  endfacet
  facet normal 0.348739 0.242102 0.905411
    outer loop
      vertex 5.519183 3.038695 1.554394
      vertex 6.340065 2.626141 1.348528
      vertex 6.018035 3.245326 1.306998
    endloop
  endfacet
  facet normal 0.618520 0.368241 0.694141
    outer loop
      vertex 6.018035 3.245326 1.306998
      vertex 6.340065 2.626141 1.348528
      vertex 6.690541 2.771313 0.959220
    endloop
  endfacet
  facet normal 0.618520 0.368241 0.694141
    outer loop
      vertex 6.018035 3.245326 1.306998
      vertex 6.690541 2.771313 0.959220
      vertex 6.351358 3.383393 0.936744
    endloop
  endfacet
  facet normal 0.836194 0.473535 0.276666
    outer loop
      vertex 6.351358 3.383393 0.936744
      vertex 6.690541 2.771313 0.959220
      vertex 6.813612 2.822290 0.500000
    endloop
  endfacet
  facet normal 0.836194 0.473535 0.276666
    outer loop
      vertex 6.351358 3.383393 0.936744
      vertex 6.813612 2.822290 0.500000
      vertex 6.468405 3.431876 0.500000
    endloop
  endfacet
  facet normal -0.836194 -0.473535 0.276666
    outer loop
      vertex 3.580033 1.482898 0.500000
      vertex 3.925240 0.873313 0.500000
      vertex 4.042287 0.921796 0.936744
    endloop
  endfacet
  facet normal -0.836194 -0.473535 0.276666
    outer loop
      vertex 3.580033 1.482898 0.500000
      vertex 4.042287 0.921796 0.936744
      vertex 3.703104 1.533876 0.959220
    endloop
  endfacet
  facet normal -0.618520 -0.368241 0.694141
    outer loop
      vertex 3.703104 1.533876 0.959220
      vertex 4.042287 0.921796 0.936744
      vertex 4.375609 1.059862 1.306998
    endloop
  endfacet
  facet normal -0.618520 -0.368241 0.694141
    outer loop
      vertex 3.703104 1.533876 0.959220
      vertex 4.375609 1.059862 1.306998
      vertex 4.053580 1.679048 1.348528
    endloop
  endfacet
  facet normal -0.348739 -0.242102 0.905411
    outer loop
      vertex 4.053580 1.679048 1.348528
      vertex 4.375609 1.059862 1.306998
      vertex 4.874461 1.266493 1.554394
    endloop
  endfacet
  facet normal -0.348739 -0.242102 0.905411
    outer loop
      vertex 4.053580 1.679048 1.348528
      vertex 4.874461 1.266493 1.554394
      vertex 4.578104 1.896313 1.608655
    endloop
  endfacet
  facet normal -0.092506 -0.128594 0.987373
    outer loop
      vertex 4.578104 1.896313 1.608655
      vertex 4.874461 1.266493 1.554394
      vertex 5.462898 1.510232 1.641268
    endloop
  endfacet
  facet normal -0.092506 -0.128594 0.987373
    outer loop
      vertex 4.578104 1.896313 1.608655
      vertex 5.462898 1.510232 1.641268
      vertex 5.196822 2.152594 1.700000
    endloop
  endfacet
  facet normal 0.156341 -0.025518 0.987373
    outer loop
      vertex 5.196822 2.152594 1.700000
      vertex 5.462898 1.510232 1.641268
      vertex 6.051334 1.753970 1.554394
    endloop
  endfacet
  facet normal 0.156341 -0.025518 0.987373
    outer loop
      vertex 5.196822 2.152594 1.700000
      vertex 6.051334 1.753970 1.554394
      vertex 5.815541 2.408876 1.608655
    endloop
  endfacet
  facet normal 0.417787 0.075404 0.905411
    outer loop
      vertex 5.815541 2.408876 1.608655
      vertex 6.051334 1.753970 1.554394
      vertex 6.550186 1.960601 1.306998
    endloop
  endfacet
  facet normal 0.417787 0.075404 0.905411
    outer loop
      vertex 5.815541 2.408876 1.608655
      vertex 6.550186 1.960601 1.306998
      vertex 6.340065 2.626141 1.348528
    endloop
  endfacet
  facet normal 0.697745 0.176974 0.694141
    outer loop
      vertex 6.340065 2.626141 1.348528
      vertex 6.550186 1.960601 1.306998
      vertex 6.883508 2.098668 0.936744
    endloop
  endfacet
  facet normal 0.697745 0.176974 0.694141
    outer loop
      vertex 6.340065 2.626141 1.348528
      vertex 6.883508 2.098668 0.936744
      vertex 6.690541 2.771313 0.959220
    endloop
  endfacet
  facet normal 0.926118 0.256439 0.276666
    outer loop
      vertex 6.690541 2.771313 0.959220
      vertex 6.883508 2.098668 0.936744
      vertex 7.000556 2.147150 0.500000
    endloop
  endfacet
  facet normal 0.926118 0.256439 0.276666
    outer loop
      vertex 6.690541 2.771313 0.959220
      vertex 7.000556 2.147150 0.500000
      vertex 6.813612 2.822290 0.500000
    endloop
  endfacet
  facet normal -0.693142 -0.672131 0.260374
    outer loop
      vertex 3.925240 0.873313 0.500000
      vertex 4.394918 0.388953 0.500000
      vertex 4.494484 0.430194 0.871517
    endloop
  endfacet
  facet normal -0.693142 -0.672131 0.260374
    outer loop
      vertex 3.925240 0.873313 0.500000
      vertex 4.494484 0.430194 0.871517
      vertex 4.042287 0.921796 0.936744
    endloop
  endfacet
  facet normal -0.505961 -0.553213 0.661784
    outer loop
      vertex 4.042287 0.921796 0.936744
      vertex 4.494484 0.430194 0.871517
      vertex 4.778025 0.547641 1.186474
    endloop
  endfacet
  facet normal -0.505961 -0.553213 0.661784
    outer loop
      vertex 4.042287 0.921796 0.936744
      vertex 4.778025 0.547641 1.186474
      vertex 4.375609 1.059862 1.306998
    endloop
  endfacet
  facet normal -0.262398 -0.411518 0.872812
    outer loop
      vertex 4.375609 1.059862 1.306998
      vertex 4.778025 0.547641 1.186474
      vertex 5.202374 0.723412 1.396921
    endloop
  endfacet
  facet normal -0.262398 -0.411518 0.872812
    outer loop
      vertex 4.375609 1.059862 1.306998
      vertex 5.202374 0.723412 1.396921
      vertex 4.874461 1.266493 1.554394
    endloop
  endfacet
  facet normal -0.021069 -0.290143 0.956751
    outer loop
      vertex 4.874461 1.266493 1.554394
      vertex 5.202374 0.723412 1.396921
      vertex 5.702928 0.930748 1.470820
    endloop
  endfacet
  facet normal -0.021069 -0.290143 0.956751
    outer loop
      vertex 4.874461 1.266493 1.554394
      vertex 5.702928 0.930748 1.470820
      vertex 5.462898 1.510232 1.641268
    endloop
  endfacet
  facet normal 0.220060 -0.190264 0.956751
    outer loop
      vertex 5.462898 1.510232 1.641268
      vertex 5.702928 0.930748 1.470820
      vertex 6.203481 1.138084 1.396921
    endloop
  endfacet
  facet normal 0.220060 -0.190264 0.956751
    outer loop
      vertex 5.462898 1.510232 1.641268
      vertex 6.203481 1.138084 1.396921
      vertex 6.051334 1.753970 1.554394
    endloop
  endfacet
  facet normal 0.476530 -0.105444 0.872812
    outer loop
      vertex 6.051334 1.753970 1.554394
      vertex 6.203481 1.138084 1.396921
      vertex 6.627830 1.313855 1.186474
    endloop
  endfacet
  facet normal 0.476530 -0.105444 0.872812
    outer loop
      vertex 6.051334 1.753970 1.554394
      vertex 6.627830 1.313855 1.186474
      vertex 6.550186 1.960601 1.306998
    endloop
  endfacet
  facet normal 0.748949 -0.033413 0.661784
    outer loop
      vertex 6.550186 1.960601 1.306998
      vertex 6.627830 1.313855 1.186474
      vertex 6.911371 1.431302 0.871517
    endloop
  endfacet
  facet normal 0.748949 -0.033413 0.661784
    outer loop
      vertex 6.550186 1.960601 1.306998
      vertex 6.911371 1.431302 0.871517
      vertex 6.883508 2.098668 0.936744
    endloop
  endfacet
  facet normal 0.965393 0.014857 0.260374
    outer loop
      vertex 6.883508 2.098668 0.936744
      vertex 6.911371 1.431302 0.871517
      vertex 7.010938 1.472544 0.500000
    endloop
  endfacet
  facet normal 0.965393 0.014857 0.260374
    outer loop
      vertex 6.883508 2.098668 0.936744
      vertex 7.010938 1.472544 0.500000
      vertex 7.000556 2.147150 0.500000
    endloop
  endfacet
  facet normal -0.481851 -0.847350 0.223199
    outer loop
      vertex 4.394918 0.388953 0.500000
      vertex 4.943092 0.077230 0.500000
      vertex 5.015431 0.107194 0.769923
    endloop
  endfacet
  facet normal -0.481851 -0.847350 0.223199
    outer loop
      vertex 4.394918 0.388953 0.500000
      vertex 5.015431 0.107194 0.769923
      vertex 4.494484 0.430194 0.871517
    endloop
  endfacet
  facet normal -0.342843 -0.736398 0.583246
    outer loop
      vertex 4.494484 0.430194 0.871517
      vertex 5.015431 0.107194 0.769923
      vertex 5.221435 0.192524 0.998752
    endloop
  endfacet
  facet normal -0.342843 -0.736398 0.583246
    outer loop
      vertex 4.494484 0.430194 0.871517
      vertex 5.221435 0.192524 0.998752
      vertex 4.778025 0.547641 1.186474
    endloop
  endfacet
  facet normal -0.144064 -0.597049 0.789163
    outer loop
      vertex 4.778025 0.547641 1.186474
      vertex 5.221435 0.192524 0.998752
      vertex 5.529743 0.320229 1.151651
    endloop
  endfacet
  facet normal -0.144064 -0.597049 0.789163
    outer loop
      vertex 4.778025 0.547641 1.186474
      vertex 5.529743 0.320229 1.151651
      vertex 5.202374 0.723412 1.396921
    endloop
  endfacet
  facet normal 0.068404 -0.477378 0.876031
    outer loop
      vertex 5.202374 0.723412 1.396921
      vertex 5.529743 0.320229 1.151651
      vertex 5.893417 0.470867 1.205342
    endloop
  endfacet
  facet normal 0.068404 -0.477378 0.876031
    outer loop
      vertex 5.202374 0.723412 1.396921
      vertex 5.893417 0.470867 1.205342
      vertex 5.702928 0.930748 1.470820
    endloop
  endfacet
  facet normal 0.289189 -0.385926 0.876031
    outer loop
      vertex 5.702928 0.930748 1.470820
      vertex 5.893417 0.470867 1.205342
      vertex 6.257090 0.621506 1.151651
    endloop
  endfacet
  facet normal 0.289189 -0.385926 0.876031
    outer loop
      vertex 5.702928 0.930748 1.470820
      vertex 6.257090 0.621506 1.151651
      vertex 6.203481 1.138084 1.396921
    endloop
  endfacet
  facet normal 0.524046 -0.320308 0.789163
    outer loop
      vertex 6.203481 1.138084 1.396921
      vertex 6.257090 0.621506 1.151651
      vertex 6.565398 0.749211 0.998752
    endloop
  endfacet
  facet normal 0.524046 -0.320308 0.789163
    outer loop
      vertex 6.203481 1.138084 1.396921
      vertex 6.565398 0.749211 0.998752
      vertex 6.627830 1.313855 1.186474
    endloop
  endfacet
  facet normal 0.763139 -0.278286 0.583246
    outer loop
      vertex 6.627830 1.313855 1.186474
      vertex 6.565398 0.749211 0.998752
      vertex 6.771402 0.834541 0.769923
    endloop
  endfacet
  facet normal 0.763139 -0.278286 0.583246
    outer loop
      vertex 6.627830 1.313855 1.186474
      vertex 6.771402 0.834541 0.769923
      vertex 6.911371 1.431302 0.871517
    endloop
  endfacet
  facet normal 0.939887 -0.258447 0.223199
    outer loop
      vertex 6.911371 1.431302 0.871517
      vertex 6.771402 0.834541 0.769923
      vertex 6.843741 0.864505 0.500000
    endloop
  endfacet
  facet normal 0.939887 -0.258447 0.223199
    outer loop
      vertex 6.911371 1.431302 0.871517
      vertex 6.843741 0.864505 0.500000
      vertex 7.010938 1.472544 0.500000
    endloop
  endfacet
  facet normal -0.183855 -0.970336 0.156989
    outer loop
      vertex 4.943092 0.077230 0.500000
      vertex 5.516103 -0.031342 0.500000
      vertex 5.554134 -0.015589 0.641907
    endloop
  endfacet
  facet normal -0.183855 -0.970336 0.156989
    outer loop
      vertex 4.943092 0.077230 0.500000
      vertex 5.554134 -0.015589 0.641907
      vertex 5.015431 0.107194 0.769923
    endloop
  endfacet
  facet normal -0.103058 -0.898047 0.427657
    outer loop
      vertex 5.015431 0.107194 0.769923
      vertex 5.554134 -0.015589 0.641907
      vertex 5.662437 0.029272 0.762210
    endloop
  endfacet
  facet normal -0.103058 -0.898047 0.427657
    outer loop
      vertex 5.015431 0.107194 0.769923
      vertex 5.662437 0.029272 0.762210
      vertex 5.221435 0.192524 0.998752
    endloop
  endfacet
  facet normal 0.029750 -0.795867 0.604740
    outer loop
      vertex 5.221435 0.192524 0.998752
      vertex 5.662437 0.029272 0.762210
      vertex 5.824523 0.096410 0.842593
    endloop
  endfacet
  facet normal 0.029750 -0.795867 0.604740
    outer loop
      vertex 5.221435 0.192524 0.998752
      vertex 5.824523 0.096410 0.842593
      vertex 5.529743 0.320229 1.151651
    endloop
  endfacet
  facet normal 0.188819 -0.700974 0.687738
    outer loop
      vertex 5.529743 0.320229 1.151651
      vertex 5.824523 0.096410 0.842593
      vertex 6.015718 0.175606 0.870820
    endloop
  endfacet
  facet normal 0.188819 -0.700974 0.687738
    outer loop
      vertex 5.529743 0.320229 1.151651
      vertex 6.015718 0.175606 0.870820
      vertex 5.893417 0.470867 1.205342
    endloop
  endfacet
  facet normal 0.362148 -0.629178 0.687738
    outer loop
      vertex 5.893417 0.470867 1.205342
      vertex 6.015718 0.175606 0.870820
      vertex 6.206912 0.254801 0.842593
    endloop
  endfacet
  facet normal 0.362148 -0.629178 0.687738
    outer loop
      vertex 5.893417 0.470867 1.205342
      vertex 6.206912 0.254801 0.842593
      vertex 6.257090 0.621506 1.151651
    endloop
  endfacet
  facet normal 0.541726 -0.583800 0.604740
    outer loop
      vertex 6.257090 0.621506 1.151651
      vertex 6.206912 0.254801 0.842593
      vertex 6.368999 0.321940 0.762210
    endloop
  endfacet
  facet normal 0.541726 -0.583800 0.604740
    outer loop
      vertex 6.257090 0.621506 1.151651
      vertex 6.368999 0.321940 0.762210
      vertex 6.565398 0.749211 0.998752
    endloop
  endfacet
  facet normal 0.707888 -0.562142 0.427657
    outer loop
      vertex 6.565398 0.749211 0.998752
      vertex 6.368999 0.321940 0.762210
      vertex 6.477302 0.366800 0.641907
    endloop
  endfacet
  facet normal 0.707888 -0.562142 0.427657
    outer loop
      vertex 6.565398 0.749211 0.998752
      vertex 6.477302 0.366800 0.641907
      vertex 6.771402 0.834541 0.769923
    endloop
  endfacet
  facet normal 0.816136 -0.556126 0.156989
    outer loop
      vertex 6.771402 0.834541 0.769923
      vertex 6.477302 0.366800 0.641907
      vertex 6.515333 0.382553 0.500000
    endloop
  endfacet
  facet normal 0.816136 -0.556126 0.156989
    outer loop
      vertex 6.771402 0.834541 0.769923
      vertex 6.515333 0.382553 0.500000
      vertex 6.843741 0.864505 0.500000
    endloop
  endfacet
  facet normal 0.000000 0.000000 1.000000
    outer loop
      vertex 5.516103 -0.031342 0.500000
      vertex 6.057860 0.073865 0.500000
      vertex 6.057860 0.073865 0.500000
    endloop
  endfacet
  facet normal 0.190316 -0.980021 0.057786
    outer loop
      vertex 5.516103 -0.031342 0.500000
      vertex 6.057860 0.073865 0.500000
      vertex 5.554134 -0.015589 0.641907
    endloop
  endfacet
  facet normal 0.000000 0.000000 1.000000
    outer loop
      vertex 5.554134 -0.015589 0.641907
      vertex 6.057860 0.073865 0.500000
      vertex 6.057860 0.073865 0.500000
    endloop
  endfacet
  facet normal 0.216975 -0.962381 0.163537
    outer loop
      vertex 5.554134 -0.015589 0.641907
      vertex 6.057860 0.073865 0.500000
      vertex 5.662437 0.029272 0.762210
    endloop
  endfacet
  facet normal 0.000000 0.000000 1.000000
    outer loop
      vertex 5.662437 0.029272 0.762210
      vertex 6.057860 0.073865 0.500000
      vertex 6.057860 0.073865 0.500000
    endloop
  endfacet
  facet normal 0.266098 -0.932911 0.242628
    outer loop
      vertex 5.662437 0.029272 0.762210
      vertex 6.057860 0.073865 0.500000
      vertex 5.824523 0.096410 0.842593
    endloop
  endfacet
  facet normal 0.000000 0.000000 1.000000
    outer loop
      vertex 5.824523 0.096410 0.842593
      vertex 6.057860 0.073865 0.500000
      vertex 6.057860 0.073865 0.500000
    endloop
  endfacet
  facet normal 0.330725 -0.899833 0.284468
    outer loop
      vertex 5.824523 0.096410 0.842593
      vertex 6.057860 0.073865 0.500000
      vertex 6.015718 0.175606 0.870820
    endloop
  endfacet
  facet normal 0.000000 0.000000 1.000000
    outer loop
      vertex 6.015718 0.175606 0.870820
      vertex 6.057860 0.073865 0.500000
      vertex 6.057860 0.073865 0.500000
    endloop
  endfacet
  facet normal 0.402420 -0.870136 0.284468
    outer loop
      vertex 6.015718 0.175606 0.870820
      vertex 6.057860 0.073865 0.500000
      vertex 6.206912 0.254801 0.842593
    endloop
  endfacet
  facet normal 0.000000 0.000000 1.000000
    outer loop
      vertex 6.206912 0.254801 0.842593
      vertex 6.057860 0.073865 0.500000
      vertex 6.057860 0.073865 0.500000
    endloop
  endfacet
  facet normal 0.471508 -0.847828 0.242628
    outer loop
      vertex 6.206912 0.254801 0.842593
      vertex 6.057860 0.073865 0.500000
      vertex 6.368999 0.321940 0.762210
    endloop
  endfacet
  facet normal 0.000000 0.000000 1.000000
    outer loop
      vertex 6.368999 0.321940 0.762210
      vertex 6.057860 0.073865 0.500000
      vertex 6.057860 0.073865 0.500000
    endloop
  endfacet
  facet normal 0.527082 -0.833931 0.163537
    outer loop
      vertex 6.368999 0.321940 0.762210
      vertex 6.057860 0.073865 0.500000
      vertex 6.477302 0.366800 0.641907
    endloop
  endfacet
  facet normal 0.000000 0.000000 1.000000
    outer loop
      vertex 6.477302 0.366800 0.641907
      vertex 6.057860 0.073865 0.500000
      vertex 6.057860 0.073865 0.500000
    endloop
  endfacet
  facet normal 0.558405 -0.827553 0.057786
    outer loop
      vertex 6.477302 0.366800 0.641907
      vertex 6.057860 0.073865 0.500000
      vertex 6.515333 0.382553 0.500000
    endloop
  endfacet
  facet normal -0.980021 0.190316 0.057786
    outer loop
      vertex 0.073865 6.057860 0.500000
      vertex -0.031342 5.516103 0.500000
      vertex -0.015589 5.554134 0.641907
    endloop
  endfacet
  facet normal 0.000000 0.000000 1.000000
    outer loop
      vertex 0.073865 6.057860 0.500000
      vertex -0.015589 5.554134 0.641907
      vertex 0.073865 6.057860 0.500000
    endloop
  endfacet
  facet normal -0.962381 0.216975 0.163537
    outer loop
      vertex 0.073865 6.057860 0.500000
      vertex -0.015589 5.554134 0.641907
      vertex 0.029272 5.662437 0.762210
    endloop
  endfacet
  facet normal 0.000000 0.000000 1.000000
    outer loop
      vertex 0.073865 6.057860 0.500000
      vertex 0.029272 5.662437 0.762210
      vertex 0.073865 6.057860 0.500000
    endloop
  endfacet
  facet normal -0.932911 0.266098 0.242628
    outer loop
      vertex 0.073865 6.057860 0.500000
      vertex 0.029272 5.662437 0.762210
      vertex 0.096410 5.824523 0.842593
    endloop
  endfacet
  facet normal 0.000000 0.000000 1.000000
    outer loop
      vertex 0.073865 6.057860 0.500000
      vertex 0.096410 5.824523 0.842593
      vertex 0.073865 6.057860 0.500000
    endloop
  endfacet
  facet normal -0.899833 0.330725 0.284468
    outer loop
      vertex 0.073865 6.057860 0.500000
      vertex 0.096410 5.824523 0.842593
      vertex 0.175606 6.015718 0.870820
    endloop
  endfacet
  facet normal 0.000000 0.000000 1.000000
    outer loop
      vertex 0.073865 6.057860 0.500000
      vertex 0.175606 6.015718 0.870820
      vertex 0.073865 6.057860 0.500000
    endloop
  endfacet
  facet normal -0.870136 0.402420 0.284468
    outer loop
      vertex 0.073865 6.057860 0.500000
      vertex 0.175606 6.015718 0.870820
      vertex 0.254801 6.206912 0.842593
    endloop
  endfacet
  facet normal 0.000000 0.000000 1.000000
    outer loop
      vertex 0.073865 6.057860 0.500000
      vertex 0.254801 6.206912 0.842593
      vertex 0.073865 6.057860 0.500000
    endloop
  endfacet
  facet normal -0.847828 0.471508 0.242628
    outer loop
      vertex 0.073865 6.057860 0.500000
      vertex 0.254801 6.206912 0.842593
      vertex 0.321940 6.368999 0.762210
    endloop
  endfacet
  facet normal 0.000000 0.000000 1.000000
    outer loop
      vertex 0.073865 6.057860 0.500000
      vertex 0.321940 6.368999 0.762210
      vertex 0.073865 6.057860 0.500000
    endloop
  endfacet
  facet normal -0.833931 0.527082 0.163537
    outer loop
      vertex 0.073865 6.057860 0.500000
      vertex 0.321940 6.368999 0.762210
      vertex 0.366800 6.477302 0.641907
    endloop
  endfacet
  facet normal 0.000000 0.000000 1.000000
    outer loop
      vertex 0.073865 6.057860 0.500000
      vertex 0.366800 6.477302 0.641907
      vertex 0.073865 6.057860 0.500000
    endloop
  endfacet
  facet normal -0.827553 0.558405 0.057786
    outer loop
      vertex 0.073865 6.057860 0.500000
      vertex 0.366800 6.477302 0.641907
      vertex 0.382553 6.515333 0.500000
    endloop
  endfacet
  facet normal 0.000000 0.000000 1.000000
    outer loop
      vertex 0.073865 6.057860 0.500000
      vertex 0.382553 6.515333 0.500000
      vertex 0.073865 6.057860 0.500000
    endloop
  endfacet
  facet normal -0.970336 -0.183855 0.156989
    outer loop
      vertex -0.031342 5.516103 0.500000
      vertex 0.077230 4.943092 0.500000
      vertex 0.107194 5.015431 0.769923
    endloop
  endfacet
  facet normal -0.970336 -0.183855 0.156989
    outer loop
      vertex -0.031342 5.516103 0.500000
      vertex 0.107194 5.015431 0.769923
      vertex -0.015589 5.554134 0.641907
    endloop
  endfacet
  facet normal -0.898047 -0.103058 0.427657
    outer loop
      vertex -0.015589 5.554134 0.641907
      vertex 0.107194 5.015431 0.769923
      vertex 0.192524 5.221435 0.998752
    endloop
  endfacet
  facet normal -0.898047 -0.103058 0.427657
    outer loop
      vertex -0.015589 5.554134 0.641907
      vertex 0.192524 5.221435 0.998752
      vertex 0.029272 5.662437 0.762210
    endloop
  endfacet
  facet normal -0.795867 0.029750 0.604740
    outer loop
      vertex 0.029272 5.662437 0.762210
      vertex 0.192524 5.221435 0.998752
      vertex 0.320229 5.529743 1.151651
    endloop
  endfacet
  facet normal -0.795867 0.029750 0.604740
    outer loop
      vertex 0.029272 5.662437 0.762210
      vertex 0.320229 5.529743 1.151651
      vertex 0.096410 5.824523 0.842593
    endloop
  endfacet
  facet normal -0.700974 0.188819 0.687738
    outer loop
      vertex 0.096410 5.824523 0.842593
      vertex 0.320229 5.529743 1.151651
      vertex 0.470867 5.893417 1.205342
    endloop
  endfacet
  facet normal -0.700974 0.188819 0.687738
    outer loop
      vertex 0.096410 5.824523 0.842593
      vertex 0.470867 5.893417 1.205342
      vertex 0.175606 6.015718 0.870820
    endloop
  endfacet
  facet normal -0.629178 0.362148 0.687738
    outer loop
      vertex 0.175606 6.015718 0.870820
      vertex 0.470867 5.893417 1.205342
      vertex 0.621506 6.257090 1.151651
    endloop
  endfacet
  facet normal -0.629178 0.362148 0.687738
    outer loop
      vertex 0.175606 6.015718 0.870820
      vertex 0.621506 6.257090 1.151651
      vertex 0.254801 6.206912 0.842593
    endloop
  endfacet
  facet normal -0.583800 0.541726 0.604740
    outer loop
      vertex 0.254801 6.206912 0.842593
      vertex 0.621506 6.257090 1.151651
      vertex 0.749211 6.565398 0.998752
    endloop
  endfacet
  facet normal -0.583800 0.541726 0.604740
    outer loop
      vertex 0.254801 6.206912 0.842593
      vertex 0.749211 6.565398 0.998752
      vertex 0.321940 6.368999 0.762210
    endloop
  endfacet
  facet normal -0.562142 0.707888 0.427657
    outer loop
      vertex 0.321940 6.368999 0.762210
      vertex 0.749211 6.565398 0.998752
      vertex 0.834541 6.771402 0.769923
    endloop
  endfacet
  facet normal -0.562142 0.707888 0.427657
    outer loop
      vertex 0.321940 6.368999 0.762210
      vertex 0.834541 6.771402 0.769923
      vertex 0.366800 6.477302 0.641907
    endloop
  endfacet
  facet normal -0.556126 0.816136 0.156989
    outer loop
      vertex 0.366800 6.477302 0.641907
      vertex 0.834541 6.771402 0.769923
      vertex 0.864505 6.843741 0.500000
    endloop
  endfacet
  facet normal -0.556126 0.816136 0.156989
    outer loop
      vertex 0.366800 6.477302 0.641907
      vertex 0.864505 6.843741 0.500000
      vertex 0.382553 6.515333 0.500000
    endloop
  endfacet
  facet normal -0.847350 -0.481851 0.223199
    outer loop
      vertex 0.077230 4.943092 0.500000
      vertex 0.388953 4.394918 0.500000
      vertex 0.430194 4.494484 0.871517
    endloop
  endfacet
  facet normal -0.847350 -0.481851 0.223199
    outer loop
      vertex 0.077230 4.943092 0.500000
      vertex 0.430194 4.494484 0.871517
      vertex 0.107194 5.015431 0.769923
    endloop
  endfacet
  facet normal -0.736398 -0.342843 0.583246
    outer loop
      vertex 0.107194 5.015431 0.769923
      vertex 0.430194 4.494484 0.871517
      vertex 0.547641 4.778025 1.186474
    endloop
  endfacet
  facet normal -0.736398 -0.342843 0.583246
    outer loop
      vertex 0.107194 5.015431 0.769923
      vertex 0.547641 4.778025 1.186474
      vertex 0.192524 5.221435 0.998752
    endloop
  endfacet
  facet normal -0.597049 -0.144064 0.789163
    outer loop
      vertex 0.192524 5.221435 0.998752
      vertex 0.547641 4.778025 1.186474
      vertex 0.723412 5.202374 1.396921
    endloop
  endfacet
  facet normal -0.597049 -0.144064 0.789163
    outer loop
      vertex 0.192524 5.221435 0.998752
      vertex 0.723412 5.202374 1.396921
      vertex 0.320229 5.529743 1.151651
    endloop
  endfacet
  facet normal -0.477378 0.068404 0.876031
    outer loop
      vertex 0.320229 5.529743 1.151651
      vertex 0.723412 5.202374 1.396921
      vertex 0.930748 5.702928 1.470820
    endloop
  endfacet
  facet normal -0.477378 0.068404 0.876031
    outer loop
      vertex 0.320229 5.529743 1.151651
      vertex 0.930748 5.702928 1.470820
      vertex 0.470867 5.893417 1.205342
    endloop
  endfacet
  facet normal -0.385926 0.289189 0.876031
    outer loop
      vertex 0.470867 5.893417 1.205342
      vertex 0.930748 5.702928 1.470820
      vertex 1.138084 6.203481 1.396921
    endloop
  endfacet
  facet normal -0.385926 0.289189 0.876031
    outer loop
      vertex 0.470867 5.893417 1.205342
      vertex 1.138084 6.203481 1.396921
      vertex 0.621506 6.257090 1.151651
    endloop
  endfacet
  facet normal -0.320308 0.524046 0.789163
    outer loop
      vertex 0.621506 6.257090 1.151651
      vertex 1.138084 6.203481 1.396921
      vertex 1.313855 6.627830 1.186474
    endloop
  endfacet
  facet normal -0.320308 0.524046 0.789163
    outer loop
      vertex 0.621506 6.257090 1.151651
      vertex 1.313855 6.627830 1.186474
      vertex 0.749211 6.565398 0.998752
    endloop
  endfacet
  facet normal -0.278286 0.763139 0.583246
    outer loop
      vertex 0.749211 6.565398 0.998752
      vertex 1.313855 6.627830 1.186474
      vertex 1.431302 6.911371 0.871517
    endloop
  endfacet
  facet normal -0.278286 0.763139 0.583246
    outer loop
      vertex 0.749211 6.565398 0.998752
      vertex 1.431302 6.911371 0.871517
      vertex 0.834541 6.771402 0.769923
    endloop
  endfacet
  facet normal -0.258447 0.939887 0.223199
    outer loop
      vertex 0.834541 6.771402 0.769923
      vertex 1.431302 6.911371 0.871517
      vertex 1.472544 7.010938 0.500000
    endloop
  endfacet
  facet normal -0.258447 0.939887 0.223199
    outer loop
      vertex 0.834541 6.771402 0.769923
      vertex 1.472544 7.010938 0.500000
      vertex 0.864505 6.843741 0.500000
    endloop
  endfacet
  facet normal -0.672131 -0.693142 0.260374
    outer loop
      vertex 0.388953 4.394918 0.500000
      vertex 0.873313 3.925240 0.500000
      vertex 0.921796 4.042287 0.936744
    endloop
  endfacet
  facet normal -0.672131 -0.693142 0.260374
    outer loop
      vertex 0.388953 4.394918 0.500000
      vertex 0.921796 4.042287 0.936744
      vertex 0.430194 4.494484 0.871517
    endloop
  endfacet
  facet normal -0.553213 -0.505961 0.661784
    outer loop
      vertex 0.430194 4.494484 0.871517
      vertex 0.921796 4.042287 0.936744
      vertex 1.059862 4.375609 1.306998
    endloop
  endfacet
  facet normal -0.553213 -0.505961 0.661784
    outer loop
      vertex 0.430194 4.494484 0.871517
      vertex 1.059862 4.375609 1.306998
      vertex 0.547641 4.778025 1.186474
    endloop
  endfacet
  facet normal -0.411518 -0.262398 0.872812
    outer loop
      vertex 0.547641 4.778025 1.186474
      vertex 1.059862 4.375609 1.306998
      vertex 1.266493 4.874461 1.554394
    endloop
  endfacet
  facet normal -0.411518 -0.262398 0.872812
    outer loop
      vertex 0.547641 4.778025 1.186474
      vertex 1.266493 4.874461 1.554394
      vertex 0.723412 5.202374 1.396921
    endloop
  endfacet
  facet normal -0.290143 -0.021069 0.956751
    outer loop
      vertex 0.723412 5.202374 1.396921
      vertex 1.266493 4.874461 1.554394
      vertex 1.510232 5.462898 1.641268
    endloop
  endfacet
  facet normal -0.290143 -0.021069 0.956751
    outer loop
      vertex 0.723412 5.202374 1.396921
      vertex 1.510232 5.462898 1.641268
      vertex 0.930748 5.702928 1.470820
    endloop
  endfacet
  facet normal -0.190264 0.220060 0.956751
    outer loop
      vertex 0.930748 5.702928 1.470820
      vertex 1.510232 5.462898 1.641268
      vertex 1.753970 6.051334 1.554394
    endloop
  endfacet
  facet normal -0.190264 0.220060 0.956751
    outer loop
      vertex 0.930748 5.702928 1.470820
      vertex 1.753970 6.051334 1.554394
      vertex 1.138084 6.203481 1.396921
    endloop
  endfacet
  facet normal -0.105444 0.476530 0.872812
    outer loop
      vertex 1.138084 6.203481 1.396921
      vertex 1.753970 6.051334 1.554394
      vertex 1.960601 6.550186 1.306998
    endloop
  endfacet
  facet normal -0.105444 0.476530 0.872812
    outer loop
      vertex 1.138084 6.203481 1.396921
      vertex 1.960601 6.550186 1.306998
      vertex 1.313855 6.627830 1.186474
    endloop
  endfacet
  facet normal -0.033413 0.748949 0.661784
    outer loop
      vertex 1.313855 6.627830 1.186474
      vertex 1.960601 6.550186 1.306998
      vertex 2.098668 6.883508 0.936744
    endloop
  endfacet
  facet normal -0.033413 0.748949 0.661784
    outer loop
      vertex 1.313855 6.627830 1.186474
      vertex 2.098668 6.883508 0.936744
      vertex 1.431302 6.911371 0.871517
    endloop
  endfacet
  facet normal 0.014857 0.965393 0.260374
    outer loop
      vertex 1.431302 6.911371 0.871517
      vertex 2.098668 6.883508 0.936744
      vertex 2.147150 7.000556 0.500000
    endloop
  endfacet
  facet normal 0.014857 0.965393 0.260374
    outer loop
      vertex 1.431302 6.911371 0.871517
      vertex 2.147150 7.000556 0.500000
      vertex 1.472544 7.010938 0.500000
    endloop
  endfacet
  facet normal -0.473535 -0.836194 0.276666
    outer loop
      vertex 0.873313 3.925240 0.500000
      vertex 1.482898 3.580033 0.500000
      vertex 1.533876 3.703104 0.959220
    endloop
  endfacet
  facet normal -0.473535 -0.836194 0.276666
    outer loop
      vertex 0.873313 3.925240 0.500000
      vertex 1.533876 3.703104 0.959220
      vertex 0.921796 4.042287 0.936744
    endloop
  endfacet
  facet normal -0.368241 -0.618520 0.694141
    outer loop
      vertex 0.921796 4.042287 0.936744
      vertex 1.533876 3.703104 0.959220
      vertex 1.679048 4.053580 1.348528
    endloop
  endfacet
  facet normal -0.368241 -0.618520 0.694141
    outer loop
      vertex 0.921796 4.042287 0.936744
      vertex 1.679048 4.053580 1.348528
      vertex 1.059862 4.375609 1.306998
    endloop
  endfacet
  facet normal -0.242102 -0.348739 0.905411
    outer loop
      vertex 1.059862 4.375609 1.306998
      vertex 1.679048 4.053580 1.348528
      vertex 1.896313 4.578104 1.608655
    endloop
  endfacet
  facet normal -0.242102 -0.348739 0.905411
    outer loop
      vertex 1.059862 4.375609 1.306998
      vertex 1.896313 4.578104 1.608655
      vertex 1.266493 4.874461 1.554394
    endloop
  endfacet
  facet normal -0.128594 -0.092506 0.987373
    outer loop
      vertex 1.266493 4.874461 1.554394
      vertex 1.896313 4.578104 1.608655
      vertex 2.152594 5.196822 1.700000
    endloop
  endfacet
  facet normal -0.128594 -0.092506 0.987373
    outer loop
      vertex 1.266493 4.874461 1.554394
      vertex 2.152594 5.196822 1.700000
      vertex 1.510232 5.462898 1.641268
    endloop
  endfacet
  facet normal -0.025518 0.156341 0.987373
    outer loop
      vertex 1.510232 5.462898 1.641268
      vertex 2.152594 5.196822 1.700000
      vertex 2.408876 5.815541 1.608655
    endloop
  endfacet
  facet normal -0.025518 0.156341 0.987373
    outer loop
      vertex 1.510232 5.462898 1.641268
      vertex 2.408876 5.815541 1.608655
      vertex 1.753970 6.051334 1.554394
    endloop
  endfacet
  facet normal 0.075404 0.417787 0.905411
    outer loop
      vertex 1.753970 6.051334 1.554394
      vertex 2.408876 5.815541 1.608655
      vertex 2.626141 6.340065 1.348528
    endloop
  endfacet
  facet normal 0.075404 0.417787 0.905411
    outer loop
      vertex 1.753970 6.051334 1.554394
      vertex 2.626141 6.340065 1.348528
      vertex 1.960601 6.550186 1.306998
    endloop
  endfacet
  facet normal 0.176974 0.697745 0.694141
    outer loop
      vertex 1.960601 6.550186 1.306998
      vertex 2.626141 6.340065 1.348528
      vertex 2.771313 6.690541 0.959220
    endloop
  endfacet
  facet normal 0.176974 0.697745 0.694141
    outer loop
      vertex 1.960601 6.550186 1.306998
      vertex 2.771313 6.690541 0.959220
      vertex 2.098668 6.883508 0.936744
    endloop
  endfacet
  facet normal 0.256439 0.926118 0.276666
    outer loop
      vertex 2.098668 6.883508 0.936744
      vertex 2.771313 6.690541 0.959220
      vertex 2.822290 6.813612 0.500000
    endloop
  endfacet
  facet normal 0.256439 0.926118 0.276666
    outer loop
      vertex 2.098668 6.883508 0.936744
      vertex 2.822290 6.813612 0.500000
      vertex 2.147150 7.000556 0.500000
    endloop
  endfacet
  facet normal -0.256439 -0.926118 0.276666
    outer loop
      vertex 1.482898 3.580033 0.500000
      vertex 2.158038 3.393089 0.500000
      vertex 2.206521 3.510136 0.936744
    endloop
  endfacet
  facet normal -0.256439 -0.926118 0.276666
    outer loop
      vertex 1.482898 3.580033 0.500000
      vertex 2.206521 3.510136 0.936744
      vertex 1.533876 3.703104 0.959220
    endloop
  endfacet
  facet normal -0.176974 -0.697745 0.694141
    outer loop
      vertex 1.533876 3.703104 0.959220
      vertex 2.206521 3.510136 0.936744
      vertex 2.344587 3.843459 1.306998
    endloop
  endfacet
  facet normal -0.176974 -0.697745 0.694141
    outer loop
      vertex 1.533876 3.703104 0.959220
      vertex 2.344587 3.843459 1.306998
      vertex 1.679048 4.053580 1.348528
    endloop
  endfacet
  facet normal -0.075404 -0.417787 0.905411
    outer loop
      vertex 1.679048 4.053580 1.348528
      vertex 2.344587 3.843459 1.306998
      vertex 2.551219 4.342311 1.554394
    endloop
  endfacet
  facet normal -0.075404 -0.417787 0.905411
    outer loop
      vertex 1.679048 4.053580 1.348528
      vertex 2.551219 4.342311 1.554394
      vertex 1.896313 4.578104 1.608655
    endloop
  endfacet
  facet normal 0.025518 -0.156341 0.987373
    outer loop
      vertex 1.896313 4.578104 1.608655
      vertex 2.551219 4.342311 1.554394
      vertex 2.794957 4.930747 1.641268
    endloop
  endfacet
  facet normal 0.025518 -0.156341 0.987373
    outer loop
      vertex 1.896313 4.578104 1.608655
      vertex 2.794957 4.930747 1.641268
      vertex 2.152594 5.196822 1.700000
    endloop
  endfacet
  facet normal 0.128594 0.092506 0.987373
    outer loop
      vertex 2.152594 5.196822 1.700000
      vertex 2.794957 4.930747 1.641268
      vertex 3.038695 5.519183 1.554394
    endloop
  endfacet
  facet normal 0.128594 0.092506 0.987373
    outer loop
      vertex 2.152594 5.196822 1.700000
      vertex 3.038695 5.519183 1.554394
      vertex 2.408876 5.815541 1.608655
    endloop
  endfacet
  facet normal 0.242102 0.348739 0.905411
    outer loop
      vertex 2.408876 5.815541 1.608655
      vertex 3.038695 5.519183 1.554394
      vertex 3.245326 6.018035 1.306998
    endloop
  endfacet
  facet normal 0.242102 0.348739 0.905411
    outer loop
      vertex 2.408876 5.815541 1.608655
      vertex 3.245326 6.018035 1.306998
      vertex 2.626141 6.340065 1.348528
    endloop
  endfacet
  facet normal 0.368241 0.618520 0.694141
    outer loop
      vertex 2.626141 6.340065 1.348528
      vertex 3.245326 6.018035 1.306998
      vertex 3.383393 6.351358 0.936744
    endloop
  endfacet
  facet normal 0.368241 0.618520 0.694141
    outer loop
      vertex 2.626141 6.340065 1.348528
      vertex 3.383393 6.351358 0.936744
      vertex 2.771313 6.690541 0.959220
    endloop
  endfacet
  facet normal 0.473535 0.836194 0.276666
    outer loop
      vertex 2.771313 6.690541 0.959220
      vertex 3.383393 6.351358 0.936744
      vertex 3.431876 6.468405 0.500000
    endloop
  endfacet
  facet normal 0.473535 0.836194 0.276666
    outer loop
      vertex 2.771313 6.690541 0.959220
      vertex 3.431876 6.468405 0.500000
      vertex 2.822290 6.813612 0.500000
    endloop
  endfacet
  facet normal -0.014857 -0.965393 0.260374
    outer loop
      vertex 2.158038 3.393089 0.500000
      vertex 2.832645 3.382707 0.500000
      vertex 2.873887 3.482273 0.871517
    endloop
  endfacet
  facet normal -0.014857 -0.965393 0.260374
    outer loop
      vertex 2.158038 3.393089 0.500000
      vertex 2.873887 3.482273 0.871517
      vertex 2.206521 3.510136 0.936744
    endloop
  endfacet
  facet normal 0.033413 -0.748949 0.661784
    outer loop
      vertex 2.206521 3.510136 0.936744
      vertex 2.873887 3.482273 0.871517
      vertex 2.991333 3.765814 1.186474
    endloop
  endfacet
  facet normal 0.033413 -0.748949 0.661784
    outer loop
      vertex 2.206521 3.510136 0.936744
      vertex 2.991333 3.765814 1.186474
      vertex 2.344587 3.843459 1.306998
    endloop
  endfacet
  facet normal 0.105444 -0.476530 0.872812
    outer loop
      vertex 2.344587 3.843459 1.306998
      vertex 2.991333 3.765814 1.186474
      vertex 3.167104 4.190163 1.396921
    endloop
  endfacet
  facet normal 0.105444 -0.476530 0.872812
    outer loop
      vertex 2.344587 3.843459 1.306998
      vertex 3.167104 4.190163 1.396921
      vertex 2.551219 4.342311 1.554394
    endloop
  endfacet
  facet normal 0.190264 -0.220060 0.956751
    outer loop
      vertex 2.551219 4.342311 1.554394
      vertex 3.167104 4.190163 1.396921
      vertex 3.374441 4.690717 1.470820
    endloop
  endfacet
  facet normal 0.190264 -0.220060 0.956751
    outer loop
      vertex 2.551219 4.342311 1.554394
      vertex 3.374441 4.690717 1.470820
      vertex 2.794957 4.930747 1.641268
    endloop
  endfacet
  facet normal 0.290143 0.021069 0.956751
    outer loop
      vertex 2.794957 4.930747 1.641268
      vertex 3.374441 4.690717 1.470820
      vertex 3.581777 5.191271 1.396921
    endloop
  endfacet
  facet normal 0.290143 0.021069 0.956751
    outer loop
      vertex 2.794957 4.930747 1.641268
      vertex 3.581777 5.191271 1.396921
      vertex 3.038695 5.519183 1.554394
    endloop
  endfacet
  facet normal 0.411518 0.262398 0.872812
    outer loop
      vertex 3.038695 5.519183 1.554394
      vertex 3.581777 5.191271 1.396921
      vertex 3.757548 5.615620 1.186474
    endloop
  endfacet
  facet normal 0.411518 0.262398 0.872812
    outer loop
      vertex 3.038695 5.519183 1.554394
      vertex 3.757548 5.615620 1.186474
      vertex 3.245326 6.018035 1.306998
    endloop
  endfacet
  facet normal 0.553213 0.505961 0.661784
    outer loop
      vertex 3.245326 6.018035 1.306998
      vertex 3.757548 5.615620 1.186474
      vertex 3.874994 5.899161 0.871517
    endloop
  endfacet
  facet normal 0.553213 0.505961 0.661784
    outer loop
      vertex 3.245326 6.018035 1.306998
      vertex 3.874994 5.899161 0.871517
      vertex 3.383393 6.351358 0.936744
    endloop
  endfacet
  facet normal 0.672131 0.693142 0.260374
    outer loop
      vertex 3.383393 6.351358 0.936744
      vertex 3.874994 5.899161 0.871517
      vertex 3.916236 5.998727 0.500000
    endloop
  endfacet
  facet normal 0.672131 0.693142 0.260374
    outer loop
      vertex 3.383393 6.351358 0.936744
      vertex 3.916236 5.998727 0.500000
      vertex 3.431876 6.468405 0.500000
    endloop
  endfacet
  facet normal 0.258447 -0.939887 0.223199
    outer loop
      vertex 2.832645 3.382707 0.500000
      vertex 3.440684 3.549903 0.500000
      vertex 3.470648 3.622243 0.769923
    endloop
  endfacet
  facet normal 0.258447 -0.939887 0.223199
    outer loop
      vertex 2.832645 3.382707 0.500000
      vertex 3.470648 3.622243 0.769923
      vertex 2.873887 3.482273 0.871517
    endloop
  endfacet
  facet normal 0.278286 -0.763139 0.583246
    outer loop
      vertex 2.873887 3.482273 0.871517
      vertex 3.470648 3.622243 0.769923
      vertex 3.555978 3.828247 0.998752
    endloop
  endfacet
  facet normal 0.278286 -0.763139 0.583246
    outer loop
      vertex 2.873887 3.482273 0.871517
      vertex 3.555978 3.828247 0.998752
      vertex 2.991333 3.765814 1.186474
    endloop
  endfacet
  facet normal 0.320308 -0.524046 0.789163
    outer loop
      vertex 2.991333 3.765814 1.186474
      vertex 3.555978 3.828247 0.998752
      vertex 3.683683 4.136555 1.151651
    endloop
  endfacet
  facet normal 0.320308 -0.524046 0.789163
    outer loop
      vertex 2.991333 3.765814 1.186474
      vertex 3.683683 4.136555 1.151651
      vertex 3.167104 4.190163 1.396921
    endloop
  endfacet
  facet normal 0.385926 -0.289189 0.876031
    outer loop
      vertex 3.167104 4.190163 1.396921
      vertex 3.683683 4.136555 1.151651
      vertex 3.834321 4.500228 1.205342
    endloop
  endfacet
  facet normal 0.385926 -0.289189 0.876031
    outer loop
      vertex 3.167104 4.190163 1.396921
      vertex 3.834321 4.500228 1.205342
      vertex 3.374441 4.690717 1.470820
    endloop
  endfacet
  facet normal 0.477378 -0.068404 0.876031
    outer loop
      vertex 3.374441 4.690717 1.470820
      vertex 3.834321 4.500228 1.205342
      vertex 3.984960 4.863902 1.151651
    endloop
  endfacet
  facet normal 0.477378 -0.068404 0.876031
    outer loop
      vertex 3.374441 4.690717 1.470820
      vertex 3.984960 4.863902 1.151651
      vertex 3.581777 5.191271 1.396921
    endloop
  endfacet
  facet normal 0.597049 0.144064 0.789163
    outer loop
      vertex 3.581777 5.191271 1.396921
      vertex 3.984960 4.863902 1.151651
      vertex 4.112665 5.172209 0.998752
    endloop
  endfacet
  facet normal 0.597049 0.144064 0.789163
    outer loop
      vertex 3.581777 5.191271 1.396921
      vertex 4.112665 5.172209 0.998752
      vertex 3.757548 5.615620 1.186474
    endloop
  endfacet
  facet normal 0.736398 0.342843 0.583246
    outer loop
      vertex 3.757548 5.615620 1.186474
      vertex 4.112665 5.172209 0.998752
      vertex 4.197995 5.378214 0.769923
    endloop
  endfacet
  facet normal 0.736398 0.342843 0.583246
    outer loop
      vertex 3.757548 5.615620 1.186474
      vertex 4.197995 5.378214 0.769923
      vertex 3.874994 5.899161 0.871517
    endloop
  endfacet
  facet normal 0.847350 0.481851 0.223199
    outer loop
      vertex 3.874994 5.899161 0.871517
      vertex 4.197995 5.378214 0.769923
      vertex 4.227959 5.450553 0.500000
    endloop
  endfacet
  facet normal 0.847350 0.481851 0.223199
    outer loop
      vertex 3.874994 5.899161 0.871517
      vertex 4.227959 5.450553 0.500000
      vertex 3.916236 5.998727 0.500000
    endloop
  endfacet
  facet normal 0.556126 -0.816136 0.156989
    outer loop
      vertex 3.440684 3.549903 0.500000
      vertex 3.922636 3.878311 0.500000
      vertex 3.938389 3.916342 0.641907
    endloop
  endfacet
  facet normal 0.556126 -0.816136 0.156989
    outer loop
      vertex 3.440684 3.549903 0.500000
      vertex 3.938389 3.916342 0.641907
      vertex 3.470648 3.622243 0.769923
    endloop
  endfacet
  facet normal 0.562142 -0.707888 0.427657
    outer loop
      vertex 3.470648 3.622243 0.769923
      vertex 3.938389 3.916342 0.641907
      vertex 3.983249 4.024645 0.762210
    endloop
  endfacet
  facet normal 0.562142 -0.707888 0.427657
    outer loop
      vertex 3.470648 3.622243 0.769923
      vertex 3.983249 4.024645 0.762210
      vertex 3.555978 3.828247 0.998752
    endloop
  endfacet
  facet normal 0.583800 -0.541726 0.604740
    outer loop
      vertex 3.555978 3.828247 0.998752
      vertex 3.983249 4.024645 0.762210
      vertex 4.050388 4.186732 0.842593
    endloop
  endfacet
  facet normal 0.583800 -0.541726 0.604740
    outer loop
      vertex 3.555978 3.828247 0.998752
      vertex 4.050388 4.186732 0.842593
      vertex 3.683683 4.136555 1.151651
    endloop
  endfacet
  facet normal 0.629178 -0.362148 0.687738
    outer loop
      vertex 3.683683 4.136555 1.151651
      vertex 4.050388 4.186732 0.842593
      vertex 4.129583 4.377927 0.870820
    endloop
  endfacet
  facet normal 0.629178 -0.362148 0.687738
    outer loop
      vertex 3.683683 4.136555 1.151651
      vertex 4.129583 4.377927 0.870820
      vertex 3.834321 4.500228 1.205342
    endloop
  endfacet
  facet normal 0.700974 -0.188819 0.687738
    outer loop
      vertex 3.834321 4.500228 1.205342
      vertex 4.129583 4.377927 0.870820
      vertex 4.208778 4.569121 0.842593
    endloop
  endfacet
  facet normal 0.700974 -0.188819 0.687738
    outer loop
      vertex 3.834321 4.500228 1.205342
      vertex 4.208778 4.569121 0.842593
      vertex 3.984960 4.863902 1.151651
    endloop
  endfacet
  facet normal 0.795867 -0.029750 0.604740
    outer loop
      vertex 3.984960 4.863902 1.151651
      vertex 4.208778 4.569121 0.842593
      vertex 4.275917 4.731208 0.762210
    endloop
  endfacet
  facet normal 0.795867 -0.029750 0.604740
    outer loop
      vertex 3.984960 4.863902 1.151651
      vertex 4.275917 4.731208 0.762210
      vertex 4.112665 5.172209 0.998752
    endloop
  endfacet
  facet normal 0.898047 0.103058 0.427657
    outer loop
      vertex 4.112665 5.172209 0.998752
      vertex 4.275917 4.731208 0.762210
      vertex 4.320778 4.839511 0.641907
    endloop
  endfacet
  facet normal 0.898047 0.103058 0.427657
    outer loop
      vertex 4.112665 5.172209 0.998752
      vertex 4.320778 4.839511 0.641907
      vertex 4.197995 5.378214 0.769923
    endloop
  endfacet
  facet normal 0.970336 0.183855 0.156989
    outer loop
      vertex 4.197995 5.378214 0.769923
      vertex 4.320778 4.839511 0.641907
      vertex 4.336530 4.877542 0.500000
    endloop
  endfacet
  facet normal 0.970336 0.183855 0.156989
    outer loop
      vertex 4.197995 5.378214 0.769923
      vertex 4.336530 4.877542 0.500000
      vertex 4.227959 5.450553 0.500000
    endloop
  endfacet
  facet normal 0.000000 0.000000 1.000000
    outer loop
      vertex 3.922636 3.878311 0.500000
      vertex 4.231323 4.335785 0.500000
      vertex 4.231323 4.335785 0.500000
    endloop
  endfacet
  facet normal 0.827553 -0.558405 0.057786
    outer loop
      vertex 3.922636 3.878311 0.500000
      vertex 4.231323 4.335785 0.500000
      vertex 3.938389 3.916342 0.641907
    endloop
  endfacet
  facet normal 0.000000 0.000000 1.000000
    outer loop
      vertex 3.938389 3.916342 0.641907
      vertex 4.231323 4.335785 0.500000
      vertex 4.231323 4.335785 0.500000
    endloop
  endfacet
  facet normal 0.833931 -0.527082 0.163537
    outer loop
      vertex 3.938389 3.916342 0.641907
      vertex 4.231323 4.335785 0.500000
      vertex 3.983249 4.024645 0.762210
    endloop
  endfacet
  facet normal 0.000000 0.000000 1.000000
    outer loop
      vertex 3.983249 4.024645 0.762210
      vertex 4.231323 4.335785 0.500000
      vertex 4.231323 4.335785 0.500000
    endloop
  endfacet
  facet normal 0.847828 -0.471508 0.242628
    outer loop
      vertex 3.983249 4.024645 0.762210
      vertex 4.231323 4.335785 0.500000
      vertex 4.050388 4.186732 0.842593
    endloop
  endfacet
  facet normal 0.000000 0.000000 1.000000
    outer loop
      vertex 4.050388 4.186732 0.842593
      vertex 4.231323 4.335785 0.500000
      vertex 4.231323 4.335785 0.500000
    endloop
  endfacet
  facet normal 0.870136 -0.402420 0.284468
    outer loop
      vertex 4.050388 4.186732 0.842593
      vertex 4.231323 4.335785 0.500000
      vertex 4.129583 4.377927 0.870820
    endloop
  endfacet
  facet normal 0.000000 0.000000 1.000000
    outer loop
      vertex 4.129583 4.377927 0.870820
      vertex 4.231323 4.335785 0.500000
      vertex 4.231323 4.335785 0.500000
    endloop
  endfacet
  facet normal 0.899833 -0.330725 0.284468
    outer loop
      vertex 4.129583 4.377927 0.870820
      vertex 4.231323 4.335785 0.500000
      vertex 4.208778 4.569121 0.842593
    endloop
  endfacet
  facet normal 0.000000 0.000000 1.000000
    outer loop
      vertex 4.208778 4.569121 0.842593
      vertex 4.231323 4.335785 0.500000
      vertex 4.231323 4.335785 0.500000
    endloop
  endfacet
  facet normal 0.932911 -0.266098 0.242628
    outer loop
      vertex 4.208778 4.569121 0.842593
      vertex 4.231323 4.335785 0.500000
      vertex 4.275917 4.731208 0.762210
    endloop
  endfacet
  facet normal 0.000000 0.000000 1.000000
    outer loop
      vertex 4.275917 4.731208 0.762210
      vertex 4.231323 4.335785 0.500000
      vertex 4.231323 4.335785 0.500000
    endloop
  endfacet
  facet normal 0.962381 -0.216975 0.163537
    outer loop
      vertex 4.275917 4.731208 0.762210
      vertex 4.231323 4.335785 0.500000
      vertex 4.320778 4.839511 0.641907
    endloop
  endfacet
  facet normal 0.000000 0.000000 1.000000
    outer loop
      vertex 4.320778 4.839511 0.641907
      vertex 4.231323 4.335785 0.500000
      vertex 4.231323 4.335785 0.500000
    endloop
  endfacet
  facet normal 0.980021 -0.190316 0.057786
    outer loop
      vertex 4.320778 4.839511 0.641907
      vertex 4.231323 4.335785 0.500000
      vertex 4.336530 4.877542 0.500000
    endloop
  endfacet
  facet normal -0.827553 -0.558405 0.057786
    outer loop
      vertex -4.231323 4.335785 0.500000
      vertex -3.922636 3.878311 0.500000
      vertex -3.938389 3.916342 0.641907
    endloop
  endfacet
  facet normal 0.000000 0.000000 1.000000
    outer loop
      vertex -4.231323 4.335785 0.500000
      vertex -3.938389 3.916342 0.641907
      vertex -4.231323 4.335785 0.500000
    endloop
  endfacet
  facet normal -0.833931 -0.527082 0.163537
    outer loop
      vertex -4.231323 4.335785 0.500000
      vertex -3.938389 3.916342 0.641907
      vertex -3.983249 4.024645 0.762210
    endloop
  endfacet
  facet normal 0.000000 0.000000 1.000000
    outer loop
      vertex -4.231323 4.335785 0.500000
      vertex -3.983249 4.024645 0.762210
      vertex -4.231323 4.335785 0.500000
    endloop
  endfacet
  facet normal -0.847828 -0.471508 0.242628
    outer loop
      vertex -4.231323 4.335785 0.500000
      vertex -3.983249 4.024645 0.762210
      vertex -4.050388 4.186732 0.842593
    endloop
  endfacet
  facet normal 0.000000 0.000000 1.000000
    outer loop
      vertex -4.231323 4.335785 0.500000
      vertex -4.050388 4.186732 0.842593
      vertex -4.231323 4.335785 0.500000
    endloop
  endfacet
  facet normal -0.870136 -0.402420 0.284468
    outer loop
      vertex -4.231323 4.335785 0.500000
      vertex -4.050388 4.186732 0.842593
      vertex -4.129583 4.377927 0.870820
    endloop
  endfacet
  facet normal 0.000000 0.000000 1.000000
    outer loop
      vertex -4.231323 4.335785 0.500000
      vertex -4.129583 4.377927 0.870820
      vertex -4.231323 4.335785 0.500000
    endloop
  endfacet
  facet normal -0.899833 -0.330725 0.284468
    outer loop
      vertex -4.231323 4.335785 0.500000
      vertex -4.129583 4.377927 0.870820
      vertex -4.208778 4.569121 0.842593
    endloop
  endfacet
  facet normal 0.000000 0.000000 1.000000
    outer loop
      vertex -4.231323 4.335785 0.500000
      vertex -4.208778 4.569121 0.842593
      vertex -4.231323 4.335785 0.500000
    endloop
  endfacet
  facet normal -0.932911 -0.266098 0.242628
    outer loop
      vertex -4.231323 4.335785 0.500000
      vertex -4.208778 4.569121 0.842593
      vertex -4.275917 4.731208 0.762210
    endloop
  endfacet
  facet normal 0.000000 0.000000 1.000000
    outer loop
      vertex -4.231323 4.335785 0.500000
      vertex -4.275917 4.731208 0.762210
      vertex -4.231323 4.335785 0.500000
    endloop
  endfacet
  facet normal -0.962381 -0.216975 0.163537
    outer loop
      vertex -4.231323 4.335785 0.500000
      vertex -4.275917 4.731208 0.762210
      vertex -4.320778 4.839511 0.641907
    endloop
  endfacet
  facet normal 0.000000 0.000000 1.000000
    outer loop
      vertex -4.231323 4.335785 0.500000
      vertex -4.320778 4.839511 0.641907
      vertex -4.231323 4.335785 0.500000
    endloop
  endfacet
  facet normal -0.980021 -0.190316 0.057786
    outer loop
      vertex -4.231323 4.335785 0.500000
      vertex -4.320778 4.839511 0.641907
      vertex -4.336530 4.877542 0.500000
    endloop
  endfacet
  facet normal 0.000000 0.000000 1.000000
    outer loop
      vertex -4.231323 4.335785 0.500000
      vertex -4.336530 4.877542 0.500000
      vertex -4.231323 4.335785 0.500000
    endloop
  endfacet
  facet normal -0.556126 -0.816136 0.156989
    outer loop
      vertex -3.922636 3.878311 0.500000
      vertex -3.440684 3.549903 0.500000
      vertex -3.470648 3.622243 0.769923
    endloop
  endfacet
  facet normal -0.556126 -0.816136 0.156989
    outer loop
      vertex -3.922636 3.878311 0.500000
      vertex -3.470648 3.622243 0.769923
      vertex -3.938389 3.916342 0.641907
    endloop
  endfacet
  facet normal -0.562142 -0.707888 0.427657
    outer loop
      vertex -3.938389 3.916342 0.641907
      vertex -3.470648 3.622243 0.769923
      vertex -3.555978 3.828247 0.998752
    endloop
  endfacet
  facet normal -0.562142 -0.707888 0.427657
    outer loop
      vertex -3.938389 3.916342 0.641907
      vertex -3.555978 3.828247 0.998752
      vertex -3.983249 4.024645 0.762210
    endloop
  endfacet
  facet normal -0.583800 -0.541726 0.604740
    outer loop
      vertex -3.983249 4.024645 0.762210
      vertex -3.555978 3.828247 0.998752
      vertex -3.683683 4.136555 1.151651
    endloop
  endfacet
  facet normal -0.583800 -0.541726 0.604740
    outer loop
      vertex -3.983249 4.024645 0.762210
      vertex -3.683683 4.136555 1.151651
      vertex -4.050388 4.186732 0.842593
    endloop
  endfacet
  facet normal -0.629178 -0.362148 0.687738
    outer loop
      vertex -4.050388 4.186732 0.842593
      vertex -3.683683 4.136555 1.151651
      vertex -3.834321 4.500228 1.205342
    endloop
  endfacet
  facet normal -0.629178 -0.362148 0.687738
    outer loop
      vertex -4.050388 4.186732 0.842593
      vertex -3.834321 4.500228 1.205342
      vertex -4.129583 4.377927 0.870820
    endloop
  endfacet
  facet normal -0.700974 -0.188819 0.687738
    outer loop
      vertex -4.129583 4.377927 0.870820
      vertex -3.834321 4.500228 1.205342
      vertex -3.984960 4.863902 1.151651
    endloop
  endfacet
  facet normal -0.700974 -0.188819 0.687738
    outer loop
      vertex -4.129583 4.377927 0.870820
      vertex -3.984960 4.863902 1.151651
      vertex -4.208778 4.569121 0.842593
    endloop
  endfacet
  facet normal -0.795867 -0.029750 0.604740
    outer loop
      vertex -4.208778 4.569121 0.842593
      vertex -3.984960 4.863902 1.151651
      vertex -4.112665 5.172209 0.998752
    endloop
  endfacet
  facet normal -0.795867 -0.029750 0.604740
    outer loop
      vertex -4.208778 4.569121 0.842593
      vertex -4.112665 5.172209 0.998752
      vertex -4.275917 4.731208 0.762210
    endloop
  endfacet
  facet normal -0.898047 0.103058 0.427657
    outer loop
      vertex -4.275917 4.731208 0.762210
      vertex -4.112665 5.172209 0.998752
      vertex -4.197995 5.378214 0.769923
    endloop
  endfacet
  facet normal -0.898047 0.103058 0.427657
    outer loop
      vertex -4.275917 4.731208 0.762210
      vertex -4.197995 5.378214 0.769923
      vertex -4.320778 4.839511 0.641907
    endloop
  endfacet
  facet normal -0.970336 0.183855 0.156989
    outer loop
      vertex -4.320778 4.839511 0.641907
      vertex -4.197995 5.378214 0.769923
      vertex -4.227959 5.450553 0.500000
    endloop
  endfacet
  facet normal -0.970336 0.183855 0.156989
    outer loop
      vertex -4.320778 4.839511 0.641907
      vertex -4.227959 5.450553 0.500000
      vertex -4.336530 4.877542 0.500000
    endloop
  endfacet
  facet normal -0.258447 -0.939887 0.223199
    outer loop
      vertex -3.440684 3.549903 0.500000
      vertex -2.832645 3.382707 0.500000
      vertex -2.873887 3.482273 0.871517
    endloop
  endfacet
  facet normal -0.258447 -0.939887 0.223199
    outer loop
      vertex -3.440684 3.549903 0.500000
      vertex -2.873887 3.482273 0.871517
      vertex -3.470648 3.622243 0.769923
    endloop
  endfacet
  facet normal -0.278286 -0.763139 0.583246
    outer loop
      vertex -3.470648 3.622243 0.769923
      vertex -2.873887 3.482273 0.871517
      vertex -2.991333 3.765814 1.186474
    endloop
  endfacet
  facet normal -0.278286 -0.763139 0.583246
    outer loop
      vertex -3.470648 3.622243 0.769923
      vertex -2.991333 3.765814 1.186474
      vertex -3.555978 3.828247 0.998752
    endloop
  endfacet
  facet normal -0.320308 -0.524046 0.789163
    outer loop
      vertex -3.555978 3.828247 0.998752
      vertex -2.991333 3.765814 1.186474
      vertex -3.167104 4.190163 1.396921
    endloop
  endfacet
  facet normal -0.320308 -0.524046 0.789163
    outer loop
      vertex -3.555978 3.828247 0.998752
      vertex -3.167104 4.190163 1.396921
      vertex -3.683683 4.136555 1.151651
    endloop
  endfacet
  facet normal -0.385926 -0.289189 0.876031
    outer loop
      vertex -3.683683 4.136555 1.151651
      vertex -3.167104 4.190163 1.396921
      vertex -3.374441 4.690717 1.470820
    endloop
  endfacet
  facet normal -0.385926 -0.289189 0.876031
    outer loop
      vertex -3.683683 4.136555 1.151651
      vertex -3.374441 4.690717 1.470820
      vertex -3.834321 4.500228 1.205342
    endloop
  endfacet
  facet normal -0.477378 -0.068404 0.876031
    outer loop
      vertex -3.834321 4.500228 1.205342
      vertex -3.374441 4.690717 1.470820
      vertex -3.581777 5.191271 1.396921
    endloop
  endfacet
  facet normal -0.477378 -0.068404 0.876031
    outer loop
      vertex -3.834321 4.500228 1.205342
      vertex -3.581777 5.191271 1.396921
      vertex -3.984960 4.863902 1.151651
    endloop
  endfacet
  facet normal -0.597049 0.144064 0.789163
    outer loop
      vertex -3.984960 4.863902 1.151651
      vertex -3.581777 5.191271 1.396921
      vertex -3.757548 5.615620 1.186474
    endloop
  endfacet
  facet normal -0.597049 0.144064 0.789163
    outer loop
      vertex -3.984960 4.863902 1.151651
      vertex -3.757548 5.615620 1.186474
      vertex -4.112665 5.172209 0.998752
    endloop
  endfacet
  facet normal -0.736398 0.342843 0.583246
    outer loop
      vertex -4.112665 5.172209 0.998752
      vertex -3.757548 5.615620 1.186474
      vertex -3.874994 5.899161 0.871517
    endloop
  endfacet
  facet normal -0.736398 0.342843 0.583246
    outer loop
      vertex -4.112665 5.172209 0.998752
      vertex -3.874994 5.899161 0.871517
      vertex -4.197995 5.378214 0.769923
    endloop
  endfacet
  facet normal -0.847350 0.481851 0.223199
    outer loop
      vertex -4.197995 5.378214 0.769923
      vertex -3.874994 5.899161 0.871517
      vertex -3.916236 5.998727 0.500000
    endloop
  endfacet
  facet normal -0.847350 0.481851 0.223199
    outer loop
      vertex -4.197995 5.378214 0.769923
      vertex -3.916236 5.998727 0.500000
      vertex -4.227959 5.450553 0.500000
    endloop
  endfacet
  facet normal 0.014857 -0.965393 0.260374
    outer loop
      vertex -2.832645 3.382707 0.500000
      vertex -2.158038 3.393089 0.500000
      vertex -2.206521 3.510136 0.936744
    endloop
  endfacet
  facet normal 0.014857 -0.965393 0.260374
    outer loop
      vertex -2.832645 3.382707 0.500000
      vertex -2.206521 3.510136 0.936744
      vertex -2.873887 3.482273 0.871517
    endloop
  endfacet
  facet normal -0.033413 -0.748949 0.661784
    outer loop
      vertex -2.873887 3.482273 0.871517
      vertex -2.206521 3.510136 0.936744
      vertex -2.344587 3.843459 1.306998
    endloop
  endfacet
  facet normal -0.033413 -0.748949 0.661784
    outer loop
      vertex -2.873887 3.482273 0.871517
      vertex -2.344587 3.843459 1.306998
      vertex -2.991333 3.765814 1.186474
    endloop
  endfacet
  facet normal -0.105444 -0.476530 0.872812
    outer loop
      vertex -2.991333 3.765814 1.186474
      vertex -2.344587 3.843459 1.306998
      vertex -2.551219 4.342311 1.554394
    endloop
  endfacet
  facet normal -0.105444 -0.476530 0.872812
    outer loop
      vertex -2.991333 3.765814 1.186474
      vertex -2.551219 4.342311 1.554394
      vertex -3.167104 4.190163 1.396921
    endloop
  endfacet
  facet normal -0.190264 -0.220060 0.956751
    outer loop
      vertex -3.167104 4.190163 1.396921
      vertex -2.551219 4.342311 1.554394
      vertex -2.794957 4.930747 1.641268
    endloop
  endfacet
  facet normal -0.190264 -0.220060 0.956751
    outer loop
      vertex -3.167104 4.190163 1.396921
      vertex -2.794957 4.930747 1.641268
      vertex -3.374441 4.690717 1.470820
    endloop
  endfacet
  facet normal -0.290143 0.021069 0.956751
    outer loop
      vertex -3.374441 4.690717 1.470820
      vertex -2.794957 4.930747 1.641268
      vertex -3.038695 5.519183 1.554394
    endloop
  endfacet
  facet normal -0.290143 0.021069 0.956751
    outer loop
      vertex -3.374441 4.690717 1.470820
      vertex -3.038695 5.519183 1.554394
      vertex -3.581777 5.191271 1.396921
    endloop
  endfacet
  facet normal -0.411518 0.262398 0.872812
    outer loop
      vertex -3.581777 5.191271 1.396921
      vertex -3.038695 5.519183 1.554394
      vertex -3.245326 6.018035 1.306998
    endloop
  endfacet
  facet normal -0.411518 0.262398 0.872812
    outer loop
      vertex -3.581777 5.191271 1.396921
      vertex -3.245326 6.018035 1.306998
      vertex -3.757548 5.615620 1.186474
    endloop
  endfacet
  facet normal -0.553213 0.505961 0.661784
    outer loop
      vertex -3.757548 5.615620 1.186474
      vertex -3.245326 6.018035 1.306998
      vertex -3.383393 6.351358 0.936744
    endloop
  endfacet
  facet normal -0.553213 0.505961 0.661784
    outer loop
      vertex -3.757548 5.615620 1.186474
      vertex -3.383393 6.351358 0.936744
      vertex -3.874994 5.899161 0.871517
    endloop
  endfacet
  facet normal -0.672131 0.693142 0.260374
    outer loop
      vertex -3.874994 5.899161 0.871517
      vertex -3.383393 6.351358 0.936744
      vertex -3.431876 6.468405 0.500000
    endloop
  endfacet
  facet normal -0.672131 0.693142 0.260374
    outer loop
      vertex -3.874994 5.899161 0.871517
      vertex -3.431876 6.468405 0.500000
      vertex -3.916236 5.998727 0.500000
    endloop
  endfacet
  facet normal 0.256439 -0.926118 0.276666
    outer loop
      vertex -2.158038 3.393089 0.500000
      vertex -1.482898 3.580033 0.500000
      vertex -1.533876 3.703104 0.959220
    endloop
  endfacet
  facet normal 0.256439 -0.926118 0.276666
    outer loop
      vertex -2.158038 3.393089 0.500000
      vertex -1.533876 3.703104 0.959220
      vertex -2.206521 3.510136 0.936744
    endloop
  endfacet
  facet normal 0.176974 -0.697745 0.694141
    outer loop
      vertex -2.206521 3.510136 0.936744
      vertex -1.533876 3.703104 0.959220
      vertex -1.679048 4.053580 1.348528
    endloop
  endfacet
  facet normal 0.176974 -0.697745 0.694141
    outer loop
      vertex -2.206521 3.510136 0.936744
      vertex -1.679048 4.053580 1.348528
      vertex -2.344587 3.843459 1.306998
    endloop
  endfacet
  facet normal 0.075404 -0.417787 0.905411
    outer loop
      vertex -2.344587 3.843459 1.306998
      vertex -1.679048 4.053580 1.348528
      vertex -1.896313 4.578104 1.608655
    endloop
  endfacet
  facet normal 0.075404 -0.417787 0.905411
    outer loop
      vertex -2.344587 3.843459 1.306998
      vertex -1.896313 4.578104 1.608655
      vertex -2.551219 4.342311 1.554394
    endloop
  endfacet
  facet normal -0.025518 -0.156341 0.987373
    outer loop
      vertex -2.551219 4.342311 1.554394
      vertex -1.896313 4.578104 1.608655
      vertex -2.152594 5.196822 1.700000
    endloop
  endfacet
  facet normal -0.025518 -0.156341 0.987373
    outer loop
      vertex -2.551219 4.342311 1.554394
      vertex -2.152594 5.196822 1.700000
      vertex -2.794957 4.930747 1.641268
    endloop
  endfacet
  facet normal -0.128594 0.092506 0.987373
    outer loop
      vertex -2.794957 4.930747 1.641268
      vertex -2.152594 5.196822 1.700000
      vertex -2.408876 5.815541 1.608655
    endloop
  endfacet
  facet normal -0.128594 0.092506 0.987373
    outer loop
      vertex -2.794957 4.930747 1.641268
      vertex -2.408876 5.815541 1.608655
      vertex -3.038695 5.519183 1.554394
    endloop
  endfacet
  facet normal -0.242102 0.348739 0.905411
    outer loop
      vertex -3.038695 5.519183 1.554394
      vertex -2.408876 5.815541 1.608655
      vertex -2.626141 6.340065 1.348528
    endloop
  endfacet
  facet normal -0.242102 0.348739 0.905411
    outer loop
      vertex -3.038695 5.519183 1.554394
      vertex -2.626141 6.340065 1.348528
      vertex -3.245326 6.018035 1.306998
    endloop
  endfacet
  facet normal -0.368241 0.618520 0.694141
    outer loop
      vertex -3.245326 6.018035 1.306998
      vertex -2.626141 6.340065 1.348528
      vertex -2.771313 6.690541 0.959220
    endloop
  endfacet
  facet normal -0.368241 0.618520 0.694141
    outer loop
      vertex -3.245326 6.018035 1.306998
      vertex -2.771313 6.690541 0.959220
      vertex -3.383393 6.351358 0.936744
    endloop
  endfacet
  facet normal -0.473535 0.836194 0.276666
    outer loop
      vertex -3.383393 6.351358 0.936744
      vertex -2.771313 6.690541 0.959220
      vertex -2.822290 6.813612 0.500000
    endloop
  endfacet
  facet normal -0.473535 0.836194 0.276666
    outer loop
      vertex -3.383393 6.351358 0.936744
      vertex -2.822290 6.813612 0.500000
      vertex -3.431876 6.468405 0.500000
    endloop
  endfacet
  facet normal 0.473535 -0.836194 0.276666
    outer loop
      vertex -1.482898 3.580033 0.500000
      vertex -0.873313 3.925240 0.500000
      vertex -0.921796 4.042287 0.936744
    endloop
  endfacet
  facet normal 0.473535 -0.836194 0.276666
    outer loop
      vertex -1.482898 3.580033 0.500000
      vertex -0.921796 4.042287 0.936744
      vertex -1.533876 3.703104 0.959220
    endloop
  endfacet
  facet normal 0.368241 -0.618520 0.694141
    outer loop
      vertex -1.533876 3.703104 0.959220
      vertex -0.921796 4.042287 0.936744
      vertex -1.059862 4.375609 1.306998
    endloop
  endfacet
  facet normal 0.368241 -0.618520 0.694141
    outer loop
      vertex -1.533876 3.703104 0.959220
      vertex -1.059862 4.375609 1.306998
      vertex -1.679048 4.053580 1.348528
    endloop
  endfacet
  facet normal 0.242102 -0.348739 0.905411
    outer loop
      vertex -1.679048 4.053580 1.348528
      vertex -1.059862 4.375609 1.306998
      vertex -1.266493 4.874461 1.554394
    endloop
  endfacet
  facet normal 0.242102 -0.348739 0.905411
    outer loop
      vertex -1.679048 4.053580 1.348528
      vertex -1.266493 4.874461 1.554394
      vertex -1.896313 4.578104 1.608655
    endloop
  endfacet
  facet normal 0.128594 -0.092506 0.987373
    outer loop
      vertex -1.896313 4.578104 1.608655
      vertex -1.266493 4.874461 1.554394
      vertex -1.510232 5.462898 1.641268
    endloop
  endfacet
  facet normal 0.128594 -0.092506 0.987373
    outer loop
      vertex -1.896313 4.578104 1.608655
      vertex -1.510232 5.462898 1.641268
      vertex -2.152594 5.196822 1.700000
    endloop
  endfacet
  facet normal 0.025518 0.156341 0.987373
    outer loop
      vertex -2.152594 5.196822 1.700000
      vertex -1.510232 5.462898 1.641268
      vertex -1.753970 6.051334 1.554394
    endloop
  endfacet
  facet normal 0.025518 0.156341 0.987373
    outer loop
      vertex -2.152594 5.196822 1.700000
      vertex -1.753970 6.051334 1.554394
      vertex -2.408876 5.815541 1.608655
    endloop
  endfacet
  facet normal -0.075404 0.417787 0.905411
    outer loop
      vertex -2.408876 5.815541 1.608655
      vertex -1.753970 6.051334 1.554394
      vertex -1.960601 6.550186 1.306998
    endloop
  endfacet
  facet normal -0.075404 0.417787 0.905411
    outer loop
      vertex -2.408876 5.815541 1.608655
      vertex -1.960601 6.550186 1.306998
      vertex -2.626141 6.340065 1.348528
    endloop
  endfacet
  facet normal -0.176974 0.697745 0.694141
    outer loop
      vertex -2.626141 6.340065 1.348528
      vertex -1.960601 6.550186 1.306998
      vertex -2.098668 6.883508 0.936744
    endloop
  endfacet
  facet normal -0.176974 0.697745 0.694141
    outer loop
      vertex -2.626141 6.340065 1.348528
      vertex -2.098668 6.883508 0.936744
      vertex -2.771313 6.690541 0.959220
    endloop
  endfacet
  facet normal -0.256439 0.926118 0.276666
    outer loop
      vertex -2.771313 6.690541 0.959220
      vertex -2.098668 6.883508 0.936744
      vertex -2.147150 7.000556 0.500000
    endloop
  endfacet
  facet normal -0.256439 0.926118 0.276666
    outer loop
      vertex -2.771313 6.690541 0.959220
      vertex -2.147150 7.000556 0.500000
      vertex -2.822290 6.813612 0.500000
    endloop
  endfacet
  facet normal 0.672131 -0.693142 0.260374
    outer loop
      vertex -0.873313 3.925240 0.500000
      vertex -0.388953 4.394918 0.500000
      vertex -0.430194 4.494484 0.871517
    endloop
  endfacet
  facet normal 0.672131 -0.693142 0.260374
    outer loop
      vertex -0.873313 3.925240 0.500000
      vertex -0.430194 4.494484 0.871517
      vertex -0.921796 4.042287 0.936744
    endloop
  endfacet
  facet normal 0.553213 -0.505961 0.661784
    outer loop
      vertex -0.921796 4.042287 0.936744
      vertex -0.430194 4.494484 0.871517
      vertex -0.547641 4.778025 1.186474
    endloop
  endfacet
  facet normal 0.553213 -0.505961 0.661784
    outer loop
      vertex -0.921796 4.042287 0.936744
      vertex -0.547641 4.778025 1.186474
      vertex -1.059862 4.375609 1.306998
    endloop
  endfacet
  facet normal 0.411518 -0.262398 0.872812
    outer loop
      vertex -1.059862 4.375609 1.306998
      vertex -0.547641 4.778025 1.186474
      vertex -0.723412 5.202374 1.396921
    endloop
  endfacet
  facet normal 0.411518 -0.262398 0.872812
    outer loop
      vertex -1.059862 4.375609 1.306998
      vertex -0.723412 5.202374 1.396921
      vertex -1.266493 4.874461 1.554394
    endloop
  endfacet
  facet normal 0.290143 -0.021069 0.956751
    outer loop
      vertex -1.266493 4.874461 1.554394
      vertex -0.723412 5.202374 1.396921
      vertex -0.930748 5.702928 1.470820
    endloop
  endfacet
  facet normal 0.290143 -0.021069 0.956751
    outer loop
      vertex -1.266493 4.874461 1.554394
      vertex -0.930748 5.702928 1.470820
      vertex -1.510232 5.462898 1.641268
    endloop
  endfacet
  facet normal 0.190264 0.220060 0.956751
    outer loop
      vertex -1.510232 5.462898 1.641268
      vertex -0.930748 5.702928 1.470820
      vertex -1.138084 6.203481 1.396921
    endloop
  endfacet
  facet normal 0.190264 0.220060 0.956751
    outer loop
      vertex -1.510232 5.462898 1.641268
      vertex -1.138084 6.203481 1.396921
      vertex -1.753970 6.051334 1.554394
    endloop
  endfacet
  facet normal 0.105444 0.476530 0.872812
    outer loop
      vertex -1.753970 6.051334 1.554394
      vertex -1.138084 6.203481 1.396921
      vertex -1.313855 6.627830 1.186474
    endloop
  endfacet
  facet normal 0.105444 0.476530 0.872812
    outer loop
      vertex -1.753970 6.051334 1.554394
      vertex -1.313855 6.627830 1.186474
      vertex -1.960601 6.550186 1.306998
    endloop
  endfacet
  facet normal 0.033413 0.748949 0.661784
    outer loop
      vertex -1.960601 6.550186 1.306998
      vertex -1.313855 6.627830 1.186474
      vertex -1.431302 6.911371 0.871517
    endloop
  endfacet
  facet normal 0.033413 0.748949 0.661784
    outer loop
      vertex -1.960601 6.550186 1.306998
      vertex -1.431302 6.911371 0.871517
      vertex -2.098668 6.883508 0.936744
    endloop
  endfacet
  facet normal -0.014857 0.965393 0.260374
    outer loop
      vertex -2.098668 6.883508 0.936744
      vertex -1.431302 6.911371 0.871517
      vertex -1.472544 7.010938 0.500000
    endloop
  endfacet
  facet normal -0.014857 0.965393 0.260374
    outer loop
      vertex -2.098668 6.883508 0.936744
      vertex -1.472544 7.010938 0.500000
      vertex -2.147150 7.000556 0.500000
    endloop
  endfacet
  facet normal 0.847350 -0.481851 0.223199
    outer loop
      vertex -0.388953 4.394918 0.500000
      vertex -0.077230 4.943092 0.500000
      vertex -0.107194 5.015431 0.769923
    endloop
  endfacet
  facet normal 0.847350 -0.481851 0.223199
    outer loop
      vertex -0.388953 4.394918 0.500000
      vertex -0.107194 5.015431 0.769923
      vertex -0.430194 4.494484 0.871517
    endloop
  endfacet
  facet normal 0.736398 -0.342843 0.583246
    outer loop
      vertex -0.430194 4.494484 0.871517
      vertex -0.107194 5.015431 0.769923
      vertex -0.192524 5.221435 0.998752
    endloop
  endfacet
  facet normal 0.736398 -0.342843 0.583246
    outer loop
      vertex -0.430194 4.494484 0.871517
      vertex -0.192524 5.221435 0.998752
      vertex -0.547641 4.778025 1.186474
    endloop
  endfacet
  facet normal 0.597049 -0.144064 0.789163
    outer loop
      vertex -0.547641 4.778025 1.186474
      vertex -0.192524 5.221435 0.998752
      vertex -0.320229 5.529743 1.151651
    endloop
  endfacet
  facet normal 0.597049 -0.144064 0.789163
    outer loop
      vertex -0.547641 4.778025 1.186474
      vertex -0.320229 5.529743 1.151651
      vertex -0.723412 5.202374 1.396921
    endloop
  endfacet
  facet normal 0.477378 0.068404 0.876031
    outer loop
      vertex -0.723412 5.202374 1.396921
      vertex -0.320229 5.529743 1.151651
      vertex -0.470867 5.893417 1.205342
    endloop
  endfacet
  facet normal 0.477378 0.068404 0.876031
    outer loop
      vertex -0.723412 5.202374 1.396921
      vertex -0.470867 5.893417 1.205342
      vertex -0.930748 5.702928 1.470820
    endloop
  endfacet
  facet normal 0.385926 0.289189 0.876031
    outer loop
      vertex -0.930748 5.702928 1.470820
      vertex -0.470867 5.893417 1.205342
      vertex -0.621506 6.257090 1.151651
    endloop
  endfacet
  facet normal 0.385926 0.289189 0.876031
    outer loop
      vertex -0.930748 5.702928 1.470820
      vertex -0.621506 6.257090 1.151651
      vertex -1.138084 6.203481 1.396921
    endloop
  endfacet
  facet normal 0.320308 0.524046 0.789163
    outer loop
      vertex -1.138084 6.203481 1.396921
      vertex -0.621506 6.257090 1.151651
      vertex -0.749211 6.565398 0.998752
    endloop
  endfacet
  facet normal 0.320308 0.524046 0.789163
    outer loop
      vertex -1.138084 6.203481 1.396921
      vertex -0.749211 6.565398 0.998752
      vertex -1.313855 6.627830 1.186474
    endloop
  endfacet
  facet normal 0.278286 0.763139 0.583246
    outer loop
      vertex -1.313855 6.627830 1.186474
      vertex -0.749211 6.565398 0.998752
      vertex -0.834541 6.771402 0.769923
    endloop
  endfacet
  facet normal 0.278286 0.763139 0.583246
    outer loop
      vertex -1.313855 6.627830 1.186474
      vertex -0.834541 6.771402 0.769923
      vertex -1.431302 6.911371 0.871517
    endloop
  endfacet
  facet normal 0.258447 0.939887 0.223199
    outer loop
      vertex -1.431302 6.911371 0.871517
      vertex -0.834541 6.771402 0.769923
      vertex -0.864505 6.843741 0.500000
    endloop
  endfacet
  facet normal 0.258447 0.939887 0.223199
    outer loop
      vertex -1.431302 6.911371 0.871517
      vertex -0.864505 6.843741 0.500000
      vertex -1.472544 7.010938 0.500000
    endloop
  endfacet
  facet normal 0.970336 -0.183855 0.156989
    outer loop
      vertex -0.077230 4.943092 0.500000
      vertex 0.031342 5.516103 0.500000
      vertex 0.015589 5.554134 0.641907
    endloop
  endfacet
  facet normal 0.970336 -0.183855 0.156989
    outer loop
      vertex -0.077230 4.943092 0.500000
      vertex 0.015589 5.554134 0.641907
      vertex -0.107194 5.015431 0.769923
    endloop
  endfacet
  facet normal 0.898047 -0.103058 0.427657
    outer loop
      vertex -0.107194 5.015431 0.769923
      vertex 0.015589 5.554134 0.641907
      vertex -0.029272 5.662437 0.762210
    endloop
  endfacet
  facet normal 0.898047 -0.103058 0.427657
    outer loop
      vertex -0.107194 5.015431 0.769923
      vertex -0.029272 5.662437 0.762210
      vertex -0.192524 5.221435 0.998752
    endloop
  endfacet
  facet normal 0.795867 0.029750 0.604740
    outer loop
      vertex -0.192524 5.221435 0.998752
      vertex -0.029272 5.662437 0.762210
      vertex -0.096410 5.824523 0.842593
    endloop
  endfacet
  facet normal 0.795867 0.029750 0.604740
    outer loop
      vertex -0.192524 5.221435 0.998752
      vertex -0.096410 5.824523 0.842593
      vertex -0.320229 5.529743 1.151651
    endloop
  endfacet
  facet normal 0.700974 0.188819 0.687738
    outer loop
      vertex -0.320229 5.529743 1.151651
      vertex -0.096410 5.824523 0.842593
      vertex -0.175606 6.015718 0.870820
    endloop
  endfacet
  facet normal 0.700974 0.188819 0.687738
    outer loop
      vertex -0.320229 5.529743 1.151651
      vertex -0.175606 6.015718 0.870820
      vertex -0.470867 5.893417 1.205342
    endloop
  endfacet
  facet normal 0.629178 0.362148 0.687738
    outer loop
      vertex -0.470867 5.893417 1.205342
      vertex -0.175606 6.015718 0.870820
      vertex -0.254801 6.206912 0.842593
    endloop
  endfacet
  facet normal 0.629178 0.362148 0.687738
    outer loop
      vertex -0.470867 5.893417 1.205342
      vertex -0.254801 6.206912 0.842593
      vertex -0.621506 6.257090 1.151651
    endloop
  endfacet
  facet normal 0.583800 0.541726 0.604740
    outer loop
      vertex -0.621506 6.257090 1.151651
      vertex -0.254801 6.206912 0.842593
      vertex -0.321940 6.368999 0.762210
    endloop
  endfacet
  facet normal 0.583800 0.541726 0.604740
    outer loop
      vertex -0.621506 6.257090 1.151651
      vertex -0.321940 6.368999 0.762210
      vertex -0.749211 6.565398 0.998752
    endloop
  endfacet
  facet normal 0.562142 0.707888 0.427657
    outer loop
      vertex -0.749211 6.565398 0.998752
      vertex -0.321940 6.368999 0.762210
      vertex -0.366800 6.477302 0.641907
    endloop
  endfacet
  facet normal 0.562142 0.707888 0.427657
    outer loop
      vertex -0.749211 6.565398 0.998752
      vertex -0.366800 6.477302 0.641907
      vertex -0.834541 6.771402 0.769923
    endloop
  endfacet
  facet normal 0.556126 0.816136 0.156989
    outer loop
      vertex -0.834541 6.771402 0.769923
      vertex -0.366800 6.477302 0.641907
      vertex -0.382553 6.515333 0.500000
    endloop
  endfacet
  facet normal 0.556126 0.816136 0.156989
    outer loop
      vertex -0.834541 6.771402 0.769923
      vertex -0.382553 6.515333 0.500000
      vertex -0.864505 6.843741 0.500000
    endloop
  endfacet
  facet normal 0.000000 0.000000 1.000000
    outer loop
      vertex 0.031342 5.516103 0.500000
      vertex -0.073865 6.057860 0.500000
      vertex -0.073865 6.057860 0.500000
    endloop
  endfacet
  facet normal 0.980021 0.190316 0.057786
    outer loop
      vertex 0.031342 5.516103 0.500000
      vertex -0.073865 6.057860 0.500000
      vertex 0.015589 5.554134 0.641907
    endloop
  endfacet
  facet normal 0.000000 0.000000 1.000000
    outer loop
      vertex 0.015589 5.554134 0.641907
      vertex -0.073865 6.057860 0.500000
      vertex -0.073865 6.057860 0.500000
    endloop
  endfacet
  facet normal 0.962381 0.216975 0.163537
    outer loop
      vertex 0.015589 5.554134 0.641907
      vertex -0.073865 6.057860 0.500000
      vertex -0.029272 5.662437 0.762210
    endloop
  endfacet
  facet normal 0.000000 0.000000 1.000000
    outer loop
      vertex -0.029272 5.662437 0.762210
      vertex -0.073865 6.057860 0.500000
      vertex -0.073865 6.057860 0.500000
    endloop
  endfacet
  facet normal 0.932911 0.266098 0.242628
    outer loop
      vertex -0.029272 5.662437 0.762210
      vertex -0.073865 6.057860 0.500000
      vertex -0.096410 5.824523 0.842593
    endloop
  endfacet
  facet normal 0.000000 0.000000 1.000000
    outer loop
      vertex -0.096410 5.824523 0.842593
      vertex -0.073865 6.057860 0.500000
      vertex -0.073865 6.057860 0.500000
    endloop
  endfacet
  facet normal 0.899833 0.330725 0.284468
    outer loop
      vertex -0.096410 5.824523 0.842593
      vertex -0.073865 6.057860 0.500000
      vertex -0.175606 6.015718 0.870820
    endloop
  endfacet
  facet normal 0.000000 0.000000 1.000000
    outer loop
      vertex -0.175606 6.015718 0.870820
      vertex -0.073865 6.057860 0.500000
      vertex -0.073865 6.057860 0.500000
    endloop
  endfacet
  facet normal 0.870136 0.402420 0.284468
    outer loop
      vertex -0.175606 6.015718 0.870820
      vertex -0.073865 6.057860 0.500000
      vertex -0.254801 6.206912 0.842593
    endloop
  endfacet
  facet normal 0.000000 0.000000 1.000000
    outer loop
      vertex -0.254801 6.206912 0.842593
      vertex -0.073865 6.057860 0.500000
      vertex -0.073865 6.057860 0.500000
    endloop
  endfacet
  facet normal 0.847828 0.471508 0.242628
    outer loop
      vertex -0.254801 6.206912 0.842593
      vertex -0.073865 6.057860 0.500000
      vertex -0.321940 6.368999 0.762210
    endloop
  endfacet
  facet normal 0.000000 0.000000 1.000000
    outer loop
      vertex -0.321940 6.368999 0.762210
      vertex -0.073865 6.057860 0.500000
      vertex -0.073865 6.057860 0.500000
    endloop
  endfacet
  facet normal 0.833931 0.527082 0.163537
    outer loop
      vertex -0.321940 6.368999 0.762210
      vertex -0.073865 6.057860 0.500000
      vertex -0.366800 6.477302 0.641907
    endloop
  endfacet
  facet normal 0.000000 0.000000 1.000000
    outer loop
      vertex -0.366800 6.477302 0.641907
      vertex -0.073865 6.057860 0.500000
      vertex -0.073865 6.057860 0.500000
    endloop
  endfacet
  facet normal 0.827553 0.558405 0.057786
    outer loop
      vertex -0.366800 6.477302 0.641907
      vertex -0.073865 6.057860 0.500000
      vertex -0.382553 6.515333 0.500000
    endloop
  endfacet
  facet normal -0.190316 -0.980021 0.057786
    outer loop
      vertex -6.057860 0.073865 0.500000
      vertex -5.516103 -0.031342 0.500000
      vertex -5.554134 -0.015589 0.641907
    endloop
  endfacet
  facet normal 0.000000 0.000000 1.000000
    outer loop
      vertex -6.057860 0.073865 0.500000
      vertex -5.554134 -0.015589 0.641907
      vertex -6.057860 0.073865 0.500000
    endloop
  endfacet
  facet normal -0.216975 -0.962381 0.163537
    outer loop
      vertex -6.057860 0.073865 0.500000
      vertex -5.554134 -0.015589 0.641907
      vertex -5.662437 0.029272 0.762210
    endloop
  endfacet
  facet normal 0.000000 0.000000 1.000000
    outer loop
      vertex -6.057860 0.073865 0.500000
      vertex -5.662437 0.029272 0.762210
      vertex -6.057860 0.073865 0.500000
    endloop
  endfacet
  facet normal -0.266098 -0.932911 0.242628
    outer loop
      vertex -6.057860 0.073865 0.500000
      vertex -5.662437 0.029272 0.762210
      vertex -5.824523 0.096410 0.842593
    endloop
  endfacet
  facet normal 0.000000 0.000000 1.000000
    outer loop
      vertex -6.057860 0.073865 0.500000
      vertex -5.824523 0.096410 0.842593
      vertex -6.057860 0.073865 0.500000
    endloop
  endfacet
  facet normal -0.330725 -0.899833 0.284468
    outer loop
      vertex -6.057860 0.073865 0.500000
      vertex -5.824523 0.096410 0.842593
      vertex -6.015718 0.175606 0.870820
    endloop
  endfacet
  facet normal 0.000000 0.000000 1.000000
    outer loop
      vertex -6.057860 0.073865 0.500000
      vertex -6.015718 0.175606 0.870820
      vertex -6.057860 0.073865 0.500000
    endloop
  endfacet
  facet normal -0.402420 -0.870136 0.284468
    outer loop
      vertex -6.057860 0.073865 0.500000
      vertex -6.015718 0.175606 0.870820
      vertex -6.206912 0.254801 0.842593
    endloop
  endfacet
  facet normal 0.000000 0.000000 1.000000
    outer loop
      vertex -6.057860 0.073865 0.500000
      vertex -6.206912 0.254801 0.842593
      vertex -6.057860 0.073865 0.500000
    endloop
  endfacet
  facet normal -0.471508 -0.847828 0.242628
    outer loop
      vertex -6.057860 0.073865 0.500000
      vertex -6.206912 0.254801 0.842593
      vertex -6.368999 0.321940 0.762210
    endloop
  endfacet
  facet normal 0.000000 0.000000 1.000000
    outer loop
      vertex -6.057860 0.073865 0.500000
      vertex -6.368999 0.321940 0.762210
      vertex -6.057860 0.073865 0.500000
    endloop
  endfacet
  facet normal -0.527082 -0.833931 0.163537
    outer loop
      vertex -6.057860 0.073865 0.500000
      vertex -6.368999 0.321940 0.762210
      vertex -6.477302 0.366800 0.641907
    endloop
  endfacet
  facet normal 0.000000 0.000000 1.000000
    outer loop
      vertex -6.057860 0.073865 0.500000
      vertex -6.477302 0.366800 0.641907
      vertex -6.057860 0.073865 0.500000
    endloop
  endfacet
  facet normal -0.558405 -0.827553 0.057786
    outer loop
      vertex -6.057860 0.073865 0.500000
      vertex -6.477302 0.366800 0.641907
      vertex -6.515333 0.382553 0.500000
    endloop
  endfacet
  facet normal 0.000000 0.000000 1.000000
    outer loop
      vertex -6.057860 0.073865 0.500000
      vertex -6.515333 0.382553 0.500000
      vertex -6.057860 0.073865 0.500000
    endloop
  endfacet
  facet normal 0.183855 -0.970336 0.156989
    outer loop
      vertex -5.516103 -0.031342 0.500000
      vertex -4.943092 0.077230 0.500000
      vertex -5.015431 0.107194 0.769923
    endloop
  endfacet
  facet normal 0.183855 -0.970336 0.156989
    outer loop
      vertex -5.516103 -0.031342 0.500000
      vertex -5.015431 0.107194 0.769923
      vertex -5.554134 -0.015589 0.641907
    endloop
  endfacet
  facet normal 0.103058 -0.898047 0.427657
    outer loop
      vertex -5.554134 -0.015589 0.641907
      vertex -5.015431 0.107194 0.769923
      vertex -5.221435 0.192524 0.998752
    endloop
  endfacet
  facet normal 0.103058 -0.898047 0.427657
    outer loop
      vertex -5.554134 -0.015589 0.641907
      vertex -5.221435 0.192524 0.998752
      vertex -5.662437 0.029272 0.762210
    endloop
  endfacet
  facet normal -0.029750 -0.795867 0.604740
    outer loop
      vertex -5.662437 0.029272 0.762210
      vertex -5.221435 0.192524 0.998752
      vertex -5.529743 0.320229 1.151651
    endloop
  endfacet
  facet normal -0.029750 -0.795867 0.604740
    outer loop
      vertex -5.662437 0.029272 0.762210
      vertex -5.529743 0.320229 1.151651
      vertex -5.824523 0.096410 0.842593
    endloop
  endfacet
  facet normal -0.188819 -0.700974 0.687738
    outer loop
      vertex -5.824523 0.096410 0.842593
      vertex -5.529743 0.320229 1.151651
      vertex -5.893417 0.470867 1.205342
    endloop
  endfacet
  facet normal -0.188819 -0.700974 0.687738
    outer loop
      vertex -5.824523 0.096410 0.842593
      vertex -5.893417 0.470867 1.205342
      vertex -6.015718 0.175606 0.870820
    endloop
  endfacet
  facet normal -0.362148 -0.629178 0.687738
    outer loop
      vertex -6.015718 0.175606 0.870820
      vertex -5.893417 0.470867 1.205342
      vertex -6.257090 0.621506 1.151651
    endloop
  endfacet
  facet normal -0.362148 -0.629178 0.687738
    outer loop
      vertex -6.015718 0.175606 0.870820
      vertex -6.257090 0.621506 1.151651
      vertex -6.206912 0.254801 0.842593
    endloop
  endfacet
  facet normal -0.541726 -0.583800 0.604740
    outer loop
      vertex -6.206912 0.254801 0.842593
      vertex -6.257090 0.621506 1.151651
      vertex -6.565398 0.749211 0.998752
    endloop
  endfacet
  facet normal -0.541726 -0.583800 0.604740
    outer loop
      vertex -6.206912 0.254801 0.842593
      vertex -6.565398 0.749211 0.998752
      vertex -6.368999 0.321940 0.762210
    endloop
  endfacet
  facet normal -0.707888 -0.562142 0.427657
    outer loop
      vertex -6.368999 0.321940 0.762210
      vertex -6.565398 0.749211 0.998752
      vertex -6.771402 0.834541 0.769923
    endloop
  endfacet
  facet normal -0.707888 -0.562142 0.427657
    outer loop
      vertex -6.368999 0.321940 0.762210
      vertex -6.771402 0.834541 0.769923
      vertex -6.477302 0.366800 0.641907
    endloop
  endfacet
  facet normal -0.816136 -0.556126 0.156989
    outer loop
      vertex -6.477302 0.366800 0.641907
      vertex -6.771402 0.834541 0.769923
      vertex -6.843741 0.864505 0.500000
    endloop
  endfacet
  facet normal -0.816136 -0.556126 0.156989
    outer loop
      vertex -6.477302 0.366800 0.641907
      vertex -6.843741 0.864505 0.500000
      vertex -6.515333 0.382553 0.500000
    endloop
  endfacet
  facet normal 0.481851 -0.847350 0.223199
    outer loop
      vertex -4.943092 0.077230 0.500000
      vertex -4.394918 0.388953 0.500000
      vertex -4.494484 0.430194 0.871517
    endloop
  endfacet
  facet normal 0.481851 -0.847350 0.223199
    outer loop
      vertex -4.943092 0.077230 0.500000
      vertex -4.494484 0.430194 0.871517
      vertex -5.015431 0.107194 0.769923
    endloop
  endfacet
  facet normal 0.342843 -0.736398 0.583246
    outer loop
      vertex -5.015431 0.107194 0.769923
      vertex -4.494484 0.430194 0.871517
      vertex -4.778025 0.547641 1.186474
    endloop
  endfacet
  facet normal 0.342843 -0.736398 0.583246
    outer loop
      vertex -5.015431 0.107194 0.769923
      vertex -4.778025 0.547641 1.186474
      vertex -5.221435 0.192524 0.998752
    endloop
  endfacet
  facet normal 0.144064 -0.597049 0.789163
    outer loop
      vertex -5.221435 0.192524 0.998752
      vertex -4.778025 0.547641 1.186474
      vertex -5.202374 0.723412 1.396921
    endloop
  endfacet
  facet normal 0.144064 -0.597049 0.789163
    outer loop
      vertex -5.221435 0.192524 0.998752
      vertex -5.202374 0.723412 1.396921
      vertex -5.529743 0.320229 1.151651
    endloop
  endfacet
  facet normal -0.068404 -0.477378 0.876031
    outer loop
      vertex -5.529743 0.320229 1.151651
      vertex -5.202374 0.723412 1.396921
      vertex -5.702928 0.930748 1.470820
    endloop
  endfacet
  facet normal -0.068404 -0.477378 0.876031
    outer loop
      vertex -5.529743 0.320229 1.151651
      vertex -5.702928 0.930748 1.470820
      vertex -5.893417 0.470867 1.205342
    endloop
  endfacet
  facet normal -0.289189 -0.385926 0.876031
    outer loop
      vertex -5.893417 0.470867 1.205342
      vertex -5.702928 0.930748 1.470820
      vertex -6.203481 1.138084 1.396921
    endloop
  endfacet
  facet normal -0.289189 -0.385926 0.876031
    outer loop
      vertex -5.893417 0.470867 1.205342
      vertex -6.203481 1.138084 1.396921
      vertex -6.257090 0.621506 1.151651
    endloop
  endfacet
  facet normal -0.524046 -0.320308 0.789163
    outer loop
      vertex -6.257090 0.621506 1.151651
      vertex -6.203481 1.138084 1.396921
      vertex -6.627830 1.313855 1.186474
    endloop
  endfacet
  facet normal -0.524046 -0.320308 0.789163
    outer loop
      vertex -6.257090 0.621506 1.151651
      vertex -6.627830 1.313855 1.186474
      vertex -6.565398 0.749211 0.998752
    endloop
  endfacet
  facet normal -0.763139 -0.278286 0.583246
    outer loop
      vertex -6.565398 0.749211 0.998752
      vertex -6.627830 1.313855 1.186474
      vertex -6.911371 1.431302 0.871517
    endloop
  endfacet
  facet normal -0.763139 -0.278286 0.583246
    outer loop
      vertex -6.565398 0.749211 0.998752
      vertex -6.911371 1.431302 0.871517
      vertex -6.771402 0.834541 0.769923
    endloop
  endfacet
  facet normal -0.939887 -0.258447 0.223199
    outer loop
      vertex -6.771402 0.834541 0.769923
      vertex -6.911371 1.431302 0.871517
      vertex -7.010938 1.472544 0.500000
    endloop
  endfacet
  facet normal -0.939887 -0.258447 0.223199
    outer loop
      vertex -6.771402 0.834541 0.769923
      vertex -7.010938 1.472544 0.500000
      vertex -6.843741 0.864505 0.500000
    endloop
  endfacet
  facet normal 0.693142 -0.672131 0.260374
    outer loop
      vertex -4.394918 0.388953 0.500000
      vertex -3.925240 0.873313 0.500000
      vertex -4.042287 0.921796 0.936744
    endloop
  endfacet
  facet normal 0.693142 -0.672131 0.260374
    outer loop
      vertex -4.394918 0.388953 0.500000
      vertex -4.042287 0.921796 0.936744
      vertex -4.494484 0.430194 0.871517
    endloop
  endfacet
  facet normal 0.505961 -0.553213 0.661784
    outer loop
      vertex -4.494484 0.430194 0.871517
      vertex -4.042287 0.921796 0.936744
      vertex -4.375609 1.059862 1.306998
    endloop
  endfacet
  facet normal 0.505961 -0.553213 0.661784
    outer loop
      vertex -4.494484 0.430194 0.871517
      vertex -4.375609 1.059862 1.306998
      vertex -4.778025 0.547641 1.186474
    endloop
  endfacet
  facet normal 0.262398 -0.411518 0.872812
    outer loop
      vertex -4.778025 0.547641 1.186474
      vertex -4.375609 1.059862 1.306998
      vertex -4.874461 1.266493 1.554394
    endloop
  endfacet
  facet normal 0.262398 -0.411518 0.872812
    outer loop
      vertex -4.778025 0.547641 1.186474
      vertex -4.874461 1.266493 1.554394
      vertex -5.202374 0.723412 1.396921
    endloop
  endfacet
  facet normal 0.021069 -0.290143 0.956751
    outer loop
      vertex -5.202374 0.723412 1.396921
      vertex -4.874461 1.266493 1.554394
      vertex -5.462898 1.510232 1.641268
    endloop
  endfacet
  facet normal 0.021069 -0.290143 0.956751
    outer loop
      vertex -5.202374 0.723412 1.396921
      vertex -5.462898 1.510232 1.641268
      vertex -5.702928 0.930748 1.470820
    endloop
  endfacet
  facet normal -0.220060 -0.190264 0.956751
    outer loop
      vertex -5.702928 0.930748 1.470820
      vertex -5.462898 1.510232 1.641268
      vertex -6.051334 1.753970 1.554394
    endloop
  endfacet
  facet normal -0.220060 -0.190264 0.956751
    outer loop
      vertex -5.702928 0.930748 1.470820
      vertex -6.051334 1.753970 1.554394
      vertex -6.203481 1.138084 1.396921
    endloop
  endfacet
  facet normal -0.476530 -0.105444 0.872812
    outer loop
      vertex -6.203481 1.138084 1.396921
      vertex -6.051334 1.753970 1.554394
      vertex -6.550186 1.960601 1.306998
    endloop
  endfacet
  facet normal -0.476530 -0.105444 0.872812
    outer loop
      vertex -6.203481 1.138084 1.396921
      vertex -6.550186 1.960601 1.306998
      vertex -6.627830 1.313855 1.186474
    endloop
  endfacet
  facet normal -0.748949 -0.033413 0.661784
    outer loop
      vertex -6.627830 1.313855 1.186474
      vertex -6.550186 1.960601 1.306998
      vertex -6.883508 2.098668 0.936744
    endloop
  endfacet
  facet normal -0.748949 -0.033413 0.661784
    outer loop
      vertex -6.627830 1.313855 1.186474
      vertex -6.883508 2.098668 0.936744
      vertex -6.911371 1.431302 0.871517
    endloop
  endfacet
  facet normal -0.965393 0.014857 0.260374
    outer loop
      vertex -6.911371 1.431302 0.871517
      vertex -6.883508 2.098668 0.936744
      vertex -7.000556 2.147150 0.500000
    endloop
  endfacet
  facet normal -0.965393 0.014857 0.260374
    outer loop
      vertex -6.911371 1.431302 0.871517
      vertex -7.000556 2.147150 0.500000
      vertex -7.010938 1.472544 0.500000
    endloop
  endfacet
  facet normal 0.836194 -0.473535 0.276666
    outer loop
      vertex -3.925240 0.873313 0.500000
      vertex -3.580033 1.482898 0.500000
      vertex -3.703104 1.533876 0.959220
    endloop
  endfacet
  facet normal 0.836194 -0.473535 0.276666
    outer loop
      vertex -3.925240 0.873313 0.500000
      vertex -3.703104 1.533876 0.959220
      vertex -4.042287 0.921796 0.936744
    endloop
  endfacet
  facet normal 0.618520 -0.368241 0.694141
    outer loop
      vertex -4.042287 0.921796 0.936744
      vertex -3.703104 1.533876 0.959220
      vertex -4.053580 1.679048 1.348528
    endloop
  endfacet
  facet normal 0.618520 -0.368241 0.694141
    outer loop
      vertex -4.042287 0.921796 0.936744
      vertex -4.053580 1.679048 1.348528
      vertex -4.375609 1.059862 1.306998
    endloop
  endfacet
  facet normal 0.348739 -0.242102 0.905411
    outer loop
      vertex -4.375609 1.059862 1.306998
      vertex -4.053580 1.679048 1.348528
      vertex -4.578104 1.896313 1.608655
    endloop
  endfacet
  facet normal 0.348739 -0.242102 0.905411
    outer loop
      vertex -4.375609 1.059862 1.306998
      vertex -4.578104 1.896313 1.608655
      vertex -4.874461 1.266493 1.554394
    endloop
  endfacet
  facet normal 0.092506 -0.128594 0.987373
    outer loop
      vertex -4.874461 1.266493 1.554394
      vertex -4.578104 1.896313 1.608655
      vertex -5.196822 2.152594 1.700000
    endloop
  endfacet
  facet normal 0.092506 -0.128594 0.987373
    outer loop
      vertex -4.874461 1.266493 1.554394
      vertex -5.196822 2.152594 1.700000
      vertex -5.462898 1.510232 1.641268
    endloop
  endfacet
  facet normal -0.156341 -0.025518 0.987373
    outer loop
      vertex -5.462898 1.510232 1.641268
      vertex -5.196822 2.152594 1.700000
      vertex -5.815541 2.408876 1.608655
    endloop
  endfacet
  facet normal -0.156341 -0.025518 0.987373
    outer loop
      vertex -5.462898 1.510232 1.641268
      vertex -5.815541 2.408876 1.608655
      vertex -6.051334 1.753970 1.554394
    endloop
  endfacet
  facet normal -0.417787 0.075404 0.905411
    outer loop
      vertex -6.051334 1.753970 1.554394
      vertex -5.815541 2.408876 1.608655
      vertex -6.340065 2.626141 1.348528
    endloop
  endfacet
  facet normal -0.417787 0.075404 0.905411
    outer loop
      vertex -6.051334 1.753970 1.554394
      vertex -6.340065 2.626141 1.348528
      vertex -6.550186 1.960601 1.306998
    endloop
  endfacet
  facet normal -0.697745 0.176974 0.694141
    outer loop
      vertex -6.550186 1.960601 1.306998
      vertex -6.340065 2.626141 1.348528
      vertex -6.690541 2.771313 0.959220
    endloop
  endfacet
  facet normal -0.697745 0.176974 0.694141
    outer loop
      vertex -6.550186 1.960601 1.306998
      vertex -6.690541 2.771313 0.959220
      vertex -6.883508 2.098668 0.936744
    endloop
  endfacet
  facet normal -0.926118 0.256439 0.276666
    outer loop
      vertex -6.883508 2.098668 0.936744
      vertex -6.690541 2.771313 0.959220
      vertex -6.813612 2.822290 0.500000
    endloop
  endfacet
  facet normal -0.926118 0.256439 0.276666
    outer loop
      vertex -6.883508 2.098668 0.936744
      vertex -6.813612 2.822290 0.500000
      vertex -7.000556 2.147150 0.500000
    endloop
  endfacet
  facet normal 0.926118 -0.256439 0.276666
    outer loop
      vertex -3.580033 1.482898 0.500000
      vertex -3.393089 2.158038 0.500000
      vertex -3.510136 2.206521 0.936744
    endloop
  endfacet
  facet normal 0.926118 -0.256439 0.276666
    outer loop
      vertex -3.580033 1.482898 0.500000
      vertex -3.510136 2.206521 0.936744
      vertex -3.703104 1.533876 0.959220
    endloop
  endfacet
  facet normal 0.697745 -0.176974 0.694141
    outer loop
      vertex -3.703104 1.533876 0.959220
      vertex -3.510136 2.206521 0.936744
      vertex -3.843459 2.344587 1.306998
    endloop
  endfacet
  facet normal 0.697745 -0.176974 0.694141
    outer loop
      vertex -3.703104 1.533876 0.959220
      vertex -3.843459 2.344587 1.306998
      vertex -4.053580 1.679048 1.348528
    endloop
  endfacet
  facet normal 0.417787 -0.075404 0.905411
    outer loop
      vertex -4.053580 1.679048 1.348528
      vertex -3.843459 2.344587 1.306998
      vertex -4.342311 2.551219 1.554394
    endloop
  endfacet
  facet normal 0.417787 -0.075404 0.905411
    outer loop
      vertex -4.053580 1.679048 1.348528
      vertex -4.342311 2.551219 1.554394
      vertex -4.578104 1.896313 1.608655
    endloop
  endfacet
  facet normal 0.156341 0.025518 0.987373
    outer loop
      vertex -4.578104 1.896313 1.608655
      vertex -4.342311 2.551219 1.554394
      vertex -4.930747 2.794957 1.641268
    endloop
  endfacet
  facet normal 0.156341 0.025518 0.987373
    outer loop
      vertex -4.578104 1.896313 1.608655
      vertex -4.930747 2.794957 1.641268
      vertex -5.196822 2.152594 1.700000
    endloop
  endfacet
  facet normal -0.092506 0.128594 0.987373
    outer loop
      vertex -5.196822 2.152594 1.700000
      vertex -4.930747 2.794957 1.641268
      vertex -5.519183 3.038695 1.554394
    endloop
  endfacet
  facet normal -0.092506 0.128594 0.987373
    outer loop
      vertex -5.196822 2.152594 1.700000
      vertex -5.519183 3.038695 1.554394
      vertex -5.815541 2.408876 1.608655
    endloop
  endfacet
  facet normal -0.348739 0.242102 0.905411
    outer loop
      vertex -5.815541 2.408876 1.608655
      vertex -5.519183 3.038695 1.554394
      vertex -6.018035 3.245326 1.306998
    endloop
  endfacet
  facet normal -0.348739 0.242102 0.905411
    outer loop
      vertex -5.815541 2.408876 1.608655
      vertex -6.018035 3.245326 1.306998
      vertex -6.340065 2.626141 1.348528
    endloop
  endfacet
  facet normal -0.618520 0.368241 0.694141
    outer loop
      vertex -6.340065 2.626141 1.348528
      vertex -6.018035 3.245326 1.306998
      vertex -6.351358 3.383393 0.936744
    endloop
  endfacet
  facet normal -0.618520 0.368241 0.694141
    outer loop
      vertex -6.340065 2.626141 1.348528
      vertex -6.351358 3.383393 0.936744
      vertex -6.690541 2.771313 0.959220
    endloop
  endfacet
  facet normal -0.836194 0.473535 0.276666
    outer loop
      vertex -6.690541 2.771313 0.959220
      vertex -6.351358 3.383393 0.936744
      vertex -6.468405 3.431876 0.500000
    endloop
  endfacet
  facet normal -0.836194 0.473535 0.276666
    outer loop
      vertex -6.690541 2.771313 0.959220
      vertex -6.468405 3.431876 0.500000
      vertex -6.813612 2.822290 0.500000
    endloop
  endfacet
  facet normal 0.965393 -0.014857 0.260374
    outer loop
      vertex -3.393089 2.158038 0.500000
      vertex -3.382707 2.832645 0.500000
      vertex -3.482273 2.873887 0.871517
    endloop
  endfacet
  facet normal 0.965393 -0.014857 0.260374
    outer loop
      vertex -3.393089 2.158038 0.500000
      vertex -3.482273 2.873887 0.871517
      vertex -3.510136 2.206521 0.936744
    endloop
  endfacet
  facet normal 0.748949 0.033413 0.661784
    outer loop
      vertex -3.510136 2.206521 0.936744
      vertex -3.482273 2.873887 0.871517
      vertex -3.765814 2.991333 1.186474
    endloop
  endfacet
  facet normal 0.748949 0.033413 0.661784
    outer loop
      vertex -3.510136 2.206521 0.936744
      vertex -3.765814 2.991333 1.186474
      vertex -3.843459 2.344587 1.306998
    endloop
  endfacet
  facet normal 0.476530 0.105444 0.872812
    outer loop
      vertex -3.843459 2.344587 1.306998
      vertex -3.765814 2.991333 1.186474
      vertex -4.190163 3.167104 1.396921
    endloop
  endfacet
  facet normal 0.476530 0.105444 0.872812
    outer loop
      vertex -3.843459 2.344587 1.306998
      vertex -4.190163 3.167104 1.396921
      vertex -4.342311 2.551219 1.554394
    endloop
  endfacet
  facet normal 0.220060 0.190264 0.956751
    outer loop
      vertex -4.342311 2.551219 1.554394
      vertex -4.190163 3.167104 1.396921
      vertex -4.690717 3.374441 1.470820
    endloop
  endfacet
  facet normal 0.220060 0.190264 0.956751
    outer loop
      vertex -4.342311 2.551219 1.554394
      vertex -4.690717 3.374441 1.470820
      vertex -4.930747 2.794957 1.641268
    endloop
  endfacet
  facet normal -0.021069 0.290143 0.956751
    outer loop
      vertex -4.930747 2.794957 1.641268
      vertex -4.690717 3.374441 1.470820
      vertex -5.191271 3.581777 1.396921
    endloop
  endfacet
  facet normal -0.021069 0.290143 0.956751
    outer loop
      vertex -4.930747 2.794957 1.641268
      vertex -5.191271 3.581777 1.396921
      vertex -5.519183 3.038695 1.554394
    endloop
  endfacet
  facet normal -0.262398 0.411518 0.872812
    outer loop
      vertex -5.519183 3.038695 1.554394
      vertex -5.191271 3.581777 1.396921
      vertex -5.615620 3.757548 1.186474
    endloop
  endfacet
  facet normal -0.262398 0.411518 0.872812
    outer loop
      vertex -5.519183 3.038695 1.554394
      vertex -5.615620 3.757548 1.186474
      vertex -6.018035 3.245326 1.306998
    endloop
  endfacet
  facet normal -0.505961 0.553213 0.661784
    outer loop
      vertex -6.018035 3.245326 1.306998
      vertex -5.615620 3.757548 1.186474
      vertex -5.899161 3.874994 0.871517
    endloop
  endfacet
  facet normal -0.505961 0.553213 0.661784
    outer loop
      vertex -6.018035 3.245326 1.306998
      vertex -5.899161 3.874994 0.871517
      vertex -6.351358 3.383393 0.936744
    endloop
  endfacet
  facet normal -0.693142 0.672131 0.260374
    outer loop
      vertex -6.351358 3.383393 0.936744
      vertex -5.899161 3.874994 0.871517
      vertex -5.998727 3.916236 0.500000
    endloop
  endfacet
  facet normal -0.693142 0.672131 0.260374
    outer loop
      vertex -6.351358 3.383393 0.936744
      vertex -5.998727 3.916236 0.500000
      vertex -6.468405 3.431876 0.500000
    endloop
  endfacet
  facet normal 0.939887 0.258447 0.223199
    outer loop
      vertex -3.382707 2.832645 0.500000
      vertex -3.549903 3.440684 0.500000
      vertex -3.622243 3.470648 0.769923
    endloop
  endfacet
  facet normal 0.939887 0.258447 0.223199
    outer loop
      vertex -3.382707 2.832645 0.500000
      vertex -3.622243 3.470648 0.769923
      vertex -3.482273 2.873887 0.871517
    endloop
  endfacet
  facet normal 0.763139 0.278286 0.583246
    outer loop
      vertex -3.482273 2.873887 0.871517
      vertex -3.622243 3.470648 0.769923
      vertex -3.828247 3.555978 0.998752
    endloop
  endfacet
  facet normal 0.763139 0.278286 0.583246
    outer loop
      vertex -3.482273 2.873887 0.871517
      vertex -3.828247 3.555978 0.998752
      vertex -3.765814 2.991333 1.186474
    endloop
  endfacet
  facet normal 0.524046 0.320308 0.789163
    outer loop
      vertex -3.765814 2.991333 1.186474
      vertex -3.828247 3.555978 0.998752
      vertex -4.136555 3.683683 1.151651
    endloop
  endfacet
  facet normal 0.524046 0.320308 0.789163
    outer loop
      vertex -3.765814 2.991333 1.186474
      vertex -4.136555 3.683683 1.151651
      vertex -4.190163 3.167104 1.396921
    endloop
  endfacet
  facet normal 0.289189 0.385926 0.876031
    outer loop
      vertex -4.190163 3.167104 1.396921
      vertex -4.136555 3.683683 1.151651
      vertex -4.500228 3.834321 1.205342
    endloop
  endfacet
  facet normal 0.289189 0.385926 0.876031
    outer loop
      vertex -4.190163 3.167104 1.396921
      vertex -4.500228 3.834321 1.205342
      vertex -4.690717 3.374441 1.470820
    endloop
  endfacet
  facet normal 0.068404 0.477378 0.876031
    outer loop
      vertex -4.690717 3.374441 1.470820
      vertex -4.500228 3.834321 1.205342
      vertex -4.863902 3.984960 1.151651
    endloop
  endfacet
  facet normal 0.068404 0.477378 0.876031
    outer loop
      vertex -4.690717 3.374441 1.470820
      vertex -4.863902 3.984960 1.151651
      vertex -5.191271 3.581777 1.396921
    endloop
  endfacet
  facet normal -0.144064 0.597049 0.789163
    outer loop
      vertex -5.191271 3.581777 1.396921
      vertex -4.863902 3.984960 1.151651
      vertex -5.172209 4.112665 0.998752
    endloop
  endfacet
  facet normal -0.144064 0.597049 0.789163
    outer loop
      vertex -5.191271 3.581777 1.396921
      vertex -5.172209 4.112665 0.998752
      vertex -5.615620 3.757548 1.186474
    endloop
  endfacet
  facet normal -0.342843 0.736398 0.583246
    outer loop
      vertex -5.615620 3.757548 1.186474
      vertex -5.172209 4.112665 0.998752
      vertex -5.378214 4.197995 0.769923
    endloop
  endfacet
  facet normal -0.342843 0.736398 0.583246
    outer loop
      vertex -5.615620 3.757548 1.186474
      vertex -5.378214 4.197995 0.769923
      vertex -5.899161 3.874994 0.871517
    endloop
  endfacet
  facet normal -0.481851 0.847350 0.223199
    outer loop
      vertex -5.899161 3.874994 0.871517
      vertex -5.378214 4.197995 0.769923
      vertex -5.450553 4.227959 0.500000
    endloop
  endfacet
  facet normal -0.481851 0.847350 0.223199
    outer loop
      vertex -5.899161 3.874994 0.871517
      vertex -5.450553 4.227959 0.500000
      vertex -5.998727 3.916236 0.500000
    endloop
  endfacet
  facet normal 0.816136 0.556126 0.156989
    outer loop
      vertex -3.549903 3.440684 0.500000
      vertex -3.878311 3.922636 0.500000
      vertex -3.916342 3.938389 0.641907
    endloop
  endfacet
  facet normal 0.816136 0.556126 0.156989
    outer loop
      vertex -3.549903 3.440684 0.500000
      vertex -3.916342 3.938389 0.641907
      vertex -3.622243 3.470648 0.769923
    endloop
  endfacet
  facet normal 0.707888 0.562142 0.427657
    outer loop
      vertex -3.622243 3.470648 0.769923
      vertex -3.916342 3.938389 0.641907
      vertex -4.024645 3.983249 0.762210
    endloop
  endfacet
  facet normal 0.707888 0.562142 0.427657
    outer loop
      vertex -3.622243 3.470648 0.769923
      vertex -4.024645 3.983249 0.762210
      vertex -3.828247 3.555978 0.998752
    endloop
  endfacet
  facet normal 0.541726 0.583800 0.604740
    outer loop
      vertex -3.828247 3.555978 0.998752
      vertex -4.024645 3.983249 0.762210
      vertex -4.186732 4.050388 0.842593
    endloop
  endfacet
  facet normal 0.541726 0.583800 0.604740
    outer loop
      vertex -3.828247 3.555978 0.998752
      vertex -4.186732 4.050388 0.842593
      vertex -4.136555 3.683683 1.151651
    endloop
  endfacet
  facet normal 0.362148 0.629178 0.687738
    outer loop
      vertex -4.136555 3.683683 1.151651
      vertex -4.186732 4.050388 0.842593
      vertex -4.377927 4.129583 0.870820
    endloop
  endfacet
  facet normal 0.362148 0.629178 0.687738
    outer loop
      vertex -4.136555 3.683683 1.151651
      vertex -4.377927 4.129583 0.870820
      vertex -4.500228 3.834321 1.205342
    endloop
  endfacet
  facet normal 0.188819 0.700974 0.687738
    outer loop
      vertex -4.500228 3.834321 1.205342
      vertex -4.377927 4.129583 0.870820
      vertex -4.569121 4.208778 0.842593
    endloop
  endfacet
  facet normal 0.188819 0.700974 0.687738
    outer loop
      vertex -4.500228 3.834321 1.205342
      vertex -4.569121 4.208778 0.842593
      vertex -4.863902 3.984960 1.151651
    endloop
  endfacet
  facet normal 0.029750 0.795867 0.604740
    outer loop
      vertex -4.863902 3.984960 1.151651
      vertex -4.569121 4.208778 0.842593
      vertex -4.731208 4.275917 0.762210
    endloop
  endfacet
  facet normal 0.029750 0.795867 0.604740
    outer loop
      vertex -4.863902 3.984960 1.151651
      vertex -4.731208 4.275917 0.762210
      vertex -5.172209 4.112665 0.998752
    endloop
  endfacet
  facet normal -0.103058 0.898047 0.427657
    outer loop
      vertex -5.172209 4.112665 0.998752
      vertex -4.731208 4.275917 0.762210
      vertex -4.839511 4.320778 0.641907
    endloop
  endfacet
  facet normal -0.103058 0.898047 0.427657
    outer loop
      vertex -5.172209 4.112665 0.998752
      vertex -4.839511 4.320778 0.641907
      vertex -5.378214 4.197995 0.769923
    endloop
  endfacet
  facet normal -0.183855 0.970336 0.156989
    outer loop
      vertex -5.378214 4.197995 0.769923
      vertex -4.839511 4.320778 0.641907
      vertex -4.877542 4.336530 0.500000
    endloop
  endfacet
  facet normal -0.183855 0.970336 0.156989
    outer loop
      vertex -5.378214 4.197995 0.769923
      vertex -4.877542 4.336530 0.500000
      vertex -5.450553 4.227959 0.500000
    endloop
  endfacet
  facet normal 0.000000 0.000000 1.000000
    outer loop
      vertex -3.878311 3.922636 0.500000
      vertex -4.335785 4.231323 0.500000
      vertex -4.335785 4.231323 0.500000
    endloop
  endfacet
  facet normal 0.558405 0.827553 0.057786
    outer loop
      vertex -3.878311 3.922636 0.500000
      vertex -4.335785 4.231323 0.500000
      vertex -3.916342 3.938389 0.641907
    endloop
  endfacet
  facet normal 0.000000 0.000000 1.000000
    outer loop
      vertex -3.916342 3.938389 0.641907
      vertex -4.335785 4.231323 0.500000
      vertex -4.335785 4.231323 0.500000
    endloop
  endfacet
  facet normal 0.527082 0.833931 0.163537
    outer loop
      vertex -3.916342 3.938389 0.641907
      vertex -4.335785 4.231323 0.500000
      vertex -4.024645 3.983249 0.762210
    endloop
  endfacet
  facet normal 0.000000 0.000000 1.000000
    outer loop
      vertex -4.024645 3.983249 0.762210
      vertex -4.335785 4.231323 0.500000
      vertex -4.335785 4.231323 0.500000
    endloop
  endfacet
  facet normal 0.471508 0.847828 0.242628
    outer loop
      vertex -4.024645 3.983249 0.762210
      vertex -4.335785 4.231323 0.500000
      vertex -4.186732 4.050388 0.842593
    endloop
  endfacet
  facet normal 0.000000 0.000000 1.000000
    outer loop
      vertex -4.186732 4.050388 0.842593
      vertex -4.335785 4.231323 0.500000
      vertex -4.335785 4.231323 0.500000
    endloop
  endfacet
  facet normal 0.402420 0.870136 0.284468
    outer loop
      vertex -4.186732 4.050388 0.842593
      vertex -4.335785 4.231323 0.500000
      vertex -4.377927 4.129583 0.870820
    endloop
  endfacet
  facet normal 0.000000 0.000000 1.000000
    outer loop
      vertex -4.377927 4.129583 0.870820
      vertex -4.335785 4.231323 0.500000
      vertex -4.335785 4.231323 0.500000
    endloop
  endfacet
  facet normal 0.330725 0.899833 0.284468
    outer loop
      vertex -4.377927 4.129583 0.870820
      vertex -4.335785 4.231323 0.500000
      vertex -4.569121 4.208778 0.842593
    endloop
  endfacet
  facet normal 0.000000 0.000000 1.000000
    outer loop
      vertex -4.569121 4.208778 0.842593
      vertex -4.335785 4.231323 0.500000
      vertex -4.335785 4.231323 0.500000
    endloop
  endfacet
  facet normal 0.266098 0.932911 0.242628
    outer loop
      vertex -4.569121 4.208778 0.842593
      vertex -4.335785 4.231323 0.500000
      vertex -4.731208 4.275917 0.762210
    endloop
  endfacet
  facet normal 0.000000 0.000000 1.000000
    outer loop
      vertex -4.731208 4.275917 0.762210
      vertex -4.335785 4.231323 0.500000
      vertex -4.335785 4.231323 0.500000
    endloop
  endfacet
  facet normal 0.216975 0.962381 0.163537
    outer loop
      vertex -4.731208 4.275917 0.762210
      vertex -4.335785 4.231323 0.500000
      vertex -4.839511 4.320778 0.641907
    endloop
  endfacet
  facet normal 0.000000 0.000000 1.000000
    outer loop
      vertex -4.839511 4.320778 0.641907
      vertex -4.335785 4.231323 0.500000
      vertex -4.335785 4.231323 0.500000
    endloop
  endfacet
  facet normal 0.190316 0.980021 0.057786
    outer loop
      vertex -4.839511 4.320778 0.641907
      vertex -4.335785 4.231323 0.500000
      vertex -4.877542 4.336530 0.500000
    endloop
  endfacet
  facet normal 0.558405 -0.827553 0.057786
    outer loop
      vertex -4.335785 -4.231323 0.500000
      vertex -3.878311 -3.922636 0.500000
      vertex -3.916342 -3.938389 0.641907
    endloop
  endfacet
  facet normal 0.000000 0.000000 1.000000
    outer loop
      vertex -4.335785 -4.231323 0.500000
      vertex -3.916342 -3.938389 0.641907
      vertex -4.335785 -4.231323 0.500000
    endloop
  endfacet
  facet normal 0.527082 -0.833931 0.163537
    outer loop
      vertex -4.335785 -4.231323 0.500000
      vertex -3.916342 -3.938389 0.641907
      vertex -4.024645 -3.983249 0.762210
    endloop
  endfacet
  facet normal 0.000000 0.000000 1.000000
    outer loop
      vertex -4.335785 -4.231323 0.500000
      vertex -4.024645 -3.983249 0.762210
      vertex -4.335785 -4.231323 0.500000
    endloop
  endfacet
  facet normal 0.471508 -0.847828 0.242628
    outer loop
      vertex -4.335785 -4.231323 0.500000
      vertex -4.024645 -3.983249 0.762210
      vertex -4.186732 -4.050388 0.842593
    endloop
  endfacet
  facet normal 0.000000 0.000000 1.000000
    outer loop
      vertex -4.335785 -4.231323 0.500000
      vertex -4.186732 -4.050388 0.842593
      vertex -4.335785 -4.231323 0.500000
    endloop
  endfacet
  facet normal 0.402420 -0.870136 0.284468
    outer loop
      vertex -4.335785 -4.231323 0.500000
      vertex -4.186732 -4.050388 0.842593
      vertex -4.377927 -4.129583 0.870820
    endloop
  endfacet
  facet normal 0.000000 0.000000 1.000000
    outer loop
      vertex -4.335785 -4.231323 0.500000
      vertex -4.377927 -4.129583 0.870820
      vertex -4.335785 -4.231323 0.500000
    endloop
  endfacet
  facet normal 0.330725 -0.899833 0.284468
    outer loop
      vertex -4.335785 -4.231323 0.500000
      vertex -4.377927 -4.129583 0.870820
      vertex -4.569121 -4.208778 0.842593
    endloop
  endfacet
  facet normal 0.000000 0.000000 1.000000
    outer loop
      vertex -4.335785 -4.231323 0.500000
      vertex -4.569121 -4.208778 0.842593
      vertex -4.335785 -4.231323 0.500000
    endloop
  endfacet
  facet normal 0.266098 -0.932911 0.242628
    outer loop
      vertex -4.335785 -4.231323 0.500000
      vertex -4.569121 -4.208778 0.842593
      vertex -4.731208 -4.275917 0.762210
    endloop
  endfacet
  facet normal 0.000000 0.000000 1.000000
    outer loop
      vertex -4.335785 -4.231323 0.500000
      vertex -4.731208 -4.275917 0.762210
      vertex -4.335785 -4.231323 0.500000
    endloop
  endfacet
  facet normal 0.216975 -0.962381 0.163537
    outer loop
      vertex -4.335785 -4.231323 0.500000
      vertex -4.731208 -4.275917 0.762210
      vertex -4.839511 -4.320778 0.641907
    endloop
  endfacet
  facet normal 0.000000 0.000000 1.000000
    outer loop
      vertex -4.335785 -4.231323 0.500000
      vertex -4.839511 -4.320778 0.641907
      vertex -4.335785 -4.231323 0.500000
    endloop
  endfacet
  facet normal 0.190316 -0.980021 0.057786
    outer loop
      vertex -4.335785 -4.231323 0.500000
      vertex -4.839511 -4.320778 0.641907
      vertex -4.877542 -4.336530 0.500000
    endloop
  endfacet
  facet normal 0.000000 0.000000 1.000000
    outer loop
      vertex -4.335785 -4.231323 0.500000
      vertex -4.877542 -4.336530 0.500000
      vertex -4.335785 -4.231323 0.500000
    endloop
  endfacet
  facet normal 0.816136 -0.556126 0.156989
    outer loop
      vertex -3.878311 -3.922636 0.500000
      vertex -3.549903 -3.440684 0.500000
      vertex -3.622243 -3.470648 0.769923
    endloop
  endfacet
  facet normal 0.816136 -0.556126 0.156989
    outer loop
      vertex -3.878311 -3.922636 0.500000
      vertex -3.622243 -3.470648 0.769923
      vertex -3.916342 -3.938389 0.641907
    endloop
  endfacet
  facet normal 0.707888 -0.562142 0.427657
    outer loop
      vertex -3.916342 -3.938389 0.641907
      vertex -3.622243 -3.470648 0.769923
      vertex -3.828247 -3.555978 0.998752
    endloop
  endfacet
  facet normal 0.707888 -0.562142 0.427657
    outer loop
      vertex -3.916342 -3.938389 0.641907
      vertex -3.828247 -3.555978 0.998752
      vertex -4.024645 -3.983249 0.762210
    endloop
  endfacet
  facet normal 0.541726 -0.583800 0.604740
    outer loop
      vertex -4.024645 -3.983249 0.762210
      vertex -3.828247 -3.555978 0.998752
      vertex -4.136555 -3.683683 1.151651
    endloop
  endfacet
  facet normal 0.541726 -0.583800 0.604740
    outer loop
      vertex -4.024645 -3.983249 0.762210
      vertex -4.136555 -3.683683 1.151651
      vertex -4.186732 -4.050388 0.842593
    endloop
  endfacet
  facet normal 0.362148 -0.629178 0.687738
    outer loop
      vertex -4.186732 -4.050388 0.842593
      vertex -4.136555 -3.683683 1.151651
      vertex -4.500228 -3.834321 1.205342
    endloop
  endfacet
  facet normal 0.362148 -0.629178 0.687738
    outer loop
      vertex -4.186732 -4.050388 0.842593
      vertex -4.500228 -3.834321 1.205342
      vertex -4.377927 -4.129583 0.870820
    endloop
  endfacet
  facet normal 0.188819 -0.700974 0.687738
    outer loop
      vertex -4.377927 -4.129583 0.870820
      vertex -4.500228 -3.834321 1.205342
      vertex -4.863902 -3.984960 1.151651
    endloop
  endfacet
  facet normal 0.188819 -0.700974 0.687738
    outer loop
      vertex -4.377927 -4.129583 0.870820
      vertex -4.863902 -3.984960 1.151651
      vertex -4.569121 -4.208778 0.842593
    endloop
  endfacet
  facet normal 0.029750 -0.795867 0.604740
    outer loop
      vertex -4.569121 -4.208778 0.842593
      vertex -4.863902 -3.984960 1.151651
      vertex -5.172209 -4.112665 0.998752
    endloop
  endfacet
  facet normal 0.029750 -0.795867 0.604740
    outer loop
      vertex -4.569121 -4.208778 0.842593
      vertex -5.172209 -4.112665 0.998752
      vertex -4.731208 -4.275917 0.762210
    endloop
  endfacet
  facet normal -0.103058 -0.898047 0.427657
    outer loop
      vertex -4.731208 -4.275917 0.762210
      vertex -5.172209 -4.112665 0.998752
      vertex -5.378214 -4.197995 0.769923
    endloop
  endfacet
  facet normal -0.103058 -0.898047 0.427657
    outer loop
      vertex -4.731208 -4.275917 0.762210
      vertex -5.378214 -4.197995 0.769923
      vertex -4.839511 -4.320778 0.641907
    endloop
  endfacet
  facet normal -0.183855 -0.970336 0.156989
    outer loop
      vertex -4.839511 -4.320778 0.641907
      vertex -5.378214 -4.197995 0.769923
      vertex -5.450553 -4.227959 0.500000
    endloop
  endfacet
  facet normal -0.183855 -0.970336 0.156989
    outer loop
      vertex -4.839511 -4.320778 0.641907
      vertex -5.450553 -4.227959 0.500000
      vertex -4.877542 -4.336530 0.500000
    endloop
  endfacet
  facet normal 0.939887 -0.258447 0.223199
    outer loop
      vertex -3.549903 -3.440684 0.500000
      vertex -3.382707 -2.832645 0.500000
      vertex -3.482273 -2.873887 0.871517
    endloop
  endfacet
  facet normal 0.939887 -0.258447 0.223199
    outer loop
      vertex -3.549903 -3.440684 0.500000
      vertex -3.482273 -2.873887 0.871517
      vertex -3.622243 -3.470648 0.769923
    endloop
  endfacet
  facet normal 0.763139 -0.278286 0.583246
    outer loop
      vertex -3.622243 -3.470648 0.769923
      vertex -3.482273 -2.873887 0.871517
      vertex -3.765814 -2.991333 1.186474
    endloop
  endfacet
  facet normal 0.763139 -0.278286 0.583246
    outer loop
      vertex -3.622243 -3.470648 0.769923
      vertex -3.765814 -2.991333 1.186474
      vertex -3.828247 -3.555978 0.998752
    endloop
  endfacet
  facet normal 0.524046 -0.320308 0.789163
    outer loop
      vertex -3.828247 -3.555978 0.998752
      vertex -3.765814 -2.991333 1.186474
      vertex -4.190163 -3.167104 1.396921
    endloop
  endfacet
  facet normal 0.524046 -0.320308 0.789163
    outer loop
      vertex -3.828247 -3.555978 0.998752
      vertex -4.190163 -3.167104 1.396921
      vertex -4.136555 -3.683683 1.151651
    endloop
  endfacet
  facet normal 0.289189 -0.385926 0.876031
    outer loop
      vertex -4.136555 -3.683683 1.151651
      vertex -4.190163 -3.167104 1.396921
      vertex -4.690717 -3.374441 1.470820
    endloop
  endfacet
  facet normal 0.289189 -0.385926 0.876031
    outer loop
      vertex -4.136555 -3.683683 1.151651
      vertex -4.690717 -3.374441 1.470820
      vertex -4.500228 -3.834321 1.205342
    endloop
  endfacet
  facet normal 0.068404 -0.477378 0.876031
    outer loop
      vertex -4.500228 -3.834321 1.205342
      vertex -4.690717 -3.374441 1.470820
      vertex -5.191271 -3.581777 1.396921
    endloop
  endfacet
  facet normal 0.068404 -0.477378 0.876031
    outer loop
      vertex -4.500228 -3.834321 1.205342
      vertex -5.191271 -3.581777 1.396921
      vertex -4.863902 -3.984960 1.151651
    endloop
  endfacet
  facet normal -0.144064 -0.597049 0.789163
    outer loop
      vertex -4.863902 -3.984960 1.151651
      vertex -5.191271 -3.581777 1.396921
      vertex -5.615620 -3.757548 1.186474
    endloop
  endfacet
  facet normal -0.144064 -0.597049 0.789163
    outer loop
      vertex -4.863902 -3.984960 1.151651
      vertex -5.615620 -3.757548 1.186474
      vertex -5.172209 -4.112665 0.998752
    endloop
  endfacet
  facet normal -0.342843 -0.736398 0.583246
    outer loop
      vertex -5.172209 -4.112665 0.998752
      vertex -5.615620 -3.757548 1.186474
      vertex -5.899161 -3.874994 0.871517
    endloop
  endfacet
  facet normal -0.342843 -0.736398 0.583246
    outer loop
      vertex -5.172209 -4.112665 0.998752
      vertex -5.899161 -3.874994 0.871517
      vertex -5.378214 -4.197995 0.769923
    endloop
  endfacet
  facet normal -0.481851 -0.847350 0.223199
    outer loop
      vertex -5.378214 -4.197995 0.769923
      vertex -5.899161 -3.874994 0.871517
      vertex -5.998727 -3.916236 0.500000
    endloop
  endfacet
  facet normal -0.481851 -0.847350 0.223199
    outer loop
      vertex -5.378214 -4.197995 0.769923
      vertex -5.998727 -3.916236 0.500000
      vertex -5.450553 -4.227959 0.500000
    endloop
  endfacet
  facet normal 0.965393 0.014857 0.260374
    outer loop
      vertex -3.382707 -2.832645 0.500000
      vertex -3.393089 -2.158038 0.500000
      vertex -3.510136 -2.206521 0.936744
    endloop
  endfacet
  facet normal 0.965393 0.014857 0.260374
    outer loop
      vertex -3.382707 -2.832645 0.500000
      vertex -3.510136 -2.206521 0.936744
      vertex -3.482273 -2.873887 0.871517
    endloop
  endfacet
  facet normal 0.748949 -0.033413 0.661784
    outer loop
      vertex -3.482273 -2.873887 0.871517
      vertex -3.510136 -2.206521 0.936744
      vertex -3.843459 -2.344587 1.306998
    endloop
  endfacet
  facet normal 0.748949 -0.033413 0.661784
    outer loop
      vertex -3.482273 -2.873887 0.871517
      vertex -3.843459 -2.344587 1.306998
      vertex -3.765814 -2.991333 1.186474
    endloop
  endfacet
  facet normal 0.476530 -0.105444 0.872812
    outer loop
      vertex -3.765814 -2.991333 1.186474
      vertex -3.843459 -2.344587 1.306998
      vertex -4.342311 -2.551219 1.554394
    endloop
  endfacet
  facet normal 0.476530 -0.105444 0.872812
    outer loop
      vertex -3.765814 -2.991333 1.186474
      vertex -4.342311 -2.551219 1.554394
      vertex -4.190163 -3.167104 1.396921
    endloop
  endfacet
  facet normal 0.220060 -0.190264 0.956751
    outer loop
      vertex -4.190163 -3.167104 1.396921
      vertex -4.342311 -2.551219 1.554394
      vertex -4.930747 -2.794957 1.641268
    endloop
  endfacet
  facet normal 0.220060 -0.190264 0.956751
    outer loop
      vertex -4.190163 -3.167104 1.396921
      vertex -4.930747 -2.794957 1.641268
      vertex -4.690717 -3.374441 1.470820
    endloop
  endfacet
  facet normal -0.021069 -0.290143 0.956751
    outer loop
      vertex -4.690717 -3.374441 1.470820
      vertex -4.930747 -2.794957 1.641268
      vertex -5.519183 -3.038695 1.554394
    endloop
  endfacet
  facet normal -0.021069 -0.290143 0.956751
    outer loop
      vertex -4.690717 -3.374441 1.470820
      vertex -5.519183 -3.038695 1.554394
      vertex -5.191271 -3.581777 1.396921
    endloop
  endfacet
  facet normal -0.262398 -0.411518 0.872812
    outer loop
      vertex -5.191271 -3.581777 1.396921
      vertex -5.519183 -3.038695 1.554394
      vertex -6.018035 -3.245326 1.306998
    endloop
  endfacet
  facet normal -0.262398 -0.411518 0.872812
    outer loop
      vertex -5.191271 -3.581777 1.396921
      vertex -6.018035 -3.245326 1.306998
      vertex -5.615620 -3.757548 1.186474
    endloop
  endfacet
  facet normal -0.505961 -0.553213 0.661784
    outer loop
      vertex -5.615620 -3.757548 1.186474
      vertex -6.018035 -3.245326 1.306998
      vertex -6.351358 -3.383393 0.936744
    endloop
  endfacet
  facet normal -0.505961 -0.553213 0.661784
    outer loop
      vertex -5.615620 -3.757548 1.186474
      vertex -6.351358 -3.383393 0.936744
      vertex -5.899161 -3.874994 0.871517
    endloop
  endfacet
  facet normal -0.693142 -0.672131 0.260374
    outer loop
      vertex -5.899161 -3.874994 0.871517
      vertex -6.351358 -3.383393 0.936744
      vertex -6.468405 -3.431876 0.500000
    endloop
  endfacet
  facet normal -0.693142 -0.672131 0.260374
    outer loop
      vertex -5.899161 -3.874994 0.871517
      vertex -6.468405 -3.431876 0.500000
      vertex -5.998727 -3.916236 0.500000
    endloop
  endfacet
  facet normal 0.926118 0.256439 0.276666
    outer loop
      vertex -3.393089 -2.158038 0.500000
      vertex -3.580033 -1.482898 0.500000
      vertex -3.703104 -1.533876 0.959220
    endloop
  endfacet
  facet normal 0.926118 0.256439 0.276666
    outer loop
      vertex -3.393089 -2.158038 0.500000
      vertex -3.703104 -1.533876 0.959220
      vertex -3.510136 -2.206521 0.936744
    endloop
  endfacet
  facet normal 0.697745 0.176974 0.694141
    outer loop
      vertex -3.510136 -2.206521 0.936744
      vertex -3.703104 -1.533876 0.959220
      vertex -4.053580 -1.679048 1.348528
    endloop
  endfacet
  facet normal 0.697745 0.176974 0.694141
    outer loop
      vertex -3.510136 -2.206521 0.936744
      vertex -4.053580 -1.679048 1.348528
      vertex -3.843459 -2.344587 1.306998
    endloop
  endfacet
  facet normal 0.417787 0.075404 0.905411
    outer loop
      vertex -3.843459 -2.344587 1.306998
      vertex -4.053580 -1.679048 1.348528
      vertex -4.578104 -1.896313 1.608655
    endloop
  endfacet
  facet normal 0.417787 0.075404 0.905411
    outer loop
      vertex -3.843459 -2.344587 1.306998
      vertex -4.578104 -1.896313 1.608655
      vertex -4.342311 -2.551219 1.554394
    endloop
  endfacet
  facet normal 0.156341 -0.025518 0.987373
    outer loop
      vertex -4.342311 -2.551219 1.554394
      vertex -4.578104 -1.896313 1.608655
      vertex -5.196822 -2.152594 1.700000
    endloop
  endfacet
  facet normal 0.156341 -0.025518 0.987373
    outer loop
      vertex -4.342311 -2.551219 1.554394
      vertex -5.196822 -2.152594 1.700000
      vertex -4.930747 -2.794957 1.641268
    endloop
  endfacet
  facet normal -0.092506 -0.128594 0.987373
    outer loop
      vertex -4.930747 -2.794957 1.641268
      vertex -5.196822 -2.152594 1.700000
      vertex -5.815541 -2.408876 1.608655
    endloop
  endfacet
  facet normal -0.092506 -0.128594 0.987373
    outer loop
      vertex -4.930747 -2.794957 1.641268
      vertex -5.815541 -2.408876 1.608655
      vertex -5.519183 -3.038695 1.554394
    endloop
  endfacet
  facet normal -0.348739 -0.242102 0.905411
    outer loop
      vertex -5.519183 -3.038695 1.554394
      vertex -5.815541 -2.408876 1.608655
      vertex -6.340065 -2.626141 1.348528
    endloop
  endfacet
  facet normal -0.348739 -0.242102 0.905411
    outer loop
      vertex -5.519183 -3.038695 1.554394
      vertex -6.340065 -2.626141 1.348528
      vertex -6.018035 -3.245326 1.306998
    endloop
  endfacet
  facet normal -0.618520 -0.368241 0.694141
    outer loop
      vertex -6.018035 -3.245326 1.306998
      vertex -6.340065 -2.626141 1.348528
      vertex -6.690541 -2.771313 0.959220
    endloop
  endfacet
  facet normal -0.618520 -0.368241 0.694141
    outer loop
      vertex -6.018035 -3.245326 1.306998
      vertex -6.690541 -2.771313 0.959220
      vertex -6.351358 -3.383393 0.936744
    endloop
  endfacet
  facet normal -0.836194 -0.473535 0.276666
    outer loop
      vertex -6.351358 -3.383393 0.936744
      vertex -6.690541 -2.771313 0.959220
      vertex -6.813612 -2.822290 0.500000
    endloop
  endfacet
  facet normal -0.836194 -0.473535 0.276666
    outer loop
      vertex -6.351358 -3.383393 0.936744
      vertex -6.813612 -2.822290 0.500000
      vertex -6.468405 -3.431876 0.500000
    endloop
  endfacet
  facet normal 0.836194 0.473535 0.276666
    outer loop
      vertex -3.580033 -1.482898 0.500000
      vertex -3.925240 -0.873313 0.500000
      vertex -4.042287 -0.921796 0.936744
    endloop
  endfacet
  facet normal 0.836194 0.473535 0.276666
    outer loop
      vertex -3.580033 -1.482898 0.500000
      vertex -4.042287 -0.921796 0.936744
      vertex -3.703104 -1.533876 0.959220
    endloop
  endfacet
  facet normal 0.618520 0.368241 0.694141
    outer loop
      vertex -3.703104 -1.533876 0.959220
      vertex -4.042287 -0.921796 0.936744
      vertex -4.375609 -1.059862 1.306998
    endloop
  endfacet
  facet normal 0.618520 0.368241 0.694141
    outer loop
      vertex -3.703104 -1.533876 0.959220
      vertex -4.375609 -1.059862 1.306998
      vertex -4.053580 -1.679048 1.348528
    endloop
  endfacet
  facet normal 0.348739 0.242102 0.905411
    outer loop
      vertex -4.053580 -1.679048 1.348528
      vertex -4.375609 -1.059862 1.306998
      vertex -4.874461 -1.266493 1.554394
    endloop
  endfacet
  facet normal 0.348739 0.242102 0.905411
    outer loop
      vertex -4.053580 -1.679048 1.348528
      vertex -4.874461 -1.266493 1.554394
      vertex -4.578104 -1.896313 1.608655
    endloop
  endfacet
  facet normal 0.092506 0.128594 0.987373
    outer loop
      vertex -4.578104 -1.896313 1.608655
      vertex -4.874461 -1.266493 1.554394
      vertex -5.462898 -1.510232 1.641268
    endloop
  endfacet
  facet normal 0.092506 0.128594 0.987373
    outer loop
      vertex -4.578104 -1.896313 1.608655
      vertex -5.462898 -1.510232 1.641268
      vertex -5.196822 -2.152594 1.700000
    endloop
  endfacet
  facet normal -0.156341 0.025518 0.987373
    outer loop
      vertex -5.196822 -2.152594 1.700000
      vertex -5.462898 -1.510232 1.641268
      vertex -6.051334 -1.753970 1.554394
    endloop
  endfacet
  facet normal -0.156341 0.025518 0.987373
    outer loop
      vertex -5.196822 -2.152594 1.700000
      vertex -6.051334 -1.753970 1.554394
      vertex -5.815541 -2.408876 1.608655
    endloop
  endfacet
  facet normal -0.417787 -0.075404 0.905411
    outer loop
      vertex -5.815541 -2.408876 1.608655
      vertex -6.051334 -1.753970 1.554394
      vertex -6.550186 -1.960601 1.306998
    endloop
  endfacet
  facet normal -0.417787 -0.075404 0.905411
    outer loop
      vertex -5.815541 -2.408876 1.608655
      vertex -6.550186 -1.960601 1.306998
      vertex -6.340065 -2.626141 1.348528
    endloop
  endfacet
  facet normal -0.697745 -0.176974 0.694141
    outer loop
      vertex -6.340065 -2.626141 1.348528
      vertex -6.550186 -1.960601 1.306998
      vertex -6.883508 -2.098668 0.936744
    endloop
  endfacet
  facet normal -0.697745 -0.176974 0.694141
    outer loop
      vertex -6.340065 -2.626141 1.348528
      vertex -6.883508 -2.098668 0.936744
      vertex -6.690541 -2.771313 0.959220
    endloop
  endfacet
  facet normal -0.926118 -0.256439 0.276666
    outer loop
      vertex -6.690541 -2.771313 0.959220
      vertex -6.883508 -2.098668 0.936744
      vertex -7.000556 -2.147150 0.500000
    endloop
  endfacet
  facet normal -0.926118 -0.256439 0.276666
    outer loop
      vertex -6.690541 -2.771313 0.959220
      vertex -7.000556 -2.147150 0.500000
      vertex -6.813612 -2.822290 0.500000
    endloop
  endfacet
  facet normal 0.693142 0.672131 0.260374
    outer loop
      vertex -3.925240 -0.873313 0.500000
      vertex -4.394918 -0.388953 0.500000
      vertex -4.494484 -0.430194 0.871517
    endloop
  endfacet
  facet normal 0.693142 0.672131 0.260374
    outer loop
      vertex -3.925240 -0.873313 0.500000
      vertex -4.494484 -0.430194 0.871517
      vertex -4.042287 -0.921796 0.936744
    endloop
  endfacet
  facet normal 0.505961 0.553213 0.661784
    outer loop
      vertex -4.042287 -0.921796 0.936744
      vertex -4.494484 -0.430194 0.871517
      vertex -4.778025 -0.547641 1.186474
    endloop
  endfacet
  facet normal 0.505961 0.553213 0.661784
    outer loop
      vertex -4.042287 -0.921796 0.936744
      vertex -4.778025 -0.547641 1.186474
      vertex -4.375609 -1.059862 1.306998
    endloop
  endfacet
  facet normal 0.262398 0.411518 0.872812
    outer loop
      vertex -4.375609 -1.059862 1.306998
      vertex -4.778025 -0.547641 1.186474
      vertex -5.202374 -0.723412 1.396921
    endloop
  endfacet
  facet normal 0.262398 0.411518 0.872812
    outer loop
      vertex -4.375609 -1.059862 1.306998
      vertex -5.202374 -0.723412 1.396921
      vertex -4.874461 -1.266493 1.554394
    endloop
  endfacet
  facet normal 0.021069 0.290143 0.956751
    outer loop
      vertex -4.874461 -1.266493 1.554394
      vertex -5.202374 -0.723412 1.396921
      vertex -5.702928 -0.930748 1.470820
    endloop
  endfacet
  facet normal 0.021069 0.290143 0.956751
    outer loop
      vertex -4.874461 -1.266493 1.554394
      vertex -5.702928 -0.930748 1.470820
      vertex -5.462898 -1.510232 1.641268
    endloop
  endfacet
  facet normal -0.220060 0.190264 0.956751
    outer loop
      vertex -5.462898 -1.510232 1.641268
      vertex -5.702928 -0.930748 1.470820
      vertex -6.203481 -1.138084 1.396921
    endloop
  endfacet
  facet normal -0.220060 0.190264 0.956751
    outer loop
      vertex -5.462898 -1.510232 1.641268
      vertex -6.203481 -1.138084 1.396921
      vertex -6.051334 -1.753970 1.554394
    endloop
  endfacet
  facet normal -0.476530 0.105444 0.872812
    outer loop
      vertex -6.051334 -1.753970 1.554394
      vertex -6.203481 -1.138084 1.396921
      vertex -6.627830 -1.313855 1.186474
    endloop
  endfacet
  facet normal -0.476530 0.105444 0.872812
    outer loop
      vertex -6.051334 -1.753970 1.554394
      vertex -6.627830 -1.313855 1.186474
      vertex -6.550186 -1.960601 1.306998
    endloop
  endfacet
  facet normal -0.748949 0.033413 0.661784
    outer loop
      vertex -6.550186 -1.960601 1.306998
      vertex -6.627830 -1.313855 1.186474
      vertex -6.911371 -1.431302 0.871517
    endloop
  endfacet
  facet normal -0.748949 0.033413 0.661784
    outer loop
      vertex -6.550186 -1.960601 1.306998
      vertex -6.911371 -1.431302 0.871517
      vertex -6.883508 -2.098668 0.936744
    endloop
  endfacet
  facet normal -0.965393 -0.014857 0.260374
    outer loop
      vertex -6.883508 -2.098668 0.936744
      vertex -6.911371 -1.431302 0.871517
      vertex -7.010938 -1.472544 0.500000
    endloop
  endfacet
  facet normal -0.965393 -0.014857 0.260374
    outer loop
      vertex -6.883508 -2.098668 0.936744
      vertex -7.010938 -1.472544 0.500000
      vertex -7.000556 -2.147150 0.500000
    endloop
  endfacet
  facet normal 0.481851 0.847350 0.223199
    outer loop
      vertex -4.394918 -0.388953 0.500000
      vertex -4.943092 -0.077230 0.500000
      vertex -5.015431 -0.107194 0.769923
    endloop
  endfacet
  facet normal 0.481851 0.847350 0.223199
    outer loop
      vertex -4.394918 -0.388953 0.500000
      vertex -5.015431 -0.107194 0.769923
      vertex -4.494484 -0.430194 0.871517
    endloop
  endfacet
  facet normal 0.342843 0.736398 0.583246
    outer loop
      vertex -4.494484 -0.430194 0.871517
      vertex -5.015431 -0.107194 0.769923
      vertex -5.221435 -0.192524 0.998752
    endloop
  endfacet
  facet normal 0.342843 0.736398 0.583246
    outer loop
      vertex -4.494484 -0.430194 0.871517
      vertex -5.221435 -0.192524 0.998752
      vertex -4.778025 -0.547641 1.186474
    endloop
  endfacet
  facet normal 0.144064 0.597049 0.789163
    outer loop
      vertex -4.778025 -0.547641 1.186474
      vertex -5.221435 -0.192524 0.998752
      vertex -5.529743 -0.320229 1.151651
    endloop
  endfacet
  facet normal 0.144064 0.597049 0.789163
    outer loop
      vertex -4.778025 -0.547641 1.186474
      vertex -5.529743 -0.320229 1.151651
      vertex -5.202374 -0.723412 1.396921
    endloop
  endfacet
  facet normal -0.068404 0.477378 0.876031
    outer loop
      vertex -5.202374 -0.723412 1.396921
      vertex -5.529743 -0.320229 1.151651
      vertex -5.893417 -0.470867 1.205342
    endloop
  endfacet
  facet normal -0.068404 0.477378 0.876031
    outer loop
      vertex -5.202374 -0.723412 1.396921
      vertex -5.893417 -0.470867 1.205342
      vertex -5.702928 -0.930748 1.470820
    endloop
  endfacet
  facet normal -0.289189 0.385926 0.876031
    outer loop
      vertex -5.702928 -0.930748 1.470820
      vertex -5.893417 -0.470867 1.205342
      vertex -6.257090 -0.621506 1.151651
    endloop
  endfacet
  facet normal -0.289189 0.385926 0.876031
    outer loop
      vertex -5.702928 -0.930748 1.470820
      vertex -6.257090 -0.621506 1.151651
      vertex -6.203481 -1.138084 1.396921
    endloop
  endfacet
  facet normal -0.524046 0.320308 0.789163
    outer loop
      vertex -6.203481 -1.138084 1.396921
      vertex -6.257090 -0.621506 1.151651
      vertex -6.565398 -0.749211 0.998752
    endloop
  endfacet
  facet normal -0.524046 0.320308 0.789163
    outer loop
      vertex -6.203481 -1.138084 1.396921
      vertex -6.565398 -0.749211 0.998752
      vertex -6.627830 -1.313855 1.186474
    endloop
  endfacet
  facet normal -0.763139 0.278286 0.583246
    outer loop
      vertex -6.627830 -1.313855 1.186474
      vertex -6.565398 -0.749211 0.998752
      vertex -6.771402 -0.834541 0.769923
    endloop
  endfacet
  facet normal -0.763139 0.278286 0.583246
    outer loop
      vertex -6.627830 -1.313855 1.186474
      vertex -6.771402 -0.834541 0.769923
      vertex -6.911371 -1.431302 0.871517
    endloop
  endfacet
  facet normal -0.939887 0.258447 0.223199
    outer loop
      vertex -6.911371 -1.431302 0.871517
      vertex -6.771402 -0.834541 0.769923
      vertex -6.843741 -0.864505 0.500000
    endloop
  endfacet
  facet normal -0.939887 0.258447 0.223199
    outer loop
      vertex -6.911371 -1.431302 0.871517
      vertex -6.843741 -0.864505 0.500000
      vertex -7.010938 -1.472544 0.500000
    endloop
  endfacet
  facet normal 0.183855 0.970336 0.156989
    outer loop
      vertex -4.943092 -0.077230 0.500000
      vertex -5.516103 0.031342 0.500000
      vertex -5.554134 0.015589 0.641907
    endloop
  endfacet
  facet normal 0.183855 0.970336 0.156989
    outer loop
      vertex -4.943092 -0.077230 0.500000
      vertex -5.554134 0.015589 0.641907
      vertex -5.015431 -0.107194 0.769923
    endloop
  endfacet
  facet normal 0.103058 0.898047 0.427657
    outer loop
      vertex -5.015431 -0.107194 0.769923
      vertex -5.554134 0.015589 0.641907
      vertex -5.662437 -0.029272 0.762210
    endloop
  endfacet
  facet normal 0.103058 0.898047 0.427657
    outer loop
      vertex -5.015431 -0.107194 0.769923
      vertex -5.662437 -0.029272 0.762210
      vertex -5.221435 -0.192524 0.998752
    endloop
  endfacet
  facet normal -0.029750 0.795867 0.604740
    outer loop
      vertex -5.221435 -0.192524 0.998752
      vertex -5.662437 -0.029272 0.762210
      vertex -5.824523 -0.096410 0.842593
    endloop
  endfacet
  facet normal -0.029750 0.795867 0.604740
    outer loop
      vertex -5.221435 -0.192524 0.998752
      vertex -5.824523 -0.096410 0.842593
      vertex -5.529743 -0.320229 1.151651
    endloop
  endfacet
  facet normal -0.188819 0.700974 0.687738
    outer loop
      vertex -5.529743 -0.320229 1.151651
      vertex -5.824523 -0.096410 0.842593
      vertex -6.015718 -0.175606 0.870820
    endloop
  endfacet
  facet normal -0.188819 0.700974 0.687738
    outer loop
      vertex -5.529743 -0.320229 1.151651
      vertex -6.015718 -0.175606 0.870820
      vertex -5.893417 -0.470867 1.205342
    endloop
  endfacet
  facet normal -0.362148 0.629178 0.687738
    outer loop
      vertex -5.893417 -0.470867 1.205342
      vertex -6.015718 -0.175606 0.870820
      vertex -6.206912 -0.254801 0.842593
    endloop
  endfacet
  facet normal -0.362148 0.629178 0.687738
    outer loop
      vertex -5.893417 -0.470867 1.205342
      vertex -6.206912 -0.254801 0.842593
      vertex -6.257090 -0.621506 1.151651
    endloop
  endfacet
  facet normal -0.541726 0.583800 0.604740
    outer loop
      vertex -6.257090 -0.621506 1.151651
      vertex -6.206912 -0.254801 0.842593
      vertex -6.368999 -0.321940 0.762210
    endloop
  endfacet
  facet normal -0.541726 0.583800 0.604740
    outer loop
      vertex -6.257090 -0.621506 1.151651
      vertex -6.368999 -0.321940 0.762210
      vertex -6.565398 -0.749211 0.998752
    endloop
  endfacet
  facet normal -0.707888 0.562142 0.427657
    outer loop
      vertex -6.565398 -0.749211 0.998752
      vertex -6.368999 -0.321940 0.762210
      vertex -6.477302 -0.366800 0.641907
    endloop
  endfacet
  facet normal -0.707888 0.562142 0.427657
    outer loop
      vertex -6.565398 -0.749211 0.998752
      vertex -6.477302 -0.366800 0.641907
      vertex -6.771402 -0.834541 0.769923
    endloop
  endfacet
  facet normal -0.816136 0.556126 0.156989
    outer loop
      vertex -6.771402 -0.834541 0.769923
      vertex -6.477302 -0.366800 0.641907
      vertex -6.515333 -0.382553 0.500000
    endloop
  endfacet
  facet normal -0.816136 0.556126 0.156989
    outer loop
      vertex -6.771402 -0.834541 0.769923
      vertex -6.515333 -0.382553 0.500000
      vertex -6.843741 -0.864505 0.500000
    endloop
  endfacet
  facet normal 0.000000 0.000000 1.000000
    outer loop
      vertex -5.516103 0.031342 0.500000
      vertex -6.057860 -0.073865 0.500000
      vertex -6.057860 -0.073865 0.500000
    endloop
  endfacet
  facet normal -0.190316 0.980021 0.057786
    outer loop
      vertex -5.516103 0.031342 0.500000
      vertex -6.057860 -0.073865 0.500000
      vertex -5.554134 0.015589 0.641907
    endloop
  endfacet
  facet normal 0.000000 0.000000 1.000000
    outer loop
      vertex -5.554134 0.015589 0.641907
      vertex -6.057860 -0.073865 0.500000
      vertex -6.057860 -0.073865 0.500000
    endloop
  endfacet
  facet normal -0.216975 0.962381 0.163537
    outer loop
      vertex -5.554134 0.015589 0.641907
      vertex -6.057860 -0.073865 0.500000
      vertex -5.662437 -0.029272 0.762210
    endloop
  endfacet
  facet normal 0.000000 0.000000 1.000000
    outer loop
      vertex -5.662437 -0.029272 0.762210
      vertex -6.057860 -0.073865 0.500000
      vertex -6.057860 -0.073865 0.500000
    endloop
  endfacet
  facet normal -0.266098 0.932911 0.242628
    outer loop
      vertex -5.662437 -0.029272 0.762210
      vertex -6.057860 -0.073865 0.500000
      vertex -5.824523 -0.096410 0.842593
    endloop
  endfacet
  facet normal 0.000000 0.000000 1.000000
    outer loop
      vertex -5.824523 -0.096410 0.842593
      vertex -6.057860 -0.073865 0.500000
      vertex -6.057860 -0.073865 0.500000
    endloop
  endfacet
  facet normal -0.330725 0.899833 0.284468
    outer loop
      vertex -5.824523 -0.096410 0.842593
      vertex -6.057860 -0.073865 0.500000
      vertex -6.015718 -0.175606 0.870820
    endloop
  endfacet
  facet normal 0.000000 0.000000 1.000000
    outer loop
      vertex -6.015718 -0.175606 0.870820
      vertex -6.057860 -0.073865 0.500000
      vertex -6.057860 -0.073865 0.500000
    endloop
  endfacet
  facet normal -0.402420 0.870136 0.284468
    outer loop
      vertex -6.015718 -0.175606 0.870820
      vertex -6.057860 -0.073865 0.500000
      vertex -6.206912 -0.254801 0.842593
    endloop
  endfacet
  facet normal 0.000000 0.000000 1.000000
    outer loop
      vertex -6.206912 -0.254801 0.842593
      vertex -6.057860 -0.073865 0.500000
      vertex -6.057860 -0.073865 0.500000
    endloop
  endfacet
  facet normal -0.471508 0.847828 0.242628
    outer loop
      vertex -6.206912 -0.254801 0.842593
      vertex -6.057860 -0.073865 0.500000
      vertex -6.368999 -0.321940 0.762210
    endloop
  endfacet
  facet normal 0.000000 0.000000 1.000000
    outer loop
      vertex -6.368999 -0.321940 0.762210
      vertex -6.057860 -0.073865 0.500000
      vertex -6.057860 -0.073865 0.500000
    endloop
  endfacet
  facet normal -0.527082 0.833931 0.163537
    outer loop
      vertex -6.368999 -0.321940 0.762210
      vertex -6.057860 -0.073865 0.500000
      vertex -6.477302 -0.366800 0.641907
    endloop
  endfacet
  facet normal 0.000000 0.000000 1.000000
    outer loop
      vertex -6.477302 -0.366800 0.641907
      vertex -6.057860 -0.073865 0.500000
      vertex -6.057860 -0.073865 0.500000
    endloop
  endfacet
  facet normal -0.558405 0.827553 0.057786
    outer loop
      vertex -6.477302 -0.366800 0.641907
      vertex -6.057860 -0.073865 0.500000
      vertex -6.515333 -0.382553 0.500000
    endloop
  endfacet
  facet normal 0.980021 -0.190316 0.057786
    outer loop
      vertex -0.073865 -6.057860 0.500000
      vertex 0.031342 -5.516103 0.500000
      vertex 0.015589 -5.554134 0.641907
    endloop
  endfacet
  facet normal 0.000000 0.000000 1.000000
    outer loop
      vertex -0.073865 -6.057860 0.500000
      vertex 0.015589 -5.554134 0.641907
      vertex -0.073865 -6.057860 0.500000
    endloop
  endfacet
  facet normal 0.962381 -0.216975 0.163537
    outer loop
      vertex -0.073865 -6.057860 0.500000
      vertex 0.015589 -5.554134 0.641907
      vertex -0.029272 -5.662437 0.762210
    endloop
  endfacet
  facet normal 0.000000 0.000000 1.000000
    outer loop
      vertex -0.073865 -6.057860 0.500000
      vertex -0.029272 -5.662437 0.762210
      vertex -0.073865 -6.057860 0.500000
    endloop
  endfacet
  facet normal 0.932911 -0.266098 0.242628
    outer loop
      vertex -0.073865 -6.057860 0.500000
      vertex -0.029272 -5.662437 0.762210
      vertex -0.096410 -5.824523 0.842593
    endloop
  endfacet
  facet normal 0.000000 0.000000 1.000000
    outer loop
      vertex -0.073865 -6.057860 0.500000
      vertex -0.096410 -5.824523 0.842593
      vertex -0.073865 -6.057860 0.500000
    endloop
  endfacet
  facet normal 0.899833 -0.330725 0.284468
    outer loop
      vertex -0.073865 -6.057860 0.500000
      vertex -0.096410 -5.824523 0.842593
      vertex -0.175606 -6.015718 0.870820
    endloop
  endfacet
  facet normal 0.000000 0.000000 1.000000
    outer loop
      vertex -0.073865 -6.057860 0.500000
      vertex -0.175606 -6.015718 0.870820
      vertex -0.073865 -6.057860 0.500000
    endloop
  endfacet
  facet normal 0.870136 -0.402420 0.284468
    outer loop
      vertex -0.073865 -6.057860 0.500000
      vertex -0.175606 -6.015718 0.870820
      vertex -0.254801 -6.206912 0.842593
    endloop
  endfacet
  facet normal 0.000000 0.000000 1.000000
    outer loop
      vertex -0.073865 -6.057860 0.500000
      vertex -0.254801 -6.206912 0.842593
      vertex -0.073865 -6.057860 0.500000
    endloop
  endfacet
  facet normal 0.847828 -0.471508 0.242628
    outer loop
      vertex -0.073865 -6.057860 0.500000
      vertex -0.254801 -6.206912 0.842593
      vertex -0.321940 -6.368999 0.762210
    endloop
  endfacet
  facet normal 0.000000 0.000000 1.000000
    outer loop
      vertex -0.073865 -6.057860 0.500000
      vertex -0.321940 -6.368999 0.762210
      vertex -0.073865 -6.057860 0.500000
    endloop
  endfacet
  facet normal 0.833931 -0.527082 0.163537
    outer loop
      vertex -0.073865 -6.057860 0.500000
      vertex -0.321940 -6.368999 0.762210
      vertex -0.366800 -6.477302 0.641907
    endloop
  endfacet
  facet normal 0.000000 0.000000 1.000000
    outer loop
      vertex -0.073865 -6.057860 0.500000
      vertex -0.366800 -6.477302 0.641907
      vertex -0.073865 -6.057860 0.500000
    endloop
  endfacet
  facet normal 0.827553 -0.558405 0.057786
    outer loop
      vertex -0.073865 -6.057860 0.500000
      vertex -0.366800 -6.477302 0.641907
      vertex -0.382553 -6.515333 0.500000
    endloop
  endfacet
  facet normal 0.000000 0.000000 1.000000
    outer loop
      vertex -0.073865 -6.057860 0.500000
      vertex -0.382553 -6.515333 0.500000
      vertex -0.073865 -6.057860 0.500000
    endloop
  endfacet
  facet normal 0.970336 0.183855 0.156989
    outer loop
      vertex 0.031342 -5.516103 0.500000
      vertex -0.077230 -4.943092 0.500000
      vertex -0.107194 -5.015431 0.769923
    endloop
  endfacet
  facet normal 0.970336 0.183855 0.156989
    outer loop
      vertex 0.031342 -5.516103 0.500000
      vertex -0.107194 -5.015431 0.769923
      vertex 0.015589 -5.554134 0.641907
    endloop
  endfacet
  facet normal 0.898047 0.103058 0.427657
    outer loop
      vertex 0.015589 -5.554134 0.641907
      vertex -0.107194 -5.015431 0.769923
      vertex -0.192524 -5.221435 0.998752
    endloop
  endfacet
  facet normal 0.898047 0.103058 0.427657
    outer loop
      vertex 0.015589 -5.554134 0.641907
      vertex -0.192524 -5.221435 0.998752
      vertex -0.029272 -5.662437 0.762210
    endloop
  endfacet
  facet normal 0.795867 -0.029750 0.604740
    outer loop
      vertex -0.029272 -5.662437 0.762210
      vertex -0.192524 -5.221435 0.998752
      vertex -0.320229 -5.529743 1.151651
    endloop
  endfacet
  facet normal 0.795867 -0.029750 0.604740
    outer loop
      vertex -0.029272 -5.662437 0.762210
      vertex -0.320229 -5.529743 1.151651
      vertex -0.096410 -5.824523 0.842593
    endloop
  endfacet
  facet normal 0.700974 -0.188819 0.687738
    outer loop
      vertex -0.096410 -5.824523 0.842593
      vertex -0.320229 -5.529743 1.151651
      vertex -0.470867 -5.893417 1.205342
    endloop
  endfacet
  facet normal 0.700974 -0.188819 0.687738
    outer loop
      vertex -0.096410 -5.824523 0.842593
      vertex -0.470867 -5.893417 1.205342
      vertex -0.175606 -6.015718 0.870820
    endloop
  endfacet
  facet normal 0.629178 -0.362148 0.687738
    outer loop
      vertex -0.175606 -6.015718 0.870820
      vertex -0.470867 -5.893417 1.205342
      vertex -0.621506 -6.257090 1.151651
    endloop
  endfacet
  facet normal 0.629178 -0.362148 0.687738
    outer loop
      vertex -0.175606 -6.015718 0.870820
      vertex -0.621506 -6.257090 1.151651
      vertex -0.254801 -6.206912 0.842593
    endloop
  endfacet
  facet normal 0.583800 -0.541726 0.604740
    outer loop
      vertex -0.254801 -6.206912 0.842593
      vertex -0.621506 -6.257090 1.151651
      vertex -0.749211 -6.565398 0.998752
    endloop
  endfacet
  facet normal 0.583800 -0.541726 0.604740
    outer loop
      vertex -0.254801 -6.206912 0.842593
      vertex -0.749211 -6.565398 0.998752
      vertex -0.321940 -6.368999 0.762210
    endloop
  endfacet
  facet normal 0.562142 -0.707888 0.427657
    outer loop
      vertex -0.321940 -6.368999 0.762210
      vertex -0.749211 -6.565398 0.998752
      vertex -0.834541 -6.771402 0.769923
    endloop
  endfacet
  facet normal 0.562142 -0.707888 0.427657
    outer loop
      vertex -0.321940 -6.368999 0.762210
      vertex -0.834541 -6.771402 0.769923
      vertex -0.366800 -6.477302 0.641907
    endloop
  endfacet
  facet normal 0.556126 -0.816136 0.156989
    outer loop
      vertex -0.366800 -6.477302 0.641907
      vertex -0.834541 -6.771402 0.769923
      vertex -0.864505 -6.843741 0.500000
    endloop
  endfacet
  facet normal 0.556126 -0.816136 0.156989
    outer loop
      vertex -0.366800 -6.477302 0.641907
      vertex -0.864505 -6.843741 0.500000
      vertex -0.382553 -6.515333 0.500000
    endloop
  endfacet
  facet normal 0.847350 0.481851 0.223199
    outer loop
      vertex -0.077230 -4.943092 0.500000
      vertex -0.388953 -4.394918 0.500000
      vertex -0.430194 -4.494484 0.871517
    endloop
  endfacet
  facet normal 0.847350 0.481851 0.223199
    outer loop
      vertex -0.077230 -4.943092 0.500000
      vertex -0.430194 -4.494484 0.871517
      vertex -0.107194 -5.015431 0.769923
    endloop
  endfacet
  facet normal 0.736398 0.342843 0.583246
    outer loop
      vertex -0.107194 -5.015431 0.769923
      vertex -0.430194 -4.494484 0.871517
      vertex -0.547641 -4.778025 1.186474
    endloop
  endfacet
  facet normal 0.736398 0.342843 0.583246
    outer loop
      vertex -0.107194 -5.015431 0.769923
      vertex -0.547641 -4.778025 1.186474
      vertex -0.192524 -5.221435 0.998752
    endloop
  endfacet
  facet normal 0.597049 0.144064 0.789163
    outer loop
      vertex -0.192524 -5.221435 0.998752
      vertex -0.547641 -4.778025 1.186474
      vertex -0.723412 -5.202374 1.396921
    endloop
  endfacet
  facet normal 0.597049 0.144064 0.789163
    outer loop
      vertex -0.192524 -5.221435 0.998752
      vertex -0.723412 -5.202374 1.396921
      vertex -0.320229 -5.529743 1.151651
    endloop
  endfacet
  facet normal 0.477378 -0.068404 0.876031
    outer loop
      vertex -0.320229 -5.529743 1.151651
      vertex -0.723412 -5.202374 1.396921
      vertex -0.930748 -5.702928 1.470820
    endloop
  endfacet
  facet normal 0.477378 -0.068404 0.876031
    outer loop
      vertex -0.320229 -5.529743 1.151651
      vertex -0.930748 -5.702928 1.470820
      vertex -0.470867 -5.893417 1.205342
    endloop
  endfacet
  facet normal 0.385926 -0.289189 0.876031
    outer loop
      vertex -0.470867 -5.893417 1.205342
      vertex -0.930748 -5.702928 1.470820
      vertex -1.138084 -6.203481 1.396921
    endloop
  endfacet
  facet normal 0.385926 -0.289189 0.876031
    outer loop
      vertex -0.470867 -5.893417 1.205342
      vertex -1.138084 -6.203481 1.396921
      vertex -0.621506 -6.257090 1.151651
    endloop
  endfacet
  facet normal 0.320308 -0.524046 0.789163
    outer loop
      vertex -0.621506 -6.257090 1.151651
      vertex -1.138084 -6.203481 1.396921
      vertex -1.313855 -6.627830 1.186474
    endloop
  endfacet
  facet normal 0.320308 -0.524046 0.789163
    outer loop
      vertex -0.621506 -6.257090 1.151651
      vertex -1.313855 -6.627830 1.186474
      vertex -0.749211 -6.565398 0.998752
    endloop
  endfacet
  facet normal 0.278286 -0.763139 0.583246
    outer loop
      vertex -0.749211 -6.565398 0.998752
      vertex -1.313855 -6.627830 1.186474
      vertex -1.431302 -6.911371 0.871517
    endloop
  endfacet
  facet normal 0.278286 -0.763139 0.583246
    outer loop
      vertex -0.749211 -6.565398 0.998752
      vertex -1.431302 -6.911371 0.871517
      vertex -0.834541 -6.771402 0.769923
    endloop
  endfacet
  facet normal 0.258447 -0.939887 0.223199
    outer loop
      vertex -0.834541 -6.771402 0.769923
      vertex -1.431302 -6.911371 0.871517
      vertex -1.472544 -7.010938 0.500000
    endloop
  endfacet
  facet normal 0.258447 -0.939887 0.223199
    outer loop
      vertex -0.834541 -6.771402 0.769923
      vertex -1.472544 -7.010938 0.500000
      vertex -0.864505 -6.843741 0.500000
    endloop
  endfacet
  facet normal 0.672131 0.693142 0.260374
    outer loop
      vertex -0.388953 -4.394918 0.500000
      vertex -0.873313 -3.925240 0.500000
      vertex -0.921796 -4.042287 0.936744
    endloop
  endfacet
  facet normal 0.672131 0.693142 0.260374
    outer loop
      vertex -0.388953 -4.394918 0.500000
      vertex -0.921796 -4.042287 0.936744
      vertex -0.430194 -4.494484 0.871517
    endloop
  endfacet
  facet normal 0.553213 0.505961 0.661784
    outer loop
      vertex -0.430194 -4.494484 0.871517
      vertex -0.921796 -4.042287 0.936744
      vertex -1.059862 -4.375609 1.306998
    endloop
  endfacet
  facet normal 0.553213 0.505961 0.661784
    outer loop
      vertex -0.430194 -4.494484 0.871517
      vertex -1.059862 -4.375609 1.306998
      vertex -0.547641 -4.778025 1.186474
    endloop
  endfacet
  facet normal 0.411518 0.262398 0.872812
    outer loop
      vertex -0.547641 -4.778025 1.186474
      vertex -1.059862 -4.375609 1.306998
      vertex -1.266493 -4.874461 1.554394
    endloop
  endfacet
  facet normal 0.411518 0.262398 0.872812
    outer loop
      vertex -0.547641 -4.778025 1.186474
      vertex -1.266493 -4.874461 1.554394
      vertex -0.723412 -5.202374 1.396921
    endloop
  endfacet
  facet normal 0.290143 0.021069 0.956751
    outer loop
      vertex -0.723412 -5.202374 1.396921
      vertex -1.266493 -4.874461 1.554394
      vertex -1.510232 -5.462898 1.641268
    endloop
  endfacet
  facet normal 0.290143 0.021069 0.956751
    outer loop
      vertex -0.723412 -5.202374 1.396921
      vertex -1.510232 -5.462898 1.641268
      vertex -0.930748 -5.702928 1.470820
    endloop
  endfacet
  facet normal 0.190264 -0.220060 0.956751
    outer loop
      vertex -0.930748 -5.702928 1.470820
      vertex -1.510232 -5.462898 1.641268
      vertex -1.753970 -6.051334 1.554394
    endloop
  endfacet
  facet normal 0.190264 -0.220060 0.956751
    outer loop
      vertex -0.930748 -5.702928 1.470820
      vertex -1.753970 -6.051334 1.554394
      vertex -1.138084 -6.203481 1.396921
    endloop
  endfacet
  facet normal 0.105444 -0.476530 0.872812
    outer loop
      vertex -1.138084 -6.203481 1.396921
      vertex -1.753970 -6.051334 1.554394
      vertex -1.960601 -6.550186 1.306998
    endloop
  endfacet
  facet normal 0.105444 -0.476530 0.872812
    outer loop
      vertex -1.138084 -6.203481 1.396921
      vertex -1.960601 -6.550186 1.306998
      vertex -1.313855 -6.627830 1.186474
    endloop
  endfacet
  facet normal 0.033413 -0.748949 0.661784
    outer loop
      vertex -1.313855 -6.627830 1.186474
      vertex -1.960601 -6.550186 1.306998
      vertex -2.098668 -6.883508 0.936744
    endloop
  endfacet
  facet normal 0.033413 -0.748949 0.661784
    outer loop
      vertex -1.313855 -6.627830 1.186474
      vertex -2.098668 -6.883508 0.936744
      vertex -1.431302 -6.911371 0.871517
    endloop
  endfacet
  facet normal -0.014857 -0.965393 0.260374
    outer loop
      vertex -1.431302 -6.911371 0.871517
      vertex -2.098668 -6.883508 0.936744
      vertex -2.147150 -7.000556 0.500000
    endloop
  endfacet
  facet normal -0.014857 -0.965393 0.260374
    outer loop
      vertex -1.431302 -6.911371 0.871517
      vertex -2.147150 -7.000556 0.500000
      vertex -1.472544 -7.010938 0.500000
    endloop
  endfacet
  facet normal 0.473535 0.836194 0.276666
    outer loop
      vertex -0.873313 -3.925240 0.500000
      vertex -1.482898 -3.580033 0.500000
      vertex -1.533876 -3.703104 0.959220
    endloop
  endfacet
  facet normal 0.473535 0.836194 0.276666
    outer loop
      vertex -0.873313 -3.925240 0.500000
      vertex -1.533876 -3.703104 0.959220
      vertex -0.921796 -4.042287 0.936744
    endloop
  endfacet
  facet normal 0.368241 0.618520 0.694141
    outer loop
      vertex -0.921796 -4.042287 0.936744
      vertex -1.533876 -3.703104 0.959220
      vertex -1.679048 -4.053580 1.348528
    endloop
  endfacet
  facet normal 0.368241 0.618520 0.694141
    outer loop
      vertex -0.921796 -4.042287 0.936744
      vertex -1.679048 -4.053580 1.348528
      vertex -1.059862 -4.375609 1.306998
    endloop
  endfacet
  facet normal 0.242102 0.348739 0.905411
    outer loop
      vertex -1.059862 -4.375609 1.306998
      vertex -1.679048 -4.053580 1.348528
      vertex -1.896313 -4.578104 1.608655
    endloop
  endfacet
  facet normal 0.242102 0.348739 0.905411
    outer loop
      vertex -1.059862 -4.375609 1.306998
      vertex -1.896313 -4.578104 1.608655
      vertex -1.266493 -4.874461 1.554394
    endloop
  endfacet
  facet normal 0.128594 0.092506 0.987373
    outer loop
      vertex -1.266493 -4.874461 1.554394
      vertex -1.896313 -4.578104 1.608655
      vertex -2.152594 -5.196822 1.700000
    endloop
  endfacet
  facet normal 0.128594 0.092506 0.987373
    outer loop
      vertex -1.266493 -4.874461 1.554394
      vertex -2.152594 -5.196822 1.700000
      vertex -1.510232 -5.462898 1.641268
    endloop
  endfacet
  facet normal 0.025518 -0.156341 0.987373
    outer loop
      vertex -1.510232 -5.462898 1.641268
      vertex -2.152594 -5.196822 1.700000
      vertex -2.408876 -5.815541 1.608655
    endloop
  endfacet
  facet normal 0.025518 -0.156341 0.987373
    outer loop
      vertex -1.510232 -5.462898 1.641268
      vertex -2.408876 -5.815541 1.608655
      vertex -1.753970 -6.051334 1.554394
    endloop
  endfacet
  facet normal -0.075404 -0.417787 0.905411
    outer loop
      vertex -1.753970 -6.051334 1.554394
      vertex -2.408876 -5.815541 1.608655
      vertex -2.626141 -6.340065 1.348528
    endloop
  endfacet
  facet normal -0.075404 -0.417787 0.905411
    outer loop
      vertex -1.753970 -6.051334 1.554394
      vertex -2.626141 -6.340065 1.348528
      vertex -1.960601 -6.550186 1.306998
    endloop
  endfacet
  facet normal -0.176974 -0.697745 0.694141
    outer loop
      vertex -1.960601 -6.550186 1.306998
      vertex -2.626141 -6.340065 1.348528
      vertex -2.771313 -6.690541 0.959220
    endloop
  endfacet
  facet normal -0.176974 -0.697745 0.694141
    outer loop
      vertex -1.960601 -6.550186 1.306998
      vertex -2.771313 -6.690541 0.959220
      vertex -2.098668 -6.883508 0.936744
    endloop
  endfacet
  facet normal -0.256439 -0.926118 0.276666
    outer loop
      vertex -2.098668 -6.883508 0.936744
      vertex -2.771313 -6.690541 0.959220
      vertex -2.822290 -6.813612 0.500000
    endloop
  endfacet
  facet normal -0.256439 -0.926118 0.276666
    outer loop
      vertex -2.098668 -6.883508 0.936744
      vertex -2.822290 -6.813612 0.500000
      vertex -2.147150 -7.000556 0.500000
    endloop
  endfacet
  facet normal 0.256439 0.926118 0.276666
    outer loop
      vertex -1.482898 -3.580033 0.500000
      vertex -2.158038 -3.393089 0.500000
      vertex -2.206521 -3.510136 0.936744
    endloop
  endfacet
  facet normal 0.256439 0.926118 0.276666
    outer loop
      vertex -1.482898 -3.580033 0.500000
      vertex -2.206521 -3.510136 0.936744
      vertex -1.533876 -3.703104 0.959220
    endloop
  endfacet
  facet normal 0.176974 0.697745 0.694141
    outer loop
      vertex -1.533876 -3.703104 0.959220
      vertex -2.206521 -3.510136 0.936744
      vertex -2.344587 -3.843459 1.306998
    endloop
  endfacet
  facet normal 0.176974 0.697745 0.694141
    outer loop
      vertex -1.533876 -3.703104 0.959220
      vertex -2.344587 -3.843459 1.306998
      vertex -1.679048 -4.053580 1.348528
    endloop
  endfacet
  facet normal 0.075404 0.417787 0.905411
    outer loop
      vertex -1.679048 -4.053580 1.348528
      vertex -2.344587 -3.843459 1.306998
      vertex -2.551219 -4.342311 1.554394
    endloop
  endfacet
  facet normal 0.075404 0.417787 0.905411
    outer loop
      vertex -1.679048 -4.053580 1.348528
      vertex -2.551219 -4.342311 1.554394
      vertex -1.896313 -4.578104 1.608655
    endloop
  endfacet
  facet normal -0.025518 0.156341 0.987373
    outer loop
      vertex -1.896313 -4.578104 1.608655
      vertex -2.551219 -4.342311 1.554394
      vertex -2.794957 -4.930747 1.641268
    endloop
  endfacet
  facet normal -0.025518 0.156341 0.987373
    outer loop
      vertex -1.896313 -4.578104 1.608655
      vertex -2.794957 -4.930747 1.641268
      vertex -2.152594 -5.196822 1.700000
    endloop
  endfacet
  facet normal -0.128594 -0.092506 0.987373
    outer loop
      vertex -2.152594 -5.196822 1.700000
      vertex -2.794957 -4.930747 1.641268
      vertex -3.038695 -5.519183 1.554394
    endloop
  endfacet
  facet normal -0.128594 -0.092506 0.987373
    outer loop
      vertex -2.152594 -5.196822 1.700000
      vertex -3.038695 -5.519183 1.554394
      vertex -2.408876 -5.815541 1.608655
    endloop
  endfacet
  facet normal -0.242102 -0.348739 0.905411
    outer loop
      vertex -2.408876 -5.815541 1.608655
      vertex -3.038695 -5.519183 1.554394
      vertex -3.245326 -6.018035 1.306998
    endloop
  endfacet
  facet normal -0.242102 -0.348739 0.905411
    outer loop
      vertex -2.408876 -5.815541 1.608655
      vertex -3.245326 -6.018035 1.306998
      vertex -2.626141 -6.340065 1.348528
    endloop
  endfacet
  facet normal -0.368241 -0.618520 0.694141
    outer loop
      vertex -2.626141 -6.340065 1.348528
      vertex -3.245326 -6.018035 1.306998
      vertex -3.383393 -6.351358 0.936744
    endloop
  endfacet
  facet normal -0.368241 -0.618520 0.694141
    outer loop
      vertex -2.626141 -6.340065 1.348528
      vertex -3.383393 -6.351358 0.936744
      vertex -2.771313 -6.690541 0.959220
    endloop
  endfacet
  facet normal -0.473535 -0.836194 0.276666
    outer loop
      vertex -2.771313 -6.690541 0.959220
      vertex -3.383393 -6.351358 0.936744
      vertex -3.431876 -6.468405 0.500000
    endloop
  endfacet
  facet normal -0.473535 -0.836194 0.276666
    outer loop
      vertex -2.771313 -6.690541 0.959220
      vertex -3.431876 -6.468405 0.500000
      vertex -2.822290 -6.813612 0.500000
    endloop
  endfacet
  facet normal 0.014857 0.965393 0.260374
    outer loop
      vertex -2.158038 -3.393089 0.500000
      vertex -2.832645 -3.382707 0.500000
      vertex -2.873887 -3.482273 0.871517
    endloop
  endfacet
  facet normal 0.014857 0.965393 0.260374
    outer loop
      vertex -2.158038 -3.393089 0.500000
      vertex -2.873887 -3.482273 0.871517
      vertex -2.206521 -3.510136 0.936744
    endloop
  endfacet
  facet normal -0.033413 0.748949 0.661784
    outer loop
      vertex -2.206521 -3.510136 0.936744
      vertex -2.873887 -3.482273 0.871517
      vertex -2.991333 -3.765814 1.186474
    endloop
  endfacet
  facet normal -0.033413 0.748949 0.661784
    outer loop
      vertex -2.206521 -3.510136 0.936744
      vertex -2.991333 -3.765814 1.186474
      vertex -2.344587 -3.843459 1.306998
    endloop
  endfacet
  facet normal -0.105444 0.476530 0.872812
    outer loop
      vertex -2.344587 -3.843459 1.306998
      vertex -2.991333 -3.765814 1.186474
      vertex -3.167104 -4.190163 1.396921
    endloop
  endfacet
  facet normal -0.105444 0.476530 0.872812
    outer loop
      vertex -2.344587 -3.843459 1.306998
      vertex -3.167104 -4.190163 1.396921
      vertex -2.551219 -4.342311 1.554394
    endloop
  endfacet
  facet normal -0.190264 0.220060 0.956751
    outer loop
      vertex -2.551219 -4.342311 1.554394
      vertex -3.167104 -4.190163 1.396921
      vertex -3.374441 -4.690717 1.470820
    endloop
  endfacet
  facet normal -0.190264 0.220060 0.956751
    outer loop
      vertex -2.551219 -4.342311 1.554394
      vertex -3.374441 -4.690717 1.470820
      vertex -2.794957 -4.930747 1.641268
    endloop
  endfacet
  facet normal -0.290143 -0.021069 0.956751
    outer loop
      vertex -2.794957 -4.930747 1.641268
      vertex -3.374441 -4.690717 1.470820
      vertex -3.581777 -5.191271 1.396921
    endloop
  endfacet
  facet normal -0.290143 -0.021069 0.956751
    outer loop
      vertex -2.794957 -4.930747 1.641268
      vertex -3.581777 -5.191271 1.396921
      vertex -3.038695 -5.519183 1.554394
    endloop
  endfacet
  facet normal -0.411518 -0.262398 0.872812
    outer loop
      vertex -3.038695 -5.519183 1.554394
      vertex -3.581777 -5.191271 1.396921
      vertex -3.757548 -5.615620 1.186474
    endloop
  endfacet
  facet normal -0.411518 -0.262398 0.872812
    outer loop
      vertex -3.038695 -5.519183 1.554394
      vertex -3.757548 -5.615620 1.186474
      vertex -3.245326 -6.018035 1.306998
    endloop
  endfacet
  facet normal -0.553213 -0.505961 0.661784
    outer loop
      vertex -3.245326 -6.018035 1.306998
      vertex -3.757548 -5.615620 1.186474
      vertex -3.874994 -5.899161 0.871517
    endloop
  endfacet
  facet normal -0.553213 -0.505961 0.661784
    outer loop
      vertex -3.245326 -6.018035 1.306998
      vertex -3.874994 -5.899161 0.871517
      vertex -3.383393 -6.351358 0.936744
    endloop
  endfacet
  facet normal -0.672131 -0.693142 0.260374
    outer loop
      vertex -3.383393 -6.351358 0.936744
      vertex -3.874994 -5.899161 0.871517
      vertex -3.916236 -5.998727 0.500000
    endloop
  endfacet
  facet normal -0.672131 -0.693142 0.260374
    outer loop
      vertex -3.383393 -6.351358 0.936744
      vertex -3.916236 -5.998727 0.500000
      vertex -3.431876 -6.468405 0.500000
    endloop
  endfacet
  facet normal -0.258447 0.939887 0.223199
    outer loop
      vertex -2.832645 -3.382707 0.500000
      vertex -3.440684 -3.549903 0.500000
      vertex -3.470648 -3.622243 0.769923
    endloop
  endfacet
  facet normal -0.258447 0.939887 0.223199
    outer loop
      vertex -2.832645 -3.382707 0.500000
      vertex -3.470648 -3.622243 0.769923
      vertex -2.873887 -3.482273 0.871517
    endloop
  endfacet
  facet normal -0.278286 0.763139 0.583246
    outer loop
      vertex -2.873887 -3.482273 0.871517
      vertex -3.470648 -3.622243 0.769923
      vertex -3.555978 -3.828247 0.998752
    endloop
  endfacet
  facet normal -0.278286 0.763139 0.583246
    outer loop
      vertex -2.873887 -3.482273 0.871517
      vertex -3.555978 -3.828247 0.998752
      vertex -2.991333 -3.765814 1.186474
    endloop
  endfacet
  facet normal -0.320308 0.524046 0.789163
    outer loop
      vertex -2.991333 -3.765814 1.186474
      vertex -3.555978 -3.828247 0.998752
      vertex -3.683683 -4.136555 1.151651
    endloop
  endfacet
  facet normal -0.320308 0.524046 0.789163
    outer loop
      vertex -2.991333 -3.765814 1.186474
      vertex -3.683683 -4.136555 1.151651
      vertex -3.167104 -4.190163 1.396921
    endloop
  endfacet
  facet normal -0.385926 0.289189 0.876031
    outer loop
      vertex -3.167104 -4.190163 1.396921
      vertex -3.683683 -4.136555 1.151651
      vertex -3.834321 -4.500228 1.205342
    endloop
  endfacet
  facet normal -0.385926 0.289189 0.876031
    outer loop
      vertex -3.167104 -4.190163 1.396921
      vertex -3.834321 -4.500228 1.205342
      vertex -3.374441 -4.690717 1.470820
    endloop
  endfacet
  facet normal -0.477378 0.068404 0.876031
    outer loop
      vertex -3.374441 -4.690717 1.470820
      vertex -3.834321 -4.500228 1.205342
      vertex -3.984960 -4.863902 1.151651
    endloop
  endfacet
  facet normal -0.477378 0.068404 0.876031
    outer loop
      vertex -3.374441 -4.690717 1.470820
      vertex -3.984960 -4.863902 1.151651
      vertex -3.581777 -5.191271 1.396921
    endloop
  endfacet
  facet normal -0.597049 -0.144064 0.789163
    outer loop
      vertex -3.581777 -5.191271 1.396921
      vertex -3.984960 -4.863902 1.151651
      vertex -4.112665 -5.172209 0.998752
    endloop
  endfacet
  facet normal -0.597049 -0.144064 0.789163
    outer loop
      vertex -3.581777 -5.191271 1.396921
      vertex -4.112665 -5.172209 0.998752
      vertex -3.757548 -5.615620 1.186474
    endloop
  endfacet
  facet normal -0.736398 -0.342843 0.583246
    outer loop
      vertex -3.757548 -5.615620 1.186474
      vertex -4.112665 -5.172209 0.998752
      vertex -4.197995 -5.378214 0.769923
    endloop
  endfacet
  facet normal -0.736398 -0.342843 0.583246
    outer loop
      vertex -3.757548 -5.615620 1.186474
      vertex -4.197995 -5.378214 0.769923
      vertex -3.874994 -5.899161 0.871517
    endloop
  endfacet
  facet normal -0.847350 -0.481851 0.223199
    outer loop
      vertex -3.874994 -5.899161 0.871517
      vertex -4.197995 -5.378214 0.769923
      vertex -4.227959 -5.450553 0.500000
    endloop
  endfacet
  facet normal -0.847350 -0.481851 0.223199
    outer loop
      vertex -3.874994 -5.899161 0.871517
      vertex -4.227959 -5.450553 0.500000
      vertex -3.916236 -5.998727 0.500000
    endloop
  endfacet
  facet normal -0.556126 0.816136 0.156989
    outer loop
      vertex -3.440684 -3.549903 0.500000
      vertex -3.922636 -3.878311 0.500000
      vertex -3.938389 -3.916342 0.641907
    endloop
  endfacet
  facet normal -0.556126 0.816136 0.156989
    outer loop
      vertex -3.440684 -3.549903 0.500000
      vertex -3.938389 -3.916342 0.641907
      vertex -3.470648 -3.622243 0.769923
    endloop
  endfacet
  facet normal -0.562142 0.707888 0.427657
    outer loop
      vertex -3.470648 -3.622243 0.769923
      vertex -3.938389 -3.916342 0.641907
      vertex -3.983249 -4.024645 0.762210
    endloop
  endfacet
  facet normal -0.562142 0.707888 0.427657
    outer loop
      vertex -3.470648 -3.622243 0.769923
      vertex -3.983249 -4.024645 0.762210
      vertex -3.555978 -3.828247 0.998752
    endloop
  endfacet
  facet normal -0.583800 0.541726 0.604740
    outer loop
      vertex -3.555978 -3.828247 0.998752
      vertex -3.983249 -4.024645 0.762210
      vertex -4.050388 -4.186732 0.842593
    endloop
  endfacet
  facet normal -0.583800 0.541726 0.604740
    outer loop
      vertex -3.555978 -3.828247 0.998752
      vertex -4.050388 -4.186732 0.842593
      vertex -3.683683 -4.136555 1.151651
    endloop
  endfacet
  facet normal -0.629178 0.362148 0.687738
    outer loop
      vertex -3.683683 -4.136555 1.151651
      vertex -4.050388 -4.186732 0.842593
      vertex -4.129583 -4.377927 0.870820
    endloop
  endfacet
  facet normal -0.629178 0.362148 0.687738
    outer loop
      vertex -3.683683 -4.136555 1.151651
      vertex -4.129583 -4.377927 0.870820
      vertex -3.834321 -4.500228 1.205342
    endloop
  endfacet
  facet normal -0.700974 0.188819 0.687738
    outer loop
      vertex -3.834321 -4.500228 1.205342
      vertex -4.129583 -4.377927 0.870820
      vertex -4.208778 -4.569121 0.842593
    endloop
  endfacet
  facet normal -0.700974 0.188819 0.687738
    outer loop
      vertex -3.834321 -4.500228 1.205342
      vertex -4.208778 -4.569121 0.842593
      vertex -3.984960 -4.863902 1.151651
    endloop
  endfacet
  facet normal -0.795867 0.029750 0.604740
    outer loop
      vertex -3.984960 -4.863902 1.151651
      vertex -4.208778 -4.569121 0.842593
      vertex -4.275917 -4.731208 0.762210
    endloop
  endfacet
  facet normal -0.795867 0.029750 0.604740
    outer loop
      vertex -3.984960 -4.863902 1.151651
      vertex -4.275917 -4.731208 0.762210
      vertex -4.112665 -5.172209 0.998752
    endloop
  endfacet
  facet normal -0.898047 -0.103058 0.427657
    outer loop
      vertex -4.112665 -5.172209 0.998752
      vertex -4.275917 -4.731208 0.762210
      vertex -4.320778 -4.839511 0.641907
    endloop
  endfacet
  facet normal -0.898047 -0.103058 0.427657
    outer loop
      vertex -4.112665 -5.172209 0.998752
      vertex -4.320778 -4.839511 0.641907
      vertex -4.197995 -5.378214 0.769923
    endloop
  endfacet
  facet normal -0.970336 -0.183855 0.156989
    outer loop
      vertex -4.197995 -5.378214 0.769923
      vertex -4.320778 -4.839511 0.641907
      vertex -4.336530 -4.877542 0.500000
    endloop
  endfacet
  facet normal -0.970336 -0.183855 0.156989
    outer loop
      vertex -4.197995 -5.378214 0.769923
      vertex -4.336530 -4.877542 0.500000
      vertex -4.227959 -5.450553 0.500000
    endloop
  endfacet
  facet normal 0.000000 0.000000 1.000000
    outer loop
      vertex -3.922636 -3.878311 0.500000
      vertex -4.231323 -4.335785 0.500000
      vertex -4.231323 -4.335785 0.500000
    endloop
  endfacet
  facet normal -0.827553 0.558405 0.057786
    outer loop
      vertex -3.922636 -3.878311 0.500000
      vertex -4.231323 -4.335785 0.500000
      vertex -3.938389 -3.916342 0.641907
    endloop
  endfacet
  facet normal 0.000000 0.000000 1.000000
    outer loop
      vertex -3.938389 -3.916342 0.641907
      vertex -4.231323 -4.335785 0.500000
      vertex -4.231323 -4.335785 0.500000
    endloop
  endfacet
  facet normal -0.833931 0.527082 0.163537
    outer loop
      vertex -3.938389 -3.916342 0.641907
      vertex -4.231323 -4.335785 0.500000
      vertex -3.983249 -4.024645 0.762210
    endloop
  endfacet
  facet normal 0.000000 0.000000 1.000000
    outer loop
      vertex -3.983249 -4.024645 0.762210
      vertex -4.231323 -4.335785 0.500000
      vertex -4.231323 -4.335785 0.500000
    endloop
  endfacet
  facet normal -0.847828 0.471508 0.242628
    outer loop
      vertex -3.983249 -4.024645 0.762210
      vertex -4.231323 -4.335785 0.500000
      vertex -4.050388 -4.186732 0.842593
    endloop
  endfacet
  facet normal 0.000000 0.000000 1.000000
    outer loop
      vertex -4.050388 -4.186732 0.842593
      vertex -4.231323 -4.335785 0.500000
      vertex -4.231323 -4.335785 0.500000
    endloop
  endfacet
  facet normal -0.870136 0.402420 0.284468
    outer loop
      vertex -4.050388 -4.186732 0.842593
      vertex -4.231323 -4.335785 0.500000
      vertex -4.129583 -4.377927 0.870820
    endloop
  endfacet
  facet normal 0.000000 0.000000 1.000000
    outer loop
      vertex -4.129583 -4.377927 0.870820
      vertex -4.231323 -4.335785 0.500000
      vertex -4.231323 -4.335785 0.500000
    endloop
  endfacet
  facet normal -0.899833 0.330725 0.284468
    outer loop
      vertex -4.129583 -4.377927 0.870820
      vertex -4.231323 -4.335785 0.500000
      vertex -4.208778 -4.569121 0.842593
    endloop
  endfacet
  facet normal 0.000000 0.000000 1.000000
    outer loop
      vertex -4.208778 -4.569121 0.842593
      vertex -4.231323 -4.335785 0.500000
      vertex -4.231323 -4.335785 0.500000
    endloop
  endfacet
  facet normal -0.932911 0.266098 0.242628
    outer loop
      vertex -4.208778 -4.569121 0.842593
      vertex -4.231323 -4.335785 0.500000
      vertex -4.275917 -4.731208 0.762210
    endloop
  endfacet
  facet normal 0.000000 0.000000 1.000000
    outer loop
      vertex -4.275917 -4.731208 0.762210
      vertex -4.231323 -4.335785 0.500000
      vertex -4.231323 -4.335785 0.500000
    endloop
  endfacet
  facet normal -0.962381 0.216975 0.163537
    outer loop
      vertex -4.275917 -4.731208 0.762210
      vertex -4.231323 -4.335785 0.500000
      vertex -4.320778 -4.839511 0.641907
    endloop
  endfacet
  facet normal 0.000000 0.000000 1.000000
    outer loop
      vertex -4.320778 -4.839511 0.641907
      vertex -4.231323 -4.335785 0.500000
      vertex -4.231323 -4.335785 0.500000
    endloop
  endfacet
  facet normal -0.980021 0.190316 0.057786
    outer loop
      vertex -4.320778 -4.839511 0.641907
      vertex -4.231323 -4.335785 0.500000
      vertex -4.336530 -4.877542 0.500000
    endloop
  endfacet
  facet normal 0.827553 0.558405 0.057786
    outer loop
      vertex 4.231323 -4.335785 0.500000
      vertex 3.922636 -3.878311 0.500000
      vertex 3.938389 -3.916342 0.641907
    endloop
  endfacet
  facet normal 0.000000 0.000000 1.000000
    outer loop
      vertex 4.231323 -4.335785 0.500000
      vertex 3.938389 -3.916342 0.641907
      vertex 4.231323 -4.335785 0.500000
    endloop
  endfacet
  facet normal 0.833931 0.527082 0.163537
    outer loop
      vertex 4.231323 -4.335785 0.500000
      vertex 3.938389 -3.916342 0.641907
      vertex 3.983249 -4.024645 0.762210
    endloop
  endfacet
  facet normal 0.000000 0.000000 1.000000
    outer loop
      vertex 4.231323 -4.335785 0.500000
      vertex 3.983249 -4.024645 0.762210
      vertex 4.231323 -4.335785 0.500000
    endloop
  endfacet
  facet normal 0.847828 0.471508 0.242628
    outer loop
      vertex 4.231323 -4.335785 0.500000
      vertex 3.983249 -4.024645 0.762210
      vertex 4.050388 -4.186732 0.842593
    endloop
  endfacet
  facet normal 0.000000 0.000000 1.000000
    outer loop
      vertex 4.231323 -4.335785 0.500000
      vertex 4.050388 -4.186732 0.842593
      vertex 4.231323 -4.335785 0.500000
    endloop
  endfacet
  facet normal 0.870136 0.402420 0.284468
    outer loop
      vertex 4.231323 -4.335785 0.500000
      vertex 4.050388 -4.186732 0.842593
      vertex 4.129583 -4.377927 0.870820
    endloop
  endfacet
  facet normal 0.000000 0.000000 1.000000
    outer loop
      vertex 4.231323 -4.335785 0.500000
      vertex 4.129583 -4.377927 0.870820
      vertex 4.231323 -4.335785 0.500000
    endloop
  endfacet
  facet normal 0.899833 0.330725 0.284468
    outer loop
      vertex 4.231323 -4.335785 0.500000
      vertex 4.129583 -4.377927 0.870820
      vertex 4.208778 -4.569121 0.842593
    endloop
  endfacet
  facet normal 0.000000 0.000000 1.000000
    outer loop
      vertex 4.231323 -4.335785 0.500000
      vertex 4.208778 -4.569121 0.842593
      vertex 4.231323 -4.335785 0.500000
    endloop
  endfacet
  facet normal 0.932911 0.266098 0.242628
    outer loop
      vertex 4.231323 -4.335785 0.500000
      vertex 4.208778 -4.569121 0.842593
      vertex 4.275917 -4.731208 0.762210
    endloop
  endfacet
  facet normal 0.000000 0.000000 1.000000
    outer loop
      vertex 4.231323 -4.335785 0.500000
      vertex 4.275917 -4.731208 0.762210
      vertex 4.231323 -4.335785 0.500000
    endloop
  endfacet
  facet normal 0.962381 0.216975 0.163537
    outer loop
      vertex 4.231323 -4.335785 0.500000
      vertex 4.275917 -4.731208 0.762210
      vertex 4.320778 -4.839511 0.641907
    endloop
  endfacet
  facet normal 0.000000 0.000000 1.000000
    outer loop
      vertex 4.231323 -4.335785 0.500000
      vertex 4.320778 -4.839511 0.641907
      vertex 4.231323 -4.335785 0.500000
    endloop
  endfacet
  facet normal 0.980021 0.190316 0.057786
    outer loop
      vertex 4.231323 -4.335785 0.500000
      vertex 4.320778 -4.839511 0.641907
      vertex 4.336530 -4.877542 0.500000
    endloop
  endfacet
  facet normal 0.000000 0.000000 1.000000
    outer loop
      vertex 4.231323 -4.335785 0.500000
      vertex 4.336530 -4.877542 0.500000
      vertex 4.231323 -4.335785 0.500000
    endloop
  endfacet
  facet normal 0.556126 0.816136 0.156989
    outer loop
      vertex 3.922636 -3.878311 0.500000
      vertex 3.440684 -3.549903 0.500000
      vertex 3.470648 -3.622243 0.769923
    endloop
  endfacet
  facet normal 0.556126 0.816136 0.156989
    outer loop
      vertex 3.922636 -3.878311 0.500000
      vertex 3.470648 -3.622243 0.769923
      vertex 3.938389 -3.916342 0.641907
    endloop
  endfacet
  facet normal 0.562142 0.707888 0.427657
    outer loop
      vertex 3.938389 -3.916342 0.641907
      vertex 3.470648 -3.622243 0.769923
      vertex 3.555978 -3.828247 0.998752
    endloop
  endfacet
  facet normal 0.562142 0.707888 0.427657
    outer loop
      vertex 3.938389 -3.916342 0.641907
      vertex 3.555978 -3.828247 0.998752
      vertex 3.983249 -4.024645 0.762210
    endloop
  endfacet
  facet normal 0.583800 0.541726 0.604740
    outer loop
      vertex 3.983249 -4.024645 0.762210
      vertex 3.555978 -3.828247 0.998752
      vertex 3.683683 -4.136555 1.151651
    endloop
  endfacet
  facet normal 0.583800 0.541726 0.604740
    outer loop
      vertex 3.983249 -4.024645 0.762210
      vertex 3.683683 -4.136555 1.151651
      vertex 4.050388 -4.186732 0.842593
    endloop
  endfacet
  facet normal 0.629178 0.362148 0.687738
    outer loop
      vertex 4.050388 -4.186732 0.842593
      vertex 3.683683 -4.136555 1.151651
      vertex 3.834321 -4.500228 1.205342
    endloop
  endfacet
  facet normal 0.629178 0.362148 0.687738
    outer loop
      vertex 4.050388 -4.186732 0.842593
      vertex 3.834321 -4.500228 1.205342
      vertex 4.129583 -4.377927 0.870820
    endloop
  endfacet
  facet normal 0.700974 0.188819 0.687738
    outer loop
      vertex 4.129583 -4.377927 0.870820
      vertex 3.834321 -4.500228 1.205342
      vertex 3.984960 -4.863902 1.151651
    endloop
  endfacet
  facet normal 0.700974 0.188819 0.687738
    outer loop
      vertex 4.129583 -4.377927 0.870820
      vertex 3.984960 -4.863902 1.151651
      vertex 4.208778 -4.569121 0.842593
    endloop
  endfacet
  facet normal 0.795867 0.029750 0.604740
    outer loop
      vertex 4.208778 -4.569121 0.842593
      vertex 3.984960 -4.863902 1.151651
      vertex 4.112665 -5.172209 0.998752
    endloop
  endfacet
  facet normal 0.795867 0.029750 0.604740
    outer loop
      vertex 4.208778 -4.569121 0.842593
      vertex 4.112665 -5.172209 0.998752
      vertex 4.275917 -4.731208 0.762210
    endloop
  endfacet
  facet normal 0.898047 -0.103058 0.427657
    outer loop
      vertex 4.275917 -4.731208 0.762210
      vertex 4.112665 -5.172209 0.998752
      vertex 4.197995 -5.378214 0.769923
    endloop
  endfacet
  facet normal 0.898047 -0.103058 0.427657
    outer loop
      vertex 4.275917 -4.731208 0.762210
      vertex 4.197995 -5.378214 0.769923
      vertex 4.320778 -4.839511 0.641907
    endloop
  endfacet
  facet normal 0.970336 -0.183855 0.156989
    outer loop
      vertex 4.320778 -4.839511 0.641907
      vertex 4.197995 -5.378214 0.769923
      vertex 4.227959 -5.450553 0.500000
    endloop
  endfacet
  facet normal 0.970336 -0.183855 0.156989
    outer loop
      vertex 4.320778 -4.839511 0.641907
      vertex 4.227959 -5.450553 0.500000
      vertex 4.336530 -4.877542 0.500000
    endloop
  endfacet
  facet normal 0.258447 0.939887 0.223199
    outer loop
      vertex 3.440684 -3.549903 0.500000
      vertex 2.832645 -3.382707 0.500000
      vertex 2.873887 -3.482273 0.871517
    endloop
  endfacet
  facet normal 0.258447 0.939887 0.223199
    outer loop
      vertex 3.440684 -3.549903 0.500000
      vertex 2.873887 -3.482273 0.871517
      vertex 3.470648 -3.622243 0.769923
    endloop
  endfacet
  facet normal 0.278286 0.763139 0.583246
    outer loop
      vertex 3.470648 -3.622243 0.769923
      vertex 2.873887 -3.482273 0.871517
      vertex 2.991333 -3.765814 1.186474
    endloop
  endfacet
  facet normal 0.278286 0.763139 0.583246
    outer loop
      vertex 3.470648 -3.622243 0.769923
      vertex 2.991333 -3.765814 1.186474
      vertex 3.555978 -3.828247 0.998752
    endloop
  endfacet
  facet normal 0.320308 0.524046 0.789163
    outer loop
      vertex 3.555978 -3.828247 0.998752
      vertex 2.991333 -3.765814 1.186474
      vertex 3.167104 -4.190163 1.396921
    endloop
  endfacet
  facet normal 0.320308 0.524046 0.789163
    outer loop
      vertex 3.555978 -3.828247 0.998752
      vertex 3.167104 -4.190163 1.396921
      vertex 3.683683 -4.136555 1.151651
    endloop
  endfacet
  facet normal 0.385926 0.289189 0.876031
    outer loop
      vertex 3.683683 -4.136555 1.151651
      vertex 3.167104 -4.190163 1.396921
      vertex 3.374441 -4.690717 1.470820
    endloop
  endfacet
  facet normal 0.385926 0.289189 0.876031
    outer loop
      vertex 3.683683 -4.136555 1.151651
      vertex 3.374441 -4.690717 1.470820
      vertex 3.834321 -4.500228 1.205342
    endloop
  endfacet
  facet normal 0.477378 0.068404 0.876031
    outer loop
      vertex 3.834321 -4.500228 1.205342
      vertex 3.374441 -4.690717 1.470820
      vertex 3.581777 -5.191271 1.396921
    endloop
  endfacet
  facet normal 0.477378 0.068404 0.876031
    outer loop
      vertex 3.834321 -4.500228 1.205342
      vertex 3.581777 -5.191271 1.396921
      vertex 3.984960 -4.863902 1.151651
    endloop
  endfacet
  facet normal 0.597049 -0.144064 0.789163
    outer loop
      vertex 3.984960 -4.863902 1.151651
      vertex 3.581777 -5.191271 1.396921
      vertex 3.757548 -5.615620 1.186474
    endloop
  endfacet
  facet normal 0.597049 -0.144064 0.789163
    outer loop
      vertex 3.984960 -4.863902 1.151651
      vertex 3.757548 -5.615620 1.186474
      vertex 4.112665 -5.172209 0.998752
    endloop
  endfacet
  facet normal 0.736398 -0.342843 0.583246
    outer loop
      vertex 4.112665 -5.172209 0.998752
      vertex 3.757548 -5.615620 1.186474
      vertex 3.874994 -5.899161 0.871517
    endloop
  endfacet
  facet normal 0.736398 -0.342843 0.583246
    outer loop
      vertex 4.112665 -5.172209 0.998752
      vertex 3.874994 -5.899161 0.871517
      vertex 4.197995 -5.378214 0.769923
    endloop
  endfacet
  facet normal 0.847350 -0.481851 0.223199
    outer loop
      vertex 4.197995 -5.378214 0.769923
      vertex 3.874994 -5.899161 0.871517
      vertex 3.916236 -5.998727 0.500000
    endloop
  endfacet
  facet normal 0.847350 -0.481851 0.223199
    outer loop
      vertex 4.197995 -5.378214 0.769923
      vertex 3.916236 -5.998727 0.500000
      vertex 4.227959 -5.450553 0.500000
    endloop
  endfacet
  facet normal -0.014857 0.965393 0.260374
    outer loop
      vertex 2.832645 -3.382707 0.500000
      vertex 2.158038 -3.393089 0.500000
      vertex 2.206521 -3.510136 0.936744
    endloop
  endfacet
  facet normal -0.014857 0.965393 0.260374
    outer loop
      vertex 2.832645 -3.382707 0.500000
      vertex 2.206521 -3.510136 0.936744
      vertex 2.873887 -3.482273 0.871517
    endloop
  endfacet
  facet normal 0.033413 0.748949 0.661784
    outer loop
      vertex 2.873887 -3.482273 0.871517
      vertex 2.206521 -3.510136 0.936744
      vertex 2.344587 -3.843459 1.306998
    endloop
  endfacet
  facet normal 0.033413 0.748949 0.661784
    outer loop
      vertex 2.873887 -3.482273 0.871517
      vertex 2.344587 -3.843459 1.306998
      vertex 2.991333 -3.765814 1.186474
    endloop
  endfacet
  facet normal 0.105444 0.476530 0.872812
    outer loop
      vertex 2.991333 -3.765814 1.186474
      vertex 2.344587 -3.843459 1.306998
      vertex 2.551219 -4.342311 1.554394
    endloop
  endfacet
  facet normal 0.105444 0.476530 0.872812
    outer loop
      vertex 2.991333 -3.765814 1.186474
      vertex 2.551219 -4.342311 1.554394
      vertex 3.167104 -4.190163 1.396921
    endloop
  endfacet
  facet normal 0.190264 0.220060 0.956751
    outer loop
      vertex 3.167104 -4.190163 1.396921
      vertex 2.551219 -4.342311 1.554394
      vertex 2.794957 -4.930747 1.641268
    endloop
  endfacet
  facet normal 0.190264 0.220060 0.956751
    outer loop
      vertex 3.167104 -4.190163 1.396921
      vertex 2.794957 -4.930747 1.641268
      vertex 3.374441 -4.690717 1.470820
    endloop
  endfacet
  facet normal 0.290143 -0.021069 0.956751
    outer loop
      vertex 3.374441 -4.690717 1.470820
      vertex 2.794957 -4.930747 1.641268
      vertex 3.038695 -5.519183 1.554394
    endloop
  endfacet
  facet normal 0.290143 -0.021069 0.956751
    outer loop
      vertex 3.374441 -4.690717 1.470820
      vertex 3.038695 -5.519183 1.554394
      vertex 3.581777 -5.191271 1.396921
    endloop
  endfacet
  facet normal 0.411518 -0.262398 0.872812
    outer loop
      vertex 3.581777 -5.191271 1.396921
      vertex 3.038695 -5.519183 1.554394
      vertex 3.245326 -6.018035 1.306998
    endloop
  endfacet
  facet normal 0.411518 -0.262398 0.872812
    outer loop
      vertex 3.581777 -5.191271 1.396921
      vertex 3.245326 -6.018035 1.306998
      vertex 3.757548 -5.615620 1.186474
    endloop
  endfacet
  facet normal 0.553213 -0.505961 0.661784
    outer loop
      vertex 3.757548 -5.615620 1.186474
      vertex 3.245326 -6.018035 1.306998
      vertex 3.383393 -6.351358 0.936744
    endloop
  endfacet
  facet normal 0.553213 -0.505961 0.661784
    outer loop
      vertex 3.757548 -5.615620 1.186474
      vertex 3.383393 -6.351358 0.936744
      vertex 3.874994 -5.899161 0.871517
    endloop
  endfacet
  facet normal 0.672131 -0.693142 0.260374
    outer loop
      vertex 3.874994 -5.899161 0.871517
      vertex 3.383393 -6.351358 0.936744
      vertex 3.431876 -6.468405 0.500000
    endloop
  endfacet
  facet normal 0.672131 -0.693142 0.260374
    outer loop
      vertex 3.874994 -5.899161 0.871517
      vertex 3.431876 -6.468405 0.500000
      vertex 3.916236 -5.998727 0.500000
    endloop
  endfacet
  facet normal -0.256439 0.926118 0.276666
    outer loop
      vertex 2.158038 -3.393089 0.500000
      vertex 1.482898 -3.580033 0.500000
      vertex 1.533876 -3.703104 0.959220
    endloop
  endfacet
  facet normal -0.256439 0.926118 0.276666
    outer loop
      vertex 2.158038 -3.393089 0.500000
      vertex 1.533876 -3.703104 0.959220
      vertex 2.206521 -3.510136 0.936744
    endloop
  endfacet
  facet normal -0.176974 0.697745 0.694141
    outer loop
      vertex 2.206521 -3.510136 0.936744
      vertex 1.533876 -3.703104 0.959220
      vertex 1.679048 -4.053580 1.348528
    endloop
  endfacet
  facet normal -0.176974 0.697745 0.694141
    outer loop
      vertex 2.206521 -3.510136 0.936744
      vertex 1.679048 -4.053580 1.348528
      vertex 2.344587 -3.843459 1.306998
    endloop
  endfacet
  facet normal -0.075404 0.417787 0.905411
    outer loop
      vertex 2.344587 -3.843459 1.306998
      vertex 1.679048 -4.053580 1.348528
      vertex 1.896313 -4.578104 1.608655
    endloop
  endfacet
  facet normal -0.075404 0.417787 0.905411
    outer loop
      vertex 2.344587 -3.843459 1.306998
      vertex 1.896313 -4.578104 1.608655
      vertex 2.551219 -4.342311 1.554394
    endloop
  endfacet
  facet normal 0.025518 0.156341 0.987373
    outer loop
      vertex 2.551219 -4.342311 1.554394
      vertex 1.896313 -4.578104 1.608655
      vertex 2.152594 -5.196822 1.700000
    endloop
  endfacet
  facet normal 0.025518 0.156341 0.987373
    outer loop
      vertex 2.551219 -4.342311 1.554394
      vertex 2.152594 -5.196822 1.700000
      vertex 2.794957 -4.930747 1.641268
    endloop
  endfacet
  facet normal 0.128594 -0.092506 0.987373
    outer loop
      vertex 2.794957 -4.930747 1.641268
      vertex 2.152594 -5.196822 1.700000
      vertex 2.408876 -5.815541 1.608655
    endloop
  endfacet
  facet normal 0.128594 -0.092506 0.987373
    outer loop
      vertex 2.794957 -4.930747 1.641268
      vertex 2.408876 -5.815541 1.608655
      vertex 3.038695 -5.519183 1.554394
    endloop
  endfacet
  facet normal 0.242102 -0.348739 0.905411
    outer loop
      vertex 3.038695 -5.519183 1.554394
      vertex 2.408876 -5.815541 1.608655
      vertex 2.626141 -6.340065 1.348528
    endloop
  endfacet
  facet normal 0.242102 -0.348739 0.905411
    outer loop
      vertex 3.038695 -5.519183 1.554394
      vertex 2.626141 -6.340065 1.348528
      vertex 3.245326 -6.018035 1.306998
    endloop
  endfacet
  facet normal 0.368241 -0.618520 0.694141
    outer loop
      vertex 3.245326 -6.018035 1.306998
      vertex 2.626141 -6.340065 1.348528
      vertex 2.771313 -6.690541 0.959220
    endloop
  endfacet
  facet normal 0.368241 -0.618520 0.694141
    outer loop
      vertex 3.245326 -6.018035 1.306998
      vertex 2.771313 -6.690541 0.959220
      vertex 3.383393 -6.351358 0.936744
    endloop
  endfacet
  facet normal 0.473535 -0.836194 0.276666
    outer loop
      vertex 3.383393 -6.351358 0.936744
      vertex 2.771313 -6.690541 0.959220
      vertex 2.822290 -6.813612 0.500000
    endloop
  endfacet
  facet normal 0.473535 -0.836194 0.276666
    outer loop
      vertex 3.383393 -6.351358 0.936744
      vertex 2.822290 -6.813612 0.500000
      vertex 3.431876 -6.468405 0.500000
    endloop
  endfacet
  facet normal -0.473535 0.836194 0.276666
    outer loop
      vertex 1.482898 -3.580033 0.500000
      vertex 0.873313 -3.925240 0.500000
      vertex 0.921796 -4.042287 0.936744
    endloop
  endfacet
  facet normal -0.473535 0.836194 0.276666
    outer loop
      vertex 1.482898 -3.580033 0.500000
      vertex 0.921796 -4.042287 0.936744
      vertex 1.533876 -3.703104 0.959220
    endloop
  endfacet
  facet normal -0.368241 0.618520 0.694141
    outer loop
      vertex 1.533876 -3.703104 0.959220
      vertex 0.921796 -4.042287 0.936744
      vertex 1.059862 -4.375609 1.306998
    endloop
  endfacet
  facet normal -0.368241 0.618520 0.694141
    outer loop
      vertex 1.533876 -3.703104 0.959220
      vertex 1.059862 -4.375609 1.306998
      vertex 1.679048 -4.053580 1.348528
    endloop
  endfacet
  facet normal -0.242102 0.348739 0.905411
    outer loop
      vertex 1.679048 -4.053580 1.348528
      vertex 1.059862 -4.375609 1.306998
      vertex 1.266493 -4.874461 1.554394
    endloop
  endfacet
  facet normal -0.242102 0.348739 0.905411
    outer loop
      vertex 1.679048 -4.053580 1.348528
      vertex 1.266493 -4.874461 1.554394
      vertex 1.896313 -4.578104 1.608655
    endloop
  endfacet
  facet normal -0.128594 0.092506 0.987373
    outer loop
      vertex 1.896313 -4.578104 1.608655
      vertex 1.266493 -4.874461 1.554394
      vertex 1.510232 -5.462898 1.641268
    endloop
  endfacet
  facet normal -0.128594 0.092506 0.987373
    outer loop
      vertex 1.896313 -4.578104 1.608655
      vertex 1.510232 -5.462898 1.641268
      vertex 2.152594 -5.196822 1.700000
    endloop
  endfacet
  facet normal -0.025518 -0.156341 0.987373
    outer loop
      vertex 2.152594 -5.196822 1.700000
      vertex 1.510232 -5.462898 1.641268
      vertex 1.753970 -6.051334 1.554394
    endloop
  endfacet
  facet normal -0.025518 -0.156341 0.987373
    outer loop
      vertex 2.152594 -5.196822 1.700000
      vertex 1.753970 -6.051334 1.554394
      vertex 2.408876 -5.815541 1.608655
    endloop
  endfacet
  facet normal 0.075404 -0.417787 0.905411
    outer loop
      vertex 2.408876 -5.815541 1.608655
      vertex 1.753970 -6.051334 1.554394
      vertex 1.960601 -6.550186 1.306998
    endloop
  endfacet
  facet normal 0.075404 -0.417787 0.905411
    outer loop
      vertex 2.408876 -5.815541 1.608655
      vertex 1.960601 -6.550186 1.306998
      vertex 2.626141 -6.340065 1.348528
    endloop
  endfacet
  facet normal 0.176974 -0.697745 0.694141
    outer loop
      vertex 2.626141 -6.340065 1.348528
      vertex 1.960601 -6.550186 1.306998
      vertex 2.098668 -6.883508 0.936744
    endloop
  endfacet
  facet normal 0.176974 -0.697745 0.694141
    outer loop
      vertex 2.626141 -6.340065 1.348528
      vertex 2.098668 -6.883508 0.936744
      vertex 2.771313 -6.690541 0.959220
    endloop
  endfacet
  facet normal 0.256439 -0.926118 0.276666
    outer loop
      vertex 2.771313 -6.690541 0.959220
      vertex 2.098668 -6.883508 0.936744
      vertex 2.147150 -7.000556 0.500000
    endloop
  endfacet
  facet normal 0.256439 -0.926118 0.276666
    outer loop
      vertex 2.771313 -6.690541 0.959220
      vertex 2.147150 -7.000556 0.500000
      vertex 2.822290 -6.813612 0.500000
    endloop
  endfacet
  facet normal -0.672131 0.693142 0.260374
    outer loop
      vertex 0.873313 -3.925240 0.500000
      vertex 0.388953 -4.394918 0.500000
      vertex 0.430194 -4.494484 0.871517
    endloop
  endfacet
  facet normal -0.672131 0.693142 0.260374
    outer loop
      vertex 0.873313 -3.925240 0.500000
      vertex 0.430194 -4.494484 0.871517
      vertex 0.921796 -4.042287 0.936744
    endloop
  endfacet
  facet normal -0.553213 0.505961 0.661784
    outer loop
      vertex 0.921796 -4.042287 0.936744
      vertex 0.430194 -4.494484 0.871517
      vertex 0.547641 -4.778025 1.186474
    endloop
  endfacet
  facet normal -0.553213 0.505961 0.661784
    outer loop
      vertex 0.921796 -4.042287 0.936744
      vertex 0.547641 -4.778025 1.186474
      vertex 1.059862 -4.375609 1.306998
    endloop
  endfacet
  facet normal -0.411518 0.262398 0.872812
    outer loop
      vertex 1.059862 -4.375609 1.306998
      vertex 0.547641 -4.778025 1.186474
      vertex 0.723412 -5.202374 1.396921
    endloop
  endfacet
  facet normal -0.411518 0.262398 0.872812
    outer loop
      vertex 1.059862 -4.375609 1.306998
      vertex 0.723412 -5.202374 1.396921
      vertex 1.266493 -4.874461 1.554394
    endloop
  endfacet
  facet normal -0.290143 0.021069 0.956751
    outer loop
      vertex 1.266493 -4.874461 1.554394
      vertex 0.723412 -5.202374 1.396921
      vertex 0.930748 -5.702928 1.470820
    endloop
  endfacet
  facet normal -0.290143 0.021069 0.956751
    outer loop
      vertex 1.266493 -4.874461 1.554394
      vertex 0.930748 -5.702928 1.470820
      vertex 1.510232 -5.462898 1.641268
    endloop
  endfacet
  facet normal -0.190264 -0.220060 0.956751
    outer loop
      vertex 1.510232 -5.462898 1.641268
      vertex 0.930748 -5.702928 1.470820
      vertex 1.138084 -6.203481 1.396921
    endloop
  endfacet
  facet normal -0.190264 -0.220060 0.956751
    outer loop
      vertex 1.510232 -5.462898 1.641268
      vertex 1.138084 -6.203481 1.396921
      vertex 1.753970 -6.051334 1.554394
    endloop
  endfacet
  facet normal -0.105444 -0.476530 0.872812
    outer loop
      vertex 1.753970 -6.051334 1.554394
      vertex 1.138084 -6.203481 1.396921
      vertex 1.313855 -6.627830 1.186474
    endloop
  endfacet
  facet normal -0.105444 -0.476530 0.872812
    outer loop
      vertex 1.753970 -6.051334 1.554394
      vertex 1.313855 -6.627830 1.186474
      vertex 1.960601 -6.550186 1.306998
    endloop
  endfacet
  facet normal -0.033413 -0.748949 0.661784
    outer loop
      vertex 1.960601 -6.550186 1.306998
      vertex 1.313855 -6.627830 1.186474
      vertex 1.431302 -6.911371 0.871517
    endloop
  endfacet
  facet normal -0.033413 -0.748949 0.661784
    outer loop
      vertex 1.960601 -6.550186 1.306998
      vertex 1.431302 -6.911371 0.871517
      vertex 2.098668 -6.883508 0.936744
    endloop
  endfacet
  facet normal 0.014857 -0.965393 0.260374
    outer loop
      vertex 2.098668 -6.883508 0.936744
      vertex 1.431302 -6.911371 0.871517
      vertex 1.472544 -7.010938 0.500000
    endloop
  endfacet
  facet normal 0.014857 -0.965393 0.260374
    outer loop
      vertex 2.098668 -6.883508 0.936744
      vertex 1.472544 -7.010938 0.500000
      vertex 2.147150 -7.000556 0.500000
    endloop
  endfacet
  facet normal -0.847350 0.481851 0.223199
    outer loop
      vertex 0.388953 -4.394918 0.500000
      vertex 0.077230 -4.943092 0.500000
      vertex 0.107194 -5.015431 0.769923
    endloop
  endfacet
  facet normal -0.847350 0.481851 0.223199
    outer loop
      vertex 0.388953 -4.394918 0.500000
      vertex 0.107194 -5.015431 0.769923
      vertex 0.430194 -4.494484 0.871517
    endloop
  endfacet
  facet normal -0.736398 0.342843 0.583246
    outer loop
      vertex 0.430194 -4.494484 0.871517
      vertex 0.107194 -5.015431 0.769923
      vertex 0.192524 -5.221435 0.998752
    endloop
  endfacet
  facet normal -0.736398 0.342843 0.583246
    outer loop
      vertex 0.430194 -4.494484 0.871517
      vertex 0.192524 -5.221435 0.998752
      vertex 0.547641 -4.778025 1.186474
    endloop
  endfacet
  facet normal -0.597049 0.144064 0.789163
    outer loop
      vertex 0.547641 -4.778025 1.186474
      vertex 0.192524 -5.221435 0.998752
      vertex 0.320229 -5.529743 1.151651
    endloop
  endfacet
  facet normal -0.597049 0.144064 0.789163
    outer loop
      vertex 0.547641 -4.778025 1.186474
      vertex 0.320229 -5.529743 1.151651
      vertex 0.723412 -5.202374 1.396921
    endloop
  endfacet
  facet normal -0.477378 -0.068404 0.876031
    outer loop
      vertex 0.723412 -5.202374 1.396921
      vertex 0.320229 -5.529743 1.151651
      vertex 0.470867 -5.893417 1.205342
    endloop
  endfacet
  facet normal -0.477378 -0.068404 0.876031
    outer loop
      vertex 0.723412 -5.202374 1.396921
      vertex 0.470867 -5.893417 1.205342
      vertex 0.930748 -5.702928 1.470820
    endloop
  endfacet
  facet normal -0.385926 -0.289189 0.876031
    outer loop
      vertex 0.930748 -5.702928 1.470820
      vertex 0.470867 -5.893417 1.205342
      vertex 0.621506 -6.257090 1.151651
    endloop
  endfacet
  facet normal -0.385926 -0.289189 0.876031
    outer loop
      vertex 0.930748 -5.702928 1.470820
      vertex 0.621506 -6.257090 1.151651
      vertex 1.138084 -6.203481 1.396921
    endloop
  endfacet
  facet normal -0.320308 -0.524046 0.789163
    outer loop
      vertex 1.138084 -6.203481 1.396921
      vertex 0.621506 -6.257090 1.151651
      vertex 0.749211 -6.565398 0.998752
    endloop
  endfacet
  facet normal -0.320308 -0.524046 0.789163
    outer loop
      vertex 1.138084 -6.203481 1.396921
      vertex 0.749211 -6.565398 0.998752
      vertex 1.313855 -6.627830 1.186474
    endloop
  endfacet
  facet normal -0.278286 -0.763139 0.583246
    outer loop
      vertex 1.313855 -6.627830 1.186474
      vertex 0.749211 -6.565398 0.998752
      vertex 0.834541 -6.771402 0.769923
    endloop
  endfacet
  facet normal -0.278286 -0.763139 0.583246
    outer loop
      vertex 1.313855 -6.627830 1.186474
      vertex 0.834541 -6.771402 0.769923
      vertex 1.431302 -6.911371 0.871517
    endloop
  endfacet
  facet normal -0.258447 -0.939887 0.223199
    outer loop
      vertex 1.431302 -6.911371 0.871517
      vertex 0.834541 -6.771402 0.769923
      vertex 0.864505 -6.843741 0.500000
    endloop
  endfacet
  facet normal -0.258447 -0.939887 0.223199
    outer loop
      vertex 1.431302 -6.911371 0.871517
      vertex 0.864505 -6.843741 0.500000
      vertex 1.472544 -7.010938 0.500000
    endloop
  endfacet
  facet normal -0.970336 0.183855 0.156989
    outer loop
      vertex 0.077230 -4.943092 0.500000
      vertex -0.031342 -5.516103 0.500000
      vertex -0.015589 -5.554134 0.641907
    endloop
  endfacet
  facet normal -0.970336 0.183855 0.156989
    outer loop
      vertex 0.077230 -4.943092 0.500000
      vertex -0.015589 -5.554134 0.641907
      vertex 0.107194 -5.015431 0.769923
    endloop
  endfacet
  facet normal -0.898047 0.103058 0.427657
    outer loop
      vertex 0.107194 -5.015431 0.769923
      vertex -0.015589 -5.554134 0.641907
      vertex 0.029272 -5.662437 0.762210
    endloop
  endfacet
  facet normal -0.898047 0.103058 0.427657
    outer loop
      vertex 0.107194 -5.015431 0.769923
      vertex 0.029272 -5.662437 0.762210
      vertex 0.192524 -5.221435 0.998752
    endloop
  endfacet
  facet normal -0.795867 -0.029750 0.604740
    outer loop
      vertex 0.192524 -5.221435 0.998752
      vertex 0.029272 -5.662437 0.762210
      vertex 0.096410 -5.824523 0.842593
    endloop
  endfacet
  facet normal -0.795867 -0.029750 0.604740
    outer loop
      vertex 0.192524 -5.221435 0.998752
      vertex 0.096410 -5.824523 0.842593
      vertex 0.320229 -5.529743 1.151651
    endloop
  endfacet
  facet normal -0.700974 -0.188819 0.687738
    outer loop
      vertex 0.320229 -5.529743 1.151651
      vertex 0.096410 -5.824523 0.842593
      vertex 0.175606 -6.015718 0.870820
    endloop
  endfacet
  facet normal -0.700974 -0.188819 0.687738
    outer loop
      vertex 0.320229 -5.529743 1.151651
      vertex 0.175606 -6.015718 0.870820
      vertex 0.470867 -5.893417 1.205342
    endloop
  endfacet
  facet normal -0.629178 -0.362148 0.687738
    outer loop
      vertex 0.470867 -5.893417 1.205342
      vertex 0.175606 -6.015718 0.870820
      vertex 0.254801 -6.206912 0.842593
    endloop
  endfacet
  facet normal -0.629178 -0.362148 0.687738
    outer loop
      vertex 0.470867 -5.893417 1.205342
      vertex 0.254801 -6.206912 0.842593
      vertex 0.621506 -6.257090 1.151651
    endloop
  endfacet
  facet normal -0.583800 -0.541726 0.604740
    outer loop
      vertex 0.621506 -6.257090 1.151651
      vertex 0.254801 -6.206912 0.842593
      vertex 0.321940 -6.368999 0.762210
    endloop
  endfacet
  facet normal -0.583800 -0.541726 0.604740
    outer loop
      vertex 0.621506 -6.257090 1.151651
      vertex 0.321940 -6.368999 0.762210
      vertex 0.749211 -6.565398 0.998752
    endloop
  endfacet
  facet normal -0.562142 -0.707888 0.427657
    outer loop
      vertex 0.749211 -6.565398 0.998752
      vertex 0.321940 -6.368999 0.762210
      vertex 0.366800 -6.477302 0.641907
    endloop
  endfacet
  facet normal -0.562142 -0.707888 0.427657
    outer loop
      vertex 0.749211 -6.565398 0.998752
      vertex 0.366800 -6.477302 0.641907
      vertex 0.834541 -6.771402 0.769923
    endloop
  endfacet
  facet normal -0.556126 -0.816136 0.156989
    outer loop
      vertex 0.834541 -6.771402 0.769923
      vertex 0.366800 -6.477302 0.641907
      vertex 0.382553 -6.515333 0.500000
    endloop
  endfacet
  facet normal -0.556126 -0.816136 0.156989
    outer loop
      vertex 0.834541 -6.771402 0.769923
      vertex 0.382553 -6.515333 0.500000
      vertex 0.864505 -6.843741 0.500000
    endloop
  endfacet
  facet normal 0.000000 0.000000 1.000000
    outer loop
      vertex -0.031342 -5.516103 0.500000
      vertex 0.073865 -6.057860 0.500000
      vertex 0.073865 -6.057860 0.500000
    endloop
  endfacet
  facet normal -0.980021 -0.190316 0.057786
    outer loop
      vertex -0.031342 -5.516103 0.500000
      vertex 0.073865 -6.057860 0.500000
      vertex -0.015589 -5.554134 0.641907
    endloop
  endfacet
  facet normal 0.000000 0.000000 1.000000
    outer loop
      vertex -0.015589 -5.554134 0.641907
      vertex 0.073865 -6.057860 0.500000
      vertex 0.073865 -6.057860 0.500000
    endloop
  endfacet
  facet normal -0.962381 -0.216975 0.163537
    outer loop
      vertex -0.015589 -5.554134 0.641907
      vertex 0.073865 -6.057860 0.500000
      vertex 0.029272 -5.662437 0.762210
    endloop
  endfacet
  facet normal 0.000000 0.000000 1.000000
    outer loop
      vertex 0.029272 -5.662437 0.762210
      vertex 0.073865 -6.057860 0.500000
      vertex 0.073865 -6.057860 0.500000
    endloop
  endfacet
  facet normal -0.932911 -0.266098 0.242628
    outer loop
      vertex 0.029272 -5.662437 0.762210
      vertex 0.073865 -6.057860 0.500000
      vertex 0.096410 -5.824523 0.842593
    endloop
  endfacet
  facet normal 0.000000 0.000000 1.000000
    outer loop
      vertex 0.096410 -5.824523 0.842593
      vertex 0.073865 -6.057860 0.500000
      vertex 0.073865 -6.057860 0.500000
    endloop
  endfacet
  facet normal -0.899833 -0.330725 0.284468
    outer loop
      vertex 0.096410 -5.824523 0.842593
      vertex 0.073865 -6.057860 0.500000
      vertex 0.175606 -6.015718 0.870820
    endloop
  endfacet
  facet normal 0.000000 0.000000 1.000000
    outer loop
      vertex 0.175606 -6.015718 0.870820
      vertex 0.073865 -6.057860 0.500000
      vertex 0.073865 -6.057860 0.500000
    endloop
  endfacet
  facet normal -0.870136 -0.402420 0.284468
    outer loop
      vertex 0.175606 -6.015718 0.870820
      vertex 0.073865 -6.057860 0.500000
      vertex 0.254801 -6.206912 0.842593
    endloop
  endfacet
  facet normal 0.000000 0.000000 1.000000
    outer loop
      vertex 0.254801 -6.206912 0.842593
      vertex 0.073865 -6.057860 0.500000
      vertex 0.073865 -6.057860 0.500000
    endloop
  endfacet
  facet normal -0.847828 -0.471508 0.242628
    outer loop
      vertex 0.254801 -6.206912 0.842593
      vertex 0.073865 -6.057860 0.500000
      vertex 0.321940 -6.368999 0.762210
    endloop
  endfacet
  facet normal 0.000000 0.000000 1.000000
    outer loop
      vertex 0.321940 -6.368999 0.762210
      vertex 0.073865 -6.057860 0.500000
      vertex 0.073865 -6.057860 0.500000
    endloop
  endfacet
  facet normal -0.833931 -0.527082 0.163537
    outer loop
      vertex 0.321940 -6.368999 0.762210
      vertex 0.073865 -6.057860 0.500000
      vertex 0.366800 -6.477302 0.641907
    endloop
  endfacet
  facet normal 0.000000 0.000000 1.000000
    outer loop
      vertex 0.366800 -6.477302 0.641907
      vertex 0.073865 -6.057860 0.500000
      vertex 0.073865 -6.057860 0.500000
    endloop
  endfacet
  facet normal -0.827553 -0.558405 0.057786
    outer loop
      vertex 0.366800 -6.477302 0.641907
      vertex 0.073865 -6.057860 0.500000
      vertex 0.382553 -6.515333 0.500000
    endloop
  endfacet
  facet normal 0.190316 0.980021 0.057786
    outer loop
      vertex 6.057860 -0.073865 0.500000
      vertex 5.516103 0.031342 0.500000
      vertex 5.554134 0.015589 0.641907
    endloop
  endfacet
  facet normal 0.000000 0.000000 1.000000
    outer loop
      vertex 6.057860 -0.073865 0.500000
      vertex 5.554134 0.015589 0.641907
      vertex 6.057860 -0.073865 0.500000
    endloop
  endfacet
  facet normal 0.216975 0.962381 0.163537
    outer loop
      vertex 6.057860 -0.073865 0.500000
      vertex 5.554134 0.015589 0.641907
      vertex 5.662437 -0.029272 0.762210
    endloop
  endfacet
  facet normal 0.000000 0.000000 1.000000
    outer loop
      vertex 6.057860 -0.073865 0.500000
      vertex 5.662437 -0.029272 0.762210
      vertex 6.057860 -0.073865 0.500000
    endloop
  endfacet
  facet normal 0.266098 0.932911 0.242628
    outer loop
      vertex 6.057860 -0.073865 0.500000
      vertex 5.662437 -0.029272 0.762210
      vertex 5.824523 -0.096410 0.842593
    endloop
  endfacet
  facet normal 0.000000 0.000000 1.000000
    outer loop
      vertex 6.057860 -0.073865 0.500000
      vertex 5.824523 -0.096410 0.842593
      vertex 6.057860 -0.073865 0.500000
    endloop
  endfacet
  facet normal 0.330725 0.899833 0.284468
    outer loop
      vertex 6.057860 -0.073865 0.500000
      vertex 5.824523 -0.096410 0.842593
      vertex 6.015718 -0.175606 0.870820
    endloop
  endfacet
  facet normal 0.000000 0.000000 1.000000
    outer loop
      vertex 6.057860 -0.073865 0.500000
      vertex 6.015718 -0.175606 0.870820
      vertex 6.057860 -0.073865 0.500000
    endloop
  endfacet
  facet normal 0.402420 0.870136 0.284468
    outer loop
      vertex 6.057860 -0.073865 0.500000
      vertex 6.015718 -0.175606 0.870820
      vertex 6.206912 -0.254801 0.842593
    endloop
  endfacet
  facet normal 0.000000 0.000000 1.000000
    outer loop
      vertex 6.057860 -0.073865 0.500000
      vertex 6.206912 -0.254801 0.842593
      vertex 6.057860 -0.073865 0.500000
    endloop
  endfacet
  facet normal 0.471508 0.847828 0.242628
    outer loop
      vertex 6.057860 -0.073865 0.500000
      vertex 6.206912 -0.254801 0.842593
      vertex 6.368999 -0.321940 0.762210
    endloop
  endfacet
  facet normal 0.000000 0.000000 1.000000
    outer loop
      vertex 6.057860 -0.073865 0.500000
      vertex 6.368999 -0.321940 0.762210
      vertex 6.057860 -0.073865 0.500000
    endloop
  endfacet
  facet normal 0.527082 0.833931 0.163537
    outer loop
      vertex 6.057860 -0.073865 0.500000
      vertex 6.368999 -0.321940 0.762210
      vertex 6.477302 -0.366800 0.641907
    endloop
  endfacet
  facet normal 0.000000 0.000000 1.000000
    outer loop
      vertex 6.057860 -0.073865 0.500000
      vertex 6.477302 -0.366800 0.641907
      vertex 6.057860 -0.073865 0.500000
    endloop
  endfacet
  facet normal 0.558405 0.827553 0.057786
    outer loop
      vertex 6.057860 -0.073865 0.500000
      vertex 6.477302 -0.366800 0.641907
      vertex 6.515333 -0.382553 0.500000
    endloop
  endfacet
  facet normal 0.000000 0.000000 1.000000
    outer loop
      vertex 6.057860 -0.073865 0.500000
      vertex 6.515333 -0.382553 0.500000
      vertex 6.057860 -0.073865 0.500000
    endloop
  endfacet
  facet normal -0.183855 0.970336 0.156989
    outer loop
      vertex 5.516103 0.031342 0.500000
      vertex 4.943092 -0.077230 0.500000
      vertex 5.015431 -0.107194 0.769923
    endloop
  endfacet
  facet normal -0.183855 0.970336 0.156989
    outer loop
      vertex 5.516103 0.031342 0.500000
      vertex 5.015431 -0.107194 0.769923
      vertex 5.554134 0.015589 0.641907
    endloop
  endfacet
  facet normal -0.103058 0.898047 0.427657
    outer loop
      vertex 5.554134 0.015589 0.641907
      vertex 5.015431 -0.107194 0.769923
      vertex 5.221435 -0.192524 0.998752
    endloop
  endfacet
  facet normal -0.103058 0.898047 0.427657
    outer loop
      vertex 5.554134 0.015589 0.641907
      vertex 5.221435 -0.192524 0.998752
      vertex 5.662437 -0.029272 0.762210
    endloop
  endfacet
  facet normal 0.029750 0.795867 0.604740
    outer loop
      vertex 5.662437 -0.029272 0.762210
      vertex 5.221435 -0.192524 0.998752
      vertex 5.529743 -0.320229 1.151651
    endloop
  endfacet
  facet normal 0.029750 0.795867 0.604740
    outer loop
      vertex 5.662437 -0.029272 0.762210
      vertex 5.529743 -0.320229 1.151651
      vertex 5.824523 -0.096410 0.842593
    endloop
  endfacet
  facet normal 0.188819 0.700974 0.687738
    outer loop
      vertex 5.824523 -0.096410 0.842593
      vertex 5.529743 -0.320229 1.151651
      vertex 5.893417 -0.470867 1.205342
    endloop
  endfacet
  facet normal 0.188819 0.700974 0.687738
    outer loop
      vertex 5.824523 -0.096410 0.842593
      vertex 5.893417 -0.470867 1.205342
      vertex 6.015718 -0.175606 0.870820
    endloop
  endfacet
  facet normal 0.362148 0.629178 0.687738
    outer loop
      vertex 6.015718 -0.175606 0.870820
      vertex 5.893417 -0.470867 1.205342
      vertex 6.257090 -0.621506 1.151651
    endloop
  endfacet
  facet normal 0.362148 0.629178 0.687738
    outer loop
      vertex 6.015718 -0.175606 0.870820
      vertex 6.257090 -0.621506 1.151651
      vertex 6.206912 -0.254801 0.842593
    endloop
  endfacet
  facet normal 0.541726 0.583800 0.604740
    outer loop
      vertex 6.206912 -0.254801 0.842593
      vertex 6.257090 -0.621506 1.151651
      vertex 6.565398 -0.749211 0.998752
    endloop
  endfacet
  facet normal 0.541726 0.583800 0.604740
    outer loop
      vertex 6.206912 -0.254801 0.842593
      vertex 6.565398 -0.749211 0.998752
      vertex 6.368999 -0.321940 0.762210
    endloop
  endfacet
  facet normal 0.707888 0.562142 0.427657
    outer loop
      vertex 6.368999 -0.321940 0.762210
      vertex 6.565398 -0.749211 0.998752
      vertex 6.771402 -0.834541 0.769923
    endloop
  endfacet
  facet normal 0.707888 0.562142 0.427657
    outer loop
      vertex 6.368999 -0.321940 0.762210
      vertex 6.771402 -0.834541 0.769923
      vertex 6.477302 -0.366800 0.641907
    endloop
  endfacet
  facet normal 0.816136 0.556126 0.156989
    outer loop
      vertex 6.477302 -0.366800 0.641907
      vertex 6.771402 -0.834541 0.769923
      vertex 6.843741 -0.864505 0.500000
    endloop
  endfacet
  facet normal 0.816136 0.556126 0.156989
    outer loop
      vertex 6.477302 -0.366800 0.641907
      vertex 6.843741 -0.864505 0.500000
      vertex 6.515333 -0.382553 0.500000
    endloop
  endfacet
  facet normal -0.481851 0.847350 0.223199
    outer loop
      vertex 4.943092 -0.077230 0.500000
      vertex 4.394918 -0.388953 0.500000
      vertex 4.494484 -0.430194 0.871517
    endloop
  endfacet
  facet normal -0.481851 0.847350 0.223199
    outer loop
      vertex 4.943092 -0.077230 0.500000
      vertex 4.494484 -0.430194 0.871517
      vertex 5.015431 -0.107194 0.769923
    endloop
  endfacet
  facet normal -0.342843 0.736398 0.583246
    outer loop
      vertex 5.015431 -0.107194 0.769923
      vertex 4.494484 -0.430194 0.871517
      vertex 4.778025 -0.547641 1.186474
    endloop
  endfacet
  facet normal -0.342843 0.736398 0.583246
    outer loop
      vertex 5.015431 -0.107194 0.769923
      vertex 4.778025 -0.547641 1.186474
      vertex 5.221435 -0.192524 0.998752
    endloop
  endfacet
  facet normal -0.144064 0.597049 0.789163
    outer loop
      vertex 5.221435 -0.192524 0.998752
      vertex 4.778025 -0.547641 1.186474
      vertex 5.202374 -0.723412 1.396921
    endloop
  endfacet
  facet normal -0.144064 0.597049 0.789163
    outer loop
      vertex 5.221435 -0.192524 0.998752
      vertex 5.202374 -0.723412 1.396921
      vertex 5.529743 -0.320229 1.151651
    endloop
  endfacet
  facet normal 0.068404 0.477378 0.876031
    outer loop
      vertex 5.529743 -0.320229 1.151651
      vertex 5.202374 -0.723412 1.396921
      vertex 5.702928 -0.930748 1.470820
    endloop
  endfacet
  facet normal 0.068404 0.477378 0.876031
    outer loop
      vertex 5.529743 -0.320229 1.151651
      vertex 5.702928 -0.930748 1.470820
      vertex 5.893417 -0.470867 1.205342
    endloop
  endfacet
  facet normal 0.289189 0.385926 0.876031
    outer loop
      vertex 5.893417 -0.470867 1.205342
      vertex 5.702928 -0.930748 1.470820
      vertex 6.203481 -1.138084 1.396921
    endloop
  endfacet
  facet normal 0.289189 0.385926 0.876031
    outer loop
      vertex 5.893417 -0.470867 1.205342
      vertex 6.203481 -1.138084 1.396921
      vertex 6.257090 -0.621506 1.151651
    endloop
  endfacet
  facet normal 0.524046 0.320308 0.789163
    outer loop
      vertex 6.257090 -0.621506 1.151651
      vertex 6.203481 -1.138084 1.396921
      vertex 6.627830 -1.313855 1.186474
    endloop
  endfacet
  facet normal 0.524046 0.320308 0.789163
    outer loop
      vertex 6.257090 -0.621506 1.151651
      vertex 6.627830 -1.313855 1.186474
      vertex 6.565398 -0.749211 0.998752
    endloop
  endfacet
  facet normal 0.763139 0.278286 0.583246
    outer loop
      vertex 6.565398 -0.749211 0.998752
      vertex 6.627830 -1.313855 1.186474
      vertex 6.911371 -1.431302 0.871517
    endloop
  endfacet
  facet normal 0.763139 0.278286 0.583246
    outer loop
      vertex 6.565398 -0.749211 0.998752
      vertex 6.911371 -1.431302 0.871517
      vertex 6.771402 -0.834541 0.769923
    endloop
  endfacet
  facet normal 0.939887 0.258447 0.223199
    outer loop
      vertex 6.771402 -0.834541 0.769923
      vertex 6.911371 -1.431302 0.871517
      vertex 7.010938 -1.472544 0.500000
    endloop
  endfacet
  facet normal 0.939887 0.258447 0.223199
    outer loop
      vertex 6.771402 -0.834541 0.769923
      vertex 7.010938 -1.472544 0.500000
      vertex 6.843741 -0.864505 0.500000
    endloop
  endfacet
  facet normal -0.693142 0.672131 0.260374
    outer loop
      vertex 4.394918 -0.388953 0.500000
      vertex 3.925240 -0.873313 0.500000
      vertex 4.042287 -0.921796 0.936744
    endloop
  endfacet
  facet normal -0.693142 0.672131 0.260374
    outer loop
      vertex 4.394918 -0.388953 0.500000
      vertex 4.042287 -0.921796 0.936744
      vertex 4.494484 -0.430194 0.871517
    endloop
  endfacet
  facet normal -0.505961 0.553213 0.661784
    outer loop
      vertex 4.494484 -0.430194 0.871517
      vertex 4.042287 -0.921796 0.936744
      vertex 4.375609 -1.059862 1.306998
    endloop
  endfacet
  facet normal -0.505961 0.553213 0.661784
    outer loop
      vertex 4.494484 -0.430194 0.871517
      vertex 4.375609 -1.059862 1.306998
      vertex 4.778025 -0.547641 1.186474
    endloop
  endfacet
  facet normal -0.262398 0.411518 0.872812
    outer loop
      vertex 4.778025 -0.547641 1.186474
      vertex 4.375609 -1.059862 1.306998
      vertex 4.874461 -1.266493 1.554394
    endloop
  endfacet
  facet normal -0.262398 0.411518 0.872812
    outer loop
      vertex 4.778025 -0.547641 1.186474
      vertex 4.874461 -1.266493 1.554394
      vertex 5.202374 -0.723412 1.396921
    endloop
  endfacet
  facet normal -0.021069 0.290143 0.956751
    outer loop
      vertex 5.202374 -0.723412 1.396921
      vertex 4.874461 -1.266493 1.554394
      vertex 5.462898 -1.510232 1.641268
    endloop
  endfacet
  facet normal -0.021069 0.290143 0.956751
    outer loop
      vertex 5.202374 -0.723412 1.396921
      vertex 5.462898 -1.510232 1.641268
      vertex 5.702928 -0.930748 1.470820
    endloop
  endfacet
  facet normal 0.220060 0.190264 0.956751
    outer loop
      vertex 5.702928 -0.930748 1.470820
      vertex 5.462898 -1.510232 1.641268
      vertex 6.051334 -1.753970 1.554394
    endloop
  endfacet
  facet normal 0.220060 0.190264 0.956751
    outer loop
      vertex 5.702928 -0.930748 1.470820
      vertex 6.051334 -1.753970 1.554394
      vertex 6.203481 -1.138084 1.396921
    endloop
  endfacet
  facet normal 0.476530 0.105444 0.872812
    outer loop
      vertex 6.203481 -1.138084 1.396921
      vertex 6.051334 -1.753970 1.554394
      vertex 6.550186 -1.960601 1.306998
    endloop
  endfacet
  facet normal 0.476530 0.105444 0.872812
    outer loop
      vertex 6.203481 -1.138084 1.396921
      vertex 6.550186 -1.960601 1.306998
      vertex 6.627830 -1.313855 1.186474
    endloop
  endfacet
  facet normal 0.748949 0.033413 0.661784
    outer loop
      vertex 6.627830 -1.313855 1.186474
      vertex 6.550186 -1.960601 1.306998
      vertex 6.883508 -2.098668 0.936744
    endloop
  endfacet
  facet normal 0.748949 0.033413 0.661784
    outer loop
      vertex 6.627830 -1.313855 1.186474
      vertex 6.883508 -2.098668 0.936744
      vertex 6.911371 -1.431302 0.871517
    endloop
  endfacet
  facet normal 0.965393 -0.014857 0.260374
    outer loop
      vertex 6.911371 -1.431302 0.871517
      vertex 6.883508 -2.098668 0.936744
      vertex 7.000556 -2.147150 0.500000
    endloop
  endfacet
  facet normal 0.965393 -0.014857 0.260374
    outer loop
      vertex 6.911371 -1.431302 0.871517
      vertex 7.000556 -2.147150 0.500000
      vertex 7.010938 -1.472544 0.500000
    endloop
  endfacet
  facet normal -0.836194 0.473535 0.276666
    outer loop
      vertex 3.925240 -0.873313 0.500000
      vertex 3.580033 -1.482898 0.500000
      vertex 3.703104 -1.533876 0.959220
    endloop
  endfacet
  facet normal -0.836194 0.473535 0.276666
    outer loop
      vertex 3.925240 -0.873313 0.500000
      vertex 3.703104 -1.533876 0.959220
      vertex 4.042287 -0.921796 0.936744
    endloop
  endfacet
  facet normal -0.618520 0.368241 0.694141
    outer loop
      vertex 4.042287 -0.921796 0.936744
      vertex 3.703104 -1.533876 0.959220
      vertex 4.053580 -1.679048 1.348528
    endloop
  endfacet
  facet normal -0.618520 0.368241 0.694141
    outer loop
      vertex 4.042287 -0.921796 0.936744
      vertex 4.053580 -1.679048 1.348528
      vertex 4.375609 -1.059862 1.306998
    endloop
  endfacet
  facet normal -0.348739 0.242102 0.905411
    outer loop
      vertex 4.375609 -1.059862 1.306998
      vertex 4.053580 -1.679048 1.348528
      vertex 4.578104 -1.896313 1.608655
    endloop
  endfacet
  facet normal -0.348739 0.242102 0.905411
    outer loop
      vertex 4.375609 -1.059862 1.306998
      vertex 4.578104 -1.896313 1.608655
      vertex 4.874461 -1.266493 1.554394
    endloop
  endfacet
  facet normal -0.092506 0.128594 0.987373
    outer loop
      vertex 4.874461 -1.266493 1.554394
      vertex 4.578104 -1.896313 1.608655
      vertex 5.196822 -2.152594 1.700000
    endloop
  endfacet
  facet normal -0.092506 0.128594 0.987373
    outer loop
      vertex 4.874461 -1.266493 1.554394
      vertex 5.196822 -2.152594 1.700000
      vertex 5.462898 -1.510232 1.641268
    endloop
  endfacet
  facet normal 0.156341 0.025518 0.987373
    outer loop
      vertex 5.462898 -1.510232 1.641268
      vertex 5.196822 -2.152594 1.700000
      vertex 5.815541 -2.408876 1.608655
    endloop
  endfacet
  facet normal 0.156341 0.025518 0.987373
    outer loop
      vertex 5.462898 -1.510232 1.641268
      vertex 5.815541 -2.408876 1.608655
      vertex 6.051334 -1.753970 1.554394
    endloop
  endfacet
  facet normal 0.417787 -0.075404 0.905411
    outer loop
      vertex 6.051334 -1.753970 1.554394
      vertex 5.815541 -2.408876 1.608655
      vertex 6.340065 -2.626141 1.348528
    endloop
  endfacet
  facet normal 0.417787 -0.075404 0.905411
    outer loop
      vertex 6.051334 -1.753970 1.554394
      vertex 6.340065 -2.626141 1.348528
      vertex 6.550186 -1.960601 1.306998
    endloop
  endfacet
  facet normal 0.697745 -0.176974 0.694141
    outer loop
      vertex 6.550186 -1.960601 1.306998
      vertex 6.340065 -2.626141 1.348528
      vertex 6.690541 -2.771313 0.959220
    endloop
  endfacet
  facet normal 0.697745 -0.176974 0.694141
    outer loop
      vertex 6.550186 -1.960601 1.306998
      vertex 6.690541 -2.771313 0.959220
      vertex 6.883508 -2.098668 0.936744
    endloop
  endfacet
  facet normal 0.926118 -0.256439 0.276666
    outer loop
      vertex 6.883508 -2.098668 0.936744
      vertex 6.690541 -2.771313 0.959220
      vertex 6.813612 -2.822290 0.500000
    endloop
  endfacet
  facet normal 0.926118 -0.256439 0.276666
    outer loop
      vertex 6.883508 -2.098668 0.936744
      vertex 6.813612 -2.822290 0.500000
      vertex 7.000556 -2.147150 0.500000
    endloop
  endfacet
  facet normal -0.926118 0.256439 0.276666
    outer loop
      vertex 3.580033 -1.482898 0.500000
      vertex 3.393089 -2.158038 0.500000
      vertex 3.510136 -2.206521 0.936744
    endloop
  endfacet
  facet normal -0.926118 0.256439 0.276666
    outer loop
      vertex 3.580033 -1.482898 0.500000
      vertex 3.510136 -2.206521 0.936744
      vertex 3.703104 -1.533876 0.959220
    endloop
  endfacet
  facet normal -0.697745 0.176974 0.694141
    outer loop
      vertex 3.703104 -1.533876 0.959220
      vertex 3.510136 -2.206521 0.936744
      vertex 3.843459 -2.344587 1.306998
    endloop
  endfacet
  facet normal -0.697745 0.176974 0.694141
    outer loop
      vertex 3.703104 -1.533876 0.959220
      vertex 3.843459 -2.344587 1.306998
      vertex 4.053580 -1.679048 1.348528
    endloop
  endfacet
  facet normal -0.417787 0.075404 0.905411
    outer loop
      vertex 4.053580 -1.679048 1.348528
      vertex 3.843459 -2.344587 1.306998
      vertex 4.342311 -2.551219 1.554394
    endloop
  endfacet
  facet normal -0.417787 0.075404 0.905411
    outer loop
      vertex 4.053580 -1.679048 1.348528
      vertex 4.342311 -2.551219 1.554394
      vertex 4.578104 -1.896313 1.608655
    endloop
  endfacet
  facet normal -0.156341 -0.025518 0.987373
    outer loop
      vertex 4.578104 -1.896313 1.608655
      vertex 4.342311 -2.551219 1.554394
      vertex 4.930747 -2.794957 1.641268
    endloop
  endfacet
  facet normal -0.156341 -0.025518 0.987373
    outer loop
      vertex 4.578104 -1.896313 1.608655
      vertex 4.930747 -2.794957 1.641268
      vertex 5.196822 -2.152594 1.700000
    endloop
  endfacet
  facet normal 0.092506 -0.128594 0.987373
    outer loop
      vertex 5.196822 -2.152594 1.700000
      vertex 4.930747 -2.794957 1.641268
      vertex 5.519183 -3.038695 1.554394
    endloop
  endfacet
  facet normal 0.092506 -0.128594 0.987373
    outer loop
      vertex 5.196822 -2.152594 1.700000
      vertex 5.519183 -3.038695 1.554394
      vertex 5.815541 -2.408876 1.608655
    endloop
  endfacet
  facet normal 0.348739 -0.242102 0.905411
    outer loop
      vertex 5.815541 -2.408876 1.608655
      vertex 5.519183 -3.038695 1.554394
      vertex 6.018035 -3.245326 1.306998
    endloop
  endfacet
  facet normal 0.348739 -0.242102 0.905411
    outer loop
      vertex 5.815541 -2.408876 1.608655
      vertex 6.018035 -3.245326 1.306998
      vertex 6.340065 -2.626141 1.348528
    endloop
  endfacet
  facet normal 0.618520 -0.368241 0.694141
    outer loop
      vertex 6.340065 -2.626141 1.348528
      vertex 6.018035 -3.245326 1.306998
      vertex 6.351358 -3.383393 0.936744
    endloop
  endfacet
  facet normal 0.618520 -0.368241 0.694141
    outer loop
      vertex 6.340065 -2.626141 1.348528
      vertex 6.351358 -3.383393 0.936744
      vertex 6.690541 -2.771313 0.959220
    endloop
  endfacet
  facet normal 0.836194 -0.473535 0.276666
    outer loop
      vertex 6.690541 -2.771313 0.959220
      vertex 6.351358 -3.383393 0.936744
      vertex 6.468405 -3.431876 0.500000
    endloop
  endfacet
  facet normal 0.836194 -0.473535 0.276666
    outer loop
      vertex 6.690541 -2.771313 0.959220
      vertex 6.468405 -3.431876 0.500000
      vertex 6.813612 -2.822290 0.500000
    endloop
  endfacet
  facet normal -0.965393 0.014857 0.260374
    outer loop
      vertex 3.393089 -2.158038 0.500000
      vertex 3.382707 -2.832645 0.500000
      vertex 3.482273 -2.873887 0.871517
    endloop
  endfacet
  facet normal -0.965393 0.014857 0.260374
    outer loop
      vertex 3.393089 -2.158038 0.500000
      vertex 3.482273 -2.873887 0.871517
      vertex 3.510136 -2.206521 0.936744
    endloop
  endfacet
  facet normal -0.748949 -0.033413 0.661784
    outer loop
      vertex 3.510136 -2.206521 0.936744
      vertex 3.482273 -2.873887 0.871517
      vertex 3.765814 -2.991333 1.186474
    endloop
  endfacet
  facet normal -0.748949 -0.033413 0.661784
    outer loop
      vertex 3.510136 -2.206521 0.936744
      vertex 3.765814 -2.991333 1.186474
      vertex 3.843459 -2.344587 1.306998
    endloop
  endfacet
  facet normal -0.476530 -0.105444 0.872812
    outer loop
      vertex 3.843459 -2.344587 1.306998
      vertex 3.765814 -2.991333 1.186474
      vertex 4.190163 -3.167104 1.396921
    endloop
  endfacet
  facet normal -0.476530 -0.105444 0.872812
    outer loop
      vertex 3.843459 -2.344587 1.306998
      vertex 4.190163 -3.167104 1.396921
      vertex 4.342311 -2.551219 1.554394
    endloop
  endfacet
  facet normal -0.220060 -0.190264 0.956751
    outer loop
      vertex 4.342311 -2.551219 1.554394
      vertex 4.190163 -3.167104 1.396921
      vertex 4.690717 -3.374441 1.470820
    endloop
  endfacet
  facet normal -0.220060 -0.190264 0.956751
    outer loop
      vertex 4.342311 -2.551219 1.554394
      vertex 4.690717 -3.374441 1.470820
      vertex 4.930747 -2.794957 1.641268
    endloop
  endfacet
  facet normal 0.021069 -0.290143 0.956751
    outer loop
      vertex 4.930747 -2.794957 1.641268
      vertex 4.690717 -3.374441 1.470820
      vertex 5.191271 -3.581777 1.396921
    endloop
  endfacet
  facet normal 0.021069 -0.290143 0.956751
    outer loop
      vertex 4.930747 -2.794957 1.641268
      vertex 5.191271 -3.581777 1.396921
      vertex 5.519183 -3.038695 1.554394
    endloop
  endfacet
  facet normal 0.262398 -0.411518 0.872812
    outer loop
      vertex 5.519183 -3.038695 1.554394
      vertex 5.191271 -3.581777 1.396921
      vertex 5.615620 -3.757548 1.186474
    endloop
  endfacet
  facet normal 0.262398 -0.411518 0.872812
    outer loop
      vertex 5.519183 -3.038695 1.554394
      vertex 5.615620 -3.757548 1.186474
      vertex 6.018035 -3.245326 1.306998
    endloop
  endfacet
  facet normal 0.505961 -0.553213 0.661784
    outer loop
      vertex 6.018035 -3.245326 1.306998
      vertex 5.615620 -3.757548 1.186474
      vertex 5.899161 -3.874994 0.871517
    endloop
  endfacet
  facet normal 0.505961 -0.553213 0.661784
    outer loop
      vertex 6.018035 -3.245326 1.306998
      vertex 5.899161 -3.874994 0.871517
      vertex 6.351358 -3.383393 0.936744
    endloop
  endfacet
  facet normal 0.693142 -0.672131 0.260374
    outer loop
      vertex 6.351358 -3.383393 0.936744
      vertex 5.899161 -3.874994 0.871517
      vertex 5.998727 -3.916236 0.500000
    endloop
  endfacet
  facet normal 0.693142 -0.672131 0.260374
    outer loop
      vertex 6.351358 -3.383393 0.936744
      vertex 5.998727 -3.916236 0.500000
      vertex 6.468405 -3.431876 0.500000
    endloop
  endfacet
  facet normal -0.939887 -0.258447 0.223199
    outer loop
      vertex 3.382707 -2.832645 0.500000
      vertex 3.549903 -3.440684 0.500000
      vertex 3.622243 -3.470648 0.769923
    endloop
  endfacet
  facet normal -0.939887 -0.258447 0.223199
    outer loop
      vertex 3.382707 -2.832645 0.500000
      vertex 3.622243 -3.470648 0.769923
      vertex 3.482273 -2.873887 0.871517
    endloop
  endfacet
  facet normal -0.763139 -0.278286 0.583246
    outer loop
      vertex 3.482273 -2.873887 0.871517
      vertex 3.622243 -3.470648 0.769923
      vertex 3.828247 -3.555978 0.998752
    endloop
  endfacet
  facet normal -0.763139 -0.278286 0.583246
    outer loop
      vertex 3.482273 -2.873887 0.871517
      vertex 3.828247 -3.555978 0.998752
      vertex 3.765814 -2.991333 1.186474
    endloop
  endfacet
  facet normal -0.524046 -0.320308 0.789163
    outer loop
      vertex 3.765814 -2.991333 1.186474
      vertex 3.828247 -3.555978 0.998752
      vertex 4.136555 -3.683683 1.151651
    endloop
  endfacet
  facet normal -0.524046 -0.320308 0.789163
    outer loop
      vertex 3.765814 -2.991333 1.186474
      vertex 4.136555 -3.683683 1.151651
      vertex 4.190163 -3.167104 1.396921
    endloop
  endfacet
  facet normal -0.289189 -0.385926 0.876031
    outer loop
      vertex 4.190163 -3.167104 1.396921
      vertex 4.136555 -3.683683 1.151651
      vertex 4.500228 -3.834321 1.205342
    endloop
  endfacet
  facet normal -0.289189 -0.385926 0.876031
    outer loop
      vertex 4.190163 -3.167104 1.396921
      vertex 4.500228 -3.834321 1.205342
      vertex 4.690717 -3.374441 1.470820
    endloop
  endfacet
  facet normal -0.068404 -0.477378 0.876031
    outer loop
      vertex 4.690717 -3.374441 1.470820
      vertex 4.500228 -3.834321 1.205342
      vertex 4.863902 -3.984960 1.151651
    endloop
  endfacet
  facet normal -0.068404 -0.477378 0.876031
    outer loop
      vertex 4.690717 -3.374441 1.470820
      vertex 4.863902 -3.984960 1.151651
      vertex 5.191271 -3.581777 1.396921
    endloop
  endfacet
  facet normal 0.144064 -0.597049 0.789163
    outer loop
      vertex 5.191271 -3.581777 1.396921
      vertex 4.863902 -3.984960 1.151651
      vertex 5.172209 -4.112665 0.998752
    endloop
  endfacet
  facet normal 0.144064 -0.597049 0.789163
    outer loop
      vertex 5.191271 -3.581777 1.396921
      vertex 5.172209 -4.112665 0.998752
      vertex 5.615620 -3.757548 1.186474
    endloop
  endfacet
  facet normal 0.342843 -0.736398 0.583246
    outer loop
      vertex 5.615620 -3.757548 1.186474
      vertex 5.172209 -4.112665 0.998752
      vertex 5.378214 -4.197995 0.769923
    endloop
  endfacet
  facet normal 0.342843 -0.736398 0.583246
    outer loop
      vertex 5.615620 -3.757548 1.186474
      vertex 5.378214 -4.197995 0.769923
      vertex 5.899161 -3.874994 0.871517
    endloop
  endfacet
  facet normal 0.481851 -0.847350 0.223199
    outer loop
      vertex 5.899161 -3.874994 0.871517
      vertex 5.378214 -4.197995 0.769923
      vertex 5.450553 -4.227959 0.500000
    endloop
  endfacet
  facet normal 0.481851 -0.847350 0.223199
    outer loop
      vertex 5.899161 -3.874994 0.871517
      vertex 5.450553 -4.227959 0.500000
      vertex 5.998727 -3.916236 0.500000
    endloop
  endfacet
  facet normal -0.816136 -0.556126 0.156989
    outer loop
      vertex 3.549903 -3.440684 0.500000
      vertex 3.878311 -3.922636 0.500000
      vertex 3.916342 -3.938389 0.641907
    endloop
  endfacet
  facet normal -0.816136 -0.556126 0.156989
    outer loop
      vertex 3.549903 -3.440684 0.500000
      vertex 3.916342 -3.938389 0.641907
      vertex 3.622243 -3.470648 0.769923
    endloop
  endfacet
  facet normal -0.707888 -0.562142 0.427657
    outer loop
      vertex 3.622243 -3.470648 0.769923
      vertex 3.916342 -3.938389 0.641907
      vertex 4.024645 -3.983249 0.762210
    endloop
  endfacet
  facet normal -0.707888 -0.562142 0.427657
    outer loop
      vertex 3.622243 -3.470648 0.769923
      vertex 4.024645 -3.983249 0.762210
      vertex 3.828247 -3.555978 0.998752
    endloop
  endfacet
  facet normal -0.541726 -0.583800 0.604740
    outer loop
      vertex 3.828247 -3.555978 0.998752
      vertex 4.024645 -3.983249 0.762210
      vertex 4.186732 -4.050388 0.842593
    endloop
  endfacet
  facet normal -0.541726 -0.583800 0.604740
    outer loop
      vertex 3.828247 -3.555978 0.998752
      vertex 4.186732 -4.050388 0.842593
      vertex 4.136555 -3.683683 1.151651
    endloop
  endfacet
  facet normal -0.362148 -0.629178 0.687738
    outer loop
      vertex 4.136555 -3.683683 1.151651
      vertex 4.186732 -4.050388 0.842593
      vertex 4.377927 -4.129583 0.870820
    endloop
  endfacet
  facet normal -0.362148 -0.629178 0.687738
    outer loop
      vertex 4.136555 -3.683683 1.151651
      vertex 4.377927 -4.129583 0.870820
      vertex 4.500228 -3.834321 1.205342
    endloop
  endfacet
  facet normal -0.188819 -0.700974 0.687738
    outer loop
      vertex 4.500228 -3.834321 1.205342
      vertex 4.377927 -4.129583 0.870820
      vertex 4.569121 -4.208778 0.842593
    endloop
  endfacet
  facet normal -0.188819 -0.700974 0.687738
    outer loop
      vertex 4.500228 -3.834321 1.205342
      vertex 4.569121 -4.208778 0.842593
      vertex 4.863902 -3.984960 1.151651
    endloop
  endfacet
  facet normal -0.029750 -0.795867 0.604740
    outer loop
      vertex 4.863902 -3.984960 1.151651
      vertex 4.569121 -4.208778 0.842593
      vertex 4.731208 -4.275917 0.762210
    endloop
  endfacet
  facet normal -0.029750 -0.795867 0.604740
    outer loop
      vertex 4.863902 -3.984960 1.151651
      vertex 4.731208 -4.275917 0.762210
      vertex 5.172209 -4.112665 0.998752
    endloop
  endfacet
  facet normal 0.103058 -0.898047 0.427657
    outer loop
      vertex 5.172209 -4.112665 0.998752
      vertex 4.731208 -4.275917 0.762210
      vertex 4.839511 -4.320778 0.641907
    endloop
  endfacet
  facet normal 0.103058 -0.898047 0.427657
    outer loop
      vertex 5.172209 -4.112665 0.998752
      vertex 4.839511 -4.320778 0.641907
      vertex 5.378214 -4.197995 0.769923
    endloop
  endfacet
  facet normal 0.183855 -0.970336 0.156989
    outer loop
      vertex 5.378214 -4.197995 0.769923
      vertex 4.839511 -4.320778 0.641907
      vertex 4.877542 -4.336530 0.500000
    endloop
  endfacet
  facet normal 0.183855 -0.970336 0.156989
    outer loop
      vertex 5.378214 -4.197995 0.769923
      vertex 4.877542 -4.336530 0.500000
      vertex 5.450553 -4.227959 0.500000
    endloop
  endfacet
  facet normal 0.000000 0.000000 1.000000
    outer loop
      vertex 3.878311 -3.922636 0.500000
      vertex 4.335785 -4.231323 0.500000
      vertex 4.335785 -4.231323 0.500000
    endloop
  endfacet
  facet normal -0.558405 -0.827553 0.057786
    outer loop
      vertex 3.878311 -3.922636 0.500000
      vertex 4.335785 -4.231323 0.500000
      vertex 3.916342 -3.938389 0.641907
    endloop
  endfacet
  facet normal 0.000000 0.000000 1.000000
    outer loop
      vertex 3.916342 -3.938389 0.641907
      vertex 4.335785 -4.231323 0.500000
      vertex 4.335785 -4.231323 0.500000
    endloop
  endfacet
  facet normal -0.527082 -0.833931 0.163537
    outer loop
      vertex 3.916342 -3.938389 0.641907
      vertex 4.335785 -4.231323 0.500000
      vertex 4.024645 -3.983249 0.762210
    endloop
  endfacet
  facet normal 0.000000 0.000000 1.000000
    outer loop
      vertex 4.024645 -3.983249 0.762210
      vertex 4.335785 -4.231323 0.500000
      vertex 4.335785 -4.231323 0.500000
    endloop
  endfacet
  facet normal -0.471508 -0.847828 0.242628
    outer loop
      vertex 4.024645 -3.983249 0.762210
      vertex 4.335785 -4.231323 0.500000
      vertex 4.186732 -4.050388 0.842593
    endloop
  endfacet
  facet normal 0.000000 0.000000 1.000000
    outer loop
      vertex 4.186732 -4.050388 0.842593
      vertex 4.335785 -4.231323 0.500000
      vertex 4.335785 -4.231323 0.500000
    endloop
  endfacet
  facet normal -0.402420 -0.870136 0.284468
    outer loop
      vertex 4.186732 -4.050388 0.842593
      vertex 4.335785 -4.231323 0.500000
      vertex 4.377927 -4.129583 0.870820
    endloop
  endfacet
  facet normal 0.000000 0.000000 1.000000
    outer loop
      vertex 4.377927 -4.129583 0.870820
      vertex 4.335785 -4.231323 0.500000
      vertex 4.335785 -4.231323 0.500000
    endloop
  endfacet
  facet normal -0.330725 -0.899833 0.284468
    outer loop
      vertex 4.377927 -4.129583 0.870820
      vertex 4.335785 -4.231323 0.500000
      vertex 4.569121 -4.208778 0.842593
    endloop
  endfacet
  facet normal 0.000000 0.000000 1.000000
    outer loop
      vertex 4.569121 -4.208778 0.842593
      vertex 4.335785 -4.231323 0.500000
      vertex 4.335785 -4.231323 0.500000
    endloop
  endfacet
  facet normal -0.266098 -0.932911 0.242628
    outer loop
      vertex 4.569121 -4.208778 0.842593
      vertex 4.335785 -4.231323 0.500000
      vertex 4.731208 -4.275917 0.762210
    endloop
  endfacet
  facet normal 0.000000 0.000000 1.000000
    outer loop
      vertex 4.731208 -4.275917 0.762210
      vertex 4.335785 -4.231323 0.500000
      vertex 4.335785 -4.231323 0.500000
    endloop
  endfacet
  facet normal -0.216975 -0.962381 0.163537
    outer loop
      vertex 4.731208 -4.275917 0.762210
      vertex 4.335785 -4.231323 0.500000
      vertex 4.839511 -4.320778 0.641907
    endloop
  endfacet
  facet normal 0.000000 0.000000 1.000000
    outer loop
      vertex 4.839511 -4.320778 0.641907
      vertex 4.335785 -4.231323 0.500000
      vertex 4.335785 -4.231323 0.500000
    endloop
  endfacet
  facet normal -0.190316 -0.980021 0.057786
    outer loop
      vertex 4.839511 -4.320778 0.641907
      vertex 4.335785 -4.231323 0.500000
      vertex 4.877542 -4.336530 0.500000
    endloop
  endfacet
  facet normal 0.000000 0.000000 1.000000
    outer loop
      vertex 2.750000 0.000000 0.000000
      vertex 1.858959 0.244737 0.000000
      vertex 1.875000 0.000000 0.000000
    endloop
  endfacet
  facet normal 0.000000 0.000000 1.000000
    outer loop
      vertex 2.750000 0.000000 0.000000
      vertex 2.726473 0.358947 0.000000
      vertex 1.858959 0.244737 0.000000
    endloop
  endfacet
  facet normal 0.000000 0.000000 -1.000000
    outer loop
      vertex 2.750000 0.000000 4.000000
      vertex 1.875000 0.000000 4.000000
      vertex 1.858959 0.244737 4.000000
    endloop
  endfacet
  facet normal 0.000000 0.000000 -1.000000
    outer loop
      vertex 2.750000 0.000000 4.000000
      vertex 1.858959 0.244737 4.000000
      vertex 2.726473 0.358947 4.000000
    endloop
  endfacet
  facet normal 0.997859 0.065403 0.000000
    outer loop
      vertex 2.750000 0.000000 0.000000
      vertex 2.726473 0.358947 0.000000
      vertex 2.726473 0.358947 4.000000
    endloop
  endfacet
  facet normal 0.997859 0.065403 -0.000000
    outer loop
      vertex 2.750000 0.000000 0.000000
      vertex 2.726473 0.358947 4.000000
      vertex 2.750000 0.000000 4.000000
    endloop
  endfacet
  facet normal -0.997859 -0.065403 0.000000
    outer loop
      vertex 1.875000 0.000000 0.000000
      vertex 1.858959 0.244737 4.000000
      vertex 1.858959 0.244737 0.000000
    endloop
  endfacet
  facet normal -0.997859 -0.065403 0.000000
    outer loop
      vertex 1.875000 0.000000 0.000000
      vertex 1.875000 0.000000 4.000000
      vertex 1.858959 0.244737 4.000000
    endloop
  endfacet
  facet normal 0.000000 0.000000 1.000000
    outer loop
      vertex 2.726473 0.358947 0.000000
      vertex 1.811111 0.485286 0.000000
      vertex 1.858959 0.244737 0.000000
    endloop
  endfacet
  facet normal 0.000000 0.000000 1.000000
    outer loop
      vertex 2.726473 0.358947 0.000000
      vertex 2.656296 0.711752 0.000000
      vertex 1.811111 0.485286 0.000000
    endloop
  endfacet
  facet normal -0.000000 0.000000 -1.000000
    outer loop
      vertex 2.726473 0.358947 4.000000
      vertex 1.858959 0.244737 4.000000
      vertex 1.811111 0.485286 4.000000
    endloop
  endfacet
  facet normal 0.000000 0.000000 -1.000000
    outer loop
      vertex 2.726473 0.358947 4.000000
      vertex 1.811111 0.485286 4.000000
      vertex 2.656296 0.711752 4.000000
    endloop
  endfacet
  facet normal 0.980785 0.195090 0.000000
    outer loop
      vertex 2.726473 0.358947 0.000000
      vertex 2.656296 0.711752 0.000000
      vertex 2.656296 0.711752 4.000000
    endloop
  endfacet
  facet normal 0.980785 0.195090 -0.000000
    outer loop
      vertex 2.726473 0.358947 0.000000
      vertex 2.656296 0.711752 4.000000
      vertex 2.726473 0.358947 4.000000
    endloop
  endfacet
  facet normal -0.980785 -0.195090 0.000000
    outer loop
      vertex 1.858959 0.244737 0.000000
      vertex 1.811111 0.485286 4.000000
      vertex 1.811111 0.485286 0.000000
    endloop
  endfacet
  facet normal -0.980785 -0.195090 0.000000
    outer loop
      vertex 1.858959 0.244737 0.000000
      vertex 1.858959 0.244737 4.000000
      vertex 1.811111 0.485286 4.000000
    endloop
  endfacet
  facet normal 0.000000 0.000000 1.000000
    outer loop
      vertex 2.656296 0.711752 0.000000
      vertex 1.732274 0.717531 0.000000
      vertex 1.811111 0.485286 0.000000
    endloop
  endfacet
  facet normal 0.000000 0.000000 1.000000
    outer loop
      vertex 2.656296 0.711752 0.000000
      vertex 2.540669 1.052379 0.000000
      vertex 1.732274 0.717531 0.000000
    endloop
  endfacet
  facet normal -0.000000 0.000000 -1.000000
    outer loop
      vertex 2.656296 0.711752 4.000000
      vertex 1.811111 0.485286 4.000000
      vertex 1.732274 0.717531 4.000000
    endloop
  endfacet
  facet normal 0.000000 0.000000 -1.000000
    outer loop
      vertex 2.656296 0.711752 4.000000
      vertex 1.732274 0.717531 4.000000
      vertex 2.540669 1.052379 4.000000
    endloop
  endfacet
  facet normal 0.946930 0.321439 0.000000
    outer loop
      vertex 2.656296 0.711752 0.000000
      vertex 2.540669 1.052379 0.000000
      vertex 2.540669 1.052379 4.000000
    endloop
  endfacet
  facet normal 0.946930 0.321439 -0.000000
    outer loop
      vertex 2.656296 0.711752 0.000000
      vertex 2.540669 1.052379 4.000000
      vertex 2.656296 0.711752 4.000000
    endloop
  endfacet
  facet normal -0.946930 -0.321439 0.000000
    outer loop
      vertex 1.811111 0.485286 0.000000
      vertex 1.732274 0.717531 4.000000
      vertex 1.732274 0.717531 0.000000
    endloop
  endfacet
  facet normal -0.946930 -0.321439 0.000000
    outer loop
      vertex 1.811111 0.485286 0.000000
      vertex 1.811111 0.485286 4.000000
      vertex 1.732274 0.717531 4.000000
    endloop
  endfacet
  facet normal 0.000000 0.000000 1.000000
    outer loop
      vertex 2.540669 1.052379 0.000000
      vertex 1.623798 0.937500 0.000000
      vertex 1.732274 0.717531 0.000000
    endloop
  endfacet
  facet normal 0.000000 0.000000 1.000000
    outer loop
      vertex 2.540669 1.052379 0.000000
      vertex 2.381570 1.375000 0.000000
      vertex 1.623798 0.937500 0.000000
    endloop
  endfacet
  facet normal 0.000000 0.000000 -1.000000
    outer loop
      vertex 2.540669 1.052379 4.000000
      vertex 1.732274 0.717531 4.000000
      vertex 1.623798 0.937500 4.000000
    endloop
  endfacet
  facet normal -0.000000 0.000000 -1.000000
    outer loop
      vertex 2.540669 1.052379 4.000000
      vertex 1.623798 0.937500 4.000000
      vertex 2.381570 1.375000 4.000000
    endloop
  endfacet
  facet normal 0.896873 0.442289 0.000000
    outer loop
      vertex 2.540669 1.052379 0.000000
      vertex 2.381570 1.375000 0.000000
      vertex 2.381570 1.375000 4.000000
    endloop
  endfacet
  facet normal 0.896873 0.442289 -0.000000
    outer loop
      vertex 2.540669 1.052379 0.000000
      vertex 2.381570 1.375000 4.000000
      vertex 2.540669 1.052379 4.000000
    endloop
  endfacet
  facet normal -0.896873 -0.442289 0.000000
    outer loop
      vertex 1.732274 0.717531 0.000000
      vertex 1.623798 0.937500 4.000000
      vertex 1.623798 0.937500 0.000000
    endloop
  endfacet
  facet normal -0.896873 -0.442289 0.000000
    outer loop
      vertex 1.732274 0.717531 0.000000
      vertex 1.732274 0.717531 4.000000
      vertex 1.623798 0.937500 4.000000
    endloop
  endfacet
  facet normal 0.000000 0.000000 1.000000
    outer loop
      vertex 2.381570 1.375000 0.000000
      vertex 1.487538 1.141428 0.000000
      vertex 1.623798 0.937500 0.000000
    endloop
  endfacet
  facet normal 0.000000 0.000000 1.000000
    outer loop
      vertex 2.381570 1.375000 0.000000
      vertex 2.181722 1.674094 0.000000
      vertex 1.487538 1.141428 0.000000
    endloop
  endfacet
  facet normal 0.000000 0.000000 -1.000000
    outer loop
      vertex 2.381570 1.375000 4.000000
      vertex 1.623798 0.937500 4.000000
      vertex 1.487538 1.141428 4.000000
    endloop
  endfacet
  facet normal -0.000000 0.000000 -1.000000
    outer loop
      vertex 2.381570 1.375000 4.000000
      vertex 1.487538 1.141428 4.000000
      vertex 2.181722 1.674094 4.000000
    endloop
  endfacet
  facet normal 0.831470 0.555570 0.000000
    outer loop
      vertex 2.381570 1.375000 0.000000
      vertex 2.181722 1.674094 0.000000
      vertex 2.181722 1.674094 4.000000
    endloop
  endfacet
  facet normal 0.831470 0.555570 -0.000000
    outer loop
      vertex 2.381570 1.375000 0.000000
      vertex 2.181722 1.674094 4.000000
      vertex 2.381570 1.375000 4.000000
    endloop
  endfacet
  facet normal -0.831470 -0.555570 0.000000
    outer loop
      vertex 1.623798 0.937500 0.000000
      vertex 1.487538 1.141428 4.000000
      vertex 1.487538 1.141428 0.000000
    endloop
  endfacet
  facet normal -0.831470 -0.555570 0.000000
    outer loop
      vertex 1.623798 0.937500 0.000000
      vertex 1.623798 0.937500 4.000000
      vertex 1.487538 1.141428 4.000000
    endloop
  endfacet
  facet normal 0.000000 0.000000 1.000000
    outer loop
      vertex 2.181722 1.674094 0.000000
      vertex 1.325825 1.325825 0.000000
      vertex 1.487538 1.141428 0.000000
    endloop
  endfacet
  facet normal 0.000000 0.000000 1.000000
    outer loop
      vertex 2.181722 1.674094 0.000000
      vertex 1.944544 1.944544 0.000000
      vertex 1.325825 1.325825 0.000000
    endloop
  endfacet
  facet normal 0.000000 0.000000 -1.000000
    outer loop
      vertex 2.181722 1.674094 4.000000
      vertex 1.487538 1.141428 4.000000
      vertex 1.325825 1.325825 4.000000
    endloop
  endfacet
  facet normal -0.000000 0.000000 -1.000000
    outer loop
      vertex 2.181722 1.674094 4.000000
      vertex 1.325825 1.325825 4.000000
      vertex 1.944544 1.944544 4.000000
    endloop
  endfacet
  facet normal 0.751840 0.659346 0.000000
    outer loop
      vertex 2.181722 1.674094 0.000000
      vertex 1.944544 1.944544 0.000000
      vertex 1.944544 1.944544 4.000000
    endloop
  endfacet
  facet normal 0.751840 0.659346 -0.000000
    outer loop
      vertex 2.181722 1.674094 0.000000
      vertex 1.944544 1.944544 4.000000
      vertex 2.181722 1.674094 4.000000
    endloop
  endfacet
  facet normal -0.751840 -0.659346 0.000000
    outer loop
      vertex 1.487538 1.141428 0.000000
      vertex 1.325825 1.325825 4.000000
      vertex 1.325825 1.325825 0.000000
    endloop
  endfacet
  facet normal -0.751840 -0.659346 0.000000
    outer loop
      vertex 1.487538 1.141428 0.000000
      vertex 1.487538 1.141428 4.000000
      vertex 1.325825 1.325825 4.000000
    endloop
  endfacet
  facet normal 0.000000 0.000000 1.000000
    outer loop
      vertex 1.944544 1.944544 0.000000
      vertex 1.141428 1.487538 0.000000
      vertex 1.325825 1.325825 0.000000
    endloop
  endfacet
  facet normal 0.000000 0.000000 1.000000
    outer loop
      vertex 1.944544 1.944544 0.000000
      vertex 1.674094 2.181722 0.000000
      vertex 1.141428 1.487538 0.000000
    endloop
  endfacet
  facet normal 0.000000 0.000000 -1.000000
    outer loop
      vertex 1.944544 1.944544 4.000000
      vertex 1.325825 1.325825 4.000000
      vertex 1.141428 1.487538 4.000000
    endloop
  endfacet
  facet normal -0.000000 0.000000 -1.000000
    outer loop
      vertex 1.944544 1.944544 4.000000
      vertex 1.141428 1.487538 4.000000
      vertex 1.674094 2.181722 4.000000
    endloop
  endfacet
  facet normal 0.659346 0.751840 0.000000
    outer loop
      vertex 1.944544 1.944544 0.000000
      vertex 1.674094 2.181722 0.000000
      vertex 1.674094 2.181722 4.000000
    endloop
  endfacet
  facet normal 0.659346 0.751840 -0.000000
    outer loop
      vertex 1.944544 1.944544 0.000000
      vertex 1.674094 2.181722 4.000000
      vertex 1.944544 1.944544 4.000000
    endloop
  endfacet
  facet normal -0.659346 -0.751840 0.000000
    outer loop
      vertex 1.325825 1.325825 0.000000
      vertex 1.141428 1.487538 4.000000
      vertex 1.141428 1.487538 0.000000
    endloop
  endfacet
  facet normal -0.659346 -0.751840 0.000000
    outer loop
      vertex 1.325825 1.325825 0.000000
      vertex 1.325825 1.325825 4.000000
      vertex 1.141428 1.487538 4.000000
    endloop
  endfacet
  facet normal 0.000000 0.000000 1.000000
    outer loop
      vertex 1.674094 2.181722 0.000000
      vertex 0.937500 1.623798 0.000000
      vertex 1.141428 1.487538 0.000000
    endloop
  endfacet
  facet normal 0.000000 0.000000 1.000000
    outer loop
      vertex 1.674094 2.181722 0.000000
      vertex 1.375000 2.381570 0.000000
      vertex 0.937500 1.623798 0.000000
    endloop
  endfacet
  facet normal 0.000000 0.000000 -1.000000
    outer loop
      vertex 1.674094 2.181722 4.000000
      vertex 1.141428 1.487538 4.000000
      vertex 0.937500 1.623798 4.000000
    endloop
  endfacet
  facet normal -0.000000 0.000000 -1.000000
    outer loop
      vertex 1.674094 2.181722 4.000000
      vertex 0.937500 1.623798 4.000000
      vertex 1.375000 2.381570 4.000000
    endloop
  endfacet
  facet normal 0.555570 0.831470 0.000000
    outer loop
      vertex 1.674094 2.181722 0.000000
      vertex 1.375000 2.381570 0.000000
      vertex 1.375000 2.381570 4.000000
    endloop
  endfacet
  facet normal 0.555570 0.831470 -0.000000
    outer loop
      vertex 1.674094 2.181722 0.000000
      vertex 1.375000 2.381570 4.000000
      vertex 1.674094 2.181722 4.000000
    endloop
  endfacet
  facet normal -0.555570 -0.831470 0.000000
    outer loop
      vertex 1.141428 1.487538 0.000000
      vertex 0.937500 1.623798 4.000000
      vertex 0.937500 1.623798 0.000000
    endloop
  endfacet
  facet normal -0.555570 -0.831470 0.000000
    outer loop
      vertex 1.141428 1.487538 0.000000
      vertex 1.141428 1.487538 4.000000
      vertex 0.937500 1.623798 4.000000
    endloop
  endfacet
  facet normal 0.000000 0.000000 1.000000
    outer loop
      vertex 1.375000 2.381570 0.000000
      vertex 0.717531 1.732274 0.000000
      vertex 0.937500 1.623798 0.000000
    endloop
  endfacet
  facet normal 0.000000 0.000000 1.000000
    outer loop
      vertex 1.375000 2.381570 0.000000
      vertex 1.052379 2.540669 0.000000
      vertex 0.717531 1.732274 0.000000
    endloop
  endfacet
  facet normal 0.000000 0.000000 -1.000000
    outer loop
      vertex 1.375000 2.381570 4.000000
      vertex 0.937500 1.623798 4.000000
      vertex 0.717531 1.732274 4.000000
    endloop
  endfacet
  facet normal -0.000000 0.000000 -1.000000
    outer loop
      vertex 1.375000 2.381570 4.000000
      vertex 0.717531 1.732274 4.000000
      vertex 1.052379 2.540669 4.000000
    endloop
  endfacet
  facet normal 0.442289 0.896873 0.000000
    outer loop
      vertex 1.375000 2.381570 0.000000
      vertex 1.052379 2.540669 0.000000
      vertex 1.052379 2.540669 4.000000
    endloop
  endfacet
  facet normal 0.442289 0.896873 -0.000000
    outer loop
      vertex 1.375000 2.381570 0.000000
      vertex 1.052379 2.540669 4.000000
      vertex 1.375000 2.381570 4.000000
    endloop
  endfacet
  facet normal -0.442289 -0.896873 0.000000
    outer loop
      vertex 0.937500 1.623798 0.000000
      vertex 0.717531 1.732274 4.000000
      vertex 0.717531 1.732274 0.000000
    endloop
  endfacet
  facet normal -0.442289 -0.896873 0.000000
    outer loop
      vertex 0.937500 1.623798 0.000000
      vertex 0.937500 1.623798 4.000000
      vertex 0.717531 1.732274 4.000000
    endloop
  endfacet
  facet normal 0.000000 0.000000 1.000000
    outer loop
      vertex 1.052379 2.540669 0.000000
      vertex 0.485286 1.811111 0.000000
      vertex 0.717531 1.732274 0.000000
    endloop
  endfacet
  facet normal 0.000000 0.000000 1.000000
    outer loop
      vertex 1.052379 2.540669 0.000000
      vertex 0.711752 2.656296 0.000000
      vertex 0.485286 1.811111 0.000000
    endloop
  endfacet
  facet normal 0.000000 0.000000 -1.000000
    outer loop
      vertex 1.052379 2.540669 4.000000
      vertex 0.717531 1.732274 4.000000
      vertex 0.485286 1.811111 4.000000
    endloop
  endfacet
  facet normal -0.000000 0.000000 -1.000000
    outer loop
      vertex 1.052379 2.540669 4.000000
      vertex 0.485286 1.811111 4.000000
      vertex 0.711752 2.656296 4.000000
    endloop
  endfacet
  facet normal 0.321439 0.946930 0.000000
    outer loop
      vertex 1.052379 2.540669 0.000000
      vertex 0.711752 2.656296 0.000000
      vertex 0.711752 2.656296 4.000000
    endloop
  endfacet
  facet normal 0.321439 0.946930 -0.000000
    outer loop
      vertex 1.052379 2.540669 0.000000
      vertex 0.711752 2.656296 4.000000
      vertex 1.052379 2.540669 4.000000
    endloop
  endfacet
  facet normal -0.321439 -0.946930 0.000000
    outer loop
      vertex 0.717531 1.732274 0.000000
      vertex 0.485286 1.811111 4.000000
      vertex 0.485286 1.811111 0.000000
    endloop
  endfacet
  facet normal -0.321439 -0.946930 0.000000
    outer loop
      vertex 0.717531 1.732274 0.000000
      vertex 0.717531 1.732274 4.000000
      vertex 0.485286 1.811111 4.000000
    endloop
  endfacet
  facet normal 0.000000 0.000000 1.000000
    outer loop
      vertex 0.711752 2.656296 0.000000
      vertex 0.244737 1.858959 0.000000
      vertex 0.485286 1.811111 0.000000
    endloop
  endfacet
  facet normal 0.000000 0.000000 1.000000
    outer loop
      vertex 0.711752 2.656296 0.000000
      vertex 0.358947 2.726473 0.000000
      vertex 0.244737 1.858959 0.000000
    endloop
  endfacet
  facet normal 0.000000 0.000000 -1.000000
    outer loop
      vertex 0.711752 2.656296 4.000000
      vertex 0.485286 1.811111 4.000000
      vertex 0.244737 1.858959 4.000000
    endloop
  endfacet
  facet normal -0.000000 0.000000 -1.000000
    outer loop
      vertex 0.711752 2.656296 4.000000
      vertex 0.244737 1.858959 4.000000
      vertex 0.358947 2.726473 4.000000
    endloop
  endfacet
  facet normal 0.195090 0.980785 0.000000
    outer loop
      vertex 0.711752 2.656296 0.000000
      vertex 0.358947 2.726473 0.000000
      vertex 0.358947 2.726473 4.000000
    endloop
  endfacet
  facet normal 0.195090 0.980785 -0.000000
    outer loop
      vertex 0.711752 2.656296 0.000000
      vertex 0.358947 2.726473 4.000000
      vertex 0.711752 2.656296 4.000000
    endloop
  endfacet
  facet normal -0.195090 -0.980785 0.000000
    outer loop
      vertex 0.485286 1.811111 0.000000
      vertex 0.244737 1.858959 4.000000
      vertex 0.244737 1.858959 0.000000
    endloop
  endfacet
  facet normal -0.195090 -0.980785 0.000000
    outer loop
      vertex 0.485286 1.811111 0.000000
      vertex 0.485286 1.811111 4.000000
      vertex 0.244737 1.858959 4.000000
    endloop
  endfacet
  facet normal 0.000000 0.000000 1.000000
    outer loop
      vertex 0.358947 2.726473 0.000000
      vertex 0.000000 1.875000 0.000000
      vertex 0.244737 1.858959 0.000000
    endloop
  endfacet
  facet normal 0.000000 0.000000 1.000000
    outer loop
      vertex 0.358947 2.726473 0.000000
      vertex 0.000000 2.750000 0.000000
      vertex 0.000000 1.875000 0.000000
    endloop
  endfacet
  facet normal 0.000000 0.000000 -1.000000
    outer loop
      vertex 0.358947 2.726473 4.000000
      vertex 0.244737 1.858959 4.000000
      vertex 0.000000 1.875000 4.000000
    endloop
  endfacet
  facet normal -0.000000 0.000000 -1.000000
    outer loop
      vertex 0.358947 2.726473 4.000000
      vertex 0.000000 1.875000 4.000000
      vertex 0.000000 2.750000 4.000000
    endloop
  endfacet
  facet normal 0.065403 0.997859 0.000000
    outer loop
      vertex 0.358947 2.726473 0.000000
      vertex 0.000000 2.750000 0.000000
      vertex 0.000000 2.750000 4.000000
    endloop
  endfacet
  facet normal 0.065403 0.997859 -0.000000
    outer loop
      vertex 0.358947 2.726473 0.000000
      vertex 0.000000 2.750000 4.000000
      vertex 0.358947 2.726473 4.000000
    endloop
  endfacet
  facet normal -0.065403 -0.997859 0.000000
    outer loop
      vertex 0.244737 1.858959 0.000000
      vertex 0.000000 1.875000 4.000000
      vertex 0.000000 1.875000 0.000000
    endloop
  endfacet
  facet normal -0.065403 -0.997859 0.000000
    outer loop
      vertex 0.244737 1.858959 0.000000
      vertex 0.244737 1.858959 4.000000
      vertex 0.000000 1.875000 4.000000
    endloop
  endfacet
  facet normal 0.000000 0.000000 1.000000
    outer loop
      vertex 0.000000 2.750000 0.000000
      vertex -0.244737 1.858959 0.000000
      vertex 0.000000 1.875000 0.000000
    endloop
  endfacet
  facet normal 0.000000 0.000000 1.000000
    outer loop
      vertex 0.000000 2.750000 0.000000
      vertex -0.358947 2.726473 0.000000
      vertex -0.244737 1.858959 0.000000
    endloop
  endfacet
  facet normal 0.000000 0.000000 -1.000000
    outer loop
      vertex 0.000000 2.750000 4.000000
      vertex 0.000000 1.875000 4.000000
      vertex -0.244737 1.858959 4.000000
    endloop
  endfacet
  facet normal 0.000000 0.000000 -1.000000
    outer loop
      vertex 0.000000 2.750000 4.000000
      vertex -0.244737 1.858959 4.000000
      vertex -0.358947 2.726473 4.000000
    endloop
  endfacet
  facet normal -0.065403 0.997859 0.000000
    outer loop
      vertex 0.000000 2.750000 0.000000
      vertex -0.358947 2.726473 0.000000
      vertex -0.358947 2.726473 4.000000
    endloop
  endfacet
  facet normal -0.065403 0.997859 0.000000
    outer loop
      vertex 0.000000 2.750000 0.000000
      vertex -0.358947 2.726473 4.000000
      vertex 0.000000 2.750000 4.000000
    endloop
  endfacet
  facet normal 0.065403 -0.997859 0.000000
    outer loop
      vertex 0.000000 1.875000 0.000000
      vertex -0.244737 1.858959 4.000000
      vertex -0.244737 1.858959 0.000000
    endloop
  endfacet
  facet normal 0.065403 -0.997859 0.000000
    outer loop
      vertex 0.000000 1.875000 0.000000
      vertex 0.000000 1.875000 4.000000
      vertex -0.244737 1.858959 4.000000
    endloop
  endfacet
  facet normal 0.000000 0.000000 1.000000
    outer loop
      vertex -0.358947 2.726473 0.000000
      vertex -0.485286 1.811111 0.000000
      vertex -0.244737 1.858959 0.000000
    endloop
  endfacet
  facet normal 0.000000 0.000000 1.000000
    outer loop
      vertex -0.358947 2.726473 0.000000
      vertex -0.711752 2.656296 0.000000
      vertex -0.485286 1.811111 0.000000
    endloop
  endfacet
  facet normal 0.000000 -0.000000 -1.000000
    outer loop
      vertex -0.358947 2.726473 4.000000
      vertex -0.244737 1.858959 4.000000
      vertex -0.485286 1.811111 4.000000
    endloop
  endfacet
  facet normal 0.000000 0.000000 -1.000000
    outer loop
      vertex -0.358947 2.726473 4.000000
      vertex -0.485286 1.811111 4.000000
      vertex -0.711752 2.656296 4.000000
    endloop
  endfacet
  facet normal -0.195090 0.980785 0.000000
    outer loop
      vertex -0.358947 2.726473 0.000000
      vertex -0.711752 2.656296 0.000000
      vertex -0.711752 2.656296 4.000000
    endloop
  endfacet
  facet normal -0.195090 0.980785 0.000000
    outer loop
      vertex -0.358947 2.726473 0.000000
      vertex -0.711752 2.656296 4.000000
      vertex -0.358947 2.726473 4.000000
    endloop
  endfacet
  facet normal 0.195090 -0.980785 0.000000
    outer loop
      vertex -0.244737 1.858959 0.000000
      vertex -0.485286 1.811111 4.000000
      vertex -0.485286 1.811111 0.000000
    endloop
  endfacet
  facet normal 0.195090 -0.980785 0.000000
    outer loop
      vertex -0.244737 1.858959 0.000000
      vertex -0.244737 1.858959 4.000000
      vertex -0.485286 1.811111 4.000000
    endloop
  endfacet
  facet normal 0.000000 0.000000 1.000000
    outer loop
      vertex -0.711752 2.656296 0.000000
      vertex -0.717531 1.732274 0.000000
      vertex -0.485286 1.811111 0.000000
    endloop
  endfacet
  facet normal 0.000000 0.000000 1.000000
    outer loop
      vertex -0.711752 2.656296 0.000000
      vertex -1.052379 2.540669 0.000000
      vertex -0.717531 1.732274 0.000000
    endloop
  endfacet
  facet normal 0.000000 -0.000000 -1.000000
    outer loop
      vertex -0.711752 2.656296 4.000000
      vertex -0.485286 1.811111 4.000000
      vertex -0.717531 1.732274 4.000000
    endloop
  endfacet
  facet normal 0.000000 0.000000 -1.000000
    outer loop
      vertex -0.711752 2.656296 4.000000
      vertex -0.717531 1.732274 4.000000
      vertex -1.052379 2.540669 4.000000
    endloop
  endfacet
  facet normal -0.321439 0.946930 0.000000
    outer loop
      vertex -0.711752 2.656296 0.000000
      vertex -1.052379 2.540669 0.000000
      vertex -1.052379 2.540669 4.000000
    endloop
  endfacet
  facet normal -0.321439 0.946930 0.000000
    outer loop
      vertex -0.711752 2.656296 0.000000
      vertex -1.052379 2.540669 4.000000
      vertex -0.711752 2.656296 4.000000
    endloop
  endfacet
  facet normal 0.321439 -0.946930 0.000000
    outer loop
      vertex -0.485286 1.811111 0.000000
      vertex -0.717531 1.732274 4.000000
      vertex -0.717531 1.732274 0.000000
    endloop
  endfacet
  facet normal 0.321439 -0.946930 0.000000
    outer loop
      vertex -0.485286 1.811111 0.000000
      vertex -0.485286 1.811111 4.000000
      vertex -0.717531 1.732274 4.000000
    endloop
  endfacet
  facet normal 0.000000 0.000000 1.000000
    outer loop
      vertex -1.052379 2.540669 0.000000
      vertex -0.937500 1.623798 0.000000
      vertex -0.717531 1.732274 0.000000
    endloop
  endfacet
  facet normal 0.000000 0.000000 1.000000
    outer loop
      vertex -1.052379 2.540669 0.000000
      vertex -1.375000 2.381570 0.000000
      vertex -0.937500 1.623798 0.000000
    endloop
  endfacet
  facet normal 0.000000 0.000000 -1.000000
    outer loop
      vertex -1.052379 2.540669 4.000000
      vertex -0.717531 1.732274 4.000000
      vertex -0.937500 1.623798 4.000000
    endloop
  endfacet
  facet normal 0.000000 -0.000000 -1.000000
    outer loop
      vertex -1.052379 2.540669 4.000000
      vertex -0.937500 1.623798 4.000000
      vertex -1.375000 2.381570 4.000000
    endloop
  endfacet
  facet normal -0.442289 0.896873 0.000000
    outer loop
      vertex -1.052379 2.540669 0.000000
      vertex -1.375000 2.381570 0.000000
      vertex -1.375000 2.381570 4.000000
    endloop
  endfacet
  facet normal -0.442289 0.896873 0.000000
    outer loop
      vertex -1.052379 2.540669 0.000000
      vertex -1.375000 2.381570 4.000000
      vertex -1.052379 2.540669 4.000000
    endloop
  endfacet
  facet normal 0.442289 -0.896873 0.000000
    outer loop
      vertex -0.717531 1.732274 0.000000
      vertex -0.937500 1.623798 4.000000
      vertex -0.937500 1.623798 0.000000
    endloop
  endfacet
  facet normal 0.442289 -0.896873 0.000000
    outer loop
      vertex -0.717531 1.732274 0.000000
      vertex -0.717531 1.732274 4.000000
      vertex -0.937500 1.623798 4.000000
    endloop
  endfacet
  facet normal 0.000000 0.000000 1.000000
    outer loop
      vertex -1.375000 2.381570 0.000000
      vertex -1.141428 1.487538 0.000000
      vertex -0.937500 1.623798 0.000000
    endloop
  endfacet
  facet normal 0.000000 0.000000 1.000000
    outer loop
      vertex -1.375000 2.381570 0.000000
      vertex -1.674094 2.181722 0.000000
      vertex -1.141428 1.487538 0.000000
    endloop
  endfacet
  facet normal 0.000000 0.000000 -1.000000
    outer loop
      vertex -1.375000 2.381570 4.000000
      vertex -0.937500 1.623798 4.000000
      vertex -1.141428 1.487538 4.000000
    endloop
  endfacet
  facet normal 0.000000 -0.000000 -1.000000
    outer loop
      vertex -1.375000 2.381570 4.000000
      vertex -1.141428 1.487538 4.000000
      vertex -1.674094 2.181722 4.000000
    endloop
  endfacet
  facet normal -0.555570 0.831470 0.000000
    outer loop
      vertex -1.375000 2.381570 0.000000
      vertex -1.674094 2.181722 0.000000
      vertex -1.674094 2.181722 4.000000
    endloop
  endfacet
  facet normal -0.555570 0.831470 0.000000
    outer loop
      vertex -1.375000 2.381570 0.000000
      vertex -1.674094 2.181722 4.000000
      vertex -1.375000 2.381570 4.000000
    endloop
  endfacet
  facet normal 0.555570 -0.831470 0.000000
    outer loop
      vertex -0.937500 1.623798 0.000000
      vertex -1.141428 1.487538 4.000000
      vertex -1.141428 1.487538 0.000000
    endloop
  endfacet
  facet normal 0.555570 -0.831470 0.000000
    outer loop
      vertex -0.937500 1.623798 0.000000
      vertex -0.937500 1.623798 4.000000
      vertex -1.141428 1.487538 4.000000
    endloop
  endfacet
  facet normal 0.000000 0.000000 1.000000
    outer loop
      vertex -1.674094 2.181722 0.000000
      vertex -1.325825 1.325825 0.000000
      vertex -1.141428 1.487538 0.000000
    endloop
  endfacet
  facet normal 0.000000 0.000000 1.000000
    outer loop
      vertex -1.674094 2.181722 0.000000
      vertex -1.944544 1.944544 0.000000
      vertex -1.325825 1.325825 0.000000
    endloop
  endfacet
  facet normal 0.000000 0.000000 -1.000000
    outer loop
      vertex -1.674094 2.181722 4.000000
      vertex -1.141428 1.487538 4.000000
      vertex -1.325825 1.325825 4.000000
    endloop
  endfacet
  facet normal 0.000000 -0.000000 -1.000000
    outer loop
      vertex -1.674094 2.181722 4.000000
      vertex -1.325825 1.325825 4.000000
      vertex -1.944544 1.944544 4.000000
    endloop
  endfacet
  facet normal -0.659346 0.751840 0.000000
    outer loop
      vertex -1.674094 2.181722 0.000000
      vertex -1.944544 1.944544 0.000000
      vertex -1.944544 1.944544 4.000000
    endloop
  endfacet
  facet normal -0.659346 0.751840 0.000000
    outer loop
      vertex -1.674094 2.181722 0.000000
      vertex -1.944544 1.944544 4.000000
      vertex -1.674094 2.181722 4.000000
    endloop
  endfacet
  facet normal 0.659346 -0.751840 0.000000
    outer loop
      vertex -1.141428 1.487538 0.000000
      vertex -1.325825 1.325825 4.000000
      vertex -1.325825 1.325825 0.000000
    endloop
  endfacet
  facet normal 0.659346 -0.751840 0.000000
    outer loop
      vertex -1.141428 1.487538 0.000000
      vertex -1.141428 1.487538 4.000000
      vertex -1.325825 1.325825 4.000000
    endloop
  endfacet
  facet normal 0.000000 0.000000 1.000000
    outer loop
      vertex -1.944544 1.944544 0.000000
      vertex -1.487538 1.141428 0.000000
      vertex -1.325825 1.325825 0.000000
    endloop
  endfacet
  facet normal 0.000000 0.000000 1.000000
    outer loop
      vertex -1.944544 1.944544 0.000000
      vertex -2.181722 1.674094 0.000000
      vertex -1.487538 1.141428 0.000000
    endloop
  endfacet
  facet normal 0.000000 0.000000 -1.000000
    outer loop
      vertex -1.944544 1.944544 4.000000
      vertex -1.325825 1.325825 4.000000
      vertex -1.487538 1.141428 4.000000
    endloop
  endfacet
  facet normal 0.000000 -0.000000 -1.000000
    outer loop
      vertex -1.944544 1.944544 4.000000
      vertex -1.487538 1.141428 4.000000
      vertex -2.181722 1.674094 4.000000
    endloop
  endfacet
  facet normal -0.751840 0.659346 0.000000
    outer loop
      vertex -1.944544 1.944544 0.000000
      vertex -2.181722 1.674094 0.000000
      vertex -2.181722 1.674094 4.000000
    endloop
  endfacet
  facet normal -0.751840 0.659346 0.000000
    outer loop
      vertex -1.944544 1.944544 0.000000
      vertex -2.181722 1.674094 4.000000
      vertex -1.944544 1.944544 4.000000
    endloop
  endfacet
  facet normal 0.751840 -0.659346 0.000000
    outer loop
      vertex -1.325825 1.325825 0.000000
      vertex -1.487538 1.141428 4.000000
      vertex -1.487538 1.141428 0.000000
    endloop
  endfacet
  facet normal 0.751840 -0.659346 0.000000
    outer loop
      vertex -1.325825 1.325825 0.000000
      vertex -1.325825 1.325825 4.000000
      vertex -1.487538 1.141428 4.000000
    endloop
  endfacet
  facet normal 0.000000 0.000000 1.000000
    outer loop
      vertex -2.181722 1.674094 0.000000
      vertex -1.623798 0.937500 0.000000
      vertex -1.487538 1.141428 0.000000
    endloop
  endfacet
  facet normal 0.000000 0.000000 1.000000
    outer loop
      vertex -2.181722 1.674094 0.000000
      vertex -2.381570 1.375000 0.000000
      vertex -1.623798 0.937500 0.000000
    endloop
  endfacet
  facet normal 0.000000 0.000000 -1.000000
    outer loop
      vertex -2.181722 1.674094 4.000000
      vertex -1.487538 1.141428 4.000000
      vertex -1.623798 0.937500 4.000000
    endloop
  endfacet
  facet normal 0.000000 -0.000000 -1.000000
    outer loop
      vertex -2.181722 1.674094 4.000000
      vertex -1.623798 0.937500 4.000000
      vertex -2.381570 1.375000 4.000000
    endloop
  endfacet
  facet normal -0.831470 0.555570 0.000000
    outer loop
      vertex -2.181722 1.674094 0.000000
      vertex -2.381570 1.375000 0.000000
      vertex -2.381570 1.375000 4.000000
    endloop
  endfacet
  facet normal -0.831470 0.555570 0.000000
    outer loop
      vertex -2.181722 1.674094 0.000000
      vertex -2.381570 1.375000 4.000000
      vertex -2.181722 1.674094 4.000000
    endloop
  endfacet
  facet normal 0.831470 -0.555570 0.000000
    outer loop
      vertex -1.487538 1.141428 0.000000
      vertex -1.623798 0.937500 4.000000
      vertex -1.623798 0.937500 0.000000
    endloop
  endfacet
  facet normal 0.831470 -0.555570 0.000000
    outer loop
      vertex -1.487538 1.141428 0.000000
      vertex -1.487538 1.141428 4.000000
      vertex -1.623798 0.937500 4.000000
    endloop
  endfacet
  facet normal 0.000000 0.000000 1.000000
    outer loop
      vertex -2.381570 1.375000 0.000000
      vertex -1.732274 0.717531 0.000000
      vertex -1.623798 0.937500 0.000000
    endloop
  endfacet
  facet normal 0.000000 0.000000 1.000000
    outer loop
      vertex -2.381570 1.375000 0.000000
      vertex -2.540669 1.052379 0.000000
      vertex -1.732274 0.717531 0.000000
    endloop
  endfacet
  facet normal 0.000000 0.000000 -1.000000
    outer loop
      vertex -2.381570 1.375000 4.000000
      vertex -1.623798 0.937500 4.000000
      vertex -1.732274 0.717531 4.000000
    endloop
  endfacet
  facet normal 0.000000 -0.000000 -1.000000
    outer loop
      vertex -2.381570 1.375000 4.000000
      vertex -1.732274 0.717531 4.000000
      vertex -2.540669 1.052379 4.000000
    endloop
  endfacet
  facet normal -0.896873 0.442289 0.000000
    outer loop
      vertex -2.381570 1.375000 0.000000
      vertex -2.540669 1.052379 0.000000
      vertex -2.540669 1.052379 4.000000
    endloop
  endfacet
  facet normal -0.896873 0.442289 0.000000
    outer loop
      vertex -2.381570 1.375000 0.000000
      vertex -2.540669 1.052379 4.000000
      vertex -2.381570 1.375000 4.000000
    endloop
  endfacet
  facet normal 0.896873 -0.442289 0.000000
    outer loop
      vertex -1.623798 0.937500 0.000000
      vertex -1.732274 0.717531 4.000000
      vertex -1.732274 0.717531 0.000000
    endloop
  endfacet
  facet normal 0.896873 -0.442289 0.000000
    outer loop
      vertex -1.623798 0.937500 0.000000
      vertex -1.623798 0.937500 4.000000
      vertex -1.732274 0.717531 4.000000
    endloop
  endfacet
  facet normal 0.000000 0.000000 1.000000
    outer loop
      vertex -2.540669 1.052379 0.000000
      vertex -1.811111 0.485286 0.000000
      vertex -1.732274 0.717531 0.000000
    endloop
  endfacet
  facet normal 0.000000 0.000000 1.000000
    outer loop
      vertex -2.540669 1.052379 0.000000
      vertex -2.656296 0.711752 0.000000
      vertex -1.811111 0.485286 0.000000
    endloop
  endfacet
  facet normal 0.000000 0.000000 -1.000000
    outer loop
      vertex -2.540669 1.052379 4.000000
      vertex -1.732274 0.717531 4.000000
      vertex -1.811111 0.485286 4.000000
    endloop
  endfacet
  facet normal 0.000000 -0.000000 -1.000000
    outer loop
      vertex -2.540669 1.052379 4.000000
      vertex -1.811111 0.485286 4.000000
      vertex -2.656296 0.711752 4.000000
    endloop
  endfacet
  facet normal -0.946930 0.321439 0.000000
    outer loop
      vertex -2.540669 1.052379 0.000000
      vertex -2.656296 0.711752 0.000000
      vertex -2.656296 0.711752 4.000000
    endloop
  endfacet
  facet normal -0.946930 0.321439 0.000000
    outer loop
      vertex -2.540669 1.052379 0.000000
      vertex -2.656296 0.711752 4.000000
      vertex -2.540669 1.052379 4.000000
    endloop
  endfacet
  facet normal 0.946930 -0.321439 0.000000
    outer loop
      vertex -1.732274 0.717531 0.000000
      vertex -1.811111 0.485286 4.000000
      vertex -1.811111 0.485286 0.000000
    endloop
  endfacet
  facet normal 0.946930 -0.321439 0.000000
    outer loop
      vertex -1.732274 0.717531 0.000000
      vertex -1.732274 0.717531 4.000000
      vertex -1.811111 0.485286 4.000000
    endloop
  endfacet
  facet normal 0.000000 0.000000 1.000000
    outer loop
      vertex -2.656296 0.711752 0.000000
      vertex -1.858959 0.244737 0.000000
      vertex -1.811111 0.485286 0.000000
    endloop
  endfacet
  facet normal 0.000000 0.000000 1.000000
    outer loop
      vertex -2.656296 0.711752 0.000000
      vertex -2.726473 0.358947 0.000000
      vertex -1.858959 0.244737 0.000000
    endloop
  endfacet
  facet normal 0.000000 0.000000 -1.000000
    outer loop
      vertex -2.656296 0.711752 4.000000
      vertex -1.811111 0.485286 4.000000
      vertex -1.858959 0.244737 4.000000
    endloop
  endfacet
  facet normal 0.000000 -0.000000 -1.000000
    outer loop
      vertex -2.656296 0.711752 4.000000
      vertex -1.858959 0.244737 4.000000
      vertex -2.726473 0.358947 4.000000
    endloop
  endfacet
  facet normal -0.980785 0.195090 0.000000
    outer loop
      vertex -2.656296 0.711752 0.000000
      vertex -2.726473 0.358947 0.000000
      vertex -2.726473 0.358947 4.000000
    endloop
  endfacet
  facet normal -0.980785 0.195090 0.000000
    outer loop
      vertex -2.656296 0.711752 0.000000
      vertex -2.726473 0.358947 4.000000
      vertex -2.656296 0.711752 4.000000
    endloop
  endfacet
  facet normal 0.980785 -0.195090 0.000000
    outer loop
      vertex -1.811111 0.485286 0.000000
      vertex -1.858959 0.244737 4.000000
      vertex -1.858959 0.244737 0.000000
    endloop
  endfacet
  facet normal 0.980785 -0.195090 0.000000
    outer loop
      vertex -1.811111 0.485286 0.000000
      vertex -1.811111 0.485286 4.000000
      vertex -1.858959 0.244737 4.000000
    endloop
  endfacet
  facet normal 0.000000 0.000000 1.000000
    outer loop
      vertex -2.726473 0.358947 0.000000
      vertex -1.875000 0.000000 0.000000
      vertex -1.858959 0.244737 0.000000
    endloop
  endfacet
  facet normal 0.000000 0.000000 1.000000
    outer loop
      vertex -2.726473 0.358947 0.000000
      vertex -2.750000 0.000000 0.000000
      vertex -1.875000 0.000000 0.000000
    endloop
  endfacet
  facet normal 0.000000 0.000000 -1.000000
    outer loop
      vertex -2.726473 0.358947 4.000000
      vertex -1.858959 0.244737 4.000000
      vertex -1.875000 0.000000 4.000000
    endloop
  endfacet
  facet normal 0.000000 -0.000000 -1.000000
    outer loop
      vertex -2.726473 0.358947 4.000000
      vertex -1.875000 0.000000 4.000000
      vertex -2.750000 0.000000 4.000000
    endloop
  endfacet
  facet normal -0.997859 0.065403 0.000000
    outer loop
      vertex -2.726473 0.358947 0.000000
      vertex -2.750000 0.000000 0.000000
      vertex -2.750000 0.000000 4.000000
    endloop
  endfacet
  facet normal -0.997859 0.065403 0.000000
    outer loop
      vertex -2.726473 0.358947 0.000000
      vertex -2.750000 0.000000 4.000000
      vertex -2.726473 0.358947 4.000000
    endloop
  endfacet
  facet normal 0.997859 -0.065403 0.000000
    outer loop
      vertex -1.858959 0.244737 0.000000
      vertex -1.875000 0.000000 4.000000
      vertex -1.875000 0.000000 0.000000
    endloop
  endfacet
  facet normal 0.997859 -0.065403 0.000000
    outer loop
      vertex -1.858959 0.244737 0.000000
      vertex -1.858959 0.244737 4.000000
      vertex -1.875000 0.000000 4.000000
    endloop
  endfacet
  facet normal 0.000000 0.000000 1.000000
    outer loop
      vertex -2.750000 0.000000 0.000000
      vertex -1.858959 -0.244737 0.000000
      vertex -1.875000 0.000000 0.000000
    endloop
  endfacet
  facet normal 0.000000 0.000000 1.000000
    outer loop
      vertex -2.750000 0.000000 0.000000
      vertex -2.726473 -0.358947 0.000000
      vertex -1.858959 -0.244737 0.000000
    endloop
  endfacet
  facet normal 0.000000 0.000000 -1.000000
    outer loop
      vertex -2.750000 0.000000 4.000000
      vertex -1.875000 0.000000 4.000000
      vertex -1.858959 -0.244737 4.000000
    endloop
  endfacet
  facet normal 0.000000 0.000000 -1.000000
    outer loop
      vertex -2.750000 0.000000 4.000000
      vertex -1.858959 -0.244737 4.000000
      vertex -2.726473 -0.358947 4.000000
    endloop
  endfacet
  facet normal -0.997859 -0.065403 0.000000
    outer loop
      vertex -2.750000 0.000000 0.000000
      vertex -2.726473 -0.358947 0.000000
      vertex -2.726473 -0.358947 4.000000
    endloop
  endfacet
  facet normal -0.997859 -0.065403 0.000000
    outer loop
      vertex -2.750000 0.000000 0.000000
      vertex -2.726473 -0.358947 4.000000
      vertex -2.750000 0.000000 4.000000
    endloop
  endfacet
  facet normal 0.997859 0.065403 0.000000
    outer loop
      vertex -1.875000 0.000000 0.000000
      vertex -1.858959 -0.244737 4.000000
      vertex -1.858959 -0.244737 0.000000
    endloop
  endfacet
  facet normal 0.997859 0.065403 -0.000000
    outer loop
      vertex -1.875000 0.000000 0.000000
      vertex -1.875000 0.000000 4.000000
      vertex -1.858959 -0.244737 4.000000
    endloop
  endfacet
  facet normal -0.000000 0.000000 1.000000
    outer loop
      vertex -2.726473 -0.358947 0.000000
      vertex -1.811111 -0.485286 0.000000
      vertex -1.858959 -0.244737 0.000000
    endloop
  endfacet
  facet normal 0.000000 0.000000 1.000000
    outer loop
      vertex -2.726473 -0.358947 0.000000
      vertex -2.656296 -0.711752 0.000000
      vertex -1.811111 -0.485286 0.000000
    endloop
  endfacet
  facet normal 0.000000 0.000000 -1.000000
    outer loop
      vertex -2.726473 -0.358947 4.000000
      vertex -1.858959 -0.244737 4.000000
      vertex -1.811111 -0.485286 4.000000
    endloop
  endfacet
  facet normal 0.000000 0.000000 -1.000000
    outer loop
      vertex -2.726473 -0.358947 4.000000
      vertex -1.811111 -0.485286 4.000000
      vertex -2.656296 -0.711752 4.000000
    endloop
  endfacet
  facet normal -0.980785 -0.195090 0.000000
    outer loop
      vertex -2.726473 -0.358947 0.000000
      vertex -2.656296 -0.711752 0.000000
      vertex -2.656296 -0.711752 4.000000
    endloop
  endfacet
  facet normal -0.980785 -0.195090 0.000000
    outer loop
      vertex -2.726473 -0.358947 0.000000
      vertex -2.656296 -0.711752 4.000000
      vertex -2.726473 -0.358947 4.000000
    endloop
  endfacet
  facet normal 0.980785 0.195090 0.000000
    outer loop
      vertex -1.858959 -0.244737 0.000000
      vertex -1.811111 -0.485286 4.000000
      vertex -1.811111 -0.485286 0.000000
    endloop
  endfacet
  facet normal 0.980785 0.195090 -0.000000
    outer loop
      vertex -1.858959 -0.244737 0.000000
      vertex -1.858959 -0.244737 4.000000
      vertex -1.811111 -0.485286 4.000000
    endloop
  endfacet
  facet normal -0.000000 0.000000 1.000000
    outer loop
      vertex -2.656296 -0.711752 0.000000
      vertex -1.732274 -0.717531 0.000000
      vertex -1.811111 -0.485286 0.000000
    endloop
  endfacet
  facet normal 0.000000 0.000000 1.000000
    outer loop
      vertex -2.656296 -0.711752 0.000000
      vertex -2.540669 -1.052379 0.000000
      vertex -1.732274 -0.717531 0.000000
    endloop
  endfacet
  facet normal 0.000000 0.000000 -1.000000
    outer loop
      vertex -2.656296 -0.711752 4.000000
      vertex -1.811111 -0.485286 4.000000
      vertex -1.732274 -0.717531 4.000000
    endloop
  endfacet
  facet normal 0.000000 0.000000 -1.000000
    outer loop
      vertex -2.656296 -0.711752 4.000000
      vertex -1.732274 -0.717531 4.000000
      vertex -2.540669 -1.052379 4.000000
    endloop
  endfacet
  facet normal -0.946930 -0.321439 0.000000
    outer loop
      vertex -2.656296 -0.711752 0.000000
      vertex -2.540669 -1.052379 0.000000
      vertex -2.540669 -1.052379 4.000000
    endloop
  endfacet
  facet normal -0.946930 -0.321439 0.000000
    outer loop
      vertex -2.656296 -0.711752 0.000000
      vertex -2.540669 -1.052379 4.000000
      vertex -2.656296 -0.711752 4.000000
    endloop
  endfacet
  facet normal 0.946930 0.321439 0.000000
    outer loop
      vertex -1.811111 -0.485286 0.000000
      vertex -1.732274 -0.717531 4.000000
      vertex -1.732274 -0.717531 0.000000
    endloop
  endfacet
  facet normal 0.946930 0.321439 -0.000000
    outer loop
      vertex -1.811111 -0.485286 0.000000
      vertex -1.811111 -0.485286 4.000000
      vertex -1.732274 -0.717531 4.000000
    endloop
  endfacet
  facet normal 0.000000 0.000000 1.000000
    outer loop
      vertex -2.540669 -1.052379 0.000000
      vertex -1.623798 -0.937500 0.000000
      vertex -1.732274 -0.717531 0.000000
    endloop
  endfacet
  facet normal -0.000000 0.000000 1.000000
    outer loop
      vertex -2.540669 -1.052379 0.000000
      vertex -2.381570 -1.375000 0.000000
      vertex -1.623798 -0.937500 0.000000
    endloop
  endfacet
  facet normal 0.000000 0.000000 -1.000000
    outer loop
      vertex -2.540669 -1.052379 4.000000
      vertex -1.732274 -0.717531 4.000000
      vertex -1.623798 -0.937500 4.000000
    endloop
  endfacet
  facet normal 0.000000 0.000000 -1.000000
    outer loop
      vertex -2.540669 -1.052379 4.000000
      vertex -1.623798 -0.937500 4.000000
      vertex -2.381570 -1.375000 4.000000
    endloop
  endfacet
  facet normal -0.896873 -0.442289 0.000000
    outer loop
      vertex -2.540669 -1.052379 0.000000
      vertex -2.381570 -1.375000 0.000000
      vertex -2.381570 -1.375000 4.000000
    endloop
  endfacet
  facet normal -0.896873 -0.442289 0.000000
    outer loop
      vertex -2.540669 -1.052379 0.000000
      vertex -2.381570 -1.375000 4.000000
      vertex -2.540669 -1.052379 4.000000
    endloop
  endfacet
  facet normal 0.896873 0.442289 0.000000
    outer loop
      vertex -1.732274 -0.717531 0.000000
      vertex -1.623798 -0.937500 4.000000
      vertex -1.623798 -0.937500 0.000000
    endloop
  endfacet
  facet normal 0.896873 0.442289 -0.000000
    outer loop
      vertex -1.732274 -0.717531 0.000000
      vertex -1.732274 -0.717531 4.000000
      vertex -1.623798 -0.937500 4.000000
    endloop
  endfacet
  facet normal 0.000000 0.000000 1.000000
    outer loop
      vertex -2.381570 -1.375000 0.000000
      vertex -1.487538 -1.141428 0.000000
      vertex -1.623798 -0.937500 0.000000
    endloop
  endfacet
  facet normal -0.000000 0.000000 1.000000
    outer loop
      vertex -2.381570 -1.375000 0.000000
      vertex -2.181722 -1.674094 0.000000
      vertex -1.487538 -1.141428 0.000000
    endloop
  endfacet
  facet normal 0.000000 0.000000 -1.000000
    outer loop
      vertex -2.381570 -1.375000 4.000000
      vertex -1.623798 -0.937500 4.000000
      vertex -1.487538 -1.141428 4.000000
    endloop
  endfacet
  facet normal 0.000000 0.000000 -1.000000
    outer loop
      vertex -2.381570 -1.375000 4.000000
      vertex -1.487538 -1.141428 4.000000
      vertex -2.181722 -1.674094 4.000000
    endloop
  endfacet
  facet normal -0.831470 -0.555570 0.000000
    outer loop
      vertex -2.381570 -1.375000 0.000000
      vertex -2.181722 -1.674094 0.000000
      vertex -2.181722 -1.674094 4.000000
    endloop
  endfacet
  facet normal -0.831470 -0.555570 0.000000
    outer loop
      vertex -2.381570 -1.375000 0.000000
      vertex -2.181722 -1.674094 4.000000
      vertex -2.381570 -1.375000 4.000000
    endloop
  endfacet
  facet normal 0.831470 0.555570 0.000000
    outer loop
      vertex -1.623798 -0.937500 0.000000
      vertex -1.487538 -1.141428 4.000000
      vertex -1.487538 -1.141428 0.000000
    endloop
  endfacet
  facet normal 0.831470 0.555570 -0.000000
    outer loop
      vertex -1.623798 -0.937500 0.000000
      vertex -1.623798 -0.937500 4.000000
      vertex -1.487538 -1.141428 4.000000
    endloop
  endfacet
  facet normal 0.000000 0.000000 1.000000
    outer loop
      vertex -2.181722 -1.674094 0.000000
      vertex -1.325825 -1.325825 0.000000
      vertex -1.487538 -1.141428 0.000000
    endloop
  endfacet
  facet normal -0.000000 0.000000 1.000000
    outer loop
      vertex -2.181722 -1.674094 0.000000
      vertex -1.944544 -1.944544 0.000000
      vertex -1.325825 -1.325825 0.000000
    endloop
  endfacet
  facet normal 0.000000 0.000000 -1.000000
    outer loop
      vertex -2.181722 -1.674094 4.000000
      vertex -1.487538 -1.141428 4.000000
      vertex -1.325825 -1.325825 4.000000
    endloop
  endfacet
  facet normal 0.000000 0.000000 -1.000000
    outer loop
      vertex -2.181722 -1.674094 4.000000
      vertex -1.325825 -1.325825 4.000000
      vertex -1.944544 -1.944544 4.000000
    endloop
  endfacet
  facet normal -0.751840 -0.659346 0.000000
    outer loop
      vertex -2.181722 -1.674094 0.000000
      vertex -1.944544 -1.944544 0.000000
      vertex -1.944544 -1.944544 4.000000
    endloop
  endfacet
  facet normal -0.751840 -0.659346 0.000000
    outer loop
      vertex -2.181722 -1.674094 0.000000
      vertex -1.944544 -1.944544 4.000000
      vertex -2.181722 -1.674094 4.000000
    endloop
  endfacet
  facet normal 0.751840 0.659346 0.000000
    outer loop
      vertex -1.487538 -1.141428 0.000000
      vertex -1.325825 -1.325825 4.000000
      vertex -1.325825 -1.325825 0.000000
    endloop
  endfacet
  facet normal 0.751840 0.659346 -0.000000
    outer loop
      vertex -1.487538 -1.141428 0.000000
      vertex -1.487538 -1.141428 4.000000
      vertex -1.325825 -1.325825 4.000000
    endloop
  endfacet
  facet normal 0.000000 0.000000 1.000000
    outer loop
      vertex -1.944544 -1.944544 0.000000
      vertex -1.141428 -1.487538 0.000000
      vertex -1.325825 -1.325825 0.000000
    endloop
  endfacet
  facet normal -0.000000 0.000000 1.000000
    outer loop
      vertex -1.944544 -1.944544 0.000000
      vertex -1.674094 -2.181722 0.000000
      vertex -1.141428 -1.487538 0.000000
    endloop
  endfacet
  facet normal 0.000000 0.000000 -1.000000
    outer loop
      vertex -1.944544 -1.944544 4.000000
      vertex -1.325825 -1.325825 4.000000
      vertex -1.141428 -1.487538 4.000000
    endloop
  endfacet
  facet normal 0.000000 0.000000 -1.000000
    outer loop
      vertex -1.944544 -1.944544 4.000000
      vertex -1.141428 -1.487538 4.000000
      vertex -1.674094 -2.181722 4.000000
    endloop
  endfacet
  facet normal -0.659346 -0.751840 0.000000
    outer loop
      vertex -1.944544 -1.944544 0.000000
      vertex -1.674094 -2.181722 0.000000
      vertex -1.674094 -2.181722 4.000000
    endloop
  endfacet
  facet normal -0.659346 -0.751840 0.000000
    outer loop
      vertex -1.944544 -1.944544 0.000000
      vertex -1.674094 -2.181722 4.000000
      vertex -1.944544 -1.944544 4.000000
    endloop
  endfacet
  facet normal 0.659346 0.751840 0.000000
    outer loop
      vertex -1.325825 -1.325825 0.000000
      vertex -1.141428 -1.487538 4.000000
      vertex -1.141428 -1.487538 0.000000
    endloop
  endfacet
  facet normal 0.659346 0.751840 -0.000000
    outer loop
      vertex -1.325825 -1.325825 0.000000
      vertex -1.325825 -1.325825 4.000000
      vertex -1.141428 -1.487538 4.000000
    endloop
  endfacet
  facet normal 0.000000 0.000000 1.000000
    outer loop
      vertex -1.674094 -2.181722 0.000000
      vertex -0.937500 -1.623798 0.000000
      vertex -1.141428 -1.487538 0.000000
    endloop
  endfacet
  facet normal -0.000000 0.000000 1.000000
    outer loop
      vertex -1.674094 -2.181722 0.000000
      vertex -1.375000 -2.381570 0.000000
      vertex -0.937500 -1.623798 0.000000
    endloop
  endfacet
  facet normal 0.000000 0.000000 -1.000000
    outer loop
      vertex -1.674094 -2.181722 4.000000
      vertex -1.141428 -1.487538 4.000000
      vertex -0.937500 -1.623798 4.000000
    endloop
  endfacet
  facet normal 0.000000 0.000000 -1.000000
    outer loop
      vertex -1.674094 -2.181722 4.000000
      vertex -0.937500 -1.623798 4.000000
      vertex -1.375000 -2.381570 4.000000
    endloop
  endfacet
  facet normal -0.555570 -0.831470 0.000000
    outer loop
      vertex -1.674094 -2.181722 0.000000
      vertex -1.375000 -2.381570 0.000000
      vertex -1.375000 -2.381570 4.000000
    endloop
  endfacet
  facet normal -0.555570 -0.831470 0.000000
    outer loop
      vertex -1.674094 -2.181722 0.000000
      vertex -1.375000 -2.381570 4.000000
      vertex -1.674094 -2.181722 4.000000
    endloop
  endfacet
  facet normal 0.555570 0.831470 0.000000
    outer loop
      vertex -1.141428 -1.487538 0.000000
      vertex -0.937500 -1.623798 4.000000
      vertex -0.937500 -1.623798 0.000000
    endloop
  endfacet
  facet normal 0.555570 0.831470 -0.000000
    outer loop
      vertex -1.141428 -1.487538 0.000000
      vertex -1.141428 -1.487538 4.000000
      vertex -0.937500 -1.623798 4.000000
    endloop
  endfacet
  facet normal 0.000000 0.000000 1.000000
    outer loop
      vertex -1.375000 -2.381570 0.000000
      vertex -0.717531 -1.732274 0.000000
      vertex -0.937500 -1.623798 0.000000
    endloop
  endfacet
  facet normal -0.000000 0.000000 1.000000
    outer loop
      vertex -1.375000 -2.381570 0.000000
      vertex -1.052379 -2.540669 0.000000
      vertex -0.717531 -1.732274 0.000000
    endloop
  endfacet
  facet normal 0.000000 0.000000 -1.000000
    outer loop
      vertex -1.375000 -2.381570 4.000000
      vertex -0.937500 -1.623798 4.000000
      vertex -0.717531 -1.732274 4.000000
    endloop
  endfacet
  facet normal 0.000000 0.000000 -1.000000
    outer loop
      vertex -1.375000 -2.381570 4.000000
      vertex -0.717531 -1.732274 4.000000
      vertex -1.052379 -2.540669 4.000000
    endloop
  endfacet
  facet normal -0.442289 -0.896873 0.000000
    outer loop
      vertex -1.375000 -2.381570 0.000000
      vertex -1.052379 -2.540669 0.000000
      vertex -1.052379 -2.540669 4.000000
    endloop
  endfacet
  facet normal -0.442289 -0.896873 0.000000
    outer loop
      vertex -1.375000 -2.381570 0.000000
      vertex -1.052379 -2.540669 4.000000
      vertex -1.375000 -2.381570 4.000000
    endloop
  endfacet
  facet normal 0.442289 0.896873 0.000000
    outer loop
      vertex -0.937500 -1.623798 0.000000
      vertex -0.717531 -1.732274 4.000000
      vertex -0.717531 -1.732274 0.000000
    endloop
  endfacet
  facet normal 0.442289 0.896873 -0.000000
    outer loop
      vertex -0.937500 -1.623798 0.000000
      vertex -0.937500 -1.623798 4.000000
      vertex -0.717531 -1.732274 4.000000
    endloop
  endfacet
  facet normal 0.000000 0.000000 1.000000
    outer loop
      vertex -1.052379 -2.540669 0.000000
      vertex -0.485286 -1.811111 0.000000
      vertex -0.717531 -1.732274 0.000000
    endloop
  endfacet
  facet normal -0.000000 0.000000 1.000000
    outer loop
      vertex -1.052379 -2.540669 0.000000
      vertex -0.711752 -2.656296 0.000000
      vertex -0.485286 -1.811111 0.000000
    endloop
  endfacet
  facet normal 0.000000 0.000000 -1.000000
    outer loop
      vertex -1.052379 -2.540669 4.000000
      vertex -0.717531 -1.732274 4.000000
      vertex -0.485286 -1.811111 4.000000
    endloop
  endfacet
  facet normal 0.000000 0.000000 -1.000000
    outer loop
      vertex -1.052379 -2.540669 4.000000
      vertex -0.485286 -1.811111 4.000000
      vertex -0.711752 -2.656296 4.000000
    endloop
  endfacet
  facet normal -0.321439 -0.946930 0.000000
    outer loop
      vertex -1.052379 -2.540669 0.000000
      vertex -0.711752 -2.656296 0.000000
      vertex -0.711752 -2.656296 4.000000
    endloop
  endfacet
  facet normal -0.321439 -0.946930 0.000000
    outer loop
      vertex -1.052379 -2.540669 0.000000
      vertex -0.711752 -2.656296 4.000000
      vertex -1.052379 -2.540669 4.000000
    endloop
  endfacet
  facet normal 0.321439 0.946930 0.000000
    outer loop
      vertex -0.717531 -1.732274 0.000000
      vertex -0.485286 -1.811111 4.000000
      vertex -0.485286 -1.811111 0.000000
    endloop
  endfacet
  facet normal 0.321439 0.946930 -0.000000
    outer loop
      vertex -0.717531 -1.732274 0.000000
      vertex -0.717531 -1.732274 4.000000
      vertex -0.485286 -1.811111 4.000000
    endloop
  endfacet
  facet normal 0.000000 0.000000 1.000000
    outer loop
      vertex -0.711752 -2.656296 0.000000
      vertex -0.244737 -1.858959 0.000000
      vertex -0.485286 -1.811111 0.000000
    endloop
  endfacet
  facet normal -0.000000 0.000000 1.000000
    outer loop
      vertex -0.711752 -2.656296 0.000000
      vertex -0.358947 -2.726473 0.000000
      vertex -0.244737 -1.858959 0.000000
    endloop
  endfacet
  facet normal 0.000000 0.000000 -1.000000
    outer loop
      vertex -0.711752 -2.656296 4.000000
      vertex -0.485286 -1.811111 4.000000
      vertex -0.244737 -1.858959 4.000000
    endloop
  endfacet
  facet normal 0.000000 0.000000 -1.000000
    outer loop
      vertex -0.711752 -2.656296 4.000000
      vertex -0.244737 -1.858959 4.000000
      vertex -0.358947 -2.726473 4.000000
    endloop
  endfacet
  facet normal -0.195090 -0.980785 0.000000
    outer loop
      vertex -0.711752 -2.656296 0.000000
      vertex -0.358947 -2.726473 0.000000
      vertex -0.358947 -2.726473 4.000000
    endloop
  endfacet
  facet normal -0.195090 -0.980785 0.000000
    outer loop
      vertex -0.711752 -2.656296 0.000000
      vertex -0.358947 -2.726473 4.000000
      vertex -0.711752 -2.656296 4.000000
    endloop
  endfacet
  facet normal 0.195090 0.980785 0.000000
    outer loop
      vertex -0.485286 -1.811111 0.000000
      vertex -0.244737 -1.858959 4.000000
      vertex -0.244737 -1.858959 0.000000
    endloop
  endfacet
  facet normal 0.195090 0.980785 -0.000000
    outer loop
      vertex -0.485286 -1.811111 0.000000
      vertex -0.485286 -1.811111 4.000000
      vertex -0.244737 -1.858959 4.000000
    endloop
  endfacet
  facet normal 0.000000 0.000000 1.000000
    outer loop
      vertex -0.358947 -2.726473 0.000000
      vertex -0.000000 -1.875000 0.000000
      vertex -0.244737 -1.858959 0.000000
    endloop
  endfacet
  facet normal -0.000000 0.000000 1.000000
    outer loop
      vertex -0.358947 -2.726473 0.000000
      vertex -0.000000 -2.750000 0.000000
      vertex -0.000000 -1.875000 0.000000
    endloop
  endfacet
  facet normal 0.000000 0.000000 -1.000000
    outer loop
      vertex -0.358947 -2.726473 4.000000
      vertex -0.244737 -1.858959 4.000000
      vertex -0.000000 -1.875000 4.000000
    endloop
  endfacet
  facet normal 0.000000 0.000000 -1.000000
    outer loop
      vertex -0.358947 -2.726473 4.000000
      vertex -0.000000 -1.875000 4.000000
      vertex -0.000000 -2.750000 4.000000
    endloop
  endfacet
  facet normal -0.065403 -0.997859 0.000000
    outer loop
      vertex -0.358947 -2.726473 0.000000
      vertex -0.000000 -2.750000 0.000000
      vertex -0.000000 -2.750000 4.000000
    endloop
  endfacet
  facet normal -0.065403 -0.997859 0.000000
    outer loop
      vertex -0.358947 -2.726473 0.000000
      vertex -0.000000 -2.750000 4.000000
      vertex -0.358947 -2.726473 4.000000
    endloop
  endfacet
  facet normal 0.065403 0.997859 0.000000
    outer loop
      vertex -0.244737 -1.858959 0.000000
      vertex -0.000000 -1.875000 4.000000
      vertex -0.000000 -1.875000 0.000000
    endloop
  endfacet
  facet normal 0.065403 0.997859 -0.000000
    outer loop
      vertex -0.244737 -1.858959 0.000000
      vertex -0.244737 -1.858959 4.000000
      vertex -0.000000 -1.875000 4.000000
    endloop
  endfacet
  facet normal 0.000000 0.000000 1.000000
    outer loop
      vertex -0.000000 -2.750000 0.000000
      vertex 0.244737 -1.858959 0.000000
      vertex -0.000000 -1.875000 0.000000
    endloop
  endfacet
  facet normal 0.000000 0.000000 1.000000
    outer loop
      vertex -0.000000 -2.750000 0.000000
      vertex 0.358947 -2.726473 0.000000
      vertex 0.244737 -1.858959 0.000000
    endloop
  endfacet
  facet normal 0.000000 0.000000 -1.000000
    outer loop
      vertex -0.000000 -2.750000 4.000000
      vertex -0.000000 -1.875000 4.000000
      vertex 0.244737 -1.858959 4.000000
    endloop
  endfacet
  facet normal 0.000000 0.000000 -1.000000
    outer loop
      vertex -0.000000 -2.750000 4.000000
      vertex 0.244737 -1.858959 4.000000
      vertex 0.358947 -2.726473 4.000000
    endloop
  endfacet
  facet normal 0.065403 -0.997859 0.000000
    outer loop
      vertex -0.000000 -2.750000 0.000000
      vertex 0.358947 -2.726473 0.000000
      vertex 0.358947 -2.726473 4.000000
    endloop
  endfacet
  facet normal 0.065403 -0.997859 0.000000
    outer loop
      vertex -0.000000 -2.750000 0.000000
      vertex 0.358947 -2.726473 4.000000
      vertex -0.000000 -2.750000 4.000000
    endloop
  endfacet
  facet normal -0.065403 0.997859 0.000000
    outer loop
      vertex -0.000000 -1.875000 0.000000
      vertex 0.244737 -1.858959 4.000000
      vertex 0.244737 -1.858959 0.000000
    endloop
  endfacet
  facet normal -0.065403 0.997859 0.000000
    outer loop
      vertex -0.000000 -1.875000 0.000000
      vertex -0.000000 -1.875000 4.000000
      vertex 0.244737 -1.858959 4.000000
    endloop
  endfacet
  facet normal 0.000000 -0.000000 1.000000
    outer loop
      vertex 0.358947 -2.726473 0.000000
      vertex 0.485286 -1.811111 0.000000
      vertex 0.244737 -1.858959 0.000000
    endloop
  endfacet
  facet normal 0.000000 0.000000 1.000000
    outer loop
      vertex 0.358947 -2.726473 0.000000
      vertex 0.711752 -2.656296 0.000000
      vertex 0.485286 -1.811111 0.000000
    endloop
  endfacet
  facet normal 0.000000 0.000000 -1.000000
    outer loop
      vertex 0.358947 -2.726473 4.000000
      vertex 0.244737 -1.858959 4.000000
      vertex 0.485286 -1.811111 4.000000
    endloop
  endfacet
  facet normal 0.000000 0.000000 -1.000000
    outer loop
      vertex 0.358947 -2.726473 4.000000
      vertex 0.485286 -1.811111 4.000000
      vertex 0.711752 -2.656296 4.000000
    endloop
  endfacet
  facet normal 0.195090 -0.980785 0.000000
    outer loop
      vertex 0.358947 -2.726473 0.000000
      vertex 0.711752 -2.656296 0.000000
      vertex 0.711752 -2.656296 4.000000
    endloop
  endfacet
  facet normal 0.195090 -0.980785 0.000000
    outer loop
      vertex 0.358947 -2.726473 0.000000
      vertex 0.711752 -2.656296 4.000000
      vertex 0.358947 -2.726473 4.000000
    endloop
  endfacet
  facet normal -0.195090 0.980785 0.000000
    outer loop
      vertex 0.244737 -1.858959 0.000000
      vertex 0.485286 -1.811111 4.000000
      vertex 0.485286 -1.811111 0.000000
    endloop
  endfacet
  facet normal -0.195090 0.980785 0.000000
    outer loop
      vertex 0.244737 -1.858959 0.000000
      vertex 0.244737 -1.858959 4.000000
      vertex 0.485286 -1.811111 4.000000
    endloop
  endfacet
  facet normal 0.000000 -0.000000 1.000000
    outer loop
      vertex 0.711752 -2.656296 0.000000
      vertex 0.717531 -1.732274 0.000000
      vertex 0.485286 -1.811111 0.000000
    endloop
  endfacet
  facet normal 0.000000 0.000000 1.000000
    outer loop
      vertex 0.711752 -2.656296 0.000000
      vertex 1.052379 -2.540669 0.000000
      vertex 0.717531 -1.732274 0.000000
    endloop
  endfacet
  facet normal 0.000000 0.000000 -1.000000
    outer loop
      vertex 0.711752 -2.656296 4.000000
      vertex 0.485286 -1.811111 4.000000
      vertex 0.717531 -1.732274 4.000000
    endloop
  endfacet
  facet normal 0.000000 0.000000 -1.000000
    outer loop
      vertex 0.711752 -2.656296 4.000000
      vertex 0.717531 -1.732274 4.000000
      vertex 1.052379 -2.540669 4.000000
    endloop
  endfacet
  facet normal 0.321439 -0.946930 0.000000
    outer loop
      vertex 0.711752 -2.656296 0.000000
      vertex 1.052379 -2.540669 0.000000
      vertex 1.052379 -2.540669 4.000000
    endloop
  endfacet
  facet normal 0.321439 -0.946930 0.000000
    outer loop
      vertex 0.711752 -2.656296 0.000000
      vertex 1.052379 -2.540669 4.000000
      vertex 0.711752 -2.656296 4.000000
    endloop
  endfacet
  facet normal -0.321439 0.946930 0.000000
    outer loop
      vertex 0.485286 -1.811111 0.000000
      vertex 0.717531 -1.732274 4.000000
      vertex 0.717531 -1.732274 0.000000
    endloop
  endfacet
  facet normal -0.321439 0.946930 0.000000
    outer loop
      vertex 0.485286 -1.811111 0.000000
      vertex 0.485286 -1.811111 4.000000
      vertex 0.717531 -1.732274 4.000000
    endloop
  endfacet
  facet normal 0.000000 0.000000 1.000000
    outer loop
      vertex 1.052379 -2.540669 0.000000
      vertex 0.937500 -1.623798 0.000000
      vertex 0.717531 -1.732274 0.000000
    endloop
  endfacet
  facet normal 0.000000 -0.000000 1.000000
    outer loop
      vertex 1.052379 -2.540669 0.000000
      vertex 1.375000 -2.381570 0.000000
      vertex 0.937500 -1.623798 0.000000
    endloop
  endfacet
  facet normal 0.000000 0.000000 -1.000000
    outer loop
      vertex 1.052379 -2.540669 4.000000
      vertex 0.717531 -1.732274 4.000000
      vertex 0.937500 -1.623798 4.000000
    endloop
  endfacet
  facet normal 0.000000 0.000000 -1.000000
    outer loop
      vertex 1.052379 -2.540669 4.000000
      vertex 0.937500 -1.623798 4.000000
      vertex 1.375000 -2.381570 4.000000
    endloop
  endfacet
  facet normal 0.442289 -0.896873 0.000000
    outer loop
      vertex 1.052379 -2.540669 0.000000
      vertex 1.375000 -2.381570 0.000000
      vertex 1.375000 -2.381570 4.000000
    endloop
  endfacet
  facet normal 0.442289 -0.896873 0.000000
    outer loop
      vertex 1.052379 -2.540669 0.000000
      vertex 1.375000 -2.381570 4.000000
      vertex 1.052379 -2.540669 4.000000
    endloop
  endfacet
  facet normal -0.442289 0.896873 0.000000
    outer loop
      vertex 0.717531 -1.732274 0.000000
      vertex 0.937500 -1.623798 4.000000
      vertex 0.937500 -1.623798 0.000000
    endloop
  endfacet
  facet normal -0.442289 0.896873 0.000000
    outer loop
      vertex 0.717531 -1.732274 0.000000
      vertex 0.717531 -1.732274 4.000000
      vertex 0.937500 -1.623798 4.000000
    endloop
  endfacet
  facet normal 0.000000 0.000000 1.000000
    outer loop
      vertex 1.375000 -2.381570 0.000000
      vertex 1.141428 -1.487538 0.000000
      vertex 0.937500 -1.623798 0.000000
    endloop
  endfacet
  facet normal 0.000000 -0.000000 1.000000
    outer loop
      vertex 1.375000 -2.381570 0.000000
      vertex 1.674094 -2.181722 0.000000
      vertex 1.141428 -1.487538 0.000000
    endloop
  endfacet
  facet normal 0.000000 0.000000 -1.000000
    outer loop
      vertex 1.375000 -2.381570 4.000000
      vertex 0.937500 -1.623798 4.000000
      vertex 1.141428 -1.487538 4.000000
    endloop
  endfacet
  facet normal 0.000000 0.000000 -1.000000
    outer loop
      vertex 1.375000 -2.381570 4.000000
      vertex 1.141428 -1.487538 4.000000
      vertex 1.674094 -2.181722 4.000000
    endloop
  endfacet
  facet normal 0.555570 -0.831470 0.000000
    outer loop
      vertex 1.375000 -2.381570 0.000000
      vertex 1.674094 -2.181722 0.000000
      vertex 1.674094 -2.181722 4.000000
    endloop
  endfacet
  facet normal 0.555570 -0.831470 0.000000
    outer loop
      vertex 1.375000 -2.381570 0.000000
      vertex 1.674094 -2.181722 4.000000
      vertex 1.375000 -2.381570 4.000000
    endloop
  endfacet
  facet normal -0.555570 0.831470 0.000000
    outer loop
      vertex 0.937500 -1.623798 0.000000
      vertex 1.141428 -1.487538 4.000000
      vertex 1.141428 -1.487538 0.000000
    endloop
  endfacet
  facet normal -0.555570 0.831470 0.000000
    outer loop
      vertex 0.937500 -1.623798 0.000000
      vertex 0.937500 -1.623798 4.000000
      vertex 1.141428 -1.487538 4.000000
    endloop
  endfacet
  facet normal 0.000000 0.000000 1.000000
    outer loop
      vertex 1.674094 -2.181722 0.000000
      vertex 1.325825 -1.325825 0.000000
      vertex 1.141428 -1.487538 0.000000
    endloop
  endfacet
  facet normal 0.000000 -0.000000 1.000000
    outer loop
      vertex 1.674094 -2.181722 0.000000
      vertex 1.944544 -1.944544 0.000000
      vertex 1.325825 -1.325825 0.000000
    endloop
  endfacet
  facet normal 0.000000 0.000000 -1.000000
    outer loop
      vertex 1.674094 -2.181722 4.000000
      vertex 1.141428 -1.487538 4.000000
      vertex 1.325825 -1.325825 4.000000
    endloop
  endfacet
  facet normal 0.000000 0.000000 -1.000000
    outer loop
      vertex 1.674094 -2.181722 4.000000
      vertex 1.325825 -1.325825 4.000000
      vertex 1.944544 -1.944544 4.000000
    endloop
  endfacet
  facet normal 0.659346 -0.751840 0.000000
    outer loop
      vertex 1.674094 -2.181722 0.000000
      vertex 1.944544 -1.944544 0.000000
      vertex 1.944544 -1.944544 4.000000
    endloop
  endfacet
  facet normal 0.659346 -0.751840 0.000000
    outer loop
      vertex 1.674094 -2.181722 0.000000
      vertex 1.944544 -1.944544 4.000000
      vertex 1.674094 -2.181722 4.000000
    endloop
  endfacet
  facet normal -0.659346 0.751840 0.000000
    outer loop
      vertex 1.141428 -1.487538 0.000000
      vertex 1.325825 -1.325825 4.000000
      vertex 1.325825 -1.325825 0.000000
    endloop
  endfacet
  facet normal -0.659346 0.751840 0.000000
    outer loop
      vertex 1.141428 -1.487538 0.000000
      vertex 1.141428 -1.487538 4.000000
      vertex 1.325825 -1.325825 4.000000
    endloop
  endfacet
  facet normal 0.000000 0.000000 1.000000
    outer loop
      vertex 1.944544 -1.944544 0.000000
      vertex 1.487538 -1.141428 0.000000
      vertex 1.325825 -1.325825 0.000000
    endloop
  endfacet
  facet normal 0.000000 -0.000000 1.000000
    outer loop
      vertex 1.944544 -1.944544 0.000000
      vertex 2.181722 -1.674094 0.000000
      vertex 1.487538 -1.141428 0.000000
    endloop
  endfacet
  facet normal 0.000000 0.000000 -1.000000
    outer loop
      vertex 1.944544 -1.944544 4.000000
      vertex 1.325825 -1.325825 4.000000
      vertex 1.487538 -1.141428 4.000000
    endloop
  endfacet
  facet normal 0.000000 0.000000 -1.000000
    outer loop
      vertex 1.944544 -1.944544 4.000000
      vertex 1.487538 -1.141428 4.000000
      vertex 2.181722 -1.674094 4.000000
    endloop
  endfacet
  facet normal 0.751840 -0.659346 0.000000
    outer loop
      vertex 1.944544 -1.944544 0.000000
      vertex 2.181722 -1.674094 0.000000
      vertex 2.181722 -1.674094 4.000000
    endloop
  endfacet
  facet normal 0.751840 -0.659346 0.000000
    outer loop
      vertex 1.944544 -1.944544 0.000000
      vertex 2.181722 -1.674094 4.000000
      vertex 1.944544 -1.944544 4.000000
    endloop
  endfacet
  facet normal -0.751840 0.659346 0.000000
    outer loop
      vertex 1.325825 -1.325825 0.000000
      vertex 1.487538 -1.141428 4.000000
      vertex 1.487538 -1.141428 0.000000
    endloop
  endfacet
  facet normal -0.751840 0.659346 0.000000
    outer loop
      vertex 1.325825 -1.325825 0.000000
      vertex 1.325825 -1.325825 4.000000
      vertex 1.487538 -1.141428 4.000000
    endloop
  endfacet
  facet normal 0.000000 0.000000 1.000000
    outer loop
      vertex 2.181722 -1.674094 0.000000
      vertex 1.623798 -0.937500 0.000000
      vertex 1.487538 -1.141428 0.000000
    endloop
  endfacet
  facet normal 0.000000 -0.000000 1.000000
    outer loop
      vertex 2.181722 -1.674094 0.000000
      vertex 2.381570 -1.375000 0.000000
      vertex 1.623798 -0.937500 0.000000
    endloop
  endfacet
  facet normal 0.000000 0.000000 -1.000000
    outer loop
      vertex 2.181722 -1.674094 4.000000
      vertex 1.487538 -1.141428 4.000000
      vertex 1.623798 -0.937500 4.000000
    endloop
  endfacet
  facet normal 0.000000 0.000000 -1.000000
    outer loop
      vertex 2.181722 -1.674094 4.000000
      vertex 1.623798 -0.937500 4.000000
      vertex 2.381570 -1.375000 4.000000
    endloop
  endfacet
  facet normal 0.831470 -0.555570 0.000000
    outer loop
      vertex 2.181722 -1.674094 0.000000
      vertex 2.381570 -1.375000 0.000000
      vertex 2.381570 -1.375000 4.000000
    endloop
  endfacet
  facet normal 0.831470 -0.555570 0.000000
    outer loop
      vertex 2.181722 -1.674094 0.000000
      vertex 2.381570 -1.375000 4.000000
      vertex 2.181722 -1.674094 4.000000
    endloop
  endfacet
  facet normal -0.831470 0.555570 0.000000
    outer loop
      vertex 1.487538 -1.141428 0.000000
      vertex 1.623798 -0.937500 4.000000
      vertex 1.623798 -0.937500 0.000000
    endloop
  endfacet
  facet normal -0.831470 0.555570 0.000000
    outer loop
      vertex 1.487538 -1.141428 0.000000
      vertex 1.487538 -1.141428 4.000000
      vertex 1.623798 -0.937500 4.000000
    endloop
  endfacet
  facet normal 0.000000 0.000000 1.000000
    outer loop
      vertex 2.381570 -1.375000 0.000000
      vertex 1.732274 -0.717531 0.000000
      vertex 1.623798 -0.937500 0.000000
    endloop
  endfacet
  facet normal 0.000000 -0.000000 1.000000
    outer loop
      vertex 2.381570 -1.375000 0.000000
      vertex 2.540669 -1.052379 0.000000
      vertex 1.732274 -0.717531 0.000000
    endloop
  endfacet
  facet normal 0.000000 0.000000 -1.000000
    outer loop
      vertex 2.381570 -1.375000 4.000000
      vertex 1.623798 -0.937500 4.000000
      vertex 1.732274 -0.717531 4.000000
    endloop
  endfacet
  facet normal 0.000000 0.000000 -1.000000
    outer loop
      vertex 2.381570 -1.375000 4.000000
      vertex 1.732274 -0.717531 4.000000
      vertex 2.540669 -1.052379 4.000000
    endloop
  endfacet
  facet normal 0.896873 -0.442289 0.000000
    outer loop
      vertex 2.381570 -1.375000 0.000000
      vertex 2.540669 -1.052379 0.000000
      vertex 2.540669 -1.052379 4.000000
    endloop
  endfacet
  facet normal 0.896873 -0.442289 0.000000
    outer loop
      vertex 2.381570 -1.375000 0.000000
      vertex 2.540669 -1.052379 4.000000
      vertex 2.381570 -1.375000 4.000000
    endloop
  endfacet
  facet normal -0.896873 0.442289 0.000000
    outer loop
      vertex 1.623798 -0.937500 0.000000
      vertex 1.732274 -0.717531 4.000000
      vertex 1.732274 -0.717531 0.000000
    endloop
  endfacet
  facet normal -0.896873 0.442289 0.000000
    outer loop
      vertex 1.623798 -0.937500 0.000000
      vertex 1.623798 -0.937500 4.000000
      vertex 1.732274 -0.717531 4.000000
    endloop
  endfacet
  facet normal 0.000000 0.000000 1.000000
    outer loop
      vertex 2.540669 -1.052379 0.000000
      vertex 1.811111 -0.485286 0.000000
      vertex 1.732274 -0.717531 0.000000
    endloop
  endfacet
  facet normal 0.000000 -0.000000 1.000000
    outer loop
      vertex 2.540669 -1.052379 0.000000
      vertex 2.656296 -0.711752 0.000000
      vertex 1.811111 -0.485286 0.000000
    endloop
  endfacet
  facet normal 0.000000 0.000000 -1.000000
    outer loop
      vertex 2.540669 -1.052379 4.000000
      vertex 1.732274 -0.717531 4.000000
      vertex 1.811111 -0.485286 4.000000
    endloop
  endfacet
  facet normal 0.000000 0.000000 -1.000000
    outer loop
      vertex 2.540669 -1.052379 4.000000
      vertex 1.811111 -0.485286 4.000000
      vertex 2.656296 -0.711752 4.000000
    endloop
  endfacet
  facet normal 0.946930 -0.321439 0.000000
    outer loop
      vertex 2.540669 -1.052379 0.000000
      vertex 2.656296 -0.711752 0.000000
      vertex 2.656296 -0.711752 4.000000
    endloop
  endfacet
  facet normal 0.946930 -0.321439 0.000000
    outer loop
      vertex 2.540669 -1.052379 0.000000
      vertex 2.656296 -0.711752 4.000000
      vertex 2.540669 -1.052379 4.000000
    endloop
  endfacet
  facet normal -0.946930 0.321439 0.000000
    outer loop
      vertex 1.732274 -0.717531 0.000000
      vertex 1.811111 -0.485286 4.000000
      vertex 1.811111 -0.485286 0.000000
    endloop
  endfacet
  facet normal -0.946930 0.321439 0.000000
    outer loop
      vertex 1.732274 -0.717531 0.000000
      vertex 1.732274 -0.717531 4.000000
      vertex 1.811111 -0.485286 4.000000
    endloop
  endfacet
  facet normal 0.000000 0.000000 1.000000
    outer loop
      vertex 2.656296 -0.711752 0.000000
      vertex 1.858959 -0.244737 0.000000
      vertex 1.811111 -0.485286 0.000000
    endloop
  endfacet
  facet normal 0.000000 -0.000000 1.000000
    outer loop
      vertex 2.656296 -0.711752 0.000000
      vertex 2.726473 -0.358947 0.000000
      vertex 1.858959 -0.244737 0.000000
    endloop
  endfacet
  facet normal 0.000000 0.000000 -1.000000
    outer loop
      vertex 2.656296 -0.711752 4.000000
      vertex 1.811111 -0.485286 4.000000
      vertex 1.858959 -0.244737 4.000000
    endloop
  endfacet
  facet normal 0.000000 0.000000 -1.000000
    outer loop
      vertex 2.656296 -0.711752 4.000000
      vertex 1.858959 -0.244737 4.000000
      vertex 2.726473 -0.358947 4.000000
    endloop
  endfacet
  facet normal 0.980785 -0.195090 0.000000
    outer loop
      vertex 2.656296 -0.711752 0.000000
      vertex 2.726473 -0.358947 0.000000
      vertex 2.726473 -0.358947 4.000000
    endloop
  endfacet
  facet normal 0.980785 -0.195090 0.000000
    outer loop
      vertex 2.656296 -0.711752 0.000000
      vertex 2.726473 -0.358947 4.000000
      vertex 2.656296 -0.711752 4.000000
    endloop
  endfacet
  facet normal -0.980785 0.195090 0.000000
    outer loop
      vertex 1.811111 -0.485286 0.000000
      vertex 1.858959 -0.244737 4.000000
      vertex 1.858959 -0.244737 0.000000
    endloop
  endfacet
  facet normal -0.980785 0.195090 0.000000
    outer loop
      vertex 1.811111 -0.485286 0.000000
      vertex 1.811111 -0.485286 4.000000
      vertex 1.858959 -0.244737 4.000000
    endloop
  endfacet
  facet normal 0.000000 0.000000 1.000000
    outer loop
      vertex 2.726473 -0.358947 0.000000
      vertex 1.875000 -0.000000 0.000000
      vertex 1.858959 -0.244737 0.000000
    endloop
  endfacet
  facet normal 0.000000 -0.000000 1.000000
    outer loop
      vertex 2.726473 -0.358947 0.000000
      vertex 2.750000 -0.000000 0.000000
      vertex 1.875000 -0.000000 0.000000
    endloop
  endfacet
  facet normal 0.000000 0.000000 -1.000000
    outer loop
      vertex 2.726473 -0.358947 4.000000
      vertex 1.858959 -0.244737 4.000000
      vertex 1.875000 -0.000000 4.000000
    endloop
  endfacet
  facet normal 0.000000 0.000000 -1.000000
    outer loop
      vertex 2.726473 -0.358947 4.000000
      vertex 1.875000 -0.000000 4.000000
      vertex 2.750000 -0.000000 4.000000
    endloop
  endfacet
  facet normal 0.997859 -0.065403 0.000000
    outer loop
      vertex 2.726473 -0.358947 0.000000
      vertex 2.750000 -0.000000 0.000000
      vertex 2.750000 -0.000000 4.000000
    endloop
  endfacet
  facet normal 0.997859 -0.065403 0.000000
    outer loop
      vertex 2.726473 -0.358947 0.000000
      vertex 2.750000 -0.000000 4.000000
      vertex 2.726473 -0.358947 4.000000
    endloop
  endfacet
  facet normal -0.997859 0.065403 0.000000
    outer loop
      vertex 1.858959 -0.244737 0.000000
      vertex 1.875000 -0.000000 4.000000
      vertex 1.875000 -0.000000 0.000000
    endloop
  endfacet
  facet normal -0.997859 0.065403 0.000000
    outer loop
      vertex 1.858959 -0.244737 0.000000
      vertex 1.858959 -0.244737 4.000000
      vertex 1.875000 -0.000000 4.000000
    endloop
  endfacet
  facet normal 0.000000 0.000000 1.000000
    outer loop
      vertex -3.125000 10.625000 0.000000
      vertex 3.125000 10.625000 0.000000
      vertex 0.000000 15.375000 0.000000
    endloop
  endfacet
  facet normal 0.000000 0.000000 -1.000000
    outer loop
      vertex -3.125000 10.625000 4.375000
      vertex 0.000000 15.375000 4.375000
      vertex 3.125000 10.625000 4.375000
    endloop
  endfacet
  facet normal 0.835417 -0.549617 0.000000
    outer loop
      vertex -3.125000 10.625000 0.000000
      vertex 0.000000 15.375000 0.000000
      vertex 0.000000 15.375000 4.375000
    endloop
  endfacet
  facet normal 0.835417 -0.549617 0.000000
    outer loop
      vertex -3.125000 10.625000 0.000000
      vertex 0.000000 15.375000 4.375000
      vertex -3.125000 10.625000 4.375000
    endloop
  endfacet
  facet normal -0.835417 -0.549617 0.000000
    outer loop
      vertex 3.125000 10.625000 0.000000
      vertex 3.125000 10.625000 4.375000
      vertex 0.000000 15.375000 4.375000
    endloop
  endfacet
  facet normal -0.835417 -0.549617 0.000000
    outer loop
      vertex 3.125000 10.625000 0.000000
      vertex 0.000000 15.375000 4.375000
      vertex 0.000000 15.375000 0.000000
    endloop
  endfacet
  facet normal 0.000000 1.000000 0.000000
    outer loop
      vertex -3.125000 10.625000 0.000000
      vertex -3.125000 10.625000 4.375000
      vertex 3.125000 10.625000 4.375000
    endloop
  endfacet
  facet normal 0.000000 1.000000 0.000000
    outer loop
      vertex -3.125000 10.625000 0.000000
      vertex 3.125000 10.625000 4.375000
      vertex 3.125000 10.625000 0.000000
    endloop
  endfacet
endsolid pendant_25mm
