solid pendant_38mm
  facet normal 0.000000 0.000000 -1.000000
    outer loop
      vertex 0.000000 0.000000 0.000000
      vertex 18.837452 2.479998 0.000000
      vertex 19.000000 0.000000 0.000000
    endloop
  endfacet
  facet normal 0.000000 0.000000 1.000000
    outer loop
      vertex 0.000000 0.000000 0.500000
      vertex 19.000000 0.000000 0.500000
      vertex 18.837452 2.479998 0.500000
    endloop
  endfacet
  facet normal 0.997859 0.065403 0.000000
    outer loop
      vertex 19.000000 0.000000 0.000000
      vertex 18.837452 2.479998 0.000000
      vertex 18.837452 2.479998 0.500000
    endloop
  endfacet
  facet normal 0.997859 0.065403 -0.000000
    outer loop
      vertex 19.000000 0.000000 0.000000
      vertex 18.837452 2.479998 0.500000
      vertex 19.000000 0.000000 0.500000
    endloop
  endfacet
  facet normal 0.000000 0.000000 -1.000000
    outer loop
      vertex 0.000000 0.000000 0.000000
      vertex 18.352591 4.917562 0.000000
      vertex 18.837452 2.479998 0.000000
    endloop
  endfacet
  facet normal 0.000000 0.000000 1.000000
    outer loop
      vertex 0.000000 0.000000 0.500000
      vertex 18.837452 2.479998 0.500000
      vertex 18.352591 4.917562 0.500000
    endloop
  endfacet
  facet normal 0.980785 0.195090 0.000000
    outer loop
      vertex 18.837452 2.479998 0.000000
      vertex 18.352591 4.917562 0.000000
      vertex 18.352591 4.917562 0.500000
    endloop
  endfacet
  facet normal 0.980785 0.195090 -0.000000
    outer loop
      vertex 18.837452 2.479998 0.000000
      vertex 18.352591 4.917562 0.500000
      vertex 18.837452 2.479998 0.500000
    endloop
  endfacet
  facet normal 0.000000 0.000000 -1.000000
    outer loop
      vertex 0.000000 0.000000 0.000000
      vertex 17.553711 7.270985 0.000000
      vertex 18.352591 4.917562 0.000000
    endloop
  endfacet
  facet normal 0.000000 0.000000 1.000000
    outer loop
      vertex 0.000000 0.000000 0.500000
      vertex 18.352591 4.917562 0.500000
      vertex 17.553711 7.270985 0.500000
    endloop
  endfacet
  facet normal 0.946930 0.321439 0.000000
    outer loop
      vertex 18.352591 4.917562 0.000000
      vertex 17.553711 7.270985 0.000000
      vertex 17.553711 7.270985 0.500000
    endloop
  endfacet
  facet normal 0.946930 0.321439 -0.000000
    outer loop
      vertex 18.352591 4.917562 0.000000
      vertex 17.553711 7.270985 0.500000
      vertex 18.352591 4.917562 0.500000
    endloop
  endfacet
  facet normal 0.000000 0.000000 -1.000000
    outer loop
      vertex 0.000000 0.000000 0.000000
      vertex 16.454483 9.500000 0.000000
      vertex 17.553711 7.270985 0.000000
    endloop
  endfacet
  facet normal 0.000000 0.000000 1.000000
    outer loop
      vertex 0.000000 0.000000 0.500000
      vertex 17.553711 7.270985 0.500000
      vertex 16.454483 9.500000 0.500000
    endloop
  endfacet
  facet normal 0.896873 0.442289 0.000000
    outer loop
      vertex 17.553711 7.270985 0.000000
      vertex 16.454483 9.500000 0.000000
      vertex 16.454483 9.500000 0.500000
    endloop
  endfacet
  facet normal 0.896873 0.442289 -0.000000
    outer loop
      vertex 17.553711 7.270985 0.000000
      vertex 16.454483 9.500000 0.500000
      vertex 17.553711 7.270985 0.500000
    endloop
  endfacet
  facet normal 0.000000 0.000000 -1.000000
    outer loop
      vertex 0.000000 0.000000 0.000000
      vertex 15.073713 11.566467 0.000000
      vertex 16.454483 9.500000 0.000000
    endloop
  endfacet
  facet normal 0.000000 0.000000 1.000000
    outer loop
      vertex 0.000000 0.000000 0.500000
      vertex 16.454483 9.500000 0.500000
      vertex 15.073713 11.566467 0.500000
    endloop
  endfacet
  facet normal 0.831470 0.555570 0.000000
    outer loop
      vertex 16.454483 9.500000 0.000000
      vertex 15.073713 11.566467 0.000000
      vertex 15.073713 11.566467 0.500000
    endloop
  endfacet
  facet normal 0.831470 0.555570 -0.000000
    outer loop
      vertex 16.454483 9.500000 0.000000
      vertex 15.073713 11.566467 0.500000
      vertex 16.454483 9.500000 0.500000
    endloop
  endfacet
  facet normal 0.000000 0.000000 -1.000000
    outer loop
      vertex 0.000000 0.000000 0.000000
      vertex 13.435029 13.435029 0.000000
      vertex 15.073713 11.566467 0.000000
    endloop
  endfacet
  facet normal 0.000000 0.000000 1.000000
    outer loop
      vertex 0.000000 0.000000 0.500000
      vertex 15.073713 11.566467 0.500000
      vertex 13.435029 13.435029 0.500000
    endloop
  endfacet
  facet normal 0.751840 0.659346 0.000000
    outer loop
      vertex 15.073713 11.566467 0.000000
      vertex 13.435029 13.435029 0.000000
      vertex 13.435029 13.435029 0.500000
    endloop
  endfacet
  facet normal 0.751840 0.659346 -0.000000
    outer loop
      vertex 15.073713 11.566467 0.000000
      vertex 13.435029 13.435029 0.500000
      vertex 15.073713 11.566467 0.500000
    endloop
  endfacet
  facet normal 0.000000 0.000000 -1.000000
    outer loop
      vertex 0.000000 0.000000 0.000000
      vertex 11.566467 15.073713 0.000000
      vertex 13.435029 13.435029 0.000000
    endloop
  endfacet
  facet normal 0.000000 0.000000 1.000000
    outer loop
      vertex 0.000000 0.000000 0.500000
      vertex 13.435029 13.435029 0.500000
      vertex 11.566467 15.073713 0.500000
    endloop
  endfacet
  facet normal 0.659346 0.751840 0.000000
    outer loop
      vertex 13.435029 13.435029 0.000000
      vertex 11.566467 15.073713 0.000000
      vertex 11.566467 15.073713 0.500000
    endloop
  endfacet
  facet normal 0.659346 0.751840 -0.000000
    outer loop
      vertex 13.435029 13.435029 0.000000
      vertex 11.566467 15.073713 0.500000
      vertex 13.435029 13.435029 0.500000
    endloop
  endfacet
  facet normal 0.000000 0.000000 -1.000000
    outer loop
      vertex 0.000000 0.000000 0.000000
      vertex 9.500000 16.454483 0.000000
      vertex 11.566467 15.073713 0.000000
    endloop
  endfacet
  facet normal 0.000000 0.000000 1.000000
    outer loop
      vertex 0.000000 0.000000 0.500000
      vertex 11.566467 15.073713 0.500000
      vertex 9.500000 16.454483 0.500000
    endloop
  endfacet
  facet normal 0.555570 0.831470 0.000000
    outer loop
      vertex 11.566467 15.073713 0.000000
      vertex 9.500000 16.454483 0.000000
      vertex 9.500000 16.454483 0.500000
    endloop
  endfacet
  facet normal 0.555570 0.831470 -0.000000
    outer loop
      vertex 11.566467 15.073713 0.000000
      vertex 9.500000 16.454483 0.500000
      vertex 11.566467 15.073713 0.500000
    endloop
  endfacet
  facet normal 0.000000 0.000000 -1.000000
    outer loop
      vertex 0.000000 0.000000 0.000000
      vertex 7.270985 17.553711 0.000000
      vertex 9.500000 16.454483 0.000000
    endloop
  endfacet
  facet normal 0.000000 0.000000 1.000000
    outer loop
      vertex 0.000000 0.000000 0.500000
      vertex 9.500000 16.454483 0.500000
      vertex 7.270985 17.553711 0.500000
    endloop
  endfacet
  facet normal 0.442289 0.896873 0.000000
    outer loop
      vertex 9.500000 16.454483 0.000000
      vertex 7.270985 17.553711 0.000000
      vertex 7.270985 17.553711 0.500000
    endloop
  endfacet
  facet normal 0.442289 0.896873 -0.000000
    outer loop
      vertex 9.500000 16.454483 0.000000
      vertex 7.270985 17.553711 0.500000
      vertex 9.500000 16.454483 0.500000
    endloop
  endfacet
  facet normal 0.000000 0.000000 -1.000000
    outer loop
      vertex 0.000000 0.000000 0.000000
      vertex 4.917562 18.352591 0.000000
      vertex 7.270985 17.553711 0.000000
    endloop
  endfacet
  facet normal 0.000000 0.000000 1.000000
    outer loop
      vertex 0.000000 0.000000 0.500000
      vertex 7.270985 17.553711 0.500000
      vertex 4.917562 18.352591 0.500000
    endloop
  endfacet
  facet normal 0.321439 0.946930 0.000000
    outer loop
      vertex 7.270985 17.553711 0.000000
      vertex 4.917562 18.352591 0.000000
      vertex 4.917562 18.352591 0.500000
    endloop
  endfacet
  facet normal 0.321439 0.946930 -0.000000
    outer loop
      vertex 7.270985 17.553711 0.000000
      vertex 4.917562 18.352591 0.500000
      vertex 7.270985 17.553711 0.500000
    endloop
  endfacet
  facet normal 0.000000 0.000000 -1.000000
    outer loop
      vertex 0.000000 0.000000 0.000000
      vertex 2.479998 18.837452 0.000000
      vertex 4.917562 18.352591 0.000000
    endloop
  endfacet
  facet normal 0.000000 0.000000 1.000000
    outer loop
      vertex 0.000000 0.000000 0.500000
      vertex 4.917562 18.352591 0.500000
      vertex 2.479998 18.837452 0.500000
    endloop
  endfacet
  facet normal 0.195090 0.980785 0.000000
    outer loop
      vertex 4.917562 18.352591 0.000000
      vertex 2.479998 18.837452 0.000000
      vertex 2.479998 18.837452 0.500000
    endloop
  endfacet
  facet normal 0.195090 0.980785 -0.000000
    outer loop
      vertex 4.917562 18.352591 0.000000
      vertex 2.479998 18.837452 0.500000
      vertex 4.917562 18.352591 0.500000
    endloop
  endfacet
  facet normal 0.000000 0.000000 -1.000000
    outer loop
      vertex 0.000000 0.000000 0.000000
      vertex 0.000000 19.000000 0.000000
      vertex 2.479998 18.837452 0.000000
    endloop
  endfacet
  facet normal 0.000000 0.000000 1.000000
    outer loop
      vertex 0.000000 0.000000 0.500000
      vertex 2.479998 18.837452 0.500000
      vertex 0.000000 19.000000 0.500000
    endloop
  endfacet
  facet normal 0.065403 0.997859 0.000000
    outer loop
      vertex 2.479998 18.837452 0.000000
      vertex 0.000000 19.000000 0.000000
      vertex 0.000000 19.000000 0.500000
    endloop
  endfacet
  facet normal 0.065403 0.997859 -0.000000
    outer loop
      vertex 2.479998 18.837452 0.000000
      vertex 0.000000 19.000000 0.500000
      vertex 2.479998 18.837452 0.500000
    endloop
  endfacet
  facet normal 0.000000 0.000000 -1.000000
    outer loop
      vertex 0.000000 0.000000 0.000000
      vertex -2.479998 18.837452 0.000000
      vertex 0.000000 19.000000 0.000000
    endloop
  endfacet
  facet normal 0.000000 -0.000000 1.000000
    outer loop
      vertex 0.000000 0.000000 0.500000
      vertex 0.000000 19.000000 0.500000
      vertex -2.479998 18.837452 0.500000
    endloop
  endfacet
  facet normal -0.065403 0.997859 0.000000
    outer loop
      vertex 0.000000 19.000000 0.000000
      vertex -2.479998 18.837452 0.000000
      vertex -2.479998 18.837452 0.500000
    endloop
  endfacet
  facet normal -0.065403 0.997859 0.000000
    outer loop
      vertex 0.000000 19.000000 0.000000
      vertex -2.479998 18.837452 0.500000
      vertex 0.000000 19.000000 0.500000
    endloop
  endfacet
  facet normal 0.000000 0.000000 -1.000000
    outer loop
      vertex 0.000000 0.000000 0.000000
      vertex -4.917562 18.352591 0.000000
      vertex -2.479998 18.837452 0.000000
    endloop
  endfacet
  facet normal 0.000000 0.000000 1.000000
    outer loop
      vertex 0.000000 0.000000 0.500000
      vertex -2.479998 18.837452 0.500000
      vertex -4.917562 18.352591 0.500000
    endloop
  endfacet
  facet normal -0.195090 0.980785 0.000000
    outer loop
      vertex -2.479998 18.837452 0.000000
      vertex -4.917562 18.352591 0.000000
      vertex -4.917562 18.352591 0.500000
    endloop
  endfacet
  facet normal -0.195090 0.980785 0.000000
    outer loop
      vertex -2.479998 18.837452 0.000000
      vertex -4.917562 18.352591 0.500000
      vertex -2.479998 18.837452 0.500000
    endloop
  endfacet
  facet normal 0.000000 0.000000 -1.000000
    outer loop
      vertex 0.000000 0.000000 0.000000
      vertex -7.270985 17.553711 0.000000
      vertex -4.917562 18.352591 0.000000
    endloop
  endfacet
  facet normal 0.000000 0.000000 1.000000
    outer loop
      vertex 0.000000 0.000000 0.500000
      vertex -4.917562 18.352591 0.500000
      vertex -7.270985 17.553711 0.500000
    endloop
  endfacet
  facet normal -0.321439 0.946930 0.000000
    outer loop
      vertex -4.917562 18.352591 0.000000
      vertex -7.270985 17.553711 0.000000
      vertex -7.270985 17.553711 0.500000
    endloop
  endfacet
  facet normal -0.321439 0.946930 0.000000
    outer loop
      vertex -4.917562 18.352591 0.000000
      vertex -7.270985 17.553711 0.500000
      vertex -4.917562 18.352591 0.500000
    endloop
  endfacet
  facet normal 0.000000 0.000000 -1.000000
    outer loop
      vertex 0.000000 0.000000 0.000000
      vertex -9.500000 16.454483 0.000000
      vertex -7.270985 17.553711 0.000000
    endloop
  endfacet
  facet normal 0.000000 0.000000 1.000000
    outer loop
      vertex 0.000000 0.000000 0.500000
      vertex -7.270985 17.553711 0.500000
      vertex -9.500000 16.454483 0.500000
    endloop
  endfacet
  facet normal -0.442289 0.896873 0.000000
    outer loop
      vertex -7.270985 17.553711 0.000000
      vertex -9.500000 16.454483 0.000000
      vertex -9.500000 16.454483 0.500000
    endloop
  endfacet
  facet normal -0.442289 0.896873 0.000000
    outer loop
      vertex -7.270985 17.553711 0.000000
      vertex -9.500000 16.454483 0.500000
      vertex -7.270985 17.553711 0.500000
    endloop
  endfacet
  facet normal 0.000000 0.000000 -1.000000
    outer loop
      vertex 0.000000 0.000000 0.000000
      vertex -11.566467 15.073713 0.000000
      vertex -9.500000 16.454483 0.000000
    endloop
  endfacet
  facet normal 0.000000 0.000000 1.000000
    outer loop
      vertex 0.000000 0.000000 0.500000
      vertex -9.500000 16.454483 0.500000
      vertex -11.566467 15.073713 0.500000
    endloop
  endfacet
  facet normal -0.555570 0.831470 0.000000
    outer loop
      vertex -9.500000 16.454483 0.000000
      vertex -11.566467 15.073713 0.000000
      vertex -11.566467 15.073713 0.500000
    endloop
  endfacet
  facet normal -0.555570 0.831470 0.000000
    outer loop
      vertex -9.500000 16.454483 0.000000
      vertex -11.566467 15.073713 0.500000
      vertex -9.500000 16.454483 0.500000
    endloop
  endfacet
  facet normal 0.000000 0.000000 -1.000000
    outer loop
      vertex 0.000000 0.000000 0.000000
      vertex -13.435029 13.435029 0.000000
      vertex -11.566467 15.073713 0.000000
    endloop
  endfacet
  facet normal 0.000000 0.000000 1.000000
    outer loop
      vertex 0.000000 0.000000 0.500000
      vertex -11.566467 15.073713 0.500000
      vertex -13.435029 13.435029 0.500000
    endloop
  endfacet
  facet normal -0.659346 0.751840 0.000000
    outer loop
      vertex -11.566467 15.073713 0.000000
      vertex -13.435029 13.435029 0.000000
      vertex -13.435029 13.435029 0.500000
    endloop
  endfacet
  facet normal -0.659346 0.751840 0.000000
    outer loop
      vertex -11.566467 15.073713 0.000000
      vertex -13.435029 13.435029 0.500000
      vertex -11.566467 15.073713 0.500000
    endloop
  endfacet
  facet normal 0.000000 0.000000 -1.000000
    outer loop
      vertex 0.000000 0.000000 0.000000
      vertex -15.073713 11.566467 0.000000
      vertex -13.435029 13.435029 0.000000
    endloop
  endfacet
  facet normal 0.000000 0.000000 1.000000
    outer loop
      vertex 0.000000 0.000000 0.500000
      vertex -13.435029 13.435029 0.500000
      vertex -15.073713 11.566467 0.500000
    endloop
  endfacet
  facet normal -0.751840 0.659346 0.000000
    outer loop
      vertex -13.435029 13.435029 0.000000
      vertex -15.073713 11.566467 0.000000
      vertex -15.073713 11.566467 0.500000
    endloop
  endfacet
  facet normal -0.751840 0.659346 0.000000
    outer loop
      vertex -13.435029 13.435029 0.000000
      vertex -15.073713 11.566467 0.500000
      vertex -13.435029 13.435029 0.500000
    endloop
  endfacet
  facet normal 0.000000 0.000000 -1.000000
    outer loop
      vertex 0.000000 0.000000 0.000000
      vertex -16.454483 9.500000 0.000000
      vertex -15.073713 11.566467 0.000000
    endloop
  endfacet
  facet normal 0.000000 0.000000 1.000000
    outer loop
      vertex 0.000000 0.000000 0.500000
      vertex -15.073713 11.566467 0.500000
      vertex -16.454483 9.500000 0.500000
    endloop
  endfacet
  facet normal -0.831470 0.555570 0.000000
    outer loop
      vertex -15.073713 11.566467 0.000000
      vertex -16.454483 9.500000 0.000000
      vertex -16.454483 9.500000 0.500000
    endloop
  endfacet
  facet normal -0.831470 0.555570 0.000000
    outer loop
      vertex -15.073713 11.566467 0.000000
      vertex -16.454483 9.500000 0.500000
      vertex -15.073713 11.566467 0.500000
    endloop
  endfacet
  facet normal 0.000000 0.000000 -1.000000
    outer loop
      vertex 0.000000 0.000000 0.000000
      vertex -17.553711 7.270985 0.000000
      vertex -16.454483 9.500000 0.000000
    endloop
  endfacet
  facet normal 0.000000 0.000000 1.000000
    outer loop
      vertex 0.000000 0.000000 0.500000
      vertex -16.454483 9.500000 0.500000
      vertex -17.553711 7.270985 0.500000
    endloop
  endfacet
  facet normal -0.896873 0.442289 0.000000
    outer loop
      vertex -16.454483 9.500000 0.000000
      vertex -17.553711 7.270985 0.000000
      vertex -17.553711 7.270985 0.500000
    endloop
  endfacet
  facet normal -0.896873 0.442289 0.000000
    outer loop
      vertex -16.454483 9.500000 0.000000
      vertex -17.553711 7.270985 0.500000
      vertex -16.454483 9.500000 0.500000
    endloop
  endfacet
  facet normal 0.000000 0.000000 -1.000000
    outer loop
      vertex 0.000000 0.000000 0.000000
      vertex -18.352591 4.917562 0.000000
      vertex -17.553711 7.270985 0.000000
    endloop
  endfacet
  facet normal 0.000000 0.000000 1.000000
    outer loop
      vertex 0.000000 0.000000 0.500000
      vertex -17.553711 7.270985 0.500000
      vertex -18.352591 4.917562 0.500000
    endloop
  endfacet
  facet normal -0.946930 0.321439 0.000000
    outer loop
      vertex -17.553711 7.270985 0.000000
      vertex -18.352591 4.917562 0.000000
      vertex -18.352591 4.917562 0.500000
    endloop
  endfacet
  facet normal -0.946930 0.321439 0.000000
    outer loop
      vertex -17.553711 7.270985 0.000000
      vertex -18.352591 4.917562 0.500000
      vertex -17.553711 7.270985 0.500000
    endloop
  endfacet
  facet normal 0.000000 0.000000 -1.000000
    outer loop
      vertex 0.000000 0.000000 0.000000
      vertex -18.837452 2.479998 0.000000
      vertex -18.352591 4.917562 0.000000
    endloop
  endfacet
  facet normal 0.000000 0.000000 1.000000
    outer loop
      vertex 0.000000 0.000000 0.500000
      vertex -18.352591 4.917562 0.500000
      vertex -18.837452 2.479998 0.500000
    endloop
  endfacet
  facet normal -0.980785 0.195090 0.000000
    outer loop
      vertex -18.352591 4.917562 0.000000
      vertex -18.837452 2.479998 0.000000
      vertex -18.837452 2.479998 0.500000
    endloop
  endfacet
  facet normal -0.980785 0.195090 0.000000
    outer loop
      vertex -18.352591 4.917562 0.000000
      vertex -18.837452 2.479998 0.500000
      vertex -18.352591 4.917562 0.500000
    endloop
  endfacet
  facet normal 0.000000 0.000000 -1.000000
    outer loop
      vertex 0.000000 0.000000 0.000000
      vertex -19.000000 0.000000 0.000000
      vertex -18.837452 2.479998 0.000000
    endloop
  endfacet
  facet normal 0.000000 0.000000 1.000000
    outer loop
      vertex 0.000000 0.000000 0.500000
      vertex -18.837452 2.479998 0.500000
      vertex -19.000000 0.000000 0.500000
    endloop
  endfacet
  facet normal -0.997859 0.065403 0.000000
    outer loop
      vertex -18.837452 2.479998 0.000000
      vertex -19.000000 0.000000 0.000000
      vertex -19.000000 0.000000 0.500000
    endloop
  endfacet
  facet normal -0.997859 0.065403 0.000000
    outer loop
      vertex -18.837452 2.479998 0.000000
      vertex -19.000000 0.000000 0.500000
      vertex -18.837452 2.479998 0.500000
    endloop
  endfacet
  facet normal -0.000000 0.000000 -1.000000
    outer loop
      vertex 0.000000 0.000000 0.000000
      vertex -18.837452 -2.479998 0.000000
      vertex -19.000000 0.000000 0.000000
    endloop
  endfacet
  facet normal 0.000000 0.000000 1.000000
    outer loop
      vertex 0.000000 0.000000 0.500000
      vertex -19.000000 0.000000 0.500000
      vertex -18.837452 -2.479998 0.500000
    endloop
  endfacet
  facet normal -0.997859 -0.065403 0.000000
    outer loop
      vertex -19.000000 0.000000 0.000000
      vertex -18.837452 -2.479998 0.000000
      vertex -18.837452 -2.479998 0.500000
    endloop
  endfacet
  facet normal -0.997859 -0.065403 0.000000
    outer loop
      vertex -19.000000 0.000000 0.000000
      vertex -18.837452 -2.479998 0.500000
      vertex -19.000000 0.000000 0.500000
    endloop
  endfacet
  facet normal 0.000000 0.000000 -1.000000
    outer loop
      vertex 0.000000 0.000000 0.000000
      vertex -18.352591 -4.917562 0.000000
      vertex -18.837452 -2.479998 0.000000
    endloop
  endfacet
  facet normal 0.000000 0.000000 1.000000
    outer loop
      vertex 0.000000 0.000000 0.500000
      vertex -18.837452 -2.479998 0.500000
      vertex -18.352591 -4.917562 0.500000
    endloop
  endfacet
  facet normal -0.980785 -0.195090 0.000000
    outer loop
      vertex -18.837452 -2.479998 0.000000
      vertex -18.352591 -4.917562 0.000000
      vertex -18.352591 -4.917562 0.500000
    endloop
  endfacet
  facet normal -0.980785 -0.195090 0.000000
    outer loop
      vertex -18.837452 -2.479998 0.000000
      vertex -18.352591 -4.917562 0.500000
      vertex -18.837452 -2.479998 0.500000
    endloop
  endfacet
  facet normal 0.000000 0.000000 -1.000000
    outer loop
      vertex 0.000000 0.000000 0.000000
      vertex -17.553711 -7.270985 0.000000
      vertex -18.352591 -4.917562 0.000000
    endloop
  endfacet
  facet normal 0.000000 0.000000 1.000000
    outer loop
      vertex 0.000000 0.000000 0.500000
      vertex -18.352591 -4.917562 0.500000
      vertex -17.553711 -7.270985 0.500000
    endloop
  endfacet
  facet normal -0.946930 -0.321439 0.000000
    outer loop
      vertex -18.352591 -4.917562 0.000000
      vertex -17.553711 -7.270985 0.000000
      vertex -17.553711 -7.270985 0.500000
    endloop
  endfacet
  facet normal -0.946930 -0.321439 0.000000
    outer loop
      vertex -18.352591 -4.917562 0.000000
      vertex -17.553711 -7.270985 0.500000
      vertex -18.352591 -4.917562 0.500000
    endloop
  endfacet
  facet normal 0.000000 0.000000 -1.000000
    outer loop
      vertex 0.000000 0.000000 0.000000
      vertex -16.454483 -9.500000 0.000000
      vertex -17.553711 -7.270985 0.000000
    endloop
  endfacet
  facet normal 0.000000 0.000000 1.000000
    outer loop
      vertex 0.000000 0.000000 0.500000
      vertex -17.553711 -7.270985 0.500000
      vertex -16.454483 -9.500000 0.500000
    endloop
  endfacet
  facet normal -0.896873 -0.442289 0.000000
    outer loop
      vertex -17.553711 -7.270985 0.000000
      vertex -16.454483 -9.500000 0.000000
      vertex -16.454483 -9.500000 0.500000
    endloop
  endfacet
  facet normal -0.896873 -0.442289 0.000000
    outer loop
      vertex -17.553711 -7.270985 0.000000
      vertex -16.454483 -9.500000 0.500000
      vertex -17.553711 -7.270985 0.500000
    endloop
  endfacet
  facet normal 0.000000 0.000000 -1.000000
    outer loop
      vertex 0.000000 0.000000 0.000000
      vertex -15.073713 -11.566467 0.000000
      vertex -16.454483 -9.500000 0.000000
    endloop
  endfacet
  facet normal 0.000000 0.000000 1.000000
    outer loop
      vertex 0.000000 0.000000 0.500000
      vertex -16.454483 -9.500000 0.500000
      vertex -15.073713 -11.566467 0.500000
    endloop
  endfacet
  facet normal -0.831470 -0.555570 0.000000
    outer loop
      vertex -16.454483 -9.500000 0.000000
      vertex -15.073713 -11.566467 0.000000
      vertex -15.073713 -11.566467 0.500000
    endloop
  endfacet
  facet normal -0.831470 -0.555570 0.000000
    outer loop
      vertex -16.454483 -9.500000 0.000000
      vertex -15.073713 -11.566467 0.500000
      vertex -16.454483 -9.500000 0.500000
    endloop
  endfacet
  facet normal 0.000000 0.000000 -1.000000
    outer loop
      vertex 0.000000 0.000000 0.000000
      vertex -13.435029 -13.435029 0.000000
      vertex -15.073713 -11.566467 0.000000
    endloop
  endfacet
  facet normal 0.000000 0.000000 1.000000
    outer loop
      vertex 0.000000 0.000000 0.500000
      vertex -15.073713 -11.566467 0.500000
      vertex -13.435029 -13.435029 0.500000
    endloop
  endfacet
  facet normal -0.751840 -0.659346 0.000000
    outer loop
      vertex -15.073713 -11.566467 0.000000
      vertex -13.435029 -13.435029 0.000000
      vertex -13.435029 -13.435029 0.500000
    endloop
  endfacet
  facet normal -0.751840 -0.659346 0.000000
    outer loop
      vertex -15.073713 -11.566467 0.000000
      vertex -13.435029 -13.435029 0.500000
      vertex -15.073713 -11.566467 0.500000
    endloop
  endfacet
  facet normal 0.000000 0.000000 -1.000000
    outer loop
      vertex 0.000000 0.000000 0.000000
      vertex -11.566467 -15.073713 0.000000
      vertex -13.435029 -13.435029 0.000000
    endloop
  endfacet
  facet normal 0.000000 0.000000 1.000000
    outer loop
      vertex 0.000000 0.000000 0.500000
      vertex -13.435029 -13.435029 0.500000
      vertex -11.566467 -15.073713 0.500000
    endloop
  endfacet
  facet normal -0.659346 -0.751840 0.000000
    outer loop
      vertex -13.435029 -13.435029 0.000000
      vertex -11.566467 -15.073713 0.000000
      vertex -11.566467 -15.073713 0.500000
    endloop
  endfacet
  facet normal -0.659346 -0.751840 0.000000
    outer loop
      vertex -13.435029 -13.435029 0.000000
      vertex -11.566467 -15.073713 0.500000
      vertex -13.435029 -13.435029 0.500000
    endloop
  endfacet
  facet normal 0.000000 0.000000 -1.000000
    outer loop
      vertex 0.000000 0.000000 0.000000
      vertex -9.500000 -16.454483 0.000000
      vertex -11.566467 -15.073713 0.000000
    endloop
  endfacet
  facet normal 0.000000 0.000000 1.000000
    outer loop
      vertex 0.000000 0.000000 0.500000
      vertex -11.566467 -15.073713 0.500000
      vertex -9.500000 -16.454483 0.500000
    endloop
  endfacet
  facet normal -0.555570 -0.831470 0.000000
    outer loop
      vertex -11.566467 -15.073713 0.000000
      vertex -9.500000 -16.454483 0.000000
      vertex -9.500000 -16.454483 0.500000
    endloop
  endfacet
  facet normal -0.555570 -0.831470 0.000000
    outer loop
      vertex -11.566467 -15.073713 0.000000
      vertex -9.500000 -16.454483 0.500000
      vertex -11.566467 -15.073713 0.500000
    endloop
  endfacet
  facet normal 0.000000 0.000000 -1.000000
    outer loop
      vertex 0.000000 0.000000 0.000000
      vertex -7.270985 -17.553711 0.000000
      vertex -9.500000 -16.454483 0.000000
    endloop
  endfacet
  facet normal 0.000000 0.000000 1.000000
    outer loop
      vertex 0.000000 0.000000 0.500000
      vertex -9.500000 -16.454483 0.500000
      vertex -7.270985 -17.553711 0.500000
    endloop
  endfacet
  facet normal -0.442289 -0.896873 0.000000
    outer loop
      vertex -9.500000 -16.454483 0.000000
      vertex -7.270985 -17.553711 0.000000
      vertex -7.270985 -17.553711 0.500000
    endloop
  endfacet
  facet normal -0.442289 -0.896873 0.000000
    outer loop
      vertex -9.500000 -16.454483 0.000000
      vertex -7.270985 -17.553711 0.500000
      vertex -9.500000 -16.454483 0.500000
    endloop
  endfacet
  facet normal 0.000000 0.000000 -1.000000
    outer loop
      vertex 0.000000 0.000000 0.000000
      vertex -4.917562 -18.352591 0.000000
      vertex -7.270985 -17.553711 0.000000
    endloop
  endfacet
  facet normal 0.000000 0.000000 1.000000
    outer loop
      vertex 0.000000 0.000000 0.500000
      vertex -7.270985 -17.553711 0.500000
      vertex -4.917562 -18.352591 0.500000
    endloop
  endfacet
  facet normal -0.321439 -0.946930 0.000000
    outer loop
      vertex -7.270985 -17.553711 0.000000
      vertex -4.917562 -18.352591 0.000000
      vertex -4.917562 -18.352591 0.500000
    endloop
  endfacet
  facet normal -0.321439 -0.946930 0.000000
    outer loop
      vertex -7.270985 -17.553711 0.000000
      vertex -4.917562 -18.352591 0.500000
      vertex -7.270985 -17.553711 0.500000
    endloop
  endfacet
  facet normal 0.000000 0.000000 -1.000000
    outer loop
      vertex 0.000000 0.000000 0.000000
      vertex -2.479998 -18.837452 0.000000
      vertex -4.917562 -18.352591 0.000000
    endloop
  endfacet
  facet normal 0.000000 0.000000 1.000000
    outer loop
      vertex 0.000000 0.000000 0.500000
      vertex -4.917562 -18.352591 0.500000
      vertex -2.479998 -18.837452 0.500000
    endloop
  endfacet
  facet normal -0.195090 -0.980785 0.000000
    outer loop
      vertex -4.917562 -18.352591 0.000000
      vertex -2.479998 -18.837452 0.000000
      vertex -2.479998 -18.837452 0.500000
    endloop
  endfacet
  facet normal -0.195090 -0.980785 0.000000
    outer loop
      vertex -4.917562 -18.352591 0.000000
      vertex -2.479998 -18.837452 0.500000
      vertex -4.917562 -18.352591 0.500000
    endloop
  endfacet
  facet normal 0.000000 0.000000 -1.000000
    outer loop
      vertex 0.000000 0.000000 0.000000
      vertex -0.000000 -19.000000 0.000000
      vertex -2.479998 -18.837452 0.000000
    endloop
  endfacet
  facet normal 0.000000 0.000000 1.000000
    outer loop
      vertex 0.000000 0.000000 0.500000
      vertex -2.479998 -18.837452 0.500000
      vertex -0.000000 -19.000000 0.500000
    endloop
  endfacet
  facet normal -0.065403 -0.997859 0.000000
    outer loop
      vertex -2.479998 -18.837452 0.000000
      vertex -0.000000 -19.000000 0.000000
      vertex -0.000000 -19.000000 0.500000
    endloop
  endfacet
  facet normal -0.065403 -0.997859 0.000000
    outer loop
      vertex -2.479998 -18.837452 0.000000
      vertex -0.000000 -19.000000 0.500000
      vertex -2.479998 -18.837452 0.500000
    endloop
  endfacet
  facet normal 0.000000 -0.000000 -1.000000
    outer loop
      vertex 0.000000 0.000000 0.000000
      vertex 2.479998 -18.837452 0.000000
      vertex -0.000000 -19.000000 0.000000
    endloop
  endfacet
  facet normal 0.000000 0.000000 1.000000
    outer loop
      vertex 0.000000 0.000000 0.500000
      vertex -0.000000 -19.000000 0.500000
      vertex 2.479998 -18.837452 0.500000
    endloop
  endfacet
  facet normal 0.065403 -0.997859 0.000000
    outer loop
      vertex -0.000000 -19.000000 0.000000
      vertex 2.479998 -18.837452 0.000000
      vertex 2.479998 -18.837452 0.500000
    endloop
  endfacet
  facet normal 0.065403 -0.997859 0.000000
    outer loop
      vertex -0.000000 -19.000000 0.000000
      vertex 2.479998 -18.837452 0.500000
      vertex -0.000000 -19.000000 0.500000
    endloop
  endfacet
  facet normal 0.000000 0.000000 -1.000000
    outer loop
      vertex 0.000000 0.000000 0.000000
      vertex 4.917562 -18.352591 0.000000
      vertex 2.479998 -18.837452 0.000000
    endloop
  endfacet
  facet normal 0.000000 0.000000 1.000000
    outer loop
      vertex 0.000000 0.000000 0.500000
      vertex 2.479998 -18.837452 0.500000
      vertex 4.917562 -18.352591 0.500000
    endloop
  endfacet
  facet normal 0.195090 -0.980785 0.000000
    outer loop
      vertex 2.479998 -18.837452 0.000000
      vertex 4.917562 -18.352591 0.000000
      vertex 4.917562 -18.352591 0.500000
    endloop
  endfacet
  facet normal 0.195090 -0.980785 0.000000
    outer loop
      vertex 2.479998 -18.837452 0.000000
      vertex 4.917562 -18.352591 0.500000
      vertex 2.479998 -18.837452 0.500000
    endloop
  endfacet
  facet normal 0.000000 0.000000 -1.000000
    outer loop
      vertex 0.000000 0.000000 0.000000
      vertex 7.270985 -17.553711 0.000000
      vertex 4.917562 -18.352591 0.000000
    endloop
  endfacet
  facet normal 0.000000 0.000000 1.000000
    outer loop
      vertex 0.000000 0.000000 0.500000
      vertex 4.917562 -18.352591 0.500000
      vertex 7.270985 -17.553711 0.500000
    endloop
  endfacet
  facet normal 0.321439 -0.946930 0.000000
    outer loop
      vertex 4.917562 -18.352591 0.000000
      vertex 7.270985 -17.553711 0.000000
      vertex 7.270985 -17.553711 0.500000
    endloop
  endfacet
  facet normal 0.321439 -0.946930 0.000000
    outer loop
      vertex 4.917562 -18.352591 0.000000
      vertex 7.270985 -17.553711 0.500000
      vertex 4.917562 -18.352591 0.500000
    endloop
  endfacet
  facet normal 0.000000 0.000000 -1.000000
    outer loop
      vertex 0.000000 0.000000 0.000000
      vertex 9.500000 -16.454483 0.000000
      vertex 7.270985 -17.553711 0.000000
    endloop
  endfacet
  facet normal 0.000000 0.000000 1.000000
    outer loop
      vertex 0.000000 0.000000 0.500000
      vertex 7.270985 -17.553711 0.500000
      vertex 9.500000 -16.454483 0.500000
    endloop
  endfacet
  facet normal 0.442289 -0.896873 0.000000
    outer loop
      vertex 7.270985 -17.553711 0.000000
      vertex 9.500000 -16.454483 0.000000
      vertex 9.500000 -16.454483 0.500000
    endloop
  endfacet
  facet normal 0.442289 -0.896873 0.000000
    outer loop
      vertex 7.270985 -17.553711 0.000000
      vertex 9.500000 -16.454483 0.500000
      vertex 7.270985 -17.553711 0.500000
    endloop
  endfacet
  facet normal 0.000000 0.000000 -1.000000
    outer loop
      vertex 0.000000 0.000000 0.000000
      vertex 11.566467 -15.073713 0.000000
      vertex 9.500000 -16.454483 0.000000
    endloop
  endfacet
  facet normal 0.000000 0.000000 1.000000
    outer loop
      vertex 0.000000 0.000000 0.500000
      vertex 9.500000 -16.454483 0.500000
      vertex 11.566467 -15.073713 0.500000
    endloop
  endfacet
  facet normal 0.555570 -0.831470 0.000000
    outer loop
      vertex 9.500000 -16.454483 0.000000
      vertex 11.566467 -15.073713 0.000000
      vertex 11.566467 -15.073713 0.500000
    endloop
  endfacet
  facet normal 0.555570 -0.831470 0.000000
    outer loop
      vertex 9.500000 -16.454483 0.000000
      vertex 11.566467 -15.073713 0.500000
      vertex 9.500000 -16.454483 0.500000
    endloop
  endfacet
  facet normal 0.000000 0.000000 -1.000000
    outer loop
      vertex 0.000000 0.000000 0.000000
      vertex 13.435029 -13.435029 0.000000
      vertex 11.566467 -15.073713 0.000000
    endloop
  endfacet
  facet normal 0.000000 0.000000 1.000000
    outer loop
      vertex 0.000000 0.000000 0.500000
      vertex 11.566467 -15.073713 0.500000
      vertex 13.435029 -13.435029 0.500000
    endloop
  endfacet
  facet normal 0.659346 -0.751840 0.000000
    outer loop
      vertex 11.566467 -15.073713 0.000000
      vertex 13.435029 -13.435029 0.000000
      vertex 13.435029 -13.435029 0.500000
    endloop
  endfacet
  facet normal 0.659346 -0.751840 0.000000
    outer loop
      vertex 11.566467 -15.073713 0.000000
      vertex 13.435029 -13.435029 0.500000
      vertex 11.566467 -15.073713 0.500000
    endloop
  endfacet
  facet normal 0.000000 0.000000 -1.000000
    outer loop
      vertex 0.000000 0.000000 0.000000
      vertex 15.073713 -11.566467 0.000000
      vertex 13.435029 -13.435029 0.000000
    endloop
  endfacet
  facet normal 0.000000 0.000000 1.000000
    outer loop
      vertex 0.000000 0.000000 0.500000
      vertex 13.435029 -13.435029 0.500000
      vertex 15.073713 -11.566467 0.500000
    endloop
  endfacet
  facet normal 0.751840 -0.659346 0.000000
    outer loop
      vertex 13.435029 -13.435029 0.000000
      vertex 15.073713 -11.566467 0.000000
      vertex 15.073713 -11.566467 0.500000
    endloop
  endfacet
  facet normal 0.751840 -0.659346 0.000000
    outer loop
      vertex 13.435029 -13.435029 0.000000
      vertex 15.073713 -11.566467 0.500000
      vertex 13.435029 -13.435029 0.500000
    endloop
  endfacet
  facet normal 0.000000 0.000000 -1.000000
    outer loop
      vertex 0.000000 0.000000 0.000000
      vertex 16.454483 -9.500000 0.000000
      vertex 15.073713 -11.566467 0.000000
    endloop
  endfacet
  facet normal 0.000000 0.000000 1.000000
    outer loop
      vertex 0.000000 0.000000 0.500000
      vertex 15.073713 -11.566467 0.500000
      vertex 16.454483 -9.500000 0.500000
    endloop
  endfacet
  facet normal 0.831470 -0.555570 0.000000
    outer loop
      vertex 15.073713 -11.566467 0.000000
      vertex 16.454483 -9.500000 0.000000
      vertex 16.454483 -9.500000 0.500000
    endloop
  endfacet
  facet normal 0.831470 -0.555570 0.000000
    outer loop
      vertex 15.073713 -11.566467 0.000000
      vertex 16.454483 -9.500000 0.500000
      vertex 15.073713 -11.566467 0.500000
    endloop
  endfacet
  facet normal 0.000000 0.000000 -1.000000
    outer loop
      vertex 0.000000 0.000000 0.000000
      vertex 17.553711 -7.270985 0.000000
      vertex 16.454483 -9.500000 0.000000
    endloop
  endfacet
  facet normal 0.000000 0.000000 1.000000
    outer loop
      vertex 0.000000 0.000000 0.500000
      vertex 16.454483 -9.500000 0.500000
      vertex 17.553711 -7.270985 0.500000
    endloop
  endfacet
  facet normal 0.896873 -0.442289 0.000000
    outer loop
      vertex 16.454483 -9.500000 0.000000
      vertex 17.553711 -7.270985 0.000000
      vertex 17.553711 -7.270985 0.500000
    endloop
  endfacet
  facet normal 0.896873 -0.442289 0.000000
    outer loop
      vertex 16.454483 -9.500000 0.000000
      vertex 17.553711 -7.270985 0.500000
      vertex 16.454483 -9.500000 0.500000
    endloop
  endfacet
  facet normal 0.000000 0.000000 -1.000000
    outer loop
      vertex 0.000000 0.000000 0.000000
      vertex 18.352591 -4.917562 0.000000
      vertex 17.553711 -7.270985 0.000000
    endloop
  endfacet
  facet normal 0.000000 0.000000 1.000000
    outer loop
      vertex 0.000000 0.000000 0.500000
      vertex 17.553711 -7.270985 0.500000
      vertex 18.352591 -4.917562 0.500000
    endloop
  endfacet
  facet normal 0.946930 -0.321439 0.000000
    outer loop
      vertex 17.553711 -7.270985 0.000000
      vertex 18.352591 -4.917562 0.000000
      vertex 18.352591 -4.917562 0.500000
    endloop
  endfacet
  facet normal 0.946930 -0.321439 0.000000
    outer loop
      vertex 17.553711 -7.270985 0.000000
      vertex 18.352591 -4.917562 0.500000
      vertex 17.553711 -7.270985 0.500000
    endloop
  endfacet
  facet normal 0.000000 0.000000 -1.000000
    outer loop
      vertex 0.000000 0.000000 0.000000
      vertex 18.837452 -2.479998 0.000000
      vertex 18.352591 -4.917562 0.000000
    endloop
  endfacet
  facet normal 0.000000 0.000000 1.000000
    outer loop
      vertex 0.000000 0.000000 0.500000
      vertex 18.352591 -4.917562 0.500000
      vertex 18.837452 -2.479998 0.500000
    endloop
  endfacet
  facet normal 0.980785 -0.195090 0.000000
    outer loop
      vertex 18.352591 -4.917562 0.000000
      vertex 18.837452 -2.479998 0.000000
      vertex 18.837452 -2.479998 0.500000
    endloop
  endfacet
  facet normal 0.980785 -0.195090 0.000000
    outer loop
      vertex 18.352591 -4.917562 0.000000
      vertex 18.837452 -2.479998 0.500000
      vertex 18.352591 -4.917562 0.500000
    endloop
  endfacet
  facet normal 0.000000 0.000000 -1.000000
    outer loop
      vertex 0.000000 0.000000 0.000000
      vertex 19.000000 -0.000000 0.000000
      vertex 18.837452 -2.479998 0.000000
    endloop
  endfacet
  facet normal 0.000000 0.000000 1.000000
    outer loop
      vertex 0.000000 0.000000 0.500000
      vertex 18.837452 -2.479998 0.500000
      vertex 19.000000 -0.000000 0.500000
    endloop
  endfacet
  facet normal 0.997859 -0.065403 0.000000
    outer loop
      vertex 18.837452 -2.479998 0.000000
      vertex 19.000000 -0.000000 0.000000
      vertex 19.000000 -0.000000 0.500000
    endloop
  endfacet
  facet normal 0.997859 -0.065403 0.000000
    outer loop
      vertex 18.837452 -2.479998 0.000000
      vertex 19.000000 -0.000000 0.500000
      vertex 18.837452 -2.479998 0.500000
    endloop
  endfacet
  facet normal 0.000000 0.000000 1.000000
    outer loop
      vertex 19.000000 0.000000 0.000000
      vertex 18.044296 2.375577 0.000000
      vertex 18.200000 0.000000 0.000000
    endloop
  endfacet
  facet normal 0.000000 0.000000 1.000000
    outer loop
      vertex 19.000000 0.000000 0.000000
      vertex 18.837452 2.479998 0.000000
      vertex 18.044296 2.375577 0.000000
    endloop
  endfacet
  facet normal 0.000000 0.000000 -1.000000
    outer loop
      vertex 19.000000 0.000000 1.000000
      vertex 18.200000 0.000000 1.000000
      vertex 18.044296 2.375577 1.000000
    endloop
  endfacet
  facet normal 0.000000 0.000000 -1.000000
    outer loop
      vertex 19.000000 0.000000 1.000000
      vertex 18.044296 2.375577 1.000000
      vertex 18.837452 2.479998 1.000000
    endloop
  endfacet
  facet normal 0.997859 0.065403 0.000000
    outer loop
      vertex 19.000000 0.000000 0.000000
      vertex 18.837452 2.479998 0.000000
      vertex 18.837452 2.479998 1.000000
    endloop
  endfacet
  facet normal 0.997859 0.065403 -0.000000
    outer loop
      vertex 19.000000 0.000000 0.000000
      vertex 18.837452 2.479998 1.000000
      vertex 19.000000 0.000000 1.000000
    endloop
  endfacet
  facet normal -0.997859 -0.065403 0.000000
    outer loop
      vertex 18.200000 0.000000 0.000000
      vertex 18.044296 2.375577 1.000000
      vertex 18.044296 2.375577 0.000000
    endloop
  endfacet
  facet normal -0.997859 -0.065403 0.000000
    outer loop
      vertex 18.200000 0.000000 0.000000
      vertex 18.200000 0.000000 1.000000
      vertex 18.044296 2.375577 1.000000
    endloop
  endfacet
  facet normal 0.000000 0.000000 1.000000
    outer loop
      vertex 18.837452 2.479998 0.000000
      vertex 17.579850 4.710507 0.000000
      vertex 18.044296 2.375577 0.000000
    endloop
  endfacet
  facet normal 0.000000 0.000000 1.000000
    outer loop
      vertex 18.837452 2.479998 0.000000
      vertex 18.352591 4.917562 0.000000
      vertex 17.579850 4.710507 0.000000
    endloop
  endfacet
  facet normal -0.000000 0.000000 -1.000000
    outer loop
      vertex 18.837452 2.479998 1.000000
      vertex 18.044296 2.375577 1.000000
      vertex 17.579850 4.710507 1.000000
    endloop
  endfacet
  facet normal 0.000000 0.000000 -1.000000
    outer loop
      vertex 18.837452 2.479998 1.000000
      vertex 17.579850 4.710507 1.000000
      vertex 18.352591 4.917562 1.000000
    endloop
  endfacet
  facet normal 0.980785 0.195090 0.000000
    outer loop
      vertex 18.837452 2.479998 0.000000
      vertex 18.352591 4.917562 0.000000
      vertex 18.352591 4.917562 1.000000
    endloop
  endfacet
  facet normal 0.980785 0.195090 -0.000000
    outer loop
      vertex 18.837452 2.479998 0.000000
      vertex 18.352591 4.917562 1.000000
      vertex 18.837452 2.479998 1.000000
    endloop
  endfacet
  facet normal -0.980785 -0.195090 0.000000
    outer loop
      vertex 18.044296 2.375577 0.000000
      vertex 17.579850 4.710507 1.000000
      vertex 17.579850 4.710507 0.000000
    endloop
  endfacet
  facet normal -0.980785 -0.195090 0.000000
    outer loop
      vertex 18.044296 2.375577 0.000000
      vertex 18.044296 2.375577 1.000000
      vertex 17.579850 4.710507 1.000000
    endloop
  endfacet
  facet normal 0.000000 0.000000 1.000000
    outer loop
      vertex 18.352591 4.917562 0.000000
      vertex 16.814607 6.964838 0.000000
      vertex 17.579850 4.710507 0.000000
    endloop
  endfacet
  facet normal 0.000000 0.000000 1.000000
    outer loop
      vertex 18.352591 4.917562 0.000000
      vertex 17.553711 7.270985 0.000000
      vertex 16.814607 6.964838 0.000000
    endloop
  endfacet
  facet normal -0.000000 0.000000 -1.000000
    outer loop
      vertex 18.352591 4.917562 1.000000
      vertex 17.579850 4.710507 1.000000
      vertex 16.814607 6.964838 1.000000
    endloop
  endfacet
  facet normal 0.000000 0.000000 -1.000000
    outer loop
      vertex 18.352591 4.917562 1.000000
      vertex 16.814607 6.964838 1.000000
      vertex 17.553711 7.270985 1.000000
    endloop
  endfacet
  facet normal 0.946930 0.321439 0.000000
    outer loop
      vertex 18.352591 4.917562 0.000000
      vertex 17.553711 7.270985 0.000000
      vertex 17.553711 7.270985 1.000000
    endloop
  endfacet
  facet normal 0.946930 0.321439 -0.000000
    outer loop
      vertex 18.352591 4.917562 0.000000
      vertex 17.553711 7.270985 1.000000
      vertex 18.352591 4.917562 1.000000
    endloop
  endfacet
  facet normal -0.946930 -0.321439 0.000000
    outer loop
      vertex 17.579850 4.710507 0.000000
      vertex 16.814607 6.964838 1.000000
      vertex 16.814607 6.964838 0.000000
    endloop
  endfacet
  facet normal -0.946930 -0.321439 0.000000
    outer loop
      vertex 17.579850 4.710507 0.000000
      vertex 17.579850 4.710507 1.000000
      vertex 16.814607 6.964838 1.000000
    endloop
  endfacet
  facet normal 0.000000 0.000000 1.000000
    outer loop
      vertex 17.553711 7.270985 0.000000
      vertex 15.761662 9.100000 0.000000
      vertex 16.814607 6.964838 0.000000
    endloop
  endfacet
  facet normal 0.000000 0.000000 1.000000
    outer loop
      vertex 17.553711 7.270985 0.000000
      vertex 16.454483 9.500000 0.000000
      vertex 15.761662 9.100000 0.000000
    endloop
  endfacet
  facet normal -0.000000 0.000000 -1.000000
    outer loop
      vertex 17.553711 7.270985 1.000000
      vertex 16.814607 6.964838 1.000000
      vertex 15.761662 9.100000 1.000000
    endloop
  endfacet
  facet normal 0.000000 0.000000 -1.000000
    outer loop
      vertex 17.553711 7.270985 1.000000
      vertex 15.761662 9.100000 1.000000
      vertex 16.454483 9.500000 1.000000
    endloop
  endfacet
  facet normal 0.896873 0.442289 0.000000
    outer loop
      vertex 17.553711 7.270985 0.000000
      vertex 16.454483 9.500000 0.000000
      vertex 16.454483 9.500000 1.000000
    endloop
  endfacet
  facet normal 0.896873 0.442289 -0.000000
    outer loop
      vertex 17.553711 7.270985 0.000000
      vertex 16.454483 9.500000 1.000000
      vertex 17.553711 7.270985 1.000000
    endloop
  endfacet
  facet normal -0.896873 -0.442289 0.000000
    outer loop
      vertex 16.814607 6.964838 0.000000
      vertex 15.761662 9.100000 1.000000
      vertex 15.761662 9.100000 0.000000
    endloop
  endfacet
  facet normal -0.896873 -0.442289 0.000000
    outer loop
      vertex 16.814607 6.964838 0.000000
      vertex 16.814607 6.964838 1.000000
      vertex 15.761662 9.100000 1.000000
    endloop
  endfacet
  facet normal 0.000000 0.000000 1.000000
    outer loop
      vertex 16.454483 9.500000 0.000000
      vertex 14.439031 11.079458 0.000000
      vertex 15.761662 9.100000 0.000000
    endloop
  endfacet
  facet normal 0.000000 0.000000 1.000000
    outer loop
      vertex 16.454483 9.500000 0.000000
      vertex 15.073713 11.566467 0.000000
      vertex 14.439031 11.079458 0.000000
    endloop
  endfacet
  facet normal -0.000000 0.000000 -1.000000
    outer loop
      vertex 16.454483 9.500000 1.000000
      vertex 15.761662 9.100000 1.000000
      vertex 14.439031 11.079458 1.000000
    endloop
  endfacet
  facet normal 0.000000 0.000000 -1.000000
    outer loop
      vertex 16.454483 9.500000 1.000000
      vertex 14.439031 11.079458 1.000000
      vertex 15.073713 11.566467 1.000000
    endloop
  endfacet
  facet normal 0.831470 0.555570 0.000000
    outer loop
      vertex 16.454483 9.500000 0.000000
      vertex 15.073713 11.566467 0.000000
      vertex 15.073713 11.566467 1.000000
    endloop
  endfacet
  facet normal 0.831470 0.555570 -0.000000
    outer loop
      vertex 16.454483 9.500000 0.000000
      vertex 15.073713 11.566467 1.000000
      vertex 16.454483 9.500000 1.000000
    endloop
  endfacet
  facet normal -0.831470 -0.555570 0.000000
    outer loop
      vertex 15.761662 9.100000 0.000000
      vertex 14.439031 11.079458 1.000000
      vertex 14.439031 11.079458 0.000000
    endloop
  endfacet
  facet normal -0.831470 -0.555570 0.000000
    outer loop
      vertex 15.761662 9.100000 0.000000
      vertex 15.761662 9.100000 1.000000
      vertex 14.439031 11.079458 1.000000
    endloop
  endfacet
  facet normal 0.000000 0.000000 1.000000
    outer loop
      vertex 15.073713 11.566467 0.000000
      vertex 12.869343 12.869343 0.000000
      vertex 14.439031 11.079458 0.000000
    endloop
  endfacet
  facet normal 0.000000 0.000000 1.000000
    outer loop
      vertex 15.073713 11.566467 0.000000
      vertex 13.435029 13.435029 0.000000
      vertex 12.869343 12.869343 0.000000
    endloop
  endfacet
  facet normal -0.000000 0.000000 -1.000000
    outer loop
      vertex 15.073713 11.566467 1.000000
      vertex 14.439031 11.079458 1.000000
      vertex 12.869343 12.869343 1.000000
    endloop
  endfacet
  facet normal 0.000000 0.000000 -1.000000
    outer loop
      vertex 15.073713 11.566467 1.000000
      vertex 12.869343 12.869343 1.000000
      vertex 13.435029 13.435029 1.000000
    endloop
  endfacet
  facet normal 0.751840 0.659346 0.000000
    outer loop
      vertex 15.073713 11.566467 0.000000
      vertex 13.435029 13.435029 0.000000
      vertex 13.435029 13.435029 1.000000
    endloop
  endfacet
  facet normal 0.751840 0.659346 -0.000000
    outer loop
      vertex 15.073713 11.566467 0.000000
      vertex 13.435029 13.435029 1.000000
      vertex 15.073713 11.566467 1.000000
    endloop
  endfacet
  facet normal -0.751840 -0.659346 0.000000
    outer loop
      vertex 14.439031 11.079458 0.000000
      vertex 12.869343 12.869343 1.000000
      vertex 12.869343 12.869343 0.000000
    endloop
  endfacet
  facet normal -0.751840 -0.659346 0.000000
    outer loop
      vertex 14.439031 11.079458 0.000000
      vertex 14.439031 11.079458 1.000000
      vertex 12.869343 12.869343 1.000000
    endloop
  endfacet
  facet normal 0.000000 0.000000 1.000000
    outer loop
      vertex 13.435029 13.435029 0.000000
      vertex 11.079458 14.439031 0.000000
      vertex 12.869343 12.869343 0.000000
    endloop
  endfacet
  facet normal 0.000000 0.000000 1.000000
    outer loop
      vertex 13.435029 13.435029 0.000000
      vertex 11.566467 15.073713 0.000000
      vertex 11.079458 14.439031 0.000000
    endloop
  endfacet
  facet normal -0.000000 0.000000 -1.000000
    outer loop
      vertex 13.435029 13.435029 1.000000
      vertex 12.869343 12.869343 1.000000
      vertex 11.079458 14.439031 1.000000
    endloop
  endfacet
  facet normal 0.000000 0.000000 -1.000000
    outer loop
      vertex 13.435029 13.435029 1.000000
      vertex 11.079458 14.439031 1.000000
      vertex 11.566467 15.073713 1.000000
    endloop
  endfacet
  facet normal 0.659346 0.751840 0.000000
    outer loop
      vertex 13.435029 13.435029 0.000000
      vertex 11.566467 15.073713 0.000000
      vertex 11.566467 15.073713 1.000000
    endloop
  endfacet
  facet normal 0.659346 0.751840 -0.000000
    outer loop
      vertex 13.435029 13.435029 0.000000
      vertex 11.566467 15.073713 1.000000
      vertex 13.435029 13.435029 1.000000
    endloop
  endfacet
  facet normal -0.659346 -0.751840 0.000000
    outer loop
      vertex 12.869343 12.869343 0.000000
      vertex 11.079458 14.439031 1.000000
      vertex 11.079458 14.439031 0.000000
    endloop
  endfacet
  facet normal -0.659346 -0.751840 0.000000
    outer loop
      vertex 12.869343 12.869343 0.000000
      vertex 12.869343 12.869343 1.000000
      vertex 11.079458 14.439031 1.000000
    endloop
  endfacet
  facet normal 0.000000 0.000000 1.000000
    outer loop
      vertex 11.566467 15.073713 0.000000
      vertex 9.100000 15.761662 0.000000
      vertex 11.079458 14.439031 0.000000
    endloop
  endfacet
  facet normal 0.000000 0.000000 1.000000
    outer loop
      vertex 11.566467 15.073713 0.000000
      vertex 9.500000 16.454483 0.000000
      vertex 9.100000 15.761662 0.000000
    endloop
  endfacet
  facet normal -0.000000 0.000000 -1.000000
    outer loop
      vertex 11.566467 15.073713 1.000000
      vertex 11.079458 14.439031 1.000000
      vertex 9.100000 15.761662 1.000000
    endloop
  endfacet
  facet normal 0.000000 0.000000 -1.000000
    outer loop
      vertex 11.566467 15.073713 1.000000
      vertex 9.100000 15.761662 1.000000
      vertex 9.500000 16.454483 1.000000
    endloop
  endfacet
  facet normal 0.555570 0.831470 0.000000
    outer loop
      vertex 11.566467 15.073713 0.000000
      vertex 9.500000 16.454483 0.000000
      vertex 9.500000 16.454483 1.000000
    endloop
  endfacet
  facet normal 0.555570 0.831470 -0.000000
    outer loop
      vertex 11.566467 15.073713 0.000000
      vertex 9.500000 16.454483 1.000000
      vertex 11.566467 15.073713 1.000000
    endloop
  endfacet
  facet normal -0.555570 -0.831470 0.000000
    outer loop
      vertex 11.079458 14.439031 0.000000
      vertex 9.100000 15.761662 1.000000
      vertex 9.100000 15.761662 0.000000
    endloop
  endfacet
  facet normal -0.555570 -0.831470 0.000000
    outer loop
      vertex 11.079458 14.439031 0.000000
      vertex 11.079458 14.439031 1.000000
      vertex 9.100000 15.761662 1.000000
    endloop
  endfacet
  facet normal 0.000000 0.000000 1.000000
    outer loop
      vertex 9.500000 16.454483 0.000000
      vertex 6.964838 16.814607 0.000000
      vertex 9.100000 15.761662 0.000000
    endloop
  endfacet
  facet normal 0.000000 0.000000 1.000000
    outer loop
      vertex 9.500000 16.454483 0.000000
      vertex 7.270985 17.553711 0.000000
      vertex 6.964838 16.814607 0.000000
    endloop
  endfacet
  facet normal -0.000000 0.000000 -1.000000
    outer loop
      vertex 9.500000 16.454483 1.000000
      vertex 9.100000 15.761662 1.000000
      vertex 6.964838 16.814607 1.000000
    endloop
  endfacet
  facet normal 0.000000 0.000000 -1.000000
    outer loop
      vertex 9.500000 16.454483 1.000000
      vertex 6.964838 16.814607 1.000000
      vertex 7.270985 17.553711 1.000000
    endloop
  endfacet
  facet normal 0.442289 0.896873 0.000000
    outer loop
      vertex 9.500000 16.454483 0.000000
      vertex 7.270985 17.553711 0.000000
      vertex 7.270985 17.553711 1.000000
    endloop
  endfacet
  facet normal 0.442289 0.896873 -0.000000
    outer loop
      vertex 9.500000 16.454483 0.000000
      vertex 7.270985 17.553711 1.000000
      vertex 9.500000 16.454483 1.000000
    endloop
  endfacet
  facet normal -0.442289 -0.896873 0.000000
    outer loop
      vertex 9.100000 15.761662 0.000000
      vertex 6.964838 16.814607 1.000000
      vertex 6.964838 16.814607 0.000000
    endloop
  endfacet
  facet normal -0.442289 -0.896873 0.000000
    outer loop
      vertex 9.100000 15.761662 0.000000
      vertex 9.100000 15.761662 1.000000
      vertex 6.964838 16.814607 1.000000
    endloop
  endfacet
  facet normal 0.000000 0.000000 1.000000
    outer loop
      vertex 7.270985 17.553711 0.000000
      vertex 4.710507 17.579850 0.000000
      vertex 6.964838 16.814607 0.000000
    endloop
  endfacet
  facet normal 0.000000 0.000000 1.000000
    outer loop
      vertex 7.270985 17.553711 0.000000
      vertex 4.917562 18.352591 0.000000
      vertex 4.710507 17.579850 0.000000
    endloop
  endfacet
  facet normal -0.000000 0.000000 -1.000000
    outer loop
      vertex 7.270985 17.553711 1.000000
      vertex 6.964838 16.814607 1.000000
      vertex 4.710507 17.579850 1.000000
    endloop
  endfacet
  facet normal 0.000000 0.000000 -1.000000
    outer loop
      vertex 7.270985 17.553711 1.000000
      vertex 4.710507 17.579850 1.000000
      vertex 4.917562 18.352591 1.000000
    endloop
  endfacet
  facet normal 0.321439 0.946930 0.000000
    outer loop
      vertex 7.270985 17.553711 0.000000
      vertex 4.917562 18.352591 0.000000
      vertex 4.917562 18.352591 1.000000
    endloop
  endfacet
  facet normal 0.321439 0.946930 -0.000000
    outer loop
      vertex 7.270985 17.553711 0.000000
      vertex 4.917562 18.352591 1.000000
      vertex 7.270985 17.553711 1.000000
    endloop
  endfacet
  facet normal -0.321439 -0.946930 0.000000
    outer loop
      vertex 6.964838 16.814607 0.000000
      vertex 4.710507 17.579850 1.000000
      vertex 4.710507 17.579850 0.000000
    endloop
  endfacet
  facet normal -0.321439 -0.946930 0.000000
    outer loop
      vertex 6.964838 16.814607 0.000000
      vertex 6.964838 16.814607 1.000000
      vertex 4.710507 17.579850 1.000000
    endloop
  endfacet
  facet normal 0.000000 0.000000 1.000000
    outer loop
      vertex 4.917562 18.352591 0.000000
      vertex 2.375577 18.044296 0.000000
      vertex 4.710507 17.579850 0.000000
    endloop
  endfacet
  facet normal 0.000000 0.000000 1.000000
    outer loop
      vertex 4.917562 18.352591 0.000000
      vertex 2.479998 18.837452 0.000000
      vertex 2.375577 18.044296 0.000000
    endloop
  endfacet
  facet normal 0.000000 0.000000 -1.000000
    outer loop
      vertex 4.917562 18.352591 1.000000
      vertex 4.710507 17.579850 1.000000
      vertex 2.375577 18.044296 1.000000
    endloop
  endfacet
  facet normal -0.000000 0.000000 -1.000000
    outer loop
      vertex 4.917562 18.352591 1.000000
      vertex 2.375577 18.044296 1.000000
      vertex 2.479998 18.837452 1.000000
    endloop
  endfacet
  facet normal 0.195090 0.980785 0.000000
    outer loop
      vertex 4.917562 18.352591 0.000000
      vertex 2.479998 18.837452 0.000000
      vertex 2.479998 18.837452 1.000000
    endloop
  endfacet
  facet normal 0.195090 0.980785 -0.000000
    outer loop
      vertex 4.917562 18.352591 0.000000
      vertex 2.479998 18.837452 1.000000
      vertex 4.917562 18.352591 1.000000
    endloop
  endfacet
  facet normal -0.195090 -0.980785 0.000000
    outer loop
      vertex 4.710507 17.579850 0.000000
      vertex 2.375577 18.044296 1.000000
      vertex 2.375577 18.044296 0.000000
    endloop
  endfacet
  facet normal -0.195090 -0.980785 0.000000
    outer loop
      vertex 4.710507 17.579850 0.000000
      vertex 4.710507 17.579850 1.000000
      vertex 2.375577 18.044296 1.000000
    endloop
  endfacet
  facet normal 0.000000 0.000000 1.000000
    outer loop
      vertex 2.479998 18.837452 0.000000
      vertex 0.000000 18.200000 0.000000
      vertex 2.375577 18.044296 0.000000
    endloop
  endfacet
  facet normal 0.000000 0.000000 1.000000
    outer loop
      vertex 2.479998 18.837452 0.000000
      vertex 0.000000 19.000000 0.000000
      vertex 0.000000 18.200000 0.000000
    endloop
  endfacet
  facet normal 0.000000 0.000000 -1.000000
    outer loop
      vertex 2.479998 18.837452 1.000000
      vertex 2.375577 18.044296 1.000000
      vertex 0.000000 18.200000 1.000000
    endloop
  endfacet
  facet normal -0.000000 0.000000 -1.000000
    outer loop
      vertex 2.479998 18.837452 1.000000
      vertex 0.000000 18.200000 1.000000
      vertex 0.000000 19.000000 1.000000
    endloop
  endfacet
  facet normal 0.065403 0.997859 0.000000
    outer loop
      vertex 2.479998 18.837452 0.000000
      vertex 0.000000 19.000000 0.000000
      vertex 0.000000 19.000000 1.000000
    endloop
  endfacet
  facet normal 0.065403 0.997859 -0.000000
    outer loop
      vertex 2.479998 18.837452 0.000000
      vertex 0.000000 19.000000 1.000000
      vertex 2.479998 18.837452 1.000000
    endloop
  endfacet
  facet normal -0.065403 -0.997859 0.000000
    outer loop
      vertex 2.375577 18.044296 0.000000
      vertex 0.000000 18.200000 1.000000
      vertex 0.000000 18.200000 0.000000
    endloop
  endfacet
  facet normal -0.065403 -0.997859 0.000000
    outer loop
      vertex 2.375577 18.044296 0.000000
      vertex 2.375577 18.044296 1.000000
      vertex 0.000000 18.200000 1.000000
    endloop
  endfacet
  facet normal 0.000000 0.000000 1.000000
    outer loop
      vertex 0.000000 19.000000 0.000000
      vertex -2.375577 18.044296 0.000000
      vertex 0.000000 18.200000 0.000000
    endloop
  endfacet
  facet normal 0.000000 0.000000 1.000000
    outer loop
      vertex 0.000000 19.000000 0.000000
      vertex -2.479998 18.837452 0.000000
      vertex -2.375577 18.044296 0.000000
    endloop
  endfacet
  facet normal 0.000000 0.000000 -1.000000
    outer loop
      vertex 0.000000 19.000000 1.000000
      vertex 0.000000 18.200000 1.000000
      vertex -2.375577 18.044296 1.000000
    endloop
  endfacet
  facet normal 0.000000 0.000000 -1.000000
    outer loop
      vertex 0.000000 19.000000 1.000000
      vertex -2.375577 18.044296 1.000000
      vertex -2.479998 18.837452 1.000000
    endloop
  endfacet
  facet normal -0.065403 0.997859 0.000000
    outer loop
      vertex 0.000000 19.000000 0.000000
      vertex -2.479998 18.837452 0.000000
      vertex -2.479998 18.837452 1.000000
    endloop
  endfacet
  facet normal -0.065403 0.997859 0.000000
    outer loop
      vertex 0.000000 19.000000 0.000000
      vertex -2.479998 18.837452 1.000000
      vertex 0.000000 19.000000 1.000000
    endloop
  endfacet
  facet normal 0.065403 -0.997859 0.000000
    outer loop
      vertex 0.000000 18.200000 0.000000
      vertex -2.375577 18.044296 1.000000
      vertex -2.375577 18.044296 0.000000
    endloop
  endfacet
  facet normal 0.065403 -0.997859 0.000000
    outer loop
      vertex 0.000000 18.200000 0.000000
      vertex 0.000000 18.200000 1.000000
      vertex -2.375577 18.044296 1.000000
    endloop
  endfacet
  facet normal 0.000000 0.000000 1.000000
    outer loop
      vertex -2.479998 18.837452 0.000000
      vertex -4.710507 17.579850 0.000000
      vertex -2.375577 18.044296 0.000000
    endloop
  endfacet
  facet normal 0.000000 0.000000 1.000000
    outer loop
      vertex -2.479998 18.837452 0.000000
      vertex -4.917562 18.352591 0.000000
      vertex -4.710507 17.579850 0.000000
    endloop
  endfacet
  facet normal 0.000000 -0.000000 -1.000000
    outer loop
      vertex -2.479998 18.837452 1.000000
      vertex -2.375577 18.044296 1.000000
      vertex -4.710507 17.579850 1.000000
    endloop
  endfacet
  facet normal 0.000000 0.000000 -1.000000
    outer loop
      vertex -2.479998 18.837452 1.000000
      vertex -4.710507 17.579850 1.000000
      vertex -4.917562 18.352591 1.000000
    endloop
  endfacet
  facet normal -0.195090 0.980785 0.000000
    outer loop
      vertex -2.479998 18.837452 0.000000
      vertex -4.917562 18.352591 0.000000
      vertex -4.917562 18.352591 1.000000
    endloop
  endfacet
  facet normal -0.195090 0.980785 0.000000
    outer loop
      vertex -2.479998 18.837452 0.000000
      vertex -4.917562 18.352591 1.000000
      vertex -2.479998 18.837452 1.000000
    endloop
  endfacet
  facet normal 0.195090 -0.980785 0.000000
    outer loop
      vertex -2.375577 18.044296 0.000000
      vertex -4.710507 17.579850 1.000000
      vertex -4.710507 17.579850 0.000000
    endloop
  endfacet
  facet normal 0.195090 -0.980785 0.000000
    outer loop
      vertex -2.375577 18.044296 0.000000
      vertex -2.375577 18.044296 1.000000
      vertex -4.710507 17.579850 1.000000
    endloop
  endfacet
  facet normal 0.000000 0.000000 1.000000
    outer loop
      vertex -4.917562 18.352591 0.000000
      vertex -6.964838 16.814607 0.000000
      vertex -4.710507 17.579850 0.000000
    endloop
  endfacet
  facet normal 0.000000 0.000000 1.000000
    outer loop
      vertex -4.917562 18.352591 0.000000
      vertex -7.270985 17.553711 0.000000
      vertex -6.964838 16.814607 0.000000
    endloop
  endfacet
  facet normal 0.000000 -0.000000 -1.000000
    outer loop
      vertex -4.917562 18.352591 1.000000
      vertex -4.710507 17.579850 1.000000
      vertex -6.964838 16.814607 1.000000
    endloop
  endfacet
  facet normal 0.000000 0.000000 -1.000000
    outer loop
      vertex -4.917562 18.352591 1.000000
      vertex -6.964838 16.814607 1.000000
      vertex -7.270985 17.553711 1.000000
    endloop
  endfacet
  facet normal -0.321439 0.946930 0.000000
    outer loop
      vertex -4.917562 18.352591 0.000000
      vertex -7.270985 17.553711 0.000000
      vertex -7.270985 17.553711 1.000000
    endloop
  endfacet
  facet normal -0.321439 0.946930 0.000000
    outer loop
      vertex -4.917562 18.352591 0.000000
      vertex -7.270985 17.553711 1.000000
      vertex -4.917562 18.352591 1.000000
    endloop
  endfacet
  facet normal 0.321439 -0.946930 0.000000
    outer loop
      vertex -4.710507 17.579850 0.000000
      vertex -6.964838 16.814607 1.000000
      vertex -6.964838 16.814607 0.000000
    endloop
  endfacet
  facet normal 0.321439 -0.946930 0.000000
    outer loop
      vertex -4.710507 17.579850 0.000000
      vertex -4.710507 17.579850 1.000000
      vertex -6.964838 16.814607 1.000000
    endloop
  endfacet
  facet normal 0.000000 0.000000 1.000000
    outer loop
      vertex -7.270985 17.553711 0.000000
      vertex -9.100000 15.761662 0.000000
      vertex -6.964838 16.814607 0.000000
    endloop
  endfacet
  facet normal 0.000000 0.000000 1.000000
    outer loop
      vertex -7.270985 17.553711 0.000000
      vertex -9.500000 16.454483 0.000000
      vertex -9.100000 15.761662 0.000000
    endloop
  endfacet
  facet normal 0.000000 -0.000000 -1.000000
    outer loop
      vertex -7.270985 17.553711 1.000000
      vertex -6.964838 16.814607 1.000000
      vertex -9.100000 15.761662 1.000000
    endloop
  endfacet
  facet normal 0.000000 0.000000 -1.000000
    outer loop
      vertex -7.270985 17.553711 1.000000
      vertex -9.100000 15.761662 1.000000
      vertex -9.500000 16.454483 1.000000
    endloop
  endfacet
  facet normal -0.442289 0.896873 0.000000
    outer loop
      vertex -7.270985 17.553711 0.000000
      vertex -9.500000 16.454483 0.000000
      vertex -9.500000 16.454483 1.000000
    endloop
  endfacet
  facet normal -0.442289 0.896873 0.000000
    outer loop
      vertex -7.270985 17.553711 0.000000
      vertex -9.500000 16.454483 1.000000
      vertex -7.270985 17.553711 1.000000
    endloop
  endfacet
  facet normal 0.442289 -0.896873 0.000000
    outer loop
      vertex -6.964838 16.814607 0.000000
      vertex -9.100000 15.761662 1.000000
      vertex -9.100000 15.761662 0.000000
    endloop
  endfacet
  facet normal 0.442289 -0.896873 0.000000
    outer loop
      vertex -6.964838 16.814607 0.000000
      vertex -6.964838 16.814607 1.000000
      vertex -9.100000 15.761662 1.000000
    endloop
  endfacet
  facet normal 0.000000 0.000000 1.000000
    outer loop
      vertex -9.500000 16.454483 0.000000
      vertex -11.079458 14.439031 0.000000
      vertex -9.100000 15.761662 0.000000
    endloop
  endfacet
  facet normal 0.000000 0.000000 1.000000
    outer loop
      vertex -9.500000 16.454483 0.000000
      vertex -11.566467 15.073713 0.000000
      vertex -11.079458 14.439031 0.000000
    endloop
  endfacet
  facet normal 0.000000 -0.000000 -1.000000
    outer loop
      vertex -9.500000 16.454483 1.000000
      vertex -9.100000 15.761662 1.000000
      vertex -11.079458 14.439031 1.000000
    endloop
  endfacet
  facet normal 0.000000 0.000000 -1.000000
    outer loop
      vertex -9.500000 16.454483 1.000000
      vertex -11.079458 14.439031 1.000000
      vertex -11.566467 15.073713 1.000000
    endloop
  endfacet
  facet normal -0.555570 0.831470 0.000000
    outer loop
      vertex -9.500000 16.454483 0.000000
      vertex -11.566467 15.073713 0.000000
      vertex -11.566467 15.073713 1.000000
    endloop
  endfacet
  facet normal -0.555570 0.831470 0.000000
    outer loop
      vertex -9.500000 16.454483 0.000000
      vertex -11.566467 15.073713 1.000000
      vertex -9.500000 16.454483 1.000000
    endloop
  endfacet
  facet normal 0.555570 -0.831470 0.000000
    outer loop
      vertex -9.100000 15.761662 0.000000
      vertex -11.079458 14.439031 1.000000
      vertex -11.079458 14.439031 0.000000
    endloop
  endfacet
  facet normal 0.555570 -0.831470 0.000000
    outer loop
      vertex -9.100000 15.761662 0.000000
      vertex -9.100000 15.761662 1.000000
      vertex -11.079458 14.439031 1.000000
    endloop
  endfacet
  facet normal 0.000000 0.000000 1.000000
    outer loop
      vertex -11.566467 15.073713 0.000000
      vertex -12.869343 12.869343 0.000000
      vertex -11.079458 14.439031 0.000000
    endloop
  endfacet
  facet normal 0.000000 0.000000 1.000000
    outer loop
      vertex -11.566467 15.073713 0.000000
      vertex -13.435029 13.435029 0.000000
      vertex -12.869343 12.869343 0.000000
    endloop
  endfacet
  facet normal 0.000000 -0.000000 -1.000000
    outer loop
      vertex -11.566467 15.073713 1.000000
      vertex -11.079458 14.439031 1.000000
      vertex -12.869343 12.869343 1.000000
    endloop
  endfacet
  facet normal 0.000000 0.000000 -1.000000
    outer loop
      vertex -11.566467 15.073713 1.000000
      vertex -12.869343 12.869343 1.000000
      vertex -13.435029 13.435029 1.000000
    endloop
  endfacet
  facet normal -0.659346 0.751840 0.000000
    outer loop
      vertex -11.566467 15.073713 0.000000
      vertex -13.435029 13.435029 0.000000
      vertex -13.435029 13.435029 1.000000
    endloop
  endfacet
  facet normal -0.659346 0.751840 0.000000
    outer loop
      vertex -11.566467 15.073713 0.000000
      vertex -13.435029 13.435029 1.000000
      vertex -11.566467 15.073713 1.000000
    endloop
  endfacet
  facet normal 0.659346 -0.751840 0.000000
    outer loop
      vertex -11.079458 14.439031 0.000000
      vertex -12.869343 12.869343 1.000000
      vertex -12.869343 12.869343 0.000000
    endloop
  endfacet
  facet normal 0.659346 -0.751840 0.000000
    outer loop
      vertex -11.079458 14.439031 0.000000
      vertex -11.079458 14.439031 1.000000
      vertex -12.869343 12.869343 1.000000
    endloop
  endfacet
  facet normal 0.000000 0.000000 1.000000
    outer loop
      vertex -13.435029 13.435029 0.000000
      vertex -14.439031 11.079458 0.000000
      vertex -12.869343 12.869343 0.000000
    endloop
  endfacet
  facet normal 0.000000 0.000000 1.000000
    outer loop
      vertex -13.435029 13.435029 0.000000
      vertex -15.073713 11.566467 0.000000
      vertex -14.439031 11.079458 0.000000
    endloop
  endfacet
  facet normal 0.000000 -0.000000 -1.000000
    outer loop
      vertex -13.435029 13.435029 1.000000
      vertex -12.869343 12.869343 1.000000
      vertex -14.439031 11.079458 1.000000
    endloop
  endfacet
  facet normal 0.000000 0.000000 -1.000000
    outer loop
      vertex -13.435029 13.435029 1.000000
      vertex -14.439031 11.079458 1.000000
      vertex -15.073713 11.566467 1.000000
    endloop
  endfacet
  facet normal -0.751840 0.659346 0.000000
    outer loop
      vertex -13.435029 13.435029 0.000000
      vertex -15.073713 11.566467 0.000000
      vertex -15.073713 11.566467 1.000000
    endloop
  endfacet
  facet normal -0.751840 0.659346 0.000000
    outer loop
      vertex -13.435029 13.435029 0.000000
      vertex -15.073713 11.566467 1.000000
      vertex -13.435029 13.435029 1.000000
    endloop
  endfacet
  facet normal 0.751840 -0.659346 0.000000
    outer loop
      vertex -12.869343 12.869343 0.000000
      vertex -14.439031 11.079458 1.000000
      vertex -14.439031 11.079458 0.000000
    endloop
  endfacet
  facet normal 0.751840 -0.659346 0.000000
    outer loop
      vertex -12.869343 12.869343 0.000000
      vertex -12.869343 12.869343 1.000000
      vertex -14.439031 11.079458 1.000000
    endloop
  endfacet
  facet normal 0.000000 0.000000 1.000000
    outer loop
      vertex -15.073713 11.566467 0.000000
      vertex -15.761662 9.100000 0.000000
      vertex -14.439031 11.079458 0.000000
    endloop
  endfacet
  facet normal 0.000000 0.000000 1.000000
    outer loop
      vertex -15.073713 11.566467 0.000000
      vertex -16.454483 9.500000 0.000000
      vertex -15.761662 9.100000 0.000000
    endloop
  endfacet
  facet normal 0.000000 -0.000000 -1.000000
    outer loop
      vertex -15.073713 11.566467 1.000000
      vertex -14.439031 11.079458 1.000000
      vertex -15.761662 9.100000 1.000000
    endloop
  endfacet
  facet normal 0.000000 0.000000 -1.000000
    outer loop
      vertex -15.073713 11.566467 1.000000
      vertex -15.761662 9.100000 1.000000
      vertex -16.454483 9.500000 1.000000
    endloop
  endfacet
  facet normal -0.831470 0.555570 0.000000
    outer loop
      vertex -15.073713 11.566467 0.000000
      vertex -16.454483 9.500000 0.000000
      vertex -16.454483 9.500000 1.000000
    endloop
  endfacet
  facet normal -0.831470 0.555570 0.000000
    outer loop
      vertex -15.073713 11.566467 0.000000
      vertex -16.454483 9.500000 1.000000
      vertex -15.073713 11.566467 1.000000
    endloop
  endfacet
  facet normal 0.831470 -0.555570 0.000000
    outer loop
      vertex -14.439031 11.079458 0.000000
      vertex -15.761662 9.100000 1.000000
      vertex -15.761662 9.100000 0.000000
    endloop
  endfacet
  facet normal 0.831470 -0.555570 0.000000
    outer loop
      vertex -14.439031 11.079458 0.000000
      vertex -14.439031 11.079458 1.000000
      vertex -15.761662 9.100000 1.000000
    endloop
  endfacet
  facet normal 0.000000 0.000000 1.000000
    outer loop
      vertex -16.454483 9.500000 0.000000
      vertex -16.814607 6.964838 0.000000
      vertex -15.761662 9.100000 0.000000
    endloop
  endfacet
  facet normal 0.000000 0.000000 1.000000
    outer loop
      vertex -16.454483 9.500000 0.000000
      vertex -17.553711 7.270985 0.000000
      vertex -16.814607 6.964838 0.000000
    endloop
  endfacet
  facet normal 0.000000 -0.000000 -1.000000
    outer loop
      vertex -16.454483 9.500000 1.000000
      vertex -15.761662 9.100000 1.000000
      vertex -16.814607 6.964838 1.000000
    endloop
  endfacet
  facet normal 0.000000 0.000000 -1.000000
    outer loop
      vertex -16.454483 9.500000 1.000000
      vertex -16.814607 6.964838 1.000000
      vertex -17.553711 7.270985 1.000000
    endloop
  endfacet
  facet normal -0.896873 0.442289 0.000000
    outer loop
      vertex -16.454483 9.500000 0.000000
      vertex -17.553711 7.270985 0.000000
      vertex -17.553711 7.270985 1.000000
    endloop
  endfacet
  facet normal -0.896873 0.442289 0.000000
    outer loop
      vertex -16.454483 9.500000 0.000000
      vertex -17.553711 7.270985 1.000000
      vertex -16.454483 9.500000 1.000000
    endloop
  endfacet
  facet normal 0.896873 -0.442289 0.000000
    outer loop
      vertex -15.761662 9.100000 0.000000
      vertex -16.814607 6.964838 1.000000
      vertex -16.814607 6.964838 0.000000
    endloop
  endfacet
  facet normal 0.896873 -0.442289 0.000000
    outer loop
      vertex -15.761662 9.100000 0.000000
      vertex -15.761662 9.100000 1.000000
      vertex -16.814607 6.964838 1.000000
    endloop
  endfacet
  facet normal 0.000000 0.000000 1.000000
    outer loop
      vertex -17.553711 7.270985 0.000000
      vertex -17.579850 4.710507 0.000000
      vertex -16.814607 6.964838 0.000000
    endloop
  endfacet
  facet normal 0.000000 0.000000 1.000000
    outer loop
      vertex -17.553711 7.270985 0.000000
      vertex -18.352591 4.917562 0.000000
      vertex -17.579850 4.710507 0.000000
    endloop
  endfacet
  facet normal 0.000000 -0.000000 -1.000000
    outer loop
      vertex -17.553711 7.270985 1.000000
      vertex -16.814607 6.964838 1.000000
      vertex -17.579850 4.710507 1.000000
    endloop
  endfacet
  facet normal 0.000000 0.000000 -1.000000
    outer loop
      vertex -17.553711 7.270985 1.000000
      vertex -17.579850 4.710507 1.000000
      vertex -18.352591 4.917562 1.000000
    endloop
  endfacet
  facet normal -0.946930 0.321439 0.000000
    outer loop
      vertex -17.553711 7.270985 0.000000
      vertex -18.352591 4.917562 0.000000
      vertex -18.352591 4.917562 1.000000
    endloop
  endfacet
  facet normal -0.946930 0.321439 0.000000
    outer loop
      vertex -17.553711 7.270985 0.000000
      vertex -18.352591 4.917562 1.000000
      vertex -17.553711 7.270985 1.000000
    endloop
  endfacet
  facet normal 0.946930 -0.321439 0.000000
    outer loop
      vertex -16.814607 6.964838 0.000000
      vertex -17.579850 4.710507 1.000000
      vertex -17.579850 4.710507 0.000000
    endloop
  endfacet
  facet normal 0.946930 -0.321439 0.000000
    outer loop
      vertex -16.814607 6.964838 0.000000
      vertex -16.814607 6.964838 1.000000
      vertex -17.579850 4.710507 1.000000
    endloop
  endfacet
  facet normal 0.000000 0.000000 1.000000
    outer loop
      vertex -18.352591 4.917562 0.000000
      vertex -18.044296 2.375577 0.000000
      vertex -17.579850 4.710507 0.000000
    endloop
  endfacet
  facet normal 0.000000 0.000000 1.000000
    outer loop
      vertex -18.352591 4.917562 0.000000
      vertex -18.837452 2.479998 0.000000
      vertex -18.044296 2.375577 0.000000
    endloop
  endfacet
  facet normal 0.000000 0.000000 -1.000000
    outer loop
      vertex -18.352591 4.917562 1.000000
      vertex -17.579850 4.710507 1.000000
      vertex -18.044296 2.375577 1.000000
    endloop
  endfacet
  facet normal 0.000000 -0.000000 -1.000000
    outer loop
      vertex -18.352591 4.917562 1.000000
      vertex -18.044296 2.375577 1.000000
      vertex -18.837452 2.479998 1.000000
    endloop
  endfacet
  facet normal -0.980785 0.195090 0.000000
    outer loop
      vertex -18.352591 4.917562 0.000000
      vertex -18.837452 2.479998 0.000000
      vertex -18.837452 2.479998 1.000000
    endloop
  endfacet
  facet normal -0.980785 0.195090 0.000000
    outer loop
      vertex -18.352591 4.917562 0.000000
      vertex -18.837452 2.479998 1.000000
      vertex -18.352591 4.917562 1.000000
    endloop
  endfacet
  facet normal 0.980785 -0.195090 0.000000
    outer loop
      vertex -17.579850 4.710507 0.000000
      vertex -18.044296 2.375577 1.000000
      vertex -18.044296 2.375577 0.000000
    endloop
  endfacet
  facet normal 0.980785 -0.195090 0.000000
    outer loop
      vertex -17.579850 4.710507 0.000000
      vertex -17.579850 4.710507 1.000000
      vertex -18.044296 2.375577 1.000000
    endloop
  endfacet
  facet normal 0.000000 0.000000 1.000000
    outer loop
      vertex -18.837452 2.479998 0.000000
      vertex -18.200000 0.000000 0.000000
      vertex -18.044296 2.375577 0.000000
    endloop
  endfacet
  facet normal 0.000000 0.000000 1.000000
    outer loop
      vertex -18.837452 2.479998 0.000000
      vertex -19.000000 0.000000 0.000000
      vertex -18.200000 0.000000 0.000000
    endloop
  endfacet
  facet normal 0.000000 0.000000 -1.000000
    outer loop
      vertex -18.837452 2.479998 1.000000
      vertex -18.044296 2.375577 1.000000
      vertex -18.200000 0.000000 1.000000
    endloop
  endfacet
  facet normal 0.000000 -0.000000 -1.000000
    outer loop
      vertex -18.837452 2.479998 1.000000
      vertex -18.200000 0.000000 1.000000
      vertex -19.000000 0.000000 1.000000
    endloop
  endfacet
  facet normal -0.997859 0.065403 0.000000
    outer loop
      vertex -18.837452 2.479998 0.000000
      vertex -19.000000 0.000000 0.000000
      vertex -19.000000 0.000000 1.000000
    endloop
  endfacet
  facet normal -0.997859 0.065403 0.000000
    outer loop
      vertex -18.837452 2.479998 0.000000
      vertex -19.000000 0.000000 1.000000
      vertex -18.837452 2.479998 1.000000
    endloop
  endfacet
  facet normal 0.997859 -0.065403 0.000000
    outer loop
      vertex -18.044296 2.375577 0.000000
      vertex -18.200000 0.000000 1.000000
      vertex -18.200000 0.000000 0.000000
    endloop
  endfacet
  facet normal 0.997859 -0.065403 0.000000
    outer loop
      vertex -18.044296 2.375577 0.000000
      vertex -18.044296 2.375577 1.000000
      vertex -18.200000 0.000000 1.000000
    endloop
  endfacet
  facet normal 0.000000 0.000000 1.000000
    outer loop
      vertex -19.000000 0.000000 0.000000
      vertex -18.044296 -2.375577 0.000000
      vertex -18.200000 0.000000 0.000000
    endloop
  endfacet
  facet normal 0.000000 0.000000 1.000000
    outer loop
      vertex -19.000000 0.000000 0.000000
      vertex -18.837452 -2.479998 0.000000
      vertex -18.044296 -2.375577 0.000000
    endloop
  endfacet
  facet normal 0.000000 0.000000 -1.000000
    outer loop
      vertex -19.000000 0.000000 1.000000
      vertex -18.200000 0.000000 1.000000
      vertex -18.044296 -2.375577 1.000000
    endloop
  endfacet
  facet normal 0.000000 0.000000 -1.000000
    outer loop
      vertex -19.000000 0.000000 1.000000
      vertex -18.044296 -2.375577 1.000000
      vertex -18.837452 -2.479998 1.000000
    endloop
  endfacet
  facet normal -0.997859 -0.065403 0.000000
    outer loop
      vertex -19.000000 0.000000 0.000000
      vertex -18.837452 -2.479998 0.000000
      vertex -18.837452 -2.479998 1.000000
    endloop
  endfacet
  facet normal -0.997859 -0.065403 0.000000
    outer loop
      vertex -19.000000 0.000000 0.000000
      vertex -18.837452 -2.479998 1.000000
      vertex -19.000000 0.000000 1.000000
    endloop
  endfacet
  facet normal 0.997859 0.065403 0.000000
    outer loop
      vertex -18.200000 0.000000 0.000000
      vertex -18.044296 -2.375577 1.000000
      vertex -18.044296 -2.375577 0.000000
    endloop
  endfacet
  facet normal 0.997859 0.065403 -0.000000
    outer loop
      vertex -18.200000 0.000000 0.000000
      vertex -18.200000 0.000000 1.000000
      vertex -18.044296 -2.375577 1.000000
    endloop
  endfacet
  facet normal -0.000000 0.000000 1.000000
    outer loop
      vertex -18.837452 -2.479998 0.000000
      vertex -17.579850 -4.710507 0.000000
      vertex -18.044296 -2.375577 0.000000
    endloop
  endfacet
  facet normal 0.000000 0.000000 1.000000
    outer loop
      vertex -18.837452 -2.479998 0.000000
      vertex -18.352591 -4.917562 0.000000
      vertex -17.579850 -4.710507 0.000000
    endloop
  endfacet
  facet normal 0.000000 0.000000 -1.000000
    outer loop
      vertex -18.837452 -2.479998 1.000000
      vertex -18.044296 -2.375577 1.000000
      vertex -17.579850 -4.710507 1.000000
    endloop
  endfacet
  facet normal 0.000000 0.000000 -1.000000
    outer loop
      vertex -18.837452 -2.479998 1.000000
      vertex -17.579850 -4.710507 1.000000
      vertex -18.352591 -4.917562 1.000000
    endloop
  endfacet
  facet normal -0.980785 -0.195090 0.000000
    outer loop
      vertex -18.837452 -2.479998 0.000000
      vertex -18.352591 -4.917562 0.000000
      vertex -18.352591 -4.917562 1.000000
    endloop
  endfacet
  facet normal -0.980785 -0.195090 0.000000
    outer loop
      vertex -18.837452 -2.479998 0.000000
      vertex -18.352591 -4.917562 1.000000
      vertex -18.837452 -2.479998 1.000000
    endloop
  endfacet
  facet normal 0.980785 0.195090 0.000000
    outer loop
      vertex -18.044296 -2.375577 0.000000
      vertex -17.579850 -4.710507 1.000000
      vertex -17.579850 -4.710507 0.000000
    endloop
  endfacet
  facet normal 0.980785 0.195090 -0.000000
    outer loop
      vertex -18.044296 -2.375577 0.000000
      vertex -18.044296 -2.375577 1.000000
      vertex -17.579850 -4.710507 1.000000
    endloop
  endfacet
  facet normal -0.000000 0.000000 1.000000
    outer loop
      vertex -18.352591 -4.917562 0.000000
      vertex -16.814607 -6.964838 0.000000
      vertex -17.579850 -4.710507 0.000000
    endloop
  endfacet
  facet normal 0.000000 0.000000 1.000000
    outer loop
      vertex -18.352591 -4.917562 0.000000
      vertex -17.553711 -7.270985 0.000000
      vertex -16.814607 -6.964838 0.000000
    endloop
  endfacet
  facet normal 0.000000 0.000000 -1.000000
    outer loop
      vertex -18.352591 -4.917562 1.000000
      vertex -17.579850 -4.710507 1.000000
      vertex -16.814607 -6.964838 1.000000
    endloop
  endfacet
  facet normal 0.000000 0.000000 -1.000000
    outer loop
      vertex -18.352591 -4.917562 1.000000
      vertex -16.814607 -6.964838 1.000000
      vertex -17.553711 -7.270985 1.000000
    endloop
  endfacet
  facet normal -0.946930 -0.321439 0.000000
    outer loop
      vertex -18.352591 -4.917562 0.000000
      vertex -17.553711 -7.270985 0.000000
      vertex -17.553711 -7.270985 1.000000
    endloop
  endfacet
  facet normal -0.946930 -0.321439 0.000000
    outer loop
      vertex -18.352591 -4.917562 0.000000
      vertex -17.553711 -7.270985 1.000000
      vertex -18.352591 -4.917562 1.000000
    endloop
  endfacet
  facet normal 0.946930 0.321439 0.000000
    outer loop
      vertex -17.579850 -4.710507 0.000000
      vertex -16.814607 -6.964838 1.000000
      vertex -16.814607 -6.964838 0.000000
    endloop
  endfacet
  facet normal 0.946930 0.321439 -0.000000
    outer loop
      vertex -17.579850 -4.710507 0.000000
      vertex -17.579850 -4.710507 1.000000
      vertex -16.814607 -6.964838 1.000000
    endloop
  endfacet
  facet normal -0.000000 0.000000 1.000000
    outer loop
      vertex -17.553711 -7.270985 0.000000
      vertex -15.761662 -9.100000 0.000000
      vertex -16.814607 -6.964838 0.000000
    endloop
  endfacet
  facet normal 0.000000 0.000000 1.000000
    outer loop
      vertex -17.553711 -7.270985 0.000000
      vertex -16.454483 -9.500000 0.000000
      vertex -15.761662 -9.100000 0.000000
    endloop
  endfacet
  facet normal 0.000000 0.000000 -1.000000
    outer loop
      vertex -17.553711 -7.270985 1.000000
      vertex -16.814607 -6.964838 1.000000
      vertex -15.761662 -9.100000 1.000000
    endloop
  endfacet
  facet normal 0.000000 0.000000 -1.000000
    outer loop
      vertex -17.553711 -7.270985 1.000000
      vertex -15.761662 -9.100000 1.000000
      vertex -16.454483 -9.500000 1.000000
    endloop
  endfacet
  facet normal -0.896873 -0.442289 0.000000
    outer loop
      vertex -17.553711 -7.270985 0.000000
      vertex -16.454483 -9.500000 0.000000
      vertex -16.454483 -9.500000 1.000000
    endloop
  endfacet
  facet normal -0.896873 -0.442289 0.000000
    outer loop
      vertex -17.553711 -7.270985 0.000000
      vertex -16.454483 -9.500000 1.000000
      vertex -17.553711 -7.270985 1.000000
    endloop
  endfacet
  facet normal 0.896873 0.442289 0.000000
    outer loop
      vertex -16.814607 -6.964838 0.000000
      vertex -15.761662 -9.100000 1.000000
      vertex -15.761662 -9.100000 0.000000
    endloop
  endfacet
  facet normal 0.896873 0.442289 -0.000000
    outer loop
      vertex -16.814607 -6.964838 0.000000
      vertex -16.814607 -6.964838 1.000000
      vertex -15.761662 -9.100000 1.000000
    endloop
  endfacet
  facet normal -0.000000 0.000000 1.000000
    outer loop
      vertex -16.454483 -9.500000 0.000000
      vertex -14.439031 -11.079458 0.000000
      vertex -15.761662 -9.100000 0.000000
    endloop
  endfacet
  facet normal 0.000000 0.000000 1.000000
    outer loop
      vertex -16.454483 -9.500000 0.000000
      vertex -15.073713 -11.566467 0.000000
      vertex -14.439031 -11.079458 0.000000
    endloop
  endfacet
  facet normal 0.000000 0.000000 -1.000000
    outer loop
      vertex -16.454483 -9.500000 1.000000
      vertex -15.761662 -9.100000 1.000000
      vertex -14.439031 -11.079458 1.000000
    endloop
  endfacet
  facet normal 0.000000 0.000000 -1.000000
    outer loop
      vertex -16.454483 -9.500000 1.000000
      vertex -14.439031 -11.079458 1.000000
      vertex -15.073713 -11.566467 1.000000
    endloop
  endfacet
  facet normal -0.831470 -0.555570 0.000000
    outer loop
      vertex -16.454483 -9.500000 0.000000
      vertex -15.073713 -11.566467 0.000000
      vertex -15.073713 -11.566467 1.000000
    endloop
  endfacet
  facet normal -0.831470 -0.555570 0.000000
    outer loop
      vertex -16.454483 -9.500000 0.000000
      vertex -15.073713 -11.566467 1.000000
      vertex -16.454483 -9.500000 1.000000
    endloop
  endfacet
  facet normal 0.831470 0.555570 0.000000
    outer loop
      vertex -15.761662 -9.100000 0.000000
      vertex -14.439031 -11.079458 1.000000
      vertex -14.439031 -11.079458 0.000000
    endloop
  endfacet
  facet normal 0.831470 0.555570 -0.000000
    outer loop
      vertex -15.761662 -9.100000 0.000000
      vertex -15.761662 -9.100000 1.000000
      vertex -14.439031 -11.079458 1.000000
    endloop
  endfacet
  facet normal -0.000000 0.000000 1.000000
    outer loop
      vertex -15.073713 -11.566467 0.000000
      vertex -12.869343 -12.869343 0.000000
      vertex -14.439031 -11.079458 0.000000
    endloop
  endfacet
  facet normal 0.000000 0.000000 1.000000
    outer loop
      vertex -15.073713 -11.566467 0.000000
      vertex -13.435029 -13.435029 0.000000
      vertex -12.869343 -12.869343 0.000000
    endloop
  endfacet
  facet normal 0.000000 0.000000 -1.000000
    outer loop
      vertex -15.073713 -11.566467 1.000000
      vertex -14.439031 -11.079458 1.000000
      vertex -12.869343 -12.869343 1.000000
    endloop
  endfacet
  facet normal 0.000000 0.000000 -1.000000
    outer loop
      vertex -15.073713 -11.566467 1.000000
      vertex -12.869343 -12.869343 1.000000
      vertex -13.435029 -13.435029 1.000000
    endloop
  endfacet
  facet normal -0.751840 -0.659346 0.000000
    outer loop
      vertex -15.073713 -11.566467 0.000000
      vertex -13.435029 -13.435029 0.000000
      vertex -13.435029 -13.435029 1.000000
    endloop
  endfacet
  facet normal -0.751840 -0.659346 0.000000
    outer loop
      vertex -15.073713 -11.566467 0.000000
      vertex -13.435029 -13.435029 1.000000
      vertex -15.073713 -11.566467 1.000000
    endloop
  endfacet
  facet normal 0.751840 0.659346 0.000000
    outer loop
      vertex -14.439031 -11.079458 0.000000
      vertex -12.869343 -12.869343 1.000000
      vertex -12.869343 -12.869343 0.000000
    endloop
  endfacet
  facet normal 0.751840 0.659346 -0.000000
    outer loop
      vertex -14.439031 -11.079458 0.000000
      vertex -14.439031 -11.079458 1.000000
      vertex -12.869343 -12.869343 1.000000
    endloop
  endfacet
  facet normal -0.000000 0.000000 1.000000
    outer loop
      vertex -13.435029 -13.435029 0.000000
      vertex -11.079458 -14.439031 0.000000
      vertex -12.869343 -12.869343 0.000000
    endloop
  endfacet
  facet normal 0.000000 0.000000 1.000000
    outer loop
      vertex -13.435029 -13.435029 0.000000
      vertex -11.566467 -15.073713 0.000000
      vertex -11.079458 -14.439031 0.000000
    endloop
  endfacet
  facet normal 0.000000 0.000000 -1.000000
    outer loop
      vertex -13.435029 -13.435029 1.000000
      vertex -12.869343 -12.869343 1.000000
      vertex -11.079458 -14.439031 1.000000
    endloop
  endfacet
  facet normal 0.000000 0.000000 -1.000000
    outer loop
      vertex -13.435029 -13.435029 1.000000
      vertex -11.079458 -14.439031 1.000000
      vertex -11.566467 -15.073713 1.000000
    endloop
  endfacet
  facet normal -0.659346 -0.751840 0.000000
    outer loop
      vertex -13.435029 -13.435029 0.000000
      vertex -11.566467 -15.073713 0.000000
      vertex -11.566467 -15.073713 1.000000
    endloop
  endfacet
  facet normal -0.659346 -0.751840 0.000000
    outer loop
      vertex -13.435029 -13.435029 0.000000
      vertex -11.566467 -15.073713 1.000000
      vertex -13.435029 -13.435029 1.000000
    endloop
  endfacet
  facet normal 0.659346 0.751840 0.000000
    outer loop
      vertex -12.869343 -12.869343 0.000000
      vertex -11.079458 -14.439031 1.000000
      vertex -11.079458 -14.439031 0.000000
    endloop
  endfacet
  facet normal 0.659346 0.751840 -0.000000
    outer loop
      vertex -12.869343 -12.869343 0.000000
      vertex -12.869343 -12.869343 1.000000
      vertex -11.079458 -14.439031 1.000000
    endloop
  endfacet
  facet normal -0.000000 0.000000 1.000000
    outer loop
      vertex -11.566467 -15.073713 0.000000
      vertex -9.100000 -15.761662 0.000000
      vertex -11.079458 -14.439031 0.000000
    endloop
  endfacet
  facet normal 0.000000 0.000000 1.000000
    outer loop
      vertex -11.566467 -15.073713 0.000000
      vertex -9.500000 -16.454483 0.000000
      vertex -9.100000 -15.761662 0.000000
    endloop
  endfacet
  facet normal 0.000000 0.000000 -1.000000
    outer loop
      vertex -11.566467 -15.073713 1.000000
      vertex -11.079458 -14.439031 1.000000
      vertex -9.100000 -15.761662 1.000000
    endloop
  endfacet
  facet normal 0.000000 0.000000 -1.000000
    outer loop
      vertex -11.566467 -15.073713 1.000000
      vertex -9.100000 -15.761662 1.000000
      vertex -9.500000 -16.454483 1.000000
    endloop
  endfacet
  facet normal -0.555570 -0.831470 0.000000
    outer loop
      vertex -11.566467 -15.073713 0.000000
      vertex -9.500000 -16.454483 0.000000
      vertex -9.500000 -16.454483 1.000000
    endloop
  endfacet
  facet normal -0.555570 -0.831470 0.000000
    outer loop
      vertex -11.566467 -15.073713 0.000000
      vertex -9.500000 -16.454483 1.000000
      vertex -11.566467 -15.073713 1.000000
    endloop
  endfacet
  facet normal 0.555570 0.831470 0.000000
    outer loop
      vertex -11.079458 -14.439031 0.000000
      vertex -9.100000 -15.761662 1.000000
      vertex -9.100000 -15.761662 0.000000
    endloop
  endfacet
  facet normal 0.555570 0.831470 -0.000000
    outer loop
      vertex -11.079458 -14.439031 0.000000
      vertex -11.079458 -14.439031 1.000000
      vertex -9.100000 -15.761662 1.000000
    endloop
  endfacet
  facet normal -0.000000 0.000000 1.000000
    outer loop
      vertex -9.500000 -16.454483 0.000000
      vertex -6.964838 -16.814607 0.000000
      vertex -9.100000 -15.761662 0.000000
    endloop
  endfacet
  facet normal 0.000000 0.000000 1.000000
    outer loop
      vertex -9.500000 -16.454483 0.000000
      vertex -7.270985 -17.553711 0.000000
      vertex -6.964838 -16.814607 0.000000
    endloop
  endfacet
  facet normal 0.000000 0.000000 -1.000000
    outer loop
      vertex -9.500000 -16.454483 1.000000
      vertex -9.100000 -15.761662 1.000000
      vertex -6.964838 -16.814607 1.000000
    endloop
  endfacet
  facet normal 0.000000 0.000000 -1.000000
    outer loop
      vertex -9.500000 -16.454483 1.000000
      vertex -6.964838 -16.814607 1.000000
      vertex -7.270985 -17.553711 1.000000
    endloop
  endfacet
  facet normal -0.442289 -0.896873 0.000000
    outer loop
      vertex -9.500000 -16.454483 0.000000
      vertex -7.270985 -17.553711 0.000000
      vertex -7.270985 -17.553711 1.000000
    endloop
  endfacet
  facet normal -0.442289 -0.896873 0.000000
    outer loop
      vertex -9.500000 -16.454483 0.000000
      vertex -7.270985 -17.553711 1.000000
      vertex -9.500000 -16.454483 1.000000
    endloop
  endfacet
  facet normal 0.442289 0.896873 0.000000
    outer loop
      vertex -9.100000 -15.761662 0.000000
      vertex -6.964838 -16.814607 1.000000
      vertex -6.964838 -16.814607 0.000000
    endloop
  endfacet
  facet normal 0.442289 0.896873 -0.000000
    outer loop
      vertex -9.100000 -15.761662 0.000000
      vertex -9.100000 -15.761662 1.000000
      vertex -6.964838 -16.814607 1.000000
    endloop
  endfacet
  facet normal -0.000000 0.000000 1.000000
    outer loop
      vertex -7.270985 -17.553711 0.000000
      vertex -4.710507 -17.579850 0.000000
      vertex -6.964838 -16.814607 0.000000
    endloop
  endfacet
  facet normal 0.000000 0.000000 1.000000
    outer loop
      vertex -7.270985 -17.553711 0.000000
      vertex -4.917562 -18.352591 0.000000
      vertex -4.710507 -17.579850 0.000000
    endloop
  endfacet
  facet normal 0.000000 0.000000 -1.000000
    outer loop
      vertex -7.270985 -17.553711 1.000000
      vertex -6.964838 -16.814607 1.000000
      vertex -4.710507 -17.579850 1.000000
    endloop
  endfacet
  facet normal 0.000000 0.000000 -1.000000
    outer loop
      vertex -7.270985 -17.553711 1.000000
      vertex -4.710507 -17.579850 1.000000
      vertex -4.917562 -18.352591 1.000000
    endloop
  endfacet
  facet normal -0.321439 -0.946930 0.000000
    outer loop
      vertex -7.270985 -17.553711 0.000000
      vertex -4.917562 -18.352591 0.000000
      vertex -4.917562 -18.352591 1.000000
    endloop
  endfacet
  facet normal -0.321439 -0.946930 0.000000
    outer loop
      vertex -7.270985 -17.553711 0.000000
      vertex -4.917562 -18.352591 1.000000
      vertex -7.270985 -17.553711 1.000000
    endloop
  endfacet
  facet normal 0.321439 0.946930 0.000000
    outer loop
      vertex -6.964838 -16.814607 0.000000
      vertex -4.710507 -17.579850 1.000000
      vertex -4.710507 -17.579850 0.000000
    endloop
  endfacet
  facet normal 0.321439 0.946930 -0.000000
    outer loop
      vertex -6.964838 -16.814607 0.000000
      vertex -6.964838 -16.814607 1.000000
      vertex -4.710507 -17.579850 1.000000
    endloop
  endfacet
  facet normal 0.000000 0.000000 1.000000
    outer loop
      vertex -4.917562 -18.352591 0.000000
      vertex -2.375577 -18.044296 0.000000
      vertex -4.710507 -17.579850 0.000000
    endloop
  endfacet
  facet normal -0.000000 0.000000 1.000000
    outer loop
      vertex -4.917562 -18.352591 0.000000
      vertex -2.479998 -18.837452 0.000000
      vertex -2.375577 -18.044296 0.000000
    endloop
  endfacet
  facet normal 0.000000 0.000000 -1.000000
    outer loop
      vertex -4.917562 -18.352591 1.000000
      vertex -4.710507 -17.579850 1.000000
      vertex -2.375577 -18.044296 1.000000
    endloop
  endfacet
  facet normal 0.000000 0.000000 -1.000000
    outer loop
      vertex -4.917562 -18.352591 1.000000
      vertex -2.375577 -18.044296 1.000000
      vertex -2.479998 -18.837452 1.000000
    endloop
  endfacet
  facet normal -0.195090 -0.980785 0.000000
    outer loop
      vertex -4.917562 -18.352591 0.000000
      vertex -2.479998 -18.837452 0.000000
      vertex -2.479998 -18.837452 1.000000
    endloop
  endfacet
  facet normal -0.195090 -0.980785 0.000000
    outer loop
      vertex -4.917562 -18.352591 0.000000
      vertex -2.479998 -18.837452 1.000000
      vertex -4.917562 -18.352591 1.000000
    endloop
  endfacet
  facet normal 0.195090 0.980785 0.000000
    outer loop
      vertex -4.710507 -17.579850 0.000000
      vertex -2.375577 -18.044296 1.000000
      vertex -2.375577 -18.044296 0.000000
    endloop
  endfacet
  facet normal 0.195090 0.980785 -0.000000
    outer loop
      vertex -4.710507 -17.579850 0.000000
      vertex -4.710507 -17.579850 1.000000
      vertex -2.375577 -18.044296 1.000000
    endloop
  endfacet
  facet normal 0.000000 0.000000 1.000000
    outer loop
      vertex -2.479998 -18.837452 0.000000
      vertex -0.000000 -18.200000 0.000000
      vertex -2.375577 -18.044296 0.000000
    endloop
  endfacet
  facet normal -0.000000 0.000000 1.000000
    outer loop
      vertex -2.479998 -18.837452 0.000000
      vertex -0.000000 -19.000000 0.000000
      vertex -0.000000 -18.200000 0.000000
    endloop
  endfacet
  facet normal 0.000000 0.000000 -1.000000
    outer loop
      vertex -2.479998 -18.837452 1.000000
      vertex -2.375577 -18.044296 1.000000
      vertex -0.000000 -18.200000 1.000000
    endloop
  endfacet
  facet normal 0.000000 0.000000 -1.000000
    outer loop
      vertex -2.479998 -18.837452 1.000000
      vertex -0.000000 -18.200000 1.000000
      vertex -0.000000 -19.000000 1.000000
    endloop
  endfacet
  facet normal -0.065403 -0.997859 0.000000
    outer loop
      vertex -2.479998 -18.837452 0.000000
      vertex -0.000000 -19.000000 0.000000
      vertex -0.000000 -19.000000 1.000000
    endloop
  endfacet
  facet normal -0.065403 -0.997859 0.000000
    outer loop
      vertex -2.479998 -18.837452 0.000000
      vertex -0.000000 -19.000000 1.000000
      vertex -2.479998 -18.837452 1.000000
    endloop
  endfacet
  facet normal 0.065403 0.997859 0.000000
    outer loop
      vertex -2.375577 -18.044296 0.000000
      vertex -0.000000 -18.200000 1.000000
      vertex -0.000000 -18.200000 0.000000
    endloop
  endfacet
  facet normal 0.065403 0.997859 -0.000000
    outer loop
      vertex -2.375577 -18.044296 0.000000
      vertex -2.375577 -18.044296 1.000000
      vertex -0.000000 -18.200000 1.000000
    endloop
  endfacet
  facet normal 0.000000 0.000000 1.000000
    outer loop
      vertex -0.000000 -19.000000 0.000000
      vertex 2.375577 -18.044296 0.000000
      vertex -0.000000 -18.200000 0.000000
    endloop
  endfacet
  facet normal 0.000000 0.000000 1.000000
    outer loop
      vertex -0.000000 -19.000000 0.000000
      vertex 2.479998 -18.837452 0.000000
      vertex 2.375577 -18.044296 0.000000
    endloop
  endfacet
  facet normal 0.000000 0.000000 -1.000000
    outer loop
      vertex -0.000000 -19.000000 1.000000
      vertex -0.000000 -18.200000 1.000000
      vertex 2.375577 -18.044296 1.000000
    endloop
  endfacet
  facet normal 0.000000 0.000000 -1.000000
    outer loop
      vertex -0.000000 -19.000000 1.000000
      vertex 2.375577 -18.044296 1.000000
      vertex 2.479998 -18.837452 1.000000
    endloop
  endfacet
  facet normal 0.065403 -0.997859 0.000000
    outer loop
      vertex -0.000000 -19.000000 0.000000
      vertex 2.479998 -18.837452 0.000000
      vertex 2.479998 -18.837452 1.000000
    endloop
  endfacet
  facet normal 0.065403 -0.997859 0.000000
    outer loop
      vertex -0.000000 -19.000000 0.000000
      vertex 2.479998 -18.837452 1.000000
      vertex -0.000000 -19.000000 1.000000
    endloop
  endfacet
  facet normal -0.065403 0.997859 0.000000
    outer loop
      vertex -0.000000 -18.200000 0.000000
      vertex 2.375577 -18.044296 1.000000
      vertex 2.375577 -18.044296 0.000000
    endloop
  endfacet
  facet normal -0.065403 0.997859 0.000000
    outer loop
      vertex -0.000000 -18.200000 0.000000
      vertex -0.000000 -18.200000 1.000000
      vertex 2.375577 -18.044296 1.000000
    endloop
  endfacet
  facet normal 0.000000 -0.000000 1.000000
    outer loop
      vertex 2.479998 -18.837452 0.000000
      vertex 4.710507 -17.579850 0.000000
      vertex 2.375577 -18.044296 0.000000
    endloop
  endfacet
  facet normal 0.000000 0.000000 1.000000
    outer loop
      vertex 2.479998 -18.837452 0.000000
      vertex 4.917562 -18.352591 0.000000
      vertex 4.710507 -17.579850 0.000000
    endloop
  endfacet
  facet normal 0.000000 0.000000 -1.000000
    outer loop
      vertex 2.479998 -18.837452 1.000000
      vertex 2.375577 -18.044296 1.000000
      vertex 4.710507 -17.579850 1.000000
    endloop
  endfacet
  facet normal 0.000000 0.000000 -1.000000
    outer loop
      vertex 2.479998 -18.837452 1.000000
      vertex 4.710507 -17.579850 1.000000
      vertex 4.917562 -18.352591 1.000000
    endloop
  endfacet
  facet normal 0.195090 -0.980785 0.000000
    outer loop
      vertex 2.479998 -18.837452 0.000000
      vertex 4.917562 -18.352591 0.000000
      vertex 4.917562 -18.352591 1.000000
    endloop
  endfacet
  facet normal 0.195090 -0.980785 0.000000
    outer loop
      vertex 2.479998 -18.837452 0.000000
      vertex 4.917562 -18.352591 1.000000
      vertex 2.479998 -18.837452 1.000000
    endloop
  endfacet
  facet normal -0.195090 0.980785 0.000000
    outer loop
      vertex 2.375577 -18.044296 0.000000
      vertex 4.710507 -17.579850 1.000000
      vertex 4.710507 -17.579850 0.000000
    endloop
  endfacet
  facet normal -0.195090 0.980785 0.000000
    outer loop
      vertex 2.375577 -18.044296 0.000000
      vertex 2.375577 -18.044296 1.000000
      vertex 4.710507 -17.579850 1.000000
    endloop
  endfacet
  facet normal 0.000000 -0.000000 1.000000
    outer loop
      vertex 4.917562 -18.352591 0.000000
      vertex 6.964838 -16.814607 0.000000
      vertex 4.710507 -17.579850 0.000000
    endloop
  endfacet
  facet normal 0.000000 0.000000 1.000000
    outer loop
      vertex 4.917562 -18.352591 0.000000
      vertex 7.270985 -17.553711 0.000000
      vertex 6.964838 -16.814607 0.000000
    endloop
  endfacet
  facet normal 0.000000 0.000000 -1.000000
    outer loop
      vertex 4.917562 -18.352591 1.000000
      vertex 4.710507 -17.579850 1.000000
      vertex 6.964838 -16.814607 1.000000
    endloop
  endfacet
  facet normal 0.000000 0.000000 -1.000000
    outer loop
      vertex 4.917562 -18.352591 1.000000
      vertex 6.964838 -16.814607 1.000000
      vertex 7.270985 -17.553711 1.000000
    endloop
  endfacet
  facet normal 0.321439 -0.946930 0.000000
    outer loop
      vertex 4.917562 -18.352591 0.000000
      vertex 7.270985 -17.553711 0.000000
      vertex 7.270985 -17.553711 1.000000
    endloop
  endfacet
  facet normal 0.321439 -0.946930 0.000000
    outer loop
      vertex 4.917562 -18.352591 0.000000
      vertex 7.270985 -17.553711 1.000000
      vertex 4.917562 -18.352591 1.000000
    endloop
  endfacet
  facet normal -0.321439 0.946930 0.000000
    outer loop
      vertex 4.710507 -17.579850 0.000000
      vertex 6.964838 -16.814607 1.000000
      vertex 6.964838 -16.814607 0.000000
    endloop
  endfacet
  facet normal -0.321439 0.946930 0.000000
    outer loop
      vertex 4.710507 -17.579850 0.000000
      vertex 4.710507 -17.579850 1.000000
      vertex 6.964838 -16.814607 1.000000
    endloop
  endfacet
  facet normal 0.000000 -0.000000 1.000000
    outer loop
      vertex 7.270985 -17.553711 0.000000
      vertex 9.100000 -15.761662 0.000000
      vertex 6.964838 -16.814607 0.000000
    endloop
  endfacet
  facet normal 0.000000 0.000000 1.000000
    outer loop
      vertex 7.270985 -17.553711 0.000000
      vertex 9.500000 -16.454483 0.000000
      vertex 9.100000 -15.761662 0.000000
    endloop
  endfacet
  facet normal 0.000000 0.000000 -1.000000
    outer loop
      vertex 7.270985 -17.553711 1.000000
      vertex 6.964838 -16.814607 1.000000
      vertex 9.100000 -15.761662 1.000000
    endloop
  endfacet
  facet normal 0.000000 0.000000 -1.000000
    outer loop
      vertex 7.270985 -17.553711 1.000000
      vertex 9.100000 -15.761662 1.000000
      vertex 9.500000 -16.454483 1.000000
    endloop
  endfacet
  facet normal 0.442289 -0.896873 0.000000
    outer loop
      vertex 7.270985 -17.553711 0.000000
      vertex 9.500000 -16.454483 0.000000
      vertex 9.500000 -16.454483 1.000000
    endloop
  endfacet
  facet normal 0.442289 -0.896873 0.000000
    outer loop
      vertex 7.270985 -17.553711 0.000000
      vertex 9.500000 -16.454483 1.000000
      vertex 7.270985 -17.553711 1.000000
    endloop
  endfacet
  facet normal -0.442289 0.896873 0.000000
    outer loop
      vertex 6.964838 -16.814607 0.000000
      vertex 9.100000 -15.761662 1.000000
      vertex 9.100000 -15.761662 0.000000
    endloop
  endfacet
  facet normal -0.442289 0.896873 0.000000
    outer loop
      vertex 6.964838 -16.814607 0.000000
      vertex 6.964838 -16.814607 1.000000
      vertex 9.100000 -15.761662 1.000000
    endloop
  endfacet
  facet normal 0.000000 -0.000000 1.000000
    outer loop
      vertex 9.500000 -16.454483 0.000000
      vertex 11.079458 -14.439031 0.000000
      vertex 9.100000 -15.761662 0.000000
    endloop
  endfacet
  facet normal 0.000000 0.000000 1.000000
    outer loop
      vertex 9.500000 -16.454483 0.000000
      vertex 11.566467 -15.073713 0.000000
      vertex 11.079458 -14.439031 0.000000
    endloop
  endfacet
  facet normal 0.000000 0.000000 -1.000000
    outer loop
      vertex 9.500000 -16.454483 1.000000
      vertex 9.100000 -15.761662 1.000000
      vertex 11.079458 -14.439031 1.000000
    endloop
  endfacet
  facet normal 0.000000 0.000000 -1.000000
    outer loop
      vertex 9.500000 -16.454483 1.000000
      vertex 11.079458 -14.439031 1.000000
      vertex 11.566467 -15.073713 1.000000
    endloop
  endfacet
  facet normal 0.555570 -0.831470 0.000000
    outer loop
      vertex 9.500000 -16.454483 0.000000
      vertex 11.566467 -15.073713 0.000000
      vertex 11.566467 -15.073713 1.000000
    endloop
  endfacet
  facet normal 0.555570 -0.831470 0.000000
    outer loop
      vertex 9.500000 -16.454483 0.000000
      vertex 11.566467 -15.073713 1.000000
      vertex 9.500000 -16.454483 1.000000
    endloop
  endfacet
  facet normal -0.555570 0.831470 0.000000
    outer loop
      vertex 9.100000 -15.761662 0.000000
      vertex 11.079458 -14.439031 1.000000
      vertex 11.079458 -14.439031 0.000000
    endloop
  endfacet
  facet normal -0.555570 0.831470 0.000000
    outer loop
      vertex 9.100000 -15.761662 0.000000
      vertex 9.100000 -15.761662 1.000000
      vertex 11.079458 -14.439031 1.000000
    endloop
  endfacet
  facet normal 0.000000 -0.000000 1.000000
    outer loop
      vertex 11.566467 -15.073713 0.000000
      vertex 12.869343 -12.869343 0.000000
      vertex 11.079458 -14.439031 0.000000
    endloop
  endfacet
  facet normal 0.000000 0.000000 1.000000
    outer loop
      vertex 11.566467 -15.073713 0.000000
      vertex 13.435029 -13.435029 0.000000
      vertex 12.869343 -12.869343 0.000000
    endloop
  endfacet
  facet normal 0.000000 0.000000 -1.000000
    outer loop
      vertex 11.566467 -15.073713 1.000000
      vertex 11.079458 -14.439031 1.000000
      vertex 12.869343 -12.869343 1.000000
    endloop
  endfacet
  facet normal 0.000000 0.000000 -1.000000
    outer loop
      vertex 11.566467 -15.073713 1.000000
      vertex 12.869343 -12.869343 1.000000
      vertex 13.435029 -13.435029 1.000000
    endloop
  endfacet
  facet normal 0.659346 -0.751840 0.000000
    outer loop
      vertex 11.566467 -15.073713 0.000000
      vertex 13.435029 -13.435029 0.000000
      vertex 13.435029 -13.435029 1.000000
    endloop
  endfacet
  facet normal 0.659346 -0.751840 0.000000
    outer loop
      vertex 11.566467 -15.073713 0.000000
      vertex 13.435029 -13.435029 1.000000
      vertex 11.566467 -15.073713 1.000000
    endloop
  endfacet
  facet normal -0.659346 0.751840 0.000000
    outer loop
      vertex 11.079458 -14.439031 0.000000
      vertex 12.869343 -12.869343 1.000000
      vertex 12.869343 -12.869343 0.000000
    endloop
  endfacet
  facet normal -0.659346 0.751840 0.000000
    outer loop
      vertex 11.079458 -14.439031 0.000000
      vertex 11.079458 -14.439031 1.000000
      vertex 12.869343 -12.869343 1.000000
    endloop
  endfacet
  facet normal 0.000000 -0.000000 1.000000
    outer loop
      vertex 13.435029 -13.435029 0.000000
      vertex 14.439031 -11.079458 0.000000
      vertex 12.869343 -12.869343 0.000000
    endloop
  endfacet
  facet normal 0.000000 0.000000 1.000000
    outer loop
      vertex 13.435029 -13.435029 0.000000
      vertex 15.073713 -11.566467 0.000000
      vertex 14.439031 -11.079458 0.000000
    endloop
  endfacet
  facet normal 0.000000 0.000000 -1.000000
    outer loop
      vertex 13.435029 -13.435029 1.000000
      vertex 12.869343 -12.869343 1.000000
      vertex 14.439031 -11.079458 1.000000
    endloop
  endfacet
  facet normal 0.000000 0.000000 -1.000000
    outer loop
      vertex 13.435029 -13.435029 1.000000
      vertex 14.439031 -11.079458 1.000000
      vertex 15.073713 -11.566467 1.000000
    endloop
  endfacet
  facet normal 0.751840 -0.659346 0.000000
    outer loop
      vertex 13.435029 -13.435029 0.000000
      vertex 15.073713 -11.566467 0.000000
      vertex 15.073713 -11.566467 1.000000
    endloop
  endfacet
  facet normal 0.751840 -0.659346 0.000000
    outer loop
      vertex 13.435029 -13.435029 0.000000
      vertex 15.073713 -11.566467 1.000000
      vertex 13.435029 -13.435029 1.000000
    endloop
  endfacet
  facet normal -0.751840 0.659346 0.000000
    outer loop
      vertex 12.869343 -12.869343 0.000000
      vertex 14.439031 -11.079458 1.000000
      vertex 14.439031 -11.079458 0.000000
    endloop
  endfacet
  facet normal -0.751840 0.659346 0.000000
    outer loop
      vertex 12.869343 -12.869343 0.000000
      vertex 12.869343 -12.869343 1.000000
      vertex 14.439031 -11.079458 1.000000
    endloop
  endfacet
  facet normal 0.000000 -0.000000 1.000000
    outer loop
      vertex 15.073713 -11.566467 0.000000
      vertex 15.761662 -9.100000 0.000000
      vertex 14.439031 -11.079458 0.000000
    endloop
  endfacet
  facet normal 0.000000 0.000000 1.000000
    outer loop
      vertex 15.073713 -11.566467 0.000000
      vertex 16.454483 -9.500000 0.000000
      vertex 15.761662 -9.100000 0.000000
    endloop
  endfacet
  facet normal 0.000000 0.000000 -1.000000
    outer loop
      vertex 15.073713 -11.566467 1.000000
      vertex 14.439031 -11.079458 1.000000
      vertex 15.761662 -9.100000 1.000000
    endloop
  endfacet
  facet normal 0.000000 0.000000 -1.000000
    outer loop
      vertex 15.073713 -11.566467 1.000000
      vertex 15.761662 -9.100000 1.000000
      vertex 16.454483 -9.500000 1.000000
    endloop
  endfacet
  facet normal 0.831470 -0.555570 0.000000
    outer loop
      vertex 15.073713 -11.566467 0.000000
      vertex 16.454483 -9.500000 0.000000
      vertex 16.454483 -9.500000 1.000000
    endloop
  endfacet
  facet normal 0.831470 -0.555570 0.000000
    outer loop
      vertex 15.073713 -11.566467 0.000000
      vertex 16.454483 -9.500000 1.000000
      vertex 15.073713 -11.566467 1.000000
    endloop
  endfacet
  facet normal -0.831470 0.555570 0.000000
    outer loop
      vertex 14.439031 -11.079458 0.000000
      vertex 15.761662 -9.100000 1.000000
      vertex 15.761662 -9.100000 0.000000
    endloop
  endfacet
  facet normal -0.831470 0.555570 0.000000
    outer loop
      vertex 14.439031 -11.079458 0.000000
      vertex 14.439031 -11.079458 1.000000
      vertex 15.761662 -9.100000 1.000000
    endloop
  endfacet
  facet normal 0.000000 -0.000000 1.000000
    outer loop
      vertex 16.454483 -9.500000 0.000000
      vertex 16.814607 -6.964838 0.000000
      vertex 15.761662 -9.100000 0.000000
    endloop
  endfacet
  facet normal 0.000000 0.000000 1.000000
    outer loop
      vertex 16.454483 -9.500000 0.000000
      vertex 17.553711 -7.270985 0.000000
      vertex 16.814607 -6.964838 0.000000
    endloop
  endfacet
  facet normal 0.000000 0.000000 -1.000000
    outer loop
      vertex 16.454483 -9.500000 1.000000
      vertex 15.761662 -9.100000 1.000000
      vertex 16.814607 -6.964838 1.000000
    endloop
  endfacet
  facet normal 0.000000 0.000000 -1.000000
    outer loop
      vertex 16.454483 -9.500000 1.000000
      vertex 16.814607 -6.964838 1.000000
      vertex 17.553711 -7.270985 1.000000
    endloop
  endfacet
  facet normal 0.896873 -0.442289 0.000000
    outer loop
      vertex 16.454483 -9.500000 0.000000
      vertex 17.553711 -7.270985 0.000000
      vertex 17.553711 -7.270985 1.000000
    endloop
  endfacet
  facet normal 0.896873 -0.442289 0.000000
    outer loop
      vertex 16.454483 -9.500000 0.000000
      vertex 17.553711 -7.270985 1.000000
      vertex 16.454483 -9.500000 1.000000
    endloop
  endfacet
  facet normal -0.896873 0.442289 0.000000
    outer loop
      vertex 15.761662 -9.100000 0.000000
      vertex 16.814607 -6.964838 1.000000
      vertex 16.814607 -6.964838 0.000000
    endloop
  endfacet
  facet normal -0.896873 0.442289 0.000000
    outer loop
      vertex 15.761662 -9.100000 0.000000
      vertex 15.761662 -9.100000 1.000000
      vertex 16.814607 -6.964838 1.000000
    endloop
  endfacet
  facet normal 0.000000 -0.000000 1.000000
    outer loop
      vertex 17.553711 -7.270985 0.000000
      vertex 17.579850 -4.710507 0.000000
      vertex 16.814607 -6.964838 0.000000
    endloop
  endfacet
  facet normal 0.000000 0.000000 1.000000
    outer loop
      vertex 17.553711 -7.270985 0.000000
      vertex 18.352591 -4.917562 0.000000
      vertex 17.579850 -4.710507 0.000000
    endloop
  endfacet
  facet normal 0.000000 0.000000 -1.000000
    outer loop
      vertex 17.553711 -7.270985 1.000000
      vertex 16.814607 -6.964838 1.000000
      vertex 17.579850 -4.710507 1.000000
    endloop
  endfacet
  facet normal 0.000000 0.000000 -1.000000
    outer loop
      vertex 17.553711 -7.270985 1.000000
      vertex 17.579850 -4.710507 1.000000
      vertex 18.352591 -4.917562 1.000000
    endloop
  endfacet
  facet normal 0.946930 -0.321439 0.000000
    outer loop
      vertex 17.553711 -7.270985 0.000000
      vertex 18.352591 -4.917562 0.000000
      vertex 18.352591 -4.917562 1.000000
    endloop
  endfacet
  facet normal 0.946930 -0.321439 0.000000
    outer loop
      vertex 17.553711 -7.270985 0.000000
      vertex 18.352591 -4.917562 1.000000
      vertex 17.553711 -7.270985 1.000000
    endloop
  endfacet
  facet normal -0.946930 0.321439 0.000000
    outer loop
      vertex 16.814607 -6.964838 0.000000
      vertex 17.579850 -4.710507 1.000000
      vertex 17.579850 -4.710507 0.000000
    endloop
  endfacet
  facet normal -0.946930 0.321439 0.000000
    outer loop
      vertex 16.814607 -6.964838 0.000000
      vertex 16.814607 -6.964838 1.000000
      vertex 17.579850 -4.710507 1.000000
    endloop
  endfacet
  facet normal 0.000000 0.000000 1.000000
    outer loop
      vertex 18.352591 -4.917562 0.000000
      vertex 18.044296 -2.375577 0.000000
      vertex 17.579850 -4.710507 0.000000
    endloop
  endfacet
  facet normal 0.000000 -0.000000 1.000000
    outer loop
      vertex 18.352591 -4.917562 0.000000
      vertex 18.837452 -2.479998 0.000000
      vertex 18.044296 -2.375577 0.000000
    endloop
  endfacet
  facet normal 0.000000 0.000000 -1.000000
    outer loop
      vertex 18.352591 -4.917562 1.000000
      vertex 17.579850 -4.710507 1.000000
      vertex 18.044296 -2.375577 1.000000
    endloop
  endfacet
  facet normal 0.000000 0.000000 -1.000000
    outer loop
      vertex 18.352591 -4.917562 1.000000
      vertex 18.044296 -2.375577 1.000000
      vertex 18.837452 -2.479998 1.000000
    endloop
  endfacet
  facet normal 0.980785 -0.195090 0.000000
    outer loop
      vertex 18.352591 -4.917562 0.000000
      vertex 18.837452 -2.479998 0.000000
      vertex 18.837452 -2.479998 1.000000
    endloop
  endfacet
  facet normal 0.980785 -0.195090 0.000000
    outer loop
      vertex 18.352591 -4.917562 0.000000
      vertex 18.837452 -2.479998 1.000000
      vertex 18.352591 -4.917562 1.000000
    endloop
  endfacet
  facet normal -0.980785 0.195090 0.000000
    outer loop
      vertex 17.579850 -4.710507 0.000000
      vertex 18.044296 -2.375577 1.000000
      vertex 18.044296 -2.375577 0.000000
    endloop
  endfacet
  facet normal -0.980785 0.195090 0.000000
    outer loop
      vertex 17.579850 -4.710507 0.000000
      vertex 17.579850 -4.710507 1.000000
      vertex 18.044296 -2.375577 1.000000
    endloop
  endfacet
  facet normal 0.000000 0.000000 1.000000
    outer loop
      vertex 18.837452 -2.479998 0.000000
      vertex 18.200000 -0.000000 0.000000
      vertex 18.044296 -2.375577 0.000000
    endloop
  endfacet
  facet normal 0.000000 -0.000000 1.000000
    outer loop
      vertex 18.837452 -2.479998 0.000000
      vertex 19.000000 -0.000000 0.000000
      vertex 18.200000 -0.000000 0.000000
    endloop
  endfacet
  facet normal 0.000000 0.000000 -1.000000
    outer loop
      vertex 18.837452 -2.479998 1.000000
      vertex 18.044296 -2.375577 1.000000
      vertex 18.200000 -0.000000 1.000000
    endloop
  endfacet
  facet normal 0.000000 0.000000 -1.000000
    outer loop
      vertex 18.837452 -2.479998 1.000000
      vertex 18.200000 -0.000000 1.000000
      vertex 19.000000 -0.000000 1.000000
    endloop
  endfacet
  facet normal 0.997859 -0.065403 0.000000
    outer loop
      vertex 18.837452 -2.479998 0.000000
      vertex 19.000000 -0.000000 0.000000
      vertex 19.000000 -0.000000 1.000000
    endloop
  endfacet
  facet normal 0.997859 -0.065403 0.000000
    outer loop
      vertex 18.837452 -2.479998 0.000000
      vertex 19.000000 -0.000000 1.000000
      vertex 18.837452 -2.479998 1.000000
    endloop
  endfacet
  facet normal -0.997859 0.065403 0.000000
    outer loop
      vertex 18.044296 -2.375577 0.000000
      vertex 18.200000 -0.000000 1.000000
      vertex 18.200000 -0.000000 0.000000
    endloop
  endfacet
  facet normal -0.997859 0.065403 0.000000
    outer loop
      vertex 18.044296 -2.375577 0.000000
      vertex 18.044296 -2.375577 1.000000
      vertex 18.200000 -0.000000 1.000000
    endloop
  endfacet
  facet normal -0.205398 0.972626 0.108678
    outer loop
      vertex 13.680000 5.320000 0.500000
      vertex 12.447022 5.059621 0.500000
      vertex 12.540877 5.059621 0.677384
    endloop
  endfacet
  facet normal 0.000000 0.000000 1.000000
    outer loop
      vertex 13.680000 5.320000 0.500000
      vertex 12.540877 5.059621 0.677384
      vertex 13.680000 5.320000 0.500000
    endloop
  endfacet
  facet normal -0.168171 0.939350 0.298899
    outer loop
      vertex 13.680000 5.320000 0.500000
      vertex 12.540877 5.059621 0.677384
      vertex 12.808153 5.059621 0.827762
    endloop
  endfacet
  facet normal 0.000000 0.000000 1.000000
    outer loop
      vertex 13.680000 5.320000 0.500000
      vertex 12.808153 5.059621 0.827762
      vertex 13.680000 5.320000 0.500000
    endloop
  endfacet
  facet normal -0.107378 0.897631 0.427468
    outer loop
      vertex 13.680000 5.320000 0.500000
      vertex 12.808153 5.059621 0.827762
      vertex 13.208160 5.059621 0.928242
    endloop
  endfacet
  facet normal 0.000000 0.000000 1.000000
    outer loop
      vertex 13.680000 5.320000 0.500000
      vertex 13.208160 5.059621 0.928242
      vertex 13.680000 5.320000 0.500000
    endloop
  endfacet
  facet normal -0.036599 0.871276 0.489428
    outer loop
      vertex 13.680000 5.320000 0.500000
      vertex 13.208160 5.059621 0.928242
      vertex 13.680000 5.059621 0.963525
    endloop
  endfacet
  facet normal 0.000000 0.000000 1.000000
    outer loop
      vertex 13.680000 5.320000 0.500000
      vertex 13.680000 5.059621 0.963525
      vertex 13.680000 5.320000 0.500000
    endloop
  endfacet
  facet normal 0.036599 0.871276 0.489428
    outer loop
      vertex 13.680000 5.320000 0.500000
      vertex 13.680000 5.059621 0.963525
      vertex 14.151840 5.059621 0.928242
    endloop
  endfacet
  facet normal 0.000000 0.000000 1.000000
    outer loop
      vertex 13.680000 5.320000 0.500000
      vertex 14.151840 5.059621 0.928242
      vertex 13.680000 5.320000 0.500000
    endloop
  endfacet
  facet normal 0.107378 0.897631 0.427468
    outer loop
      vertex 13.680000 5.320000 0.500000
      vertex 14.151840 5.059621 0.928242
      vertex 14.551847 5.059621 0.827762
    endloop
  endfacet
  facet normal 0.000000 0.000000 1.000000
    outer loop
      vertex 13.680000 5.320000 0.500000
      vertex 14.551847 5.059621 0.827762
      vertex 13.680000 5.320000 0.500000
    endloop
  endfacet
  facet normal 0.168171 0.939350 0.298899
    outer loop
      vertex 13.680000 5.320000 0.500000
      vertex 14.551847 5.059621 0.827762
      vertex 14.819123 5.059621 0.677384
    endloop
  endfacet
  facet normal 0.000000 0.000000 1.000000
    outer loop
      vertex 13.680000 5.320000 0.500000
      vertex 14.819123 5.059621 0.677384
      vertex 13.680000 5.320000 0.500000
    endloop
  endfacet
  facet normal 0.205398 0.972626 0.108678
    outer loop
      vertex 13.680000 5.320000 0.500000
      vertex 14.819123 5.059621 0.677384
      vertex 14.912978 5.059621 0.500000
    endloop
  endfacet
  facet normal 0.000000 0.000000 1.000000
    outer loop
      vertex 13.680000 5.320000 0.500000
      vertex 14.912978 5.059621 0.500000
      vertex 13.680000 5.320000 0.500000
    endloop
  endfacet
  facet normal -0.538646 0.792865 0.285001
    outer loop
      vertex 12.447022 5.059621 0.500000
      vertex 11.334737 4.303970 0.500000
      vertex 11.513259 4.303970 0.837404
    endloop
  endfacet
  facet normal -0.538646 0.792865 0.285001
    outer loop
      vertex 12.447022 5.059621 0.500000
      vertex 11.513259 4.303970 0.837404
      vertex 12.540877 5.059621 0.677384
    endloop
  endfacet
  facet normal -0.373360 0.648263 0.663594
    outer loop
      vertex 12.540877 5.059621 0.677384
      vertex 11.513259 4.303970 0.837404
      vertex 12.021649 4.303970 1.123440
    endloop
  endfacet
  facet normal -0.373360 0.648263 0.663594
    outer loop
      vertex 12.540877 5.059621 0.677384
      vertex 12.021649 4.303970 1.123440
      vertex 12.808153 5.059621 0.827762
    endloop
  endfacet
  facet normal -0.205844 0.534896 0.819460
    outer loop
      vertex 12.808153 5.059621 0.827762
      vertex 12.021649 4.303970 1.123440
      vertex 12.782507 4.303970 1.314564
    endloop
  endfacet
  facet normal -0.205844 0.534896 0.819460
    outer loop
      vertex 12.808153 5.059621 0.827762
      vertex 12.782507 4.303970 1.314564
      vertex 13.208160 5.059621 0.928242
    endloop
  endfacet
  facet normal -0.065290 0.483146 0.873102
    outer loop
      vertex 13.208160 5.059621 0.928242
      vertex 12.782507 4.303970 1.314564
      vertex 13.680000 4.303970 1.381678
    endloop
  endfacet
  facet normal -0.065290 0.483146 0.873102
    outer loop
      vertex 13.208160 5.059621 0.928242
      vertex 13.680000 4.303970 1.381678
      vertex 13.680000 5.059621 0.963525
    endloop
  endfacet
  facet normal 0.065290 0.483146 0.873102
    outer loop
      vertex 13.680000 5.059621 0.963525
      vertex 13.680000 4.303970 1.381678
      vertex 14.577493 4.303970 1.314564
    endloop
  endfacet
  facet normal 0.065290 0.483146 0.873102
    outer loop
      vertex 13.680000 5.059621 0.963525
      vertex 14.577493 4.303970 1.314564
      vertex 14.151840 5.059621 0.928242
    endloop
  endfacet
  facet normal 0.205844 0.534896 0.819460
    outer loop
      vertex 14.151840 5.059621 0.928242
      vertex 14.577493 4.303970 1.314564
      vertex 15.338351 4.303970 1.123440
    endloop
  endfacet
  facet normal 0.205844 0.534896 0.819460
    outer loop
      vertex 14.151840 5.059621 0.928242
      vertex 15.338351 4.303970 1.123440
      vertex 14.551847 5.059621 0.827762
    endloop
  endfacet
  facet normal 0.373360 0.648263 0.663594
    outer loop
      vertex 14.551847 5.059621 0.827762
      vertex 15.338351 4.303970 1.123440
      vertex 15.846741 4.303970 0.837404
    endloop
  endfacet
  facet normal 0.373360 0.648263 0.663594
    outer loop
      vertex 14.551847 5.059621 0.827762
      vertex 15.846741 4.303970 0.837404
      vertex 14.819123 5.059621 0.677384
    endloop
  endfacet
  facet normal 0.538646 0.792865 0.285001
    outer loop
      vertex 14.819123 5.059621 0.677384
      vertex 15.846741 4.303970 0.837404
      vertex 16.025263 4.303970 0.500000
    endloop
  endfacet
  facet normal 0.538646 0.792865 0.285001
    outer loop
      vertex 14.819123 5.059621 0.677384
      vertex 16.025263 4.303970 0.500000
      vertex 14.912978 5.059621 0.500000
    endloop
  endfacet
  facet normal -0.736719 0.552539 0.389803
    outer loop
      vertex 11.334737 4.303970 0.500000
      vertex 10.452022 3.127018 0.500000
      vertex 10.697737 3.127018 0.964396
    endloop
  endfacet
  facet normal -0.736719 0.552539 0.389803
    outer loop
      vertex 11.334737 4.303970 0.500000
      vertex 10.697737 3.127018 0.964396
      vertex 11.513259 4.303970 0.837404
    endloop
  endfacet
  facet normal -0.449846 0.397972 0.799536
    outer loop
      vertex 11.513259 4.303970 0.837404
      vertex 10.697737 3.127018 0.964396
      vertex 11.397475 3.127018 1.358092
    endloop
  endfacet
  facet normal -0.449846 0.397972 0.799536
    outer loop
      vertex 11.513259 4.303970 0.837404
      vertex 11.397475 3.127018 1.358092
      vertex 12.021649 4.303970 1.123440
    endloop
  endfacet
  facet normal -0.231862 0.306991 0.923036
    outer loop
      vertex 12.021649 4.303970 1.123440
      vertex 11.397475 3.127018 1.358092
      vertex 12.444706 3.127018 1.621151
    endloop
  endfacet
  facet normal -0.231862 0.306991 0.923036
    outer loop
      vertex 12.021649 4.303970 1.123440
      vertex 12.444706 3.127018 1.621151
      vertex 12.782507 4.303970 1.314564
    endloop
  endfacet
  facet normal -0.071787 0.270674 0.959991
    outer loop
      vertex 12.782507 4.303970 1.314564
      vertex 12.444706 3.127018 1.621151
      vertex 13.680000 3.127018 1.713525
    endloop
  endfacet
  facet normal -0.071787 0.270674 0.959991
    outer loop
      vertex 12.782507 4.303970 1.314564
      vertex 13.680000 3.127018 1.713525
      vertex 13.680000 4.303970 1.381678
    endloop
  endfacet
  facet normal 0.071787 0.270674 0.959991
    outer loop
      vertex 13.680000 4.303970 1.381678
      vertex 13.680000 3.127018 1.713525
      vertex 14.915294 3.127018 1.621151
    endloop
  endfacet
  facet normal 0.071787 0.270674 0.959991
    outer loop
      vertex 13.680000 4.303970 1.381678
      vertex 14.915294 3.127018 1.621151
      vertex 14.577493 4.303970 1.314564
    endloop
  endfacet
  facet normal 0.231862 0.306991 0.923036
    outer loop
      vertex 14.577493 4.303970 1.314564
      vertex 14.915294 3.127018 1.621151
      vertex 15.962525 3.127018 1.358092
    endloop
  endfacet
  facet normal 0.231862 0.306991 0.923036
    outer loop
      vertex 14.577493 4.303970 1.314564
      vertex 15.962525 3.127018 1.358092
      vertex 15.338351 4.303970 1.123440
    endloop
  endfacet
  facet normal 0.449846 0.397972 0.799536
    outer loop
      vertex 15.338351 4.303970 1.123440
      vertex 15.962525 3.127018 1.358092
      vertex 16.662263 3.127018 0.964396
    endloop
  endfacet
  facet normal 0.449846 0.397972 0.799536
    outer loop
      vertex 15.338351 4.303970 1.123440
      vertex 16.662263 3.127018 0.964396
      vertex 15.846741 4.303970 0.837404
    endloop
  endfacet
  facet normal 0.736719 0.552539 0.389803
    outer loop
      vertex 15.846741 4.303970 0.837404
      vertex 16.662263 3.127018 0.964396
      vertex 16.907978 3.127018 0.500000
    endloop
  endfacet
  facet normal 0.736719 0.552539 0.389803
    outer loop
      vertex 15.846741 4.303970 0.837404
      vertex 16.907978 3.127018 0.500000
      vertex 16.025263 4.303970 0.500000
    endloop
  endfacet
  facet normal -0.837417 0.320014 0.443083
    outer loop
      vertex 10.452022 3.127018 0.500000
      vertex 9.885284 1.643970 0.500000
      vertex 10.174140 1.643970 1.045930
    endloop
  endfacet
  facet normal -0.837417 0.320014 0.443083
    outer loop
      vertex 10.452022 3.127018 0.500000
      vertex 10.174140 1.643970 1.045930
      vertex 10.697737 3.127018 0.964396
    endloop
  endfacet
  facet normal -0.478793 0.215825 0.850986
    outer loop
      vertex 10.697737 3.127018 0.964396
      vertex 10.174140 1.643970 1.045930
      vertex 10.996731 1.643970 1.508748
    endloop
  endfacet
  facet normal -0.478793 0.215825 0.850986
    outer loop
      vertex 10.697737 3.127018 0.964396
      vertex 10.996731 1.643970 1.508748
      vertex 11.397475 3.127018 1.358092
    endloop
  endfacet
  facet normal -0.240401 0.162180 0.957029
    outer loop
      vertex 11.397475 3.127018 1.358092
      vertex 10.996731 1.643970 1.508748
      vertex 12.227825 1.643970 1.817992
    endloop
  endfacet
  facet normal -0.240401 0.162180 0.957029
    outer loop
      vertex 11.397475 3.127018 1.358092
      vertex 12.227825 1.643970 1.817992
      vertex 12.444706 3.127018 1.621151
    endloop
  endfacet
  facet normal -0.073817 0.141815 0.987137
    outer loop
      vertex 12.444706 3.127018 1.621151
      vertex 12.227825 1.643970 1.817992
      vertex 13.680000 1.643970 1.926585
    endloop
  endfacet
  facet normal -0.073817 0.141815 0.987137
    outer loop
      vertex 12.444706 3.127018 1.621151
      vertex 13.680000 1.643970 1.926585
      vertex 13.680000 3.127018 1.713525
    endloop
  endfacet
  facet normal 0.073817 0.141815 0.987137
    outer loop
      vertex 13.680000 3.127018 1.713525
      vertex 13.680000 1.643970 1.926585
      vertex 15.132175 1.643970 1.817992
    endloop
  endfacet
  facet normal 0.073817 0.141815 0.987137
    outer loop
      vertex 13.680000 3.127018 1.713525
      vertex 15.132175 1.643970 1.817992
      vertex 14.915294 3.127018 1.621151
    endloop
  endfacet
  facet normal 0.240401 0.162180 0.957029
    outer loop
      vertex 14.915294 3.127018 1.621151
      vertex 15.132175 1.643970 1.817992
      vertex 16.363269 1.643970 1.508748
    endloop
  endfacet
  facet normal 0.240401 0.162180 0.957029
    outer loop
      vertex 14.915294 3.127018 1.621151
      vertex 16.363269 1.643970 1.508748
      vertex 15.962525 3.127018 1.358092
    endloop
  endfacet
  facet normal 0.478793 0.215825 0.850986
    outer loop
      vertex 15.962525 3.127018 1.358092
      vertex 16.363269 1.643970 1.508748
      vertex 17.185860 1.643970 1.045930
    endloop
  endfacet
  facet normal 0.478793 0.215825 0.850986
    outer loop
      vertex 15.962525 3.127018 1.358092
      vertex 17.185860 1.643970 1.045930
      vertex 16.662263 3.127018 0.964396
    endloop
  endfacet
  facet normal 0.837417 0.320014 0.443083
    outer loop
      vertex 16.662263 3.127018 0.964396
      vertex 17.185860 1.643970 1.045930
      vertex 17.474716 1.643970 0.500000
    endloop
  endfacet
  facet normal 0.837417 0.320014 0.443083
    outer loop
      vertex 16.662263 3.127018 0.964396
      vertex 17.474716 1.643970 0.500000
      vertex 16.907978 3.127018 0.500000
    endloop
  endfacet
  facet normal -0.879067 0.104423 0.465120
    outer loop
      vertex 9.885284 1.643970 0.500000
      vertex 9.690000 0.000000 0.500000
      vertex 9.993721 0.000000 1.074025
    endloop
  endfacet
  facet normal -0.879067 0.104423 0.465120
    outer loop
      vertex 9.885284 1.643970 0.500000
      vertex 9.993721 0.000000 1.074025
      vertex 10.174140 1.643970 1.045930
    endloop
  endfacet
  facet normal -0.489196 0.068546 0.869476
    outer loop
      vertex 10.174140 1.643970 1.045930
      vertex 9.993721 0.000000 1.074025
      vertex 10.858644 0.000000 1.560660
    endloop
  endfacet
  facet normal -0.489196 0.068546 0.869476
    outer loop
      vertex 10.174140 1.643970 1.045930
      vertex 10.858644 0.000000 1.560660
      vertex 10.996731 1.643970 1.508748
    endloop
  endfacet
  facet normal -0.243309 0.051023 0.968606
    outer loop
      vertex 10.996731 1.643970 1.508748
      vertex 10.858644 0.000000 1.560660
      vertex 12.153093 0.000000 1.885819
    endloop
  endfacet
  facet normal -0.243309 0.051023 0.968606
    outer loop
      vertex 10.996731 1.643970 1.508748
      vertex 12.153093 0.000000 1.885819
      vertex 12.227825 1.643970 1.817992
    endloop
  endfacet
  facet normal -0.074497 0.044489 0.996228
    outer loop
      vertex 12.227825 1.643970 1.817992
      vertex 12.153093 0.000000 1.885819
      vertex 13.680000 0.000000 2.000000
    endloop
  endfacet
  facet normal -0.074497 0.044489 0.996228
    outer loop
      vertex 12.227825 1.643970 1.817992
      vertex 13.680000 0.000000 2.000000
      vertex 13.680000 1.643970 1.926585
    endloop
  endfacet
  facet normal 0.074497 0.044489 0.996228
    outer loop
      vertex 13.680000 1.643970 1.926585
      vertex 13.680000 0.000000 2.000000
      vertex 15.206907 0.000000 1.885819
    endloop
  endfacet
  facet normal 0.074497 0.044489 0.996228
    outer loop
      vertex 13.680000 1.643970 1.926585
      vertex 15.206907 0.000000 1.885819
      vertex 15.132175 1.643970 1.817992
    endloop
  endfacet
  facet normal 0.243309 0.051023 0.968606
    outer loop
      vertex 15.132175 1.643970 1.817992
      vertex 15.206907 0.000000 1.885819
      vertex 16.501356 0.000000 1.560660
    endloop
  endfacet
  facet normal 0.243309 0.051023 0.968606
    outer loop
      vertex 15.132175 1.643970 1.817992
      vertex 16.501356 0.000000 1.560660
      vertex 16.363269 1.643970 1.508748
    endloop
  endfacet
  facet normal 0.489196 0.068546 0.869476
    outer loop
      vertex 16.363269 1.643970 1.508748
      vertex 16.501356 0.000000 1.560660
      vertex 17.366279 0.000000 1.074025
    endloop
  endfacet
  facet normal 0.489196 0.068546 0.869476
    outer loop
      vertex 16.363269 1.643970 1.508748
      vertex 17.366279 0.000000 1.074025
      vertex 17.185860 1.643970 1.045930
    endloop
  endfacet
  facet normal 0.879067 0.104423 0.465120
    outer loop
      vertex 17.185860 1.643970 1.045930
      vertex 17.366279 0.000000 1.074025
      vertex 17.670000 0.000000 0.500000
    endloop
  endfacet
  facet normal 0.879067 0.104423 0.465120
    outer loop
      vertex 17.185860 1.643970 1.045930
      vertex 17.670000 0.000000 0.500000
      vertex 17.474716 1.643970 0.500000
    endloop
  endfacet
  facet normal -0.879067 -0.104423 0.465120
    outer loop
      vertex 9.690000 0.000000 0.500000
      vertex 9.885284 -1.643970 0.500000
      vertex 10.174140 -1.643970 1.045930
    endloop
  endfacet
  facet normal -0.879067 -0.104423 0.465120
    outer loop
      vertex 9.690000 0.000000 0.500000
      vertex 10.174140 -1.643970 1.045930
      vertex 9.993721 0.000000 1.074025
    endloop
  endfacet
  facet normal -0.489196 -0.068546 0.869476
    outer loop
      vertex 9.993721 0.000000 1.074025
      vertex 10.174140 -1.643970 1.045930
      vertex 10.996731 -1.643970 1.508748
    endloop
  endfacet
  facet normal -0.489196 -0.068546 0.869476
    outer loop
      vertex 9.993721 0.000000 1.074025
      vertex 10.996731 -1.643970 1.508748
      vertex 10.858644 0.000000 1.560660
    endloop
  endfacet
  facet normal -0.243309 -0.051023 0.968606
    outer loop
      vertex 10.858644 0.000000 1.560660
      vertex 10.996731 -1.643970 1.508748
      vertex 12.227825 -1.643970 1.817992
    endloop
  endfacet
  facet normal -0.243309 -0.051023 0.968606
    outer loop
      vertex 10.858644 0.000000 1.560660
      vertex 12.227825 -1.643970 1.817992
      vertex 12.153093 0.000000 1.885819
    endloop
  endfacet
  facet normal -0.074497 -0.044489 0.996228
    outer loop
      vertex 12.153093 0.000000 1.885819
      vertex 12.227825 -1.643970 1.817992
      vertex 13.680000 -1.643970 1.926585
    endloop
  endfacet
  facet normal -0.074497 -0.044489 0.996228
    outer loop
      vertex 12.153093 0.000000 1.885819
      vertex 13.680000 -1.643970 1.926585
      vertex 13.680000 0.000000 2.000000
    endloop
  endfacet
  facet normal 0.074497 -0.044489 0.996228
    outer loop
      vertex 13.680000 0.000000 2.000000
      vertex 13.680000 -1.643970 1.926585
      vertex 15.132175 -1.643970 1.817992
    endloop
  endfacet
  facet normal 0.074497 -0.044489 0.996228
    outer loop
      vertex 13.680000 0.000000 2.000000
      vertex 15.132175 -1.643970 1.817992
      vertex 15.206907 0.000000 1.885819
    endloop
  endfacet
  facet normal 0.243309 -0.051023 0.968606
    outer loop
      vertex 15.206907 0.000000 1.885819
      vertex 15.132175 -1.643970 1.817992
      vertex 16.363269 -1.643970 1.508748
    endloop
  endfacet
  facet normal 0.243309 -0.051023 0.968606
    outer loop
      vertex 15.206907 0.000000 1.885819
      vertex 16.363269 -1.643970 1.508748
      vertex 16.501356 0.000000 1.560660
    endloop
  endfacet
  facet normal 0.489196 -0.068546 0.869476
    outer loop
      vertex 16.501356 0.000000 1.560660
      vertex 16.363269 -1.643970 1.508748
      vertex 17.185860 -1.643970 1.045930
    endloop
  endfacet
  facet normal 0.489196 -0.068546 0.869476
    outer loop
      vertex 16.501356 0.000000 1.560660
      vertex 17.185860 -1.643970 1.045930
      vertex 17.366279 0.000000 1.074025
    endloop
  endfacet
  facet normal 0.879067 -0.104423 0.465120
    outer loop
      vertex 17.366279 0.000000 1.074025
      vertex 17.185860 -1.643970 1.045930
      vertex 17.474716 -1.643970 0.500000
    endloop
  endfacet
  facet normal 0.879067 -0.104423 0.465120
    outer loop
      vertex 17.366279 0.000000 1.074025
      vertex 17.474716 -1.643970 0.500000
      vertex 17.670000 0.000000 0.500000
    endloop
  endfacet
  facet normal -0.837417 -0.320014 0.443083
    outer loop
      vertex 9.885284 -1.643970 0.500000
      vertex 10.452022 -3.127018 0.500000
      vertex 10.697737 -3.127018 0.964396
    endloop
  endfacet
  facet normal -0.837417 -0.320014 0.443083
    outer loop
      vertex 9.885284 -1.643970 0.500000
      vertex 10.697737 -3.127018 0.964396
      vertex 10.174140 -1.643970 1.045930
    endloop
  endfacet
  facet normal -0.478793 -0.215825 0.850986
    outer loop
      vertex 10.174140 -1.643970 1.045930
      vertex 10.697737 -3.127018 0.964396
      vertex 11.397475 -3.127018 1.358092
    endloop
  endfacet
  facet normal -0.478793 -0.215825 0.850986
    outer loop
      vertex 10.174140 -1.643970 1.045930
      vertex 11.397475 -3.127018 1.358092
      vertex 10.996731 -1.643970 1.508748
    endloop
  endfacet
  facet normal -0.240401 -0.162180 0.957029
    outer loop
      vertex 10.996731 -1.643970 1.508748
      vertex 11.397475 -3.127018 1.358092
      vertex 12.444706 -3.127018 1.621151
    endloop
  endfacet
  facet normal -0.240401 -0.162180 0.957029
    outer loop
      vertex 10.996731 -1.643970 1.508748
      vertex 12.444706 -3.127018 1.621151
      vertex 12.227825 -1.643970 1.817992
    endloop
  endfacet
  facet normal -0.073817 -0.141815 0.987137
    outer loop
      vertex 12.227825 -1.643970 1.817992
      vertex 12.444706 -3.127018 1.621151
      vertex 13.680000 -3.127018 1.713525
    endloop
  endfacet
  facet normal -0.073817 -0.141815 0.987137
    outer loop
      vertex 12.227825 -1.643970 1.817992
      vertex 13.680000 -3.127018 1.713525
      vertex 13.680000 -1.643970 1.926585
    endloop
  endfacet
  facet normal 0.073817 -0.141815 0.987137
    outer loop
      vertex 13.680000 -1.643970 1.926585
      vertex 13.680000 -3.127018 1.713525
      vertex 14.915294 -3.127018 1.621151
    endloop
  endfacet
  facet normal 0.073817 -0.141815 0.987137
    outer loop
      vertex 13.680000 -1.643970 1.926585
      vertex 14.915294 -3.127018 1.621151
      vertex 15.132175 -1.643970 1.817992
    endloop
  endfacet
  facet normal 0.240401 -0.162180 0.957029
    outer loop
      vertex 15.132175 -1.643970 1.817992
      vertex 14.915294 -3.127018 1.621151
      vertex 15.962525 -3.127018 1.358092
    endloop
  endfacet
  facet normal 0.240401 -0.162180 0.957029
    outer loop
      vertex 15.132175 -1.643970 1.817992
      vertex 15.962525 -3.127018 1.358092
      vertex 16.363269 -1.643970 1.508748
    endloop
  endfacet
  facet normal 0.478793 -0.215825 0.850986
    outer loop
      vertex 16.363269 -1.643970 1.508748
      vertex 15.962525 -3.127018 1.358092
      vertex 16.662263 -3.127018 0.964396
    endloop
  endfacet
  facet normal 0.478793 -0.215825 0.850986
    outer loop
      vertex 16.363269 -1.643970 1.508748
      vertex 16.662263 -3.127018 0.964396
      vertex 17.185860 -1.643970 1.045930
    endloop
  endfacet
  facet normal 0.837417 -0.320014 0.443083
    outer loop
      vertex 17.185860 -1.643970 1.045930
      vertex 16.662263 -3.127018 0.964396
      vertex 16.907978 -3.127018 0.500000
    endloop
  endfacet
  facet normal 0.837417 -0.320014 0.443083
    outer loop
      vertex 17.185860 -1.643970 1.045930
      vertex 16.907978 -3.127018 0.500000
      vertex 17.474716 -1.643970 0.500000
    endloop
  endfacet
  facet normal -0.736719 -0.552539 0.389803
    outer loop
      vertex 10.452022 -3.127018 0.500000
      vertex 11.334737 -4.303970 0.500000
      vertex 11.513259 -4.303970 0.837404
    endloop
  endfacet
  facet normal -0.736719 -0.552539 0.389803
    outer loop
      vertex 10.452022 -3.127018 0.500000
      vertex 11.513259 -4.303970 0.837404
      vertex 10.697737 -3.127018 0.964396
    endloop
  endfacet
  facet normal -0.449846 -0.397972 0.799536
    outer loop
      vertex 10.697737 -3.127018 0.964396
      vertex 11.513259 -4.303970 0.837404
      vertex 12.021649 -4.303970 1.123440
    endloop
  endfacet
  facet normal -0.449846 -0.397972 0.799536
    outer loop
      vertex 10.697737 -3.127018 0.964396
      vertex 12.021649 -4.303970 1.123440
      vertex 11.397475 -3.127018 1.358092
    endloop
  endfacet
  facet normal -0.231862 -0.306991 0.923036
    outer loop
      vertex 11.397475 -3.127018 1.358092
      vertex 12.021649 -4.303970 1.123440
      vertex 12.782507 -4.303970 1.314564
    endloop
  endfacet
  facet normal -0.231862 -0.306991 0.923036
    outer loop
      vertex 11.397475 -3.127018 1.358092
      vertex 12.782507 -4.303970 1.314564
      vertex 12.444706 -3.127018 1.621151
    endloop
  endfacet
  facet normal -0.071787 -0.270674 0.959991
    outer loop
      vertex 12.444706 -3.127018 1.621151
      vertex 12.782507 -4.303970 1.314564
      vertex 13.680000 -4.303970 1.381678
    endloop
  endfacet
  facet normal -0.071787 -0.270674 0.959991
    outer loop
      vertex 12.444706 -3.127018 1.621151
      vertex 13.680000 -4.303970 1.381678
      vertex 13.680000 -3.127018 1.713525
    endloop
  endfacet
  facet normal 0.071787 -0.270674 0.959991
    outer loop
      vertex 13.680000 -3.127018 1.713525
      vertex 13.680000 -4.303970 1.381678
      vertex 14.577493 -4.303970 1.314564
    endloop
  endfacet
  facet normal 0.071787 -0.270674 0.959991
    outer loop
      vertex 13.680000 -3.127018 1.713525
      vertex 14.577493 -4.303970 1.314564
      vertex 14.915294 -3.127018 1.621151
    endloop
  endfacet
  facet normal 0.231862 -0.306991 0.923036
    outer loop
      vertex 14.915294 -3.127018 1.621151
      vertex 14.577493 -4.303970 1.314564
      vertex 15.338351 -4.303970 1.123440
    endloop
  endfacet
  facet normal 0.231862 -0.306991 0.923036
    outer loop
      vertex 14.915294 -3.127018 1.621151
      vertex 15.338351 -4.303970 1.123440
      vertex 15.962525 -3.127018 1.358092
    endloop
  endfacet
  facet normal 0.449846 -0.397972 0.799536
    outer loop
      vertex 15.962525 -3.127018 1.358092
      vertex 15.338351 -4.303970 1.123440
      vertex 15.846741 -4.303970 0.837404
    endloop
  endfacet
  facet normal 0.449846 -0.397972 0.799536
    outer loop
      vertex 15.962525 -3.127018 1.358092
      vertex 15.846741 -4.303970 0.837404
      vertex 16.662263 -3.127018 0.964396
    endloop
  endfacet
  facet normal 0.736719 -0.552539 0.389803
    outer loop
      vertex 16.662263 -3.127018 0.964396
      vertex 15.846741 -4.303970 0.837404
      vertex 16.025263 -4.303970 0.500000
    endloop
  endfacet
  facet normal 0.736719 -0.552539 0.389803
    outer loop
      vertex 16.662263 -3.127018 0.964396
      vertex 16.025263 -4.303970 0.500000
      vertex 16.907978 -3.127018 0.500000
    endloop
  endfacet
  facet normal -0.538646 -0.792865 0.285001
    outer loop
      vertex 11.334737 -4.303970 0.500000
      vertex 12.447022 -5.059621 0.500000
      vertex 12.540877 -5.059621 0.677384
    endloop
  endfacet
  facet normal -0.538646 -0.792865 0.285001
    outer loop
      vertex 11.334737 -4.303970 0.500000
      vertex 12.540877 -5.059621 0.677384
      vertex 11.513259 -4.303970 0.837404
    endloop
  endfacet
  facet normal -0.373360 -0.648263 0.663594
    outer loop
      vertex 11.513259 -4.303970 0.837404
      vertex 12.540877 -5.059621 0.677384
      vertex 12.808153 -5.059621 0.827762
    endloop
  endfacet
  facet normal -0.373360 -0.648263 0.663594
    outer loop
      vertex 11.513259 -4.303970 0.837404
      vertex 12.808153 -5.059621 0.827762
      vertex 12.021649 -4.303970 1.123440
    endloop
  endfacet
  facet normal -0.205844 -0.534896 0.819460
    outer loop
      vertex 12.021649 -4.303970 1.123440
      vertex 12.808153 -5.059621 0.827762
      vertex 13.208160 -5.059621 0.928242
    endloop
  endfacet
  facet normal -0.205844 -0.534896 0.819460
    outer loop
      vertex 12.021649 -4.303970 1.123440
      vertex 13.208160 -5.059621 0.928242
      vertex 12.782507 -4.303970 1.314564
    endloop
  endfacet
  facet normal -0.065290 -0.483146 0.873102
    outer loop
      vertex 12.782507 -4.303970 1.314564
      vertex 13.208160 -5.059621 0.928242
      vertex 13.680000 -5.059621 0.963525
    endloop
  endfacet
  facet normal -0.065290 -0.483146 0.873102
    outer loop
      vertex 12.782507 -4.303970 1.314564
      vertex 13.680000 -5.059621 0.963525
      vertex 13.680000 -4.303970 1.381678
    endloop
  endfacet
  facet normal 0.065290 -0.483146 0.873102
    outer loop
      vertex 13.680000 -4.303970 1.381678
      vertex 13.680000 -5.059621 0.963525
      vertex 14.151840 -5.059621 0.928242
    endloop
  endfacet
  facet normal 0.065290 -0.483146 0.873102
    outer loop
      vertex 13.680000 -4.303970 1.381678
      vertex 14.151840 -5.059621 0.928242
      vertex 14.577493 -4.303970 1.314564
    endloop
  endfacet
  facet normal 0.205844 -0.534896 0.819460
    outer loop
      vertex 14.577493 -4.303970 1.314564
      vertex 14.151840 -5.059621 0.928242
      vertex 14.551847 -5.059621 0.827762
    endloop
  endfacet
  facet normal 0.205844 -0.534896 0.819460
    outer loop
      vertex 14.577493 -4.303970 1.314564
      vertex 14.551847 -5.059621 0.827762
      vertex 15.338351 -4.303970 1.123440
    endloop
  endfacet
  facet normal 0.373360 -0.648263 0.663594
    outer loop
      vertex 15.338351 -4.303970 1.123440
      vertex 14.551847 -5.059621 0.827762
      vertex 14.819123 -5.059621 0.677384
    endloop
  endfacet
  facet normal 0.373360 -0.648263 0.663594
    outer loop
      vertex 15.338351 -4.303970 1.123440
      vertex 14.819123 -5.059621 0.677384
      vertex 15.846741 -4.303970 0.837404
    endloop
  endfacet
  facet normal 0.538646 -0.792865 0.285001
    outer loop
      vertex 15.846741 -4.303970 0.837404
      vertex 14.819123 -5.059621 0.677384
      vertex 14.912978 -5.059621 0.500000
    endloop
  endfacet
  facet normal 0.538646 -0.792865 0.285001
    outer loop
      vertex 15.846741 -4.303970 0.837404
      vertex 14.912978 -5.059621 0.500000
      vertex 16.025263 -4.303970 0.500000
    endloop
  endfacet
  facet normal 0.000000 0.000000 1.000000
    outer loop
      vertex 12.447022 -5.059621 0.500000
      vertex 13.680000 -5.320000 0.500000
      vertex 13.680000 -5.320000 0.500000
    endloop
  endfacet
  facet normal -0.205398 -0.972626 0.108678
    outer loop
      vertex 12.447022 -5.059621 0.500000
      vertex 13.680000 -5.320000 0.500000
      vertex 12.540877 -5.059621 0.677384
    endloop
  endfacet
  facet normal 0.000000 0.000000 1.000000
    outer loop
      vertex 12.540877 -5.059621 0.677384
      vertex 13.680000 -5.320000 0.500000
      vertex 13.680000 -5.320000 0.500000
    endloop
  endfacet
  facet normal -0.168171 -0.939350 0.298899
    outer loop
      vertex 12.540877 -5.059621 0.677384
      vertex 13.680000 -5.320000 0.500000
      vertex 12.808153 -5.059621 0.827762
    endloop
  endfacet
  facet normal 0.000000 0.000000 1.000000
    outer loop
      vertex 12.808153 -5.059621 0.827762
      vertex 13.680000 -5.320000 0.500000
      vertex 13.680000 -5.320000 0.500000
    endloop
  endfacet
  facet normal -0.107378 -0.897631 0.427468
    outer loop
      vertex 12.808153 -5.059621 0.827762
      vertex 13.680000 -5.320000 0.500000
      vertex 13.208160 -5.059621 0.928242
    endloop
  endfacet
  facet normal 0.000000 0.000000 1.000000
    outer loop
      vertex 13.208160 -5.059621 0.928242
      vertex 13.680000 -5.320000 0.500000
      vertex 13.680000 -5.320000 0.500000
    endloop
  endfacet
  facet normal -0.036599 -0.871276 0.489428
    outer loop
      vertex 13.208160 -5.059621 0.928242
      vertex 13.680000 -5.320000 0.500000
      vertex 13.680000 -5.059621 0.963525
    endloop
  endfacet
  facet normal 0.000000 0.000000 1.000000
    outer loop
      vertex 13.680000 -5.059621 0.963525
      vertex 13.680000 -5.320000 0.500000
      vertex 13.680000 -5.320000 0.500000
    endloop
  endfacet
  facet normal 0.036599 -0.871276 0.489428
    outer loop
      vertex 13.680000 -5.059621 0.963525
      vertex 13.680000 -5.320000 0.500000
      vertex 14.151840 -5.059621 0.928242
    endloop
  endfacet
  facet normal 0.000000 0.000000 1.000000
    outer loop
      vertex 14.151840 -5.059621 0.928242
      vertex 13.680000 -5.320000 0.500000
      vertex 13.680000 -5.320000 0.500000
    endloop
  endfacet
  facet normal 0.107378 -0.897631 0.427468
    outer loop
      vertex 14.151840 -5.059621 0.928242
      vertex 13.680000 -5.320000 0.500000
      vertex 14.551847 -5.059621 0.827762
    endloop
  endfacet
  facet normal 0.000000 0.000000 1.000000
    outer loop
      vertex 14.551847 -5.059621 0.827762
      vertex 13.680000 -5.320000 0.500000
      vertex 13.680000 -5.320000 0.500000
    endloop
  endfacet
  facet normal 0.168171 -0.939350 0.298899
    outer loop
      vertex 14.551847 -5.059621 0.827762
      vertex 13.680000 -5.320000 0.500000
      vertex 14.819123 -5.059621 0.677384
    endloop
  endfacet
  facet normal 0.000000 0.000000 1.000000
    outer loop
      vertex 14.819123 -5.059621 0.677384
      vertex 13.680000 -5.320000 0.500000
      vertex 13.680000 -5.320000 0.500000
    endloop
  endfacet
  facet normal 0.205398 -0.972626 0.108678
    outer loop
      vertex 14.819123 -5.059621 0.677384
      vertex 13.680000 -5.320000 0.500000
      vertex 14.912978 -5.059621 0.500000
    endloop
  endfacet
  facet normal -0.832989 0.542512 0.108678
    outer loop
      vertex 5.911413 13.435029 0.500000
      vertex 5.223682 12.379066 0.500000
      vertex 5.290047 12.445431 0.677384
    endloop
  endfacet
  facet normal 0.000000 0.000000 1.000000
    outer loop
      vertex 5.911413 13.435029 0.500000
      vertex 5.290047 12.445431 0.677384
      vertex 5.911413 13.435029 0.500000
    endloop
  endfacet
  facet normal -0.783135 0.545306 0.298899
    outer loop
      vertex 5.911413 13.435029 0.500000
      vertex 5.290047 12.445431 0.677384
      vertex 5.479040 12.634424 0.827762
    endloop
  endfacet
  facet normal 0.000000 0.000000 1.000000
    outer loop
      vertex 5.911413 13.435029 0.500000
      vertex 5.479040 12.634424 0.827762
      vertex 5.911413 13.435029 0.500000
    endloop
  endfacet
  facet normal -0.710649 0.558793 0.427468
    outer loop
      vertex 5.911413 13.435029 0.500000
      vertex 5.479040 12.634424 0.827762
      vertex 5.761887 12.917271 0.928242
    endloop
  endfacet
  facet normal 0.000000 0.000000 1.000000
    outer loop
      vertex 5.911413 13.435029 0.500000
      vertex 5.761887 12.917271 0.928242
      vertex 5.911413 13.435029 0.500000
    endloop
  endfacet
  facet normal -0.641964 0.590206 0.489428
    outer loop
      vertex 5.911413 13.435029 0.500000
      vertex 5.761887 12.917271 0.928242
      vertex 6.095529 13.250913 0.963525
    endloop
  endfacet
  facet normal 0.000000 0.000000 1.000000
    outer loop
      vertex 5.911413 13.435029 0.500000
      vertex 6.095529 13.250913 0.963525
      vertex 5.911413 13.435029 0.500000
    endloop
  endfacet
  facet normal -0.590206 0.641964 0.489428
    outer loop
      vertex 5.911413 13.435029 0.500000
      vertex 6.095529 13.250913 0.963525
      vertex 6.429170 13.584554 0.928242
    endloop
  endfacet
  facet normal 0.000000 0.000000 1.000000
    outer loop
      vertex 5.911413 13.435029 0.500000
      vertex 6.429170 13.584554 0.928242
      vertex 5.911413 13.435029 0.500000
    endloop
  endfacet
  facet normal -0.558793 0.710649 0.427468
    outer loop
      vertex 5.911413 13.435029 0.500000
      vertex 6.429170 13.584554 0.928242
      vertex 6.712018 13.867402 0.827762
    endloop
  endfacet
  facet normal 0.000000 0.000000 1.000000
    outer loop
      vertex 5.911413 13.435029 0.500000
      vertex 6.712018 13.867402 0.827762
      vertex 5.911413 13.435029 0.500000
    endloop
  endfacet
  facet normal -0.545306 0.783135 0.298899
    outer loop
      vertex 5.911413 13.435029 0.500000
      vertex 6.712018 13.867402 0.827762
      vertex 6.901010 14.056394 0.677384
    endloop
  endfacet
  facet normal 0.000000 0.000000 1.000000
    outer loop
      vertex 5.911413 13.435029 0.500000
      vertex 6.901010 14.056394 0.677384
      vertex 5.911413 13.435029 0.500000
    endloop
  endfacet
  facet normal -0.542512 0.832989 0.108678
    outer loop
      vertex 5.911413 13.435029 0.500000
      vertex 6.901010 14.056394 0.677384
      vertex 6.967376 14.122760 0.500000
    endloop
  endfacet
  facet normal 0.000000 0.000000 1.000000
    outer loop
      vertex 5.911413 13.435029 0.500000
      vertex 6.967376 14.122760 0.500000
      vertex 5.911413 13.435029 0.500000
    endloop
  endfacet
  facet normal -0.941520 0.179760 0.285001
    outer loop
      vertex 5.223682 12.379066 0.500000
      vertex 4.971503 11.058236 0.500000
      vertex 5.097737 11.184470 0.837404
    endloop
  endfacet
  facet normal -0.941520 0.179760 0.285001
    outer loop
      vertex 5.223682 12.379066 0.500000
      vertex 5.097737 11.184470 0.837404
      vertex 5.290047 12.445431 0.677384
    endloop
  endfacet
  facet normal -0.722397 0.194385 0.663594
    outer loop
      vertex 5.290047 12.445431 0.677384
      vertex 5.097737 11.184470 0.837404
      vertex 5.457223 11.543956 1.123440
    endloop
  endfacet
  facet normal -0.722397 0.194385 0.663594
    outer loop
      vertex 5.290047 12.445431 0.677384
      vertex 5.457223 11.543956 1.123440
      vertex 5.479040 12.634424 0.827762
    endloop
  endfacet
  facet normal -0.523782 0.232674 0.819460
    outer loop
      vertex 5.479040 12.634424 0.827762
      vertex 5.457223 11.543956 1.123440
      vertex 5.995230 12.081964 1.314564
    endloop
  endfacet
  facet normal -0.523782 0.232674 0.819460
    outer loop
      vertex 5.479040 12.634424 0.827762
      vertex 5.995230 12.081964 1.314564
      vertex 5.761887 12.917271 0.928242
    endloop
  endfacet
  facet normal -0.387803 0.295469 0.873102
    outer loop
      vertex 5.761887 12.917271 0.928242
      vertex 5.995230 12.081964 1.314564
      vertex 6.629854 12.716587 1.381678
    endloop
  endfacet
  facet normal -0.387803 0.295469 0.873102
    outer loop
      vertex 5.761887 12.917271 0.928242
      vertex 6.629854 12.716587 1.381678
      vertex 6.095529 13.250913 0.963525
    endloop
  endfacet
  facet normal -0.295469 0.387803 0.873102
    outer loop
      vertex 6.095529 13.250913 0.963525
      vertex 6.629854 12.716587 1.381678
      vertex 7.264478 13.351211 1.314564
    endloop
  endfacet
  facet normal -0.295469 0.387803 0.873102
    outer loop
      vertex 6.095529 13.250913 0.963525
      vertex 7.264478 13.351211 1.314564
      vertex 6.429170 13.584554 0.928242
    endloop
  endfacet
  facet normal -0.232674 0.523782 0.819460
    outer loop
      vertex 6.429170 13.584554 0.928242
      vertex 7.264478 13.351211 1.314564
      vertex 7.802486 13.889219 1.123440
    endloop
  endfacet
  facet normal -0.232674 0.523782 0.819460
    outer loop
      vertex 6.429170 13.584554 0.928242
      vertex 7.802486 13.889219 1.123440
      vertex 6.712018 13.867402 0.827762
    endloop
  endfacet
  facet normal -0.194385 0.722397 0.663594
    outer loop
      vertex 6.712018 13.867402 0.827762
      vertex 7.802486 13.889219 1.123440
      vertex 8.161971 14.248704 0.837404
    endloop
  endfacet
  facet normal -0.194385 0.722397 0.663594
    outer loop
      vertex 6.712018 13.867402 0.827762
      vertex 8.161971 14.248704 0.837404
      vertex 6.901010 14.056394 0.677384
    endloop
  endfacet
  facet normal -0.179760 0.941520 0.285001
    outer loop
      vertex 6.901010 14.056394 0.677384
      vertex 8.161971 14.248704 0.837404
      vertex 8.288206 14.374939 0.500000
    endloop
  endfacet
  facet normal -0.179760 0.941520 0.285001
    outer loop
      vertex 6.901010 14.056394 0.677384
      vertex 8.288206 14.374939 0.500000
      vertex 6.967376 14.122760 0.500000
    endloop
  endfacet
  facet normal -0.911643 -0.130235 0.389803
    outer loop
      vertex 4.971503 11.058236 0.500000
      vertex 5.179560 9.601831 0.500000
      vertex 5.353307 9.775578 0.964396
    endloop
  endfacet
  facet normal -0.911643 -0.130235 0.389803
    outer loop
      vertex 4.971503 11.058236 0.500000
      vertex 5.353307 9.775578 0.964396
      vertex 5.097737 11.184470 0.837404
    endloop
  endfacet
  facet normal -0.599498 -0.036680 0.799536
    outer loop
      vertex 5.097737 11.184470 0.837404
      vertex 5.353307 9.775578 0.964396
      vertex 5.848097 10.270367 1.358092
    endloop
  endfacet
  facet normal -0.599498 -0.036680 0.799536
    outer loop
      vertex 5.097737 11.184470 0.837404
      vertex 5.848097 10.270367 1.358092
      vertex 5.457223 11.543956 1.123440
    endloop
  endfacet
  facet normal -0.381027 0.053124 0.923036
    outer loop
      vertex 5.457223 11.543956 1.123440
      vertex 5.848097 10.270367 1.358092
      vertex 6.588601 11.010872 1.621151
    endloop
  endfacet
  facet normal -0.381027 0.053124 0.923036
    outer loop
      vertex 5.457223 11.543956 1.123440
      vertex 6.588601 11.010872 1.621151
      vertex 5.995230 12.081964 1.314564
    endloop
  endfacet
  facet normal -0.242157 0.140634 0.959991
    outer loop
      vertex 5.995230 12.081964 1.314564
      vertex 6.588601 11.010872 1.621151
      vertex 7.462085 11.884356 1.713525
    endloop
  endfacet
  facet normal -0.242157 0.140634 0.959991
    outer loop
      vertex 5.995230 12.081964 1.314564
      vertex 7.462085 11.884356 1.713525
      vertex 6.629854 12.716587 1.381678
    endloop
  endfacet
  facet normal -0.140634 0.242157 0.959991
    outer loop
      vertex 6.629854 12.716587 1.381678
      vertex 7.462085 11.884356 1.713525
      vertex 8.335570 12.757841 1.621151
    endloop
  endfacet
  facet normal -0.140634 0.242157 0.959991
    outer loop
      vertex 6.629854 12.716587 1.381678
      vertex 8.335570 12.757841 1.621151
      vertex 7.264478 13.351211 1.314564
    endloop
  endfacet
  facet normal -0.053124 0.381027 0.923036
    outer loop
      vertex 7.264478 13.351211 1.314564
      vertex 8.335570 12.757841 1.621151
      vertex 9.076074 13.498345 1.358092
    endloop
  endfacet
  facet normal -0.053124 0.381027 0.923036
    outer loop
      vertex 7.264478 13.351211 1.314564
      vertex 9.076074 13.498345 1.358092
      vertex 7.802486 13.889219 1.123440
    endloop
  endfacet
  facet normal 0.036680 0.599498 0.799536
    outer loop
      vertex 7.802486 13.889219 1.123440
      vertex 9.076074 13.498345 1.358092
      vertex 9.570864 13.993134 0.964396
    endloop
  endfacet
  facet normal 0.036680 0.599498 0.799536
    outer loop
      vertex 7.802486 13.889219 1.123440
      vertex 9.570864 13.993134 0.964396
      vertex 8.161971 14.248704 0.837404
    endloop
  endfacet
  facet normal 0.130235 0.911643 0.389803
    outer loop
      vertex 8.161971 14.248704 0.837404
      vertex 9.570864 13.993134 0.964396
      vertex 9.744610 14.166881 0.500000
    endloop
  endfacet
  facet normal 0.130235 0.911643 0.389803
    outer loop
      vertex 8.161971 14.248704 0.837404
      vertex 9.744610 14.166881 0.500000
      vertex 8.288206 14.374939 0.500000
    endloop
  endfacet
  facet normal -0.818428 -0.365859 0.443083
    outer loop
      vertex 5.179560 9.601831 0.500000
      vertex 5.827489 8.152414 0.500000
      vertex 6.031741 8.356666 1.045930
    endloop
  endfacet
  facet normal -0.818428 -0.365859 0.443083
    outer loop
      vertex 5.179560 9.601831 0.500000
      vertex 6.031741 8.356666 1.045930
      vertex 5.353307 9.775578 0.964396
    endloop
  endfacet
  facet normal -0.491170 -0.185946 0.850986
    outer loop
      vertex 5.353307 9.775578 0.964396
      vertex 6.031741 8.356666 1.045930
      vertex 6.613400 8.938326 1.508748
    endloop
  endfacet
  facet normal -0.491170 -0.185946 0.850986
    outer loop
      vertex 5.353307 9.775578 0.964396
      vertex 6.613400 8.938326 1.508748
      vertex 5.848097 10.270367 1.358092
    endloop
  endfacet
  facet normal -0.284668 -0.055310 0.957029
    outer loop
      vertex 5.848097 10.270367 1.358092
      vertex 6.613400 8.938326 1.508748
      vertex 7.483916 9.808841 1.817992
    endloop
  endfacet
  facet normal -0.284668 -0.055310 0.957029
    outer loop
      vertex 5.848097 10.270367 1.358092
      vertex 7.483916 9.808841 1.817992
      vertex 6.588601 11.010872 1.621151
    endloop
  endfacet
  facet normal -0.152475 0.048082 0.987137
    outer loop
      vertex 6.588601 11.010872 1.621151
      vertex 7.483916 9.808841 1.817992
      vertex 8.510758 10.835683 1.926585
    endloop
  endfacet
  facet normal -0.152475 0.048082 0.987137
    outer loop
      vertex 6.588601 11.010872 1.621151
      vertex 8.510758 10.835683 1.926585
      vertex 7.462085 11.884356 1.713525
    endloop
  endfacet
  facet normal -0.048082 0.152475 0.987137
    outer loop
      vertex 7.462085 11.884356 1.713525
      vertex 8.510758 10.835683 1.926585
      vertex 9.537601 11.862526 1.817992
    endloop
  endfacet
  facet normal -0.048082 0.152475 0.987137
    outer loop
      vertex 7.462085 11.884356 1.713525
      vertex 9.537601 11.862526 1.817992
      vertex 8.335570 12.757841 1.621151
    endloop
  endfacet
  facet normal 0.055310 0.284668 0.957029
    outer loop
      vertex 8.335570 12.757841 1.621151
      vertex 9.537601 11.862526 1.817992
      vertex 10.408116 12.733041 1.508748
    endloop
  endfacet
  facet normal 0.055310 0.284668 0.957029
    outer loop
      vertex 8.335570 12.757841 1.621151
      vertex 10.408116 12.733041 1.508748
      vertex 9.076074 13.498345 1.358092
    endloop
  endfacet
  facet normal 0.185946 0.491170 0.850986
    outer loop
      vertex 9.076074 13.498345 1.358092
      vertex 10.408116 12.733041 1.508748
      vertex 10.989776 13.314701 1.045930
    endloop
  endfacet
  facet normal 0.185946 0.491170 0.850986
    outer loop
      vertex 9.076074 13.498345 1.358092
      vertex 10.989776 13.314701 1.045930
      vertex 9.570864 13.993134 0.964396
    endloop
  endfacet
  facet normal 0.365859 0.818428 0.443083
    outer loop
      vertex 9.570864 13.993134 0.964396
      vertex 10.989776 13.314701 1.045930
      vertex 11.194027 13.518952 0.500000
    endloop
  endfacet
  facet normal 0.365859 0.818428 0.443083
    outer loop
      vertex 9.570864 13.993134 0.964396
      vertex 11.194027 13.518952 0.500000
      vertex 9.744610 14.166881 0.500000
    endloop
  endfacet
  facet normal -0.695432 -0.547756 0.465120
    outer loop
      vertex 5.827489 8.152414 0.500000
      vertex 6.851865 6.851865 0.500000
      vertex 7.066628 7.066628 1.074025
    endloop
  endfacet
  facet normal -0.695432 -0.547756 0.465120
    outer loop
      vertex 5.827489 8.152414 0.500000
      vertex 7.066628 7.066628 1.074025
      vertex 6.031741 8.356666 1.045930
    endloop
  endfacet
  facet normal -0.394384 -0.297445 0.869476
    outer loop
      vertex 6.031741 8.356666 1.045930
      vertex 7.066628 7.066628 1.074025
      vertex 7.678221 7.678221 1.560660
    endloop
  endfacet
  facet normal -0.394384 -0.297445 0.869476
    outer loop
      vertex 6.031741 8.356666 1.045930
      vertex 7.678221 7.678221 1.560660
      vertex 6.613400 8.938326 1.508748
    endloop
  endfacet
  facet normal -0.208124 -0.135967 0.968606
    outer loop
      vertex 6.613400 8.938326 1.508748
      vertex 7.678221 7.678221 1.560660
      vertex 8.593535 8.593535 1.885819
    endloop
  endfacet
  facet normal -0.208124 -0.135967 0.968606
    outer loop
      vertex 6.613400 8.938326 1.508748
      vertex 8.593535 8.593535 1.885819
      vertex 7.483916 9.808841 1.817992
    endloop
  endfacet
  facet normal -0.084136 -0.021219 0.996228
    outer loop
      vertex 7.483916 9.808841 1.817992
      vertex 8.593535 8.593535 1.885819
      vertex 9.673221 9.673221 2.000000
    endloop
  endfacet
  facet normal -0.084136 -0.021219 0.996228
    outer loop
      vertex 7.483916 9.808841 1.817992
      vertex 9.673221 9.673221 2.000000
      vertex 8.510758 10.835683 1.926585
    endloop
  endfacet
  facet normal 0.021219 0.084136 0.996228
    outer loop
      vertex 8.510758 10.835683 1.926585
      vertex 9.673221 9.673221 2.000000
      vertex 10.752907 10.752907 1.885819
    endloop
  endfacet
  facet normal 0.021219 0.084136 0.996228
    outer loop
      vertex 8.510758 10.835683 1.926585
      vertex 10.752907 10.752907 1.885819
      vertex 9.537601 11.862526 1.817992
    endloop
  endfacet
  facet normal 0.135967 0.208124 0.968606
    outer loop
      vertex 9.537601 11.862526 1.817992
      vertex 10.752907 10.752907 1.885819
      vertex 11.668221 11.668221 1.560660
    endloop
  endfacet
  facet normal 0.135967 0.208124 0.968606
    outer loop
      vertex 9.537601 11.862526 1.817992
      vertex 11.668221 11.668221 1.560660
      vertex 10.408116 12.733041 1.508748
    endloop
  endfacet
  facet normal 0.297445 0.394384 0.869476
    outer loop
      vertex 10.408116 12.733041 1.508748
      vertex 11.668221 11.668221 1.560660
      vertex 12.279814 12.279814 1.074025
    endloop
  endfacet
  facet normal 0.297445 0.394384 0.869476
    outer loop
      vertex 10.408116 12.733041 1.508748
      vertex 12.279814 12.279814 1.074025
      vertex 10.989776 13.314701 1.045930
    endloop
  endfacet
  facet normal 0.547756 0.695432 0.465120
    outer loop
      vertex 10.989776 13.314701 1.045930
      vertex 12.279814 12.279814 1.074025
      vertex 12.494577 12.494577 0.500000
    endloop
  endfacet
  facet normal 0.547756 0.695432 0.465120
    outer loop
      vertex 10.989776 13.314701 1.045930
      vertex 12.494577 12.494577 0.500000
      vertex 11.194027 13.518952 0.500000
    endloop
  endfacet
  facet normal -0.547756 -0.695432 0.465120
    outer loop
      vertex 6.851865 6.851865 0.500000
      vertex 8.152414 5.827489 0.500000
      vertex 8.356666 6.031741 1.045930
    endloop
  endfacet
  facet normal -0.547756 -0.695432 0.465120
    outer loop
      vertex 6.851865 6.851865 0.500000
      vertex 8.356666 6.031741 1.045930
      vertex 7.066628 7.066628 1.074025
    endloop
  endfacet
  facet normal -0.297445 -0.394384 0.869476
    outer loop
      vertex 7.066628 7.066628 1.074025
      vertex 8.356666 6.031741 1.045930
      vertex 8.938326 6.613400 1.508748
    endloop
  endfacet
  facet normal -0.297445 -0.394384 0.869476
    outer loop
      vertex 7.066628 7.066628 1.074025
      vertex 8.938326 6.613400 1.508748
      vertex 7.678221 7.678221 1.560660
    endloop
  endfacet
  facet normal -0.135967 -0.208124 0.968606
    outer loop
      vertex 7.678221 7.678221 1.560660
      vertex 8.938326 6.613400 1.508748
      vertex 9.808841 7.483916 1.817992
    endloop
  endfacet
  facet normal -0.135967 -0.208124 0.968606
    outer loop
      vertex 7.678221 7.678221 1.560660
      vertex 9.808841 7.483916 1.817992
      vertex 8.593535 8.593535 1.885819
    endloop
  endfacet
  facet normal -0.021219 -0.084136 0.996228
    outer loop
      vertex 8.593535 8.593535 1.885819
      vertex 9.808841 7.483916 1.817992
      vertex 10.835683 8.510758 1.926585
    endloop
  endfacet
  facet normal -0.021219 -0.084136 0.996228
    outer loop
      vertex 8.593535 8.593535 1.885819
      vertex 10.835683 8.510758 1.926585
      vertex 9.673221 9.673221 2.000000
    endloop
  endfacet
  facet normal 0.084136 0.021219 0.996228
    outer loop
      vertex 9.673221 9.673221 2.000000
      vertex 10.835683 8.510758 1.926585
      vertex 11.862526 9.537601 1.817992
    endloop
  endfacet
  facet normal 0.084136 0.021219 0.996228
    outer loop
      vertex 9.673221 9.673221 2.000000
      vertex 11.862526 9.537601 1.817992
      vertex 10.752907 10.752907 1.885819
    endloop
  endfacet
  facet normal 0.208124 0.135967 0.968606
    outer loop
      vertex 10.752907 10.752907 1.885819
      vertex 11.862526 9.537601 1.817992
      vertex 12.733041 10.408116 1.508748
    endloop
  endfacet
  facet normal 0.208124 0.135967 0.968606
    outer loop
      vertex 10.752907 10.752907 1.885819
      vertex 12.733041 10.408116 1.508748
      vertex 11.668221 11.668221 1.560660
    endloop
  endfacet
  facet normal 0.394384 0.297445 0.869476
    outer loop
      vertex 11.668221 11.668221 1.560660
      vertex 12.733041 10.408116 1.508748
      vertex 13.314701 10.989776 1.045930
    endloop
  endfacet
  facet normal 0.394384 0.297445 0.869476
    outer loop
      vertex 11.668221 11.668221 1.560660
      vertex 13.314701 10.989776 1.045930
      vertex 12.279814 12.279814 1.074025
    endloop
  endfacet
  facet normal 0.695432 0.547756 0.465120
    outer loop
      vertex 12.279814 12.279814 1.074025
      vertex 13.314701 10.989776 1.045930
      vertex 13.518952 11.194027 0.500000
    endloop
  endfacet
  facet normal 0.695432 0.547756 0.465120
    outer loop
      vertex 12.279814 12.279814 1.074025
      vertex 13.518952 11.194027 0.500000
      vertex 12.494577 12.494577 0.500000
    endloop
  endfacet
  facet normal -0.365859 -0.818428 0.443083
    outer loop
      vertex 8.152414 5.827489 0.500000
      vertex 9.601831 5.179560 0.500000
      vertex 9.775578 5.353307 0.964396
    endloop
  endfacet
  facet normal -0.365859 -0.818428 0.443083
    outer loop
      vertex 8.152414 5.827489 0.500000
      vertex 9.775578 5.353307 0.964396
      vertex 8.356666 6.031741 1.045930
    endloop
  endfacet
  facet normal -0.185946 -0.491170 0.850986
    outer loop
      vertex 8.356666 6.031741 1.045930
      vertex 9.775578 5.353307 0.964396
      vertex 10.270367 5.848097 1.358092
    endloop
  endfacet
  facet normal -0.185946 -0.491170 0.850986
    outer loop
      vertex 8.356666 6.031741 1.045930
      vertex 10.270367 5.848097 1.358092
      vertex 8.938326 6.613400 1.508748
    endloop
  endfacet
  facet normal -0.055310 -0.284668 0.957029
    outer loop
      vertex 8.938326 6.613400 1.508748
      vertex 10.270367 5.848097 1.358092
      vertex 11.010872 6.588601 1.621151
    endloop
  endfacet
  facet normal -0.055310 -0.284668 0.957029
    outer loop
      vertex 8.938326 6.613400 1.508748
      vertex 11.010872 6.588601 1.621151
      vertex 9.808841 7.483916 1.817992
    endloop
  endfacet
  facet normal 0.048082 -0.152475 0.987137
    outer loop
      vertex 9.808841 7.483916 1.817992
      vertex 11.010872 6.588601 1.621151
      vertex 11.884356 7.462085 1.713525
    endloop
  endfacet
  facet normal 0.048082 -0.152475 0.987137
    outer loop
      vertex 9.808841 7.483916 1.817992
      vertex 11.884356 7.462085 1.713525
      vertex 10.835683 8.510758 1.926585
    endloop
  endfacet
  facet normal 0.152475 -0.048082 0.987137
    outer loop
      vertex 10.835683 8.510758 1.926585
      vertex 11.884356 7.462085 1.713525
      vertex 12.757841 8.335570 1.621151
    endloop
  endfacet
  facet normal 0.152475 -0.048082 0.987137
    outer loop
      vertex 10.835683 8.510758 1.926585
      vertex 12.757841 8.335570 1.621151
      vertex 11.862526 9.537601 1.817992
    endloop
  endfacet
  facet normal 0.284668 0.055310 0.957029
    outer loop
      vertex 11.862526 9.537601 1.817992
      vertex 12.757841 8.335570 1.621151
      vertex 13.498345 9.076074 1.358092
    endloop
  endfacet
  facet normal 0.284668 0.055310 0.957029
    outer loop
      vertex 11.862526 9.537601 1.817992
      vertex 13.498345 9.076074 1.358092
      vertex 12.733041 10.408116 1.508748
    endloop
  endfacet
  facet normal 0.491170 0.185946 0.850986
    outer loop
      vertex 12.733041 10.408116 1.508748
      vertex 13.498345 9.076074 1.358092
      vertex 13.993134 9.570864 0.964396
    endloop
  endfacet
  facet normal 0.491170 0.185946 0.850986
    outer loop
      vertex 12.733041 10.408116 1.508748
      vertex 13.993134 9.570864 0.964396
      vertex 13.314701 10.989776 1.045930
    endloop
  endfacet
  facet normal 0.818428 0.365859 0.443083
    outer loop
      vertex 13.314701 10.989776 1.045930
      vertex 13.993134 9.570864 0.964396
      vertex 14.166881 9.744610 0.500000
    endloop
  endfacet
  facet normal 0.818428 0.365859 0.443083
    outer loop
      vertex 13.314701 10.989776 1.045930
      vertex 14.166881 9.744610 0.500000
      vertex 13.518952 11.194027 0.500000
    endloop
  endfacet
  facet normal -0.130235 -0.911643 0.389803
    outer loop
      vertex 9.601831 5.179560 0.500000
      vertex 11.058236 4.971503 0.500000
      vertex 11.184470 5.097737 0.837404
    endloop
  endfacet
  facet normal -0.130235 -0.911643 0.389803
    outer loop
      vertex 9.601831 5.179560 0.500000
      vertex 11.184470 5.097737 0.837404
      vertex 9.775578 5.353307 0.964396
    endloop
  endfacet
  facet normal -0.036680 -0.599498 0.799536
    outer loop
      vertex 9.775578 5.353307 0.964396
      vertex 11.184470 5.097737 0.837404
      vertex 11.543956 5.457223 1.123440
    endloop
  endfacet
  facet normal -0.036680 -0.599498 0.799536
    outer loop
      vertex 9.775578 5.353307 0.964396
      vertex 11.543956 5.457223 1.123440
      vertex 10.270367 5.848097 1.358092
    endloop
  endfacet
  facet normal 0.053124 -0.381027 0.923036
    outer loop
      vertex 10.270367 5.848097 1.358092
      vertex 11.543956 5.457223 1.123440
      vertex 12.081964 5.995230 1.314564
    endloop
  endfacet
  facet normal 0.053124 -0.381027 0.923036
    outer loop
      vertex 10.270367 5.848097 1.358092
      vertex 12.081964 5.995230 1.314564
      vertex 11.010872 6.588601 1.621151
    endloop
  endfacet
  facet normal 0.140634 -0.242157 0.959991
    outer loop
      vertex 11.010872 6.588601 1.621151
      vertex 12.081964 5.995230 1.314564
      vertex 12.716587 6.629854 1.381678
    endloop
  endfacet
  facet normal 0.140634 -0.242157 0.959991
    outer loop
      vertex 11.010872 6.588601 1.621151
      vertex 12.716587 6.629854 1.381678
      vertex 11.884356 7.462085 1.713525
    endloop
  endfacet
  facet normal 0.242157 -0.140634 0.959991
    outer loop
      vertex 11.884356 7.462085 1.713525
      vertex 12.716587 6.629854 1.381678
      vertex 13.351211 7.264478 1.314564
    endloop
  endfacet
  facet normal 0.242157 -0.140634 0.959991
    outer loop
      vertex 11.884356 7.462085 1.713525
      vertex 13.351211 7.264478 1.314564
      vertex 12.757841 8.335570 1.621151
    endloop
  endfacet
  facet normal 0.381027 -0.053124 0.923036
    outer loop
      vertex 12.757841 8.335570 1.621151
      vertex 13.351211 7.264478 1.314564
      vertex 13.889219 7.802486 1.123440
    endloop
  endfacet
  facet normal 0.381027 -0.053124 0.923036
    outer loop
      vertex 12.757841 8.335570 1.621151
      vertex 13.889219 7.802486 1.123440
      vertex 13.498345 9.076074 1.358092
    endloop
  endfacet
  facet normal 0.599498 0.036680 0.799536
    outer loop
      vertex 13.498345 9.076074 1.358092
      vertex 13.889219 7.802486 1.123440
      vertex 14.248704 8.161971 0.837404
    endloop
  endfacet
  facet normal 0.599498 0.036680 0.799536
    outer loop
      vertex 13.498345 9.076074 1.358092
      vertex 14.248704 8.161971 0.837404
      vertex 13.993134 9.570864 0.964396
    endloop
  endfacet
  facet normal 0.911643 0.130235 0.389803
    outer loop
      vertex 13.993134 9.570864 0.964396
      vertex 14.248704 8.161971 0.837404
      vertex 14.374939 8.288206 0.500000
    endloop
  endfacet
  facet normal 0.911643 0.130235 0.389803
    outer loop
      vertex 13.993134 9.570864 0.964396
      vertex 14.374939 8.288206 0.500000
      vertex 14.166881 9.744610 0.500000
    endloop
  endfacet
  facet normal 0.179760 -0.941520 0.285001
    outer loop
      vertex 11.058236 4.971503 0.500000
      vertex 12.379066 5.223682 0.500000
      vertex 12.445431 5.290047 0.677384
    endloop
  endfacet
  facet normal 0.179760 -0.941520 0.285001
    outer loop
      vertex 11.058236 4.971503 0.500000
      vertex 12.445431 5.290047 0.677384
      vertex 11.184470 5.097737 0.837404
    endloop
  endfacet
  facet normal 0.194385 -0.722397 0.663594
    outer loop
      vertex 11.184470 5.097737 0.837404
      vertex 12.445431 5.290047 0.677384
      vertex 12.634424 5.479040 0.827762
    endloop
  endfacet
  facet normal 0.194385 -0.722397 0.663594
    outer loop
      vertex 11.184470 5.097737 0.837404
      vertex 12.634424 5.479040 0.827762
      vertex 11.543956 5.457223 1.123440
    endloop
  endfacet
  facet normal 0.232674 -0.523782 0.819460
    outer loop
      vertex 11.543956 5.457223 1.123440
      vertex 12.634424 5.479040 0.827762
      vertex 12.917271 5.761887 0.928242
    endloop
  endfacet
  facet normal 0.232674 -0.523782 0.819460
    outer loop
      vertex 11.543956 5.457223 1.123440
      vertex 12.917271 5.761887 0.928242
      vertex 12.081964 5.995230 1.314564
    endloop
  endfacet
  facet normal 0.295469 -0.387803 0.873102
    outer loop
      vertex 12.081964 5.995230 1.314564
      vertex 12.917271 5.761887 0.928242
      vertex 13.250913 6.095529 0.963525
    endloop
  endfacet
  facet normal 0.295469 -0.387803 0.873102
    outer loop
      vertex 12.081964 5.995230 1.314564
      vertex 13.250913 6.095529 0.963525
      vertex 12.716587 6.629854 1.381678
    endloop
  endfacet
  facet normal 0.387803 -0.295469 0.873102
    outer loop
      vertex 12.716587 6.629854 1.381678
      vertex 13.250913 6.095529 0.963525
      vertex 13.584554 6.429170 0.928242
    endloop
  endfacet
  facet normal 0.387803 -0.295469 0.873102
    outer loop
      vertex 12.716587 6.629854 1.381678
      vertex 13.584554 6.429170 0.928242
      vertex 13.351211 7.264478 1.314564
    endloop
  endfacet
  facet normal 0.523782 -0.232674 0.819460
    outer loop
      vertex 13.351211 7.264478 1.314564
      vertex 13.584554 6.429170 0.928242
      vertex 13.867402 6.712018 0.827762
    endloop
  endfacet
  facet normal 0.523782 -0.232674 0.819460
    outer loop
      vertex 13.351211 7.264478 1.314564
      vertex 13.867402 6.712018 0.827762
      vertex 13.889219 7.802486 1.123440
    endloop
  endfacet
  facet normal 0.722397 -0.194385 0.663594
    outer loop
      vertex 13.889219 7.802486 1.123440
      vertex 13.867402 6.712018 0.827762
      vertex 14.056394 6.901010 0.677384
    endloop
  endfacet
  facet normal 0.722397 -0.194385 0.663594
    outer loop
      vertex 13.889219 7.802486 1.123440
      vertex 14.056394 6.901010 0.677384
      vertex 14.248704 8.161971 0.837404
    endloop
  endfacet
  facet normal 0.941520 -0.179760 0.285001
    outer loop
      vertex 14.248704 8.161971 0.837404
      vertex 14.056394 6.901010 0.677384
      vertex 14.122760 6.967376 0.500000
    endloop
  endfacet
  facet normal 0.941520 -0.179760 0.285001
    outer loop
      vertex 14.248704 8.161971 0.837404
      vertex 14.122760 6.967376 0.500000
      vertex 14.374939 8.288206 0.500000
    endloop
  endfacet
  facet normal 0.000000 0.000000 1.000000
    outer loop
      vertex 12.379066 5.223682 0.500000
      vertex 13.435029 5.911413 0.500000
      vertex 13.435029 5.911413 0.500000
    endloop
  endfacet
  facet normal 0.542512 -0.832989 0.108678
    outer loop
      vertex 12.379066 5.223682 0.500000
      vertex 13.435029 5.911413 0.500000
      vertex 12.445431 5.290047 0.677384
    endloop
  endfacet
  facet normal 0.000000 0.000000 1.000000
    outer loop
      vertex 12.445431 5.290047 0.677384
      vertex 13.435029 5.911413 0.500000
      vertex 13.435029 5.911413 0.500000
    endloop
  endfacet
  facet normal 0.545306 -0.783135 0.298899
    outer loop
      vertex 12.445431 5.290047 0.677384
      vertex 13.435029 5.911413 0.500000
      vertex 12.634424 5.479040 0.827762
    endloop
  endfacet
  facet normal 0.000000 0.000000 1.000000
    outer loop
      vertex 12.634424 5.479040 0.827762
      vertex 13.435029 5.911413 0.500000
      vertex 13.435029 5.911413 0.500000
    endloop
  endfacet
  facet normal 0.558793 -0.710649 0.427468
    outer loop
      vertex 12.634424 5.479040 0.827762
      vertex 13.435029 5.911413 0.500000
      vertex 12.917271 5.761887 0.928242
    endloop
  endfacet
  facet normal 0.000000 0.000000 1.000000
    outer loop
      vertex 12.917271 5.761887 0.928242
      vertex 13.435029 5.911413 0.500000
      vertex 13.435029 5.911413 0.500000
    endloop
  endfacet
  facet normal 0.590206 -0.641964 0.489428
    outer loop
      vertex 12.917271 5.761887 0.928242
      vertex 13.435029 5.911413 0.500000
      vertex 13.250913 6.095529 0.963525
    endloop
  endfacet
  facet normal 0.000000 0.000000 1.000000
    outer loop
      vertex 13.250913 6.095529 0.963525
      vertex 13.435029 5.911413 0.500000
      vertex 13.435029 5.911413 0.500000
    endloop
  endfacet
  facet normal 0.641964 -0.590206 0.489428
    outer loop
      vertex 13.250913 6.095529 0.963525
      vertex 13.435029 5.911413 0.500000
      vertex 13.584554 6.429170 0.928242
    endloop
  endfacet
  facet normal 0.000000 0.000000 1.000000
    outer loop
      vertex 13.584554 6.429170 0.928242
      vertex 13.435029 5.911413 0.500000
      vertex 13.435029 5.911413 0.500000
    endloop
  endfacet
  facet normal 0.710649 -0.558793 0.427468
    outer loop
      vertex 13.584554 6.429170 0.928242
      vertex 13.435029 5.911413 0.500000
      vertex 13.867402 6.712018 0.827762
    endloop
  endfacet
  facet normal 0.000000 0.000000 1.000000
    outer loop
      vertex 13.867402 6.712018 0.827762
      vertex 13.435029 5.911413 0.500000
      vertex 13.435029 5.911413 0.500000
    endloop
  endfacet
  facet normal 0.783135 -0.545306 0.298899
    outer loop
      vertex 13.867402 6.712018 0.827762
      vertex 13.435029 5.911413 0.500000
      vertex 14.056394 6.901010 0.677384
    endloop
  endfacet
  facet normal 0.000000 0.000000 1.000000
    outer loop
      vertex 14.056394 6.901010 0.677384
      vertex 13.435029 5.911413 0.500000
      vertex 13.435029 5.911413 0.500000
    endloop
  endfacet
  facet normal 0.832989 -0.542512 0.108678
    outer loop
      vertex 14.056394 6.901010 0.677384
      vertex 13.435029 5.911413 0.500000
      vertex 14.122760 6.967376 0.500000
    endloop
  endfacet
  facet normal -0.972626 -0.205398 0.108678
    outer loop
      vertex -5.320000 13.680000 0.500000
      vertex -5.059621 12.447022 0.500000
      vertex -5.059621 12.540877 0.677384
    endloop
  endfacet
  facet normal 0.000000 0.000000 1.000000
    outer loop
      vertex -5.320000 13.680000 0.500000
      vertex -5.059621 12.540877 0.677384
      vertex -5.320000 13.680000 0.500000
    endloop
  endfacet
  facet normal -0.939350 -0.168171 0.298899
    outer loop
      vertex -5.320000 13.680000 0.500000
      vertex -5.059621 12.540877 0.677384
      vertex -5.059621 12.808153 0.827762
    endloop
  endfacet
  facet normal 0.000000 0.000000 1.000000
    outer loop
      vertex -5.320000 13.680000 0.500000
      vertex -5.059621 12.808153 0.827762
      vertex -5.320000 13.680000 0.500000
    endloop
  endfacet
  facet normal -0.897631 -0.107378 0.427468
    outer loop
      vertex -5.320000 13.680000 0.500000
      vertex -5.059621 12.808153 0.827762
      vertex -5.059621 13.208160 0.928242
    endloop
  endfacet
  facet normal 0.000000 0.000000 1.000000
    outer loop
      vertex -5.320000 13.680000 0.500000
      vertex -5.059621 13.208160 0.928242
      vertex -5.320000 13.680000 0.500000
    endloop
  endfacet
  facet normal -0.871276 -0.036599 0.489428
    outer loop
      vertex -5.320000 13.680000 0.500000
      vertex -5.059621 13.208160 0.928242
      vertex -5.059621 13.680000 0.963525
    endloop
  endfacet
  facet normal 0.000000 0.000000 1.000000
    outer loop
      vertex -5.320000 13.680000 0.500000
      vertex -5.059621 13.680000 0.963525
      vertex -5.320000 13.680000 0.500000
    endloop
  endfacet
  facet normal -0.871276 0.036599 0.489428
    outer loop
      vertex -5.320000 13.680000 0.500000
      vertex -5.059621 13.680000 0.963525
      vertex -5.059621 14.151840 0.928242
    endloop
  endfacet
  facet normal 0.000000 0.000000 1.000000
    outer loop
      vertex -5.320000 13.680000 0.500000
      vertex -5.059621 14.151840 0.928242
      vertex -5.320000 13.680000 0.500000
    endloop
  endfacet
  facet normal -0.897631 0.107378 0.427468
    outer loop
      vertex -5.320000 13.680000 0.500000
      vertex -5.059621 14.151840 0.928242
      vertex -5.059621 14.551847 0.827762
    endloop
  endfacet
  facet normal 0.000000 0.000000 1.000000
    outer loop
      vertex -5.320000 13.680000 0.500000
      vertex -5.059621 14.551847 0.827762
      vertex -5.320000 13.680000 0.500000
    endloop
  endfacet
  facet normal -0.939350 0.168171 0.298899
    outer loop
      vertex -5.320000 13.680000 0.500000
      vertex -5.059621 14.551847 0.827762
      vertex -5.059621 14.819123 0.677384
    endloop
  endfacet
  facet normal 0.000000 0.000000 1.000000
    outer loop
      vertex -5.320000 13.680000 0.500000
      vertex -5.059621 14.819123 0.677384
      vertex -5.320000 13.680000 0.500000
    endloop
  endfacet
  facet normal -0.972626 0.205398 0.108678
    outer loop
      vertex -5.320000 13.680000 0.500000
      vertex -5.059621 14.819123 0.677384
      vertex -5.059621 14.912978 0.500000
    endloop
  endfacet
  facet normal 0.000000 0.000000 1.000000
    outer loop
      vertex -5.320000 13.680000 0.500000
      vertex -5.059621 14.912978 0.500000
      vertex -5.320000 13.680000 0.500000
    endloop
  endfacet
  facet normal -0.792865 -0.538646 0.285001
    outer loop
      vertex -5.059621 12.447022 0.500000
      vertex -4.303970 11.334737 0.500000
      vertex -4.303970 11.513259 0.837404
    endloop
  endfacet
  facet normal -0.792865 -0.538646 0.285001
    outer loop
      vertex -5.059621 12.447022 0.500000
      vertex -4.303970 11.513259 0.837404
      vertex -5.059621 12.540877 0.677384
    endloop
  endfacet
  facet normal -0.648263 -0.373360 0.663594
    outer loop
      vertex -5.059621 12.540877 0.677384
      vertex -4.303970 11.513259 0.837404
      vertex -4.303970 12.021649 1.123440
    endloop
  endfacet
  facet normal -0.648263 -0.373360 0.663594
    outer loop
      vertex -5.059621 12.540877 0.677384
      vertex -4.303970 12.021649 1.123440
      vertex -5.059621 12.808153 0.827762
    endloop
  endfacet
  facet normal -0.534896 -0.205844 0.819460
    outer loop
      vertex -5.059621 12.808153 0.827762
      vertex -4.303970 12.021649 1.123440
      vertex -4.303970 12.782507 1.314564
    endloop
  endfacet
  facet normal -0.534896 -0.205844 0.819460
    outer loop
      vertex -5.059621 12.808153 0.827762
      vertex -4.303970 12.782507 1.314564
      vertex -5.059621 13.208160 0.928242
    endloop
  endfacet
  facet normal -0.483146 -0.065290 0.873102
    outer loop
      vertex -5.059621 13.208160 0.928242
      vertex -4.303970 12.782507 1.314564
      vertex -4.303970 13.680000 1.381678
    endloop
  endfacet
  facet normal -0.483146 -0.065290 0.873102
    outer loop
      vertex -5.059621 13.208160 0.928242
      vertex -4.303970 13.680000 1.381678
      vertex -5.059621 13.680000 0.963525
    endloop
  endfacet
  facet normal -0.483146 0.065290 0.873102
    outer loop
      vertex -5.059621 13.680000 0.963525
      vertex -4.303970 13.680000 1.381678
      vertex -4.303970 14.577493 1.314564
    endloop
  endfacet
  facet normal -0.483146 0.065290 0.873102
    outer loop
      vertex -5.059621 13.680000 0.963525
      vertex -4.303970 14.577493 1.314564
      vertex -5.059621 14.151840 0.928242
    endloop
  endfacet
  facet normal -0.534896 0.205844 0.819460
    outer loop
      vertex -5.059621 14.151840 0.928242
      vertex -4.303970 14.577493 1.314564
      vertex -4.303970 15.338351 1.123440
    endloop
  endfacet
  facet normal -0.534896 0.205844 0.819460
    outer loop
      vertex -5.059621 14.151840 0.928242
      vertex -4.303970 15.338351 1.123440
      vertex -5.059621 14.551847 0.827762
    endloop
  endfacet
  facet normal -0.648263 0.373360 0.663594
    outer loop
      vertex -5.059621 14.551847 0.827762
      vertex -4.303970 15.338351 1.123440
      vertex -4.303970 15.846741 0.837404
    endloop
  endfacet
  facet normal -0.648263 0.373360 0.663594
    outer loop
      vertex -5.059621 14.551847 0.827762
      vertex -4.303970 15.846741 0.837404
      vertex -5.059621 14.819123 0.677384
    endloop
  endfacet
  facet normal -0.792865 0.538646 0.285001
    outer loop
      vertex -5.059621 14.819123 0.677384
      vertex -4.303970 15.846741 0.837404
      vertex -4.303970 16.025263 0.500000
    endloop
  endfacet
  facet normal -0.792865 0.538646 0.285001
    outer loop
      vertex -5.059621 14.819123 0.677384
      vertex -4.303970 16.025263 0.500000
      vertex -5.059621 14.912978 0.500000
    endloop
  endfacet
  facet normal -0.552539 -0.736719 0.389803
    outer loop
      vertex -4.303970 11.334737 0.500000
      vertex -3.127018 10.452022 0.500000
      vertex -3.127018 10.697737 0.964396
    endloop
  endfacet
  facet normal -0.552539 -0.736719 0.389803
    outer loop
      vertex -4.303970 11.334737 0.500000
      vertex -3.127018 10.697737 0.964396
      vertex -4.303970 11.513259 0.837404
    endloop
  endfacet
  facet normal -0.397972 -0.449846 0.799536
    outer loop
      vertex -4.303970 11.513259 0.837404
      vertex -3.127018 10.697737 0.964396
      vertex -3.127018 11.397475 1.358092
    endloop
  endfacet
  facet normal -0.397972 -0.449846 0.799536
    outer loop
      vertex -4.303970 11.513259 0.837404
      vertex -3.127018 11.397475 1.358092
      vertex -4.303970 12.021649 1.123440
    endloop
  endfacet
  facet normal -0.306991 -0.231862 0.923036
    outer loop
      vertex -4.303970 12.021649 1.123440
      vertex -3.127018 11.397475 1.358092
      vertex -3.127018 12.444706 1.621151
    endloop
  endfacet
  facet normal -0.306991 -0.231862 0.923036
    outer loop
      vertex -4.303970 12.021649 1.123440
      vertex -3.127018 12.444706 1.621151
      vertex -4.303970 12.782507 1.314564
    endloop
  endfacet
  facet normal -0.270674 -0.071787 0.959991
    outer loop
      vertex -4.303970 12.782507 1.314564
      vertex -3.127018 12.444706 1.621151
      vertex -3.127018 13.680000 1.713525
    endloop
  endfacet
  facet normal -0.270674 -0.071787 0.959991
    outer loop
      vertex -4.303970 12.782507 1.314564
      vertex -3.127018 13.680000 1.713525
      vertex -4.303970 13.680000 1.381678
    endloop
  endfacet
  facet normal -0.270674 0.071787 0.959991
    outer loop
      vertex -4.303970 13.680000 1.381678
      vertex -3.127018 13.680000 1.713525
      vertex -3.127018 14.915294 1.621151
    endloop
  endfacet
  facet normal -0.270674 0.071787 0.959991
    outer loop
      vertex -4.303970 13.680000 1.381678
      vertex -3.127018 14.915294 1.621151
      vertex -4.303970 14.577493 1.314564
    endloop
  endfacet
  facet normal -0.306991 0.231862 0.923036
    outer loop
      vertex -4.303970 14.577493 1.314564
      vertex -3.127018 14.915294 1.621151
      vertex -3.127018 15.962525 1.358092
    endloop
  endfacet
  facet normal -0.306991 0.231862 0.923036
    outer loop
      vertex -4.303970 14.577493 1.314564
      vertex -3.127018 15.962525 1.358092
      vertex -4.303970 15.338351 1.123440
    endloop
  endfacet
  facet normal -0.397972 0.449846 0.799536
    outer loop
      vertex -4.303970 15.338351 1.123440
      vertex -3.127018 15.962525 1.358092
      vertex -3.127018 16.662263 0.964396
    endloop
  endfacet
  facet normal -0.397972 0.449846 0.799536
    outer loop
      vertex -4.303970 15.338351 1.123440
      vertex -3.127018 16.662263 0.964396
      vertex -4.303970 15.846741 0.837404
    endloop
  endfacet
  facet normal -0.552539 0.736719 0.389803
    outer loop
      vertex -4.303970 15.846741 0.837404
      vertex -3.127018 16.662263 0.964396
      vertex -3.127018 16.907978 0.500000
    endloop
  endfacet
  facet normal -0.552539 0.736719 0.389803
    outer loop
      vertex -4.303970 15.846741 0.837404
      vertex -3.127018 16.907978 0.500000
      vertex -4.303970 16.025263 0.500000
    endloop
  endfacet
  facet normal -0.320014 -0.837417 0.443083
    outer loop
      vertex -3.127018 10.452022 0.500000
      vertex -1.643970 9.885284 0.500000
      vertex -1.643970 10.174140 1.045930
    endloop
  endfacet
  facet normal -0.320014 -0.837417 0.443083
    outer loop
      vertex -3.127018 10.452022 0.500000
      vertex -1.643970 10.174140 1.045930
      vertex -3.127018 10.697737 0.964396
    endloop
  endfacet
  facet normal -0.215825 -0.478793 0.850986
    outer loop
      vertex -3.127018 10.697737 0.964396
      vertex -1.643970 10.174140 1.045930
      vertex -1.643970 10.996731 1.508748
    endloop
  endfacet
  facet normal -0.215825 -0.478793 0.850986
    outer loop
      vertex -3.127018 10.697737 0.964396
      vertex -1.643970 10.996731 1.508748
      vertex -3.127018 11.397475 1.358092
    endloop
  endfacet
  facet normal -0.162180 -0.240401 0.957029
    outer loop
      vertex -3.127018 11.397475 1.358092
      vertex -1.643970 10.996731 1.508748
      vertex -1.643970 12.227825 1.817992
    endloop
  endfacet
  facet normal -0.162180 -0.240401 0.957029
    outer loop
      vertex -3.127018 11.397475 1.358092
      vertex -1.643970 12.227825 1.817992
      vertex -3.127018 12.444706 1.621151
    endloop
  endfacet
  facet normal -0.141815 -0.073817 0.987137
    outer loop
      vertex -3.127018 12.444706 1.621151
      vertex -1.643970 12.227825 1.817992
      vertex -1.643970 13.680000 1.926585
    endloop
  endfacet
  facet normal -0.141815 -0.073817 0.987137
    outer loop
      vertex -3.127018 12.444706 1.621151
      vertex -1.643970 13.680000 1.926585
      vertex -3.127018 13.680000 1.713525
    endloop
  endfacet
  facet normal -0.141815 0.073817 0.987137
    outer loop
      vertex -3.127018 13.680000 1.713525
      vertex -1.643970 13.680000 1.926585
      vertex -1.643970 15.132175 1.817992
    endloop
  endfacet
  facet normal -0.141815 0.073817 0.987137
    outer loop
      vertex -3.127018 13.680000 1.713525
      vertex -1.643970 15.132175 1.817992
      vertex -3.127018 14.915294 1.621151
    endloop
  endfacet
  facet normal -0.162180 0.240401 0.957029
    outer loop
      vertex -3.127018 14.915294 1.621151
      vertex -1.643970 15.132175 1.817992
      vertex -1.643970 16.363269 1.508748
    endloop
  endfacet
  facet normal -0.162180 0.240401 0.957029
    outer loop
      vertex -3.127018 14.915294 1.621151
      vertex -1.643970 16.363269 1.508748
      vertex -3.127018 15.962525 1.358092
    endloop
  endfacet
  facet normal -0.215825 0.478793 0.850986
    outer loop
      vertex -3.127018 15.962525 1.358092
      vertex -1.643970 16.363269 1.508748
      vertex -1.643970 17.185860 1.045930
    endloop
  endfacet
  facet normal -0.215825 0.478793 0.850986
    outer loop
      vertex -3.127018 15.962525 1.358092
      vertex -1.643970 17.185860 1.045930
      vertex -3.127018 16.662263 0.964396
    endloop
  endfacet
  facet normal -0.320014 0.837417 0.443083
    outer loop
      vertex -3.127018 16.662263 0.964396
      vertex -1.643970 17.185860 1.045930
      vertex -1.643970 17.474716 0.500000
    endloop
  endfacet
  facet normal -0.320014 0.837417 0.443083
    outer loop
      vertex -3.127018 16.662263 0.964396
      vertex -1.643970 17.474716 0.500000
      vertex -3.127018 16.907978 0.500000
    endloop
  endfacet
  facet normal -0.104423 -0.879067 0.465120
    outer loop
      vertex -1.643970 9.885284 0.500000
      vertex 0.000000 9.690000 0.500000
      vertex 0.000000 9.993721 1.074025
    endloop
  endfacet
  facet normal -0.104423 -0.879067 0.465120
    outer loop
      vertex -1.643970 9.885284 0.500000
      vertex 0.000000 9.993721 1.074025
      vertex -1.643970 10.174140 1.045930
    endloop
  endfacet
  facet normal -0.068546 -0.489196 0.869476
    outer loop
      vertex -1.643970 10.174140 1.045930
      vertex 0.000000 9.993721 1.074025
      vertex 0.000000 10.858644 1.560660
    endloop
  endfacet
  facet normal -0.068546 -0.489196 0.869476
    outer loop
      vertex -1.643970 10.174140 1.045930
      vertex 0.000000 10.858644 1.560660
      vertex -1.643970 10.996731 1.508748
    endloop
  endfacet
  facet normal -0.051023 -0.243309 0.968606
    outer loop
      vertex -1.643970 10.996731 1.508748
      vertex 0.000000 10.858644 1.560660
      vertex 0.000000 12.153093 1.885819
    endloop
  endfacet
  facet normal -0.051023 -0.243309 0.968606
    outer loop
      vertex -1.643970 10.996731 1.508748
      vertex 0.000000 12.153093 1.885819
      vertex -1.643970 12.227825 1.817992
    endloop
  endfacet
  facet normal -0.044489 -0.074497 0.996228
    outer loop
      vertex -1.643970 12.227825 1.817992
      vertex 0.000000 12.153093 1.885819
      vertex 0.000000 13.680000 2.000000
    endloop
  endfacet
  facet normal -0.044489 -0.074497 0.996228
    outer loop
      vertex -1.643970 12.227825 1.817992
      vertex 0.000000 13.680000 2.000000
      vertex -1.643970 13.680000 1.926585
    endloop
  endfacet
  facet normal -0.044489 0.074497 0.996228
    outer loop
      vertex -1.643970 13.680000 1.926585
      vertex 0.000000 13.680000 2.000000
      vertex 0.000000 15.206907 1.885819
    endloop
  endfacet
  facet normal -0.044489 0.074497 0.996228
    outer loop
      vertex -1.643970 13.680000 1.926585
      vertex 0.000000 15.206907 1.885819
      vertex -1.643970 15.132175 1.817992
    endloop
  endfacet
  facet normal -0.051023 0.243309 0.968606
    outer loop
      vertex -1.643970 15.132175 1.817992
      vertex 0.000000 15.206907 1.885819
      vertex 0.000000 16.501356 1.560660
    endloop
  endfacet
  facet normal -0.051023 0.243309 0.968606
    outer loop
      vertex -1.643970 15.132175 1.817992
      vertex 0.000000 16.501356 1.560660
      vertex -1.643970 16.363269 1.508748
    endloop
  endfacet
  facet normal -0.068546 0.489196 0.869476
    outer loop
      vertex -1.643970 16.363269 1.508748
      vertex 0.000000 16.501356 1.560660
      vertex 0.000000 17.366279 1.074025
    endloop
  endfacet
  facet normal -0.068546 0.489196 0.869476
    outer loop
      vertex -1.643970 16.363269 1.508748
      vertex 0.000000 17.366279 1.074025
      vertex -1.643970 17.185860 1.045930
    endloop
  endfacet
  facet normal -0.104423 0.879067 0.465120
    outer loop
      vertex -1.643970 17.185860 1.045930
      vertex 0.000000 17.366279 1.074025
      vertex 0.000000 17.670000 0.500000
    endloop
  endfacet
  facet normal -0.104423 0.879067 0.465120
    outer loop
      vertex -1.643970 17.185860 1.045930
      vertex 0.000000 17.670000 0.500000
      vertex -1.643970 17.474716 0.500000
    endloop
  endfacet
  facet normal 0.104423 -0.879067 0.465120
    outer loop
      vertex 0.000000 9.690000 0.500000
      vertex 1.643970 9.885284 0.500000
      vertex 1.643970 10.174140 1.045930
    endloop
  endfacet
  facet normal 0.104423 -0.879067 0.465120
    outer loop
      vertex 0.000000 9.690000 0.500000
      vertex 1.643970 10.174140 1.045930
      vertex 0.000000 9.993721 1.074025
    endloop
  endfacet
  facet normal 0.068546 -0.489196 0.869476
    outer loop
      vertex 0.000000 9.993721 1.074025
      vertex 1.643970 10.174140 1.045930
      vertex 1.643970 10.996731 1.508748
    endloop
  endfacet
  facet normal 0.068546 -0.489196 0.869476
    outer loop
      vertex 0.000000 9.993721 1.074025
      vertex 1.643970 10.996731 1.508748
      vertex 0.000000 10.858644 1.560660
    endloop
  endfacet
  facet normal 0.051023 -0.243309 0.968606
    outer loop
      vertex 0.000000 10.858644 1.560660
      vertex 1.643970 10.996731 1.508748
      vertex 1.643970 12.227825 1.817992
    endloop
  endfacet
  facet normal 0.051023 -0.243309 0.968606
    outer loop
      vertex 0.000000 10.858644 1.560660
      vertex 1.643970 12.227825 1.817992
      vertex 0.000000 12.153093 1.885819
    endloop
  endfacet
  facet normal 0.044489 -0.074497 0.996228
    outer loop
      vertex 0.000000 12.153093 1.885819
      vertex 1.643970 12.227825 1.817992
      vertex 1.643970 13.680000 1.926585
    endloop
  endfacet
  facet normal 0.044489 -0.074497 0.996228
    outer loop
      vertex 0.000000 12.153093 1.885819
      vertex 1.643970 13.680000 1.926585
      vertex 0.000000 13.680000 2.000000
    endloop
  endfacet
  facet normal 0.044489 0.074497 0.996228
    outer loop
      vertex 0.000000 13.680000 2.000000
      vertex 1.643970 13.680000 1.926585
      vertex 1.643970 15.132175 1.817992
    endloop
  endfacet
  facet normal 0.044489 0.074497 0.996228
    outer loop
      vertex 0.000000 13.680000 2.000000
      vertex 1.643970 15.132175 1.817992
      vertex 0.000000 15.206907 1.885819
    endloop
  endfacet
  facet normal 0.051023 0.243309 0.968606
    outer loop
      vertex 0.000000 15.206907 1.885819
      vertex 1.643970 15.132175 1.817992
      vertex 1.643970 16.363269 1.508748
    endloop
  endfacet
  facet normal 0.051023 0.243309 0.968606
    outer loop
      vertex 0.000000 15.206907 1.885819
      vertex 1.643970 16.363269 1.508748
      vertex 0.000000 16.501356 1.560660
    endloop
  endfacet
  facet normal 0.068546 0.489196 0.869476
    outer loop
      vertex 0.000000 16.501356 1.560660
      vertex 1.643970 16.363269 1.508748
      vertex 1.643970 17.185860 1.045930
    endloop
  endfacet
  facet normal 0.068546 0.489196 0.869476
    outer loop
      vertex 0.000000 16.501356 1.560660
      vertex 1.643970 17.185860 1.045930
      vertex 0.000000 17.366279 1.074025
    endloop
  endfacet
  facet normal 0.104423 0.879067 0.465120
    outer loop
      vertex 0.000000 17.366279 1.074025
      vertex 1.643970 17.185860 1.045930
      vertex 1.643970 17.474716 0.500000
    endloop
  endfacet
  facet normal 0.104423 0.879067 0.465120
    outer loop
      vertex 0.000000 17.366279 1.074025
      vertex 1.643970 17.474716 0.500000
      vertex 0.000000 17.670000 0.500000
    endloop
  endfacet
  facet normal 0.320014 -0.837417 0.443083
    outer loop
      vertex 1.643970 9.885284 0.500000
      vertex 3.127018 10.452022 0.500000
      vertex 3.127018 10.697737 0.964396
    endloop
  endfacet
  facet normal 0.320014 -0.837417 0.443083
    outer loop
      vertex 1.643970 9.885284 0.500000
      vertex 3.127018 10.697737 0.964396
      vertex 1.643970 10.174140 1.045930
    endloop
  endfacet
  facet normal 0.215825 -0.478793 0.850986
    outer loop
      vertex 1.643970 10.174140 1.045930
      vertex 3.127018 10.697737 0.964396
      vertex 3.127018 11.397475 1.358092
    endloop
  endfacet
  facet normal 0.215825 -0.478793 0.850986
    outer loop
      vertex 1.643970 10.174140 1.045930
      vertex 3.127018 11.397475 1.358092
      vertex 1.643970 10.996731 1.508748
    endloop
  endfacet
  facet normal 0.162180 -0.240401 0.957029
    outer loop
      vertex 1.643970 10.996731 1.508748
      vertex 3.127018 11.397475 1.358092
      vertex 3.127018 12.444706 1.621151
    endloop
  endfacet
  facet normal 0.162180 -0.240401 0.957029
    outer loop
      vertex 1.643970 10.996731 1.508748
      vertex 3.127018 12.444706 1.621151
      vertex 1.643970 12.227825 1.817992
    endloop
  endfacet
  facet normal 0.141815 -0.073817 0.987137
    outer loop
      vertex 1.643970 12.227825 1.817992
      vertex 3.127018 12.444706 1.621151
      vertex 3.127018 13.680000 1.713525
    endloop
  endfacet
  facet normal 0.141815 -0.073817 0.987137
    outer loop
      vertex 1.643970 12.227825 1.817992
      vertex 3.127018 13.680000 1.713525
      vertex 1.643970 13.680000 1.926585
    endloop
  endfacet
  facet normal 0.141815 0.073817 0.987137
    outer loop
      vertex 1.643970 13.680000 1.926585
      vertex 3.127018 13.680000 1.713525
      vertex 3.127018 14.915294 1.621151
    endloop
  endfacet
  facet normal 0.141815 0.073817 0.987137
    outer loop
      vertex 1.643970 13.680000 1.926585
      vertex 3.127018 14.915294 1.621151
      vertex 1.643970 15.132175 1.817992
    endloop
  endfacet
  facet normal 0.162180 0.240401 0.957029
    outer loop
      vertex 1.643970 15.132175 1.817992
      vertex 3.127018 14.915294 1.621151
      vertex 3.127018 15.962525 1.358092
    endloop
  endfacet
  facet normal 0.162180 0.240401 0.957029
    outer loop
      vertex 1.643970 15.132175 1.817992
      vertex 3.127018 15.962525 1.358092
      vertex 1.643970 16.363269 1.508748
    endloop
  endfacet
  facet normal 0.215825 0.478793 0.850986
    outer loop
      vertex 1.643970 16.363269 1.508748
      vertex 3.127018 15.962525 1.358092
      vertex 3.127018 16.662263 0.964396
    endloop
  endfacet
  facet normal 0.215825 0.478793 0.850986
    outer loop
      vertex 1.643970 16.363269 1.508748
      vertex 3.127018 16.662263 0.964396
      vertex 1.643970 17.185860 1.045930
    endloop
  endfacet
  facet normal 0.320014 0.837417 0.443083
    outer loop
      vertex 1.643970 17.185860 1.045930
      vertex 3.127018 16.662263 0.964396
      vertex 3.127018 16.907978 0.500000
    endloop
  endfacet
  facet normal 0.320014 0.837417 0.443083
    outer loop
      vertex 1.643970 17.185860 1.045930
      vertex 3.127018 16.907978 0.500000
      vertex 1.643970 17.474716 0.500000
    endloop
  endfacet
  facet normal 0.552539 -0.736719 0.389803
    outer loop
      vertex 3.127018 10.452022 0.500000
      vertex 4.303970 11.334737 0.500000
      vertex 4.303970 11.513259 0.837404
    endloop
  endfacet
  facet normal 0.552539 -0.736719 0.389803
    outer loop
      vertex 3.127018 10.452022 0.500000
      vertex 4.303970 11.513259 0.837404
      vertex 3.127018 10.697737 0.964396
    endloop
  endfacet
  facet normal 0.397972 -0.449846 0.799536
    outer loop
      vertex 3.127018 10.697737 0.964396
      vertex 4.303970 11.513259 0.837404
      vertex 4.303970 12.021649 1.123440
    endloop
  endfacet
  facet normal 0.397972 -0.449846 0.799536
    outer loop
      vertex 3.127018 10.697737 0.964396
      vertex 4.303970 12.021649 1.123440
      vertex 3.127018 11.397475 1.358092
    endloop
  endfacet
  facet normal 0.306991 -0.231862 0.923036
    outer loop
      vertex 3.127018 11.397475 1.358092
      vertex 4.303970 12.021649 1.123440
      vertex 4.303970 12.782507 1.314564
    endloop
  endfacet
  facet normal 0.306991 -0.231862 0.923036
    outer loop
      vertex 3.127018 11.397475 1.358092
      vertex 4.303970 12.782507 1.314564
      vertex 3.127018 12.444706 1.621151
    endloop
  endfacet
  facet normal 0.270674 -0.071787 0.959991
    outer loop
      vertex 3.127018 12.444706 1.621151
      vertex 4.303970 12.782507 1.314564
      vertex 4.303970 13.680000 1.381678
    endloop
  endfacet
  facet normal 0.270674 -0.071787 0.959991
    outer loop
      vertex 3.127018 12.444706 1.621151
      vertex 4.303970 13.680000 1.381678
      vertex 3.127018 13.680000 1.713525
    endloop
  endfacet
  facet normal 0.270674 0.071787 0.959991
    outer loop
      vertex 3.127018 13.680000 1.713525
      vertex 4.303970 13.680000 1.381678
      vertex 4.303970 14.577493 1.314564
    endloop
  endfacet
  facet normal 0.270674 0.071787 0.959991
    outer loop
      vertex 3.127018 13.680000 1.713525
      vertex 4.303970 14.577493 1.314564
      vertex 3.127018 14.915294 1.621151
    endloop
  endfacet
  facet normal 0.306991 0.231862 0.923036
    outer loop
      vertex 3.127018 14.915294 1.621151
      vertex 4.303970 14.577493 1.314564
      vertex 4.303970 15.338351 1.123440
    endloop
  endfacet
  facet normal 0.306991 0.231862 0.923036
    outer loop
      vertex 3.127018 14.915294 1.621151
      vertex 4.303970 15.338351 1.123440
      vertex 3.127018 15.962525 1.358092
    endloop
  endfacet
  facet normal 0.397972 0.449846 0.799536
    outer loop
      vertex 3.127018 15.962525 1.358092
      vertex 4.303970 15.338351 1.123440
      vertex 4.303970 15.846741 0.837404
    endloop
  endfacet
  facet normal 0.397972 0.449846 0.799536
    outer loop
      vertex 3.127018 15.962525 1.358092
      vertex 4.303970 15.846741 0.837404
      vertex 3.127018 16.662263 0.964396
    endloop
  endfacet
  facet normal 0.552539 0.736719 0.389803
    outer loop
      vertex 3.127018 16.662263 0.964396
      vertex 4.303970 15.846741 0.837404
      vertex 4.303970 16.025263 0.500000
    endloop
  endfacet
  facet normal 0.552539 0.736719 0.389803
    outer loop
      vertex 3.127018 16.662263 0.964396
      vertex 4.303970 16.025263 0.500000
      vertex 3.127018 16.907978 0.500000
    endloop
  endfacet
  facet normal 0.792865 -0.538646 0.285001
    outer loop
      vertex 4.303970 11.334737 0.500000
      vertex 5.059621 12.447022 0.500000
      vertex 5.059621 12.540877 0.677384
    endloop
  endfacet
  facet normal 0.792865 -0.538646 0.285001
    outer loop
      vertex 4.303970 11.334737 0.500000
      vertex 5.059621 12.540877 0.677384
      vertex 4.303970 11.513259 0.837404
    endloop
  endfacet
  facet normal 0.648263 -0.373360 0.663594
    outer loop
      vertex 4.303970 11.513259 0.837404
      vertex 5.059621 12.540877 0.677384
      vertex 5.059621 12.808153 0.827762
    endloop
  endfacet
  facet normal 0.648263 -0.373360 0.663594
    outer loop
      vertex 4.303970 11.513259 0.837404
      vertex 5.059621 12.808153 0.827762
      vertex 4.303970 12.021649 1.123440
    endloop
  endfacet
  facet normal 0.534896 -0.205844 0.819460
    outer loop
      vertex 4.303970 12.021649 1.123440
      vertex 5.059621 12.808153 0.827762
      vertex 5.059621 13.208160 0.928242
    endloop
  endfacet
  facet normal 0.534896 -0.205844 0.819460
    outer loop
      vertex 4.303970 12.021649 1.123440
      vertex 5.059621 13.208160 0.928242
      vertex 4.303970 12.782507 1.314564
    endloop
  endfacet
  facet normal 0.483146 -0.065290 0.873102
    outer loop
      vertex 4.303970 12.782507 1.314564
      vertex 5.059621 13.208160 0.928242
      vertex 5.059621 13.680000 0.963525
    endloop
  endfacet
  facet normal 0.483146 -0.065290 0.873102
    outer loop
      vertex 4.303970 12.782507 1.314564
      vertex 5.059621 13.680000 0.963525
      vertex 4.303970 13.680000 1.381678
    endloop
  endfacet
  facet normal 0.483146 0.065290 0.873102
    outer loop
      vertex 4.303970 13.680000 1.381678
      vertex 5.059621 13.680000 0.963525
      vertex 5.059621 14.151840 0.928242
    endloop
  endfacet
  facet normal 0.483146 0.065290 0.873102
    outer loop
      vertex 4.303970 13.680000 1.381678
      vertex 5.059621 14.151840 0.928242
      vertex 4.303970 14.577493 1.314564
    endloop
  endfacet
  facet normal 0.534896 0.205844 0.819460
    outer loop
      vertex 4.303970 14.577493 1.314564
      vertex 5.059621 14.151840 0.928242
      vertex 5.059621 14.551847 0.827762
    endloop
  endfacet
  facet normal 0.534896 0.205844 0.819460
    outer loop
      vertex 4.303970 14.577493 1.314564
      vertex 5.059621 14.551847 0.827762
      vertex 4.303970 15.338351 1.123440
    endloop
  endfacet
  facet normal 0.648263 0.373360 0.663594
    outer loop
      vertex 4.303970 15.338351 1.123440
      vertex 5.059621 14.551847 0.827762
      vertex 5.059621 14.819123 0.677384
    endloop
  endfacet
  facet normal 0.648263 0.373360 0.663594
    outer loop
      vertex 4.303970 15.338351 1.123440
      vertex 5.059621 14.819123 0.677384
      vertex 4.303970 15.846741 0.837404
    endloop
  endfacet
  facet normal 0.792865 0.538646 0.285001
    outer loop
      vertex 4.303970 15.846741 0.837404
      vertex 5.059621 14.819123 0.677384
      vertex 5.059621 14.912978 0.500000
    endloop
  endfacet
  facet normal 0.792865 0.538646 0.285001
    outer loop
      vertex 4.303970 15.846741 0.837404
      vertex 5.059621 14.912978 0.500000
      vertex 4.303970 16.025263 0.500000
    endloop
  endfacet
  facet normal 0.000000 0.000000 1.000000
    outer loop
      vertex 5.059621 12.447022 0.500000
      vertex 5.320000 13.680000 0.500000
      vertex 5.320000 13.680000 0.500000
    endloop
  endfacet
  facet normal 0.972626 -0.205398 0.108678
    outer loop
      vertex 5.059621 12.447022 0.500000
      vertex 5.320000 13.680000 0.500000
      vertex 5.059621 12.540877 0.677384
    endloop
  endfacet
  facet normal 0.000000 0.000000 1.000000
    outer loop
      vertex 5.059621 12.540877 0.677384
      vertex 5.320000 13.680000 0.500000
      vertex 5.320000 13.680000 0.500000
    endloop
  endfacet
  facet normal 0.939350 -0.168171 0.298899
    outer loop
      vertex 5.059621 12.540877 0.677384
      vertex 5.320000 13.680000 0.500000
      vertex 5.059621 12.808153 0.827762
    endloop
  endfacet
  facet normal 0.000000 0.000000 1.000000
    outer loop
      vertex 5.059621 12.808153 0.827762
      vertex 5.320000 13.680000 0.500000
      vertex 5.320000 13.680000 0.500000
    endloop
  endfacet
  facet normal 0.897631 -0.107378 0.427468
    outer loop
      vertex 5.059621 12.808153 0.827762
      vertex 5.320000 13.680000 0.500000
      vertex 5.059621 13.208160 0.928242
    endloop
  endfacet
  facet normal 0.000000 0.000000 1.000000
    outer loop
      vertex 5.059621 13.208160 0.928242
      vertex 5.320000 13.680000 0.500000
      vertex 5.320000 13.680000 0.500000
    endloop
  endfacet
  facet normal 0.871276 -0.036599 0.489428
    outer loop
      vertex 5.059621 13.208160 0.928242
      vertex 5.320000 13.680000 0.500000
      vertex 5.059621 13.680000 0.963525
    endloop
  endfacet
  facet normal 0.000000 0.000000 1.000000
    outer loop
      vertex 5.059621 13.680000 0.963525
      vertex 5.320000 13.680000 0.500000
      vertex 5.320000 13.680000 0.500000
    endloop
  endfacet
  facet normal 0.871276 0.036599 0.489428
    outer loop
      vertex 5.059621 13.680000 0.963525
      vertex 5.320000 13.680000 0.500000
      vertex 5.059621 14.151840 0.928242
    endloop
  endfacet
  facet normal 0.000000 0.000000 1.000000
    outer loop
      vertex 5.059621 14.151840 0.928242
      vertex 5.320000 13.680000 0.500000
      vertex 5.320000 13.680000 0.500000
    endloop
  endfacet
  facet normal 0.897631 0.107378 0.427468
    outer loop
      vertex 5.059621 14.151840 0.928242
      vertex 5.320000 13.680000 0.500000
      vertex 5.059621 14.551847 0.827762
    endloop
  endfacet
  facet normal 0.000000 0.000000 1.000000
    outer loop
      vertex 5.059621 14.551847 0.827762
      vertex 5.320000 13.680000 0.500000
      vertex 5.320000 13.680000 0.500000
    endloop
  endfacet
  facet normal 0.939350 0.168171 0.298899
    outer loop
      vertex 5.059621 14.551847 0.827762
      vertex 5.320000 13.680000 0.500000
      vertex 5.059621 14.819123 0.677384
    endloop
  endfacet
  facet normal 0.000000 0.000000 1.000000
    outer loop
      vertex 5.059621 14.819123 0.677384
      vertex 5.320000 13.680000 0.500000
      vertex 5.320000 13.680000 0.500000
    endloop
  endfacet
  facet normal 0.972626 0.205398 0.108678
    outer loop
      vertex 5.059621 14.819123 0.677384
      vertex 5.320000 13.680000 0.500000
      vertex 5.059621 14.912978 0.500000
    endloop
  endfacet
  facet normal -0.542512 -0.832989 0.108678
    outer loop
      vertex -13.435029 5.911413 0.500000
      vertex -12.379066 5.223682 0.500000
      vertex -12.445431 5.290047 0.677384
    endloop
  endfacet
  facet normal 0.000000 0.000000 1.000000
    outer loop
      vertex -13.435029 5.911413 0.500000
      vertex -12.445431 5.290047 0.677384
      vertex -13.435029 5.911413 0.500000
    endloop
  endfacet
  facet normal -0.545306 -0.783135 0.298899
    outer loop
      vertex -13.435029 5.911413 0.500000
      vertex -12.445431 5.290047 0.677384
      vertex -12.634424 5.479040 0.827762
    endloop
  endfacet
  facet normal 0.000000 0.000000 1.000000
    outer loop
      vertex -13.435029 5.911413 0.500000
      vertex -12.634424 5.479040 0.827762
      vertex -13.435029 5.911413 0.500000
    endloop
  endfacet
  facet normal -0.558793 -0.710649 0.427468
    outer loop
      vertex -13.435029 5.911413 0.500000
      vertex -12.634424 5.479040 0.827762
      vertex -12.917271 5.761887 0.928242
    endloop
  endfacet
  facet normal 0.000000 0.000000 1.000000
    outer loop
      vertex -13.435029 5.911413 0.500000
      vertex -12.917271 5.761887 0.928242
      vertex -13.435029 5.911413 0.500000
    endloop
  endfacet
  facet normal -0.590206 -0.641964 0.489428
    outer loop
      vertex -13.435029 5.911413 0.500000
      vertex -12.917271 5.761887 0.928242
      vertex -13.250913 6.095529 0.963525
    endloop
  endfacet
  facet normal 0.000000 0.000000 1.000000
    outer loop
      vertex -13.435029 5.911413 0.500000
      vertex -13.250913 6.095529 0.963525
      vertex -13.435029 5.911413 0.500000
    endloop
  endfacet
  facet normal -0.641964 -0.590206 0.489428
    outer loop
      vertex -13.435029 5.911413 0.500000
      vertex -13.250913 6.095529 0.963525
      vertex -13.584554 6.429170 0.928242
    endloop
  endfacet
  facet normal 0.000000 0.000000 1.000000
    outer loop
      vertex -13.435029 5.911413 0.500000
      vertex -13.584554 6.429170 0.928242
      vertex -13.435029 5.911413 0.500000
    endloop
  endfacet
  facet normal -0.710649 -0.558793 0.427468
    outer loop
      vertex -13.435029 5.911413 0.500000
      vertex -13.584554 6.429170 0.928242
      vertex -13.867402 6.712018 0.827762
    endloop
  endfacet
  facet normal 0.000000 0.000000 1.000000
    outer loop
      vertex -13.435029 5.911413 0.500000
      vertex -13.867402 6.712018 0.827762
      vertex -13.435029 5.911413 0.500000
    endloop
  endfacet
  facet normal -0.783135 -0.545306 0.298899
    outer loop
      vertex -13.435029 5.911413 0.500000
      vertex -13.867402 6.712018 0.827762
      vertex -14.056394 6.901010 0.677384
    endloop
  endfacet
  facet normal 0.000000 0.000000 1.000000
    outer loop
      vertex -13.435029 5.911413 0.500000
      vertex -14.056394 6.901010 0.677384
      vertex -13.435029 5.911413 0.500000
    endloop
  endfacet
  facet normal -0.832989 -0.542512 0.108678
    outer loop
      vertex -13.435029 5.911413 0.500000
      vertex -14.056394 6.901010 0.677384
      vertex -14.122760 6.967376 0.500000
    endloop
  endfacet
  facet normal 0.000000 0.000000 1.000000
    outer loop
      vertex -13.435029 5.911413 0.500000
      vertex -14.122760 6.967376 0.500000
      vertex -13.435029 5.911413 0.500000
    endloop
  endfacet
  facet normal -0.179760 -0.941520 0.285001
    outer loop
      vertex -12.379066 5.223682 0.500000
      vertex -11.058236 4.971503 0.500000
      vertex -11.184470 5.097737 0.837404
    endloop
  endfacet
  facet normal -0.179760 -0.941520 0.285001
    outer loop
      vertex -12.379066 5.223682 0.500000
      vertex -11.184470 5.097737 0.837404
      vertex -12.445431 5.290047 0.677384
    endloop
  endfacet
  facet normal -0.194385 -0.722397 0.663594
    outer loop
      vertex -12.445431 5.290047 0.677384
      vertex -11.184470 5.097737 0.837404
      vertex -11.543956 5.457223 1.123440
    endloop
  endfacet
  facet normal -0.194385 -0.722397 0.663594
    outer loop
      vertex -12.445431 5.290047 0.677384
      vertex -11.543956 5.457223 1.123440
      vertex -12.634424 5.479040 0.827762
    endloop
  endfacet
  facet normal -0.232674 -0.523782 0.819460
    outer loop
      vertex -12.634424 5.479040 0.827762
      vertex -11.543956 5.457223 1.123440
      vertex -12.081964 5.995230 1.314564
    endloop
  endfacet
  facet normal -0.232674 -0.523782 0.819460
    outer loop
      vertex -12.634424 5.479040 0.827762
      vertex -12.081964 5.995230 1.314564
      vertex -12.917271 5.761887 0.928242
    endloop
  endfacet
  facet normal -0.295469 -0.387803 0.873102
    outer loop
      vertex -12.917271 5.761887 0.928242
      vertex -12.081964 5.995230 1.314564
      vertex -12.716587 6.629854 1.381678
    endloop
  endfacet
  facet normal -0.295469 -0.387803 0.873102
    outer loop
      vertex -12.917271 5.761887 0.928242
      vertex -12.716587 6.629854 1.381678
      vertex -13.250913 6.095529 0.963525
    endloop
  endfacet
  facet normal -0.387803 -0.295469 0.873102
    outer loop
      vertex -13.250913 6.095529 0.963525
      vertex -12.716587 6.629854 1.381678
      vertex -13.351211 7.264478 1.314564
    endloop
  endfacet
  facet normal -0.387803 -0.295469 0.873102
    outer loop
      vertex -13.250913 6.095529 0.963525
      vertex -13.351211 7.264478 1.314564
      vertex -13.584554 6.429170 0.928242
    endloop
  endfacet
  facet normal -0.523782 -0.232674 0.819460
    outer loop
      vertex -13.584554 6.429170 0.928242
      vertex -13.351211 7.264478 1.314564
      vertex -13.889219 7.802486 1.123440
    endloop
  endfacet
  facet normal -0.523782 -0.232674 0.819460
    outer loop
      vertex -13.584554 6.429170 0.928242
      vertex -13.889219 7.802486 1.123440
      vertex -13.867402 6.712018 0.827762
    endloop
  endfacet
  facet normal -0.722397 -0.194385 0.663594
    outer loop
      vertex -13.867402 6.712018 0.827762
      vertex -13.889219 7.802486 1.123440
      vertex -14.248704 8.161971 0.837404
    endloop
  endfacet
  facet normal -0.722397 -0.194385 0.663594
    outer loop
      vertex -13.867402 6.712018 0.827762
      vertex -14.248704 8.161971 0.837404
      vertex -14.056394 6.901010 0.677384
    endloop
  endfacet
  facet normal -0.941520 -0.179760 0.285001
    outer loop
      vertex -14.056394 6.901010 0.677384
      vertex -14.248704 8.161971 0.837404
      vertex -14.374939 8.288206 0.500000
    endloop
  endfacet
  facet normal -0.941520 -0.179760 0.285001
    outer loop
      vertex -14.056394 6.901010 0.677384
      vertex -14.374939 8.288206 0.500000
      vertex -14.122760 6.967376 0.500000
    endloop
  endfacet
  facet normal 0.130235 -0.911643 0.389803
    outer loop
      vertex -11.058236 4.971503 0.500000
      vertex -9.601831 5.179560 0.500000
      vertex -9.775578 5.353307 0.964396
    endloop
  endfacet
  facet normal 0.130235 -0.911643 0.389803
    outer loop
      vertex -11.058236 4.971503 0.500000
      vertex -9.775578 5.353307 0.964396
      vertex -11.184470 5.097737 0.837404
    endloop
  endfacet
  facet normal 0.036680 -0.599498 0.799536
    outer loop
      vertex -11.184470 5.097737 0.837404
      vertex -9.775578 5.353307 0.964396
      vertex -10.270367 5.848097 1.358092
    endloop
  endfacet
  facet normal 0.036680 -0.599498 0.799536
    outer loop
      vertex -11.184470 5.097737 0.837404
      vertex -10.270367 5.848097 1.358092
      vertex -11.543956 5.457223 1.123440
    endloop
  endfacet
  facet normal -0.053124 -0.381027 0.923036
    outer loop
      vertex -11.543956 5.457223 1.123440
      vertex -10.270367 5.848097 1.358092
      vertex -11.010872 6.588601 1.621151
    endloop
  endfacet
  facet normal -0.053124 -0.381027 0.923036
    outer loop
      vertex -11.543956 5.457223 1.123440
      vertex -11.010872 6.588601 1.621151
      vertex -12.081964 5.995230 1.314564
    endloop
  endfacet
  facet normal -0.140634 -0.242157 0.959991
    outer loop
      vertex -12.081964 5.995230 1.314564
      vertex -11.010872 6.588601 1.621151
      vertex -11.884356 7.462085 1.713525
    endloop
  endfacet
  facet normal -0.140634 -0.242157 0.959991
    outer loop
      vertex -12.081964 5.995230 1.314564
      vertex -11.884356 7.462085 1.713525
      vertex -12.716587 6.629854 1.381678
    endloop
  endfacet
  facet normal -0.242157 -0.140634 0.959991
    outer loop
      vertex -12.716587 6.629854 1.381678
      vertex -11.884356 7.462085 1.713525
      vertex -12.757841 8.335570 1.621151
    endloop
  endfacet
  facet normal -0.242157 -0.140634 0.959991
    outer loop
      vertex -12.716587 6.629854 1.381678
      vertex -12.757841 8.335570 1.621151
      vertex -13.351211 7.264478 1.314564
    endloop
  endfacet
  facet normal -0.381027 -0.053124 0.923036
    outer loop
      vertex -13.351211 7.264478 1.314564
      vertex -12.757841 8.335570 1.621151
      vertex -13.498345 9.076074 1.358092
    endloop
  endfacet
  facet normal -0.381027 -0.053124 0.923036
    outer loop
      vertex -13.351211 7.264478 1.314564
      vertex -13.498345 9.076074 1.358092
      vertex -13.889219 7.802486 1.123440
    endloop
  endfacet
  facet normal -0.599498 0.036680 0.799536
    outer loop
      vertex -13.889219 7.802486 1.123440
      vertex -13.498345 9.076074 1.358092
      vertex -13.993134 9.570864 0.964396
    endloop
  endfacet
  facet normal -0.599498 0.036680 0.799536
    outer loop
      vertex -13.889219 7.802486 1.123440
      vertex -13.993134 9.570864 0.964396
      vertex -14.248704 8.161971 0.837404
    endloop
  endfacet
  facet normal -0.911643 0.130235 0.389803
    outer loop
      vertex -14.248704 8.161971 0.837404
      vertex -13.993134 9.570864 0.964396
      vertex -14.166881 9.744610 0.500000
    endloop
  endfacet
  facet normal -0.911643 0.130235 0.389803
    outer loop
      vertex -14.248704 8.161971 0.837404
      vertex -14.166881 9.744610 0.500000
      vertex -14.374939 8.288206 0.500000
    endloop
  endfacet
  facet normal 0.365859 -0.818428 0.443083
    outer loop
      vertex -9.601831 5.179560 0.500000
      vertex -8.152414 5.827489 0.500000
      vertex -8.356666 6.031741 1.045930
    endloop
  endfacet
  facet normal 0.365859 -0.818428 0.443083
    outer loop
      vertex -9.601831 5.179560 0.500000
      vertex -8.356666 6.031741 1.045930
      vertex -9.775578 5.353307 0.964396
    endloop
  endfacet
  facet normal 0.185946 -0.491170 0.850986
    outer loop
      vertex -9.775578 5.353307 0.964396
      vertex -8.356666 6.031741 1.045930
      vertex -8.938326 6.613400 1.508748
    endloop
  endfacet
  facet normal 0.185946 -0.491170 0.850986
    outer loop
      vertex -9.775578 5.353307 0.964396
      vertex -8.938326 6.613400 1.508748
      vertex -10.270367 5.848097 1.358092
    endloop
  endfacet
  facet normal 0.055310 -0.284668 0.957029
    outer loop
      vertex -10.270367 5.848097 1.358092
      vertex -8.938326 6.613400 1.508748
      vertex -9.808841 7.483916 1.817992
    endloop
  endfacet
  facet normal 0.055310 -0.284668 0.957029
    outer loop
      vertex -10.270367 5.848097 1.358092
      vertex -9.808841 7.483916 1.817992
      vertex -11.010872 6.588601 1.621151
    endloop
  endfacet
  facet normal -0.048082 -0.152475 0.987137
    outer loop
      vertex -11.010872 6.588601 1.621151
      vertex -9.808841 7.483916 1.817992
      vertex -10.835683 8.510758 1.926585
    endloop
  endfacet
  facet normal -0.048082 -0.152475 0.987137
    outer loop
      vertex -11.010872 6.588601 1.621151
      vertex -10.835683 8.510758 1.926585
      vertex -11.884356 7.462085 1.713525
    endloop
  endfacet
  facet normal -0.152475 -0.048082 0.987137
    outer loop
      vertex -11.884356 7.462085 1.713525
      vertex -10.835683 8.510758 1.926585
      vertex -11.862526 9.537601 1.817992
    endloop
  endfacet
  facet normal -0.152475 -0.048082 0.987137
    outer loop
      vertex -11.884356 7.462085 1.713525
      vertex -11.862526 9.537601 1.817992
      vertex -12.757841 8.335570 1.621151
    endloop
  endfacet
  facet normal -0.284668 0.055310 0.957029
    outer loop
      vertex -12.757841 8.335570 1.621151
      vertex -11.862526 9.537601 1.817992
      vertex -12.733041 10.408116 1.508748
    endloop
  endfacet
  facet normal -0.284668 0.055310 0.957029
    outer loop
      vertex -12.757841 8.335570 1.621151
      vertex -12.733041 10.408116 1.508748
      vertex -13.498345 9.076074 1.358092
    endloop
  endfacet
  facet normal -0.491170 0.185946 0.850986
    outer loop
      vertex -13.498345 9.076074 1.358092
      vertex -12.733041 10.408116 1.508748
      vertex -13.314701 10.989776 1.045930
    endloop
  endfacet
  facet normal -0.491170 0.185946 0.850986
    outer loop
      vertex -13.498345 9.076074 1.358092
      vertex -13.314701 10.989776 1.045930
      vertex -13.993134 9.570864 0.964396
    endloop
  endfacet
  facet normal -0.818428 0.365859 0.443083
    outer loop
      vertex -13.993134 9.570864 0.964396
      vertex -13.314701 10.989776 1.045930
      vertex -13.518952 11.194027 0.500000
    endloop
  endfacet
  facet normal -0.818428 0.365859 0.443083
    outer loop
      vertex -13.993134 9.570864 0.964396
      vertex -13.518952 11.194027 0.500000
      vertex -14.166881 9.744610 0.500000
    endloop
  endfacet
  facet normal 0.547756 -0.695432 0.465120
    outer loop
      vertex -8.152414 5.827489 0.500000
      vertex -6.851865 6.851865 0.500000
      vertex -7.066628 7.066628 1.074025
    endloop
  endfacet
  facet normal 0.547756 -0.695432 0.465120
    outer loop
      vertex -8.152414 5.827489 0.500000
      vertex -7.066628 7.066628 1.074025
      vertex -8.356666 6.031741 1.045930
    endloop
  endfacet
  facet normal 0.297445 -0.394384 0.869476
    outer loop
      vertex -8.356666 6.031741 1.045930
      vertex -7.066628 7.066628 1.074025
      vertex -7.678221 7.678221 1.560660
    endloop
  endfacet
  facet normal 0.297445 -0.394384 0.869476
    outer loop
      vertex -8.356666 6.031741 1.045930
      vertex -7.678221 7.678221 1.560660
      vertex -8.938326 6.613400 1.508748
    endloop
  endfacet
  facet normal 0.135967 -0.208124 0.968606
    outer loop
      vertex -8.938326 6.613400 1.508748
      vertex -7.678221 7.678221 1.560660
      vertex -8.593535 8.593535 1.885819
    endloop
  endfacet
  facet normal 0.135967 -0.208124 0.968606
    outer loop
      vertex -8.938326 6.613400 1.508748
      vertex -8.593535 8.593535 1.885819
      vertex -9.808841 7.483916 1.817992
    endloop
  endfacet
  facet normal 0.021219 -0.084136 0.996228
    outer loop
      vertex -9.808841 7.483916 1.817992
      vertex -8.593535 8.593535 1.885819
      vertex -9.673221 9.673221 2.000000
    endloop
  endfacet
  facet normal 0.021219 -0.084136 0.996228
    outer loop
      vertex -9.808841 7.483916 1.817992
      vertex -9.673221 9.673221 2.000000
      vertex -10.835683 8.510758 1.926585
    endloop
  endfacet
  facet normal -0.084136 0.021219 0.996228
    outer loop
      vertex -10.835683 8.510758 1.926585
      vertex -9.673221 9.673221 2.000000
      vertex -10.752907 10.752907 1.885819
    endloop
  endfacet
  facet normal -0.084136 0.021219 0.996228
    outer loop
      vertex -10.835683 8.510758 1.926585
      vertex -10.752907 10.752907 1.885819
      vertex -11.862526 9.537601 1.817992
    endloop
  endfacet
  facet normal -0.208124 0.135967 0.968606
    outer loop
      vertex -11.862526 9.537601 1.817992
      vertex -10.752907 10.752907 1.885819
      vertex -11.668221 11.668221 1.560660
    endloop
  endfacet
  facet normal -0.208124 0.135967 0.968606
    outer loop
      vertex -11.862526 9.537601 1.817992
      vertex -11.668221 11.668221 1.560660
      vertex -12.733041 10.408116 1.508748
    endloop
  endfacet
  facet normal -0.394384 0.297445 0.869476
    outer loop
      vertex -12.733041 10.408116 1.508748
      vertex -11.668221 11.668221 1.560660
      vertex -12.279814 12.279814 1.074025
    endloop
  endfacet
  facet normal -0.394384 0.297445 0.869476
    outer loop
      vertex -12.733041 10.408116 1.508748
      vertex -12.279814 12.279814 1.074025
      vertex -13.314701 10.989776 1.045930
    endloop
  endfacet
  facet normal -0.695432 0.547756 0.465120
    outer loop
      vertex -13.314701 10.989776 1.045930
      vertex -12.279814 12.279814 1.074025
      vertex -12.494577 12.494577 0.500000
    endloop
  endfacet
  facet normal -0.695432 0.547756 0.465120
    outer loop
      vertex -13.314701 10.989776 1.045930
      vertex -12.494577 12.494577 0.500000
      vertex -13.518952 11.194027 0.500000
    endloop
  endfacet
  facet normal 0.695432 -0.547756 0.465120
    outer loop
      vertex -6.851865 6.851865 0.500000
      vertex -5.827489 8.152414 0.500000
      vertex -6.031741 8.356666 1.045930
    endloop
  endfacet
  facet normal 0.695432 -0.547756 0.465120
    outer loop
      vertex -6.851865 6.851865 0.500000
      vertex -6.031741 8.356666 1.045930
      vertex -7.066628 7.066628 1.074025
    endloop
  endfacet
  facet normal 0.394384 -0.297445 0.869476
    outer loop
      vertex -7.066628 7.066628 1.074025
      vertex -6.031741 8.356666 1.045930
      vertex -6.613400 8.938326 1.508748
    endloop
  endfacet
  facet normal 0.394384 -0.297445 0.869476
    outer loop
      vertex -7.066628 7.066628 1.074025
      vertex -6.613400 8.938326 1.508748
      vertex -7.678221 7.678221 1.560660
    endloop
  endfacet
  facet normal 0.208124 -0.135967 0.968606
    outer loop
      vertex -7.678221 7.678221 1.560660
      vertex -6.613400 8.938326 1.508748
      vertex -7.483916 9.808841 1.817992
    endloop
  endfacet
  facet normal 0.208124 -0.135967 0.968606
    outer loop
      vertex -7.678221 7.678221 1.560660
      vertex -7.483916 9.808841 1.817992
      vertex -8.593535 8.593535 1.885819
    endloop
  endfacet
  facet normal 0.084136 -0.021219 0.996228
    outer loop
      vertex -8.593535 8.593535 1.885819
      vertex -7.483916 9.808841 1.817992
      vertex -8.510758 10.835683 1.926585
    endloop
  endfacet
  facet normal 0.084136 -0.021219 0.996228
    outer loop
      vertex -8.593535 8.593535 1.885819
      vertex -8.510758 10.835683 1.926585
      vertex -9.673221 9.673221 2.000000
    endloop
  endfacet
  facet normal -0.021219 0.084136 0.996228
    outer loop
      vertex -9.673221 9.673221 2.000000
      vertex -8.510758 10.835683 1.926585
      vertex -9.537601 11.862526 1.817992
    endloop
  endfacet
  facet normal -0.021219 0.084136 0.996228
    outer loop
      vertex -9.673221 9.673221 2.000000
      vertex -9.537601 11.862526 1.817992
      vertex -10.752907 10.752907 1.885819
    endloop
  endfacet
  facet normal -0.135967 0.208124 0.968606
    outer loop
      vertex -10.752907 10.752907 1.885819
      vertex -9.537601 11.862526 1.817992
      vertex -10.408116 12.733041 1.508748
    endloop
  endfacet
  facet normal -0.135967 0.208124 0.968606
    outer loop
      vertex -10.752907 10.752907 1.885819
      vertex -10.408116 12.733041 1.508748
      vertex -11.668221 11.668221 1.560660
    endloop
  endfacet
  facet normal -0.297445 0.394384 0.869476
    outer loop
      vertex -11.668221 11.668221 1.560660
      vertex -10.408116 12.733041 1.508748
      vertex -10.989776 13.314701 1.045930
    endloop
  endfacet
  facet normal -0.297445 0.394384 0.869476
    outer loop
      vertex -11.668221 11.668221 1.560660
      vertex -10.989776 13.314701 1.045930
      vertex -12.279814 12.279814 1.074025
    endloop
  endfacet
  facet normal -0.547756 0.695432 0.465120
    outer loop
      vertex -12.279814 12.279814 1.074025
      vertex -10.989776 13.314701 1.045930
      vertex -11.194027 13.518952 0.500000
    endloop
  endfacet
  facet normal -0.547756 0.695432 0.465120
    outer loop
      vertex -12.279814 12.279814 1.074025
      vertex -11.194027 13.518952 0.500000
      vertex -12.494577 12.494577 0.500000
    endloop
  endfacet
  facet normal 0.818428 -0.365859 0.443083
    outer loop
      vertex -5.827489 8.152414 0.500000
      vertex -5.179560 9.601831 0.500000
      vertex -5.353307 9.775578 0.964396
    endloop
  endfacet
  facet normal 0.818428 -0.365859 0.443083
    outer loop
      vertex -5.827489 8.152414 0.500000
      vertex -5.353307 9.775578 0.964396
      vertex -6.031741 8.356666 1.045930
    endloop
  endfacet
  facet normal 0.491170 -0.185946 0.850986
    outer loop
      vertex -6.031741 8.356666 1.045930
      vertex -5.353307 9.775578 0.964396
      vertex -5.848097 10.270367 1.358092
    endloop
  endfacet
  facet normal 0.491170 -0.185946 0.850986
    outer loop
      vertex -6.031741 8.356666 1.045930
      vertex -5.848097 10.270367 1.358092
      vertex -6.613400 8.938326 1.508748
    endloop
  endfacet
  facet normal 0.284668 -0.055310 0.957029
    outer loop
      vertex -6.613400 8.938326 1.508748
      vertex -5.848097 10.270367 1.358092
      vertex -6.588601 11.010872 1.621151
    endloop
  endfacet
  facet normal 0.284668 -0.055310 0.957029
    outer loop
      vertex -6.613400 8.938326 1.508748
      vertex -6.588601 11.010872 1.621151
      vertex -7.483916 9.808841 1.817992
    endloop
  endfacet
  facet normal 0.152475 0.048082 0.987137
    outer loop
      vertex -7.483916 9.808841 1.817992
      vertex -6.588601 11.010872 1.621151
      vertex -7.462085 11.884356 1.713525
    endloop
  endfacet
  facet normal 0.152475 0.048082 0.987137
    outer loop
      vertex -7.483916 9.808841 1.817992
      vertex -7.462085 11.884356 1.713525
      vertex -8.510758 10.835683 1.926585
    endloop
  endfacet
  facet normal 0.048082 0.152475 0.987137
    outer loop
      vertex -8.510758 10.835683 1.926585
      vertex -7.462085 11.884356 1.713525
      vertex -8.335570 12.757841 1.621151
    endloop
  endfacet
  facet normal 0.048082 0.152475 0.987137
    outer loop
      vertex -8.510758 10.835683 1.926585
      vertex -8.335570 12.757841 1.621151
      vertex -9.537601 11.862526 1.817992
    endloop
  endfacet
  facet normal -0.055310 0.284668 0.957029
    outer loop
      vertex -9.537601 11.862526 1.817992
      vertex -8.335570 12.757841 1.621151
      vertex -9.076074 13.498345 1.358092
    endloop
  endfacet
  facet normal -0.055310 0.284668 0.957029
    outer loop
      vertex -9.537601 11.862526 1.817992
      vertex -9.076074 13.498345 1.358092
      vertex -10.408116 12.733041 1.508748
    endloop
  endfacet
  facet normal -0.185946 0.491170 0.850986
    outer loop
      vertex -10.408116 12.733041 1.508748
      vertex -9.076074 13.498345 1.358092
      vertex -9.570864 13.993134 0.964396
    endloop
  endfacet
  facet normal -0.185946 0.491170 0.850986
    outer loop
      vertex -10.408116 12.733041 1.508748
      vertex -9.570864 13.993134 0.964396
      vertex -10.989776 13.314701 1.045930
    endloop
  endfacet
  facet normal -0.365859 0.818428 0.443083
    outer loop
      vertex -10.989776 13.314701 1.045930
      vertex -9.570864 13.993134 0.964396
      vertex -9.744610 14.166881 0.500000
    endloop
  endfacet
  facet normal -0.365859 0.818428 0.443083
    outer loop
      vertex -10.989776 13.314701 1.045930
      vertex -9.744610 14.166881 0.500000
      vertex -11.194027 13.518952 0.500000
    endloop
  endfacet
  facet normal 0.911643 -0.130235 0.389803
    outer loop
      vertex -5.179560 9.601831 0.500000
      vertex -4.971503 11.058236 0.500000
      vertex -5.097737 11.184470 0.837404
    endloop
  endfacet
  facet normal 0.911643 -0.130235 0.389803
    outer loop
      vertex -5.179560 9.601831 0.500000
      vertex -5.097737 11.184470 0.837404
      vertex -5.353307 9.775578 0.964396
    endloop
  endfacet
  facet normal 0.599498 -0.036680 0.799536
    outer loop
      vertex -5.353307 9.775578 0.964396
      vertex -5.097737 11.184470 0.837404
      vertex -5.457223 11.543956 1.123440
    endloop
  endfacet
  facet normal 0.599498 -0.036680 0.799536
    outer loop
      vertex -5.353307 9.775578 0.964396
      vertex -5.457223 11.543956 1.123440
      vertex -5.848097 10.270367 1.358092
    endloop
  endfacet
  facet normal 0.381027 0.053124 0.923036
    outer loop
      vertex -5.848097 10.270367 1.358092
      vertex -5.457223 11.543956 1.123440
      vertex -5.995230 12.081964 1.314564
    endloop
  endfacet
  facet normal 0.381027 0.053124 0.923036
    outer loop
      vertex -5.848097 10.270367 1.358092
      vertex -5.995230 12.081964 1.314564
      vertex -6.588601 11.010872 1.621151
    endloop
  endfacet
  facet normal 0.242157 0.140634 0.959991
    outer loop
      vertex -6.588601 11.010872 1.621151
      vertex -5.995230 12.081964 1.314564
      vertex -6.629854 12.716587 1.381678
    endloop
  endfacet
  facet normal 0.242157 0.140634 0.959991
    outer loop
      vertex -6.588601 11.010872 1.621151
      vertex -6.629854 12.716587 1.381678
      vertex -7.462085 11.884356 1.713525
    endloop
  endfacet
  facet normal 0.140634 0.242157 0.959991
    outer loop
      vertex -7.462085 11.884356 1.713525
      vertex -6.629854 12.716587 1.381678
      vertex -7.264478 13.351211 1.314564
    endloop
  endfacet
  facet normal 0.140634 0.242157 0.959991
    outer loop
      vertex -7.462085 11.884356 1.713525
      vertex -7.264478 13.351211 1.314564
      vertex -8.335570 12.757841 1.621151
    endloop
  endfacet
  facet normal 0.053124 0.381027 0.923036
    outer loop
      vertex -8.335570 12.757841 1.621151
      vertex -7.264478 13.351211 1.314564
      vertex -7.802486 13.889219 1.123440
    endloop
  endfacet
  facet normal 0.053124 0.381027 0.923036
    outer loop
      vertex -8.335570 12.757841 1.621151
      vertex -7.802486 13.889219 1.123440
      vertex -9.076074 13.498345 1.358092
    endloop
  endfacet
  facet normal -0.036680 0.599498 0.799536
    outer loop
      vertex -9.076074 13.498345 1.358092
      vertex -7.802486 13.889219 1.123440
      vertex -8.161971 14.248704 0.837404
    endloop
  endfacet
  facet normal -0.036680 0.599498 0.799536
    outer loop
      vertex -9.076074 13.498345 1.358092
      vertex -8.161971 14.248704 0.837404
      vertex -9.570864 13.993134 0.964396
    endloop
  endfacet
  facet normal -0.130235 0.911643 0.389803
    outer loop
      vertex -9.570864 13.993134 0.964396
      vertex -8.161971 14.248704 0.837404
      vertex -8.288206 14.374939 0.500000
    endloop
  endfacet
  facet normal -0.130235 0.911643 0.389803
    outer loop
      vertex -9.570864 13.993134 0.964396
      vertex -8.288206 14.374939 0.500000
      vertex -9.744610 14.166881 0.500000
    endloop
  endfacet
  facet normal 0.941520 0.179760 0.285001
    outer loop
      vertex -4.971503 11.058236 0.500000
      vertex -5.223682 12.379066 0.500000
      vertex -5.290047 12.445431 0.677384
    endloop
  endfacet
  facet normal 0.941520 0.179760 0.285001
    outer loop
      vertex -4.971503 11.058236 0.500000
      vertex -5.290047 12.445431 0.677384
      vertex -5.097737 11.184470 0.837404
    endloop
  endfacet
  facet normal 0.722397 0.194385 0.663594
    outer loop
      vertex -5.097737 11.184470 0.837404
      vertex -5.290047 12.445431 0.677384
      vertex -5.479040 12.634424 0.827762
    endloop
  endfacet
  facet normal 0.722397 0.194385 0.663594
    outer loop
      vertex -5.097737 11.184470 0.837404
      vertex -5.479040 12.634424 0.827762
      vertex -5.457223 11.543956 1.123440
    endloop
  endfacet
  facet normal 0.523782 0.232674 0.819460
    outer loop
      vertex -5.457223 11.543956 1.123440
      vertex -5.479040 12.634424 0.827762
      vertex -5.761887 12.917271 0.928242
    endloop
  endfacet
  facet normal 0.523782 0.232674 0.819460
    outer loop
      vertex -5.457223 11.543956 1.123440
      vertex -5.761887 12.917271 0.928242
      vertex -5.995230 12.081964 1.314564
    endloop
  endfacet
  facet normal 0.387803 0.295469 0.873102
    outer loop
      vertex -5.995230 12.081964 1.314564
      vertex -5.761887 12.917271 0.928242
      vertex -6.095529 13.250913 0.963525
    endloop
  endfacet
  facet normal 0.387803 0.295469 0.873102
    outer loop
      vertex -5.995230 12.081964 1.314564
      vertex -6.095529 13.250913 0.963525
      vertex -6.629854 12.716587 1.381678
    endloop
  endfacet
  facet normal 0.295469 0.387803 0.873102
    outer loop
      vertex -6.629854 12.716587 1.381678
      vertex -6.095529 13.250913 0.963525
      vertex -6.429170 13.584554 0.928242
    endloop
  endfacet
  facet normal 0.295469 0.387803 0.873102
    outer loop
      vertex -6.629854 12.716587 1.381678
      vertex -6.429170 13.584554 0.928242
      vertex -7.264478 13.351211 1.314564
    endloop
  endfacet
  facet normal 0.232674 0.523782 0.819460
    outer loop
      vertex -7.264478 13.351211 1.314564
      vertex -6.429170 13.584554 0.928242
      vertex -6.712018 13.867402 0.827762
    endloop
  endfacet
  facet normal 0.232674 0.523782 0.819460
    outer loop
      vertex -7.264478 13.351211 1.314564
      vertex -6.712018 13.867402 0.827762
      vertex -7.802486 13.889219 1.123440
    endloop
  endfacet
  facet normal 0.194385 0.722397 0.663594
    outer loop
      vertex -7.802486 13.889219 1.123440
      vertex -6.712018 13.867402 0.827762
      vertex -6.901010 14.056394 0.677384
    endloop
  endfacet
  facet normal 0.194385 0.722397 0.663594
    outer loop
      vertex -7.802486 13.889219 1.123440
      vertex -6.901010 14.056394 0.677384
      vertex -8.161971 14.248704 0.837404
    endloop
  endfacet
  facet normal 0.179760 0.941520 0.285001
    outer loop
      vertex -8.161971 14.248704 0.837404
      vertex -6.901010 14.056394 0.677384
      vertex -6.967376 14.122760 0.500000
    endloop
  endfacet
  facet normal 0.179760 0.941520 0.285001
    outer loop
      vertex -8.161971 14.248704 0.837404
      vertex -6.967376 14.122760 0.500000
      vertex -8.288206 14.374939 0.500000
    endloop
  endfacet
  facet normal 0.000000 0.000000 1.000000
    outer loop
      vertex -5.223682 12.379066 0.500000
      vertex -5.911413 13.435029 0.500000
      vertex -5.911413 13.435029 0.500000
    endloop
  endfacet
  facet normal 0.832989 0.542512 0.108678
    outer loop
      vertex -5.223682 12.379066 0.500000
      vertex -5.911413 13.435029 0.500000
      vertex -5.290047 12.445431 0.677384
    endloop
  endfacet
  facet normal 0.000000 0.000000 1.000000
    outer loop
      vertex -5.290047 12.445431 0.677384
      vertex -5.911413 13.435029 0.500000
      vertex -5.911413 13.435029 0.500000
    endloop
  endfacet
  facet normal 0.783135 0.545306 0.298899
    outer loop
      vertex -5.290047 12.445431 0.677384
      vertex -5.911413 13.435029 0.500000
      vertex -5.479040 12.634424 0.827762
    endloop
  endfacet
  facet normal 0.000000 0.000000 1.000000
    outer loop
      vertex -5.479040 12.634424 0.827762
      vertex -5.911413 13.435029 0.500000
      vertex -5.911413 13.435029 0.500000
    endloop
  endfacet
  facet normal 0.710649 0.558793 0.427468
    outer loop
      vertex -5.479040 12.634424 0.827762
      vertex -5.911413 13.435029 0.500000
      vertex -5.761887 12.917271 0.928242
    endloop
  endfacet
  facet normal 0.000000 0.000000 1.000000
    outer loop
      vertex -5.761887 12.917271 0.928242
      vertex -5.911413 13.435029 0.500000
      vertex -5.911413 13.435029 0.500000
    endloop
  endfacet
  facet normal 0.641964 0.590206 0.489428
    outer loop
      vertex -5.761887 12.917271 0.928242
      vertex -5.911413 13.435029 0.500000
      vertex -6.095529 13.250913 0.963525
    endloop
  endfacet
  facet normal 0.000000 0.000000 1.000000
    outer loop
      vertex -6.095529 13.250913 0.963525
      vertex -5.911413 13.435029 0.500000
      vertex -5.911413 13.435029 0.500000
    endloop
  endfacet
  facet normal 0.590206 0.641964 0.489428
    outer loop
      vertex -6.095529 13.250913 0.963525
      vertex -5.911413 13.435029 0.500000
      vertex -6.429170 13.584554 0.928242
    endloop
  endfacet
  facet normal 0.000000 0.000000 1.000000
    outer loop
      vertex -6.429170 13.584554 0.928242
      vertex -5.911413 13.435029 0.500000
      vertex -5.911413 13.435029 0.500000
    endloop
  endfacet
  facet normal 0.558793 0.710649 0.427468
    outer loop
      vertex -6.429170 13.584554 0.928242
      vertex -5.911413 13.435029 0.500000
      vertex -6.712018 13.867402 0.827762
    endloop
  endfacet
  facet normal 0.000000 0.000000 1.000000
    outer loop
      vertex -6.712018 13.867402 0.827762
      vertex -5.911413 13.435029 0.500000
      vertex -5.911413 13.435029 0.500000
    endloop
  endfacet
  facet normal 0.545306 0.783135 0.298899
    outer loop
      vertex -6.712018 13.867402 0.827762
      vertex -5.911413 13.435029 0.500000
      vertex -6.901010 14.056394 0.677384
    endloop
  endfacet
  facet normal 0.000000 0.000000 1.000000
    outer loop
      vertex -6.901010 14.056394 0.677384
      vertex -5.911413 13.435029 0.500000
      vertex -5.911413 13.435029 0.500000
    endloop
  endfacet
  facet normal 0.542512 0.832989 0.108678
    outer loop
      vertex -6.901010 14.056394 0.677384
      vertex -5.911413 13.435029 0.500000
      vertex -6.967376 14.122760 0.500000
    endloop
  endfacet
  facet normal 0.205398 -0.972626 0.108678
    outer loop
      vertex -13.680000 -5.320000 0.500000
      vertex -12.447022 -5.059621 0.500000
      vertex -12.540877 -5.059621 0.677384
    endloop
  endfacet
  facet normal 0.000000 0.000000 1.000000
    outer loop
      vertex -13.680000 -5.320000 0.500000
      vertex -12.540877 -5.059621 0.677384
      vertex -13.680000 -5.320000 0.500000
    endloop
  endfacet
  facet normal 0.168171 -0.939350 0.298899
    outer loop
      vertex -13.680000 -5.320000 0.500000
      vertex -12.540877 -5.059621 0.677384
      vertex -12.808153 -5.059621 0.827762
    endloop
  endfacet
  facet normal 0.000000 0.000000 1.000000
    outer loop
      vertex -13.680000 -5.320000 0.500000
      vertex -12.808153 -5.059621 0.827762
      vertex -13.680000 -5.320000 0.500000
    endloop
  endfacet
  facet normal 0.107378 -0.897631 0.427468
    outer loop
      vertex -13.680000 -5.320000 0.500000
      vertex -12.808153 -5.059621 0.827762
      vertex -13.208160 -5.059621 0.928242
    endloop
  endfacet
  facet normal 0.000000 0.000000 1.000000
    outer loop
      vertex -13.680000 -5.320000 0.500000
      vertex -13.208160 -5.059621 0.928242
      vertex -13.680000 -5.320000 0.500000
    endloop
  endfacet
  facet normal 0.036599 -0.871276 0.489428
    outer loop
      vertex -13.680000 -5.320000 0.500000
      vertex -13.208160 -5.059621 0.928242
      vertex -13.680000 -5.059621 0.963525
    endloop
  endfacet
  facet normal 0.000000 0.000000 1.000000
    outer loop
      vertex -13.680000 -5.320000 0.500000
      vertex -13.680000 -5.059621 0.963525
      vertex -13.680000 -5.320000 0.500000
    endloop
  endfacet
  facet normal -0.036599 -0.871276 0.489428
    outer loop
      vertex -13.680000 -5.320000 0.500000
      vertex -13.680000 -5.059621 0.963525
      vertex -14.151840 -5.059621 0.928242
    endloop
  endfacet
  facet normal 0.000000 0.000000 1.000000
    outer loop
      vertex -13.680000 -5.320000 0.500000
      vertex -14.151840 -5.059621 0.928242
      vertex -13.680000 -5.320000 0.500000
    endloop
  endfacet
  facet normal -0.107378 -0.897631 0.427468
    outer loop
      vertex -13.680000 -5.320000 0.500000
      vertex -14.151840 -5.059621 0.928242
      vertex -14.551847 -5.059621 0.827762
    endloop
  endfacet
  facet normal 0.000000 0.000000 1.000000
    outer loop
      vertex -13.680000 -5.320000 0.500000
      vertex -14.551847 -5.059621 0.827762
      vertex -13.680000 -5.320000 0.500000
    endloop
  endfacet
  facet normal -0.168171 -0.939350 0.298899
    outer loop
      vertex -13.680000 -5.320000 0.500000
      vertex -14.551847 -5.059621 0.827762
      vertex -14.819123 -5.059621 0.677384
    endloop
  endfacet
  facet normal 0.000000 0.000000 1.000000
    outer loop
      vertex -13.680000 -5.320000 0.500000
      vertex -14.819123 -5.059621 0.677384
      vertex -13.680000 -5.320000 0.500000
    endloop
  endfacet
  facet normal -0.205398 -0.972626 0.108678
    outer loop
      vertex -13.680000 -5.320000 0.500000
      vertex -14.819123 -5.059621 0.677384
      vertex -14.912978 -5.059621 0.500000
    endloop
  endfacet
  facet normal 0.000000 0.000000 1.000000
    outer loop
      vertex -13.680000 -5.320000 0.500000
      vertex -14.912978 -5.059621 0.500000
      vertex -13.680000 -5.320000 0.500000
    endloop
  endfacet
  facet normal 0.538646 -0.792865 0.285001
    outer loop
      vertex -12.447022 -5.059621 0.500000
      vertex -11.334737 -4.303970 0.500000
      vertex -11.513259 -4.303970 0.837404
    endloop
  endfacet
  facet normal 0.538646 -0.792865 0.285001
    outer loop
      vertex -12.447022 -5.059621 0.500000
      vertex -11.513259 -4.303970 0.837404
      vertex -12.540877 -5.059621 0.677384
    endloop
  endfacet
  facet normal 0.373360 -0.648263 0.663594
    outer loop
      vertex -12.540877 -5.059621 0.677384
      vertex -11.513259 -4.303970 0.837404
      vertex -12.021649 -4.303970 1.123440
    endloop
  endfacet
  facet normal 0.373360 -0.648263 0.663594
    outer loop
      vertex -12.540877 -5.059621 0.677384
      vertex -12.021649 -4.303970 1.123440
      vertex -12.808153 -5.059621 0.827762
    endloop
  endfacet
  facet normal 0.205844 -0.534896 0.819460
    outer loop
      vertex -12.808153 -5.059621 0.827762
      vertex -12.021649 -4.303970 1.123440
      vertex -12.782507 -4.303970 1.314564
    endloop
  endfacet
  facet normal 0.205844 -0.534896 0.819460
    outer loop
      vertex -12.808153 -5.059621 0.827762
      vertex -12.782507 -4.303970 1.314564
      vertex -13.208160 -5.059621 0.928242
    endloop
  endfacet
  facet normal 0.065290 -0.483146 0.873102
    outer loop
      vertex -13.208160 -5.059621 0.928242
      vertex -12.782507 -4.303970 1.314564
      vertex -13.680000 -4.303970 1.381678
    endloop
  endfacet
  facet normal 0.065290 -0.483146 0.873102
    outer loop
      vertex -13.208160 -5.059621 0.928242
      vertex -13.680000 -4.303970 1.381678
      vertex -13.680000 -5.059621 0.963525
    endloop
  endfacet
  facet normal -0.065290 -0.483146 0.873102
    outer loop
      vertex -13.680000 -5.059621 0.963525
      vertex -13.680000 -4.303970 1.381678
      vertex -14.577493 -4.303970 1.314564
    endloop
  endfacet
  facet normal -0.065290 -0.483146 0.873102
    outer loop
      vertex -13.680000 -5.059621 0.963525
      vertex -14.577493 -4.303970 1.314564
      vertex -14.151840 -5.059621 0.928242
    endloop
  endfacet
  facet normal -0.205844 -0.534896 0.819460
    outer loop
      vertex -14.151840 -5.059621 0.928242
      vertex -14.577493 -4.303970 1.314564
      vertex -15.338351 -4.303970 1.123440
    endloop
  endfacet
  facet normal -0.205844 -0.534896 0.819460
    outer loop
      vertex -14.151840 -5.059621 0.928242
      vertex -15.338351 -4.303970 1.123440
      vertex -14.551847 -5.059621 0.827762
    endloop
  endfacet
  facet normal -0.373360 -0.648263 0.663594
    outer loop
      vertex -14.551847 -5.059621 0.827762
      vertex -15.338351 -4.303970 1.123440
      vertex -15.846741 -4.303970 0.837404
    endloop
  endfacet
  facet normal -0.373360 -0.648263 0.663594
    outer loop
      vertex -14.551847 -5.059621 0.827762
      vertex -15.846741 -4.303970 0.837404
      vertex -14.819123 -5.059621 0.677384
    endloop
  endfacet
  facet normal -0.538646 -0.792865 0.285001
    outer loop
      vertex -14.819123 -5.059621 0.677384
      vertex -15.846741 -4.303970 0.837404
      vertex -16.025263 -4.303970 0.500000
    endloop
  endfacet
  facet normal -0.538646 -0.792865 0.285001
    outer loop
      vertex -14.819123 -5.059621 0.677384
      vertex -16.025263 -4.303970 0.500000
      vertex -14.912978 -5.059621 0.500000
    endloop
  endfacet
  facet normal 0.736719 -0.552539 0.389803
    outer loop
      vertex -11.334737 -4.303970 0.500000
      vertex -10.452022 -3.127018 0.500000
      vertex -10.697737 -3.127018 0.964396
    endloop
  endfacet
  facet normal 0.736719 -0.552539 0.389803
    outer loop
      vertex -11.334737 -4.303970 0.500000
      vertex -10.697737 -3.127018 0.964396
      vertex -11.513259 -4.303970 0.837404
    endloop
  endfacet
  facet normal 0.449846 -0.397972 0.799536
    outer loop
      vertex -11.513259 -4.303970 0.837404
      vertex -10.697737 -3.127018 0.964396
      vertex -11.397475 -3.127018 1.358092
    endloop
  endfacet
  facet normal 0.449846 -0.397972 0.799536
    outer loop
      vertex -11.513259 -4.303970 0.837404
      vertex -11.397475 -3.127018 1.358092
      vertex -12.021649 -4.303970 1.123440
    endloop
  endfacet
  facet normal 0.231862 -0.306991 0.923036
    outer loop
      vertex -12.021649 -4.303970 1.123440
      vertex -11.397475 -3.127018 1.358092
      vertex -12.444706 -3.127018 1.621151
    endloop
  endfacet
  facet normal 0.231862 -0.306991 0.923036
    outer loop
      vertex -12.021649 -4.303970 1.123440
      vertex -12.444706 -3.127018 1.621151
      vertex -12.782507 -4.303970 1.314564
    endloop
  endfacet
  facet normal 0.071787 -0.270674 0.959991
    outer loop
      vertex -12.782507 -4.303970 1.314564
      vertex -12.444706 -3.127018 1.621151
      vertex -13.680000 -3.127018 1.713525
    endloop
  endfacet
  facet normal 0.071787 -0.270674 0.959991
    outer loop
      vertex -12.782507 -4.303970 1.314564
      vertex -13.680000 -3.127018 1.713525
      vertex -13.680000 -4.303970 1.381678
    endloop
  endfacet
  facet normal -0.071787 -0.270674 0.959991
    outer loop
      vertex -13.680000 -4.303970 1.381678
      vertex -13.680000 -3.127018 1.713525
      vertex -14.915294 -3.127018 1.621151
    endloop
  endfacet
  facet normal -0.071787 -0.270674 0.959991
    outer loop
      vertex -13.680000 -4.303970 1.381678
      vertex -14.915294 -3.127018 1.621151
      vertex -14.577493 -4.303970 1.314564
    endloop
  endfacet
  facet normal -0.231862 -0.306991 0.923036
    outer loop
      vertex -14.577493 -4.303970 1.314564
      vertex -14.915294 -3.127018 1.621151
      vertex -15.962525 -3.127018 1.358092
    endloop
  endfacet
  facet normal -0.231862 -0.306991 0.923036
    outer loop
      vertex -14.577493 -4.303970 1.314564
      vertex -15.962525 -3.127018 1.358092
      vertex -15.338351 -4.303970 1.123440
    endloop
  endfacet
  facet normal -0.449846 -0.397972 0.799536
    outer loop
      vertex -15.338351 -4.303970 1.123440
      vertex -15.962525 -3.127018 1.358092
      vertex -16.662263 -3.127018 0.964396
    endloop
  endfacet
  facet normal -0.449846 -0.397972 0.799536
    outer loop
      vertex -15.338351 -4.303970 1.123440
      vertex -16.662263 -3.127018 0.964396
      vertex -15.846741 -4.303970 0.837404
    endloop
  endfacet
  facet normal -0.736719 -0.552539 0.389803
    outer loop
      vertex -15.846741 -4.303970 0.837404
      vertex -16.662263 -3.127018 0.964396
      vertex -16.907978 -3.127018 0.500000
    endloop
  endfacet
  facet normal -0.736719 -0.552539 0.389803
    outer loop
      vertex -15.846741 -4.303970 0.837404
      vertex -16.907978 -3.127018 0.500000
      vertex -16.025263 -4.303970 0.500000
    endloop
  endfacet
  facet normal 0.837417 -0.320014 0.443083
    outer loop
      vertex -10.452022 -3.127018 0.500000
      vertex -9.885284 -1.643970 0.500000
      vertex -10.174140 -1.643970 1.045930
    endloop
  endfacet
  facet normal 0.837417 -0.320014 0.443083
    outer loop
      vertex -10.452022 -3.127018 0.500000
      vertex -10.174140 -1.643970 1.045930
      vertex -10.697737 -3.127018 0.964396
    endloop
  endfacet
  facet normal 0.478793 -0.215825 0.850986
    outer loop
      vertex -10.697737 -3.127018 0.964396
      vertex -10.174140 -1.643970 1.045930
      vertex -10.996731 -1.643970 1.508748
    endloop
  endfacet
  facet normal 0.478793 -0.215825 0.850986
    outer loop
      vertex -10.697737 -3.127018 0.964396
      vertex -10.996731 -1.643970 1.508748
      vertex -11.397475 -3.127018 1.358092
    endloop
  endfacet
  facet normal 0.240401 -0.162180 0.957029
    outer loop
      vertex -11.397475 -3.127018 1.358092
      vertex -10.996731 -1.643970 1.508748
      vertex -12.227825 -1.643970 1.817992
    endloop
  endfacet
  facet normal 0.240401 -0.162180 0.957029
    outer loop
      vertex -11.397475 -3.127018 1.358092
      vertex -12.227825 -1.643970 1.817992
      vertex -12.444706 -3.127018 1.621151
    endloop
  endfacet
  facet normal 0.073817 -0.141815 0.987137
    outer loop
      vertex -12.444706 -3.127018 1.621151
      vertex -12.227825 -1.643970 1.817992
      vertex -13.680000 -1.643970 1.926585
    endloop
  endfacet
  facet normal 0.073817 -0.141815 0.987137
    outer loop
      vertex -12.444706 -3.127018 1.621151
      vertex -13.680000 -1.643970 1.926585
      vertex -13.680000 -3.127018 1.713525
    endloop
  endfacet
  facet normal -0.073817 -0.141815 0.987137
    outer loop
      vertex -13.680000 -3.127018 1.713525
      vertex -13.680000 -1.643970 1.926585
      vertex -15.132175 -1.643970 1.817992
    endloop
  endfacet
  facet normal -0.073817 -0.141815 0.987137
    outer loop
      vertex -13.680000 -3.127018 1.713525
      vertex -15.132175 -1.643970 1.817992
      vertex -14.915294 -3.127018 1.621151
    endloop
  endfacet
  facet normal -0.240401 -0.162180 0.957029
    outer loop
      vertex -14.915294 -3.127018 1.621151
      vertex -15.132175 -1.643970 1.817992
      vertex -16.363269 -1.643970 1.508748
    endloop
  endfacet
  facet normal -0.240401 -0.162180 0.957029
    outer loop
      vertex -14.915294 -3.127018 1.621151
      vertex -16.363269 -1.643970 1.508748
      vertex -15.962525 -3.127018 1.358092
    endloop
  endfacet
  facet normal -0.478793 -0.215825 0.850986
    outer loop
      vertex -15.962525 -3.127018 1.358092
      vertex -16.363269 -1.643970 1.508748
      vertex -17.185860 -1.643970 1.045930
    endloop
  endfacet
  facet normal -0.478793 -0.215825 0.850986
    outer loop
      vertex -15.962525 -3.127018 1.358092
      vertex -17.185860 -1.643970 1.045930
      vertex -16.662263 -3.127018 0.964396
    endloop
  endfacet
  facet normal -0.837417 -0.320014 0.443083
    outer loop
      vertex -16.662263 -3.127018 0.964396
      vertex -17.185860 -1.643970 1.045930
      vertex -17.474716 -1.643970 0.500000
    endloop
  endfacet
  facet normal -0.837417 -0.320014 0.443083
    outer loop
      vertex -16.662263 -3.127018 0.964396
      vertex -17.474716 -1.643970 0.500000
      vertex -16.907978 -3.127018 0.500000
    endloop
  endfacet
  facet normal 0.879067 -0.104423 0.465120
    outer loop
      vertex -9.885284 -1.643970 0.500000
      vertex -9.690000 0.000000 0.500000
      vertex -9.993721 0.000000 1.074025
    endloop
  endfacet
  facet normal 0.879067 -0.104423 0.465120
    outer loop
      vertex -9.885284 -1.643970 0.500000
      vertex -9.993721 0.000000 1.074025
      vertex -10.174140 -1.643970 1.045930
    endloop
  endfacet
  facet normal 0.489196 -0.068546 0.869476
    outer loop
      vertex -10.174140 -1.643970 1.045930
      vertex -9.993721 0.000000 1.074025
      vertex -10.858644 0.000000 1.560660
    endloop
  endfacet
  facet normal 0.489196 -0.068546 0.869476
    outer loop
      vertex -10.174140 -1.643970 1.045930
      vertex -10.858644 0.000000 1.560660
      vertex -10.996731 -1.643970 1.508748
    endloop
  endfacet
  facet normal 0.243309 -0.051023 0.968606
    outer loop
      vertex -10.996731 -1.643970 1.508748
      vertex -10.858644 0.000000 1.560660
      vertex -12.153093 0.000000 1.885819
    endloop
  endfacet
  facet normal 0.243309 -0.051023 0.968606
    outer loop
      vertex -10.996731 -1.643970 1.508748
      vertex -12.153093 0.000000 1.885819
      vertex -12.227825 -1.643970 1.817992
    endloop
  endfacet
  facet normal 0.074497 -0.044489 0.996228
    outer loop
      vertex -12.227825 -1.643970 1.817992
      vertex -12.153093 0.000000 1.885819
      vertex -13.680000 0.000000 2.000000
    endloop
  endfacet
  facet normal 0.074497 -0.044489 0.996228
    outer loop
      vertex -12.227825 -1.643970 1.817992
      vertex -13.680000 0.000000 2.000000
      vertex -13.680000 -1.643970 1.926585
    endloop
  endfacet
  facet normal -0.074497 -0.044489 0.996228
    outer loop
      vertex -13.680000 -1.643970 1.926585
      vertex -13.680000 0.000000 2.000000
      vertex -15.206907 0.000000 1.885819
    endloop
  endfacet
  facet normal -0.074497 -0.044489 0.996228
    outer loop
      vertex -13.680000 -1.643970 1.926585
      vertex -15.206907 0.000000 1.885819
      vertex -15.132175 -1.643970 1.817992
    endloop
  endfacet
  facet normal -0.243309 -0.051023 0.968606
    outer loop
      vertex -15.132175 -1.643970 1.817992
      vertex -15.206907 0.000000 1.885819
      vertex -16.501356 0.000000 1.560660
    endloop
  endfacet
  facet normal -0.243309 -0.051023 0.968606
    outer loop
      vertex -15.132175 -1.643970 1.817992
      vertex -16.501356 0.000000 1.560660
      vertex -16.363269 -1.643970 1.508748
    endloop
  endfacet
  facet normal -0.489196 -0.068546 0.869476
    outer loop
      vertex -16.363269 -1.643970 1.508748
      vertex -16.501356 0.000000 1.560660
      vertex -17.366279 0.000000 1.074025
    endloop
  endfacet
  facet normal -0.489196 -0.068546 0.869476
    outer loop
      vertex -16.363269 -1.643970 1.508748
      vertex -17.366279 0.000000 1.074025
      vertex -17.185860 -1.643970 1.045930
    endloop
  endfacet
  facet normal -0.879067 -0.104423 0.465120
    outer loop
      vertex -17.185860 -1.643970 1.045930
      vertex -17.366279 0.000000 1.074025
      vertex -17.670000 0.000000 0.500000
    endloop
  endfacet
  facet normal -0.879067 -0.104423 0.465120
    outer loop
      vertex -17.185860 -1.643970 1.045930
      vertex -17.670000 0.000000 0.500000
      vertex -17.474716 -1.643970 0.500000
    endloop
  endfacet
  facet normal 0.879067 0.104423 0.465120
    outer loop
      vertex -9.690000 0.000000 0.500000
      vertex -9.885284 1.643970 0.500000
      vertex -10.174140 1.643970 1.045930
    endloop
  endfacet
  facet normal 0.879067 0.104423 0.465120
    outer loop
      vertex -9.690000 0.000000 0.500000
      vertex -10.174140 1.643970 1.045930
      vertex -9.993721 0.000000 1.074025
    endloop
  endfacet
  facet normal 0.489196 0.068546 0.869476
    outer loop
      vertex -9.993721 0.000000 1.074025
      vertex -10.174140 1.643970 1.045930
      vertex -10.996731 1.643970 1.508748
    endloop
  endfacet
  facet normal 0.489196 0.068546 0.869476
    outer loop
      vertex -9.993721 0.000000 1.074025
      vertex -10.996731 1.643970 1.508748
      vertex -10.858644 0.000000 1.560660
    endloop
  endfacet
  facet normal 0.243309 0.051023 0.968606
    outer loop
      vertex -10.858644 0.000000 1.560660
      vertex -10.996731 1.643970 1.508748
      vertex -12.227825 1.643970 1.817992
    endloop
  endfacet
  facet normal 0.243309 0.051023 0.968606
    outer loop
      vertex -10.858644 0.000000 1.560660
      vertex -12.227825 1.643970 1.817992
      vertex -12.153093 0.000000 1.885819
    endloop
  endfacet
  facet normal 0.074497 0.044489 0.996228
    outer loop
      vertex -12.153093 0.000000 1.885819
      vertex -12.227825 1.643970 1.817992
      vertex -13.680000 1.643970 1.926585
    endloop
  endfacet
  facet normal 0.074497 0.044489 0.996228
    outer loop
      vertex -12.153093 0.000000 1.885819
      vertex -13.680000 1.643970 1.926585
      vertex -13.680000 0.000000 2.000000
    endloop
  endfacet
  facet normal -0.074497 0.044489 0.996228
    outer loop
      vertex -13.680000 0.000000 2.000000
      vertex -13.680000 1.643970 1.926585
      vertex -15.132175 1.643970 1.817992
    endloop
  endfacet
  facet normal -0.074497 0.044489 0.996228
    outer loop
      vertex -13.680000 0.000000 2.000000
      vertex -15.132175 1.643970 1.817992
      vertex -15.206907 0.000000 1.885819
    endloop
  endfacet
  facet normal -0.243309 0.051023 0.968606
    outer loop
      vertex -15.206907 0.000000 1.885819
      vertex -15.132175 1.643970 1.817992
      vertex -16.363269 1.643970 1.508748
    endloop
  endfacet
  facet normal -0.243309 0.051023 0.968606
    outer loop
      vertex -15.206907 0.000000 1.885819
      vertex -16.363269 1.643970 1.508748
      vertex -16.501356 0.000000 1.560660
    endloop
  endfacet
  facet normal -0.489196 0.068546 0.869476
    outer loop
      vertex -16.501356 0.000000 1.560660
      vertex -16.363269 1.643970 1.508748
      vertex -17.185860 1.643970 1.045930
    endloop
  endfacet
  facet normal -0.489196 0.068546 0.869476
    outer loop
      vertex -16.501356 0.000000 1.560660
      vertex -17.185860 1.643970 1.045930
      vertex -17.366279 0.000000 1.074025
    endloop
  endfacet
  facet normal -0.879067 0.104423 0.465120
    outer loop
      vertex -17.366279 0.000000 1.074025
      vertex -17.185860 1.643970 1.045930
      vertex -17.474716 1.643970 0.500000
    endloop
  endfacet
  facet normal -0.879067 0.104423 0.465120
    outer loop
      vertex -17.366279 0.000000 1.074025
      vertex -17.474716 1.643970 0.500000
      vertex -17.670000 0.000000 0.500000
    endloop
  endfacet
  facet normal 0.837417 0.320014 0.443083
    outer loop
      vertex -9.885284 1.643970 0.500000
      vertex -10.452022 3.127018 0.500000
      vertex -10.697737 3.127018 0.964396
    endloop
  endfacet
  facet normal 0.837417 0.320014 0.443083
    outer loop
      vertex -9.885284 1.643970 0.500000
      vertex -10.697737 3.127018 0.964396
      vertex -10.174140 1.643970 1.045930
    endloop
  endfacet
  facet normal 0.478793 0.215825 0.850986
    outer loop
      vertex -10.174140 1.643970 1.045930
      vertex -10.697737 3.127018 0.964396
      vertex -11.397475 3.127018 1.358092
    endloop
  endfacet
  facet normal 0.478793 0.215825 0.850986
    outer loop
      vertex -10.174140 1.643970 1.045930
      vertex -11.397475 3.127018 1.358092
      vertex -10.996731 1.643970 1.508748
    endloop
  endfacet
  facet normal 0.240401 0.162180 0.957029
    outer loop
      vertex -10.996731 1.643970 1.508748
      vertex -11.397475 3.127018 1.358092
      vertex -12.444706 3.127018 1.621151
    endloop
  endfacet
  facet normal 0.240401 0.162180 0.957029
    outer loop
      vertex -10.996731 1.643970 1.508748
      vertex -12.444706 3.127018 1.621151
      vertex -12.227825 1.643970 1.817992
    endloop
  endfacet
  facet normal 0.073817 0.141815 0.987137
    outer loop
      vertex -12.227825 1.643970 1.817992
      vertex -12.444706 3.127018 1.621151
      vertex -13.680000 3.127018 1.713525
    endloop
  endfacet
  facet normal 0.073817 0.141815 0.987137
    outer loop
      vertex -12.227825 1.643970 1.817992
      vertex -13.680000 3.127018 1.713525
      vertex -13.680000 1.643970 1.926585
    endloop
  endfacet
  facet normal -0.073817 0.141815 0.987137
    outer loop
      vertex -13.680000 1.643970 1.926585
      vertex -13.680000 3.127018 1.713525
      vertex -14.915294 3.127018 1.621151
    endloop
  endfacet
  facet normal -0.073817 0.141815 0.987137
    outer loop
      vertex -13.680000 1.643970 1.926585
      vertex -14.915294 3.127018 1.621151
      vertex -15.132175 1.643970 1.817992
    endloop
  endfacet
  facet normal -0.240401 0.162180 0.957029
    outer loop
      vertex -15.132175 1.643970 1.817992
      vertex -14.915294 3.127018 1.621151
      vertex -15.962525 3.127018 1.358092
    endloop
  endfacet
  facet normal -0.240401 0.162180 0.957029
    outer loop
      vertex -15.132175 1.643970 1.817992
      vertex -15.962525 3.127018 1.358092
      vertex -16.363269 1.643970 1.508748
    endloop
  endfacet
  facet normal -0.478793 0.215825 0.850986
    outer loop
      vertex -16.363269 1.643970 1.508748
      vertex -15.962525 3.127018 1.358092
      vertex -16.662263 3.127018 0.964396
    endloop
  endfacet
  facet normal -0.478793 0.215825 0.850986
    outer loop
      vertex -16.363269 1.643970 1.508748
      vertex -16.662263 3.127018 0.964396
      vertex -17.185860 1.643970 1.045930
    endloop
  endfacet
  facet normal -0.837417 0.320014 0.443083
    outer loop
      vertex -17.185860 1.643970 1.045930
      vertex -16.662263 3.127018 0.964396
      vertex -16.907978 3.127018 0.500000
    endloop
  endfacet
  facet normal -0.837417 0.320014 0.443083
    outer loop
      vertex -17.185860 1.643970 1.045930
      vertex -16.907978 3.127018 0.500000
      vertex -17.474716 1.643970 0.500000
    endloop
  endfacet
  facet normal 0.736719 0.552539 0.389803
    outer loop
      vertex -10.452022 3.127018 0.500000
      vertex -11.334737 4.303970 0.500000
      vertex -11.513259 4.303970 0.837404
    endloop
  endfacet
  facet normal 0.736719 0.552539 0.389803
    outer loop
      vertex -10.452022 3.127018 0.500000
      vertex -11.513259 4.303970 0.837404
      vertex -10.697737 3.127018 0.964396
    endloop
  endfacet
  facet normal 0.449846 0.397972 0.799536
    outer loop
      vertex -10.697737 3.127018 0.964396
      vertex -11.513259 4.303970 0.837404
      vertex -12.021649 4.303970 1.123440
    endloop
  endfacet
  facet normal 0.449846 0.397972 0.799536
    outer loop
      vertex -10.697737 3.127018 0.964396
      vertex -12.021649 4.303970 1.123440
      vertex -11.397475 3.127018 1.358092
    endloop
  endfacet
  facet normal 0.231862 0.306991 0.923036
    outer loop
      vertex -11.397475 3.127018 1.358092
      vertex -12.021649 4.303970 1.123440
      vertex -12.782507 4.303970 1.314564
    endloop
  endfacet
  facet normal 0.231862 0.306991 0.923036
    outer loop
      vertex -11.397475 3.127018 1.358092
      vertex -12.782507 4.303970 1.314564
      vertex -12.444706 3.127018 1.621151
    endloop
  endfacet
  facet normal 0.071787 0.270674 0.959991
    outer loop
      vertex -12.444706 3.127018 1.621151
      vertex -12.782507 4.303970 1.314564
      vertex -13.680000 4.303970 1.381678
    endloop
  endfacet
  facet normal 0.071787 0.270674 0.959991
    outer loop
      vertex -12.444706 3.127018 1.621151
      vertex -13.680000 4.303970 1.381678
      vertex -13.680000 3.127018 1.713525
    endloop
  endfacet
  facet normal -0.071787 0.270674 0.959991
    outer loop
      vertex -13.680000 3.127018 1.713525
      vertex -13.680000 4.303970 1.381678
      vertex -14.577493 4.303970 1.314564
    endloop
  endfacet
  facet normal -0.071787 0.270674 0.959991
    outer loop
      vertex -13.680000 3.127018 1.713525
      vertex -14.577493 4.303970 1.314564
      vertex -14.915294 3.127018 1.621151
    endloop
  endfacet
  facet normal -0.231862 0.306991 0.923036
    outer loop
      vertex -14.915294 3.127018 1.621151
      vertex -14.577493 4.303970 1.314564
      vertex -15.338351 4.303970 1.123440
    endloop
  endfacet
  facet normal -0.231862 0.306991 0.923036
    outer loop
      vertex -14.915294 3.127018 1.621151
      vertex -15.338351 4.303970 1.123440
      vertex -15.962525 3.127018 1.358092
    endloop
  endfacet
  facet normal -0.449846 0.397972 0.799536
    outer loop
      vertex -15.962525 3.127018 1.358092
      vertex -15.338351 4.303970 1.123440
      vertex -15.846741 4.303970 0.837404
    endloop
  endfacet
  facet normal -0.449846 0.397972 0.799536
    outer loop
      vertex -15.962525 3.127018 1.358092
      vertex -15.846741 4.303970 0.837404
      vertex -16.662263 3.127018 0.964396
    endloop
  endfacet
  facet normal -0.736719 0.552539 0.389803
    outer loop
      vertex -16.662263 3.127018 0.964396
      vertex -15.846741 4.303970 0.837404
      vertex -16.025263 4.303970 0.500000
    endloop
  endfacet
  facet normal -0.736719 0.552539 0.389803
    outer loop
      vertex -16.662263 3.127018 0.964396
      vertex -16.025263 4.303970 0.500000
      vertex -16.907978 3.127018 0.500000
    endloop
  endfacet
  facet normal 0.538646 0.792865 0.285001
    outer loop
      vertex -11.334737 4.303970 0.500000
      vertex -12.447022 5.059621 0.500000
      vertex -12.540877 5.059621 0.677384
    endloop
  endfacet
  facet normal 0.538646 0.792865 0.285001
    outer loop
      vertex -11.334737 4.303970 0.500000
      vertex -12.540877 5.059621 0.677384
      vertex -11.513259 4.303970 0.837404
    endloop
  endfacet
  facet normal 0.373360 0.648263 0.663594
    outer loop
      vertex -11.513259 4.303970 0.837404
      vertex -12.540877 5.059621 0.677384
      vertex -12.808153 5.059621 0.827762
    endloop
  endfacet
  facet normal 0.373360 0.648263 0.663594
    outer loop
      vertex -11.513259 4.303970 0.837404
      vertex -12.808153 5.059621 0.827762
      vertex -12.021649 4.303970 1.123440
    endloop
  endfacet
  facet normal 0.205844 0.534896 0.819460
    outer loop
      vertex -12.021649 4.303970 1.123440
      vertex -12.808153 5.059621 0.827762
      vertex -13.208160 5.059621 0.928242
    endloop
  endfacet
  facet normal 0.205844 0.534896 0.819460
    outer loop
      vertex -12.021649 4.303970 1.123440
      vertex -13.208160 5.059621 0.928242
      vertex -12.782507 4.303970 1.314564
    endloop
  endfacet
  facet normal 0.065290 0.483146 0.873102
    outer loop
      vertex -12.782507 4.303970 1.314564
      vertex -13.208160 5.059621 0.928242
      vertex -13.680000 5.059621 0.963525
    endloop
  endfacet
  facet normal 0.065290 0.483146 0.873102
    outer loop
      vertex -12.782507 4.303970 1.314564
      vertex -13.680000 5.059621 0.963525
      vertex -13.680000 4.303970 1.381678
    endloop
  endfacet
  facet normal -0.065290 0.483146 0.873102
    outer loop
      vertex -13.680000 4.303970 1.381678
      vertex -13.680000 5.059621 0.963525
      vertex -14.151840 5.059621 0.928242
    endloop
  endfacet
  facet normal -0.065290 0.483146 0.873102
    outer loop
      vertex -13.680000 4.303970 1.381678
      vertex -14.151840 5.059621 0.928242
      vertex -14.577493 4.303970 1.314564
    endloop
  endfacet
  facet normal -0.205844 0.534896 0.819460
    outer loop
      vertex -14.577493 4.303970 1.314564
      vertex -14.151840 5.059621 0.928242
      vertex -14.551847 5.059621 0.827762
    endloop
  endfacet
  facet normal -0.205844 0.534896 0.819460
    outer loop
      vertex -14.577493 4.303970 1.314564
      vertex -14.551847 5.059621 0.827762
      vertex -15.338351 4.303970 1.123440
    endloop
  endfacet
  facet normal -0.373360 0.648263 0.663594
    outer loop
      vertex -15.338351 4.303970 1.123440
      vertex -14.551847 5.059621 0.827762
      vertex -14.819123 5.059621 0.677384
    endloop
  endfacet
  facet normal -0.373360 0.648263 0.663594
    outer loop
      vertex -15.338351 4.303970 1.123440
      vertex -14.819123 5.059621 0.677384
      vertex -15.846741 4.303970 0.837404
    endloop
  endfacet
  facet normal -0.538646 0.792865 0.285001
    outer loop
      vertex -15.846741 4.303970 0.837404
      vertex -14.819123 5.059621 0.677384
      vertex -14.912978 5.059621 0.500000
    endloop
  endfacet
  facet normal -0.538646 0.792865 0.285001
    outer loop
      vertex -15.846741 4.303970 0.837404
      vertex -14.912978 5.059621 0.500000
      vertex -16.025263 4.303970 0.500000
    endloop
  endfacet
  facet normal 0.000000 0.000000 1.000000
    outer loop
      vertex -12.447022 5.059621 0.500000
      vertex -13.680000 5.320000 0.500000
      vertex -13.680000 5.320000 0.500000
    endloop
  endfacet
  facet normal 0.205398 0.972626 0.108678
    outer loop
      vertex -12.447022 5.059621 0.500000
      vertex -13.680000 5.320000 0.500000
      vertex -12.540877 5.059621 0.677384
    endloop
  endfacet
  facet normal 0.000000 0.000000 1.000000
    outer loop
      vertex -12.540877 5.059621 0.677384
      vertex -13.680000 5.320000 0.500000
      vertex -13.680000 5.320000 0.500000
    endloop
  endfacet
  facet normal 0.168171 0.939350 0.298899
    outer loop
      vertex -12.540877 5.059621 0.677384
      vertex -13.680000 5.320000 0.500000
      vertex -12.808153 5.059621 0.827762
    endloop
  endfacet
  facet normal 0.000000 0.000000 1.000000
    outer loop
      vertex -12.808153 5.059621 0.827762
      vertex -13.680000 5.320000 0.500000
      vertex -13.680000 5.320000 0.500000
    endloop
  endfacet
  facet normal 0.107378 0.897631 0.427468
    outer loop
      vertex -12.808153 5.059621 0.827762
      vertex -13.680000 5.320000 0.500000
      vertex -13.208160 5.059621 0.928242
    endloop
  endfacet
  facet normal 0.000000 0.000000 1.000000
    outer loop
      vertex -13.208160 5.059621 0.928242
      vertex -13.680000 5.320000 0.500000
      vertex -13.680000 5.320000 0.500000
    endloop
  endfacet
  facet normal 0.036599 0.871276 0.489428
    outer loop
      vertex -13.208160 5.059621 0.928242
      vertex -13.680000 5.320000 0.500000
      vertex -13.680000 5.059621 0.963525
    endloop
  endfacet
  facet normal 0.000000 0.000000 1.000000
    outer loop
      vertex -13.680000 5.059621 0.963525
      vertex -13.680000 5.320000 0.500000
      vertex -13.680000 5.320000 0.500000
    endloop
  endfacet
  facet normal -0.036599 0.871276 0.489428
    outer loop
      vertex -13.680000 5.059621 0.963525
      vertex -13.680000 5.320000 0.500000
      vertex -14.151840 5.059621 0.928242
    endloop
  endfacet
  facet normal 0.000000 0.000000 1.000000
    outer loop
      vertex -14.151840 5.059621 0.928242
      vertex -13.680000 5.320000 0.500000
      vertex -13.680000 5.320000 0.500000
    endloop
  endfacet
  facet normal -0.107378 0.897631 0.427468
    outer loop
      vertex -14.151840 5.059621 0.928242
      vertex -13.680000 5.320000 0.500000
      vertex -14.551847 5.059621 0.827762
    endloop
  endfacet
  facet normal 0.000000 0.000000 1.000000
    outer loop
      vertex -14.551847 5.059621 0.827762
      vertex -13.680000 5.320000 0.500000
      vertex -13.680000 5.320000 0.500000
    endloop
  endfacet
  facet normal -0.168171 0.939350 0.298899
    outer loop
      vertex -14.551847 5.059621 0.827762
      vertex -13.680000 5.320000 0.500000
      vertex -14.819123 5.059621 0.677384
    endloop
  endfacet
  facet normal 0.000000 0.000000 1.000000
    outer loop
      vertex -14.819123 5.059621 0.677384
      vertex -13.680000 5.320000 0.500000
      vertex -13.680000 5.320000 0.500000
    endloop
  endfacet
  facet normal -0.205398 0.972626 0.108678
    outer loop
      vertex -14.819123 5.059621 0.677384
      vertex -13.680000 5.320000 0.500000
      vertex -14.912978 5.059621 0.500000
    endloop
  endfacet
  facet normal 0.832989 -0.542512 0.108678
    outer loop
      vertex -5.911413 -13.435029 0.500000
      vertex -5.223682 -12.379066 0.500000
      vertex -5.290047 -12.445431 0.677384
    endloop
  endfacet
  facet normal 0.000000 0.000000 1.000000
    outer loop
      vertex -5.911413 -13.435029 0.500000
      vertex -5.290047 -12.445431 0.677384
      vertex -5.911413 -13.435029 0.500000
    endloop
  endfacet
  facet normal 0.783135 -0.545306 0.298899
    outer loop
      vertex -5.911413 -13.435029 0.500000
      vertex -5.290047 -12.445431 0.677384
      vertex -5.479040 -12.634424 0.827762
    endloop
  endfacet
  facet normal 0.000000 0.000000 1.000000
    outer loop
      vertex -5.911413 -13.435029 0.500000
      vertex -5.479040 -12.634424 0.827762
      vertex -5.911413 -13.435029 0.500000
    endloop
  endfacet
  facet normal 0.710649 -0.558793 0.427468
    outer loop
      vertex -5.911413 -13.435029 0.500000
      vertex -5.479040 -12.634424 0.827762
      vertex -5.761887 -12.917271 0.928242
    endloop
  endfacet
  facet normal 0.000000 0.000000 1.000000
    outer loop
      vertex -5.911413 -13.435029 0.500000
      vertex -5.761887 -12.917271 0.928242
      vertex -5.911413 -13.435029 0.500000
    endloop
  endfacet
  facet normal 0.641964 -0.590206 0.489428
    outer loop
      vertex -5.911413 -13.435029 0.500000
      vertex -5.761887 -12.917271 0.928242
      vertex -6.095529 -13.250913 0.963525
    endloop
  endfacet
  facet normal 0.000000 0.000000 1.000000
    outer loop
      vertex -5.911413 -13.435029 0.500000
      vertex -6.095529 -13.250913 0.963525
      vertex -5.911413 -13.435029 0.500000
    endloop
  endfacet
  facet normal 0.590206 -0.641964 0.489428
    outer loop
      vertex -5.911413 -13.435029 0.500000
      vertex -6.095529 -13.250913 0.963525
      vertex -6.429170 -13.584554 0.928242
    endloop
  endfacet
  facet normal 0.000000 0.000000 1.000000
    outer loop
      vertex -5.911413 -13.435029 0.500000
      vertex -6.429170 -13.584554 0.928242
      vertex -5.911413 -13.435029 0.500000
    endloop
  endfacet
  facet normal 0.558793 -0.710649 0.427468
    outer loop
      vertex -5.911413 -13.435029 0.500000
      vertex -6.429170 -13.584554 0.928242
      vertex -6.712018 -13.867402 0.827762
    endloop
  endfacet
  facet normal 0.000000 0.000000 1.000000
    outer loop
      vertex -5.911413 -13.435029 0.500000
      vertex -6.712018 -13.867402 0.827762
      vertex -5.911413 -13.435029 0.500000
    endloop
  endfacet
  facet normal 0.545306 -0.783135 0.298899
    outer loop
      vertex -5.911413 -13.435029 0.500000
      vertex -6.712018 -13.867402 0.827762
      vertex -6.901010 -14.056394 0.677384
    endloop
  endfacet
  facet normal 0.000000 0.000000 1.000000
    outer loop
      vertex -5.911413 -13.435029 0.500000
      vertex -6.901010 -14.056394 0.677384
      vertex -5.911413 -13.435029 0.500000
    endloop
  endfacet
  facet normal 0.542512 -0.832989 0.108678
    outer loop
      vertex -5.911413 -13.435029 0.500000
      vertex -6.901010 -14.056394 0.677384
      vertex -6.967376 -14.122760 0.500000
    endloop
  endfacet
  facet normal 0.000000 0.000000 1.000000
    outer loop
      vertex -5.911413 -13.435029 0.500000
      vertex -6.967376 -14.122760 0.500000
      vertex -5.911413 -13.435029 0.500000
    endloop
  endfacet
  facet normal 0.941520 -0.179760 0.285001
    outer loop
      vertex -5.223682 -12.379066 0.500000
      vertex -4.971503 -11.058236 0.500000
      vertex -5.097737 -11.184470 0.837404
    endloop
  endfacet
  facet normal 0.941520 -0.179760 0.285001
    outer loop
      vertex -5.223682 -12.379066 0.500000
      vertex -5.097737 -11.184470 0.837404
      vertex -5.290047 -12.445431 0.677384
    endloop
  endfacet
  facet normal 0.722397 -0.194385 0.663594
    outer loop
      vertex -5.290047 -12.445431 0.677384
      vertex -5.097737 -11.184470 0.837404
      vertex -5.457223 -11.543956 1.123440
    endloop
  endfacet
  facet normal 0.722397 -0.194385 0.663594
    outer loop
      vertex -5.290047 -12.445431 0.677384
      vertex -5.457223 -11.543956 1.123440
      vertex -5.479040 -12.634424 0.827762
    endloop
  endfacet
  facet normal 0.523782 -0.232674 0.819460
    outer loop
      vertex -5.479040 -12.634424 0.827762
      vertex -5.457223 -11.543956 1.123440
      vertex -5.995230 -12.081964 1.314564
    endloop
  endfacet
  facet normal 0.523782 -0.232674 0.819460
    outer loop
      vertex -5.479040 -12.634424 0.827762
      vertex -5.995230 -12.081964 1.314564
      vertex -5.761887 -12.917271 0.928242
    endloop
  endfacet
  facet normal 0.387803 -0.295469 0.873102
    outer loop
      vertex -5.761887 -12.917271 0.928242
      vertex -5.995230 -12.081964 1.314564
      vertex -6.629854 -12.716587 1.381678
    endloop
  endfacet
  facet normal 0.387803 -0.295469 0.873102
    outer loop
      vertex -5.761887 -12.917271 0.928242
      vertex -6.629854 -12.716587 1.381678
      vertex -6.095529 -13.250913 0.963525
    endloop
  endfacet
  facet normal 0.295469 -0.387803 0.873102
    outer loop
      vertex -6.095529 -13.250913 0.963525
      vertex -6.629854 -12.716587 1.381678
      vertex -7.264478 -13.351211 1.314564
    endloop
  endfacet
  facet normal 0.295469 -0.387803 0.873102
    outer loop
      vertex -6.095529 -13.250913 0.963525
      vertex -7.264478 -13.351211 1.314564
      vertex -6.429170 -13.584554 0.928242
    endloop
  endfacet
  facet normal 0.232674 -0.523782 0.819460
    outer loop
      vertex -6.429170 -13.584554 0.928242
      vertex -7.264478 -13.351211 1.314564
      vertex -7.802486 -13.889219 1.123440
    endloop
  endfacet
  facet normal 0.232674 -0.523782 0.819460
    outer loop
      vertex -6.429170 -13.584554 0.928242
      vertex -7.802486 -13.889219 1.123440
      vertex -6.712018 -13.867402 0.827762
    endloop
  endfacet
  facet normal 0.194385 -0.722397 0.663594
    outer loop
      vertex -6.712018 -13.867402 0.827762
      vertex -7.802486 -13.889219 1.123440
      vertex -8.161971 -14.248704 0.837404
    endloop
  endfacet
  facet normal 0.194385 -0.722397 0.663594
    outer loop
      vertex -6.712018 -13.867402 0.827762
      vertex -8.161971 -14.248704 0.837404
      vertex -6.901010 -14.056394 0.677384
    endloop
  endfacet
  facet normal 0.179760 -0.941520 0.285001
    outer loop
      vertex -6.901010 -14.056394 0.677384
      vertex -8.161971 -14.248704 0.837404
      vertex -8.288206 -14.374939 0.500000
    endloop
  endfacet
  facet normal 0.179760 -0.941520 0.285001
    outer loop
      vertex -6.901010 -14.056394 0.677384
      vertex -8.288206 -14.374939 0.500000
      vertex -6.967376 -14.122760 0.500000
    endloop
  endfacet
  facet normal 0.911643 0.130235 0.389803
    outer loop
      vertex -4.971503 -11.058236 0.500000
      vertex -5.179560 -9.601831 0.500000
      vertex -5.353307 -9.775578 0.964396
    endloop
  endfacet
  facet normal 0.911643 0.130235 0.389803
    outer loop
      vertex -4.971503 -11.058236 0.500000
      vertex -5.353307 -9.775578 0.964396
      vertex -5.097737 -11.184470 0.837404
    endloop
  endfacet
  facet normal 0.599498 0.036680 0.799536
    outer loop
      vertex -5.097737 -11.184470 0.837404
      vertex -5.353307 -9.775578 0.964396
      vertex -5.848097 -10.270367 1.358092
    endloop
  endfacet
  facet normal 0.599498 0.036680 0.799536
    outer loop
      vertex -5.097737 -11.184470 0.837404
      vertex -5.848097 -10.270367 1.358092
      vertex -5.457223 -11.543956 1.123440
    endloop
  endfacet
  facet normal 0.381027 -0.053124 0.923036
    outer loop
      vertex -5.457223 -11.543956 1.123440
      vertex -5.848097 -10.270367 1.358092
      vertex -6.588601 -11.010872 1.621151
    endloop
  endfacet
  facet normal 0.381027 -0.053124 0.923036
    outer loop
      vertex -5.457223 -11.543956 1.123440
      vertex -6.588601 -11.010872 1.621151
      vertex -5.995230 -12.081964 1.314564
    endloop
  endfacet
  facet normal 0.242157 -0.140634 0.959991
    outer loop
      vertex -5.995230 -12.081964 1.314564
      vertex -6.588601 -11.010872 1.621151
      vertex -7.462085 -11.884356 1.713525
    endloop
  endfacet
  facet normal 0.242157 -0.140634 0.959991
    outer loop
      vertex -5.995230 -12.081964 1.314564
      vertex -7.462085 -11.884356 1.713525
      vertex -6.629854 -12.716587 1.381678
    endloop
  endfacet
  facet normal 0.140634 -0.242157 0.959991
    outer loop
      vertex -6.629854 -12.716587 1.381678
      vertex -7.462085 -11.884356 1.713525
      vertex -8.335570 -12.757841 1.621151
    endloop
  endfacet
  facet normal 0.140634 -0.242157 0.959991
    outer loop
      vertex -6.629854 -12.716587 1.381678
      vertex -8.335570 -12.757841 1.621151
      vertex -7.264478 -13.351211 1.314564
    endloop
  endfacet
  facet normal 0.053124 -0.381027 0.923036
    outer loop
      vertex -7.264478 -13.351211 1.314564
      vertex -8.335570 -12.757841 1.621151
      vertex -9.076074 -13.498345 1.358092
    endloop
  endfacet
  facet normal 0.053124 -0.381027 0.923036
    outer loop
      vertex -7.264478 -13.351211 1.314564
      vertex -9.076074 -13.498345 1.358092
      vertex -7.802486 -13.889219 1.123440
    endloop
  endfacet
  facet normal -0.036680 -0.599498 0.799536
    outer loop
      vertex -7.802486 -13.889219 1.123440
      vertex -9.076074 -13.498345 1.358092
      vertex -9.570864 -13.993134 0.964396
    endloop
  endfacet
  facet normal -0.036680 -0.599498 0.799536
    outer loop
      vertex -7.802486 -13.889219 1.123440
      vertex -9.570864 -13.993134 0.964396
      vertex -8.161971 -14.248704 0.837404
    endloop
  endfacet
  facet normal -0.130235 -0.911643 0.389803
    outer loop
      vertex -8.161971 -14.248704 0.837404
      vertex -9.570864 -13.993134 0.964396
      vertex -9.744610 -14.166881 0.500000
    endloop
  endfacet
  facet normal -0.130235 -0.911643 0.389803
    outer loop
      vertex -8.161971 -14.248704 0.837404
      vertex -9.744610 -14.166881 0.500000
      vertex -8.288206 -14.374939 0.500000
    endloop
  endfacet
  facet normal 0.818428 0.365859 0.443083
    outer loop
      vertex -5.179560 -9.601831 0.500000
      vertex -5.827489 -8.152414 0.500000
      vertex -6.031741 -8.356666 1.045930
    endloop
  endfacet
  facet normal 0.818428 0.365859 0.443083
    outer loop
      vertex -5.179560 -9.601831 0.500000
      vertex -6.031741 -8.356666 1.045930
      vertex -5.353307 -9.775578 0.964396
    endloop
  endfacet
  facet normal 0.491170 0.185946 0.850986
    outer loop
      vertex -5.353307 -9.775578 0.964396
      vertex -6.031741 -8.356666 1.045930
      vertex -6.613400 -8.938326 1.508748
    endloop
  endfacet
  facet normal 0.491170 0.185946 0.850986
    outer loop
      vertex -5.353307 -9.775578 0.964396
      vertex -6.613400 -8.938326 1.508748
      vertex -5.848097 -10.270367 1.358092
    endloop
  endfacet
  facet normal 0.284668 0.055310 0.957029
    outer loop
      vertex -5.848097 -10.270367 1.358092
      vertex -6.613400 -8.938326 1.508748
      vertex -7.483916 -9.808841 1.817992
    endloop
  endfacet
  facet normal 0.284668 0.055310 0.957029
    outer loop
      vertex -5.848097 -10.270367 1.358092
      vertex -7.483916 -9.808841 1.817992
      vertex -6.588601 -11.010872 1.621151
    endloop
  endfacet
  facet normal 0.152475 -0.048082 0.987137
    outer loop
      vertex -6.588601 -11.010872 1.621151
      vertex -7.483916 -9.808841 1.817992
      vertex -8.510758 -10.835683 1.926585
    endloop
  endfacet
  facet normal 0.152475 -0.048082 0.987137
    outer loop
      vertex -6.588601 -11.010872 1.621151
      vertex -8.510758 -10.835683 1.926585
      vertex -7.462085 -11.884356 1.713525
    endloop
  endfacet
  facet normal 0.048082 -0.152475 0.987137
    outer loop
      vertex -7.462085 -11.884356 1.713525
      vertex -8.510758 -10.835683 1.926585
      vertex -9.537601 -11.862526 1.817992
    endloop
  endfacet
  facet normal 0.048082 -0.152475 0.987137
    outer loop
      vertex -7.462085 -11.884356 1.713525
      vertex -9.537601 -11.862526 1.817992
      vertex -8.335570 -12.757841 1.621151
    endloop
  endfacet
  facet normal -0.055310 -0.284668 0.957029
    outer loop
      vertex -8.335570 -12.757841 1.621151
      vertex -9.537601 -11.862526 1.817992
      vertex -10.408116 -12.733041 1.508748
    endloop
  endfacet
  facet normal -0.055310 -0.284668 0.957029
    outer loop
      vertex -8.335570 -12.757841 1.621151
      vertex -10.408116 -12.733041 1.508748
      vertex -9.076074 -13.498345 1.358092
    endloop
  endfacet
  facet normal -0.185946 -0.491170 0.850986
    outer loop
      vertex -9.076074 -13.498345 1.358092
      vertex -10.408116 -12.733041 1.508748
      vertex -10.989776 -13.314701 1.045930
    endloop
  endfacet
  facet normal -0.185946 -0.491170 0.850986
    outer loop
      vertex -9.076074 -13.498345 1.358092
      vertex -10.989776 -13.314701 1.045930
      vertex -9.570864 -13.993134 0.964396
    endloop
  endfacet
  facet normal -0.365859 -0.818428 0.443083
    outer loop
      vertex -9.570864 -13.993134 0.964396
      vertex -10.989776 -13.314701 1.045930
      vertex -11.194027 -13.518952 0.500000
    endloop
  endfacet
  facet normal -0.365859 -0.818428 0.443083
    outer loop
      vertex -9.570864 -13.993134 0.964396
      vertex -11.194027 -13.518952 0.500000
      vertex -9.744610 -14.166881 0.500000
    endloop
  endfacet
  facet normal 0.695432 0.547756 0.465120
    outer loop
      vertex -5.827489 -8.152414 0.500000
      vertex -6.851865 -6.851865 0.500000
      vertex -7.066628 -7.066628 1.074025
    endloop
  endfacet
  facet normal 0.695432 0.547756 0.465120
    outer loop
      vertex -5.827489 -8.152414 0.500000
      vertex -7.066628 -7.066628 1.074025
      vertex -6.031741 -8.356666 1.045930
    endloop
  endfacet
  facet normal 0.394384 0.297445 0.869476
    outer loop
      vertex -6.031741 -8.356666 1.045930
      vertex -7.066628 -7.066628 1.074025
      vertex -7.678221 -7.678221 1.560660
    endloop
  endfacet
  facet normal 0.394384 0.297445 0.869476
    outer loop
      vertex -6.031741 -8.356666 1.045930
      vertex -7.678221 -7.678221 1.560660
      vertex -6.613400 -8.938326 1.508748
    endloop
  endfacet
  facet normal 0.208124 0.135967 0.968606
    outer loop
      vertex -6.613400 -8.938326 1.508748
      vertex -7.678221 -7.678221 1.560660
      vertex -8.593535 -8.593535 1.885819
    endloop
  endfacet
  facet normal 0.208124 0.135967 0.968606
    outer loop
      vertex -6.613400 -8.938326 1.508748
      vertex -8.593535 -8.593535 1.885819
      vertex -7.483916 -9.808841 1.817992
    endloop
  endfacet
  facet normal 0.084136 0.021219 0.996228
    outer loop
      vertex -7.483916 -9.808841 1.817992
      vertex -8.593535 -8.593535 1.885819
      vertex -9.673221 -9.673221 2.000000
    endloop
  endfacet
  facet normal 0.084136 0.021219 0.996228
    outer loop
      vertex -7.483916 -9.808841 1.817992
      vertex -9.673221 -9.673221 2.000000
      vertex -8.510758 -10.835683 1.926585
    endloop
  endfacet
  facet normal -0.021219 -0.084136 0.996228
    outer loop
      vertex -8.510758 -10.835683 1.926585
      vertex -9.673221 -9.673221 2.000000
      vertex -10.752907 -10.752907 1.885819
    endloop
  endfacet
  facet normal -0.021219 -0.084136 0.996228
    outer loop
      vertex -8.510758 -10.835683 1.926585
      vertex -10.752907 -10.752907 1.885819
      vertex -9.537601 -11.862526 1.817992
    endloop
  endfacet
  facet normal -0.135967 -0.208124 0.968606
    outer loop
      vertex -9.537601 -11.862526 1.817992
      vertex -10.752907 -10.752907 1.885819
      vertex -11.668221 -11.668221 1.560660
    endloop
  endfacet
  facet normal -0.135967 -0.208124 0.968606
    outer loop
      vertex -9.537601 -11.862526 1.817992
      vertex -11.668221 -11.668221 1.560660
      vertex -10.408116 -12.733041 1.508748
    endloop
  endfacet
  facet normal -0.297445 -0.394384 0.869476
    outer loop
      vertex -10.408116 -12.733041 1.508748
      vertex -11.668221 -11.668221 1.560660
      vertex -12.279814 -12.279814 1.074025
    endloop
  endfacet
  facet normal -0.297445 -0.394384 0.869476
    outer loop
      vertex -10.408116 -12.733041 1.508748
      vertex -12.279814 -12.279814 1.074025
      vertex -10.989776 -13.314701 1.045930
    endloop
  endfacet
  facet normal -0.547756 -0.695432 0.465120
    outer loop
      vertex -10.989776 -13.314701 1.045930
      vertex -12.279814 -12.279814 1.074025
      vertex -12.494577 -12.494577 0.500000
    endloop
  endfacet
  facet normal -0.547756 -0.695432 0.465120
    outer loop
      vertex -10.989776 -13.314701 1.045930
      vertex -12.494577 -12.494577 0.500000
      vertex -11.194027 -13.518952 0.500000
    endloop
  endfacet
  facet normal 0.547756 0.695432 0.465120
    outer loop
      vertex -6.851865 -6.851865 0.500000
      vertex -8.152414 -5.827489 0.500000
      vertex -8.356666 -6.031741 1.045930
    endloop
  endfacet
  facet normal 0.547756 0.695432 0.465120
    outer loop
      vertex -6.851865 -6.851865 0.500000
      vertex -8.356666 -6.031741 1.045930
      vertex -7.066628 -7.066628 1.074025
    endloop
  endfacet
  facet normal 0.297445 0.394384 0.869476
    outer loop
      vertex -7.066628 -7.066628 1.074025
      vertex -8.356666 -6.031741 1.045930
      vertex -8.938326 -6.613400 1.508748
    endloop
  endfacet
  facet normal 0.297445 0.394384 0.869476
    outer loop
      vertex -7.066628 -7.066628 1.074025
      vertex -8.938326 -6.613400 1.508748
      vertex -7.678221 -7.678221 1.560660
    endloop
  endfacet
  facet normal 0.135967 0.208124 0.968606
    outer loop
      vertex -7.678221 -7.678221 1.560660
      vertex -8.938326 -6.613400 1.508748
      vertex -9.808841 -7.483916 1.817992
    endloop
  endfacet
  facet normal 0.135967 0.208124 0.968606
    outer loop
      vertex -7.678221 -7.678221 1.560660
      vertex -9.808841 -7.483916 1.817992
      vertex -8.593535 -8.593535 1.885819
    endloop
  endfacet
  facet normal 0.021219 0.084136 0.996228
    outer loop
      vertex -8.593535 -8.593535 1.885819
      vertex -9.808841 -7.483916 1.817992
      vertex -10.835683 -8.510758 1.926585
    endloop
  endfacet
  facet normal 0.021219 0.084136 0.996228
    outer loop
      vertex -8.593535 -8.593535 1.885819
      vertex -10.835683 -8.510758 1.926585
      vertex -9.673221 -9.673221 2.000000
    endloop
  endfacet
  facet normal -0.084136 -0.021219 0.996228
    outer loop
      vertex -9.673221 -9.673221 2.000000
      vertex -10.835683 -8.510758 1.926585
      vertex -11.862526 -9.537601 1.817992
    endloop
  endfacet
  facet normal -0.084136 -0.021219 0.996228
    outer loop
      vertex -9.673221 -9.673221 2.000000
      vertex -11.862526 -9.537601 1.817992
      vertex -10.752907 -10.752907 1.885819
    endloop
  endfacet
  facet normal -0.208124 -0.135967 0.968606
    outer loop
      vertex -10.752907 -10.752907 1.885819
      vertex -11.862526 -9.537601 1.817992
      vertex -12.733041 -10.408116 1.508748
    endloop
  endfacet
  facet normal -0.208124 -0.135967 0.968606
    outer loop
      vertex -10.752907 -10.752907 1.885819
      vertex -12.733041 -10.408116 1.508748
      vertex -11.668221 -11.668221 1.560660
    endloop
  endfacet
  facet normal -0.394384 -0.297445 0.869476
    outer loop
      vertex -11.668221 -11.668221 1.560660
      vertex -12.733041 -10.408116 1.508748
      vertex -13.314701 -10.989776 1.045930
    endloop
  endfacet
  facet normal -0.394384 -0.297445 0.869476
    outer loop
      vertex -11.668221 -11.668221 1.560660
      vertex -13.314701 -10.989776 1.045930
      vertex -12.279814 -12.279814 1.074025
    endloop
  endfacet
  facet normal -0.695432 -0.547756 0.465120
    outer loop
      vertex -12.279814 -12.279814 1.074025
      vertex -13.314701 -10.989776 1.045930
      vertex -13.518952 -11.194027 0.500000
    endloop
  endfacet
  facet normal -0.695432 -0.547756 0.465120
    outer loop
      vertex -12.279814 -12.279814 1.074025
      vertex -13.518952 -11.194027 0.500000
      vertex -12.494577 -12.494577 0.500000
    endloop
  endfacet
  facet normal 0.365859 0.818428 0.443083
    outer loop
      vertex -8.152414 -5.827489 0.500000
      vertex -9.601831 -5.179560 0.500000
      vertex -9.775578 -5.353307 0.964396
    endloop
  endfacet
  facet normal 0.365859 0.818428 0.443083
    outer loop
      vertex -8.152414 -5.827489 0.500000
      vertex -9.775578 -5.353307 0.964396
      vertex -8.356666 -6.031741 1.045930
    endloop
  endfacet
  facet normal 0.185946 0.491170 0.850986
    outer loop
      vertex -8.356666 -6.031741 1.045930
      vertex -9.775578 -5.353307 0.964396
      vertex -10.270367 -5.848097 1.358092
    endloop
  endfacet
  facet normal 0.185946 0.491170 0.850986
    outer loop
      vertex -8.356666 -6.031741 1.045930
      vertex -10.270367 -5.848097 1.358092
      vertex -8.938326 -6.613400 1.508748
    endloop
  endfacet
  facet normal 0.055310 0.284668 0.957029
    outer loop
      vertex -8.938326 -6.613400 1.508748
      vertex -10.270367 -5.848097 1.358092
      vertex -11.010872 -6.588601 1.621151
    endloop
  endfacet
  facet normal 0.055310 0.284668 0.957029
    outer loop
      vertex -8.938326 -6.613400 1.508748
      vertex -11.010872 -6.588601 1.621151
      vertex -9.808841 -7.483916 1.817992
    endloop
  endfacet
  facet normal -0.048082 0.152475 0.987137
    outer loop
      vertex -9.808841 -7.483916 1.817992
      vertex -11.010872 -6.588601 1.621151
      vertex -11.884356 -7.462085 1.713525
    endloop
  endfacet
  facet normal -0.048082 0.152475 0.987137
    outer loop
      vertex -9.808841 -7.483916 1.817992
      vertex -11.884356 -7.462085 1.713525
      vertex -10.835683 -8.510758 1.926585
    endloop
  endfacet
  facet normal -0.152475 0.048082 0.987137
    outer loop
      vertex -10.835683 -8.510758 1.926585
      vertex -11.884356 -7.462085 1.713525
      vertex -12.757841 -8.335570 1.621151
    endloop
  endfacet
  facet normal -0.152475 0.048082 0.987137
    outer loop
      vertex -10.835683 -8.510758 1.926585
      vertex -12.757841 -8.335570 1.621151
      vertex -11.862526 -9.537601 1.817992
    endloop
  endfacet
  facet normal -0.284668 -0.055310 0.957029
    outer loop
      vertex -11.862526 -9.537601 1.817992
      vertex -12.757841 -8.335570 1.621151
      vertex -13.498345 -9.076074 1.358092
    endloop
  endfacet
  facet normal -0.284668 -0.055310 0.957029
    outer loop
      vertex -11.862526 -9.537601 1.817992
      vertex -13.498345 -9.076074 1.358092
      vertex -12.733041 -10.408116 1.508748
    endloop
  endfacet
  facet normal -0.491170 -0.185946 0.850986
    outer loop
      vertex -12.733041 -10.408116 1.508748
      vertex -13.498345 -9.076074 1.358092
      vertex -13.993134 -9.570864 0.964396
    endloop
  endfacet
  facet normal -0.491170 -0.185946 0.850986
    outer loop
      vertex -12.733041 -10.408116 1.508748
      vertex -13.993134 -9.570864 0.964396
      vertex -13.314701 -10.989776 1.045930
    endloop
  endfacet
  facet normal -0.818428 -0.365859 0.443083
    outer loop
      vertex -13.314701 -10.989776 1.045930
      vertex -13.993134 -9.570864 0.964396
      vertex -14.166881 -9.744610 0.500000
    endloop
  endfacet
  facet normal -0.818428 -0.365859 0.443083
    outer loop
      vertex -13.314701 -10.989776 1.045930
      vertex -14.166881 -9.744610 0.500000
      vertex -13.518952 -11.194027 0.500000
    endloop
  endfacet
  facet normal 0.130235 0.911643 0.389803
    outer loop
      vertex -9.601831 -5.179560 0.500000
      vertex -11.058236 -4.971503 0.500000
      vertex -11.184470 -5.097737 0.837404
    endloop
  endfacet
  facet normal 0.130235 0.911643 0.389803
    outer loop
      vertex -9.601831 -5.179560 0.500000
      vertex -11.184470 -5.097737 0.837404
      vertex -9.775578 -5.353307 0.964396
    endloop
  endfacet
  facet normal 0.036680 0.599498 0.799536
    outer loop
      vertex -9.775578 -5.353307 0.964396
      vertex -11.184470 -5.097737 0.837404
      vertex -11.543956 -5.457223 1.123440
    endloop
  endfacet
  facet normal 0.036680 0.599498 0.799536
    outer loop
      vertex -9.775578 -5.353307 0.964396
      vertex -11.543956 -5.457223 1.123440
      vertex -10.270367 -5.848097 1.358092
    endloop
  endfacet
  facet normal -0.053124 0.381027 0.923036
    outer loop
      vertex -10.270367 -5.848097 1.358092
      vertex -11.543956 -5.457223 1.123440
      vertex -12.081964 -5.995230 1.314564
    endloop
  endfacet
  facet normal -0.053124 0.381027 0.923036
    outer loop
      vertex -10.270367 -5.848097 1.358092
      vertex -12.081964 -5.995230 1.314564
      vertex -11.010872 -6.588601 1.621151
    endloop
  endfacet
  facet normal -0.140634 0.242157 0.959991
    outer loop
      vertex -11.010872 -6.588601 1.621151
      vertex -12.081964 -5.995230 1.314564
      vertex -12.716587 -6.629854 1.381678
    endloop
  endfacet
  facet normal -0.140634 0.242157 0.959991
    outer loop
      vertex -11.010872 -6.588601 1.621151
      vertex -12.716587 -6.629854 1.381678
      vertex -11.884356 -7.462085 1.713525
    endloop
  endfacet
  facet normal -0.242157 0.140634 0.959991
    outer loop
      vertex -11.884356 -7.462085 1.713525
      vertex -12.716587 -6.629854 1.381678
      vertex -13.351211 -7.264478 1.314564
    endloop
  endfacet
  facet normal -0.242157 0.140634 0.959991
    outer loop
      vertex -11.884356 -7.462085 1.713525
      vertex -13.351211 -7.264478 1.314564
      vertex -12.757841 -8.335570 1.621151
    endloop
  endfacet
  facet normal -0.381027 0.053124 0.923036
    outer loop
      vertex -12.757841 -8.335570 1.621151
      vertex -13.351211 -7.264478 1.314564
      vertex -13.889219 -7.802486 1.123440
    endloop
  endfacet
  facet normal -0.381027 0.053124 0.923036
    outer loop
      vertex -12.757841 -8.335570 1.621151
      vertex -13.889219 -7.802486 1.123440
      vertex -13.498345 -9.076074 1.358092
    endloop
  endfacet
  facet normal -0.599498 -0.036680 0.799536
    outer loop
      vertex -13.498345 -9.076074 1.358092
      vertex -13.889219 -7.802486 1.123440
      vertex -14.248704 -8.161971 0.837404
    endloop
  endfacet
  facet normal -0.599498 -0.036680 0.799536
    outer loop
      vertex -13.498345 -9.076074 1.358092
      vertex -14.248704 -8.161971 0.837404
      vertex -13.993134 -9.570864 0.964396
    endloop
  endfacet
  facet normal -0.911643 -0.130235 0.389803
    outer loop
      vertex -13.993134 -9.570864 0.964396
      vertex -14.248704 -8.161971 0.837404
      vertex -14.374939 -8.288206 0.500000
    endloop
  endfacet
  facet normal -0.911643 -0.130235 0.389803
    outer loop
      vertex -13.993134 -9.570864 0.964396
      vertex -14.374939 -8.288206 0.500000
      vertex -14.166881 -9.744610 0.500000
    endloop
  endfacet
  facet normal -0.179760 0.941520 0.285001
    outer loop
      vertex -11.058236 -4.971503 0.500000
      vertex -12.379066 -5.223682 0.500000
      vertex -12.445431 -5.290047 0.677384
    endloop
  endfacet
  facet normal -0.179760 0.941520 0.285001
    outer loop
      vertex -11.058236 -4.971503 0.500000
      vertex -12.445431 -5.290047 0.677384
      vertex -11.184470 -5.097737 0.837404
    endloop
  endfacet
  facet normal -0.194385 0.722397 0.663594
    outer loop
      vertex -11.184470 -5.097737 0.837404
      vertex -12.445431 -5.290047 0.677384
      vertex -12.634424 -5.479040 0.827762
    endloop
  endfacet
  facet normal -0.194385 0.722397 0.663594
    outer loop
      vertex -11.184470 -5.097737 0.837404
      vertex -12.634424 -5.479040 0.827762
      vertex -11.543956 -5.457223 1.123440
    endloop
  endfacet
  facet normal -0.232674 0.523782 0.819460
    outer loop
      vertex -11.543956 -5.457223 1.123440
      vertex -12.634424 -5.479040 0.827762
      vertex -12.917271 -5.761887 0.928242
    endloop
  endfacet
  facet normal -0.232674 0.523782 0.819460
    outer loop
      vertex -11.543956 -5.457223 1.123440
      vertex -12.917271 -5.761887 0.928242
      vertex -12.081964 -5.995230 1.314564
    endloop
  endfacet
  facet normal -0.295469 0.387803 0.873102
    outer loop
      vertex -12.081964 -5.995230 1.314564
      vertex -12.917271 -5.761887 0.928242
      vertex -13.250913 -6.095529 0.963525
    endloop
  endfacet
  facet normal -0.295469 0.387803 0.873102
    outer loop
      vertex -12.081964 -5.995230 1.314564
      vertex -13.250913 -6.095529 0.963525
      vertex -12.716587 -6.629854 1.381678
    endloop
  endfacet
  facet normal -0.387803 0.295469 0.873102
    outer loop
      vertex -12.716587 -6.629854 1.381678
      vertex -13.250913 -6.095529 0.963525
      vertex -13.584554 -6.429170 0.928242
    endloop
  endfacet
  facet normal -0.387803 0.295469 0.873102
    outer loop
      vertex -12.716587 -6.629854 1.381678
      vertex -13.584554 -6.429170 0.928242
      vertex -13.351211 -7.264478 1.314564
    endloop
  endfacet
  facet normal -0.523782 0.232674 0.819460
    outer loop
      vertex -13.351211 -7.264478 1.314564
      vertex -13.584554 -6.429170 0.928242
      vertex -13.867402 -6.712018 0.827762
    endloop
  endfacet
  facet normal -0.523782 0.232674 0.819460
    outer loop
      vertex -13.351211 -7.264478 1.314564
      vertex -13.867402 -6.712018 0.827762
      vertex -13.889219 -7.802486 1.123440
    endloop
  endfacet
  facet normal -0.722397 0.194385 0.663594
    outer loop
      vertex -13.889219 -7.802486 1.123440
      vertex -13.867402 -6.712018 0.827762
      vertex -14.056394 -6.901010 0.677384
    endloop
  endfacet
  facet normal -0.722397 0.194385 0.663594
    outer loop
      vertex -13.889219 -7.802486 1.123440
      vertex -14.056394 -6.901010 0.677384
      vertex -14.248704 -8.161971 0.837404
    endloop
  endfacet
  facet normal -0.941520 0.179760 0.285001
    outer loop
      vertex -14.248704 -8.161971 0.837404
      vertex -14.056394 -6.901010 0.677384
      vertex -14.122760 -6.967376 0.500000
    endloop
  endfacet
  facet normal -0.941520 0.179760 0.285001
    outer loop
      vertex -14.248704 -8.161971 0.837404
      vertex -14.122760 -6.967376 0.500000
      vertex -14.374939 -8.288206 0.500000
    endloop
  endfacet
  facet normal 0.000000 0.000000 1.000000
    outer loop
      vertex -12.379066 -5.223682 0.500000
      vertex -13.435029 -5.911413 0.500000
      vertex -13.435029 -5.911413 0.500000
    endloop
  endfacet
  facet normal -0.542512 0.832989 0.108678
    outer loop
      vertex -12.379066 -5.223682 0.500000
      vertex -13.435029 -5.911413 0.500000
      vertex -12.445431 -5.290047 0.677384
    endloop
  endfacet
  facet normal 0.000000 0.000000 1.000000
    outer loop
      vertex -12.445431 -5.290047 0.677384
      vertex -13.435029 -5.911413 0.500000
      vertex -13.435029 -5.911413 0.500000
    endloop
  endfacet
  facet normal -0.545306 0.783135 0.298899
    outer loop
      vertex -12.445431 -5.290047 0.677384
      vertex -13.435029 -5.911413 0.500000
      vertex -12.634424 -5.479040 0.827762
    endloop
  endfacet
  facet normal 0.000000 0.000000 1.000000
    outer loop
      vertex -12.634424 -5.479040 0.827762
      vertex -13.435029 -5.911413 0.500000
      vertex -13.435029 -5.911413 0.500000
    endloop
  endfacet
  facet normal -0.558793 0.710649 0.427468
    outer loop
      vertex -12.634424 -5.479040 0.827762
      vertex -13.435029 -5.911413 0.500000
      vertex -12.917271 -5.761887 0.928242
    endloop
  endfacet
  facet normal 0.000000 0.000000 1.000000
    outer loop
      vertex -12.917271 -5.761887 0.928242
      vertex -13.435029 -5.911413 0.500000
      vertex -13.435029 -5.911413 0.500000
    endloop
  endfacet
  facet normal -0.590206 0.641964 0.489428
    outer loop
      vertex -12.917271 -5.761887 0.928242
      vertex -13.435029 -5.911413 0.500000
      vertex -13.250913 -6.095529 0.963525
    endloop
  endfacet
  facet normal 0.000000 0.000000 1.000000
    outer loop
      vertex -13.250913 -6.095529 0.963525
      vertex -13.435029 -5.911413 0.500000
      vertex -13.435029 -5.911413 0.500000
    endloop
  endfacet
  facet normal -0.641964 0.590206 0.489428
    outer loop
      vertex -13.250913 -6.095529 0.963525
      vertex -13.435029 -5.911413 0.500000
      vertex -13.584554 -6.429170 0.928242
    endloop
  endfacet
  facet normal 0.000000 0.000000 1.000000
    outer loop
      vertex -13.584554 -6.429170 0.928242
      vertex -13.435029 -5.911413 0.500000
      vertex -13.435029 -5.911413 0.500000
    endloop
  endfacet
  facet normal -0.710649 0.558793 0.427468
    outer loop
      vertex -13.584554 -6.429170 0.928242
      vertex -13.435029 -5.911413 0.500000
      vertex -13.867402 -6.712018 0.827762
    endloop
  endfacet
  facet normal 0.000000 0.000000 1.000000
    outer loop
      vertex -13.867402 -6.712018 0.827762
      vertex -13.435029 -5.911413 0.500000
      vertex -13.435029 -5.911413 0.500000
    endloop
  endfacet
  facet normal -0.783135 0.545306 0.298899
    outer loop
      vertex -13.867402 -6.712018 0.827762
      vertex -13.435029 -5.911413 0.500000
      vertex -14.056394 -6.901010 0.677384
    endloop
  endfacet
  facet normal 0.000000 0.000000 1.000000
    outer loop
      vertex -14.056394 -6.901010 0.677384
      vertex -13.435029 -5.911413 0.500000
      vertex -13.435029 -5.911413 0.500000
    endloop
  endfacet
  facet normal -0.832989 0.542512 0.108678
    outer loop
      vertex -14.056394 -6.901010 0.677384
      vertex -13.435029 -5.911413 0.500000
      vertex -14.122760 -6.967376 0.500000
    endloop
  endfacet
  facet normal 0.972626 0.205398 0.108678
    outer loop
      vertex 5.320000 -13.680000 0.500000
      vertex 5.059621 -12.447022 0.500000
      vertex 5.059621 -12.540877 0.677384
    endloop
  endfacet
  facet normal 0.000000 0.000000 1.000000
    outer loop
      vertex 5.320000 -13.680000 0.500000
      vertex 5.059621 -12.540877 0.677384
      vertex 5.320000 -13.680000 0.500000
    endloop
  endfacet
  facet normal 0.939350 0.168171 0.298899
    outer loop
      vertex 5.320000 -13.680000 0.500000
      vertex 5.059621 -12.540877 0.677384
      vertex 5.059621 -12.808153 0.827762
    endloop
  endfacet
  facet normal 0.000000 0.000000 1.000000
    outer loop
      vertex 5.320000 -13.680000 0.500000
      vertex 5.059621 -12.808153 0.827762
      vertex 5.320000 -13.680000 0.500000
    endloop
  endfacet
  facet normal 0.897631 0.107378 0.427468
    outer loop
      vertex 5.320000 -13.680000 0.500000
      vertex 5.059621 -12.808153 0.827762
      vertex 5.059621 -13.208160 0.928242
    endloop
  endfacet
  facet normal 0.000000 0.000000 1.000000
    outer loop
      vertex 5.320000 -13.680000 0.500000
      vertex 5.059621 -13.208160 0.928242
      vertex 5.320000 -13.680000 0.500000
    endloop
  endfacet
  facet normal 0.871276 0.036599 0.489428
    outer loop
      vertex 5.320000 -13.680000 0.500000
      vertex 5.059621 -13.208160 0.928242
      vertex 5.059621 -13.680000 0.963525
    endloop
  endfacet
  facet normal 0.000000 0.000000 1.000000
    outer loop
      vertex 5.320000 -13.680000 0.500000
      vertex 5.059621 -13.680000 0.963525
      vertex 5.320000 -13.680000 0.500000
    endloop
  endfacet
  facet normal 0.871276 -0.036599 0.489428
    outer loop
      vertex 5.320000 -13.680000 0.500000
      vertex 5.059621 -13.680000 0.963525
      vertex 5.059621 -14.151840 0.928242
    endloop
  endfacet
  facet normal 0.000000 0.000000 1.000000
    outer loop
      vertex 5.320000 -13.680000 0.500000
      vertex 5.059621 -14.151840 0.928242
      vertex 5.320000 -13.680000 0.500000
    endloop
  endfacet
  facet normal 0.897631 -0.107378 0.427468
    outer loop
      vertex 5.320000 -13.680000 0.500000
      vertex 5.059621 -14.151840 0.928242
      vertex 5.059621 -14.551847 0.827762
    endloop
  endfacet
  facet normal 0.000000 0.000000 1.000000
    outer loop
      vertex 5.320000 -13.680000 0.500000
      vertex 5.059621 -14.551847 0.827762
      vertex 5.320000 -13.680000 0.500000
    endloop
  endfacet
  facet normal 0.939350 -0.168171 0.298899
    outer loop
      vertex 5.320000 -13.680000 0.500000
      vertex 5.059621 -14.551847 0.827762
      vertex 5.059621 -14.819123 0.677384
    endloop
  endfacet
  facet normal 0.000000 0.000000 1.000000
    outer loop
      vertex 5.320000 -13.680000 0.500000
      vertex 5.059621 -14.819123 0.677384
      vertex 5.320000 -13.680000 0.500000
    endloop
  endfacet
  facet normal 0.972626 -0.205398 0.108678
    outer loop
      vertex 5.320000 -13.680000 0.500000
      vertex 5.059621 -14.819123 0.677384
      vertex 5.059621 -14.912978 0.500000
    endloop
  endfacet
  facet normal 0.000000 0.000000 1.000000
    outer loop
      vertex 5.320000 -13.680000 0.500000
      vertex 5.059621 -14.912978 0.500000
      vertex 5.320000 -13.680000 0.500000
    endloop
  endfacet
  facet normal 0.792865 0.538646 0.285001
    outer loop
      vertex 5.059621 -12.447022 0.500000
      vertex 4.303970 -11.334737 0.500000
      vertex 4.303970 -11.513259 0.837404
    endloop
  endfacet
  facet normal 0.792865 0.538646 0.285001
    outer loop
      vertex 5.059621 -12.447022 0.500000
      vertex 4.303970 -11.513259 0.837404
      vertex 5.059621 -12.540877 0.677384
    endloop
  endfacet
  facet normal 0.648263 0.373360 0.663594
    outer loop
      vertex 5.059621 -12.540877 0.677384
      vertex 4.303970 -11.513259 0.837404
      vertex 4.303970 -12.021649 1.123440
    endloop
  endfacet
  facet normal 0.648263 0.373360 0.663594
    outer loop
      vertex 5.059621 -12.540877 0.677384
      vertex 4.303970 -12.021649 1.123440
      vertex 5.059621 -12.808153 0.827762
    endloop
  endfacet
  facet normal 0.534896 0.205844 0.819460
    outer loop
      vertex 5.059621 -12.808153 0.827762
      vertex 4.303970 -12.021649 1.123440
      vertex 4.303970 -12.782507 1.314564
    endloop
  endfacet
  facet normal 0.534896 0.205844 0.819460
    outer loop
      vertex 5.059621 -12.808153 0.827762
      vertex 4.303970 -12.782507 1.314564
      vertex 5.059621 -13.208160 0.928242
    endloop
  endfacet
  facet normal 0.483146 0.065290 0.873102
    outer loop
      vertex 5.059621 -13.208160 0.928242
      vertex 4.303970 -12.782507 1.314564
      vertex 4.303970 -13.680000 1.381678
    endloop
  endfacet
  facet normal 0.483146 0.065290 0.873102
    outer loop
      vertex 5.059621 -13.208160 0.928242
      vertex 4.303970 -13.680000 1.381678
      vertex 5.059621 -13.680000 0.963525
    endloop
  endfacet
  facet normal 0.483146 -0.065290 0.873102
    outer loop
      vertex 5.059621 -13.680000 0.963525
      vertex 4.303970 -13.680000 1.381678
      vertex 4.303970 -14.577493 1.314564
    endloop
  endfacet
  facet normal 0.483146 -0.065290 0.873102
    outer loop
      vertex 5.059621 -13.680000 0.963525
      vertex 4.303970 -14.577493 1.314564
      vertex 5.059621 -14.151840 0.928242
    endloop
  endfacet
  facet normal 0.534896 -0.205844 0.819460
    outer loop
      vertex 5.059621 -14.151840 0.928242
      vertex 4.303970 -14.577493 1.314564
      vertex 4.303970 -15.338351 1.123440
    endloop
  endfacet
  facet normal 0.534896 -0.205844 0.819460
    outer loop
      vertex 5.059621 -14.151840 0.928242
      vertex 4.303970 -15.338351 1.123440
      vertex 5.059621 -14.551847 0.827762
    endloop
  endfacet
  facet normal 0.648263 -0.373360 0.663594
    outer loop
      vertex 5.059621 -14.551847 0.827762
      vertex 4.303970 -15.338351 1.123440
      vertex 4.303970 -15.846741 0.837404
    endloop
  endfacet
  facet normal 0.648263 -0.373360 0.663594
    outer loop
      vertex 5.059621 -14.551847 0.827762
      vertex 4.303970 -15.846741 0.837404
      vertex 5.059621 -14.819123 0.677384
    endloop
  endfacet
  facet normal 0.792865 -0.538646 0.285001
    outer loop
      vertex 5.059621 -14.819123 0.677384
      vertex 4.303970 -15.846741 0.837404
      vertex 4.303970 -16.025263 0.500000
    endloop
  endfacet
  facet normal 0.792865 -0.538646 0.285001
    outer loop
      vertex 5.059621 -14.819123 0.677384
      vertex 4.303970 -16.025263 0.500000
      vertex 5.059621 -14.912978 0.500000
    endloop
  endfacet
  facet normal 0.552539 0.736719 0.389803
    outer loop
      vertex 4.303970 -11.334737 0.500000
      vertex 3.127018 -10.452022 0.500000
      vertex 3.127018 -10.697737 0.964396
    endloop
  endfacet
  facet normal 0.552539 0.736719 0.389803
    outer loop
      vertex 4.303970 -11.334737 0.500000
      vertex 3.127018 -10.697737 0.964396
      vertex 4.303970 -11.513259 0.837404
    endloop
  endfacet
  facet normal 0.397972 0.449846 0.799536
    outer loop
      vertex 4.303970 -11.513259 0.837404
      vertex 3.127018 -10.697737 0.964396
      vertex 3.127018 -11.397475 1.358092
    endloop
  endfacet
  facet normal 0.397972 0.449846 0.799536
    outer loop
      vertex 4.303970 -11.513259 0.837404
      vertex 3.127018 -11.397475 1.358092
      vertex 4.303970 -12.021649 1.123440
    endloop
  endfacet
  facet normal 0.306991 0.231862 0.923036
    outer loop
      vertex 4.303970 -12.021649 1.123440
      vertex 3.127018 -11.397475 1.358092
      vertex 3.127018 -12.444706 1.621151
    endloop
  endfacet
  facet normal 0.306991 0.231862 0.923036
    outer loop
      vertex 4.303970 -12.021649 1.123440
      vertex 3.127018 -12.444706 1.621151
      vertex 4.303970 -12.782507 1.314564
    endloop
  endfacet
  facet normal 0.270674 0.071787 0.959991
    outer loop
      vertex 4.303970 -12.782507 1.314564
      vertex 3.127018 -12.444706 1.621151
      vertex 3.127018 -13.680000 1.713525
    endloop
  endfacet
  facet normal 0.270674 0.071787 0.959991
    outer loop
      vertex 4.303970 -12.782507 1.314564
      vertex 3.127018 -13.680000 1.713525
      vertex 4.303970 -13.680000 1.381678
    endloop
  endfacet
  facet normal 0.270674 -0.071787 0.959991
    outer loop
      vertex 4.303970 -13.680000 1.381678
      vertex 3.127018 -13.680000 1.713525
      vertex 3.127018 -14.915294 1.621151
    endloop
  endfacet
  facet normal 0.270674 -0.071787 0.959991
    outer loop
      vertex 4.303970 -13.680000 1.381678
      vertex 3.127018 -14.915294 1.621151
      vertex 4.303970 -14.577493 1.314564
    endloop
  endfacet
  facet normal 0.306991 -0.231862 0.923036
    outer loop
      vertex 4.303970 -14.577493 1.314564
      vertex 3.127018 -14.915294 1.621151
      vertex 3.127018 -15.962525 1.358092
    endloop
  endfacet
  facet normal 0.306991 -0.231862 0.923036
    outer loop
      vertex 4.303970 -14.577493 1.314564
      vertex 3.127018 -15.962525 1.358092
      vertex 4.303970 -15.338351 1.123440
    endloop
  endfacet
  facet normal 0.397972 -0.449846 0.799536
    outer loop
      vertex 4.303970 -15.338351 1.123440
      vertex 3.127018 -15.962525 1.358092
      vertex 3.127018 -16.662263 0.964396
    endloop
  endfacet
  facet normal 0.397972 -0.449846 0.799536
    outer loop
      vertex 4.303970 -15.338351 1.123440
      vertex 3.127018 -16.662263 0.964396
      vertex 4.303970 -15.846741 0.837404
    endloop
  endfacet
  facet normal 0.552539 -0.736719 0.389803
    outer loop
      vertex 4.303970 -15.846741 0.837404
      vertex 3.127018 -16.662263 0.964396
      vertex 3.127018 -16.907978 0.500000
    endloop
  endfacet
  facet normal 0.552539 -0.736719 0.389803
    outer loop
      vertex 4.303970 -15.846741 0.837404
      vertex 3.127018 -16.907978 0.500000
      vertex 4.303970 -16.025263 0.500000
    endloop
  endfacet
  facet normal 0.320014 0.837417 0.443083
    outer loop
      vertex 3.127018 -10.452022 0.500000
      vertex 1.643970 -9.885284 0.500000
      vertex 1.643970 -10.174140 1.045930
    endloop
  endfacet
  facet normal 0.320014 0.837417 0.443083
    outer loop
      vertex 3.127018 -10.452022 0.500000
      vertex 1.643970 -10.174140 1.045930
      vertex 3.127018 -10.697737 0.964396
    endloop
  endfacet
  facet normal 0.215825 0.478793 0.850986
    outer loop
      vertex 3.127018 -10.697737 0.964396
      vertex 1.643970 -10.174140 1.045930
      vertex 1.643970 -10.996731 1.508748
    endloop
  endfacet
  facet normal 0.215825 0.478793 0.850986
    outer loop
      vertex 3.127018 -10.697737 0.964396
      vertex 1.643970 -10.996731 1.508748
      vertex 3.127018 -11.397475 1.358092
    endloop
  endfacet
  facet normal 0.162180 0.240401 0.957029
    outer loop
      vertex 3.127018 -11.397475 1.358092
      vertex 1.643970 -10.996731 1.508748
      vertex 1.643970 -12.227825 1.817992
    endloop
  endfacet
  facet normal 0.162180 0.240401 0.957029
    outer loop
      vertex 3.127018 -11.397475 1.358092
      vertex 1.643970 -12.227825 1.817992
      vertex 3.127018 -12.444706 1.621151
    endloop
  endfacet
  facet normal 0.141815 0.073817 0.987137
    outer loop
      vertex 3.127018 -12.444706 1.621151
      vertex 1.643970 -12.227825 1.817992
      vertex 1.643970 -13.680000 1.926585
    endloop
  endfacet
  facet normal 0.141815 0.073817 0.987137
    outer loop
      vertex 3.127018 -12.444706 1.621151
      vertex 1.643970 -13.680000 1.926585
      vertex 3.127018 -13.680000 1.713525
    endloop
  endfacet
  facet normal 0.141815 -0.073817 0.987137
    outer loop
      vertex 3.127018 -13.680000 1.713525
      vertex 1.643970 -13.680000 1.926585
      vertex 1.643970 -15.132175 1.817992
    endloop
  endfacet
  facet normal 0.141815 -0.073817 0.987137
    outer loop
      vertex 3.127018 -13.680000 1.713525
      vertex 1.643970 -15.132175 1.817992
      vertex 3.127018 -14.915294 1.621151
    endloop
  endfacet
  facet normal 0.162180 -0.240401 0.957029
    outer loop
      vertex 3.127018 -14.915294 1.621151
      vertex 1.643970 -15.132175 1.817992
      vertex 1.643970 -16.363269 1.508748
    endloop
  endfacet
  facet normal 0.162180 -0.240401 0.957029
    outer loop
      vertex 3.127018 -14.915294 1.621151
      vertex 1.643970 -16.363269 1.508748
      vertex 3.127018 -15.962525 1.358092
    endloop
  endfacet
  facet normal 0.215825 -0.478793 0.850986
    outer loop
      vertex 3.127018 -15.962525 1.358092
      vertex 1.643970 -16.363269 1.508748
      vertex 1.643970 -17.185860 1.045930
    endloop
  endfacet
  facet normal 0.215825 -0.478793 0.850986
    outer loop
      vertex 3.127018 -15.962525 1.358092
      vertex 1.643970 -17.185860 1.045930
      vertex 3.127018 -16.662263 0.964396
    endloop
  endfacet
  facet normal 0.320014 -0.837417 0.443083
    outer loop
      vertex 3.127018 -16.662263 0.964396
      vertex 1.643970 -17.185860 1.045930
      vertex 1.643970 -17.474716 0.500000
    endloop
  endfacet
  facet normal 0.320014 -0.837417 0.443083
    outer loop
      vertex 3.127018 -16.662263 0.964396
      vertex 1.643970 -17.474716 0.500000
      vertex 3.127018 -16.907978 0.500000
    endloop
  endfacet
  facet normal 0.104423 0.879067 0.465120
    outer loop
      vertex 1.643970 -9.885284 0.500000
      vertex -0.000000 -9.690000 0.500000
      vertex -0.000000 -9.993721 1.074025
    endloop
  endfacet
  facet normal 0.104423 0.879067 0.465120
    outer loop
      vertex 1.643970 -9.885284 0.500000
      vertex -0.000000 -9.993721 1.074025
      vertex 1.643970 -10.174140 1.045930
    endloop
  endfacet
  facet normal 0.068546 0.489196 0.869476
    outer loop
      vertex 1.643970 -10.174140 1.045930
      vertex -0.000000 -9.993721 1.074025
      vertex -0.000000 -10.858644 1.560660
    endloop
  endfacet
  facet normal 0.068546 0.489196 0.869476
    outer loop
      vertex 1.643970 -10.174140 1.045930
      vertex -0.000000 -10.858644 1.560660
      vertex 1.643970 -10.996731 1.508748
    endloop
  endfacet
  facet normal 0.051023 0.243309 0.968606
    outer loop
      vertex 1.643970 -10.996731 1.508748
      vertex -0.000000 -10.858644 1.560660
      vertex -0.000000 -12.153093 1.885819
    endloop
  endfacet
  facet normal 0.051023 0.243309 0.968606
    outer loop
      vertex 1.643970 -10.996731 1.508748
      vertex -0.000000 -12.153093 1.885819
      vertex 1.643970 -12.227825 1.817992
    endloop
  endfacet
  facet normal 0.044489 0.074497 0.996228
    outer loop
      vertex 1.643970 -12.227825 1.817992
      vertex -0.000000 -12.153093 1.885819
      vertex -0.000000 -13.680000 2.000000
    endloop
  endfacet
  facet normal 0.044489 0.074497 0.996228
    outer loop
      vertex 1.643970 -12.227825 1.817992
      vertex -0.000000 -13.680000 2.000000
      vertex 1.643970 -13.680000 1.926585
    endloop
  endfacet
  facet normal 0.044489 -0.074497 0.996228
    outer loop
      vertex 1.643970 -13.680000 1.926585
      vertex -0.000000 -13.680000 2.000000
      vertex -0.000000 -15.206907 1.885819
    endloop
  endfacet
  facet normal 0.044489 -0.074497 0.996228
    outer loop
      vertex 1.643970 -13.680000 1.926585
      vertex -0.000000 -15.206907 1.885819
      vertex 1.643970 -15.132175 1.817992
    endloop
  endfacet
  facet normal 0.051023 -0.243309 0.968606
    outer loop
      vertex 1.643970 -15.132175 1.817992
      vertex -0.000000 -15.206907 1.885819
      vertex -0.000000 -16.501356 1.560660
    endloop
  endfacet
  facet normal 0.051023 -0.243309 0.968606
    outer loop
      vertex 1.643970 -15.132175 1.817992
      vertex -0.000000 -16.501356 1.560660
      vertex 1.643970 -16.363269 1.508748
    endloop
  endfacet
  facet normal 0.068546 -0.489196 0.869476
    outer loop
      vertex 1.643970 -16.363269 1.508748
      vertex -0.000000 -16.501356 1.560660
      vertex -0.000000 -17.366279 1.074025
    endloop
  endfacet
  facet normal 0.068546 -0.489196 0.869476
    outer loop
      vertex 1.643970 -16.363269 1.508748
      vertex -0.000000 -17.366279 1.074025
      vertex 1.643970 -17.185860 1.045930
    endloop
  endfacet
  facet normal 0.104423 -0.879067 0.465120
    outer loop
      vertex 1.643970 -17.185860 1.045930
      vertex -0.000000 -17.366279 1.074025
      vertex -0.000000 -17.670000 0.500000
    endloop
  endfacet
  facet normal 0.104423 -0.879067 0.465120
    outer loop
      vertex 1.643970 -17.185860 1.045930
      vertex -0.000000 -17.670000 0.500000
      vertex 1.643970 -17.474716 0.500000
    endloop
  endfacet
  facet normal -0.104423 0.879067 0.465120
    outer loop
      vertex -0.000000 -9.690000 0.500000
      vertex -1.643970 -9.885284 0.500000
      vertex -1.643970 -10.174140 1.045930
    endloop
  endfacet
  facet normal -0.104423 0.879067 0.465120
    outer loop
      vertex -0.000000 -9.690000 0.500000
      vertex -1.643970 -10.174140 1.045930
      vertex -0.000000 -9.993721 1.074025
    endloop
  endfacet
  facet normal -0.068546 0.489196 0.869476
    outer loop
      vertex -0.000000 -9.993721 1.074025
      vertex -1.643970 -10.174140 1.045930
      vertex -1.643970 -10.996731 1.508748
    endloop
  endfacet
  facet normal -0.068546 0.489196 0.869476
    outer loop
      vertex -0.000000 -9.993721 1.074025
      vertex -1.643970 -10.996731 1.508748
      vertex -0.000000 -10.858644 1.560660
    endloop
  endfacet
  facet normal -0.051023 0.243309 0.968606
    outer loop
      vertex -0.000000 -10.858644 1.560660
      vertex -1.643970 -10.996731 1.508748
      vertex -1.643970 -12.227825 1.817992
    endloop
  endfacet
  facet normal -0.051023 0.243309 0.968606
    outer loop
      vertex -0.000000 -10.858644 1.560660
      vertex -1.643970 -12.227825 1.817992
      vertex -0.000000 -12.153093 1.885819
    endloop
  endfacet
  facet normal -0.044489 0.074497 0.996228
    outer loop
      vertex -0.000000 -12.153093 1.885819
      vertex -1.643970 -12.227825 1.817992
      vertex -1.643970 -13.680000 1.926585
    endloop
  endfacet
  facet normal -0.044489 0.074497 0.996228
    outer loop
      vertex -0.000000 -12.153093 1.885819
      vertex -1.643970 -13.680000 1.926585
      vertex -0.000000 -13.680000 2.000000
    endloop
  endfacet
  facet normal -0.044489 -0.074497 0.996228
    outer loop
      vertex -0.000000 -13.680000 2.000000
      vertex -1.643970 -13.680000 1.926585
      vertex -1.643970 -15.132175 1.817992
    endloop
  endfacet
  facet normal -0.044489 -0.074497 0.996228
    outer loop
      vertex -0.000000 -13.680000 2.000000
      vertex -1.643970 -15.132175 1.817992
      vertex -0.000000 -15.206907 1.885819
    endloop
  endfacet
  facet normal -0.051023 -0.243309 0.968606
    outer loop
      vertex -0.000000 -15.206907 1.885819
      vertex -1.643970 -15.132175 1.817992
      vertex -1.643970 -16.363269 1.508748
    endloop
  endfacet
  facet normal -0.051023 -0.243309 0.968606
    outer loop
      vertex -0.000000 -15.206907 1.885819
      vertex -1.643970 -16.363269 1.508748
      vertex -0.000000 -16.501356 1.560660
    endloop
  endfacet
  facet normal -0.068546 -0.489196 0.869476
    outer loop
      vertex -0.000000 -16.501356 1.560660
      vertex -1.643970 -16.363269 1.508748
      vertex -1.643970 -17.185860 1.045930
    endloop
  endfacet
  facet normal -0.068546 -0.489196 0.869476
    outer loop
      vertex -0.000000 -16.501356 1.560660
      vertex -1.643970 -17.185860 1.045930
      vertex -0.000000 -17.366279 1.074025
    endloop
  endfacet
  facet normal -0.104423 -0.879067 0.465120
    outer loop
      vertex -0.000000 -17.366279 1.074025
      vertex -1.643970 -17.185860 1.045930
      vertex -1.643970 -17.474716 0.500000
    endloop
  endfacet
  facet normal -0.104423 -0.879067 0.465120
    outer loop
      vertex -0.000000 -17.366279 1.074025
      vertex -1.643970 -17.474716 0.500000
      vertex -0.000000 -17.670000 0.500000
    endloop
  endfacet
  facet normal -0.320014 0.837417 0.443083
    outer loop
      vertex -1.643970 -9.885284 0.500000
      vertex -3.127018 -10.452022 0.500000
      vertex -3.127018 -10.697737 0.964396
    endloop
  endfacet
  facet normal -0.320014 0.837417 0.443083
    outer loop
      vertex -1.643970 -9.885284 0.500000
      vertex -3.127018 -10.697737 0.964396
      vertex -1.643970 -10.174140 1.045930
    endloop
  endfacet
  facet normal -0.215825 0.478793 0.850986
    outer loop
      vertex -1.643970 -10.174140 1.045930
      vertex -3.127018 -10.697737 0.964396
      vertex -3.127018 -11.397475 1.358092
    endloop
  endfacet
  facet normal -0.215825 0.478793 0.850986
    outer loop
      vertex -1.643970 -10.174140 1.045930
      vertex -3.127018 -11.397475 1.358092
      vertex -1.643970 -10.996731 1.508748
    endloop
  endfacet
  facet normal -0.162180 0.240401 0.957029
    outer loop
      vertex -1.643970 -10.996731 1.508748
      vertex -3.127018 -11.397475 1.358092
      vertex -3.127018 -12.444706 1.621151
    endloop
  endfacet
  facet normal -0.162180 0.240401 0.957029
    outer loop
      vertex -1.643970 -10.996731 1.508748
      vertex -3.127018 -12.444706 1.621151
      vertex -1.643970 -12.227825 1.817992
    endloop
  endfacet
  facet normal -0.141815 0.073817 0.987137
    outer loop
      vertex -1.643970 -12.227825 1.817992
      vertex -3.127018 -12.444706 1.621151
      vertex -3.127018 -13.680000 1.713525
    endloop
  endfacet
  facet normal -0.141815 0.073817 0.987137
    outer loop
      vertex -1.643970 -12.227825 1.817992
      vertex -3.127018 -13.680000 1.713525
      vertex -1.643970 -13.680000 1.926585
    endloop
  endfacet
  facet normal -0.141815 -0.073817 0.987137
    outer loop
      vertex -1.643970 -13.680000 1.926585
      vertex -3.127018 -13.680000 1.713525
      vertex -3.127018 -14.915294 1.621151
    endloop
  endfacet
  facet normal -0.141815 -0.073817 0.987137
    outer loop
      vertex -1.643970 -13.680000 1.926585
      vertex -3.127018 -14.915294 1.621151
      vertex -1.643970 -15.132175 1.817992
    endloop
  endfacet
  facet normal -0.162180 -0.240401 0.957029
    outer loop
      vertex -1.643970 -15.132175 1.817992
      vertex -3.127018 -14.915294 1.621151
      vertex -3.127018 -15.962525 1.358092
    endloop
  endfacet
  facet normal -0.162180 -0.240401 0.957029
    outer loop
      vertex -1.643970 -15.132175 1.817992
      vertex -3.127018 -15.962525 1.358092
      vertex -1.643970 -16.363269 1.508748
    endloop
  endfacet
  facet normal -0.215825 -0.478793 0.850986
    outer loop
      vertex -1.643970 -16.363269 1.508748
      vertex -3.127018 -15.962525 1.358092
      vertex -3.127018 -16.662263 0.964396
    endloop
  endfacet
  facet normal -0.215825 -0.478793 0.850986
    outer loop
      vertex -1.643970 -16.363269 1.508748
      vertex -3.127018 -16.662263 0.964396
      vertex -1.643970 -17.185860 1.045930
    endloop
  endfacet
  facet normal -0.320014 -0.837417 0.443083
    outer loop
      vertex -1.643970 -17.185860 1.045930
      vertex -3.127018 -16.662263 0.964396
      vertex -3.127018 -16.907978 0.500000
    endloop
  endfacet
  facet normal -0.320014 -0.837417 0.443083
    outer loop
      vertex -1.643970 -17.185860 1.045930
      vertex -3.127018 -16.907978 0.500000
      vertex -1.643970 -17.474716 0.500000
    endloop
  endfacet
  facet normal -0.552539 0.736719 0.389803
    outer loop
      vertex -3.127018 -10.452022 0.500000
      vertex -4.303970 -11.334737 0.500000
      vertex -4.303970 -11.513259 0.837404
    endloop
  endfacet
  facet normal -0.552539 0.736719 0.389803
    outer loop
      vertex -3.127018 -10.452022 0.500000
      vertex -4.303970 -11.513259 0.837404
      vertex -3.127018 -10.697737 0.964396
    endloop
  endfacet
  facet normal -0.397972 0.449846 0.799536
    outer loop
      vertex -3.127018 -10.697737 0.964396
      vertex -4.303970 -11.513259 0.837404
      vertex -4.303970 -12.021649 1.123440
    endloop
  endfacet
  facet normal -0.397972 0.449846 0.799536
    outer loop
      vertex -3.127018 -10.697737 0.964396
      vertex -4.303970 -12.021649 1.123440
      vertex -3.127018 -11.397475 1.358092
    endloop
  endfacet
  facet normal -0.306991 0.231862 0.923036
    outer loop
      vertex -3.127018 -11.397475 1.358092
      vertex -4.303970 -12.021649 1.123440
      vertex -4.303970 -12.782507 1.314564
    endloop
  endfacet
  facet normal -0.306991 0.231862 0.923036
    outer loop
      vertex -3.127018 -11.397475 1.358092
      vertex -4.303970 -12.782507 1.314564
      vertex -3.127018 -12.444706 1.621151
    endloop
  endfacet
  facet normal -0.270674 0.071787 0.959991
    outer loop
      vertex -3.127018 -12.444706 1.621151
      vertex -4.303970 -12.782507 1.314564
      vertex -4.303970 -13.680000 1.381678
    endloop
  endfacet
  facet normal -0.270674 0.071787 0.959991
    outer loop
      vertex -3.127018 -12.444706 1.621151
      vertex -4.303970 -13.680000 1.381678
      vertex -3.127018 -13.680000 1.713525
    endloop
  endfacet
  facet normal -0.270674 -0.071787 0.959991
    outer loop
      vertex -3.127018 -13.680000 1.713525
      vertex -4.303970 -13.680000 1.381678
      vertex -4.303970 -14.577493 1.314564
    endloop
  endfacet
  facet normal -0.270674 -0.071787 0.959991
    outer loop
      vertex -3.127018 -13.680000 1.713525
      vertex -4.303970 -14.577493 1.314564
      vertex -3.127018 -14.915294 1.621151
    endloop
  endfacet
  facet normal -0.306991 -0.231862 0.923036
    outer loop
      vertex -3.127018 -14.915294 1.621151
      vertex -4.303970 -14.577493 1.314564
      vertex -4.303970 -15.338351 1.123440
    endloop
  endfacet
  facet normal -0.306991 -0.231862 0.923036
    outer loop
      vertex -3.127018 -14.915294 1.621151
      vertex -4.303970 -15.338351 1.123440
      vertex -3.127018 -15.962525 1.358092
    endloop
  endfacet
  facet normal -0.397972 -0.449846 0.799536
    outer loop
      vertex -3.127018 -15.962525 1.358092
      vertex -4.303970 -15.338351 1.123440
      vertex -4.303970 -15.846741 0.837404
    endloop
  endfacet
  facet normal -0.397972 -0.449846 0.799536
    outer loop
      vertex -3.127018 -15.962525 1.358092
      vertex -4.303970 -15.846741 0.837404
      vertex -3.127018 -16.662263 0.964396
    endloop
  endfacet
  facet normal -0.552539 -0.736719 0.389803
    outer loop
      vertex -3.127018 -16.662263 0.964396
      vertex -4.303970 -15.846741 0.837404
      vertex -4.303970 -16.025263 0.500000
    endloop
  endfacet
  facet normal -0.552539 -0.736719 0.389803
    outer loop
      vertex -3.127018 -16.662263 0.964396
      vertex -4.303970 -16.025263 0.500000
      vertex -3.127018 -16.907978 0.500000
    endloop
  endfacet
  facet normal -0.792865 0.538646 0.285001
    outer loop
      vertex -4.303970 -11.334737 0.500000
      vertex -5.059621 -12.447022 0.500000
      vertex -5.059621 -12.540877 0.677384
    endloop
  endfacet
  facet normal -0.792865 0.538646 0.285001
    outer loop
      vertex -4.303970 -11.334737 0.500000
      vertex -5.059621 -12.540877 0.677384
      vertex -4.303970 -11.513259 0.837404
    endloop
  endfacet
  facet normal -0.648263 0.373360 0.663594
    outer loop
      vertex -4.303970 -11.513259 0.837404
      vertex -5.059621 -12.540877 0.677384
      vertex -5.059621 -12.808153 0.827762
    endloop
  endfacet
  facet normal -0.648263 0.373360 0.663594
    outer loop
      vertex -4.303970 -11.513259 0.837404
      vertex -5.059621 -12.808153 0.827762
      vertex -4.303970 -12.021649 1.123440
    endloop
  endfacet
  facet normal -0.534896 0.205844 0.819460
    outer loop
      vertex -4.303970 -12.021649 1.123440
      vertex -5.059621 -12.808153 0.827762
      vertex -5.059621 -13.208160 0.928242
    endloop
  endfacet
  facet normal -0.534896 0.205844 0.819460
    outer loop
      vertex -4.303970 -12.021649 1.123440
      vertex -5.059621 -13.208160 0.928242
      vertex -4.303970 -12.782507 1.314564
    endloop
  endfacet
  facet normal -0.483146 0.065290 0.873102
    outer loop
      vertex -4.303970 -12.782507 1.314564
      vertex -5.059621 -13.208160 0.928242
      vertex -5.059621 -13.680000 0.963525
    endloop
  endfacet
  facet normal -0.483146 0.065290 0.873102
    outer loop
      vertex -4.303970 -12.782507 1.314564
      vertex -5.059621 -13.680000 0.963525
      vertex -4.303970 -13.680000 1.381678
    endloop
  endfacet
  facet normal -0.483146 -0.065290 0.873102
    outer loop
      vertex -4.303970 -13.680000 1.381678
      vertex -5.059621 -13.680000 0.963525
      vertex -5.059621 -14.151840 0.928242
    endloop
  endfacet
  facet normal -0.483146 -0.065290 0.873102
    outer loop
      vertex -4.303970 -13.680000 1.381678
      vertex -5.059621 -14.151840 0.928242
      vertex -4.303970 -14.577493 1.314564
    endloop
  endfacet
  facet normal -0.534896 -0.205844 0.819460
    outer loop
      vertex -4.303970 -14.577493 1.314564
      vertex -5.059621 -14.151840 0.928242
      vertex -5.059621 -14.551847 0.827762
    endloop
  endfacet
  facet normal -0.534896 -0.205844 0.819460
    outer loop
      vertex -4.303970 -14.577493 1.314564
      vertex -5.059621 -14.551847 0.827762
      vertex -4.303970 -15.338351 1.123440
    endloop
  endfacet
  facet normal -0.648263 -0.373360 0.663594
    outer loop
      vertex -4.303970 -15.338351 1.123440
      vertex -5.059621 -14.551847 0.827762
      vertex -5.059621 -14.819123 0.677384
    endloop
  endfacet
  facet normal -0.648263 -0.373360 0.663594
    outer loop
      vertex -4.303970 -15.338351 1.123440
      vertex -5.059621 -14.819123 0.677384
      vertex -4.303970 -15.846741 0.837404
    endloop
  endfacet
  facet normal -0.792865 -0.538646 0.285001
    outer loop
      vertex -4.303970 -15.846741 0.837404
      vertex -5.059621 -14.819123 0.677384
      vertex -5.059621 -14.912978 0.500000
    endloop
  endfacet
  facet normal -0.792865 -0.538646 0.285001
    outer loop
      vertex -4.303970 -15.846741 0.837404
      vertex -5.059621 -14.912978 0.500000
      vertex -4.303970 -16.025263 0.500000
    endloop
  endfacet
  facet normal 0.000000 0.000000 1.000000
    outer loop
      vertex -5.059621 -12.447022 0.500000
      vertex -5.320000 -13.680000 0.500000
      vertex -5.320000 -13.680000 0.500000
    endloop
  endfacet
  facet normal -0.972626 0.205398 0.108678
    outer loop
      vertex -5.059621 -12.447022 0.500000
      vertex -5.320000 -13.680000 0.500000
      vertex -5.059621 -12.540877 0.677384
    endloop
  endfacet
  facet normal 0.000000 0.000000 1.000000
    outer loop
      vertex -5.059621 -12.540877 0.677384
      vertex -5.320000 -13.680000 0.500000
      vertex -5.320000 -13.680000 0.500000
    endloop
  endfacet
  facet normal -0.939350 0.168171 0.298899
    outer loop
      vertex -5.059621 -12.540877 0.677384
      vertex -5.320000 -13.680000 0.500000
      vertex -5.059621 -12.808153 0.827762
    endloop
  endfacet
  facet normal 0.000000 0.000000 1.000000
    outer loop
      vertex -5.059621 -12.808153 0.827762
      vertex -5.320000 -13.680000 0.500000
      vertex -5.320000 -13.680000 0.500000
    endloop
  endfacet
  facet normal -0.897631 0.107378 0.427468
    outer loop
      vertex -5.059621 -12.808153 0.827762
      vertex -5.320000 -13.680000 0.500000
      vertex -5.059621 -13.208160 0.928242
    endloop
  endfacet
  facet normal 0.000000 0.000000 1.000000
    outer loop
      vertex -5.059621 -13.208160 0.928242
      vertex -5.320000 -13.680000 0.500000
      vertex -5.320000 -13.680000 0.500000
    endloop
  endfacet
  facet normal -0.871276 0.036599 0.489428
    outer loop
      vertex -5.059621 -13.208160 0.928242
      vertex -5.320000 -13.680000 0.500000
      vertex -5.059621 -13.680000 0.963525
    endloop
  endfacet
  facet normal 0.000000 0.000000 1.000000
    outer loop
      vertex -5.059621 -13.680000 0.963525
      vertex -5.320000 -13.680000 0.500000
      vertex -5.320000 -13.680000 0.500000
    endloop
  endfacet
  facet normal -0.871276 -0.036599 0.489428
    outer loop
      vertex -5.059621 -13.680000 0.963525
      vertex -5.320000 -13.680000 0.500000
      vertex -5.059621 -14.151840 0.928242
    endloop
  endfacet
  facet normal 0.000000 0.000000 1.000000
    outer loop
      vertex -5.059621 -14.151840 0.928242
      vertex -5.320000 -13.680000 0.500000
      vertex -5.320000 -13.680000 0.500000
    endloop
  endfacet
  facet normal -0.897631 -0.107378 0.427468
    outer loop
      vertex -5.059621 -14.151840 0.928242
      vertex -5.320000 -13.680000 0.500000
      vertex -5.059621 -14.551847 0.827762
    endloop
  endfacet
  facet normal 0.000000 0.000000 1.000000
    outer loop
      vertex -5.059621 -14.551847 0.827762
      vertex -5.320000 -13.680000 0.500000
      vertex -5.320000 -13.680000 0.500000
    endloop
  endfacet
  facet normal -0.939350 -0.168171 0.298899
    outer loop
      vertex -5.059621 -14.551847 0.827762
      vertex -5.320000 -13.680000 0.500000
      vertex -5.059621 -14.819123 0.677384
    endloop
  endfacet
  facet normal 0.000000 0.000000 1.000000
    outer loop
      vertex -5.059621 -14.819123 0.677384
      vertex -5.320000 -13.680000 0.500000
      vertex -5.320000 -13.680000 0.500000
    endloop
  endfacet
  facet normal -0.972626 -0.205398 0.108678
    outer loop
      vertex -5.059621 -14.819123 0.677384
      vertex -5.320000 -13.680000 0.500000
      vertex -5.059621 -14.912978 0.500000
    endloop
  endfacet
  facet normal 0.542512 0.832989 0.108678
    outer loop
      vertex 13.435029 -5.911413 0.500000
      vertex 12.379066 -5.223682 0.500000
      vertex 12.445431 -5.290047 0.677384
    endloop
  endfacet
  facet normal 0.000000 0.000000 1.000000
    outer loop
      vertex 13.435029 -5.911413 0.500000
      vertex 12.445431 -5.290047 0.677384
      vertex 13.435029 -5.911413 0.500000
    endloop
  endfacet
  facet normal 0.545306 0.783135 0.298899
    outer loop
      vertex 13.435029 -5.911413 0.500000
      vertex 12.445431 -5.290047 0.677384
      vertex 12.634424 -5.479040 0.827762
    endloop
  endfacet
  facet normal 0.000000 0.000000 1.000000
    outer loop
      vertex 13.435029 -5.911413 0.500000
      vertex 12.634424 -5.479040 0.827762
      vertex 13.435029 -5.911413 0.500000
    endloop
  endfacet
  facet normal 0.558793 0.710649 0.427468
    outer loop
      vertex 13.435029 -5.911413 0.500000
      vertex 12.634424 -5.479040 0.827762
      vertex 12.917271 -5.761887 0.928242
    endloop
  endfacet
  facet normal 0.000000 0.000000 1.000000
    outer loop
      vertex 13.435029 -5.911413 0.500000
      vertex 12.917271 -5.761887 0.928242
      vertex 13.435029 -5.911413 0.500000
    endloop
  endfacet
  facet normal 0.590206 0.641964 0.489428
    outer loop
      vertex 13.435029 -5.911413 0.500000
      vertex 12.917271 -5.761887 0.928242
      vertex 13.250913 -6.095529 0.963525
    endloop
  endfacet
  facet normal 0.000000 0.000000 1.000000
    outer loop
      vertex 13.435029 -5.911413 0.500000
      vertex 13.250913 -6.095529 0.963525
      vertex 13.435029 -5.911413 0.500000
    endloop
  endfacet
  facet normal 0.641964 0.590206 0.489428
    outer loop
      vertex 13.435029 -5.911413 0.500000
      vertex 13.250913 -6.095529 0.963525
      vertex 13.584554 -6.429170 0.928242
    endloop
  endfacet
  facet normal 0.000000 0.000000 1.000000
    outer loop
      vertex 13.435029 -5.911413 0.500000
      vertex 13.584554 -6.429170 0.928242
      vertex 13.435029 -5.911413 0.500000
    endloop
  endfacet
  facet normal 0.710649 0.558793 0.427468
    outer loop
      vertex 13.435029 -5.911413 0.500000
      vertex 13.584554 -6.429170 0.928242
      vertex 13.867402 -6.712018 0.827762
    endloop
  endfacet
  facet normal 0.000000 0.000000 1.000000
    outer loop
      vertex 13.435029 -5.911413 0.500000
      vertex 13.867402 -6.712018 0.827762
      vertex 13.435029 -5.911413 0.500000
    endloop
  endfacet
  facet normal 0.783135 0.545306 0.298899
    outer loop
      vertex 13.435029 -5.911413 0.500000
      vertex 13.867402 -6.712018 0.827762
      vertex 14.056394 -6.901010 0.677384
    endloop
  endfacet
  facet normal 0.000000 0.000000 1.000000
    outer loop
      vertex 13.435029 -5.911413 0.500000
      vertex 14.056394 -6.901010 0.677384
      vertex 13.435029 -5.911413 0.500000
    endloop
  endfacet
  facet normal 0.832989 0.542512 0.108678
    outer loop
      vertex 13.435029 -5.911413 0.500000
      vertex 14.056394 -6.901010 0.677384
      vertex 14.122760 -6.967376 0.500000
    endloop
  endfacet
  facet normal 0.000000 0.000000 1.000000
    outer loop
      vertex 13.435029 -5.911413 0.500000
      vertex 14.122760 -6.967376 0.500000
      vertex 13.435029 -5.911413 0.500000
    endloop
  endfacet
  facet normal 0.179760 0.941520 0.285001
    outer loop
      vertex 12.379066 -5.223682 0.500000
      vertex 11.058236 -4.971503 0.500000
      vertex 11.184470 -5.097737 0.837404
    endloop
  endfacet
  facet normal 0.179760 0.941520 0.285001
    outer loop
      vertex 12.379066 -5.223682 0.500000
      vertex 11.184470 -5.097737 0.837404
      vertex 12.445431 -5.290047 0.677384
    endloop
  endfacet
  facet normal 0.194385 0.722397 0.663594
    outer loop
      vertex 12.445431 -5.290047 0.677384
      vertex 11.184470 -5.097737 0.837404
      vertex 11.543956 -5.457223 1.123440
    endloop
  endfacet
  facet normal 0.194385 0.722397 0.663594
    outer loop
      vertex 12.445431 -5.290047 0.677384
      vertex 11.543956 -5.457223 1.123440
      vertex 12.634424 -5.479040 0.827762
    endloop
  endfacet
  facet normal 0.232674 0.523782 0.819460
    outer loop
      vertex 12.634424 -5.479040 0.827762
      vertex 11.543956 -5.457223 1.123440
      vertex 12.081964 -5.995230 1.314564
    endloop
  endfacet
  facet normal 0.232674 0.523782 0.819460
    outer loop
      vertex 12.634424 -5.479040 0.827762
      vertex 12.081964 -5.995230 1.314564
      vertex 12.917271 -5.761887 0.928242
    endloop
  endfacet
  facet normal 0.295469 0.387803 0.873102
    outer loop
      vertex 12.917271 -5.761887 0.928242
      vertex 12.081964 -5.995230 1.314564
      vertex 12.716587 -6.629854 1.381678
    endloop
  endfacet
  facet normal 0.295469 0.387803 0.873102
    outer loop
      vertex 12.917271 -5.761887 0.928242
      vertex 12.716587 -6.629854 1.381678
      vertex 13.250913 -6.095529 0.963525
    endloop
  endfacet
  facet normal 0.387803 0.295469 0.873102
    outer loop
      vertex 13.250913 -6.095529 0.963525
      vertex 12.716587 -6.629854 1.381678
      vertex 13.351211 -7.264478 1.314564
    endloop
  endfacet
  facet normal 0.387803 0.295469 0.873102
    outer loop
      vertex 13.250913 -6.095529 0.963525
      vertex 13.351211 -7.264478 1.314564
      vertex 13.584554 -6.429170 0.928242
    endloop
  endfacet
  facet normal 0.523782 0.232674 0.819460
    outer loop
      vertex 13.584554 -6.429170 0.928242
      vertex 13.351211 -7.264478 1.314564
      vertex 13.889219 -7.802486 1.123440
    endloop
  endfacet
  facet normal 0.523782 0.232674 0.819460
    outer loop
      vertex 13.584554 -6.429170 0.928242
      vertex 13.889219 -7.802486 1.123440
      vertex 13.867402 -6.712018 0.827762
    endloop
  endfacet
  facet normal 0.722397 0.194385 0.663594
    outer loop
      vertex 13.867402 -6.712018 0.827762
      vertex 13.889219 -7.802486 1.123440
      vertex 14.248704 -8.161971 0.837404
    endloop
  endfacet
  facet normal 0.722397 0.194385 0.663594
    outer loop
      vertex 13.867402 -6.712018 0.827762
      vertex 14.248704 -8.161971 0.837404
      vertex 14.056394 -6.901010 0.677384
    endloop
  endfacet
  facet normal 0.941520 0.179760 0.285001
    outer loop
      vertex 14.056394 -6.901010 0.677384
      vertex 14.248704 -8.161971 0.837404
      vertex 14.374939 -8.288206 0.500000
    endloop
  endfacet
  facet normal 0.941520 0.179760 0.285001
    outer loop
      vertex 14.056394 -6.901010 0.677384
      vertex 14.374939 -8.288206 0.500000
      vertex 14.122760 -6.967376 0.500000
    endloop
  endfacet
  facet normal -0.130235 0.911643 0.389803
    outer loop
      vertex 11.058236 -4.971503 0.500000
      vertex 9.601831 -5.179560 0.500000
      vertex 9.775578 -5.353307 0.964396
    endloop
  endfacet
  facet normal -0.130235 0.911643 0.389803
    outer loop
      vertex 11.058236 -4.971503 0.500000
      vertex 9.775578 -5.353307 0.964396
      vertex 11.184470 -5.097737 0.837404
    endloop
  endfacet
  facet normal -0.036680 0.599498 0.799536
    outer loop
      vertex 11.184470 -5.097737 0.837404
      vertex 9.775578 -5.353307 0.964396
      vertex 10.270367 -5.848097 1.358092
    endloop
  endfacet
  facet normal -0.036680 0.599498 0.799536
    outer loop
      vertex 11.184470 -5.097737 0.837404
      vertex 10.270367 -5.848097 1.358092
      vertex 11.543956 -5.457223 1.123440
    endloop
  endfacet
  facet normal 0.053124 0.381027 0.923036
    outer loop
      vertex 11.543956 -5.457223 1.123440
      vertex 10.270367 -5.848097 1.358092
      vertex 11.010872 -6.588601 1.621151
    endloop
  endfacet
  facet normal 0.053124 0.381027 0.923036
    outer loop
      vertex 11.543956 -5.457223 1.123440
      vertex 11.010872 -6.588601 1.621151
      vertex 12.081964 -5.995230 1.314564
    endloop
  endfacet
  facet normal 0.140634 0.242157 0.959991
    outer loop
      vertex 12.081964 -5.995230 1.314564
      vertex 11.010872 -6.588601 1.621151
      vertex 11.884356 -7.462085 1.713525
    endloop
  endfacet
  facet normal 0.140634 0.242157 0.959991
    outer loop
      vertex 12.081964 -5.995230 1.314564
      vertex 11.884356 -7.462085 1.713525
      vertex 12.716587 -6.629854 1.381678
    endloop
  endfacet
  facet normal 0.242157 0.140634 0.959991
    outer loop
      vertex 12.716587 -6.629854 1.381678
      vertex 11.884356 -7.462085 1.713525
      vertex 12.757841 -8.335570 1.621151
    endloop
  endfacet
  facet normal 0.242157 0.140634 0.959991
    outer loop
      vertex 12.716587 -6.629854 1.381678
      vertex 12.757841 -8.335570 1.621151
      vertex 13.351211 -7.264478 1.314564
    endloop
  endfacet
  facet normal 0.381027 0.053124 0.923036
    outer loop
      vertex 13.351211 -7.264478 1.314564
      vertex 12.757841 -8.335570 1.621151
      vertex 13.498345 -9.076074 1.358092
    endloop
  endfacet
  facet normal 0.381027 0.053124 0.923036
    outer loop
      vertex 13.351211 -7.264478 1.314564
      vertex 13.498345 -9.076074 1.358092
      vertex 13.889219 -7.802486 1.123440
    endloop
  endfacet
  facet normal 0.599498 -0.036680 0.799536
    outer loop
      vertex 13.889219 -7.802486 1.123440
      vertex 13.498345 -9.076074 1.358092
      vertex 13.993134 -9.570864 0.964396
    endloop
  endfacet
  facet normal 0.599498 -0.036680 0.799536
    outer loop
      vertex 13.889219 -7.802486 1.123440
      vertex 13.993134 -9.570864 0.964396
      vertex 14.248704 -8.161971 0.837404
    endloop
  endfacet
  facet normal 0.911643 -0.130235 0.389803
    outer loop
      vertex 14.248704 -8.161971 0.837404
      vertex 13.993134 -9.570864 0.964396
      vertex 14.166881 -9.744610 0.500000
    endloop
  endfacet
  facet normal 0.911643 -0.130235 0.389803
    outer loop
      vertex 14.248704 -8.161971 0.837404
      vertex 14.166881 -9.744610 0.500000
      vertex 14.374939 -8.288206 0.500000
    endloop
  endfacet
  facet normal -0.365859 0.818428 0.443083
    outer loop
      vertex 9.601831 -5.179560 0.500000
      vertex 8.152414 -5.827489 0.500000
      vertex 8.356666 -6.031741 1.045930
    endloop
  endfacet
  facet normal -0.365859 0.818428 0.443083
    outer loop
      vertex 9.601831 -5.179560 0.500000
      vertex 8.356666 -6.031741 1.045930
      vertex 9.775578 -5.353307 0.964396
    endloop
  endfacet
  facet normal -0.185946 0.491170 0.850986
    outer loop
      vertex 9.775578 -5.353307 0.964396
      vertex 8.356666 -6.031741 1.045930
      vertex 8.938326 -6.613400 1.508748
    endloop
  endfacet
  facet normal -0.185946 0.491170 0.850986
    outer loop
      vertex 9.775578 -5.353307 0.964396
      vertex 8.938326 -6.613400 1.508748
      vertex 10.270367 -5.848097 1.358092
    endloop
  endfacet
  facet normal -0.055310 0.284668 0.957029
    outer loop
      vertex 10.270367 -5.848097 1.358092
      vertex 8.938326 -6.613400 1.508748
      vertex 9.808841 -7.483916 1.817992
    endloop
  endfacet
  facet normal -0.055310 0.284668 0.957029
    outer loop
      vertex 10.270367 -5.848097 1.358092
      vertex 9.808841 -7.483916 1.817992
      vertex 11.010872 -6.588601 1.621151
    endloop
  endfacet
  facet normal 0.048082 0.152475 0.987137
    outer loop
      vertex 11.010872 -6.588601 1.621151
      vertex 9.808841 -7.483916 1.817992
      vertex 10.835683 -8.510758 1.926585
    endloop
  endfacet
  facet normal 0.048082 0.152475 0.987137
    outer loop
      vertex 11.010872 -6.588601 1.621151
      vertex 10.835683 -8.510758 1.926585
      vertex 11.884356 -7.462085 1.713525
    endloop
  endfacet
  facet normal 0.152475 0.048082 0.987137
    outer loop
      vertex 11.884356 -7.462085 1.713525
      vertex 10.835683 -8.510758 1.926585
      vertex 11.862526 -9.537601 1.817992
    endloop
  endfacet
  facet normal 0.152475 0.048082 0.987137
    outer loop
      vertex 11.884356 -7.462085 1.713525
      vertex 11.862526 -9.537601 1.817992
      vertex 12.757841 -8.335570 1.621151
    endloop
  endfacet
  facet normal 0.284668 -0.055310 0.957029
    outer loop
      vertex 12.757841 -8.335570 1.621151
      vertex 11.862526 -9.537601 1.817992
      vertex 12.733041 -10.408116 1.508748
    endloop
  endfacet
  facet normal 0.284668 -0.055310 0.957029
    outer loop
      vertex 12.757841 -8.335570 1.621151
      vertex 12.733041 -10.408116 1.508748
      vertex 13.498345 -9.076074 1.358092
    endloop
  endfacet
  facet normal 0.491170 -0.185946 0.850986
    outer loop
      vertex 13.498345 -9.076074 1.358092
      vertex 12.733041 -10.408116 1.508748
      vertex 13.314701 -10.989776 1.045930
    endloop
  endfacet
  facet normal 0.491170 -0.185946 0.850986
    outer loop
      vertex 13.498345 -9.076074 1.358092
      vertex 13.314701 -10.989776 1.045930
      vertex 13.993134 -9.570864 0.964396
    endloop
  endfacet
  facet normal 0.818428 -0.365859 0.443083
    outer loop
      vertex 13.993134 -9.570864 0.964396
      vertex 13.314701 -10.989776 1.045930
      vertex 13.518952 -11.194027 0.500000
    endloop
  endfacet
  facet normal 0.818428 -0.365859 0.443083
    outer loop
      vertex 13.993134 -9.570864 0.964396
      vertex 13.518952 -11.194027 0.500000
      vertex 14.166881 -9.744610 0.500000
    endloop
  endfacet
  facet normal -0.547756 0.695432 0.465120
    outer loop
      vertex 8.152414 -5.827489 0.500000
      vertex 6.851865 -6.851865 0.500000
      vertex 7.066628 -7.066628 1.074025
    endloop
  endfacet
  facet normal -0.547756 0.695432 0.465120
    outer loop
      vertex 8.152414 -5.827489 0.500000
      vertex 7.066628 -7.066628 1.074025
      vertex 8.356666 -6.031741 1.045930
    endloop
  endfacet
  facet normal -0.297445 0.394384 0.869476
    outer loop
      vertex 8.356666 -6.031741 1.045930
      vertex 7.066628 -7.066628 1.074025
      vertex 7.678221 -7.678221 1.560660
    endloop
  endfacet
  facet normal -0.297445 0.394384 0.869476
    outer loop
      vertex 8.356666 -6.031741 1.045930
      vertex 7.678221 -7.678221 1.560660
      vertex 8.938326 -6.613400 1.508748
    endloop
  endfacet
  facet normal -0.135967 0.208124 0.968606
    outer loop
      vertex 8.938326 -6.613400 1.508748
      vertex 7.678221 -7.678221 1.560660
      vertex 8.593535 -8.593535 1.885819
    endloop
  endfacet
  facet normal -0.135967 0.208124 0.968606
    outer loop
      vertex 8.938326 -6.613400 1.508748
      vertex 8.593535 -8.593535 1.885819
      vertex 9.808841 -7.483916 1.817992
    endloop
  endfacet
  facet normal -0.021219 0.084136 0.996228
    outer loop
      vertex 9.808841 -7.483916 1.817992
      vertex 8.593535 -8.593535 1.885819
      vertex 9.673221 -9.673221 2.000000
    endloop
  endfacet
  facet normal -0.021219 0.084136 0.996228
    outer loop
      vertex 9.808841 -7.483916 1.817992
      vertex 9.673221 -9.673221 2.000000
      vertex 10.835683 -8.510758 1.926585
    endloop
  endfacet
  facet normal 0.084136 -0.021219 0.996228
    outer loop
      vertex 10.835683 -8.510758 1.926585
      vertex 9.673221 -9.673221 2.000000
      vertex 10.752907 -10.752907 1.885819
    endloop
  endfacet
  facet normal 0.084136 -0.021219 0.996228
    outer loop
      vertex 10.835683 -8.510758 1.926585
      vertex 10.752907 -10.752907 1.885819
      vertex 11.862526 -9.537601 1.817992
    endloop
  endfacet
  facet normal 0.208124 -0.135967 0.968606
    outer loop
      vertex 11.862526 -9.537601 1.817992
      vertex 10.752907 -10.752907 1.885819
      vertex 11.668221 -11.668221 1.560660
    endloop
  endfacet
  facet normal 0.208124 -0.135967 0.968606
    outer loop
      vertex 11.862526 -9.537601 1.817992
      vertex 11.668221 -11.668221 1.560660
      vertex 12.733041 -10.408116 1.508748
    endloop
  endfacet
  facet normal 0.394384 -0.297445 0.869476
    outer loop
      vertex 12.733041 -10.408116 1.508748
      vertex 11.668221 -11.668221 1.560660
      vertex 12.279814 -12.279814 1.074025
    endloop
  endfacet
  facet normal 0.394384 -0.297445 0.869476
    outer loop
      vertex 12.733041 -10.408116 1.508748
      vertex 12.279814 -12.279814 1.074025
      vertex 13.314701 -10.989776 1.045930
    endloop
  endfacet
  facet normal 0.695432 -0.547756 0.465120
    outer loop
      vertex 13.314701 -10.989776 1.045930
      vertex 12.279814 -12.279814 1.074025
      vertex 12.494577 -12.494577 0.500000
    endloop
  endfacet
  facet normal 0.695432 -0.547756 0.465120
    outer loop
      vertex 13.314701 -10.989776 1.045930
      vertex 12.494577 -12.494577 0.500000
      vertex 13.518952 -11.194027 0.500000
    endloop
  endfacet
  facet normal -0.695432 0.547756 0.465120
    outer loop
      vertex 6.851865 -6.851865 0.500000
      vertex 5.827489 -8.152414 0.500000
      vertex 6.031741 -8.356666 1.045930
    endloop
  endfacet
  facet normal -0.695432 0.547756 0.465120
    outer loop
      vertex 6.851865 -6.851865 0.500000
      vertex 6.031741 -8.356666 1.045930
      vertex 7.066628 -7.066628 1.074025
    endloop
  endfacet
  facet normal -0.394384 0.297445 0.869476
    outer loop
      vertex 7.066628 -7.066628 1.074025
      vertex 6.031741 -8.356666 1.045930
      vertex 6.613400 -8.938326 1.508748
    endloop
  endfacet
  facet normal -0.394384 0.297445 0.869476
    outer loop
      vertex 7.066628 -7.066628 1.074025
      vertex 6.613400 -8.938326 1.508748
      vertex 7.678221 -7.678221 1.560660
    endloop
  endfacet
  facet normal -0.208124 0.135967 0.968606
    outer loop
      vertex 7.678221 -7.678221 1.560660
      vertex 6.613400 -8.938326 1.508748
      vertex 7.483916 -9.808841 1.817992
    endloop
  endfacet
  facet normal -0.208124 0.135967 0.968606
    outer loop
      vertex 7.678221 -7.678221 1.560660
      vertex 7.483916 -9.808841 1.817992
      vertex 8.593535 -8.593535 1.885819
    endloop
  endfacet
  facet normal -0.084136 0.021219 0.996228
    outer loop
      vertex 8.593535 -8.593535 1.885819
      vertex 7.483916 -9.808841 1.817992
      vertex 8.510758 -10.835683 1.926585
    endloop
  endfacet
  facet normal -0.084136 0.021219 0.996228
    outer loop
      vertex 8.593535 -8.593535 1.885819
      vertex 8.510758 -10.835683 1.926585
      vertex 9.673221 -9.673221 2.000000
    endloop
  endfacet
  facet normal 0.021219 -0.084136 0.996228
    outer loop
      vertex 9.673221 -9.673221 2.000000
      vertex 8.510758 -10.835683 1.926585
      vertex 9.537601 -11.862526 1.817992
    endloop
  endfacet
  facet normal 0.021219 -0.084136 0.996228
    outer loop
      vertex 9.673221 -9.673221 2.000000
      vertex 9.537601 -11.862526 1.817992
      vertex 10.752907 -10.752907 1.885819
    endloop
  endfacet
  facet normal 0.135967 -0.208124 0.968606
    outer loop
      vertex 10.752907 -10.752907 1.885819
      vertex 9.537601 -11.862526 1.817992
      vertex 10.408116 -12.733041 1.508748
    endloop
  endfacet
  facet normal 0.135967 -0.208124 0.968606
    outer loop
      vertex 10.752907 -10.752907 1.885819
      vertex 10.408116 -12.733041 1.508748
      vertex 11.668221 -11.668221 1.560660
    endloop
  endfacet
  facet normal 0.297445 -0.394384 0.869476
    outer loop
      vertex 11.668221 -11.668221 1.560660
      vertex 10.408116 -12.733041 1.508748
      vertex 10.989776 -13.314701 1.045930
    endloop
  endfacet
  facet normal 0.297445 -0.394384 0.869476
    outer loop
      vertex 11.668221 -11.668221 1.560660
      vertex 10.989776 -13.314701 1.045930
      vertex 12.279814 -12.279814 1.074025
    endloop
  endfacet
  facet normal 0.547756 -0.695432 0.465120
    outer loop
      vertex 12.279814 -12.279814 1.074025
      vertex 10.989776 -13.314701 1.045930
      vertex 11.194027 -13.518952 0.500000
    endloop
  endfacet
  facet normal 0.547756 -0.695432 0.465120
    outer loop
      vertex 12.279814 -12.279814 1.074025
      vertex 11.194027 -13.518952 0.500000
      vertex 12.494577 -12.494577 0.500000
    endloop
  endfacet
  facet normal -0.818428 0.365859 0.443083
    outer loop
      vertex 5.827489 -8.152414 0.500000
      vertex 5.179560 -9.601831 0.500000
      vertex 5.353307 -9.775578 0.964396
    endloop
  endfacet
  facet normal -0.818428 0.365859 0.443083
    outer loop
      vertex 5.827489 -8.152414 0.500000
      vertex 5.353307 -9.775578 0.964396
      vertex 6.031741 -8.356666 1.045930
    endloop
  endfacet
  facet normal -0.491170 0.185946 0.850986
    outer loop
      vertex 6.031741 -8.356666 1.045930
      vertex 5.353307 -9.775578 0.964396
      vertex 5.848097 -10.270367 1.358092
    endloop
  endfacet
  facet normal -0.491170 0.185946 0.850986
    outer loop
      vertex 6.031741 -8.356666 1.045930
      vertex 5.848097 -10.270367 1.358092
      vertex 6.613400 -8.938326 1.508748
    endloop
  endfacet
  facet normal -0.284668 0.055310 0.957029
    outer loop
      vertex 6.613400 -8.938326 1.508748
      vertex 5.848097 -10.270367 1.358092
      vertex 6.588601 -11.010872 1.621151
    endloop
  endfacet
  facet normal -0.284668 0.055310 0.957029
    outer loop
      vertex 6.613400 -8.938326 1.508748
      vertex 6.588601 -11.010872 1.621151
      vertex 7.483916 -9.808841 1.817992
    endloop
  endfacet
  facet normal -0.152475 -0.048082 0.987137
    outer loop
      vertex 7.483916 -9.808841 1.817992
      vertex 6.588601 -11.010872 1.621151
      vertex 7.462085 -11.884356 1.713525
    endloop
  endfacet
  facet normal -0.152475 -0.048082 0.987137
    outer loop
      vertex 7.483916 -9.808841 1.817992
      vertex 7.462085 -11.884356 1.713525
      vertex 8.510758 -10.835683 1.926585
    endloop
  endfacet
  facet normal -0.048082 -0.152475 0.987137
    outer loop
      vertex 8.510758 -10.835683 1.926585
      vertex 7.462085 -11.884356 1.713525
      vertex 8.335570 -12.757841 1.621151
    endloop
  endfacet
  facet normal -0.048082 -0.152475 0.987137
    outer loop
      vertex 8.510758 -10.835683 1.926585
      vertex 8.335570 -12.757841 1.621151
      vertex 9.537601 -11.862526 1.817992
    endloop
  endfacet
  facet normal 0.055310 -0.284668 0.957029
    outer loop
      vertex 9.537601 -11.862526 1.817992
      vertex 8.335570 -12.757841 1.621151
      vertex 9.076074 -13.498345 1.358092
    endloop
  endfacet
  facet normal 0.055310 -0.284668 0.957029
    outer loop
      vertex 9.537601 -11.862526 1.817992
      vertex 9.076074 -13.498345 1.358092
      vertex 10.408116 -12.733041 1.508748
    endloop
  endfacet
  facet normal 0.185946 -0.491170 0.850986
    outer loop
      vertex 10.408116 -12.733041 1.508748
      vertex 9.076074 -13.498345 1.358092
      vertex 9.570864 -13.993134 0.964396
    endloop
  endfacet
  facet normal 0.185946 -0.491170 0.850986
    outer loop
      vertex 10.408116 -12.733041 1.508748
      vertex 9.570864 -13.993134 0.964396
      vertex 10.989776 -13.314701 1.045930
    endloop
  endfacet
  facet normal 0.365859 -0.818428 0.443083
    outer loop
      vertex 10.989776 -13.314701 1.045930
      vertex 9.570864 -13.993134 0.964396
      vertex 9.744610 -14.166881 0.500000
    endloop
  endfacet
  facet normal 0.365859 -0.818428 0.443083
    outer loop
      vertex 10.989776 -13.314701 1.045930
      vertex 9.744610 -14.166881 0.500000
      vertex 11.194027 -13.518952 0.500000
    endloop
  endfacet
  facet normal -0.911643 0.130235 0.389803
    outer loop
      vertex 5.179560 -9.601831 0.500000
      vertex 4.971503 -11.058236 0.500000
      vertex 5.097737 -11.184470 0.837404
    endloop
  endfacet
  facet normal -0.911643 0.130235 0.389803
    outer loop
      vertex 5.179560 -9.601831 0.500000
      vertex 5.097737 -11.184470 0.837404
      vertex 5.353307 -9.775578 0.964396
    endloop
  endfacet
  facet normal -0.599498 0.036680 0.799536
    outer loop
      vertex 5.353307 -9.775578 0.964396
      vertex 5.097737 -11.184470 0.837404
      vertex 5.457223 -11.543956 1.123440
    endloop
  endfacet
  facet normal -0.599498 0.036680 0.799536
    outer loop
      vertex 5.353307 -9.775578 0.964396
      vertex 5.457223 -11.543956 1.123440
      vertex 5.848097 -10.270367 1.358092
    endloop
  endfacet
  facet normal -0.381027 -0.053124 0.923036
    outer loop
      vertex 5.848097 -10.270367 1.358092
      vertex 5.457223 -11.543956 1.123440
      vertex 5.995230 -12.081964 1.314564
    endloop
  endfacet
  facet normal -0.381027 -0.053124 0.923036
    outer loop
      vertex 5.848097 -10.270367 1.358092
      vertex 5.995230 -12.081964 1.314564
      vertex 6.588601 -11.010872 1.621151
    endloop
  endfacet
  facet normal -0.242157 -0.140634 0.959991
    outer loop
      vertex 6.588601 -11.010872 1.621151
      vertex 5.995230 -12.081964 1.314564
      vertex 6.629854 -12.716587 1.381678
    endloop
  endfacet
  facet normal -0.242157 -0.140634 0.959991
    outer loop
      vertex 6.588601 -11.010872 1.621151
      vertex 6.629854 -12.716587 1.381678
      vertex 7.462085 -11.884356 1.713525
    endloop
  endfacet
  facet normal -0.140634 -0.242157 0.959991
    outer loop
      vertex 7.462085 -11.884356 1.713525
      vertex 6.629854 -12.716587 1.381678
      vertex 7.264478 -13.351211 1.314564
    endloop
  endfacet
  facet normal -0.140634 -0.242157 0.959991
    outer loop
      vertex 7.462085 -11.884356 1.713525
      vertex 7.264478 -13.351211 1.314564
      vertex 8.335570 -12.757841 1.621151
    endloop
  endfacet
  facet normal -0.053124 -0.381027 0.923036
    outer loop
      vertex 8.335570 -12.757841 1.621151
      vertex 7.264478 -13.351211 1.314564
      vertex 7.802486 -13.889219 1.123440
    endloop
  endfacet
  facet normal -0.053124 -0.381027 0.923036
    outer loop
      vertex 8.335570 -12.757841 1.621151
      vertex 7.802486 -13.889219 1.123440
      vertex 9.076074 -13.498345 1.358092
    endloop
  endfacet
  facet normal 0.036680 -0.599498 0.799536
    outer loop
      vertex 9.076074 -13.498345 1.358092
      vertex 7.802486 -13.889219 1.123440
      vertex 8.161971 -14.248704 0.837404
    endloop
  endfacet
  facet normal 0.036680 -0.599498 0.799536
    outer loop
      vertex 9.076074 -13.498345 1.358092
      vertex 8.161971 -14.248704 0.837404
      vertex 9.570864 -13.993134 0.964396
    endloop
  endfacet
  facet normal 0.130235 -0.911643 0.389803
    outer loop
      vertex 9.570864 -13.993134 0.964396
      vertex 8.161971 -14.248704 0.837404
      vertex 8.288206 -14.374939 0.500000
    endloop
  endfacet
  facet normal 0.130235 -0.911643 0.389803
    outer loop
      vertex 9.570864 -13.993134 0.964396
      vertex 8.288206 -14.374939 0.500000
      vertex 9.744610 -14.166881 0.500000
    endloop
  endfacet
  facet normal -0.941520 -0.179760 0.285001
    outer loop
      vertex 4.971503 -11.058236 0.500000
      vertex 5.223682 -12.379066 0.500000
      vertex 5.290047 -12.445431 0.677384
    endloop
  endfacet
  facet normal -0.941520 -0.179760 0.285001
    outer loop
      vertex 4.971503 -11.058236 0.500000
      vertex 5.290047 -12.445431 0.677384
      vertex 5.097737 -11.184470 0.837404
    endloop
  endfacet
  facet normal -0.722397 -0.194385 0.663594
    outer loop
      vertex 5.097737 -11.184470 0.837404
      vertex 5.290047 -12.445431 0.677384
      vertex 5.479040 -12.634424 0.827762
    endloop
  endfacet
  facet normal -0.722397 -0.194385 0.663594
    outer loop
      vertex 5.097737 -11.184470 0.837404
      vertex 5.479040 -12.634424 0.827762
      vertex 5.457223 -11.543956 1.123440
    endloop
  endfacet
  facet normal -0.523782 -0.232674 0.819460
    outer loop
      vertex 5.457223 -11.543956 1.123440
      vertex 5.479040 -12.634424 0.827762
      vertex 5.761887 -12.917271 0.928242
    endloop
  endfacet
  facet normal -0.523782 -0.232674 0.819460
    outer loop
      vertex 5.457223 -11.543956 1.123440
      vertex 5.761887 -12.917271 0.928242
      vertex 5.995230 -12.081964 1.314564
    endloop
  endfacet
  facet normal -0.387803 -0.295469 0.873102
    outer loop
      vertex 5.995230 -12.081964 1.314564
      vertex 5.761887 -12.917271 0.928242
      vertex 6.095529 -13.250913 0.963525
    endloop
  endfacet
  facet normal -0.387803 -0.295469 0.873102
    outer loop
      vertex 5.995230 -12.081964 1.314564
      vertex 6.095529 -13.250913 0.963525
      vertex 6.629854 -12.716587 1.381678
    endloop
  endfacet
  facet normal -0.295469 -0.387803 0.873102
    outer loop
      vertex 6.629854 -12.716587 1.381678
      vertex 6.095529 -13.250913 0.963525
      vertex 6.429170 -13.584554 0.928242
    endloop
  endfacet
  facet normal -0.295469 -0.387803 0.873102
    outer loop
      vertex 6.629854 -12.716587 1.381678
      vertex 6.429170 -13.584554 0.928242
      vertex 7.264478 -13.351211 1.314564
    endloop
  endfacet
  facet normal -0.232674 -0.523782 0.819460
    outer loop
      vertex 7.264478 -13.351211 1.314564
      vertex 6.429170 -13.584554 0.928242
      vertex 6.712018 -13.867402 0.827762
    endloop
  endfacet
  facet normal -0.232674 -0.523782 0.819460
    outer loop
      vertex 7.264478 -13.351211 1.314564
      vertex 6.712018 -13.867402 0.827762
      vertex 7.802486 -13.889219 1.123440
    endloop
  endfacet
  facet normal -0.194385 -0.722397 0.663594
    outer loop
      vertex 7.802486 -13.889219 1.123440
      vertex 6.712018 -13.867402 0.827762
      vertex 6.901010 -14.056394 0.677384
    endloop
  endfacet
  facet normal -0.194385 -0.722397 0.663594
    outer loop
      vertex 7.802486 -13.889219 1.123440
      vertex 6.901010 -14.056394 0.677384
      vertex 8.161971 -14.248704 0.837404
    endloop
  endfacet
  facet normal -0.179760 -0.941520 0.285001
    outer loop
      vertex 8.161971 -14.248704 0.837404
      vertex 6.901010 -14.056394 0.677384
      vertex 6.967376 -14.122760 0.500000
    endloop
  endfacet
  facet normal -0.179760 -0.941520 0.285001
    outer loop
      vertex 8.161971 -14.248704 0.837404
      vertex 6.967376 -14.122760 0.500000
      vertex 8.288206 -14.374939 0.500000
    endloop
  endfacet
  facet normal 0.000000 0.000000 1.000000
    outer loop
      vertex 5.223682 -12.379066 0.500000
      vertex 5.911413 -13.435029 0.500000
      vertex 5.911413 -13.435029 0.500000
    endloop
  endfacet
  facet normal -0.832989 -0.542512 0.108678
    outer loop
      vertex 5.223682 -12.379066 0.500000
      vertex 5.911413 -13.435029 0.500000
      vertex 5.290047 -12.445431 0.677384
    endloop
  endfacet
  facet normal 0.000000 0.000000 1.000000
    outer loop
      vertex 5.290047 -12.445431 0.677384
      vertex 5.911413 -13.435029 0.500000
      vertex 5.911413 -13.435029 0.500000
    endloop
  endfacet
  facet normal -0.783135 -0.545306 0.298899
    outer loop
      vertex 5.290047 -12.445431 0.677384
      vertex 5.911413 -13.435029 0.500000
      vertex 5.479040 -12.634424 0.827762
    endloop
  endfacet
  facet normal 0.000000 0.000000 1.000000
    outer loop
      vertex 5.479040 -12.634424 0.827762
      vertex 5.911413 -13.435029 0.500000
      vertex 5.911413 -13.435029 0.500000
    endloop
  endfacet
  facet normal -0.710649 -0.558793 0.427468
    outer loop
      vertex 5.479040 -12.634424 0.827762
      vertex 5.911413 -13.435029 0.500000
      vertex 5.761887 -12.917271 0.928242
    endloop
  endfacet
  facet normal 0.000000 0.000000 1.000000
    outer loop
      vertex 5.761887 -12.917271 0.928242
      vertex 5.911413 -13.435029 0.500000
      vertex 5.911413 -13.435029 0.500000
    endloop
  endfacet
  facet normal -0.641964 -0.590206 0.489428
    outer loop
      vertex 5.761887 -12.917271 0.928242
      vertex 5.911413 -13.435029 0.500000
      vertex 6.095529 -13.250913 0.963525
    endloop
  endfacet
  facet normal 0.000000 0.000000 1.000000
    outer loop
      vertex 6.095529 -13.250913 0.963525
      vertex 5.911413 -13.435029 0.500000
      vertex 5.911413 -13.435029 0.500000
    endloop
  endfacet
  facet normal -0.590206 -0.641964 0.489428
    outer loop
      vertex 6.095529 -13.250913 0.963525
      vertex 5.911413 -13.435029 0.500000
      vertex 6.429170 -13.584554 0.928242
    endloop
  endfacet
  facet normal 0.000000 0.000000 1.000000
    outer loop
      vertex 6.429170 -13.584554 0.928242
      vertex 5.911413 -13.435029 0.500000
      vertex 5.911413 -13.435029 0.500000
    endloop
  endfacet
  facet normal -0.558793 -0.710649 0.427468
    outer loop
      vertex 6.429170 -13.584554 0.928242
      vertex 5.911413 -13.435029 0.500000
      vertex 6.712018 -13.867402 0.827762
    endloop
  endfacet
  facet normal 0.000000 0.000000 1.000000
    outer loop
      vertex 6.712018 -13.867402 0.827762
      vertex 5.911413 -13.435029 0.500000
      vertex 5.911413 -13.435029 0.500000
    endloop
  endfacet
  facet normal -0.545306 -0.783135 0.298899
    outer loop
      vertex 6.712018 -13.867402 0.827762
      vertex 5.911413 -13.435029 0.500000
      vertex 6.901010 -14.056394 0.677384
    endloop
  endfacet
  facet normal 0.000000 0.000000 1.000000
    outer loop
      vertex 6.901010 -14.056394 0.677384
      vertex 5.911413 -13.435029 0.500000
      vertex 5.911413 -13.435029 0.500000
    endloop
  endfacet
  facet normal -0.542512 -0.832989 0.108678
    outer loop
      vertex 6.901010 -14.056394 0.677384
      vertex 5.911413 -13.435029 0.500000
      vertex 6.967376 -14.122760 0.500000
    endloop
  endfacet
  facet normal -0.557188 0.825748 0.087644
    outer loop
      vertex 6.590393 6.431611 0.500000
      vertex 5.895033 5.962406 0.500000
      vertex 5.952841 5.986351 0.641907
    endloop
  endfacet
  facet normal 0.000000 0.000000 1.000000
    outer loop
      vertex 6.590393 6.431611 0.500000
      vertex 5.952841 5.986351 0.641907
      vertex 6.590393 6.431611 0.500000
    endloop
  endfacet
  facet normal -0.518082 0.819691 0.244331
    outer loop
      vertex 6.590393 6.431611 0.500000
      vertex 5.952841 5.986351 0.641907
      vertex 6.117461 6.054539 0.762210
    endloop
  endfacet
  facet normal 0.000000 0.000000 1.000000
    outer loop
      vertex 6.590393 6.431611 0.500000
      vertex 6.117461 6.054539 0.762210
      vertex 6.590393 6.431611 0.500000
    endloop
  endfacet
  facet normal -0.454311 0.816904 0.355344
    outer loop
      vertex 6.590393 6.431611 0.500000
      vertex 6.117461 6.054539 0.762210
      vertex 6.363833 6.156589 0.842593
    endloop
  endfacet
  facet normal 0.000000 0.000000 1.000000
    outer loop
      vertex 6.590393 6.431611 0.500000
      vertex 6.363833 6.156589 0.842593
      vertex 6.590393 6.431611 0.500000
    endloop
  endfacet
  facet normal -0.382643 0.827373 0.411142
    outer loop
      vertex 6.590393 6.431611 0.500000
      vertex 6.363833 6.156589 0.842593
      vertex 6.654449 6.276966 0.870820
    endloop
  endfacet
  facet normal 0.000000 0.000000 1.000000
    outer loop
      vertex 6.590393 6.431611 0.500000
      vertex 6.654449 6.276966 0.870820
      vertex 6.590393 6.431611 0.500000
    endloop
  endfacet
  facet normal -0.314472 0.855611 0.411142
    outer loop
      vertex 6.590393 6.431611 0.500000
      vertex 6.654449 6.276966 0.870820
      vertex 6.945064 6.397343 0.842593
    endloop
  endfacet
  facet normal 0.000000 0.000000 1.000000
    outer loop
      vertex 6.590393 6.431611 0.500000
      vertex 6.945064 6.397343 0.842593
      vertex 6.590393 6.431611 0.500000
    endloop
  endfacet
  facet normal -0.256392 0.898885 0.355344
    outer loop
      vertex 6.590393 6.431611 0.500000
      vertex 6.945064 6.397343 0.842593
      vertex 7.191436 6.499394 0.762210
    endloop
  endfacet
  facet normal 0.000000 0.000000 1.000000
    outer loop
      vertex 6.590393 6.431611 0.500000
      vertex 7.191436 6.499394 0.762210
      vertex 6.590393 6.431611 0.500000
    endloop
  endfacet
  facet normal -0.213270 0.945948 0.244331
    outer loop
      vertex 6.590393 6.431611 0.500000
      vertex 7.191436 6.499394 0.762210
      vertex 7.356057 6.567582 0.641907
    endloop
  endfacet
  facet normal 0.000000 0.000000 1.000000
    outer loop
      vertex 6.590393 6.431611 0.500000
      vertex 7.356057 6.567582 0.641907
      vertex 6.590393 6.431611 0.500000
    endloop
  endfacet
  facet normal -0.189901 0.977883 0.087644
    outer loop
      vertex 6.590393 6.431611 0.500000
      vertex 7.356057 6.567582 0.641907
      vertex 7.413864 6.591526 0.500000
    endloop
  endfacet
  facet normal 0.000000 0.000000 1.000000
    outer loop
      vertex 6.590393 6.431611 0.500000
      vertex 7.413864 6.591526 0.500000
      vertex 6.590393 6.431611 0.500000
    endloop
  endfacet
  facet normal -0.803268 0.547357 0.234861
    outer loop
      vertex 5.895033 5.962406 0.500000
      vertex 5.395853 5.229840 0.500000
      vertex 5.505809 5.275385 0.769923
    endloop
  endfacet
  facet normal -0.803268 0.547357 0.234861
    outer loop
      vertex 5.895033 5.962406 0.500000
      vertex 5.505809 5.275385 0.769923
      vertex 5.952841 5.986351 0.641907
    endloop
  endfacet
  facet normal -0.635789 0.504888 0.583832
    outer loop
      vertex 5.952841 5.986351 0.641907
      vertex 5.505809 5.275385 0.769923
      vertex 5.818936 5.405086 0.998752
    endloop
  endfacet
  facet normal -0.635789 0.504888 0.583832
    outer loop
      vertex 5.952841 5.986351 0.641907
      vertex 5.818936 5.405086 0.998752
      vertex 6.117461 6.054539 0.762210
    endloop
  endfacet
  facet normal -0.445413 0.480006 0.755779
    outer loop
      vertex 6.117461 6.054539 0.762210
      vertex 5.818936 5.405086 0.998752
      vertex 6.287563 5.599198 1.151651
    endloop
  endfacet
  facet normal -0.445413 0.480006 0.755779
    outer loop
      vertex 6.117461 6.054539 0.762210
      vertex 6.287563 5.599198 1.151651
      vertex 6.363833 6.156589 0.842593
    endloop
  endfacet
  facet normal -0.284548 0.494360 0.821365
    outer loop
      vertex 6.363833 6.156589 0.842593
      vertex 6.287563 5.599198 1.151651
      vertex 6.840347 5.828168 1.205342
    endloop
  endfacet
  facet normal -0.284548 0.494360 0.821365
    outer loop
      vertex 6.363833 6.156589 0.842593
      vertex 6.840347 5.828168 1.205342
      vertex 6.654449 6.276966 0.870820
    endloop
  endfacet
  facet normal -0.148359 0.550771 0.821365
    outer loop
      vertex 6.654449 6.276966 0.870820
      vertex 6.840347 5.828168 1.205342
      vertex 7.393131 6.057139 1.151651
    endloop
  endfacet
  facet normal -0.148359 0.550771 0.821365
    outer loop
      vertex 6.654449 6.276966 0.870820
      vertex 7.393131 6.057139 1.151651
      vertex 6.945064 6.397343 0.842593
    endloop
  endfacet
  facet normal -0.024461 0.654370 0.755779
    outer loop
      vertex 6.945064 6.397343 0.842593
      vertex 7.393131 6.057139 1.151651
      vertex 7.861758 6.251251 0.998752
    endloop
  endfacet
  facet normal -0.024461 0.654370 0.755779
    outer loop
      vertex 6.945064 6.397343 0.842593
      vertex 7.861758 6.251251 0.998752
      vertex 7.191436 6.499394 0.762210
    endloop
  endfacet
  facet normal 0.092561 0.806580 0.583832
    outer loop
      vertex 7.191436 6.499394 0.762210
      vertex 7.861758 6.251251 0.998752
      vertex 8.174885 6.380952 0.769923
    endloop
  endfacet
  facet normal 0.092561 0.806580 0.583832
    outer loop
      vertex 7.191436 6.499394 0.762210
      vertex 8.174885 6.380952 0.769923
      vertex 7.356057 6.567582 0.641907
    endloop
  endfacet
  facet normal 0.180956 0.955037 0.234861
    outer loop
      vertex 7.356057 6.567582 0.641907
      vertex 8.174885 6.380952 0.769923
      vertex 8.284841 6.426497 0.500000
    endloop
  endfacet
  facet normal 0.180956 0.955037 0.234861
    outer loop
      vertex 7.356057 6.567582 0.641907
      vertex 8.284841 6.426497 0.500000
      vertex 7.413864 6.591526 0.500000
    endloop
  endfacet
  facet normal -0.910633 0.250402 0.328703
    outer loop
      vertex 5.395853 5.229840 0.500000
      vertex 5.141715 4.305621 0.500000
      vertex 5.293056 4.368308 0.871517
    endloop
  endfacet
  facet normal -0.910633 0.250402 0.328703
    outer loop
      vertex 5.395853 5.229840 0.500000
      vertex 5.293056 4.368308 0.871517
      vertex 5.505809 5.275385 0.769923
    endloop
  endfacet
  facet normal -0.634679 0.231442 0.737304
    outer loop
      vertex 5.505809 5.275385 0.769923
      vertex 5.293056 4.368308 0.871517
      vertex 5.724038 4.546827 1.186474
    endloop
  endfacet
  facet normal -0.634679 0.231442 0.737304
    outer loop
      vertex 5.505809 5.275385 0.769923
      vertex 5.724038 4.546827 1.186474
      vertex 5.818936 5.405086 0.998752
    endloop
  endfacet
  facet normal -0.388867 0.237684 0.890106
    outer loop
      vertex 5.818936 5.405086 0.998752
      vertex 5.724038 4.546827 1.186474
      vertex 6.369048 4.813999 1.396921
    endloop
  endfacet
  facet normal -0.388867 0.237684 0.890106
    outer loop
      vertex 5.818936 5.405086 0.998752
      vertex 6.369048 4.813999 1.396921
      vertex 6.287563 5.599198 1.151651
    endloop
  endfacet
  facet normal -0.204200 0.272507 0.940235
    outer loop
      vertex 6.287563 5.599198 1.151651
      vertex 6.369048 4.813999 1.396921
      vertex 7.129890 5.129150 1.470820
    endloop
  endfacet
  facet normal -0.204200 0.272507 0.940235
    outer loop
      vertex 6.287563 5.599198 1.151651
      vertex 7.129890 5.129150 1.470820
      vertex 6.840347 5.828168 1.205342
    endloop
  endfacet
  facet normal -0.048301 0.337082 0.940235
    outer loop
      vertex 6.840347 5.828168 1.205342
      vertex 7.129890 5.129150 1.470820
      vertex 7.890732 5.444301 1.396921
    endloop
  endfacet
  facet normal -0.048301 0.337082 0.940235
    outer loop
      vertex 6.840347 5.828168 1.205342
      vertex 7.890732 5.444301 1.396921
      vertex 7.393131 6.057139 1.151651
    endloop
  endfacet
  facet normal 0.106902 0.443038 0.890106
    outer loop
      vertex 7.393131 6.057139 1.151651
      vertex 7.890732 5.444301 1.396921
      vertex 8.535742 5.711473 1.186474
    endloop
  endfacet
  facet normal 0.106902 0.443038 0.890106
    outer loop
      vertex 7.393131 6.057139 1.151651
      vertex 8.535742 5.711473 1.186474
      vertex 7.861758 6.251251 0.998752
    endloop
  endfacet
  facet normal 0.285132 0.612440 0.737304
    outer loop
      vertex 7.861758 6.251251 0.998752
      vertex 8.535742 5.711473 1.186474
      vertex 8.966724 5.889991 0.871517
    endloop
  endfacet
  facet normal 0.285132 0.612440 0.737304
    outer loop
      vertex 7.861758 6.251251 0.998752
      vertex 8.966724 5.889991 0.871517
      vertex 8.174885 6.380952 0.769923
    endloop
  endfacet
  facet normal 0.466854 0.820976 0.328703
    outer loop
      vertex 8.174885 6.380952 0.769923
      vertex 8.966724 5.889991 0.871517
      vertex 9.118065 5.952679 0.500000
    endloop
  endfacet
  facet normal 0.466854 0.820976 0.328703
    outer loop
      vertex 8.174885 6.380952 0.769923
      vertex 9.118065 5.952679 0.500000
      vertex 8.284841 6.426497 0.500000
    endloop
  endfacet
  facet normal -0.925172 -0.014238 0.379280
    outer loop
      vertex 5.141715 4.305621 0.500000
      vertex 5.157496 3.280218 0.500000
      vertex 5.335407 3.353911 0.936744
    endloop
  endfacet
  facet normal -0.925172 -0.014238 0.379280
    outer loop
      vertex 5.141715 4.305621 0.500000
      vertex 5.335407 3.353911 0.936744
      vertex 5.293056 4.368308 0.871517
    endloop
  endfacet
  facet normal -0.596985 0.026633 0.801810
    outer loop
      vertex 5.293056 4.368308 0.871517
      vertex 5.335407 3.353911 0.936744
      vertex 5.842057 3.563773 1.306998
    endloop
  endfacet
  facet normal -0.596985 0.026633 0.801810
    outer loop
      vertex 5.293056 4.368308 0.871517
      vertex 5.842057 3.563773 1.306998
      vertex 5.724038 4.546827 1.186474
    endloop
  endfacet
  facet normal -0.337104 0.074592 0.938508
    outer loop
      vertex 5.724038 4.546827 1.186474
      vertex 5.842057 3.563773 1.306998
      vertex 6.600313 3.877852 1.554394
    endloop
  endfacet
  facet normal -0.337104 0.074592 0.938508
    outer loop
      vertex 5.724038 4.546827 1.186474
      vertex 6.600313 3.877852 1.554394
      vertex 6.369048 4.813999 1.396921
    endloop
  endfacet
  facet normal -0.148381 0.128290 0.980574
    outer loop
      vertex 6.369048 4.813999 1.396921
      vertex 6.600313 3.877852 1.554394
      vertex 7.494736 4.248334 1.641268
    endloop
  endfacet
  facet normal -0.148381 0.128290 0.980574
    outer loop
      vertex 6.369048 4.813999 1.396921
      vertex 7.494736 4.248334 1.641268
      vertex 7.129890 5.129150 1.470820
    endloop
  endfacet
  facet normal 0.014206 0.195636 0.980574
    outer loop
      vertex 7.129890 5.129150 1.470820
      vertex 7.494736 4.248334 1.641268
      vertex 8.389159 4.618817 1.554394
    endloop
  endfacet
  facet normal 0.014206 0.195636 0.980574
    outer loop
      vertex 7.129890 5.129150 1.470820
      vertex 8.389159 4.618817 1.554394
      vertex 7.890732 5.444301 1.396921
    endloop
  endfacet
  facet normal 0.185624 0.291113 0.938508
    outer loop
      vertex 7.890732 5.444301 1.396921
      vertex 8.389159 4.618817 1.554394
      vertex 9.147414 4.932896 1.306998
    endloop
  endfacet
  facet normal 0.185624 0.291113 0.938508
    outer loop
      vertex 7.890732 5.444301 1.396921
      vertex 9.147414 4.932896 1.306998
      vertex 8.535742 5.711473 1.186474
    endloop
  endfacet
  facet normal 0.403300 0.440965 0.801810
    outer loop
      vertex 8.535742 5.711473 1.186474
      vertex 9.147414 4.932896 1.306998
      vertex 9.654064 5.142757 0.936744
    endloop
  endfacet
  facet normal 0.403300 0.440965 0.801810
    outer loop
      vertex 8.535742 5.711473 1.186474
      vertex 9.654064 5.142757 0.936744
      vertex 8.966724 5.889991 0.871517
    endloop
  endfacet
  facet normal 0.664264 0.644128 0.379280
    outer loop
      vertex 8.966724 5.889991 0.871517
      vertex 9.654064 5.142757 0.936744
      vertex 9.831976 5.216451 0.500000
    endloop
  endfacet
  facet normal 0.664264 0.644128 0.379280
    outer loop
      vertex 8.966724 5.889991 0.871517
      vertex 9.831976 5.216451 0.500000
      vertex 9.118065 5.952679 0.500000
    endloop
  endfacet
  facet normal -0.882897 -0.244471 0.400907
    outer loop
      vertex 5.157496 3.280218 0.500000
      vertex 5.441650 2.254005 0.500000
      vertex 5.628718 2.331491 0.959220
    endloop
  endfacet
  facet normal -0.882897 -0.244471 0.400907
    outer loop
      vertex 5.157496 3.280218 0.500000
      vertex 5.628718 2.331491 0.959220
      vertex 5.335407 3.353911 0.936744
    endloop
  endfacet
  facet normal -0.546283 -0.138558 0.826061
    outer loop
      vertex 5.335407 3.353911 0.936744
      vertex 5.628718 2.331491 0.959220
      vertex 6.161441 2.552153 1.348528
    endloop
  endfacet
  facet normal -0.546283 -0.138558 0.826061
    outer loop
      vertex 5.335407 3.353911 0.936744
      vertex 6.161441 2.552153 1.348528
      vertex 5.842057 3.563773 1.306998
    endloop
  endfacet
  facet normal -0.290086 -0.052356 0.955567
    outer loop
      vertex 5.842057 3.563773 1.306998
      vertex 6.161441 2.552153 1.348528
      vertex 6.958718 2.882395 1.608655
    endloop
  endfacet
  facet normal -0.290086 -0.052356 0.955567
    outer loop
      vertex 5.842057 3.563773 1.306998
      vertex 6.958718 2.882395 1.608655
      vertex 6.600313 3.877852 1.554394
    endloop
  endfacet
  facet normal -0.103596 0.016909 0.994476
    outer loop
      vertex 6.600313 3.877852 1.554394
      vertex 6.958718 2.882395 1.608655
      vertex 7.899170 3.271943 1.700000
    endloop
  endfacet
  facet normal -0.103596 0.016909 0.994476
    outer loop
      vertex 6.600313 3.877852 1.554394
      vertex 7.899170 3.271943 1.700000
      vertex 7.494736 4.248334 1.641268
    endloop
  endfacet
  facet normal 0.061297 0.085210 0.994476
    outer loop
      vertex 7.494736 4.248334 1.641268
      vertex 7.899170 3.271943 1.700000
      vertex 8.839622 3.661491 1.608655
    endloop
  endfacet
  facet normal 0.061297 0.085210 0.994476
    outer loop
      vertex 7.494736 4.248334 1.641268
      vertex 8.839622 3.661491 1.608655
      vertex 8.389159 4.618817 1.554394
    endloop
  endfacet
  facet normal 0.242143 0.168101 0.955567
    outer loop
      vertex 8.389159 4.618817 1.554394
      vertex 8.839622 3.661491 1.608655
      vertex 9.636899 3.991734 1.348528
    endloop
  endfacet
  facet normal 0.242143 0.168101 0.955567
    outer loop
      vertex 8.389159 4.618817 1.554394
      vertex 9.636899 3.991734 1.348528
      vertex 9.147414 4.932896 1.306998
    endloop
  endfacet
  facet normal 0.484256 0.288305 0.826061
    outer loop
      vertex 9.147414 4.932896 1.306998
      vertex 9.636899 3.991734 1.348528
      vertex 10.169622 4.212395 0.959220
    endloop
  endfacet
  facet normal 0.484256 0.288305 0.826061
    outer loop
      vertex 9.147414 4.932896 1.306998
      vertex 10.169622 4.212395 0.959220
      vertex 9.654064 5.142757 0.936744
    endloop
  endfacet
  facet normal 0.797170 0.451435 0.400907
    outer loop
      vertex 9.654064 5.142757 0.936744
      vertex 10.169622 4.212395 0.959220
      vertex 10.356690 4.289881 0.500000
    endloop
  endfacet
  facet normal 0.797170 0.451435 0.400907
    outer loop
      vertex 9.654064 5.142757 0.936744
      vertex 10.356690 4.289881 0.500000
      vertex 9.831976 5.216451 0.500000
    endloop
  endfacet
  facet normal -0.797170 -0.451435 0.400907
    outer loop
      vertex 5.441650 2.254005 0.500000
      vertex 5.966364 1.327436 0.500000
      vertex 6.144276 1.401129 0.936744
    endloop
  endfacet
  facet normal -0.797170 -0.451435 0.400907
    outer loop
      vertex 5.441650 2.254005 0.500000
      vertex 6.144276 1.401129 0.936744
      vertex 5.628718 2.331491 0.959220
    endloop
  endfacet
  facet normal -0.484256 -0.288305 0.826061
    outer loop
      vertex 5.628718 2.331491 0.959220
      vertex 6.144276 1.401129 0.936744
      vertex 6.650926 1.610990 1.306998
    endloop
  endfacet
  facet normal -0.484256 -0.288305 0.826061
    outer loop
      vertex 5.628718 2.331491 0.959220
      vertex 6.650926 1.610990 1.306998
      vertex 6.161441 2.552153 1.348528
    endloop
  endfacet
  facet normal -0.242143 -0.168101 0.955567
    outer loop
      vertex 6.161441 2.552153 1.348528
      vertex 6.650926 1.610990 1.306998
      vertex 7.409181 1.925070 1.554394
    endloop
  endfacet
  facet normal -0.242143 -0.168101 0.955567
    outer loop
      vertex 6.161441 2.552153 1.348528
      vertex 7.409181 1.925070 1.554394
      vertex 6.958718 2.882395 1.608655
    endloop
  endfacet
  facet normal -0.061297 -0.085210 0.994476
    outer loop
      vertex 6.958718 2.882395 1.608655
      vertex 7.409181 1.925070 1.554394
      vertex 8.303604 2.295552 1.641268
    endloop
  endfacet
  facet normal -0.061297 -0.085210 0.994476
    outer loop
      vertex 6.958718 2.882395 1.608655
      vertex 8.303604 2.295552 1.641268
      vertex 7.899170 3.271943 1.700000
    endloop
  endfacet
  facet normal 0.103596 -0.016909 0.994476
    outer loop
      vertex 7.899170 3.271943 1.700000
      vertex 8.303604 2.295552 1.641268
      vertex 9.198027 2.666034 1.554394
    endloop
  endfacet
  facet normal 0.103596 -0.016909 0.994476
    outer loop
      vertex 7.899170 3.271943 1.700000
      vertex 9.198027 2.666034 1.554394
      vertex 8.839622 3.661491 1.608655
    endloop
  endfacet
  facet normal 0.290086 0.052356 0.955567
    outer loop
      vertex 8.839622 3.661491 1.608655
      vertex 9.198027 2.666034 1.554394
      vertex 9.956283 2.980114 1.306998
    endloop
  endfacet
  facet normal 0.290086 0.052356 0.955567
    outer loop
      vertex 8.839622 3.661491 1.608655
      vertex 9.956283 2.980114 1.306998
      vertex 9.636899 3.991734 1.348528
    endloop
  endfacet
  facet normal 0.546283 0.138558 0.826061
    outer loop
      vertex 9.636899 3.991734 1.348528
      vertex 9.956283 2.980114 1.306998
      vertex 10.462933 3.189975 0.936744
    endloop
  endfacet
  facet normal 0.546283 0.138558 0.826061
    outer loop
      vertex 9.636899 3.991734 1.348528
      vertex 10.462933 3.189975 0.936744
      vertex 10.169622 4.212395 0.959220
    endloop
  endfacet
  facet normal 0.882897 0.244471 0.400907
    outer loop
      vertex 10.169622 4.212395 0.959220
      vertex 10.462933 3.189975 0.936744
      vertex 10.640844 3.263669 0.500000
    endloop
  endfacet
  facet normal 0.882897 0.244471 0.400907
    outer loop
      vertex 10.169622 4.212395 0.959220
      vertex 10.640844 3.263669 0.500000
      vertex 10.356690 4.289881 0.500000
    endloop
  endfacet
  facet normal -0.664264 -0.644128 0.379280
    outer loop
      vertex 5.966364 1.327436 0.500000
      vertex 6.680275 0.591208 0.500000
      vertex 6.831616 0.653895 0.871517
    endloop
  endfacet
  facet normal -0.664264 -0.644128 0.379280
    outer loop
      vertex 5.966364 1.327436 0.500000
      vertex 6.831616 0.653895 0.871517
      vertex 6.144276 1.401129 0.936744
    endloop
  endfacet
  facet normal -0.403300 -0.440965 0.801810
    outer loop
      vertex 6.144276 1.401129 0.936744
      vertex 6.831616 0.653895 0.871517
      vertex 7.262598 0.832414 1.186474
    endloop
  endfacet
  facet normal -0.403300 -0.440965 0.801810
    outer loop
      vertex 6.144276 1.401129 0.936744
      vertex 7.262598 0.832414 1.186474
      vertex 6.650926 1.610990 1.306998
    endloop
  endfacet
  facet normal -0.185624 -0.291113 0.938508
    outer loop
      vertex 6.650926 1.610990 1.306998
      vertex 7.262598 0.832414 1.186474
      vertex 7.907608 1.099586 1.396921
    endloop
  endfacet
  facet normal -0.185624 -0.291113 0.938508
    outer loop
      vertex 6.650926 1.610990 1.306998
      vertex 7.907608 1.099586 1.396921
      vertex 7.409181 1.925070 1.554394
    endloop
  endfacet
  facet normal -0.014206 -0.195636 0.980574
    outer loop
      vertex 7.409181 1.925070 1.554394
      vertex 7.907608 1.099586 1.396921
      vertex 8.668450 1.414737 1.470820
    endloop
  endfacet
  facet normal -0.014206 -0.195636 0.980574
    outer loop
      vertex 7.409181 1.925070 1.554394
      vertex 8.668450 1.414737 1.470820
      vertex 8.303604 2.295552 1.641268
    endloop
  endfacet
  facet normal 0.148381 -0.128290 0.980574
    outer loop
      vertex 8.303604 2.295552 1.641268
      vertex 8.668450 1.414737 1.470820
      vertex 9.429292 1.729888 1.396921
    endloop
  endfacet
  facet normal 0.148381 -0.128290 0.980574
    outer loop
      vertex 8.303604 2.295552 1.641268
      vertex 9.429292 1.729888 1.396921
      vertex 9.198027 2.666034 1.554394
    endloop
  endfacet
  facet normal 0.337104 -0.074592 0.938508
    outer loop
      vertex 9.198027 2.666034 1.554394
      vertex 9.429292 1.729888 1.396921
      vertex 10.074302 1.997060 1.186474
    endloop
  endfacet
  facet normal 0.337104 -0.074592 0.938508
    outer loop
      vertex 9.198027 2.666034 1.554394
      vertex 10.074302 1.997060 1.186474
      vertex 9.956283 2.980114 1.306998
    endloop
  endfacet
  facet normal 0.596985 -0.026633 0.801810
    outer loop
      vertex 9.956283 2.980114 1.306998
      vertex 10.074302 1.997060 1.186474
      vertex 10.505284 2.175579 0.871517
    endloop
  endfacet
  facet normal 0.596985 -0.026633 0.801810
    outer loop
      vertex 9.956283 2.980114 1.306998
      vertex 10.505284 2.175579 0.871517
      vertex 10.462933 3.189975 0.936744
    endloop
  endfacet
  facet normal 0.925172 0.014238 0.379280
    outer loop
      vertex 10.462933 3.189975 0.936744
      vertex 10.505284 2.175579 0.871517
      vertex 10.656625 2.238266 0.500000
    endloop
  endfacet
  facet normal 0.925172 0.014238 0.379280
    outer loop
      vertex 10.462933 3.189975 0.936744
      vertex 10.656625 2.238266 0.500000
      vertex 10.640844 3.263669 0.500000
    endloop
  endfacet
  facet normal -0.466854 -0.820976 0.328703
    outer loop
      vertex 6.680275 0.591208 0.500000
      vertex 7.513499 0.117389 0.500000
      vertex 7.623455 0.162934 0.769923
    endloop
  endfacet
  facet normal -0.466854 -0.820976 0.328703
    outer loop
      vertex 6.680275 0.591208 0.500000
      vertex 7.623455 0.162934 0.769923
      vertex 6.831616 0.653895 0.871517
    endloop
  endfacet
  facet normal -0.285132 -0.612440 0.737304
    outer loop
      vertex 6.831616 0.653895 0.871517
      vertex 7.623455 0.162934 0.769923
      vertex 7.936582 0.292636 0.998752
    endloop
  endfacet
  facet normal -0.285132 -0.612440 0.737304
    outer loop
      vertex 6.831616 0.653895 0.871517
      vertex 7.936582 0.292636 0.998752
      vertex 7.262598 0.832414 1.186474
    endloop
  endfacet
  facet normal -0.106902 -0.443038 0.890106
    outer loop
      vertex 7.262598 0.832414 1.186474
      vertex 7.936582 0.292636 0.998752
      vertex 8.405209 0.486748 1.151651
    endloop
  endfacet
  facet normal -0.106902 -0.443038 0.890106
    outer loop
      vertex 7.262598 0.832414 1.186474
      vertex 8.405209 0.486748 1.151651
      vertex 7.907608 1.099586 1.396921
    endloop
  endfacet
  facet normal 0.048301 -0.337082 0.940235
    outer loop
      vertex 7.907608 1.099586 1.396921
      vertex 8.405209 0.486748 1.151651
      vertex 8.957993 0.715718 1.205342
    endloop
  endfacet
  facet normal 0.048301 -0.337082 0.940235
    outer loop
      vertex 7.907608 1.099586 1.396921
      vertex 8.957993 0.715718 1.205342
      vertex 8.668450 1.414737 1.470820
    endloop
  endfacet
  facet normal 0.204200 -0.272507 0.940235
    outer loop
      vertex 8.668450 1.414737 1.470820
      vertex 8.957993 0.715718 1.205342
      vertex 9.510777 0.944689 1.151651
    endloop
  endfacet
  facet normal 0.204200 -0.272507 0.940235
    outer loop
      vertex 8.668450 1.414737 1.470820
      vertex 9.510777 0.944689 1.151651
      vertex 9.429292 1.729888 1.396921
    endloop
  endfacet
  facet normal 0.388867 -0.237684 0.890106
    outer loop
      vertex 9.429292 1.729888 1.396921
      vertex 9.510777 0.944689 1.151651
      vertex 9.979404 1.138801 0.998752
    endloop
  endfacet
  facet normal 0.388867 -0.237684 0.890106
    outer loop
      vertex 9.429292 1.729888 1.396921
      vertex 9.979404 1.138801 0.998752
      vertex 10.074302 1.997060 1.186474
    endloop
  endfacet
  facet normal 0.634679 -0.231442 0.737304
    outer loop
      vertex 10.074302 1.997060 1.186474
      vertex 9.979404 1.138801 0.998752
      vertex 10.292531 1.268502 0.769923
    endloop
  endfacet
  facet normal 0.634679 -0.231442 0.737304
    outer loop
      vertex 10.074302 1.997060 1.186474
      vertex 10.292531 1.268502 0.769923
      vertex 10.505284 2.175579 0.871517
    endloop
  endfacet
  facet normal 0.910633 -0.250402 0.328703
    outer loop
      vertex 10.505284 2.175579 0.871517
      vertex 10.292531 1.268502 0.769923
      vertex 10.402487 1.314047 0.500000
    endloop
  endfacet
  facet normal 0.910633 -0.250402 0.328703
    outer loop
      vertex 10.505284 2.175579 0.871517
      vertex 10.402487 1.314047 0.500000
      vertex 10.656625 2.238266 0.500000
    endloop
  endfacet
  facet normal -0.180956 -0.955037 0.234861
    outer loop
      vertex 7.513499 0.117389 0.500000
      vertex 8.384476 -0.047640 0.500000
      vertex 8.442283 -0.023695 0.641907
    endloop
  endfacet
  facet normal -0.180956 -0.955037 0.234861
    outer loop
      vertex 7.513499 0.117389 0.500000
      vertex 8.442283 -0.023695 0.641907
      vertex 7.623455 0.162934 0.769923
    endloop
  endfacet
  facet normal -0.092561 -0.806580 0.583832
    outer loop
      vertex 7.623455 0.162934 0.769923
      vertex 8.442283 -0.023695 0.641907
      vertex 8.606904 0.044493 0.762210
    endloop
  endfacet
  facet normal -0.092561 -0.806580 0.583832
    outer loop
      vertex 7.623455 0.162934 0.769923
      vertex 8.606904 0.044493 0.762210
      vertex 7.936582 0.292636 0.998752
    endloop
  endfacet
  facet normal 0.024461 -0.654370 0.755779
    outer loop
      vertex 7.936582 0.292636 0.998752
      vertex 8.606904 0.044493 0.762210
      vertex 8.853276 0.146544 0.842593
    endloop
  endfacet
  facet normal 0.024461 -0.654370 0.755779
    outer loop
      vertex 7.936582 0.292636 0.998752
      vertex 8.853276 0.146544 0.842593
      vertex 8.405209 0.486748 1.151651
    endloop
  endfacet
  facet normal 0.148359 -0.550771 0.821365
    outer loop
      vertex 8.405209 0.486748 1.151651
      vertex 8.853276 0.146544 0.842593
      vertex 9.143891 0.266921 0.870820
    endloop
  endfacet
  facet normal 0.148359 -0.550771 0.821365
    outer loop
      vertex 8.405209 0.486748 1.151651
      vertex 9.143891 0.266921 0.870820
      vertex 8.957993 0.715718 1.205342
    endloop
  endfacet
  facet normal 0.284548 -0.494360 0.821365
    outer loop
      vertex 8.957993 0.715718 1.205342
      vertex 9.143891 0.266921 0.870820
      vertex 9.434507 0.387297 0.842593
    endloop
  endfacet
  facet normal 0.284548 -0.494360 0.821365
    outer loop
      vertex 8.957993 0.715718 1.205342
      vertex 9.434507 0.387297 0.842593
      vertex 9.510777 0.944689 1.151651
    endloop
  endfacet
  facet normal 0.445413 -0.480006 0.755779
    outer loop
      vertex 9.510777 0.944689 1.151651
      vertex 9.434507 0.387297 0.842593
      vertex 9.680879 0.489348 0.762210
    endloop
  endfacet
  facet normal 0.445413 -0.480006 0.755779
    outer loop
      vertex 9.510777 0.944689 1.151651
      vertex 9.680879 0.489348 0.762210
      vertex 9.979404 1.138801 0.998752
    endloop
  endfacet
  facet normal 0.635789 -0.504888 0.583832
    outer loop
      vertex 9.979404 1.138801 0.998752
      vertex 9.680879 0.489348 0.762210
      vertex 9.845499 0.557536 0.641907
    endloop
  endfacet
  facet normal 0.635789 -0.504888 0.583832
    outer loop
      vertex 9.979404 1.138801 0.998752
      vertex 9.845499 0.557536 0.641907
      vertex 10.292531 1.268502 0.769923
    endloop
  endfacet
  facet normal 0.803268 -0.547357 0.234861
    outer loop
      vertex 10.292531 1.268502 0.769923
      vertex 9.845499 0.557536 0.641907
      vertex 9.903307 0.581481 0.500000
    endloop
  endfacet
  facet normal 0.803268 -0.547357 0.234861
    outer loop
      vertex 10.292531 1.268502 0.769923
      vertex 9.903307 0.581481 0.500000
      vertex 10.402487 1.314047 0.500000
    endloop
  endfacet
  facet normal 0.000000 0.000000 1.000000
    outer loop
      vertex 8.384476 -0.047640 0.500000
      vertex 9.207947 0.112275 0.500000
      vertex 9.207947 0.112275 0.500000
    endloop
  endfacet
  facet normal 0.189901 -0.977883 0.087644
    outer loop
      vertex 8.384476 -0.047640 0.500000
      vertex 9.207947 0.112275 0.500000
      vertex 8.442283 -0.023695 0.641907
    endloop
  endfacet
  facet normal 0.000000 0.000000 1.000000
    outer loop
      vertex 8.442283 -0.023695 0.641907
      vertex 9.207947 0.112275 0.500000
      vertex 9.207947 0.112275 0.500000
    endloop
  endfacet
  facet normal 0.213270 -0.945948 0.244331
    outer loop
      vertex 8.442283 -0.023695 0.641907
      vertex 9.207947 0.112275 0.500000
      vertex 8.606904 0.044493 0.762210
    endloop
  endfacet
  facet normal 0.000000 0.000000 1.000000
    outer loop
      vertex 8.606904 0.044493 0.762210
      vertex 9.207947 0.112275 0.500000
      vertex 9.207947 0.112275 0.500000
    endloop
  endfacet
  facet normal 0.256392 -0.898885 0.355344
    outer loop
      vertex 8.606904 0.044493 0.762210
      vertex 9.207947 0.112275 0.500000
      vertex 8.853276 0.146544 0.842593
    endloop
  endfacet
  facet normal 0.000000 0.000000 1.000000
    outer loop
      vertex 8.853276 0.146544 0.842593
      vertex 9.207947 0.112275 0.500000
      vertex 9.207947 0.112275 0.500000
    endloop
  endfacet
  facet normal 0.314472 -0.855611 0.411142
    outer loop
      vertex 8.853276 0.146544 0.842593
      vertex 9.207947 0.112275 0.500000
      vertex 9.143891 0.266921 0.870820
    endloop
  endfacet
  facet normal 0.000000 0.000000 1.000000
    outer loop
      vertex 9.143891 0.266921 0.870820
      vertex 9.207947 0.112275 0.500000
      vertex 9.207947 0.112275 0.500000
    endloop
  endfacet
  facet normal 0.382643 -0.827373 0.411142
    outer loop
      vertex 9.143891 0.266921 0.870820
      vertex 9.207947 0.112275 0.500000
      vertex 9.434507 0.387297 0.842593
    endloop
  endfacet
  facet normal 0.000000 0.000000 1.000000
    outer loop
      vertex 9.434507 0.387297 0.842593
      vertex 9.207947 0.112275 0.500000
      vertex 9.207947 0.112275 0.500000
    endloop
  endfacet
  facet normal 0.454311 -0.816904 0.355344
    outer loop
      vertex 9.434507 0.387297 0.842593
      vertex 9.207947 0.112275 0.500000
      vertex 9.680879 0.489348 0.762210
    endloop
  endfacet
  facet normal 0.000000 0.000000 1.000000
    outer loop
      vertex 9.680879 0.489348 0.762210
      vertex 9.207947 0.112275 0.500000
      vertex 9.207947 0.112275 0.500000
    endloop
  endfacet
  facet normal 0.518082 -0.819691 0.244331
    outer loop
      vertex 9.680879 0.489348 0.762210
      vertex 9.207947 0.112275 0.500000
      vertex 9.845499 0.557536 0.641907
    endloop
  endfacet
  facet normal 0.000000 0.000000 1.000000
    outer loop
      vertex 9.845499 0.557536 0.641907
      vertex 9.207947 0.112275 0.500000
      vertex 9.207947 0.112275 0.500000
    endloop
  endfacet
  facet normal 0.557188 -0.825748 0.087644
    outer loop
      vertex 9.845499 0.557536 0.641907
      vertex 9.207947 0.112275 0.500000
      vertex 9.903307 0.581481 0.500000
    endloop
  endfacet
  facet normal -0.977883 0.189901 0.087644
    outer loop
      vertex 0.112275 9.207947 0.500000
      vertex -0.047640 8.384476 0.500000
      vertex -0.023695 8.442283 0.641907
    endloop
  endfacet
  facet normal 0.000000 0.000000 1.000000
    outer loop
      vertex 0.112275 9.207947 0.500000
      vertex -0.023695 8.442283 0.641907
      vertex 0.112275 9.207947 0.500000
    endloop
  endfacet
  facet normal -0.945948 0.213270 0.244331
    outer loop
      vertex 0.112275 9.207947 0.500000
      vertex -0.023695 8.442283 0.641907
      vertex 0.044493 8.606904 0.762210
    endloop
  endfacet
  facet normal 0.000000 0.000000 1.000000
    outer loop
      vertex 0.112275 9.207947 0.500000
      vertex 0.044493 8.606904 0.762210
      vertex 0.112275 9.207947 0.500000
    endloop
  endfacet
  facet normal -0.898885 0.256392 0.355344
    outer loop
      vertex 0.112275 9.207947 0.500000
      vertex 0.044493 8.606904 0.762210
      vertex 0.146544 8.853276 0.842593
    endloop
  endfacet
  facet normal 0.000000 0.000000 1.000000
    outer loop
      vertex 0.112275 9.207947 0.500000
      vertex 0.146544 8.853276 0.842593
      vertex 0.112275 9.207947 0.500000
    endloop
  endfacet
  facet normal -0.855611 0.314472 0.411142
    outer loop
      vertex 0.112275 9.207947 0.500000
      vertex 0.146544 8.853276 0.842593
      vertex 0.266921 9.143891 0.870820
    endloop
  endfacet
  facet normal 0.000000 0.000000 1.000000
    outer loop
      vertex 0.112275 9.207947 0.500000
      vertex 0.266921 9.143891 0.870820
      vertex 0.112275 9.207947 0.500000
    endloop
  endfacet
  facet normal -0.827373 0.382643 0.411142
    outer loop
      vertex 0.112275 9.207947 0.500000
      vertex 0.266921 9.143891 0.870820
      vertex 0.387297 9.434507 0.842593
    endloop
  endfacet
  facet normal 0.000000 0.000000 1.000000
    outer loop
      vertex 0.112275 9.207947 0.500000
      vertex 0.387297 9.434507 0.842593
      vertex 0.112275 9.207947 0.500000
    endloop
  endfacet
  facet normal -0.816904 0.454311 0.355344
    outer loop
      vertex 0.112275 9.207947 0.500000
      vertex 0.387297 9.434507 0.842593
      vertex 0.489348 9.680879 0.762210
    endloop
  endfacet
  facet normal 0.000000 0.000000 1.000000
    outer loop
      vertex 0.112275 9.207947 0.500000
      vertex 0.489348 9.680879 0.762210
      vertex 0.112275 9.207947 0.500000
    endloop
  endfacet
  facet normal -0.819691 0.518082 0.244331
    outer loop
      vertex 0.112275 9.207947 0.500000
      vertex 0.489348 9.680879 0.762210
      vertex 0.557536 9.845499 0.641907
    endloop
  endfacet
  facet normal 0.000000 0.000000 1.000000
    outer loop
      vertex 0.112275 9.207947 0.500000
      vertex 0.557536 9.845499 0.641907
      vertex 0.112275 9.207947 0.500000
    endloop
  endfacet
  facet normal -0.825748 0.557188 0.087644
    outer loop
      vertex 0.112275 9.207947 0.500000
      vertex 0.557536 9.845499 0.641907
      vertex 0.581481 9.903307 0.500000
    endloop
  endfacet
  facet normal 0.000000 0.000000 1.000000
    outer loop
      vertex 0.112275 9.207947 0.500000
      vertex 0.581481 9.903307 0.500000
      vertex 0.112275 9.207947 0.500000
    endloop
  endfacet
  facet normal -0.955037 -0.180956 0.234861
    outer loop
      vertex -0.047640 8.384476 0.500000
      vertex 0.117389 7.513499 0.500000
      vertex 0.162934 7.623455 0.769923
    endloop
  endfacet
  facet normal -0.955037 -0.180956 0.234861
    outer loop
      vertex -0.047640 8.384476 0.500000
      vertex 0.162934 7.623455 0.769923
      vertex -0.023695 8.442283 0.641907
    endloop
  endfacet
  facet normal -0.806580 -0.092561 0.583832
    outer loop
      vertex -0.023695 8.442283 0.641907
      vertex 0.162934 7.623455 0.769923
      vertex 0.292636 7.936582 0.998752
    endloop
  endfacet
  facet normal -0.806580 -0.092561 0.583832
    outer loop
      vertex -0.023695 8.442283 0.641907
      vertex 0.292636 7.936582 0.998752
      vertex 0.044493 8.606904 0.762210
    endloop
  endfacet
  facet normal -0.654370 0.024461 0.755779
    outer loop
      vertex 0.044493 8.606904 0.762210
      vertex 0.292636 7.936582 0.998752
      vertex 0.486748 8.405209 1.151651
    endloop
  endfacet
  facet normal -0.654370 0.024461 0.755779
    outer loop
      vertex 0.044493 8.606904 0.762210
      vertex 0.486748 8.405209 1.151651
      vertex 0.146544 8.853276 0.842593
    endloop
  endfacet
  facet normal -0.550771 0.148359 0.821365
    outer loop
      vertex 0.146544 8.853276 0.842593
      vertex 0.486748 8.405209 1.151651
      vertex 0.715718 8.957993 1.205342
    endloop
  endfacet
  facet normal -0.550771 0.148359 0.821365
    outer loop
      vertex 0.146544 8.853276 0.842593
      vertex 0.715718 8.957993 1.205342
      vertex 0.266921 9.143891 0.870820
    endloop
  endfacet
  facet normal -0.494360 0.284548 0.821365
    outer loop
      vertex 0.266921 9.143891 0.870820
      vertex 0.715718 8.957993 1.205342
      vertex 0.944689 9.510777 1.151651
    endloop
  endfacet
  facet normal -0.494360 0.284548 0.821365
    outer loop
      vertex 0.266921 9.143891 0.870820
      vertex 0.944689 9.510777 1.151651
      vertex 0.387297 9.434507 0.842593
    endloop
  endfacet
  facet normal -0.480006 0.445413 0.755779
    outer loop
      vertex 0.387297 9.434507 0.842593
      vertex 0.944689 9.510777 1.151651
      vertex 1.138801 9.979404 0.998752
    endloop
  endfacet
  facet normal -0.480006 0.445413 0.755779
    outer loop
      vertex 0.387297 9.434507 0.842593
      vertex 1.138801 9.979404 0.998752
      vertex 0.489348 9.680879 0.762210
    endloop
  endfacet
  facet normal -0.504888 0.635789 0.583832
    outer loop
      vertex 0.489348 9.680879 0.762210
      vertex 1.138801 9.979404 0.998752
      vertex 1.268502 10.292531 0.769923
    endloop
  endfacet
  facet normal -0.504888 0.635789 0.583832
    outer loop
      vertex 0.489348 9.680879 0.762210
      vertex 1.268502 10.292531 0.769923
      vertex 0.557536 9.845499 0.641907
    endloop
  endfacet
  facet normal -0.547357 0.803268 0.234861
    outer loop
      vertex 0.557536 9.845499 0.641907
      vertex 1.268502 10.292531 0.769923
      vertex 1.314047 10.402487 0.500000
    endloop
  endfacet
  facet normal -0.547357 0.803268 0.234861
    outer loop
      vertex 0.557536 9.845499 0.641907
      vertex 1.314047 10.402487 0.500000
      vertex 0.581481 9.903307 0.500000
    endloop
  endfacet
  facet normal -0.820976 -0.466854 0.328703
    outer loop
      vertex 0.117389 7.513499 0.500000
      vertex 0.591208 6.680275 0.500000
      vertex 0.653895 6.831616 0.871517
    endloop
  endfacet
  facet normal -0.820976 -0.466854 0.328703
    outer loop
      vertex 0.117389 7.513499 0.500000
      vertex 0.653895 6.831616 0.871517
      vertex 0.162934 7.623455 0.769923
    endloop
  endfacet
  facet normal -0.612440 -0.285132 0.737304
    outer loop
      vertex 0.162934 7.623455 0.769923
      vertex 0.653895 6.831616 0.871517
      vertex 0.832414 7.262598 1.186474
    endloop
  endfacet
  facet normal -0.612440 -0.285132 0.737304
    outer loop
      vertex 0.162934 7.623455 0.769923
      vertex 0.832414 7.262598 1.186474
      vertex 0.292636 7.936582 0.998752
    endloop
  endfacet
  facet normal -0.443038 -0.106902 0.890106
    outer loop
      vertex 0.292636 7.936582 0.998752
      vertex 0.832414 7.262598 1.186474
      vertex 1.099586 7.907608 1.396921
    endloop
  endfacet
  facet normal -0.443038 -0.106902 0.890106
    outer loop
      vertex 0.292636 7.936582 0.998752
      vertex 1.099586 7.907608 1.396921
      vertex 0.486748 8.405209 1.151651
    endloop
  endfacet
  facet normal -0.337082 0.048301 0.940235
    outer loop
      vertex 0.486748 8.405209 1.151651
      vertex 1.099586 7.907608 1.396921
      vertex 1.414737 8.668450 1.470820
    endloop
  endfacet
  facet normal -0.337082 0.048301 0.940235
    outer loop
      vertex 0.486748 8.405209 1.151651
      vertex 1.414737 8.668450 1.470820
      vertex 0.715718 8.957993 1.205342
    endloop
  endfacet
  facet normal -0.272507 0.204200 0.940235
    outer loop
      vertex 0.715718 8.957993 1.205342
      vertex 1.414737 8.668450 1.470820
      vertex 1.729888 9.429292 1.396921
    endloop
  endfacet
  facet normal -0.272507 0.204200 0.940235
    outer loop
      vertex 0.715718 8.957993 1.205342
      vertex 1.729888 9.429292 1.396921
      vertex 0.944689 9.510777 1.151651
    endloop
  endfacet
  facet normal -0.237684 0.388867 0.890106
    outer loop
      vertex 0.944689 9.510777 1.151651
      vertex 1.729888 9.429292 1.396921
      vertex 1.997060 10.074302 1.186474
    endloop
  endfacet
  facet normal -0.237684 0.388867 0.890106
    outer loop
      vertex 0.944689 9.510777 1.151651
      vertex 1.997060 10.074302 1.186474
      vertex 1.138801 9.979404 0.998752
    endloop
  endfacet
  facet normal -0.231442 0.634679 0.737304
    outer loop
      vertex 1.138801 9.979404 0.998752
      vertex 1.997060 10.074302 1.186474
      vertex 2.175579 10.505284 0.871517
    endloop
  endfacet
  facet normal -0.231442 0.634679 0.737304
    outer loop
      vertex 1.138801 9.979404 0.998752
      vertex 2.175579 10.505284 0.871517
      vertex 1.268502 10.292531 0.769923
    endloop
  endfacet
  facet normal -0.250402 0.910633 0.328703
    outer loop
      vertex 1.268502 10.292531 0.769923
      vertex 2.175579 10.505284 0.871517
      vertex 2.238266 10.656625 0.500000
    endloop
  endfacet
  facet normal -0.250402 0.910633 0.328703
    outer loop
      vertex 1.268502 10.292531 0.769923
      vertex 2.238266 10.656625 0.500000
      vertex 1.314047 10.402487 0.500000
    endloop
  endfacet
  facet normal -0.644128 -0.664264 0.379280
    outer loop
      vertex 0.591208 6.680275 0.500000
      vertex 1.327436 5.966364 0.500000
      vertex 1.401129 6.144276 0.936744
    endloop
  endfacet
  facet normal -0.644128 -0.664264 0.379280
    outer loop
      vertex 0.591208 6.680275 0.500000
      vertex 1.401129 6.144276 0.936744
      vertex 0.653895 6.831616 0.871517
    endloop
  endfacet
  facet normal -0.440965 -0.403300 0.801810
    outer loop
      vertex 0.653895 6.831616 0.871517
      vertex 1.401129 6.144276 0.936744
      vertex 1.610990 6.650926 1.306998
    endloop
  endfacet
  facet normal -0.440965 -0.403300 0.801810
    outer loop
      vertex 0.653895 6.831616 0.871517
      vertex 1.610990 6.650926 1.306998
      vertex 0.832414 7.262598 1.186474
    endloop
  endfacet
  facet normal -0.291113 -0.185624 0.938508
    outer loop
      vertex 0.832414 7.262598 1.186474
      vertex 1.610990 6.650926 1.306998
      vertex 1.925070 7.409181 1.554394
    endloop
  endfacet
  facet normal -0.291113 -0.185624 0.938508
    outer loop
      vertex 0.832414 7.262598 1.186474
      vertex 1.925070 7.409181 1.554394
      vertex 1.099586 7.907608 1.396921
    endloop
  endfacet
  facet normal -0.195636 -0.014206 0.980574
    outer loop
      vertex 1.099586 7.907608 1.396921
      vertex 1.925070 7.409181 1.554394
      vertex 2.295552 8.303604 1.641268
    endloop
  endfacet
  facet normal -0.195636 -0.014206 0.980574
    outer loop
      vertex 1.099586 7.907608 1.396921
      vertex 2.295552 8.303604 1.641268
      vertex 1.414737 8.668450 1.470820
    endloop
  endfacet
  facet normal -0.128290 0.148381 0.980574
    outer loop
      vertex 1.414737 8.668450 1.470820
      vertex 2.295552 8.303604 1.641268
      vertex 2.666034 9.198027 1.554394
    endloop
  endfacet
  facet normal -0.128290 0.148381 0.980574
    outer loop
      vertex 1.414737 8.668450 1.470820
      vertex 2.666034 9.198027 1.554394
      vertex 1.729888 9.429292 1.396921
    endloop
  endfacet
  facet normal -0.074592 0.337104 0.938508
    outer loop
      vertex 1.729888 9.429292 1.396921
      vertex 2.666034 9.198027 1.554394
      vertex 2.980114 9.956283 1.306998
    endloop
  endfacet
  facet normal -0.074592 0.337104 0.938508
    outer loop
      vertex 1.729888 9.429292 1.396921
      vertex 2.980114 9.956283 1.306998
      vertex 1.997060 10.074302 1.186474
    endloop
  endfacet
  facet normal -0.026633 0.596985 0.801810
    outer loop
      vertex 1.997060 10.074302 1.186474
      vertex 2.980114 9.956283 1.306998
      vertex 3.189975 10.462933 0.936744
    endloop
  endfacet
  facet normal -0.026633 0.596985 0.801810
    outer loop
      vertex 1.997060 10.074302 1.186474
      vertex 3.189975 10.462933 0.936744
      vertex 2.175579 10.505284 0.871517
    endloop
  endfacet
  facet normal 0.014238 0.925172 0.379280
    outer loop
      vertex 2.175579 10.505284 0.871517
      vertex 3.189975 10.462933 0.936744
      vertex 3.263669 10.640844 0.500000
    endloop
  endfacet
  facet normal 0.014238 0.925172 0.379280
    outer loop
      vertex 2.175579 10.505284 0.871517
      vertex 3.263669 10.640844 0.500000
      vertex 2.238266 10.656625 0.500000
    endloop
  endfacet
  facet normal -0.451435 -0.797170 0.400907
    outer loop
      vertex 1.327436 5.966364 0.500000
      vertex 2.254005 5.441650 0.500000
      vertex 2.331491 5.628718 0.959220
    endloop
  endfacet
  facet normal -0.451435 -0.797170 0.400907
    outer loop
      vertex 1.327436 5.966364 0.500000
      vertex 2.331491 5.628718 0.959220
      vertex 1.401129 6.144276 0.936744
    endloop
  endfacet
  facet normal -0.288305 -0.484256 0.826061
    outer loop
      vertex 1.401129 6.144276 0.936744
      vertex 2.331491 5.628718 0.959220
      vertex 2.552153 6.161441 1.348528
    endloop
  endfacet
  facet normal -0.288305 -0.484256 0.826061
    outer loop
      vertex 1.401129 6.144276 0.936744
      vertex 2.552153 6.161441 1.348528
      vertex 1.610990 6.650926 1.306998
    endloop
  endfacet
  facet normal -0.168101 -0.242143 0.955567
    outer loop
      vertex 1.610990 6.650926 1.306998
      vertex 2.552153 6.161441 1.348528
      vertex 2.882395 6.958718 1.608655
    endloop
  endfacet
  facet normal -0.168101 -0.242143 0.955567
    outer loop
      vertex 1.610990 6.650926 1.306998
      vertex 2.882395 6.958718 1.608655
      vertex 1.925070 7.409181 1.554394
    endloop
  endfacet
  facet normal -0.085210 -0.061297 0.994476
    outer loop
      vertex 1.925070 7.409181 1.554394
      vertex 2.882395 6.958718 1.608655
      vertex 3.271943 7.899170 1.700000
    endloop
  endfacet
  facet normal -0.085210 -0.061297 0.994476
    outer loop
      vertex 1.925070 7.409181 1.554394
      vertex 3.271943 7.899170 1.700000
      vertex 2.295552 8.303604 1.641268
    endloop
  endfacet
  facet normal -0.016909 0.103596 0.994476
    outer loop
      vertex 2.295552 8.303604 1.641268
      vertex 3.271943 7.899170 1.700000
      vertex 3.661491 8.839622 1.608655
    endloop
  endfacet
  facet normal -0.016909 0.103596 0.994476
    outer loop
      vertex 2.295552 8.303604 1.641268
      vertex 3.661491 8.839622 1.608655
      vertex 2.666034 9.198027 1.554394
    endloop
  endfacet
  facet normal 0.052356 0.290086 0.955567
    outer loop
      vertex 2.666034 9.198027 1.554394
      vertex 3.661491 8.839622 1.608655
      vertex 3.991734 9.636899 1.348528
    endloop
  endfacet
  facet normal 0.052356 0.290086 0.955567
    outer loop
      vertex 2.666034 9.198027 1.554394
      vertex 3.991734 9.636899 1.348528
      vertex 2.980114 9.956283 1.306998
    endloop
  endfacet
  facet normal 0.138558 0.546283 0.826061
    outer loop
      vertex 2.980114 9.956283 1.306998
      vertex 3.991734 9.636899 1.348528
      vertex 4.212395 10.169622 0.959220
    endloop
  endfacet
  facet normal 0.138558 0.546283 0.826061
    outer loop
      vertex 2.980114 9.956283 1.306998
      vertex 4.212395 10.169622 0.959220
      vertex 3.189975 10.462933 0.936744
    endloop
  endfacet
  facet normal 0.244471 0.882897 0.400907
    outer loop
      vertex 3.189975 10.462933 0.936744
      vertex 4.212395 10.169622 0.959220
      vertex 4.289881 10.356690 0.500000
    endloop
  endfacet
  facet normal 0.244471 0.882897 0.400907
    outer loop
      vertex 3.189975 10.462933 0.936744
      vertex 4.289881 10.356690 0.500000
      vertex 3.263669 10.640844 0.500000
    endloop
  endfacet
  facet normal -0.244471 -0.882897 0.400907
    outer loop
      vertex 2.254005 5.441650 0.500000
      vertex 3.280218 5.157496 0.500000
      vertex 3.353911 5.335407 0.936744
    endloop
  endfacet
  facet normal -0.244471 -0.882897 0.400907
    outer loop
      vertex 2.254005 5.441650 0.500000
      vertex 3.353911 5.335407 0.936744
      vertex 2.331491 5.628718 0.959220
    endloop
  endfacet
  facet normal -0.138558 -0.546283 0.826061
    outer loop
      vertex 2.331491 5.628718 0.959220
      vertex 3.353911 5.335407 0.936744
      vertex 3.563773 5.842057 1.306998
    endloop
  endfacet
  facet normal -0.138558 -0.546283 0.826061
    outer loop
      vertex 2.331491 5.628718 0.959220
      vertex 3.563773 5.842057 1.306998
      vertex 2.552153 6.161441 1.348528
    endloop
  endfacet
  facet normal -0.052356 -0.290086 0.955567
    outer loop
      vertex 2.552153 6.161441 1.348528
      vertex 3.563773 5.842057 1.306998
      vertex 3.877852 6.600313 1.554394
    endloop
  endfacet
  facet normal -0.052356 -0.290086 0.955567
    outer loop
      vertex 2.552153 6.161441 1.348528
      vertex 3.877852 6.600313 1.554394
      vertex 2.882395 6.958718 1.608655
    endloop
  endfacet
  facet normal 0.016909 -0.103596 0.994476
    outer loop
      vertex 2.882395 6.958718 1.608655
      vertex 3.877852 6.600313 1.554394
      vertex 4.248334 7.494736 1.641268
    endloop
  endfacet
  facet normal 0.016909 -0.103596 0.994476
    outer loop
      vertex 2.882395 6.958718 1.608655
      vertex 4.248334 7.494736 1.641268
      vertex 3.271943 7.899170 1.700000
    endloop
  endfacet
  facet normal 0.085210 0.061297 0.994476
    outer loop
      vertex 3.271943 7.899170 1.700000
      vertex 4.248334 7.494736 1.641268
      vertex 4.618817 8.389159 1.554394
    endloop
  endfacet
  facet normal 0.085210 0.061297 0.994476
    outer loop
      vertex 3.271943 7.899170 1.700000
      vertex 4.618817 8.389159 1.554394
      vertex 3.661491 8.839622 1.608655
    endloop
  endfacet
  facet normal 0.168101 0.242143 0.955567
    outer loop
      vertex 3.661491 8.839622 1.608655
      vertex 4.618817 8.389159 1.554394
      vertex 4.932896 9.147414 1.306998
    endloop
  endfacet
  facet normal 0.168101 0.242143 0.955567
    outer loop
      vertex 3.661491 8.839622 1.608655
      vertex 4.932896 9.147414 1.306998
      vertex 3.991734 9.636899 1.348528
    endloop
  endfacet
  facet normal 0.288305 0.484256 0.826061
    outer loop
      vertex 3.991734 9.636899 1.348528
      vertex 4.932896 9.147414 1.306998
      vertex 5.142757 9.654064 0.936744
    endloop
  endfacet
  facet normal 0.288305 0.484256 0.826061
    outer loop
      vertex 3.991734 9.636899 1.348528
      vertex 5.142757 9.654064 0.936744
      vertex 4.212395 10.169622 0.959220
    endloop
  endfacet
  facet normal 0.451435 0.797170 0.400907
    outer loop
      vertex 4.212395 10.169622 0.959220
      vertex 5.142757 9.654064 0.936744
      vertex 5.216451 9.831976 0.500000
    endloop
  endfacet
  facet normal 0.451435 0.797170 0.400907
    outer loop
      vertex 4.212395 10.169622 0.959220
      vertex 5.216451 9.831976 0.500000
      vertex 4.289881 10.356690 0.500000
    endloop
  endfacet
  facet normal -0.014238 -0.925172 0.379280
    outer loop
      vertex 3.280218 5.157496 0.500000
      vertex 4.305621 5.141715 0.500000
      vertex 4.368308 5.293056 0.871517
    endloop
  endfacet
  facet normal -0.014238 -0.925172 0.379280
    outer loop
      vertex 3.280218 5.157496 0.500000
      vertex 4.368308 5.293056 0.871517
      vertex 3.353911 5.335407 0.936744
    endloop
  endfacet
  facet normal 0.026633 -0.596985 0.801810
    outer loop
      vertex 3.353911 5.335407 0.936744
      vertex 4.368308 5.293056 0.871517
      vertex 4.546827 5.724038 1.186474
    endloop
  endfacet
  facet normal 0.026633 -0.596985 0.801810
    outer loop
      vertex 3.353911 5.335407 0.936744
      vertex 4.546827 5.724038 1.186474
      vertex 3.563773 5.842057 1.306998
    endloop
  endfacet
  facet normal 0.074592 -0.337104 0.938508
    outer loop
      vertex 3.563773 5.842057 1.306998
      vertex 4.546827 5.724038 1.186474
      vertex 4.813999 6.369048 1.396921
    endloop
  endfacet
  facet normal 0.074592 -0.337104 0.938508
    outer loop
      vertex 3.563773 5.842057 1.306998
      vertex 4.813999 6.369048 1.396921
      vertex 3.877852 6.600313 1.554394
    endloop
  endfacet
  facet normal 0.128290 -0.148381 0.980574
    outer loop
      vertex 3.877852 6.600313 1.554394
      vertex 4.813999 6.369048 1.396921
      vertex 5.129150 7.129890 1.470820
    endloop
  endfacet
  facet normal 0.128290 -0.148381 0.980574
    outer loop
      vertex 3.877852 6.600313 1.554394
      vertex 5.129150 7.129890 1.470820
      vertex 4.248334 7.494736 1.641268
    endloop
  endfacet
  facet normal 0.195636 0.014206 0.980574
    outer loop
      vertex 4.248334 7.494736 1.641268
      vertex 5.129150 7.129890 1.470820
      vertex 5.444301 7.890732 1.396921
    endloop
  endfacet
  facet normal 0.195636 0.014206 0.980574
    outer loop
      vertex 4.248334 7.494736 1.641268
      vertex 5.444301 7.890732 1.396921
      vertex 4.618817 8.389159 1.554394
    endloop
  endfacet
  facet normal 0.291113 0.185624 0.938508
    outer loop
      vertex 4.618817 8.389159 1.554394
      vertex 5.444301 7.890732 1.396921
      vertex 5.711473 8.535742 1.186474
    endloop
  endfacet
  facet normal 0.291113 0.185624 0.938508
    outer loop
      vertex 4.618817 8.389159 1.554394
      vertex 5.711473 8.535742 1.186474
      vertex 4.932896 9.147414 1.306998
    endloop
  endfacet
  facet normal 0.440965 0.403300 0.801810
    outer loop
      vertex 4.932896 9.147414 1.306998
      vertex 5.711473 8.535742 1.186474
      vertex 5.889991 8.966724 0.871517
    endloop
  endfacet
  facet normal 0.440965 0.403300 0.801810
    outer loop
      vertex 4.932896 9.147414 1.306998
      vertex 5.889991 8.966724 0.871517
      vertex 5.142757 9.654064 0.936744
    endloop
  endfacet
  facet normal 0.644128 0.664264 0.379280
    outer loop
      vertex 5.142757 9.654064 0.936744
      vertex 5.889991 8.966724 0.871517
      vertex 5.952679 9.118065 0.500000
    endloop
  endfacet
  facet normal 0.644128 0.664264 0.379280
    outer loop
      vertex 5.142757 9.654064 0.936744
      vertex 5.952679 9.118065 0.500000
      vertex 5.216451 9.831976 0.500000
    endloop
  endfacet
  facet normal 0.250402 -0.910633 0.328703
    outer loop
      vertex 4.305621 5.141715 0.500000
      vertex 5.229840 5.395853 0.500000
      vertex 5.275385 5.505809 0.769923
    endloop
  endfacet
  facet normal 0.250402 -0.910633 0.328703
    outer loop
      vertex 4.305621 5.141715 0.500000
      vertex 5.275385 5.505809 0.769923
      vertex 4.368308 5.293056 0.871517
    endloop
  endfacet
  facet normal 0.231442 -0.634679 0.737304
    outer loop
      vertex 4.368308 5.293056 0.871517
      vertex 5.275385 5.505809 0.769923
      vertex 5.405086 5.818936 0.998752
    endloop
  endfacet
  facet normal 0.231442 -0.634679 0.737304
    outer loop
      vertex 4.368308 5.293056 0.871517
      vertex 5.405086 5.818936 0.998752
      vertex 4.546827 5.724038 1.186474
    endloop
  endfacet
  facet normal 0.237684 -0.388867 0.890106
    outer loop
      vertex 4.546827 5.724038 1.186474
      vertex 5.405086 5.818936 0.998752
      vertex 5.599198 6.287563 1.151651
    endloop
  endfacet
  facet normal 0.237684 -0.388867 0.890106
    outer loop
      vertex 4.546827 5.724038 1.186474
      vertex 5.599198 6.287563 1.151651
      vertex 4.813999 6.369048 1.396921
    endloop
  endfacet
  facet normal 0.272507 -0.204200 0.940235
    outer loop
      vertex 4.813999 6.369048 1.396921
      vertex 5.599198 6.287563 1.151651
      vertex 5.828168 6.840347 1.205342
    endloop
  endfacet
  facet normal 0.272507 -0.204200 0.940235
    outer loop
      vertex 4.813999 6.369048 1.396921
      vertex 5.828168 6.840347 1.205342
      vertex 5.129150 7.129890 1.470820
    endloop
  endfacet
  facet normal 0.337082 -0.048301 0.940235
    outer loop
      vertex 5.129150 7.129890 1.470820
      vertex 5.828168 6.840347 1.205342
      vertex 6.057139 7.393131 1.151651
    endloop
  endfacet
  facet normal 0.337082 -0.048301 0.940235
    outer loop
      vertex 5.129150 7.129890 1.470820
      vertex 6.057139 7.393131 1.151651
      vertex 5.444301 7.890732 1.396921
    endloop
  endfacet
  facet normal 0.443038 0.106902 0.890106
    outer loop
      vertex 5.444301 7.890732 1.396921
      vertex 6.057139 7.393131 1.151651
      vertex 6.251251 7.861758 0.998752
    endloop
  endfacet
  facet normal 0.443038 0.106902 0.890106
    outer loop
      vertex 5.444301 7.890732 1.396921
      vertex 6.251251 7.861758 0.998752
      vertex 5.711473 8.535742 1.186474
    endloop
  endfacet
  facet normal 0.612440 0.285132 0.737304
    outer loop
      vertex 5.711473 8.535742 1.186474
      vertex 6.251251 7.861758 0.998752
      vertex 6.380952 8.174885 0.769923
    endloop
  endfacet
  facet normal 0.612440 0.285132 0.737304
    outer loop
      vertex 5.711473 8.535742 1.186474
      vertex 6.380952 8.174885 0.769923
      vertex 5.889991 8.966724 0.871517
    endloop
  endfacet
  facet normal 0.820976 0.466854 0.328703
    outer loop
      vertex 5.889991 8.966724 0.871517
      vertex 6.380952 8.174885 0.769923
      vertex 6.426497 8.284841 0.500000
    endloop
  endfacet
  facet normal 0.820976 0.466854 0.328703
    outer loop
      vertex 5.889991 8.966724 0.871517
      vertex 6.426497 8.284841 0.500000
      vertex 5.952679 9.118065 0.500000
    endloop
  endfacet
  facet normal 0.547357 -0.803268 0.234861
    outer loop
      vertex 5.229840 5.395853 0.500000
      vertex 5.962406 5.895033 0.500000
      vertex 5.986351 5.952841 0.641907
    endloop
  endfacet
  facet normal 0.547357 -0.803268 0.234861
    outer loop
      vertex 5.229840 5.395853 0.500000
      vertex 5.986351 5.952841 0.641907
      vertex 5.275385 5.505809 0.769923
    endloop
  endfacet
  facet normal 0.504888 -0.635789 0.583832
    outer loop
      vertex 5.275385 5.505809 0.769923
      vertex 5.986351 5.952841 0.641907
      vertex 6.054539 6.117461 0.762210
    endloop
  endfacet
  facet normal 0.504888 -0.635789 0.583832
    outer loop
      vertex 5.275385 5.505809 0.769923
      vertex 6.054539 6.117461 0.762210
      vertex 5.405086 5.818936 0.998752
    endloop
  endfacet
  facet normal 0.480006 -0.445413 0.755779
    outer loop
      vertex 5.405086 5.818936 0.998752
      vertex 6.054539 6.117461 0.762210
      vertex 6.156589 6.363833 0.842593
    endloop
  endfacet
  facet normal 0.480006 -0.445413 0.755779
    outer loop
      vertex 5.405086 5.818936 0.998752
      vertex 6.156589 6.363833 0.842593
      vertex 5.599198 6.287563 1.151651
    endloop
  endfacet
  facet normal 0.494360 -0.284548 0.821365
    outer loop
      vertex 5.599198 6.287563 1.151651
      vertex 6.156589 6.363833 0.842593
      vertex 6.276966 6.654449 0.870820
    endloop
  endfacet
  facet normal 0.494360 -0.284548 0.821365
    outer loop
      vertex 5.599198 6.287563 1.151651
      vertex 6.276966 6.654449 0.870820
      vertex 5.828168 6.840347 1.205342
    endloop
  endfacet
  facet normal 0.550771 -0.148359 0.821365
    outer loop
      vertex 5.828168 6.840347 1.205342
      vertex 6.276966 6.654449 0.870820
      vertex 6.397343 6.945064 0.842593
    endloop
  endfacet
  facet normal 0.550771 -0.148359 0.821365
    outer loop
      vertex 5.828168 6.840347 1.205342
      vertex 6.397343 6.945064 0.842593
      vertex 6.057139 7.393131 1.151651
    endloop
  endfacet
  facet normal 0.654370 -0.024461 0.755779
    outer loop
      vertex 6.057139 7.393131 1.151651
      vertex 6.397343 6.945064 0.842593
      vertex 6.499394 7.191436 0.762210
    endloop
  endfacet
  facet normal 0.654370 -0.024461 0.755779
    outer loop
      vertex 6.057139 7.393131 1.151651
      vertex 6.499394 7.191436 0.762210
      vertex 6.251251 7.861758 0.998752
    endloop
  endfacet
  facet normal 0.806580 0.092561 0.583832
    outer loop
      vertex 6.251251 7.861758 0.998752
      vertex 6.499394 7.191436 0.762210
      vertex 6.567582 7.356057 0.641907
    endloop
  endfacet
  facet normal 0.806580 0.092561 0.583832
    outer loop
      vertex 6.251251 7.861758 0.998752
      vertex 6.567582 7.356057 0.641907
      vertex 6.380952 8.174885 0.769923
    endloop
  endfacet
  facet normal 0.955037 0.180956 0.234861
    outer loop
      vertex 6.380952 8.174885 0.769923
      vertex 6.567582 7.356057 0.641907
      vertex 6.591526 7.413864 0.500000
    endloop
  endfacet
  facet normal 0.955037 0.180956 0.234861
    outer loop
      vertex 6.380952 8.174885 0.769923
      vertex 6.591526 7.413864 0.500000
      vertex 6.426497 8.284841 0.500000
    endloop
  endfacet
  facet normal 0.000000 0.000000 1.000000
    outer loop
      vertex 5.962406 5.895033 0.500000
      vertex 6.431611 6.590393 0.500000
      vertex 6.431611 6.590393 0.500000
    endloop
  endfacet
  facet normal 0.825748 -0.557188 0.087644
    outer loop
      vertex 5.962406 5.895033 0.500000
      vertex 6.431611 6.590393 0.500000
      vertex 5.986351 5.952841 0.641907
    endloop
  endfacet
  facet normal 0.000000 0.000000 1.000000
    outer loop
      vertex 5.986351 5.952841 0.641907
      vertex 6.431611 6.590393 0.500000
      vertex 6.431611 6.590393 0.500000
    endloop
  endfacet
  facet normal 0.819691 -0.518082 0.244331
    outer loop
      vertex 5.986351 5.952841 0.641907
      vertex 6.431611 6.590393 0.500000
      vertex 6.054539 6.117461 0.762210
    endloop
  endfacet
  facet normal 0.000000 0.000000 1.000000
    outer loop
      vertex 6.054539 6.117461 0.762210
      vertex 6.431611 6.590393 0.500000
      vertex 6.431611 6.590393 0.500000
    endloop
  endfacet
  facet normal 0.816904 -0.454311 0.355344
    outer loop
      vertex 6.054539 6.117461 0.762210
      vertex 6.431611 6.590393 0.500000
      vertex 6.156589 6.363833 0.842593
    endloop
  endfacet
  facet normal 0.000000 0.000000 1.000000
    outer loop
      vertex 6.156589 6.363833 0.842593
      vertex 6.431611 6.590393 0.500000
      vertex 6.431611 6.590393 0.500000
    endloop
  endfacet
  facet normal 0.827373 -0.382643 0.411142
    outer loop
      vertex 6.156589 6.363833 0.842593
      vertex 6.431611 6.590393 0.500000
      vertex 6.276966 6.654449 0.870820
    endloop
  endfacet
  facet normal 0.000000 0.000000 1.000000
    outer loop
      vertex 6.276966 6.654449 0.870820
      vertex 6.431611 6.590393 0.500000
      vertex 6.431611 6.590393 0.500000
    endloop
  endfacet
  facet normal 0.855611 -0.314472 0.411142
    outer loop
      vertex 6.276966 6.654449 0.870820
      vertex 6.431611 6.590393 0.500000
      vertex 6.397343 6.945064 0.842593
    endloop
  endfacet
  facet normal 0.000000 0.000000 1.000000
    outer loop
      vertex 6.397343 6.945064 0.842593
      vertex 6.431611 6.590393 0.500000
      vertex 6.431611 6.590393 0.500000
    endloop
  endfacet
  facet normal 0.898885 -0.256392 0.355344
    outer loop
      vertex 6.397343 6.945064 0.842593
      vertex 6.431611 6.590393 0.500000
      vertex 6.499394 7.191436 0.762210
    endloop
  endfacet
  facet normal 0.000000 0.000000 1.000000
    outer loop
      vertex 6.499394 7.191436 0.762210
      vertex 6.431611 6.590393 0.500000
      vertex 6.431611 6.590393 0.500000
    endloop
  endfacet
  facet normal 0.945948 -0.213270 0.244331
    outer loop
      vertex 6.499394 7.191436 0.762210
      vertex 6.431611 6.590393 0.500000
      vertex 6.567582 7.356057 0.641907
    endloop
  endfacet
  facet normal 0.000000 0.000000 1.000000
    outer loop
      vertex 6.567582 7.356057 0.641907
      vertex 6.431611 6.590393 0.500000
      vertex 6.431611 6.590393 0.500000
    endloop
  endfacet
  facet normal 0.977883 -0.189901 0.087644
    outer loop
      vertex 6.567582 7.356057 0.641907
      vertex 6.431611 6.590393 0.500000
      vertex 6.591526 7.413864 0.500000
    endloop
  endfacet
  facet normal -0.825748 -0.557188 0.087644
    outer loop
      vertex -6.431611 6.590393 0.500000
      vertex -5.962406 5.895033 0.500000
      vertex -5.986351 5.952841 0.641907
    endloop
  endfacet
  facet normal 0.000000 0.000000 1.000000
    outer loop
      vertex -6.431611 6.590393 0.500000
      vertex -5.986351 5.952841 0.641907
      vertex -6.431611 6.590393 0.500000
    endloop
  endfacet
  facet normal -0.819691 -0.518082 0.244331
    outer loop
      vertex -6.431611 6.590393 0.500000
      vertex -5.986351 5.952841 0.641907
      vertex -6.054539 6.117461 0.762210
    endloop
  endfacet
  facet normal 0.000000 0.000000 1.000000
    outer loop
      vertex -6.431611 6.590393 0.500000
      vertex -6.054539 6.117461 0.762210
      vertex -6.431611 6.590393 0.500000
    endloop
  endfacet
  facet normal -0.816904 -0.454311 0.355344
    outer loop
      vertex -6.431611 6.590393 0.500000
      vertex -6.054539 6.117461 0.762210
      vertex -6.156589 6.363833 0.842593
    endloop
  endfacet
  facet normal 0.000000 0.000000 1.000000
    outer loop
      vertex -6.431611 6.590393 0.500000
      vertex -6.156589 6.363833 0.842593
      vertex -6.431611 6.590393 0.500000
    endloop
  endfacet
  facet normal -0.827373 -0.382643 0.411142
    outer loop
      vertex -6.431611 6.590393 0.500000
      vertex -6.156589 6.363833 0.842593
      vertex -6.276966 6.654449 0.870820
    endloop
  endfacet
  facet normal 0.000000 0.000000 1.000000
    outer loop
      vertex -6.431611 6.590393 0.500000
      vertex -6.276966 6.654449 0.870820
      vertex -6.431611 6.590393 0.500000
    endloop
  endfacet
  facet normal -0.855611 -0.314472 0.411142
    outer loop
      vertex -6.431611 6.590393 0.500000
      vertex -6.276966 6.654449 0.870820
      vertex -6.397343 6.945064 0.842593
    endloop
  endfacet
  facet normal 0.000000 0.000000 1.000000
    outer loop
      vertex -6.431611 6.590393 0.500000
      vertex -6.397343 6.945064 0.842593
      vertex -6.431611 6.590393 0.500000
    endloop
  endfacet
  facet normal -0.898885 -0.256392 0.355344
    outer loop
      vertex -6.431611 6.590393 0.500000
      vertex -6.397343 6.945064 0.842593
      vertex -6.499394 7.191436 0.762210
    endloop
  endfacet
  facet normal 0.000000 0.000000 1.000000
    outer loop
      vertex -6.431611 6.590393 0.500000
      vertex -6.499394 7.191436 0.762210
      vertex -6.431611 6.590393 0.500000
    endloop
  endfacet
  facet normal -0.945948 -0.213270 0.244331
    outer loop
      vertex -6.431611 6.590393 0.500000
      vertex -6.499394 7.191436 0.762210
      vertex -6.567582 7.356057 0.641907
    endloop
  endfacet
  facet normal 0.000000 0.000000 1.000000
    outer loop
      vertex -6.431611 6.590393 0.500000
      vertex -6.567582 7.356057 0.641907
      vertex -6.431611 6.590393 0.500000
    endloop
  endfacet
  facet normal -0.977883 -0.189901 0.087644
    outer loop
      vertex -6.431611 6.590393 0.500000
      vertex -6.567582 7.356057 0.641907
      vertex -6.591526 7.413864 0.500000
    endloop
  endfacet
  facet normal 0.000000 0.000000 1.000000
    outer loop
      vertex -6.431611 6.590393 0.500000
      vertex -6.591526 7.413864 0.500000
      vertex -6.431611 6.590393 0.500000
    endloop
  endfacet
  facet normal -0.547357 -0.803268 0.234861
    outer loop
      vertex -5.962406 5.895033 0.500000
      vertex -5.229840 5.395853 0.500000
      vertex -5.275385 5.505809 0.769923
    endloop
  endfacet
  facet normal -0.547357 -0.803268 0.234861
    outer loop
      vertex -5.962406 5.895033 0.500000
      vertex -5.275385 5.505809 0.769923
      vertex -5.986351 5.952841 0.641907
    endloop
  endfacet
  facet normal -0.504888 -0.635789 0.583832
    outer loop
      vertex -5.986351 5.952841 0.641907
      vertex -5.275385 5.505809 0.769923
      vertex -5.405086 5.818936 0.998752
    endloop
  endfacet
  facet normal -0.504888 -0.635789 0.583832
    outer loop
      vertex -5.986351 5.952841 0.641907
      vertex -5.405086 5.818936 0.998752
      vertex -6.054539 6.117461 0.762210
    endloop
  endfacet
  facet normal -0.480006 -0.445413 0.755779
    outer loop
      vertex -6.054539 6.117461 0.762210
      vertex -5.405086 5.818936 0.998752
      vertex -5.599198 6.287563 1.151651
    endloop
  endfacet
  facet normal -0.480006 -0.445413 0.755779
    outer loop
      vertex -6.054539 6.117461 0.762210
      vertex -5.599198 6.287563 1.151651
      vertex -6.156589 6.363833 0.842593
    endloop
  endfacet
  facet normal -0.494360 -0.284548 0.821365
    outer loop
      vertex -6.156589 6.363833 0.842593
      vertex -5.599198 6.287563 1.151651
      vertex -5.828168 6.840347 1.205342
    endloop
  endfacet
  facet normal -0.494360 -0.284548 0.821365
    outer loop
      vertex -6.156589 6.363833 0.842593
      vertex -5.828168 6.840347 1.205342
      vertex -6.276966 6.654449 0.870820
    endloop
  endfacet
  facet normal -0.550771 -0.148359 0.821365
    outer loop
      vertex -6.276966 6.654449 0.870820
      vertex -5.828168 6.840347 1.205342
      vertex -6.057139 7.393131 1.151651
    endloop
  endfacet
  facet normal -0.550771 -0.148359 0.821365
    outer loop
      vertex -6.276966 6.654449 0.870820
      vertex -6.057139 7.393131 1.151651
      vertex -6.397343 6.945064 0.842593
    endloop
  endfacet
  facet normal -0.654370 -0.024461 0.755779
    outer loop
      vertex -6.397343 6.945064 0.842593
      vertex -6.057139 7.393131 1.151651
      vertex -6.251251 7.861758 0.998752
    endloop
  endfacet
  facet normal -0.654370 -0.024461 0.755779
    outer loop
      vertex -6.397343 6.945064 0.842593
      vertex -6.251251 7.861758 0.998752
      vertex -6.499394 7.191436 0.762210
    endloop
  endfacet
  facet normal -0.806580 0.092561 0.583832
    outer loop
      vertex -6.499394 7.191436 0.762210
      vertex -6.251251 7.861758 0.998752
      vertex -6.380952 8.174885 0.769923
    endloop
  endfacet
  facet normal -0.806580 0.092561 0.583832
    outer loop
      vertex -6.499394 7.191436 0.762210
      vertex -6.380952 8.174885 0.769923
      vertex -6.567582 7.356057 0.641907
    endloop
  endfacet
  facet normal -0.955037 0.180956 0.234861
    outer loop
      vertex -6.567582 7.356057 0.641907
      vertex -6.380952 8.174885 0.769923
      vertex -6.426497 8.284841 0.500000
    endloop
  endfacet
  facet normal -0.955037 0.180956 0.234861
    outer loop
      vertex -6.567582 7.356057 0.641907
      vertex -6.426497 8.284841 0.500000
      vertex -6.591526 7.413864 0.500000
    endloop
  endfacet
  facet normal -0.250402 -0.910633 0.328703
    outer loop
      vertex -5.229840 5.395853 0.500000
      vertex -4.305621 5.141715 0.500000
      vertex -4.368308 5.293056 0.871517
    endloop
  endfacet
  facet normal -0.250402 -0.910633 0.328703
    outer loop
      vertex -5.229840 5.395853 0.500000
      vertex -4.368308 5.293056 0.871517
      vertex -5.275385 5.505809 0.769923
    endloop
  endfacet
  facet normal -0.231442 -0.634679 0.737304
    outer loop
      vertex -5.275385 5.505809 0.769923
      vertex -4.368308 5.293056 0.871517
      vertex -4.546827 5.724038 1.186474
    endloop
  endfacet
  facet normal -0.231442 -0.634679 0.737304
    outer loop
      vertex -5.275385 5.505809 0.769923
      vertex -4.546827 5.724038 1.186474
      vertex -5.405086 5.818936 0.998752
    endloop
  endfacet
  facet normal -0.237684 -0.388867 0.890106
    outer loop
      vertex -5.405086 5.818936 0.998752
      vertex -4.546827 5.724038 1.186474
      vertex -4.813999 6.369048 1.396921
    endloop
  endfacet
  facet normal -0.237684 -0.388867 0.890106
    outer loop
      vertex -5.405086 5.818936 0.998752
      vertex -4.813999 6.369048 1.396921
      vertex -5.599198 6.287563 1.151651
    endloop
  endfacet
  facet normal -0.272507 -0.204200 0.940235
    outer loop
      vertex -5.599198 6.287563 1.151651
      vertex -4.813999 6.369048 1.396921
      vertex -5.129150 7.129890 1.470820
    endloop
  endfacet
  facet normal -0.272507 -0.204200 0.940235
    outer loop
      vertex -5.599198 6.287563 1.151651
      vertex -5.129150 7.129890 1.470820
      vertex -5.828168 6.840347 1.205342
    endloop
  endfacet
  facet normal -0.337082 -0.048301 0.940235
    outer loop
      vertex -5.828168 6.840347 1.205342
      vertex -5.129150 7.129890 1.470820
      vertex -5.444301 7.890732 1.396921
    endloop
  endfacet
  facet normal -0.337082 -0.048301 0.940235
    outer loop
      vertex -5.828168 6.840347 1.205342
      vertex -5.444301 7.890732 1.396921
      vertex -6.057139 7.393131 1.151651
    endloop
  endfacet
  facet normal -0.443038 0.106902 0.890106
    outer loop
      vertex -6.057139 7.393131 1.151651
      vertex -5.444301 7.890732 1.396921
      vertex -5.711473 8.535742 1.186474
    endloop
  endfacet
  facet normal -0.443038 0.106902 0.890106
    outer loop
      vertex -6.057139 7.393131 1.151651
      vertex -5.711473 8.535742 1.186474
      vertex -6.251251 7.861758 0.998752
    endloop
  endfacet
  facet normal -0.612440 0.285132 0.737304
    outer loop
      vertex -6.251251 7.861758 0.998752
      vertex -5.711473 8.535742 1.186474
      vertex -5.889991 8.966724 0.871517
    endloop
  endfacet
  facet normal -0.612440 0.285132 0.737304
    outer loop
      vertex -6.251251 7.861758 0.998752
      vertex -5.889991 8.966724 0.871517
      vertex -6.380952 8.174885 0.769923
    endloop
  endfacet
  facet normal -0.820976 0.466854 0.328703
    outer loop
      vertex -6.380952 8.174885 0.769923
      vertex -5.889991 8.966724 0.871517
      vertex -5.952679 9.118065 0.500000
    endloop
  endfacet
  facet normal -0.820976 0.466854 0.328703
    outer loop
      vertex -6.380952 8.174885 0.769923
      vertex -5.952679 9.118065 0.500000
      vertex -6.426497 8.284841 0.500000
    endloop
  endfacet
  facet normal 0.014238 -0.925172 0.379280
    outer loop
      vertex -4.305621 5.141715 0.500000
      vertex -3.280218 5.157496 0.500000
      vertex -3.353911 5.335407 0.936744
    endloop
  endfacet
  facet normal 0.014238 -0.925172 0.379280
    outer loop
      vertex -4.305621 5.141715 0.500000
      vertex -3.353911 5.335407 0.936744
      vertex -4.368308 5.293056 0.871517
    endloop
  endfacet
  facet normal -0.026633 -0.596985 0.801810
    outer loop
      vertex -4.368308 5.293056 0.871517
      vertex -3.353911 5.335407 0.936744
      vertex -3.563773 5.842057 1.306998
    endloop
  endfacet
  facet normal -0.026633 -0.596985 0.801810
    outer loop
      vertex -4.368308 5.293056 0.871517
      vertex -3.563773 5.842057 1.306998
      vertex -4.546827 5.724038 1.186474
    endloop
  endfacet
  facet normal -0.074592 -0.337104 0.938508
    outer loop
      vertex -4.546827 5.724038 1.186474
      vertex -3.563773 5.842057 1.306998
      vertex -3.877852 6.600313 1.554394
    endloop
  endfacet
  facet normal -0.074592 -0.337104 0.938508
    outer loop
      vertex -4.546827 5.724038 1.186474
      vertex -3.877852 6.600313 1.554394
      vertex -4.813999 6.369048 1.396921
    endloop
  endfacet
  facet normal -0.128290 -0.148381 0.980574
    outer loop
      vertex -4.813999 6.369048 1.396921
      vertex -3.877852 6.600313 1.554394
      vertex -4.248334 7.494736 1.641268
    endloop
  endfacet
  facet normal -0.128290 -0.148381 0.980574
    outer loop
      vertex -4.813999 6.369048 1.396921
      vertex -4.248334 7.494736 1.641268
      vertex -5.129150 7.129890 1.470820
    endloop
  endfacet
  facet normal -0.195636 0.014206 0.980574
    outer loop
      vertex -5.129150 7.129890 1.470820
      vertex -4.248334 7.494736 1.641268
      vertex -4.618817 8.389159 1.554394
    endloop
  endfacet
  facet normal -0.195636 0.014206 0.980574
    outer loop
      vertex -5.129150 7.129890 1.470820
      vertex -4.618817 8.389159 1.554394
      vertex -5.444301 7.890732 1.396921
    endloop
  endfacet
  facet normal -0.291113 0.185624 0.938508
    outer loop
      vertex -5.444301 7.890732 1.396921
      vertex -4.618817 8.389159 1.554394
      vertex -4.932896 9.147414 1.306998
    endloop
  endfacet
  facet normal -0.291113 0.185624 0.938508
    outer loop
      vertex -5.444301 7.890732 1.396921
      vertex -4.932896 9.147414 1.306998
      vertex -5.711473 8.535742 1.186474
    endloop
  endfacet
  facet normal -0.440965 0.403300 0.801810
    outer loop
      vertex -5.711473 8.535742 1.186474
      vertex -4.932896 9.147414 1.306998
      vertex -5.142757 9.654064 0.936744
    endloop
  endfacet
  facet normal -0.440965 0.403300 0.801810
    outer loop
      vertex -5.711473 8.535742 1.186474
      vertex -5.142757 9.654064 0.936744
      vertex -5.889991 8.966724 0.871517
    endloop
  endfacet
  facet normal -0.644128 0.664264 0.379280
    outer loop
      vertex -5.889991 8.966724 0.871517
      vertex -5.142757 9.654064 0.936744
      vertex -5.216451 9.831976 0.500000
    endloop
  endfacet
  facet normal -0.644128 0.664264 0.379280
    outer loop
      vertex -5.889991 8.966724 0.871517
      vertex -5.216451 9.831976 0.500000
      vertex -5.952679 9.118065 0.500000
    endloop
  endfacet
  facet normal 0.244471 -0.882897 0.400907
    outer loop
      vertex -3.280218 5.157496 0.500000
      vertex -2.254005 5.441650 0.500000
      vertex -2.331491 5.628718 0.959220
    endloop
  endfacet
  facet normal 0.244471 -0.882897 0.400907
    outer loop
      vertex -3.280218 5.157496 0.500000
      vertex -2.331491 5.628718 0.959220
      vertex -3.353911 5.335407 0.936744
    endloop
  endfacet
  facet normal 0.138558 -0.546283 0.826061
    outer loop
      vertex -3.353911 5.335407 0.936744
      vertex -2.331491 5.628718 0.959220
      vertex -2.552153 6.161441 1.348528
    endloop
  endfacet
  facet normal 0.138558 -0.546283 0.826061
    outer loop
      vertex -3.353911 5.335407 0.936744
      vertex -2.552153 6.161441 1.348528
      vertex -3.563773 5.842057 1.306998
    endloop
  endfacet
  facet normal 0.052356 -0.290086 0.955567
    outer loop
      vertex -3.563773 5.842057 1.306998
      vertex -2.552153 6.161441 1.348528
      vertex -2.882395 6.958718 1.608655
    endloop
  endfacet
  facet normal 0.052356 -0.290086 0.955567
    outer loop
      vertex -3.563773 5.842057 1.306998
      vertex -2.882395 6.958718 1.608655
      vertex -3.877852 6.600313 1.554394
    endloop
  endfacet
  facet normal -0.016909 -0.103596 0.994476
    outer loop
      vertex -3.877852 6.600313 1.554394
      vertex -2.882395 6.958718 1.608655
      vertex -3.271943 7.899170 1.700000
    endloop
  endfacet
  facet normal -0.016909 -0.103596 0.994476
    outer loop
      vertex -3.877852 6.600313 1.554394
      vertex -3.271943 7.899170 1.700000
      vertex -4.248334 7.494736 1.641268
    endloop
  endfacet
  facet normal -0.085210 0.061297 0.994476
    outer loop
      vertex -4.248334 7.494736 1.641268
      vertex -3.271943 7.899170 1.700000
      vertex -3.661491 8.839622 1.608655
    endloop
  endfacet
  facet normal -0.085210 0.061297 0.994476
    outer loop
      vertex -4.248334 7.494736 1.641268
      vertex -3.661491 8.839622 1.608655
      vertex -4.618817 8.389159 1.554394
    endloop
  endfacet
  facet normal -0.168101 0.242143 0.955567
    outer loop
      vertex -4.618817 8.389159 1.554394
      vertex -3.661491 8.839622 1.608655
      vertex -3.991734 9.636899 1.348528
    endloop
  endfacet
  facet normal -0.168101 0.242143 0.955567
    outer loop
      vertex -4.618817 8.389159 1.554394
      vertex -3.991734 9.636899 1.348528
      vertex -4.932896 9.147414 1.306998
    endloop
  endfacet
  facet normal -0.288305 0.484256 0.826061
    outer loop
      vertex -4.932896 9.147414 1.306998
      vertex -3.991734 9.636899 1.348528
      vertex -4.212395 10.169622 0.959220
    endloop
  endfacet
  facet normal -0.288305 0.484256 0.826061
    outer loop
      vertex -4.932896 9.147414 1.306998
      vertex -4.212395 10.169622 0.959220
      vertex -5.142757 9.654064 0.936744
    endloop
  endfacet
  facet normal -0.451435 0.797170 0.400907
    outer loop
      vertex -5.142757 9.654064 0.936744
      vertex -4.212395 10.169622 0.959220
      vertex -4.289881 10.356690 0.500000
    endloop
  endfacet
  facet normal -0.451435 0.797170 0.400907
    outer loop
      vertex -5.142757 9.654064 0.936744
      vertex -4.289881 10.356690 0.500000
      vertex -5.216451 9.831976 0.500000
    endloop
  endfacet
  facet normal 0.451435 -0.797170 0.400907
    outer loop
      vertex -2.254005 5.441650 0.500000
      vertex -1.327436 5.966364 0.500000
      vertex -1.401129 6.144276 0.936744
    endloop
  endfacet
  facet normal 0.451435 -0.797170 0.400907
    outer loop
      vertex -2.254005 5.441650 0.500000
      vertex -1.401129 6.144276 0.936744
      vertex -2.331491 5.628718 0.959220
    endloop
  endfacet
  facet normal 0.288305 -0.484256 0.826061
    outer loop
      vertex -2.331491 5.628718 0.959220
      vertex -1.401129 6.144276 0.936744
      vertex -1.610990 6.650926 1.306998
    endloop
  endfacet
  facet normal 0.288305 -0.484256 0.826061
    outer loop
      vertex -2.331491 5.628718 0.959220
      vertex -1.610990 6.650926 1.306998
      vertex -2.552153 6.161441 1.348528
    endloop
  endfacet
  facet normal 0.168101 -0.242143 0.955567
    outer loop
      vertex -2.552153 6.161441 1.348528
      vertex -1.610990 6.650926 1.306998
      vertex -1.925070 7.409181 1.554394
    endloop
  endfacet
  facet normal 0.168101 -0.242143 0.955567
    outer loop
      vertex -2.552153 6.161441 1.348528
      vertex -1.925070 7.409181 1.554394
      vertex -2.882395 6.958718 1.608655
    endloop
  endfacet
  facet normal 0.085210 -0.061297 0.994476
    outer loop
      vertex -2.882395 6.958718 1.608655
      vertex -1.925070 7.409181 1.554394
      vertex -2.295552 8.303604 1.641268
    endloop
  endfacet
  facet normal 0.085210 -0.061297 0.994476
    outer loop
      vertex -2.882395 6.958718 1.608655
      vertex -2.295552 8.303604 1.641268
      vertex -3.271943 7.899170 1.700000
    endloop
  endfacet
  facet normal 0.016909 0.103596 0.994476
    outer loop
      vertex -3.271943 7.899170 1.700000
      vertex -2.295552 8.303604 1.641268
      vertex -2.666034 9.198027 1.554394
    endloop
  endfacet
  facet normal 0.016909 0.103596 0.994476
    outer loop
      vertex -3.271943 7.899170 1.700000
      vertex -2.666034 9.198027 1.554394
      vertex -3.661491 8.839622 1.608655
    endloop
  endfacet
  facet normal -0.052356 0.290086 0.955567
    outer loop
      vertex -3.661491 8.839622 1.608655
      vertex -2.666034 9.198027 1.554394
      vertex -2.980114 9.956283 1.306998
    endloop
  endfacet
  facet normal -0.052356 0.290086 0.955567
    outer loop
      vertex -3.661491 8.839622 1.608655
      vertex -2.980114 9.956283 1.306998
      vertex -3.991734 9.636899 1.348528
    endloop
  endfacet
  facet normal -0.138558 0.546283 0.826061
    outer loop
      vertex -3.991734 9.636899 1.348528
      vertex -2.980114 9.956283 1.306998
      vertex -3.189975 10.462933 0.936744
    endloop
  endfacet
  facet normal -0.138558 0.546283 0.826061
    outer loop
      vertex -3.991734 9.636899 1.348528
      vertex -3.189975 10.462933 0.936744
      vertex -4.212395 10.169622 0.959220
    endloop
  endfacet
  facet normal -0.244471 0.882897 0.400907
    outer loop
      vertex -4.212395 10.169622 0.959220
      vertex -3.189975 10.462933 0.936744
      vertex -3.263669 10.640844 0.500000
    endloop
  endfacet
  facet normal -0.244471 0.882897 0.400907
    outer loop
      vertex -4.212395 10.169622 0.959220
      vertex -3.263669 10.640844 0.500000
      vertex -4.289881 10.356690 0.500000
    endloop
  endfacet
  facet normal 0.644128 -0.664264 0.379280
    outer loop
      vertex -1.327436 5.966364 0.500000
      vertex -0.591208 6.680275 0.500000
      vertex -0.653895 6.831616 0.871517
    endloop
  endfacet
  facet normal 0.644128 -0.664264 0.379280
    outer loop
      vertex -1.327436 5.966364 0.500000
      vertex -0.653895 6.831616 0.871517
      vertex -1.401129 6.144276 0.936744
    endloop
  endfacet
  facet normal 0.440965 -0.403300 0.801810
    outer loop
      vertex -1.401129 6.144276 0.936744
      vertex -0.653895 6.831616 0.871517
      vertex -0.832414 7.262598 1.186474
    endloop
  endfacet
  facet normal 0.440965 -0.403300 0.801810
    outer loop
      vertex -1.401129 6.144276 0.936744
      vertex -0.832414 7.262598 1.186474
      vertex -1.610990 6.650926 1.306998
    endloop
  endfacet
  facet normal 0.291113 -0.185624 0.938508
    outer loop
      vertex -1.610990 6.650926 1.306998
      vertex -0.832414 7.262598 1.186474
      vertex -1.099586 7.907608 1.396921
    endloop
  endfacet
  facet normal 0.291113 -0.185624 0.938508
    outer loop
      vertex -1.610990 6.650926 1.306998
      vertex -1.099586 7.907608 1.396921
      vertex -1.925070 7.409181 1.554394
    endloop
  endfacet
  facet normal 0.195636 -0.014206 0.980574
    outer loop
      vertex -1.925070 7.409181 1.554394
      vertex -1.099586 7.907608 1.396921
      vertex -1.414737 8.668450 1.470820
    endloop
  endfacet
  facet normal 0.195636 -0.014206 0.980574
    outer loop
      vertex -1.925070 7.409181 1.554394
      vertex -1.414737 8.668450 1.470820
      vertex -2.295552 8.303604 1.641268
    endloop
  endfacet
  facet normal 0.128290 0.148381 0.980574
    outer loop
      vertex -2.295552 8.303604 1.641268
      vertex -1.414737 8.668450 1.470820
      vertex -1.729888 9.429292 1.396921
    endloop
  endfacet
  facet normal 0.128290 0.148381 0.980574
    outer loop
      vertex -2.295552 8.303604 1.641268
      vertex -1.729888 9.429292 1.396921
      vertex -2.666034 9.198027 1.554394
    endloop
  endfacet
  facet normal 0.074592 0.337104 0.938508
    outer loop
      vertex -2.666034 9.198027 1.554394
      vertex -1.729888 9.429292 1.396921
      vertex -1.997060 10.074302 1.186474
    endloop
  endfacet
  facet normal 0.074592 0.337104 0.938508
    outer loop
      vertex -2.666034 9.198027 1.554394
      vertex -1.997060 10.074302 1.186474
      vertex -2.980114 9.956283 1.306998
    endloop
  endfacet
  facet normal 0.026633 0.596985 0.801810
    outer loop
      vertex -2.980114 9.956283 1.306998
      vertex -1.997060 10.074302 1.186474
      vertex -2.175579 10.505284 0.871517
    endloop
  endfacet
  facet normal 0.026633 0.596985 0.801810
    outer loop
      vertex -2.980114 9.956283 1.306998
      vertex -2.175579 10.505284 0.871517
      vertex -3.189975 10.462933 0.936744
    endloop
  endfacet
  facet normal -0.014238 0.925172 0.379280
    outer loop
      vertex -3.189975 10.462933 0.936744
      vertex -2.175579 10.505284 0.871517
      vertex -2.238266 10.656625 0.500000
    endloop
  endfacet
  facet normal -0.014238 0.925172 0.379280
    outer loop
      vertex -3.189975 10.462933 0.936744
      vertex -2.238266 10.656625 0.500000
      vertex -3.263669 10.640844 0.500000
    endloop
  endfacet
  facet normal 0.820976 -0.466854 0.328703
    outer loop
      vertex -0.591208 6.680275 0.500000
      vertex -0.117389 7.513499 0.500000
      vertex -0.162934 7.623455 0.769923
    endloop
  endfacet
  facet normal 0.820976 -0.466854 0.328703
    outer loop
      vertex -0.591208 6.680275 0.500000
      vertex -0.162934 7.623455 0.769923
      vertex -0.653895 6.831616 0.871517
    endloop
  endfacet
  facet normal 0.612440 -0.285132 0.737304
    outer loop
      vertex -0.653895 6.831616 0.871517
      vertex -0.162934 7.623455 0.769923
      vertex -0.292636 7.936582 0.998752
    endloop
  endfacet
  facet normal 0.612440 -0.285132 0.737304
    outer loop
      vertex -0.653895 6.831616 0.871517
      vertex -0.292636 7.936582 0.998752
      vertex -0.832414 7.262598 1.186474
    endloop
  endfacet
  facet normal 0.443038 -0.106902 0.890106
    outer loop
      vertex -0.832414 7.262598 1.186474
      vertex -0.292636 7.936582 0.998752
      vertex -0.486748 8.405209 1.151651
    endloop
  endfacet
  facet normal 0.443038 -0.106902 0.890106
    outer loop
      vertex -0.832414 7.262598 1.186474
      vertex -0.486748 8.405209 1.151651
      vertex -1.099586 7.907608 1.396921
    endloop
  endfacet
  facet normal 0.337082 0.048301 0.940235
    outer loop
      vertex -1.099586 7.907608 1.396921
      vertex -0.486748 8.405209 1.151651
      vertex -0.715718 8.957993 1.205342
    endloop
  endfacet
  facet normal 0.337082 0.048301 0.940235
    outer loop
      vertex -1.099586 7.907608 1.396921
      vertex -0.715718 8.957993 1.205342
      vertex -1.414737 8.668450 1.470820
    endloop
  endfacet
  facet normal 0.272507 0.204200 0.940235
    outer loop
      vertex -1.414737 8.668450 1.470820
      vertex -0.715718 8.957993 1.205342
      vertex -0.944689 9.510777 1.151651
    endloop
  endfacet
  facet normal 0.272507 0.204200 0.940235
    outer loop
      vertex -1.414737 8.668450 1.470820
      vertex -0.944689 9.510777 1.151651
      vertex -1.729888 9.429292 1.396921
    endloop
  endfacet
  facet normal 0.237684 0.388867 0.890106
    outer loop
      vertex -1.729888 9.429292 1.396921
      vertex -0.944689 9.510777 1.151651
      vertex -1.138801 9.979404 0.998752
    endloop
  endfacet
  facet normal 0.237684 0.388867 0.890106
    outer loop
      vertex -1.729888 9.429292 1.396921
      vertex -1.138801 9.979404 0.998752
      vertex -1.997060 10.074302 1.186474
    endloop
  endfacet
  facet normal 0.231442 0.634679 0.737304
    outer loop
      vertex -1.997060 10.074302 1.186474
      vertex -1.138801 9.979404 0.998752
      vertex -1.268502 10.292531 0.769923
    endloop
  endfacet
  facet normal 0.231442 0.634679 0.737304
    outer loop
      vertex -1.997060 10.074302 1.186474
      vertex -1.268502 10.292531 0.769923
      vertex -2.175579 10.505284 0.871517
    endloop
  endfacet
  facet normal 0.250402 0.910633 0.328703
    outer loop
      vertex -2.175579 10.505284 0.871517
      vertex -1.268502 10.292531 0.769923
      vertex -1.314047 10.402487 0.500000
    endloop
  endfacet
  facet normal 0.250402 0.910633 0.328703
    outer loop
      vertex -2.175579 10.505284 0.871517
      vertex -1.314047 10.402487 0.500000
      vertex -2.238266 10.656625 0.500000
    endloop
  endfacet
  facet normal 0.955037 -0.180956 0.234861
    outer loop
      vertex -0.117389 7.513499 0.500000
      vertex 0.047640 8.384476 0.500000
      vertex 0.023695 8.442283 0.641907
    endloop
  endfacet
  facet normal 0.955037 -0.180956 0.234861
    outer loop
      vertex -0.117389 7.513499 0.500000
      vertex 0.023695 8.442283 0.641907
      vertex -0.162934 7.623455 0.769923
    endloop
  endfacet
  facet normal 0.806580 -0.092561 0.583832
    outer loop
      vertex -0.162934 7.623455 0.769923
      vertex 0.023695 8.442283 0.641907
      vertex -0.044493 8.606904 0.762210
    endloop
  endfacet
  facet normal 0.806580 -0.092561 0.583832
    outer loop
      vertex -0.162934 7.623455 0.769923
      vertex -0.044493 8.606904 0.762210
      vertex -0.292636 7.936582 0.998752
    endloop
  endfacet
  facet normal 0.654370 0.024461 0.755779
    outer loop
      vertex -0.292636 7.936582 0.998752
      vertex -0.044493 8.606904 0.762210
      vertex -0.146544 8.853276 0.842593
    endloop
  endfacet
  facet normal 0.654370 0.024461 0.755779
    outer loop
      vertex -0.292636 7.936582 0.998752
      vertex -0.146544 8.853276 0.842593
      vertex -0.486748 8.405209 1.151651
    endloop
  endfacet
  facet normal 0.550771 0.148359 0.821365
    outer loop
      vertex -0.486748 8.405209 1.151651
      vertex -0.146544 8.853276 0.842593
      vertex -0.266921 9.143891 0.870820
    endloop
  endfacet
  facet normal 0.550771 0.148359 0.821365
    outer loop
      vertex -0.486748 8.405209 1.151651
      vertex -0.266921 9.143891 0.870820
      vertex -0.715718 8.957993 1.205342
    endloop
  endfacet
  facet normal 0.494360 0.284548 0.821365
    outer loop
      vertex -0.715718 8.957993 1.205342
      vertex -0.266921 9.143891 0.870820
      vertex -0.387297 9.434507 0.842593
    endloop
  endfacet
  facet normal 0.494360 0.284548 0.821365
    outer loop
      vertex -0.715718 8.957993 1.205342
      vertex -0.387297 9.434507 0.842593
      vertex -0.944689 9.510777 1.151651
    endloop
  endfacet
  facet normal 0.480006 0.445413 0.755779
    outer loop
      vertex -0.944689 9.510777 1.151651
      vertex -0.387297 9.434507 0.842593
      vertex -0.489348 9.680879 0.762210
    endloop
  endfacet
  facet normal 0.480006 0.445413 0.755779
    outer loop
      vertex -0.944689 9.510777 1.151651
      vertex -0.489348 9.680879 0.762210
      vertex -1.138801 9.979404 0.998752
    endloop
  endfacet
  facet normal 0.504888 0.635789 0.583832
    outer loop
      vertex -1.138801 9.979404 0.998752
      vertex -0.489348 9.680879 0.762210
      vertex -0.557536 9.845499 0.641907
    endloop
  endfacet
  facet normal 0.504888 0.635789 0.583832
    outer loop
      vertex -1.138801 9.979404 0.998752
      vertex -0.557536 9.845499 0.641907
      vertex -1.268502 10.292531 0.769923
    endloop
  endfacet
  facet normal 0.547357 0.803268 0.234861
    outer loop
      vertex -1.268502 10.292531 0.769923
      vertex -0.557536 9.845499 0.641907
      vertex -0.581481 9.903307 0.500000
    endloop
  endfacet
  facet normal 0.547357 0.803268 0.234861
    outer loop
      vertex -1.268502 10.292531 0.769923
      vertex -0.581481 9.903307 0.500000
      vertex -1.314047 10.402487 0.500000
    endloop
  endfacet
  facet normal 0.000000 0.000000 1.000000
    outer loop
      vertex 0.047640 8.384476 0.500000
      vertex -0.112275 9.207947 0.500000
      vertex -0.112275 9.207947 0.500000
    endloop
  endfacet
  facet normal 0.977883 0.189901 0.087644
    outer loop
      vertex 0.047640 8.384476 0.500000
      vertex -0.112275 9.207947 0.500000
      vertex 0.023695 8.442283 0.641907
    endloop
  endfacet
  facet normal 0.000000 0.000000 1.000000
    outer loop
      vertex 0.023695 8.442283 0.641907
      vertex -0.112275 9.207947 0.500000
      vertex -0.112275 9.207947 0.500000
    endloop
  endfacet
  facet normal 0.945948 0.213270 0.244331
    outer loop
      vertex 0.023695 8.442283 0.641907
      vertex -0.112275 9.207947 0.500000
      vertex -0.044493 8.606904 0.762210
    endloop
  endfacet
  facet normal 0.000000 0.000000 1.000000
    outer loop
      vertex -0.044493 8.606904 0.762210
      vertex -0.112275 9.207947 0.500000
      vertex -0.112275 9.207947 0.500000
    endloop
  endfacet
  facet normal 0.898885 0.256392 0.355344
    outer loop
      vertex -0.044493 8.606904 0.762210
      vertex -0.112275 9.207947 0.500000
      vertex -0.146544 8.853276 0.842593
    endloop
  endfacet
  facet normal 0.000000 0.000000 1.000000
    outer loop
      vertex -0.146544 8.853276 0.842593
      vertex -0.112275 9.207947 0.500000
      vertex -0.112275 9.207947 0.500000
    endloop
  endfacet
  facet normal 0.855611 0.314472 0.411142
    outer loop
      vertex -0.146544 8.853276 0.842593
      vertex -0.112275 9.207947 0.500000
      vertex -0.266921 9.143891 0.870820
    endloop
  endfacet
  facet normal 0.000000 0.000000 1.000000
    outer loop
      vertex -0.266921 9.143891 0.870820
      vertex -0.112275 9.207947 0.500000
      vertex -0.112275 9.207947 0.500000
    endloop
  endfacet
  facet normal 0.827373 0.382643 0.411142
    outer loop
      vertex -0.266921 9.143891 0.870820
      vertex -0.112275 9.207947 0.500000
      vertex -0.387297 9.434507 0.842593
    endloop
  endfacet
  facet normal 0.000000 0.000000 1.000000
    outer loop
      vertex -0.387297 9.434507 0.842593
      vertex -0.112275 9.207947 0.500000
      vertex -0.112275 9.207947 0.500000
    endloop
  endfacet
  facet normal 0.816904 0.454311 0.355344
    outer loop
      vertex -0.387297 9.434507 0.842593
      vertex -0.112275 9.207947 0.500000
      vertex -0.489348 9.680879 0.762210
    endloop
  endfacet
  facet normal 0.000000 0.000000 1.000000
    outer loop
      vertex -0.489348 9.680879 0.762210
      vertex -0.112275 9.207947 0.500000
      vertex -0.112275 9.207947 0.500000
    endloop
  endfacet
  facet normal 0.819691 0.518082 0.244331
    outer loop
      vertex -0.489348 9.680879 0.762210
      vertex -0.112275 9.207947 0.500000
      vertex -0.557536 9.845499 0.641907
    endloop
  endfacet
  facet normal 0.000000 0.000000 1.000000
    outer loop
      vertex -0.557536 9.845499 0.641907
      vertex -0.112275 9.207947 0.500000
      vertex -0.112275 9.207947 0.500000
    endloop
  endfacet
  facet normal 0.825748 0.557188 0.087644
    outer loop
      vertex -0.557536 9.845499 0.641907
      vertex -0.112275 9.207947 0.500000
      vertex -0.581481 9.903307 0.500000
    endloop
  endfacet
  facet normal -0.189901 -0.977883 0.087644
    outer loop
      vertex -9.207947 0.112275 0.500000
      vertex -8.384476 -0.047640 0.500000
      vertex -8.442283 -0.023695 0.641907
    endloop
  endfacet
  facet normal 0.000000 0.000000 1.000000
    outer loop
      vertex -9.207947 0.112275 0.500000
      vertex -8.442283 -0.023695 0.641907
      vertex -9.207947 0.112275 0.500000
    endloop
  endfacet
  facet normal -0.213270 -0.945948 0.244331
    outer loop
      vertex -9.207947 0.112275 0.500000
      vertex -8.442283 -0.023695 0.641907
      vertex -8.606904 0.044493 0.762210
    endloop
  endfacet
  facet normal 0.000000 0.000000 1.000000
    outer loop
      vertex -9.207947 0.112275 0.500000
      vertex -8.606904 0.044493 0.762210
      vertex -9.207947 0.112275 0.500000
    endloop
  endfacet
  facet normal -0.256392 -0.898885 0.355344
    outer loop
      vertex -9.207947 0.112275 0.500000
      vertex -8.606904 0.044493 0.762210
      vertex -8.853276 0.146544 0.842593
    endloop
  endfacet
  facet normal 0.000000 0.000000 1.000000
    outer loop
      vertex -9.207947 0.112275 0.500000
      vertex -8.853276 0.146544 0.842593
      vertex -9.207947 0.112275 0.500000
    endloop
  endfacet
  facet normal -0.314472 -0.855611 0.411142
    outer loop
      vertex -9.207947 0.112275 0.500000
      vertex -8.853276 0.146544 0.842593
      vertex -9.143891 0.266921 0.870820
    endloop
  endfacet
  facet normal 0.000000 0.000000 1.000000
    outer loop
      vertex -9.207947 0.112275 0.500000
      vertex -9.143891 0.266921 0.870820
      vertex -9.207947 0.112275 0.500000
    endloop
  endfacet
  facet normal -0.382643 -0.827373 0.411142
    outer loop
      vertex -9.207947 0.112275 0.500000
      vertex -9.143891 0.266921 0.870820
      vertex -9.434507 0.387297 0.842593
    endloop
  endfacet
  facet normal 0.000000 0.000000 1.000000
    outer loop
      vertex -9.207947 0.112275 0.500000
      vertex -9.434507 0.387297 0.842593
      vertex -9.207947 0.112275 0.500000
    endloop
  endfacet
  facet normal -0.454311 -0.816904 0.355344
    outer loop
      vertex -9.207947 0.112275 0.500000
      vertex -9.434507 0.387297 0.842593
      vertex -9.680879 0.489348 0.762210
    endloop
  endfacet
  facet normal 0.000000 0.000000 1.000000
    outer loop
      vertex -9.207947 0.112275 0.500000
      vertex -9.680879 0.489348 0.762210
      vertex -9.207947 0.112275 0.500000
    endloop
  endfacet
  facet normal -0.518082 -0.819691 0.244331
    outer loop
      vertex -9.207947 0.112275 0.500000
      vertex -9.680879 0.489348 0.762210
      vertex -9.845499 0.557536 0.641907
    endloop
  endfacet
  facet normal 0.000000 0.000000 1.000000
    outer loop
      vertex -9.207947 0.112275 0.500000
      vertex -9.845499 0.557536 0.641907
      vertex -9.207947 0.112275 0.500000
    endloop
  endfacet
  facet normal -0.557188 -0.825748 0.087644
    outer loop
      vertex -9.207947 0.112275 0.500000
      vertex -9.845499 0.557536 0.641907
      vertex -9.903307 0.581481 0.500000
    endloop
  endfacet
  facet normal 0.000000 0.000000 1.000000
    outer loop
      vertex -9.207947 0.112275 0.500000
      vertex -9.903307 0.581481 0.500000
      vertex -9.207947 0.112275 0.500000
    endloop
  endfacet
  facet normal 0.180956 -0.955037 0.234861
    outer loop
      vertex -8.384476 -0.047640 0.500000
      vertex -7.513499 0.117389 0.500000
      vertex -7.623455 0.162934 0.769923
    endloop
  endfacet
  facet normal 0.180956 -0.955037 0.234861
    outer loop
      vertex -8.384476 -0.047640 0.500000
      vertex -7.623455 0.162934 0.769923
      vertex -8.442283 -0.023695 0.641907
    endloop
  endfacet
  facet normal 0.092561 -0.806580 0.583832
    outer loop
      vertex -8.442283 -0.023695 0.641907
      vertex -7.623455 0.162934 0.769923
      vertex -7.936582 0.292636 0.998752
    endloop
  endfacet
  facet normal 0.092561 -0.806580 0.583832
    outer loop
      vertex -8.442283 -0.023695 0.641907
      vertex -7.936582 0.292636 0.998752
      vertex -8.606904 0.044493 0.762210
    endloop
  endfacet
  facet normal -0.024461 -0.654370 0.755779
    outer loop
      vertex -8.606904 0.044493 0.762210
      vertex -7.936582 0.292636 0.998752
      vertex -8.405209 0.486748 1.151651
    endloop
  endfacet
  facet normal -0.024461 -0.654370 0.755779
    outer loop
      vertex -8.606904 0.044493 0.762210
      vertex -8.405209 0.486748 1.151651
      vertex -8.853276 0.146544 0.842593
    endloop
  endfacet
  facet normal -0.148359 -0.550771 0.821365
    outer loop
      vertex -8.853276 0.146544 0.842593
      vertex -8.405209 0.486748 1.151651
      vertex -8.957993 0.715718 1.205342
    endloop
  endfacet
  facet normal -0.148359 -0.550771 0.821365
    outer loop
      vertex -8.853276 0.146544 0.842593
      vertex -8.957993 0.715718 1.205342
      vertex -9.143891 0.266921 0.870820
    endloop
  endfacet
  facet normal -0.284548 -0.494360 0.821365
    outer loop
      vertex -9.143891 0.266921 0.870820
      vertex -8.957993 0.715718 1.205342
      vertex -9.510777 0.944689 1.151651
    endloop
  endfacet
  facet normal -0.284548 -0.494360 0.821365
    outer loop
      vertex -9.143891 0.266921 0.870820
      vertex -9.510777 0.944689 1.151651
      vertex -9.434507 0.387297 0.842593
    endloop
  endfacet
  facet normal -0.445413 -0.480006 0.755779
    outer loop
      vertex -9.434507 0.387297 0.842593
      vertex -9.510777 0.944689 1.151651
      vertex -9.979404 1.138801 0.998752
    endloop
  endfacet
  facet normal -0.445413 -0.480006 0.755779
    outer loop
      vertex -9.434507 0.387297 0.842593
      vertex -9.979404 1.138801 0.998752
      vertex -9.680879 0.489348 0.762210
    endloop
  endfacet
  facet normal -0.635789 -0.504888 0.583832
    outer loop
      vertex -9.680879 0.489348 0.762210
      vertex -9.979404 1.138801 0.998752
      vertex -10.292531 1.268502 0.769923
    endloop
  endfacet
  facet normal -0.635789 -0.504888 0.583832
    outer loop
      vertex -9.680879 0.489348 0.762210
      vertex -10.292531 1.268502 0.769923
      vertex -9.845499 0.557536 0.641907
    endloop
  endfacet
  facet normal -0.803268 -0.547357 0.234861
    outer loop
      vertex -9.845499 0.557536 0.641907
      vertex -10.292531 1.268502 0.769923
      vertex -10.402487 1.314047 0.500000
    endloop
  endfacet
  facet normal -0.803268 -0.547357 0.234861
    outer loop
      vertex -9.845499 0.557536 0.641907
      vertex -10.402487 1.314047 0.500000
      vertex -9.903307 0.581481 0.500000
    endloop
  endfacet
  facet normal 0.466854 -0.820976 0.328703
    outer loop
      vertex -7.513499 0.117389 0.500000
      vertex -6.680275 0.591208 0.500000
      vertex -6.831616 0.653895 0.871517
    endloop
  endfacet
  facet normal 0.466854 -0.820976 0.328703
    outer loop
      vertex -7.513499 0.117389 0.500000
      vertex -6.831616 0.653895 0.871517
      vertex -7.623455 0.162934 0.769923
    endloop
  endfacet
  facet normal 0.285132 -0.612440 0.737304
    outer loop
      vertex -7.623455 0.162934 0.769923
      vertex -6.831616 0.653895 0.871517
      vertex -7.262598 0.832414 1.186474
    endloop
  endfacet
  facet normal 0.285132 -0.612440 0.737304
    outer loop
      vertex -7.623455 0.162934 0.769923
      vertex -7.262598 0.832414 1.186474
      vertex -7.936582 0.292636 0.998752
    endloop
  endfacet
  facet normal 0.106902 -0.443038 0.890106
    outer loop
      vertex -7.936582 0.292636 0.998752
      vertex -7.262598 0.832414 1.186474
      vertex -7.907608 1.099586 1.396921
    endloop
  endfacet
  facet normal 0.106902 -0.443038 0.890106
    outer loop
      vertex -7.936582 0.292636 0.998752
      vertex -7.907608 1.099586 1.396921
      vertex -8.405209 0.486748 1.151651
    endloop
  endfacet
  facet normal -0.048301 -0.337082 0.940235
    outer loop
      vertex -8.405209 0.486748 1.151651
      vertex -7.907608 1.099586 1.396921
      vertex -8.668450 1.414737 1.470820
    endloop
  endfacet
  facet normal -0.048301 -0.337082 0.940235
    outer loop
      vertex -8.405209 0.486748 1.151651
      vertex -8.668450 1.414737 1.470820
      vertex -8.957993 0.715718 1.205342
    endloop
  endfacet
  facet normal -0.204200 -0.272507 0.940235
    outer loop
      vertex -8.957993 0.715718 1.205342
      vertex -8.668450 1.414737 1.470820
      vertex -9.429292 1.729888 1.396921
    endloop
  endfacet
  facet normal -0.204200 -0.272507 0.940235
    outer loop
      vertex -8.957993 0.715718 1.205342
      vertex -9.429292 1.729888 1.396921
      vertex -9.510777 0.944689 1.151651
    endloop
  endfacet
  facet normal -0.388867 -0.237684 0.890106
    outer loop
      vertex -9.510777 0.944689 1.151651
      vertex -9.429292 1.729888 1.396921
      vertex -10.074302 1.997060 1.186474
    endloop
  endfacet
  facet normal -0.388867 -0.237684 0.890106
    outer loop
      vertex -9.510777 0.944689 1.151651
      vertex -10.074302 1.997060 1.186474
      vertex -9.979404 1.138801 0.998752
    endloop
  endfacet
  facet normal -0.634679 -0.231442 0.737304
    outer loop
      vertex -9.979404 1.138801 0.998752
      vertex -10.074302 1.997060 1.186474
      vertex -10.505284 2.175579 0.871517
    endloop
  endfacet
  facet normal -0.634679 -0.231442 0.737304
    outer loop
      vertex -9.979404 1.138801 0.998752
      vertex -10.505284 2.175579 0.871517
      vertex -10.292531 1.268502 0.769923
    endloop
  endfacet
  facet normal -0.910633 -0.250402 0.328703
    outer loop
      vertex -10.292531 1.268502 0.769923
      vertex -10.505284 2.175579 0.871517
      vertex -10.656625 2.238266 0.500000
    endloop
  endfacet
  facet normal -0.910633 -0.250402 0.328703
    outer loop
      vertex -10.292531 1.268502 0.769923
      vertex -10.656625 2.238266 0.500000
      vertex -10.402487 1.314047 0.500000
    endloop
  endfacet
  facet normal 0.664264 -0.644128 0.379280
    outer loop
      vertex -6.680275 0.591208 0.500000
      vertex -5.966364 1.327436 0.500000
      vertex -6.144276 1.401129 0.936744
    endloop
  endfacet
  facet normal 0.664264 -0.644128 0.379280
    outer loop
      vertex -6.680275 0.591208 0.500000
      vertex -6.144276 1.401129 0.936744
      vertex -6.831616 0.653895 0.871517
    endloop
  endfacet
  facet normal 0.403300 -0.440965 0.801810
    outer loop
      vertex -6.831616 0.653895 0.871517
      vertex -6.144276 1.401129 0.936744
      vertex -6.650926 1.610990 1.306998
    endloop
  endfacet
  facet normal 0.403300 -0.440965 0.801810
    outer loop
      vertex -6.831616 0.653895 0.871517
      vertex -6.650926 1.610990 1.306998
      vertex -7.262598 0.832414 1.186474
    endloop
  endfacet
  facet normal 0.185624 -0.291113 0.938508
    outer loop
      vertex -7.262598 0.832414 1.186474
      vertex -6.650926 1.610990 1.306998
      vertex -7.409181 1.925070 1.554394
    endloop
  endfacet
  facet normal 0.185624 -0.291113 0.938508
    outer loop
      vertex -7.262598 0.832414 1.186474
      vertex -7.409181 1.925070 1.554394
      vertex -7.907608 1.099586 1.396921
    endloop
  endfacet
  facet normal 0.014206 -0.195636 0.980574
    outer loop
      vertex -7.907608 1.099586 1.396921
      vertex -7.409181 1.925070 1.554394
      vertex -8.303604 2.295552 1.641268
    endloop
  endfacet
  facet normal 0.014206 -0.195636 0.980574
    outer loop
      vertex -7.907608 1.099586 1.396921
      vertex -8.303604 2.295552 1.641268
      vertex -8.668450 1.414737 1.470820
    endloop
  endfacet
  facet normal -0.148381 -0.128290 0.980574
    outer loop
      vertex -8.668450 1.414737 1.470820
      vertex -8.303604 2.295552 1.641268
      vertex -9.198027 2.666034 1.554394
    endloop
  endfacet
  facet normal -0.148381 -0.128290 0.980574
    outer loop
      vertex -8.668450 1.414737 1.470820
      vertex -9.198027 2.666034 1.554394
      vertex -9.429292 1.729888 1.396921
    endloop
  endfacet
  facet normal -0.337104 -0.074592 0.938508
    outer loop
      vertex -9.429292 1.729888 1.396921
      vertex -9.198027 2.666034 1.554394
      vertex -9.956283 2.980114 1.306998
    endloop
  endfacet
  facet normal -0.337104 -0.074592 0.938508
    outer loop
      vertex -9.429292 1.729888 1.396921
      vertex -9.956283 2.980114 1.306998
      vertex -10.074302 1.997060 1.186474
    endloop
  endfacet
  facet normal -0.596985 -0.026633 0.801810
    outer loop
      vertex -10.074302 1.997060 1.186474
      vertex -9.956283 2.980114 1.306998
      vertex -10.462933 3.189975 0.936744
    endloop
  endfacet
  facet normal -0.596985 -0.026633 0.801810
    outer loop
      vertex -10.074302 1.997060 1.186474
      vertex -10.462933 3.189975 0.936744
      vertex -10.505284 2.175579 0.871517
    endloop
  endfacet
  facet normal -0.925172 0.014238 0.379280
    outer loop
      vertex -10.505284 2.175579 0.871517
      vertex -10.462933 3.189975 0.936744
      vertex -10.640844 3.263669 0.500000
    endloop
  endfacet
  facet normal -0.925172 0.014238 0.379280
    outer loop
      vertex -10.505284 2.175579 0.871517
      vertex -10.640844 3.263669 0.500000
      vertex -10.656625 2.238266 0.500000
    endloop
  endfacet
  facet normal 0.797170 -0.451435 0.400907
    outer loop
      vertex -5.966364 1.327436 0.500000
      vertex -5.441650 2.254005 0.500000
      vertex -5.628718 2.331491 0.959220
    endloop
  endfacet
  facet normal 0.797170 -0.451435 0.400907
    outer loop
      vertex -5.966364 1.327436 0.500000
      vertex -5.628718 2.331491 0.959220
      vertex -6.144276 1.401129 0.936744
    endloop
  endfacet
  facet normal 0.484256 -0.288305 0.826061
    outer loop
      vertex -6.144276 1.401129 0.936744
      vertex -5.628718 2.331491 0.959220
      vertex -6.161441 2.552153 1.348528
    endloop
  endfacet
  facet normal 0.484256 -0.288305 0.826061
    outer loop
      vertex -6.144276 1.401129 0.936744
      vertex -6.161441 2.552153 1.348528
      vertex -6.650926 1.610990 1.306998
    endloop
  endfacet
  facet normal 0.242143 -0.168101 0.955567
    outer loop
      vertex -6.650926 1.610990 1.306998
      vertex -6.161441 2.552153 1.348528
      vertex -6.958718 2.882395 1.608655
    endloop
  endfacet
  facet normal 0.242143 -0.168101 0.955567
    outer loop
      vertex -6.650926 1.610990 1.306998
      vertex -6.958718 2.882395 1.608655
      vertex -7.409181 1.925070 1.554394
    endloop
  endfacet
  facet normal 0.061297 -0.085210 0.994476
    outer loop
      vertex -7.409181 1.925070 1.554394
      vertex -6.958718 2.882395 1.608655
      vertex -7.899170 3.271943 1.700000
    endloop
  endfacet
  facet normal 0.061297 -0.085210 0.994476
    outer loop
      vertex -7.409181 1.925070 1.554394
      vertex -7.899170 3.271943 1.700000
      vertex -8.303604 2.295552 1.641268
    endloop
  endfacet
  facet normal -0.103596 -0.016909 0.994476
    outer loop
      vertex -8.303604 2.295552 1.641268
      vertex -7.899170 3.271943 1.700000
      vertex -8.839622 3.661491 1.608655
    endloop
  endfacet
  facet normal -0.103596 -0.016909 0.994476
    outer loop
      vertex -8.303604 2.295552 1.641268
      vertex -8.839622 3.661491 1.608655
      vertex -9.198027 2.666034 1.554394
    endloop
  endfacet
  facet normal -0.290086 0.052356 0.955567
    outer loop
      vertex -9.198027 2.666034 1.554394
      vertex -8.839622 3.661491 1.608655
      vertex -9.636899 3.991734 1.348528
    endloop
  endfacet
  facet normal -0.290086 0.052356 0.955567
    outer loop
      vertex -9.198027 2.666034 1.554394
      vertex -9.636899 3.991734 1.348528
      vertex -9.956283 2.980114 1.306998
    endloop
  endfacet
  facet normal -0.546283 0.138558 0.826061
    outer loop
      vertex -9.956283 2.980114 1.306998
      vertex -9.636899 3.991734 1.348528
      vertex -10.169622 4.212395 0.959220
    endloop
  endfacet
  facet normal -0.546283 0.138558 0.826061
    outer loop
      vertex -9.956283 2.980114 1.306998
      vertex -10.169622 4.212395 0.959220
      vertex -10.462933 3.189975 0.936744
    endloop
  endfacet
  facet normal -0.882897 0.244471 0.400907
    outer loop
      vertex -10.462933 3.189975 0.936744
      vertex -10.169622 4.212395 0.959220
      vertex -10.356690 4.289881 0.500000
    endloop
  endfacet
  facet normal -0.882897 0.244471 0.400907
    outer loop
      vertex -10.462933 3.189975 0.936744
      vertex -10.356690 4.289881 0.500000
      vertex -10.640844 3.263669 0.500000
    endloop
  endfacet
  facet normal 0.882897 -0.244471 0.400907
    outer loop
      vertex -5.441650 2.254005 0.500000
      vertex -5.157496 3.280218 0.500000
      vertex -5.335407 3.353911 0.936744
    endloop
  endfacet
  facet normal 0.882897 -0.244471 0.400907
    outer loop
      vertex -5.441650 2.254005 0.500000
      vertex -5.335407 3.353911 0.936744
      vertex -5.628718 2.331491 0.959220
    endloop
  endfacet
  facet normal 0.546283 -0.138558 0.826061
    outer loop
      vertex -5.628718 2.331491 0.959220
      vertex -5.335407 3.353911 0.936744
      vertex -5.842057 3.563773 1.306998
    endloop
  endfacet
  facet normal 0.546283 -0.138558 0.826061
    outer loop
      vertex -5.628718 2.331491 0.959220
      vertex -5.842057 3.563773 1.306998
      vertex -6.161441 2.552153 1.348528
    endloop
  endfacet
  facet normal 0.290086 -0.052356 0.955567
    outer loop
      vertex -6.161441 2.552153 1.348528
      vertex -5.842057 3.563773 1.306998
      vertex -6.600313 3.877852 1.554394
    endloop
  endfacet
  facet normal 0.290086 -0.052356 0.955567
    outer loop
      vertex -6.161441 2.552153 1.348528
      vertex -6.600313 3.877852 1.554394
      vertex -6.958718 2.882395 1.608655
    endloop
  endfacet
  facet normal 0.103596 0.016909 0.994476
    outer loop
      vertex -6.958718 2.882395 1.608655
      vertex -6.600313 3.877852 1.554394
      vertex -7.494736 4.248334 1.641268
    endloop
  endfacet
  facet normal 0.103596 0.016909 0.994476
    outer loop
      vertex -6.958718 2.882395 1.608655
      vertex -7.494736 4.248334 1.641268
      vertex -7.899170 3.271943 1.700000
    endloop
  endfacet
  facet normal -0.061297 0.085210 0.994476
    outer loop
      vertex -7.899170 3.271943 1.700000
      vertex -7.494736 4.248334 1.641268
      vertex -8.389159 4.618817 1.554394
    endloop
  endfacet
  facet normal -0.061297 0.085210 0.994476
    outer loop
      vertex -7.899170 3.271943 1.700000
      vertex -8.389159 4.618817 1.554394
      vertex -8.839622 3.661491 1.608655
    endloop
  endfacet
  facet normal -0.242143 0.168101 0.955567
    outer loop
      vertex -8.839622 3.661491 1.608655
      vertex -8.389159 4.618817 1.554394
      vertex -9.147414 4.932896 1.306998
    endloop
  endfacet
  facet normal -0.242143 0.168101 0.955567
    outer loop
      vertex -8.839622 3.661491 1.608655
      vertex -9.147414 4.932896 1.306998
      vertex -9.636899 3.991734 1.348528
    endloop
  endfacet
  facet normal -0.484256 0.288305 0.826061
    outer loop
      vertex -9.636899 3.991734 1.348528
      vertex -9.147414 4.932896 1.306998
      vertex -9.654064 5.142757 0.936744
    endloop
  endfacet
  facet normal -0.484256 0.288305 0.826061
    outer loop
      vertex -9.636899 3.991734 1.348528
      vertex -9.654064 5.142757 0.936744
      vertex -10.169622 4.212395 0.959220
    endloop
  endfacet
  facet normal -0.797170 0.451435 0.400907
    outer loop
      vertex -10.169622 4.212395 0.959220
      vertex -9.654064 5.142757 0.936744
      vertex -9.831976 5.216451 0.500000
    endloop
  endfacet
  facet normal -0.797170 0.451435 0.400907
    outer loop
      vertex -10.169622 4.212395 0.959220
      vertex -9.831976 5.216451 0.500000
      vertex -10.356690 4.289881 0.500000
    endloop
  endfacet
  facet normal 0.925172 -0.014238 0.379280
    outer loop
      vertex -5.157496 3.280218 0.500000
      vertex -5.141715 4.305621 0.500000
      vertex -5.293056 4.368308 0.871517
    endloop
  endfacet
  facet normal 0.925172 -0.014238 0.379280
    outer loop
      vertex -5.157496 3.280218 0.500000
      vertex -5.293056 4.368308 0.871517
      vertex -5.335407 3.353911 0.936744
    endloop
  endfacet
  facet normal 0.596985 0.026633 0.801810
    outer loop
      vertex -5.335407 3.353911 0.936744
      vertex -5.293056 4.368308 0.871517
      vertex -5.724038 4.546827 1.186474
    endloop
  endfacet
  facet normal 0.596985 0.026633 0.801810
    outer loop
      vertex -5.335407 3.353911 0.936744
      vertex -5.724038 4.546827 1.186474
      vertex -5.842057 3.563773 1.306998
    endloop
  endfacet
  facet normal 0.337104 0.074592 0.938508
    outer loop
      vertex -5.842057 3.563773 1.306998
      vertex -5.724038 4.546827 1.186474
      vertex -6.369048 4.813999 1.396921
    endloop
  endfacet
  facet normal 0.337104 0.074592 0.938508
    outer loop
      vertex -5.842057 3.563773 1.306998
      vertex -6.369048 4.813999 1.396921
      vertex -6.600313 3.877852 1.554394
    endloop
  endfacet
  facet normal 0.148381 0.128290 0.980574
    outer loop
      vertex -6.600313 3.877852 1.554394
      vertex -6.369048 4.813999 1.396921
      vertex -7.129890 5.129150 1.470820
    endloop
  endfacet
  facet normal 0.148381 0.128290 0.980574
    outer loop
      vertex -6.600313 3.877852 1.554394
      vertex -7.129890 5.129150 1.470820
      vertex -7.494736 4.248334 1.641268
    endloop
  endfacet
  facet normal -0.014206 0.195636 0.980574
    outer loop
      vertex -7.494736 4.248334 1.641268
      vertex -7.129890 5.129150 1.470820
      vertex -7.890732 5.444301 1.396921
    endloop
  endfacet
  facet normal -0.014206 0.195636 0.980574
    outer loop
      vertex -7.494736 4.248334 1.641268
      vertex -7.890732 5.444301 1.396921
      vertex -8.389159 4.618817 1.554394
    endloop
  endfacet
  facet normal -0.185624 0.291113 0.938508
    outer loop
      vertex -8.389159 4.618817 1.554394
      vertex -7.890732 5.444301 1.396921
      vertex -8.535742 5.711473 1.186474
    endloop
  endfacet
  facet normal -0.185624 0.291113 0.938508
    outer loop
      vertex -8.389159 4.618817 1.554394
      vertex -8.535742 5.711473 1.186474
      vertex -9.147414 4.932896 1.306998
    endloop
  endfacet
  facet normal -0.403300 0.440965 0.801810
    outer loop
      vertex -9.147414 4.932896 1.306998
      vertex -8.535742 5.711473 1.186474
      vertex -8.966724 5.889991 0.871517
    endloop
  endfacet
  facet normal -0.403300 0.440965 0.801810
    outer loop
      vertex -9.147414 4.932896 1.306998
      vertex -8.966724 5.889991 0.871517
      vertex -9.654064 5.142757 0.936744
    endloop
  endfacet
  facet normal -0.664264 0.644128 0.379280
    outer loop
      vertex -9.654064 5.142757 0.936744
      vertex -8.966724 5.889991 0.871517
      vertex -9.118065 5.952679 0.500000
    endloop
  endfacet
  facet normal -0.664264 0.644128 0.379280
    outer loop
      vertex -9.654064 5.142757 0.936744
      vertex -9.118065 5.952679 0.500000
      vertex -9.831976 5.216451 0.500000
    endloop
  endfacet
  facet normal 0.910633 0.250402 0.328703
    outer loop
      vertex -5.141715 4.305621 0.500000
      vertex -5.395853 5.229840 0.500000
      vertex -5.505809 5.275385 0.769923
    endloop
  endfacet
  facet normal 0.910633 0.250402 0.328703
    outer loop
      vertex -5.141715 4.305621 0.500000
      vertex -5.505809 5.275385 0.769923
      vertex -5.293056 4.368308 0.871517
    endloop
  endfacet
  facet normal 0.634679 0.231442 0.737304
    outer loop
      vertex -5.293056 4.368308 0.871517
      vertex -5.505809 5.275385 0.769923
      vertex -5.818936 5.405086 0.998752
    endloop
  endfacet
  facet normal 0.634679 0.231442 0.737304
    outer loop
      vertex -5.293056 4.368308 0.871517
      vertex -5.818936 5.405086 0.998752
      vertex -5.724038 4.546827 1.186474
    endloop
  endfacet
  facet normal 0.388867 0.237684 0.890106
    outer loop
      vertex -5.724038 4.546827 1.186474
      vertex -5.818936 5.405086 0.998752
      vertex -6.287563 5.599198 1.151651
    endloop
  endfacet
  facet normal 0.388867 0.237684 0.890106
    outer loop
      vertex -5.724038 4.546827 1.186474
      vertex -6.287563 5.599198 1.151651
      vertex -6.369048 4.813999 1.396921
    endloop
  endfacet
  facet normal 0.204200 0.272507 0.940235
    outer loop
      vertex -6.369048 4.813999 1.396921
      vertex -6.287563 5.599198 1.151651
      vertex -6.840347 5.828168 1.205342
    endloop
  endfacet
  facet normal 0.204200 0.272507 0.940235
    outer loop
      vertex -6.369048 4.813999 1.396921
      vertex -6.840347 5.828168 1.205342
      vertex -7.129890 5.129150 1.470820
    endloop
  endfacet
  facet normal 0.048301 0.337082 0.940235
    outer loop
      vertex -7.129890 5.129150 1.470820
      vertex -6.840347 5.828168 1.205342
      vertex -7.393131 6.057139 1.151651
    endloop
  endfacet
  facet normal 0.048301 0.337082 0.940235
    outer loop
      vertex -7.129890 5.129150 1.470820
      vertex -7.393131 6.057139 1.151651
      vertex -7.890732 5.444301 1.396921
    endloop
  endfacet
  facet normal -0.106902 0.443038 0.890106
    outer loop
      vertex -7.890732 5.444301 1.396921
      vertex -7.393131 6.057139 1.151651
      vertex -7.861758 6.251251 0.998752
    endloop
  endfacet
  facet normal -0.106902 0.443038 0.890106
    outer loop
      vertex -7.890732 5.444301 1.396921
      vertex -7.861758 6.251251 0.998752
      vertex -8.535742 5.711473 1.186474
    endloop
  endfacet
  facet normal -0.285132 0.612440 0.737304
    outer loop
      vertex -8.535742 5.711473 1.186474
      vertex -7.861758 6.251251 0.998752
      vertex -8.174885 6.380952 0.769923
    endloop
  endfacet
  facet normal -0.285132 0.612440 0.737304
    outer loop
      vertex -8.535742 5.711473 1.186474
      vertex -8.174885 6.380952 0.769923
      vertex -8.966724 5.889991 0.871517
    endloop
  endfacet
  facet normal -0.466854 0.820976 0.328703
    outer loop
      vertex -8.966724 5.889991 0.871517
      vertex -8.174885 6.380952 0.769923
      vertex -8.284841 6.426497 0.500000
    endloop
  endfacet
  facet normal -0.466854 0.820976 0.328703
    outer loop
      vertex -8.966724 5.889991 0.871517
      vertex -8.284841 6.426497 0.500000
      vertex -9.118065 5.952679 0.500000
    endloop
  endfacet
  facet normal 0.803268 0.547357 0.234861
    outer loop
      vertex -5.395853 5.229840 0.500000
      vertex -5.895033 5.962406 0.500000
      vertex -5.952841 5.986351 0.641907
    endloop
  endfacet
  facet normal 0.803268 0.547357 0.234861
    outer loop
      vertex -5.395853 5.229840 0.500000
      vertex -5.952841 5.986351 0.641907
      vertex -5.505809 5.275385 0.769923
    endloop
  endfacet
  facet normal 0.635789 0.504888 0.583832
    outer loop
      vertex -5.505809 5.275385 0.769923
      vertex -5.952841 5.986351 0.641907
      vertex -6.117461 6.054539 0.762210
    endloop
  endfacet
  facet normal 0.635789 0.504888 0.583832
    outer loop
      vertex -5.505809 5.275385 0.769923
      vertex -6.117461 6.054539 0.762210
      vertex -5.818936 5.405086 0.998752
    endloop
  endfacet
  facet normal 0.445413 0.480006 0.755779
    outer loop
      vertex -5.818936 5.405086 0.998752
      vertex -6.117461 6.054539 0.762210
      vertex -6.363833 6.156589 0.842593
    endloop
  endfacet
  facet normal 0.445413 0.480006 0.755779
    outer loop
      vertex -5.818936 5.405086 0.998752
      vertex -6.363833 6.156589 0.842593
      vertex -6.287563 5.599198 1.151651
    endloop
  endfacet
  facet normal 0.284548 0.494360 0.821365
    outer loop
      vertex -6.287563 5.599198 1.151651
      vertex -6.363833 6.156589 0.842593
      vertex -6.654449 6.276966 0.870820
    endloop
  endfacet
  facet normal 0.284548 0.494360 0.821365
    outer loop
      vertex -6.287563 5.599198 1.151651
      vertex -6.654449 6.276966 0.870820
      vertex -6.840347 5.828168 1.205342
    endloop
  endfacet
  facet normal 0.148359 0.550771 0.821365
    outer loop
      vertex -6.840347 5.828168 1.205342
      vertex -6.654449 6.276966 0.870820
      vertex -6.945064 6.397343 0.842593
    endloop
  endfacet
  facet normal 0.148359 0.550771 0.821365
    outer loop
      vertex -6.840347 5.828168 1.205342
      vertex -6.945064 6.397343 0.842593
      vertex -7.393131 6.057139 1.151651
    endloop
  endfacet
  facet normal 0.024461 0.654370 0.755779
    outer loop
      vertex -7.393131 6.057139 1.151651
      vertex -6.945064 6.397343 0.842593
      vertex -7.191436 6.499394 0.762210
    endloop
  endfacet
  facet normal 0.024461 0.654370 0.755779
    outer loop
      vertex -7.393131 6.057139 1.151651
      vertex -7.191436 6.499394 0.762210
      vertex -7.861758 6.251251 0.998752
    endloop
  endfacet
  facet normal -0.092561 0.806580 0.583832
    outer loop
      vertex -7.861758 6.251251 0.998752
      vertex -7.191436 6.499394 0.762210
      vertex -7.356057 6.567582 0.641907
    endloop
  endfacet
  facet normal -0.092561 0.806580 0.583832
    outer loop
      vertex -7.861758 6.251251 0.998752
      vertex -7.356057 6.567582 0.641907
      vertex -8.174885 6.380952 0.769923
    endloop
  endfacet
  facet normal -0.180956 0.955037 0.234861
    outer loop
      vertex -8.174885 6.380952 0.769923
      vertex -7.356057 6.567582 0.641907
      vertex -7.413864 6.591526 0.500000
    endloop
  endfacet
  facet normal -0.180956 0.955037 0.234861
    outer loop
      vertex -8.174885 6.380952 0.769923
      vertex -7.413864 6.591526 0.500000
      vertex -8.284841 6.426497 0.500000
    endloop
  endfacet
  facet normal 0.000000 0.000000 1.000000
    outer loop
      vertex -5.895033 5.962406 0.500000
      vertex -6.590393 6.431611 0.500000
      vertex -6.590393 6.431611 0.500000
    endloop
  endfacet
  facet normal 0.557188 0.825748 0.087644
    outer loop
      vertex -5.895033 5.962406 0.500000
      vertex -6.590393 6.431611 0.500000
      vertex -5.952841 5.986351 0.641907
    endloop
  endfacet
  facet normal 0.000000 0.000000 1.000000
    outer loop
      vertex -5.952841 5.986351 0.641907
      vertex -6.590393 6.431611 0.500000
      vertex -6.590393 6.431611 0.500000
    endloop
  endfacet
  facet normal 0.518082 0.819691 0.244331
    outer loop
      vertex -5.952841 5.986351 0.641907
      vertex -6.590393 6.431611 0.500000
      vertex -6.117461 6.054539 0.762210
    endloop
  endfacet
  facet normal 0.000000 0.000000 1.000000
    outer loop
      vertex -6.117461 6.054539 0.762210
      vertex -6.590393 6.431611 0.500000
      vertex -6.590393 6.431611 0.500000
    endloop
  endfacet
  facet normal 0.454311 0.816904 0.355344
    outer loop
      vertex -6.117461 6.054539 0.762210
      vertex -6.590393 6.431611 0.500000
      vertex -6.363833 6.156589 0.842593
    endloop
  endfacet
  facet normal 0.000000 0.000000 1.000000
    outer loop
      vertex -6.363833 6.156589 0.842593
      vertex -6.590393 6.431611 0.500000
      vertex -6.590393 6.431611 0.500000
    endloop
  endfacet
  facet normal 0.382643 0.827373 0.411142
    outer loop
      vertex -6.363833 6.156589 0.842593
      vertex -6.590393 6.431611 0.500000
      vertex -6.654449 6.276966 0.870820
    endloop
  endfacet
  facet normal 0.000000 0.000000 1.000000
    outer loop
      vertex -6.654449 6.276966 0.870820
      vertex -6.590393 6.431611 0.500000
      vertex -6.590393 6.431611 0.500000
    endloop
  endfacet
  facet normal 0.314472 0.855611 0.411142
    outer loop
      vertex -6.654449 6.276966 0.870820
      vertex -6.590393 6.431611 0.500000
      vertex -6.945064 6.397343 0.842593
    endloop
  endfacet
  facet normal 0.000000 0.000000 1.000000
    outer loop
      vertex -6.945064 6.397343 0.842593
      vertex -6.590393 6.431611 0.500000
      vertex -6.590393 6.431611 0.500000
    endloop
  endfacet
  facet normal 0.256392 0.898885 0.355344
    outer loop
      vertex -6.945064 6.397343 0.842593
      vertex -6.590393 6.431611 0.500000
      vertex -7.191436 6.499394 0.762210
    endloop
  endfacet
  facet normal 0.000000 0.000000 1.000000
    outer loop
      vertex -7.191436 6.499394 0.762210
      vertex -6.590393 6.431611 0.500000
      vertex -6.590393 6.431611 0.500000
    endloop
  endfacet
  facet normal 0.213270 0.945948 0.244331
    outer loop
      vertex -7.191436 6.499394 0.762210
      vertex -6.590393 6.431611 0.500000
      vertex -7.356057 6.567582 0.641907
    endloop
  endfacet
  facet normal 0.000000 0.000000 1.000000
    outer loop
      vertex -7.356057 6.567582 0.641907
      vertex -6.590393 6.431611 0.500000
      vertex -6.590393 6.431611 0.500000
    endloop
  endfacet
  facet normal 0.189901 0.977883 0.087644
    outer loop
      vertex -7.356057 6.567582 0.641907
      vertex -6.590393 6.431611 0.500000
      vertex -7.413864 6.591526 0.500000
    endloop
  endfacet
  facet normal 0.557188 -0.825748 0.087644
    outer loop
      vertex -6.590393 -6.431611 0.500000
      vertex -5.895033 -5.962406 0.500000
      vertex -5.952841 -5.986351 0.641907
    endloop
  endfacet
  facet normal 0.000000 0.000000 1.000000
    outer loop
      vertex -6.590393 -6.431611 0.500000
      vertex -5.952841 -5.986351 0.641907
      vertex -6.590393 -6.431611 0.500000
    endloop
  endfacet
  facet normal 0.518082 -0.819691 0.244331
    outer loop
      vertex -6.590393 -6.431611 0.500000
      vertex -5.952841 -5.986351 0.641907
      vertex -6.117461 -6.054539 0.762210
    endloop
  endfacet
  facet normal 0.000000 0.000000 1.000000
    outer loop
      vertex -6.590393 -6.431611 0.500000
      vertex -6.117461 -6.054539 0.762210
      vertex -6.590393 -6.431611 0.500000
    endloop
  endfacet
  facet normal 0.454311 -0.816904 0.355344
    outer loop
      vertex -6.590393 -6.431611 0.500000
      vertex -6.117461 -6.054539 0.762210
      vertex -6.363833 -6.156589 0.842593
    endloop
  endfacet
  facet normal 0.000000 0.000000 1.000000
    outer loop
      vertex -6.590393 -6.431611 0.500000
      vertex -6.363833 -6.156589 0.842593
      vertex -6.590393 -6.431611 0.500000
    endloop
  endfacet
  facet normal 0.382643 -0.827373 0.411142
    outer loop
      vertex -6.590393 -6.431611 0.500000
      vertex -6.363833 -6.156589 0.842593
      vertex -6.654449 -6.276966 0.870820
    endloop
  endfacet
  facet normal 0.000000 0.000000 1.000000
    outer loop
      vertex -6.590393 -6.431611 0.500000
      vertex -6.654449 -6.276966 0.870820
      vertex -6.590393 -6.431611 0.500000
    endloop
  endfacet
  facet normal 0.314472 -0.855611 0.411142
    outer loop
      vertex -6.590393 -6.431611 0.500000
      vertex -6.654449 -6.276966 0.870820
      vertex -6.945064 -6.397343 0.842593
    endloop
  endfacet
  facet normal 0.000000 0.000000 1.000000
    outer loop
      vertex -6.590393 -6.431611 0.500000
      vertex -6.945064 -6.397343 0.842593
      vertex -6.590393 -6.431611 0.500000
    endloop
  endfacet
  facet normal 0.256392 -0.898885 0.355344
    outer loop
      vertex -6.590393 -6.431611 0.500000
      vertex -6.945064 -6.397343 0.842593
      vertex -7.191436 -6.499394 0.762210
    endloop
  endfacet
  facet normal 0.000000 0.000000 1.000000
    outer loop
      vertex -6.590393 -6.431611 0.500000
      vertex -7.191436 -6.499394 0.762210
      vertex -6.590393 -6.431611 0.500000
    endloop
  endfacet
  facet normal 0.213270 -0.945948 0.244331
    outer loop
      vertex -6.590393 -6.431611 0.500000
      vertex -7.191436 -6.499394 0.762210
      vertex -7.356057 -6.567582 0.641907
    endloop
  endfacet
  facet normal 0.000000 0.000000 1.000000
    outer loop
      vertex -6.590393 -6.431611 0.500000
      vertex -7.356057 -6.567582 0.641907
      vertex -6.590393 -6.431611 0.500000
    endloop
  endfacet
  facet normal 0.189901 -0.977883 0.087644
    outer loop
      vertex -6.590393 -6.431611 0.500000
      vertex -7.356057 -6.567582 0.641907
      vertex -7.413864 -6.591526 0.500000
    endloop
  endfacet
  facet normal 0.000000 0.000000 1.000000
    outer loop
      vertex -6.590393 -6.431611 0.500000
      vertex -7.413864 -6.591526 0.500000
      vertex -6.590393 -6.431611 0.500000
    endloop
  endfacet
  facet normal 0.803268 -0.547357 0.234861
    outer loop
      vertex -5.895033 -5.962406 0.500000
      vertex -5.395853 -5.229840 0.500000
      vertex -5.505809 -5.275385 0.769923
    endloop
  endfacet
  facet normal 0.803268 -0.547357 0.234861
    outer loop
      vertex -5.895033 -5.962406 0.500000
      vertex -5.505809 -5.275385 0.769923
      vertex -5.952841 -5.986351 0.641907
    endloop
  endfacet
  facet normal 0.635789 -0.504888 0.583832
    outer loop
      vertex -5.952841 -5.986351 0.641907
      vertex -5.505809 -5.275385 0.769923
      vertex -5.818936 -5.405086 0.998752
    endloop
  endfacet
  facet normal 0.635789 -0.504888 0.583832
    outer loop
      vertex -5.952841 -5.986351 0.641907
      vertex -5.818936 -5.405086 0.998752
      vertex -6.117461 -6.054539 0.762210
    endloop
  endfacet
  facet normal 0.445413 -0.480006 0.755779
    outer loop
      vertex -6.117461 -6.054539 0.762210
      vertex -5.818936 -5.405086 0.998752
      vertex -6.287563 -5.599198 1.151651
    endloop
  endfacet
  facet normal 0.445413 -0.480006 0.755779
    outer loop
      vertex -6.117461 -6.054539 0.762210
      vertex -6.287563 -5.599198 1.151651
      vertex -6.363833 -6.156589 0.842593
    endloop
  endfacet
  facet normal 0.284548 -0.494360 0.821365
    outer loop
      vertex -6.363833 -6.156589 0.842593
      vertex -6.287563 -5.599198 1.151651
      vertex -6.840347 -5.828168 1.205342
    endloop
  endfacet
  facet normal 0.284548 -0.494360 0.821365
    outer loop
      vertex -6.363833 -6.156589 0.842593
      vertex -6.840347 -5.828168 1.205342
      vertex -6.654449 -6.276966 0.870820
    endloop
  endfacet
  facet normal 0.148359 -0.550771 0.821365
    outer loop
      vertex -6.654449 -6.276966 0.870820
      vertex -6.840347 -5.828168 1.205342
      vertex -7.393131 -6.057139 1.151651
    endloop
  endfacet
  facet normal 0.148359 -0.550771 0.821365
    outer loop
      vertex -6.654449 -6.276966 0.870820
      vertex -7.393131 -6.057139 1.151651
      vertex -6.945064 -6.397343 0.842593
    endloop
  endfacet
  facet normal 0.024461 -0.654370 0.755779
    outer loop
      vertex -6.945064 -6.397343 0.842593
      vertex -7.393131 -6.057139 1.151651
      vertex -7.861758 -6.251251 0.998752
    endloop
  endfacet
  facet normal 0.024461 -0.654370 0.755779
    outer loop
      vertex -6.945064 -6.397343 0.842593
      vertex -7.861758 -6.251251 0.998752
      vertex -7.191436 -6.499394 0.762210
    endloop
  endfacet
  facet normal -0.092561 -0.806580 0.583832
    outer loop
      vertex -7.191436 -6.499394 0.762210
      vertex -7.861758 -6.251251 0.998752
      vertex -8.174885 -6.380952 0.769923
    endloop
  endfacet
  facet normal -0.092561 -0.806580 0.583832
    outer loop
      vertex -7.191436 -6.499394 0.762210
      vertex -8.174885 -6.380952 0.769923
      vertex -7.356057 -6.567582 0.641907
    endloop
  endfacet
  facet normal -0.180956 -0.955037 0.234861
    outer loop
      vertex -7.356057 -6.567582 0.641907
      vertex -8.174885 -6.380952 0.769923
      vertex -8.284841 -6.426497 0.500000
    endloop
  endfacet
  facet normal -0.180956 -0.955037 0.234861
    outer loop
      vertex -7.356057 -6.567582 0.641907
      vertex -8.284841 -6.426497 0.500000
      vertex -7.413864 -6.591526 0.500000
    endloop
  endfacet
  facet normal 0.910633 -0.250402 0.328703
    outer loop
      vertex -5.395853 -5.229840 0.500000
      vertex -5.141715 -4.305621 0.500000
      vertex -5.293056 -4.368308 0.871517
    endloop
  endfacet
  facet normal 0.910633 -0.250402 0.328703
    outer loop
      vertex -5.395853 -5.229840 0.500000
      vertex -5.293056 -4.368308 0.871517
      vertex -5.505809 -5.275385 0.769923
    endloop
  endfacet
  facet normal 0.634679 -0.231442 0.737304
    outer loop
      vertex -5.505809 -5.275385 0.769923
      vertex -5.293056 -4.368308 0.871517
      vertex -5.724038 -4.546827 1.186474
    endloop
  endfacet
  facet normal 0.634679 -0.231442 0.737304
    outer loop
      vertex -5.505809 -5.275385 0.769923
      vertex -5.724038 -4.546827 1.186474
      vertex -5.818936 -5.405086 0.998752
    endloop
  endfacet
  facet normal 0.388867 -0.237684 0.890106
    outer loop
      vertex -5.818936 -5.405086 0.998752
      vertex -5.724038 -4.546827 1.186474
      vertex -6.369048 -4.813999 1.396921
    endloop
  endfacet
  facet normal 0.388867 -0.237684 0.890106
    outer loop
      vertex -5.818936 -5.405086 0.998752
      vertex -6.369048 -4.813999 1.396921
      vertex -6.287563 -5.599198 1.151651
    endloop
  endfacet
  facet normal 0.204200 -0.272507 0.940235
    outer loop
      vertex -6.287563 -5.599198 1.151651
      vertex -6.369048 -4.813999 1.396921
      vertex -7.129890 -5.129150 1.470820
    endloop
  endfacet
  facet normal 0.204200 -0.272507 0.940235
    outer loop
      vertex -6.287563 -5.599198 1.151651
      vertex -7.129890 -5.129150 1.470820
      vertex -6.840347 -5.828168 1.205342
    endloop
  endfacet
  facet normal 0.048301 -0.337082 0.940235
    outer loop
      vertex -6.840347 -5.828168 1.205342
      vertex -7.129890 -5.129150 1.470820
      vertex -7.890732 -5.444301 1.396921
    endloop
  endfacet
  facet normal 0.048301 -0.337082 0.940235
    outer loop
      vertex -6.840347 -5.828168 1.205342
      vertex -7.890732 -5.444301 1.396921
      vertex -7.393131 -6.057139 1.151651
    endloop
  endfacet
  facet normal -0.106902 -0.443038 0.890106
    outer loop
      vertex -7.393131 -6.057139 1.151651
      vertex -7.890732 -5.444301 1.396921
      vertex -8.535742 -5.711473 1.186474
    endloop
  endfacet
  facet normal -0.106902 -0.443038 0.890106
    outer loop
      vertex -7.393131 -6.057139 1.151651
      vertex -8.535742 -5.711473 1.186474
      vertex -7.861758 -6.251251 0.998752
    endloop
  endfacet
  facet normal -0.285132 -0.612440 0.737304
    outer loop
      vertex -7.861758 -6.251251 0.998752
      vertex -8.535742 -5.711473 1.186474
      vertex -8.966724 -5.889991 0.871517
    endloop
  endfacet
  facet normal -0.285132 -0.612440 0.737304
    outer loop
      vertex -7.861758 -6.251251 0.998752
      vertex -8.966724 -5.889991 0.871517
      vertex -8.174885 -6.380952 0.769923
    endloop
  endfacet
  facet normal -0.466854 -0.820976 0.328703
    outer loop
      vertex -8.174885 -6.380952 0.769923
      vertex -8.966724 -5.889991 0.871517
      vertex -9.118065 -5.952679 0.500000
    endloop
  endfacet
  facet normal -0.466854 -0.820976 0.328703
    outer loop
      vertex -8.174885 -6.380952 0.769923
      vertex -9.118065 -5.952679 0.500000
      vertex -8.284841 -6.426497 0.500000
    endloop
  endfacet
  facet normal 0.925172 0.014238 0.379280
    outer loop
      vertex -5.141715 -4.305621 0.500000
      vertex -5.157496 -3.280218 0.500000
      vertex -5.335407 -3.353911 0.936744
    endloop
  endfacet
  facet normal 0.925172 0.014238 0.379280
    outer loop
      vertex -5.141715 -4.305621 0.500000
      vertex -5.335407 -3.353911 0.936744
      vertex -5.293056 -4.368308 0.871517
    endloop
  endfacet
  facet normal 0.596985 -0.026633 0.801810
    outer loop
      vertex -5.293056 -4.368308 0.871517
      vertex -5.335407 -3.353911 0.936744
      vertex -5.842057 -3.563773 1.306998
    endloop
  endfacet
  facet normal 0.596985 -0.026633 0.801810
    outer loop
      vertex -5.293056 -4.368308 0.871517
      vertex -5.842057 -3.563773 1.306998
      vertex -5.724038 -4.546827 1.186474
    endloop
  endfacet
  facet normal 0.337104 -0.074592 0.938508
    outer loop
      vertex -5.724038 -4.546827 1.186474
      vertex -5.842057 -3.563773 1.306998
      vertex -6.600313 -3.877852 1.554394
    endloop
  endfacet
  facet normal 0.337104 -0.074592 0.938508
    outer loop
      vertex -5.724038 -4.546827 1.186474
      vertex -6.600313 -3.877852 1.554394
      vertex -6.369048 -4.813999 1.396921
    endloop
  endfacet
  facet normal 0.148381 -0.128290 0.980574
    outer loop
      vertex -6.369048 -4.813999 1.396921
      vertex -6.600313 -3.877852 1.554394
      vertex -7.494736 -4.248334 1.641268
    endloop
  endfacet
  facet normal 0.148381 -0.128290 0.980574
    outer loop
      vertex -6.369048 -4.813999 1.396921
      vertex -7.494736 -4.248334 1.641268
      vertex -7.129890 -5.129150 1.470820
    endloop
  endfacet
  facet normal -0.014206 -0.195636 0.980574
    outer loop
      vertex -7.129890 -5.129150 1.470820
      vertex -7.494736 -4.248334 1.641268
      vertex -8.389159 -4.618817 1.554394
    endloop
  endfacet
  facet normal -0.014206 -0.195636 0.980574
    outer loop
      vertex -7.129890 -5.129150 1.470820
      vertex -8.389159 -4.618817 1.554394
      vertex -7.890732 -5.444301 1.396921
    endloop
  endfacet
  facet normal -0.185624 -0.291113 0.938508
    outer loop
      vertex -7.890732 -5.444301 1.396921
      vertex -8.389159 -4.618817 1.554394
      vertex -9.147414 -4.932896 1.306998
    endloop
  endfacet
  facet normal -0.185624 -0.291113 0.938508
    outer loop
      vertex -7.890732 -5.444301 1.396921
      vertex -9.147414 -4.932896 1.306998
      vertex -8.535742 -5.711473 1.186474
    endloop
  endfacet
  facet normal -0.403300 -0.440965 0.801810
    outer loop
      vertex -8.535742 -5.711473 1.186474
      vertex -9.147414 -4.932896 1.306998
      vertex -9.654064 -5.142757 0.936744
    endloop
  endfacet
  facet normal -0.403300 -0.440965 0.801810
    outer loop
      vertex -8.535742 -5.711473 1.186474
      vertex -9.654064 -5.142757 0.936744
      vertex -8.966724 -5.889991 0.871517
    endloop
  endfacet
  facet normal -0.664264 -0.644128 0.379280
    outer loop
      vertex -8.966724 -5.889991 0.871517
      vertex -9.654064 -5.142757 0.936744
      vertex -9.831976 -5.216451 0.500000
    endloop
  endfacet
  facet normal -0.664264 -0.644128 0.379280
    outer loop
      vertex -8.966724 -5.889991 0.871517
      vertex -9.831976 -5.216451 0.500000
      vertex -9.118065 -5.952679 0.500000
    endloop
  endfacet
  facet normal 0.882897 0.244471 0.400907
    outer loop
      vertex -5.157496 -3.280218 0.500000
      vertex -5.441650 -2.254005 0.500000
      vertex -5.628718 -2.331491 0.959220
    endloop
  endfacet
  facet normal 0.882897 0.244471 0.400907
    outer loop
      vertex -5.157496 -3.280218 0.500000
      vertex -5.628718 -2.331491 0.959220
      vertex -5.335407 -3.353911 0.936744
    endloop
  endfacet
  facet normal 0.546283 0.138558 0.826061
    outer loop
      vertex -5.335407 -3.353911 0.936744
      vertex -5.628718 -2.331491 0.959220
      vertex -6.161441 -2.552153 1.348528
    endloop
  endfacet
  facet normal 0.546283 0.138558 0.826061
    outer loop
      vertex -5.335407 -3.353911 0.936744
      vertex -6.161441 -2.552153 1.348528
      vertex -5.842057 -3.563773 1.306998
    endloop
  endfacet
  facet normal 0.290086 0.052356 0.955567
    outer loop
      vertex -5.842057 -3.563773 1.306998
      vertex -6.161441 -2.552153 1.348528
      vertex -6.958718 -2.882395 1.608655
    endloop
  endfacet
  facet normal 0.290086 0.052356 0.955567
    outer loop
      vertex -5.842057 -3.563773 1.306998
      vertex -6.958718 -2.882395 1.608655
      vertex -6.600313 -3.877852 1.554394
    endloop
  endfacet
  facet normal 0.103596 -0.016909 0.994476
    outer loop
      vertex -6.600313 -3.877852 1.554394
      vertex -6.958718 -2.882395 1.608655
      vertex -7.899170 -3.271943 1.700000
    endloop
  endfacet
  facet normal 0.103596 -0.016909 0.994476
    outer loop
      vertex -6.600313 -3.877852 1.554394
      vertex -7.899170 -3.271943 1.700000
      vertex -7.494736 -4.248334 1.641268
    endloop
  endfacet
  facet normal -0.061297 -0.085210 0.994476
    outer loop
      vertex -7.494736 -4.248334 1.641268
      vertex -7.899170 -3.271943 1.700000
      vertex -8.839622 -3.661491 1.608655
    endloop
  endfacet
  facet normal -0.061297 -0.085210 0.994476
    outer loop
      vertex -7.494736 -4.248334 1.641268
      vertex -8.839622 -3.661491 1.608655
      vertex -8.389159 -4.618817 1.554394
    endloop
  endfacet
  facet normal -0.242143 -0.168101 0.955567
    outer loop
      vertex -8.389159 -4.618817 1.554394
      vertex -8.839622 -3.661491 1.608655
      vertex -9.636899 -3.991734 1.348528
    endloop
  endfacet
  facet normal -0.242143 -0.168101 0.955567
    outer loop
      vertex -8.389159 -4.618817 1.554394
      vertex -9.636899 -3.991734 1.348528
      vertex -9.147414 -4.932896 1.306998
    endloop
  endfacet
  facet normal -0.484256 -0.288305 0.826061
    outer loop
      vertex -9.147414 -4.932896 1.306998
      vertex -9.636899 -3.991734 1.348528
      vertex -10.169622 -4.212395 0.959220
    endloop
  endfacet
  facet normal -0.484256 -0.288305 0.826061
    outer loop
      vertex -9.147414 -4.932896 1.306998
      vertex -10.169622 -4.212395 0.959220
      vertex -9.654064 -5.142757 0.936744
    endloop
  endfacet
  facet normal -0.797170 -0.451435 0.400907
    outer loop
      vertex -9.654064 -5.142757 0.936744
      vertex -10.169622 -4.212395 0.959220
      vertex -10.356690 -4.289881 0.500000
    endloop
  endfacet
  facet normal -0.797170 -0.451435 0.400907
    outer loop
      vertex -9.654064 -5.142757 0.936744
      vertex -10.356690 -4.289881 0.500000
      vertex -9.831976 -5.216451 0.500000
    endloop
  endfacet
  facet normal 0.797170 0.451435 0.400907
    outer loop
      vertex -5.441650 -2.254005 0.500000
      vertex -5.966364 -1.327436 0.500000
      vertex -6.144276 -1.401129 0.936744
    endloop
  endfacet
  facet normal 0.797170 0.451435 0.400907
    outer loop
      vertex -5.441650 -2.254005 0.500000
      vertex -6.144276 -1.401129 0.936744
      vertex -5.628718 -2.331491 0.959220
    endloop
  endfacet
  facet normal 0.484256 0.288305 0.826061
    outer loop
      vertex -5.628718 -2.331491 0.959220
      vertex -6.144276 -1.401129 0.936744
      vertex -6.650926 -1.610990 1.306998
    endloop
  endfacet
  facet normal 0.484256 0.288305 0.826061
    outer loop
      vertex -5.628718 -2.331491 0.959220
      vertex -6.650926 -1.610990 1.306998
      vertex -6.161441 -2.552153 1.348528
    endloop
  endfacet
  facet normal 0.242143 0.168101 0.955567
    outer loop
      vertex -6.161441 -2.552153 1.348528
      vertex -6.650926 -1.610990 1.306998
      vertex -7.409181 -1.925070 1.554394
    endloop
  endfacet
  facet normal 0.242143 0.168101 0.955567
    outer loop
      vertex -6.161441 -2.552153 1.348528
      vertex -7.409181 -1.925070 1.554394
      vertex -6.958718 -2.882395 1.608655
    endloop
  endfacet
  facet normal 0.061297 0.085210 0.994476
    outer loop
      vertex -6.958718 -2.882395 1.608655
      vertex -7.409181 -1.925070 1.554394
      vertex -8.303604 -2.295552 1.641268
    endloop
  endfacet
  facet normal 0.061297 0.085210 0.994476
    outer loop
      vertex -6.958718 -2.882395 1.608655
      vertex -8.303604 -2.295552 1.641268
      vertex -7.899170 -3.271943 1.700000
    endloop
  endfacet
  facet normal -0.103596 0.016909 0.994476
    outer loop
      vertex -7.899170 -3.271943 1.700000
      vertex -8.303604 -2.295552 1.641268
      vertex -9.198027 -2.666034 1.554394
    endloop
  endfacet
  facet normal -0.103596 0.016909 0.994476
    outer loop
      vertex -7.899170 -3.271943 1.700000
      vertex -9.198027 -2.666034 1.554394
      vertex -8.839622 -3.661491 1.608655
    endloop
  endfacet
  facet normal -0.290086 -0.052356 0.955567
    outer loop
      vertex -8.839622 -3.661491 1.608655
      vertex -9.198027 -2.666034 1.554394
      vertex -9.956283 -2.980114 1.306998
    endloop
  endfacet
  facet normal -0.290086 -0.052356 0.955567
    outer loop
      vertex -8.839622 -3.661491 1.608655
      vertex -9.956283 -2.980114 1.306998
      vertex -9.636899 -3.991734 1.348528
    endloop
  endfacet
  facet normal -0.546283 -0.138558 0.826061
    outer loop
      vertex -9.636899 -3.991734 1.348528
      vertex -9.956283 -2.980114 1.306998
      vertex -10.462933 -3.189975 0.936744
    endloop
  endfacet
  facet normal -0.546283 -0.138558 0.826061
    outer loop
      vertex -9.636899 -3.991734 1.348528
      vertex -10.462933 -3.189975 0.936744
      vertex -10.169622 -4.212395 0.959220
    endloop
  endfacet
  facet normal -0.882897 -0.244471 0.400907
    outer loop
      vertex -10.169622 -4.212395 0.959220
      vertex -10.462933 -3.189975 0.936744
      vertex -10.640844 -3.263669 0.500000
    endloop
  endfacet
  facet normal -0.882897 -0.244471 0.400907
    outer loop
      vertex -10.169622 -4.212395 0.959220
      vertex -10.640844 -3.263669 0.500000
      vertex -10.356690 -4.289881 0.500000
    endloop
  endfacet
  facet normal 0.664264 0.644128 0.379280
    outer loop
      vertex -5.966364 -1.327436 0.500000
      vertex -6.680275 -0.591208 0.500000
      vertex -6.831616 -0.653895 0.871517
    endloop
  endfacet
  facet normal 0.664264 0.644128 0.379280
    outer loop
      vertex -5.966364 -1.327436 0.500000
      vertex -6.831616 -0.653895 0.871517
      vertex -6.144276 -1.401129 0.936744
    endloop
  endfacet
  facet normal 0.403300 0.440965 0.801810
    outer loop
      vertex -6.144276 -1.401129 0.936744
      vertex -6.831616 -0.653895 0.871517
      vertex -7.262598 -0.832414 1.186474
    endloop
  endfacet
  facet normal 0.403300 0.440965 0.801810
    outer loop
      vertex -6.144276 -1.401129 0.936744
      vertex -7.262598 -0.832414 1.186474
      vertex -6.650926 -1.610990 1.306998
    endloop
  endfacet
  facet normal 0.185624 0.291113 0.938508
    outer loop
      vertex -6.650926 -1.610990 1.306998
      vertex -7.262598 -0.832414 1.186474
      vertex -7.907608 -1.099586 1.396921
    endloop
  endfacet
  facet normal 0.185624 0.291113 0.938508
    outer loop
      vertex -6.650926 -1.610990 1.306998
      vertex -7.907608 -1.099586 1.396921
      vertex -7.409181 -1.925070 1.554394
    endloop
  endfacet
  facet normal 0.014206 0.195636 0.980574
    outer loop
      vertex -7.409181 -1.925070 1.554394
      vertex -7.907608 -1.099586 1.396921
      vertex -8.668450 -1.414737 1.470820
    endloop
  endfacet
  facet normal 0.014206 0.195636 0.980574
    outer loop
      vertex -7.409181 -1.925070 1.554394
      vertex -8.668450 -1.414737 1.470820
      vertex -8.303604 -2.295552 1.641268
    endloop
  endfacet
  facet normal -0.148381 0.128290 0.980574
    outer loop
      vertex -8.303604 -2.295552 1.641268
      vertex -8.668450 -1.414737 1.470820
      vertex -9.429292 -1.729888 1.396921
    endloop
  endfacet
  facet normal -0.148381 0.128290 0.980574
    outer loop
      vertex -8.303604 -2.295552 1.641268
      vertex -9.429292 -1.729888 1.396921
      vertex -9.198027 -2.666034 1.554394
    endloop
  endfacet
  facet normal -0.337104 0.074592 0.938508
    outer loop
      vertex -9.198027 -2.666034 1.554394
      vertex -9.429292 -1.729888 1.396921
      vertex -10.074302 -1.997060 1.186474
    endloop
  endfacet
  facet normal -0.337104 0.074592 0.938508
    outer loop
      vertex -9.198027 -2.666034 1.554394
      vertex -10.074302 -1.997060 1.186474
      vertex -9.956283 -2.980114 1.306998
    endloop
  endfacet
  facet normal -0.596985 0.026633 0.801810
    outer loop
      vertex -9.956283 -2.980114 1.306998
      vertex -10.074302 -1.997060 1.186474
      vertex -10.505284 -2.175579 0.871517
    endloop
  endfacet
  facet normal -0.596985 0.026633 0.801810
    outer loop
      vertex -9.956283 -2.980114 1.306998
      vertex -10.505284 -2.175579 0.871517
      vertex -10.462933 -3.189975 0.936744
    endloop
  endfacet
  facet normal -0.925172 -0.014238 0.379280
    outer loop
      vertex -10.462933 -3.189975 0.936744
      vertex -10.505284 -2.175579 0.871517
      vertex -10.656625 -2.238266 0.500000
    endloop
  endfacet
  facet normal -0.925172 -0.014238 0.379280
    outer loop
      vertex -10.462933 -3.189975 0.936744
      vertex -10.656625 -2.238266 0.500000
      vertex -10.640844 -3.263669 0.500000
    endloop
  endfacet
  facet normal 0.466854 0.820976 0.328703
    outer loop
      vertex -6.680275 -0.591208 0.500000
      vertex -7.513499 -0.117389 0.500000
      vertex -7.623455 -0.162934 0.769923
    endloop
  endfacet
  facet normal 0.466854 0.820976 0.328703
    outer loop
      vertex -6.680275 -0.591208 0.500000
      vertex -7.623455 -0.162934 0.769923
      vertex -6.831616 -0.653895 0.871517
    endloop
  endfacet
  facet normal 0.285132 0.612440 0.737304
    outer loop
      vertex -6.831616 -0.653895 0.871517
      vertex -7.623455 -0.162934 0.769923
      vertex -7.936582 -0.292636 0.998752
    endloop
  endfacet
  facet normal 0.285132 0.612440 0.737304
    outer loop
      vertex -6.831616 -0.653895 0.871517
      vertex -7.936582 -0.292636 0.998752
      vertex -7.262598 -0.832414 1.186474
    endloop
  endfacet
  facet normal 0.106902 0.443038 0.890106
    outer loop
      vertex -7.262598 -0.832414 1.186474
      vertex -7.936582 -0.292636 0.998752
      vertex -8.405209 -0.486748 1.151651
    endloop
  endfacet
  facet normal 0.106902 0.443038 0.890106
    outer loop
      vertex -7.262598 -0.832414 1.186474
      vertex -8.405209 -0.486748 1.151651
      vertex -7.907608 -1.099586 1.396921
    endloop
  endfacet
  facet normal -0.048301 0.337082 0.940235
    outer loop
      vertex -7.907608 -1.099586 1.396921
      vertex -8.405209 -0.486748 1.151651
      vertex -8.957993 -0.715718 1.205342
    endloop
  endfacet
  facet normal -0.048301 0.337082 0.940235
    outer loop
      vertex -7.907608 -1.099586 1.396921
      vertex -8.957993 -0.715718 1.205342
      vertex -8.668450 -1.414737 1.470820
    endloop
  endfacet
  facet normal -0.204200 0.272507 0.940235
    outer loop
      vertex -8.668450 -1.414737 1.470820
      vertex -8.957993 -0.715718 1.205342
      vertex -9.510777 -0.944689 1.151651
    endloop
  endfacet
  facet normal -0.204200 0.272507 0.940235
    outer loop
      vertex -8.668450 -1.414737 1.470820
      vertex -9.510777 -0.944689 1.151651
      vertex -9.429292 -1.729888 1.396921
    endloop
  endfacet
  facet normal -0.388867 0.237684 0.890106
    outer loop
      vertex -9.429292 -1.729888 1.396921
      vertex -9.510777 -0.944689 1.151651
      vertex -9.979404 -1.138801 0.998752
    endloop
  endfacet
  facet normal -0.388867 0.237684 0.890106
    outer loop
      vertex -9.429292 -1.729888 1.396921
      vertex -9.979404 -1.138801 0.998752
      vertex -10.074302 -1.997060 1.186474
    endloop
  endfacet
  facet normal -0.634679 0.231442 0.737304
    outer loop
      vertex -10.074302 -1.997060 1.186474
      vertex -9.979404 -1.138801 0.998752
      vertex -10.292531 -1.268502 0.769923
    endloop
  endfacet
  facet normal -0.634679 0.231442 0.737304
    outer loop
      vertex -10.074302 -1.997060 1.186474
      vertex -10.292531 -1.268502 0.769923
      vertex -10.505284 -2.175579 0.871517
    endloop
  endfacet
  facet normal -0.910633 0.250402 0.328703
    outer loop
      vertex -10.505284 -2.175579 0.871517
      vertex -10.292531 -1.268502 0.769923
      vertex -10.402487 -1.314047 0.500000
    endloop
  endfacet
  facet normal -0.910633 0.250402 0.328703
    outer loop
      vertex -10.505284 -2.175579 0.871517
      vertex -10.402487 -1.314047 0.500000
      vertex -10.656625 -2.238266 0.500000
    endloop
  endfacet
  facet normal 0.180956 0.955037 0.234861
    outer loop
      vertex -7.513499 -0.117389 0.500000
      vertex -8.384476 0.047640 0.500000
      vertex -8.442283 0.023695 0.641907
    endloop
  endfacet
  facet normal 0.180956 0.955037 0.234861
    outer loop
      vertex -7.513499 -0.117389 0.500000
      vertex -8.442283 0.023695 0.641907
      vertex -7.623455 -0.162934 0.769923
    endloop
  endfacet
  facet normal 0.092561 0.806580 0.583832
    outer loop
      vertex -7.623455 -0.162934 0.769923
      vertex -8.442283 0.023695 0.641907
      vertex -8.606904 -0.044493 0.762210
    endloop
  endfacet
  facet normal 0.092561 0.806580 0.583832
    outer loop
      vertex -7.623455 -0.162934 0.769923
      vertex -8.606904 -0.044493 0.762210
      vertex -7.936582 -0.292636 0.998752
    endloop
  endfacet
  facet normal -0.024461 0.654370 0.755779
    outer loop
      vertex -7.936582 -0.292636 0.998752
      vertex -8.606904 -0.044493 0.762210
      vertex -8.853276 -0.146544 0.842593
    endloop
  endfacet
  facet normal -0.024461 0.654370 0.755779
    outer loop
      vertex -7.936582 -0.292636 0.998752
      vertex -8.853276 -0.146544 0.842593
      vertex -8.405209 -0.486748 1.151651
    endloop
  endfacet
  facet normal -0.148359 0.550771 0.821365
    outer loop
      vertex -8.405209 -0.486748 1.151651
      vertex -8.853276 -0.146544 0.842593
      vertex -9.143891 -0.266921 0.870820
    endloop
  endfacet
  facet normal -0.148359 0.550771 0.821365
    outer loop
      vertex -8.405209 -0.486748 1.151651
      vertex -9.143891 -0.266921 0.870820
      vertex -8.957993 -0.715718 1.205342
    endloop
  endfacet
  facet normal -0.284548 0.494360 0.821365
    outer loop
      vertex -8.957993 -0.715718 1.205342
      vertex -9.143891 -0.266921 0.870820
      vertex -9.434507 -0.387297 0.842593
    endloop
  endfacet
  facet normal -0.284548 0.494360 0.821365
    outer loop
      vertex -8.957993 -0.715718 1.205342
      vertex -9.434507 -0.387297 0.842593
      vertex -9.510777 -0.944689 1.151651
    endloop
  endfacet
  facet normal -0.445413 0.480006 0.755779
    outer loop
      vertex -9.510777 -0.944689 1.151651
      vertex -9.434507 -0.387297 0.842593
      vertex -9.680879 -0.489348 0.762210
    endloop
  endfacet
  facet normal -0.445413 0.480006 0.755779
    outer loop
      vertex -9.510777 -0.944689 1.151651
      vertex -9.680879 -0.489348 0.762210
      vertex -9.979404 -1.138801 0.998752
    endloop
  endfacet
  facet normal -0.635789 0.504888 0.583832
    outer loop
      vertex -9.979404 -1.138801 0.998752
      vertex -9.680879 -0.489348 0.762210
      vertex -9.845499 -0.557536 0.641907
    endloop
  endfacet
  facet normal -0.635789 0.504888 0.583832
    outer loop
      vertex -9.979404 -1.138801 0.998752
      vertex -9.845499 -0.557536 0.641907
      vertex -10.292531 -1.268502 0.769923
    endloop
  endfacet
  facet normal -0.803268 0.547357 0.234861
    outer loop
      vertex -10.292531 -1.268502 0.769923
      vertex -9.845499 -0.557536 0.641907
      vertex -9.903307 -0.581481 0.500000
    endloop
  endfacet
  facet normal -0.803268 0.547357 0.234861
    outer loop
      vertex -10.292531 -1.268502 0.769923
      vertex -9.903307 -0.581481 0.500000
      vertex -10.402487 -1.314047 0.500000
    endloop
  endfacet
  facet normal 0.000000 0.000000 1.000000
    outer loop
      vertex -8.384476 0.047640 0.500000
      vertex -9.207947 -0.112275 0.500000
      vertex -9.207947 -0.112275 0.500000
    endloop
  endfacet
  facet normal -0.189901 0.977883 0.087644
    outer loop
      vertex -8.384476 0.047640 0.500000
      vertex -9.207947 -0.112275 0.500000
      vertex -8.442283 0.023695 0.641907
    endloop
  endfacet
  facet normal 0.000000 0.000000 1.000000
    outer loop
      vertex -8.442283 0.023695 0.641907
      vertex -9.207947 -0.112275 0.500000
      vertex -9.207947 -0.112275 0.500000
    endloop
  endfacet
  facet normal -0.213270 0.945948 0.244331
    outer loop
      vertex -8.442283 0.023695 0.641907
      vertex -9.207947 -0.112275 0.500000
      vertex -8.606904 -0.044493 0.762210
    endloop
  endfacet
  facet normal 0.000000 0.000000 1.000000
    outer loop
      vertex -8.606904 -0.044493 0.762210
      vertex -9.207947 -0.112275 0.500000
      vertex -9.207947 -0.112275 0.500000
    endloop
  endfacet
  facet normal -0.256392 0.898885 0.355344
    outer loop
      vertex -8.606904 -0.044493 0.762210
      vertex -9.207947 -0.112275 0.500000
      vertex -8.853276 -0.146544 0.842593
    endloop
  endfacet
  facet normal 0.000000 0.000000 1.000000
    outer loop
      vertex -8.853276 -0.146544 0.842593
      vertex -9.207947 -0.112275 0.500000
      vertex -9.207947 -0.112275 0.500000
    endloop
  endfacet
  facet normal -0.314472 0.855611 0.411142
    outer loop
      vertex -8.853276 -0.146544 0.842593
      vertex -9.207947 -0.112275 0.500000
      vertex -9.143891 -0.266921 0.870820
    endloop
  endfacet
  facet normal 0.000000 0.000000 1.000000
    outer loop
      vertex -9.143891 -0.266921 0.870820
      vertex -9.207947 -0.112275 0.500000
      vertex -9.207947 -0.112275 0.500000
    endloop
  endfacet
  facet normal -0.382643 0.827373 0.411142
    outer loop
      vertex -9.143891 -0.266921 0.870820
      vertex -9.207947 -0.112275 0.500000
      vertex -9.434507 -0.387297 0.842593
    endloop
  endfacet
  facet normal 0.000000 0.000000 1.000000
    outer loop
      vertex -9.434507 -0.387297 0.842593
      vertex -9.207947 -0.112275 0.500000
      vertex -9.207947 -0.112275 0.500000
    endloop
  endfacet
  facet normal -0.454311 0.816904 0.355344
    outer loop
      vertex -9.434507 -0.387297 0.842593
      vertex -9.207947 -0.112275 0.500000
      vertex -9.680879 -0.489348 0.762210
    endloop
  endfacet
  facet normal 0.000000 0.000000 1.000000
    outer loop
      vertex -9.680879 -0.489348 0.762210
      vertex -9.207947 -0.112275 0.500000
      vertex -9.207947 -0.112275 0.500000
    endloop
  endfacet
  facet normal -0.518082 0.819691 0.244331
    outer loop
      vertex -9.680879 -0.489348 0.762210
      vertex -9.207947 -0.112275 0.500000
      vertex -9.845499 -0.557536 0.641907
    endloop
  endfacet
  facet normal 0.000000 0.000000 1.000000
    outer loop
      vertex -9.845499 -0.557536 0.641907
      vertex -9.207947 -0.112275 0.500000
      vertex -9.207947 -0.112275 0.500000
    endloop
  endfacet
  facet normal -0.557188 0.825748 0.087644
    outer loop
      vertex -9.845499 -0.557536 0.641907
      vertex -9.207947 -0.112275 0.500000
      vertex -9.903307 -0.581481 0.500000
    endloop
  endfacet
  facet normal 0.977883 -0.189901 0.087644
    outer loop
      vertex -0.112275 -9.207947 0.500000
      vertex 0.047640 -8.384476 0.500000
      vertex 0.023695 -8.442283 0.641907
    endloop
  endfacet
  facet normal 0.000000 0.000000 1.000000
    outer loop
      vertex -0.112275 -9.207947 0.500000
      vertex 0.023695 -8.442283 0.641907
      vertex -0.112275 -9.207947 0.500000
    endloop
  endfacet
  facet normal 0.945948 -0.213270 0.244331
    outer loop
      vertex -0.112275 -9.207947 0.500000
      vertex 0.023695 -8.442283 0.641907
      vertex -0.044493 -8.606904 0.762210
    endloop
  endfacet
  facet normal 0.000000 0.000000 1.000000
    outer loop
      vertex -0.112275 -9.207947 0.500000
      vertex -0.044493 -8.606904 0.762210
      vertex -0.112275 -9.207947 0.500000
    endloop
  endfacet
  facet normal 0.898885 -0.256392 0.355344
    outer loop
      vertex -0.112275 -9.207947 0.500000
      vertex -0.044493 -8.606904 0.762210
      vertex -0.146544 -8.853276 0.842593
    endloop
  endfacet
  facet normal 0.000000 0.000000 1.000000
    outer loop
      vertex -0.112275 -9.207947 0.500000
      vertex -0.146544 -8.853276 0.842593
      vertex -0.112275 -9.207947 0.500000
    endloop
  endfacet
  facet normal 0.855611 -0.314472 0.411142
    outer loop
      vertex -0.112275 -9.207947 0.500000
      vertex -0.146544 -8.853276 0.842593
      vertex -0.266921 -9.143891 0.870820
    endloop
  endfacet
  facet normal 0.000000 0.000000 1.000000
    outer loop
      vertex -0.112275 -9.207947 0.500000
      vertex -0.266921 -9.143891 0.870820
      vertex -0.112275 -9.207947 0.500000
    endloop
  endfacet
  facet normal 0.827373 -0.382643 0.411142
    outer loop
      vertex -0.112275 -9.207947 0.500000
      vertex -0.266921 -9.143891 0.870820
      vertex -0.387297 -9.434507 0.842593
    endloop
  endfacet
  facet normal 0.000000 0.000000 1.000000
    outer loop
      vertex -0.112275 -9.207947 0.500000
      vertex -0.387297 -9.434507 0.842593
      vertex -0.112275 -9.207947 0.500000
    endloop
  endfacet
  facet normal 0.816904 -0.454311 0.355344
    outer loop
      vertex -0.112275 -9.207947 0.500000
      vertex -0.387297 -9.434507 0.842593
      vertex -0.489348 -9.680879 0.762210
    endloop
  endfacet
  facet normal 0.000000 0.000000 1.000000
    outer loop
      vertex -0.112275 -9.207947 0.500000
      vertex -0.489348 -9.680879 0.762210
      vertex -0.112275 -9.207947 0.500000
    endloop
  endfacet
  facet normal 0.819691 -0.518082 0.244331
    outer loop
      vertex -0.112275 -9.207947 0.500000
      vertex -0.489348 -9.680879 0.762210
      vertex -0.557536 -9.845499 0.641907
    endloop
  endfacet
  facet normal 0.000000 0.000000 1.000000
    outer loop
      vertex -0.112275 -9.207947 0.500000
      vertex -0.557536 -9.845499 0.641907
      vertex -0.112275 -9.207947 0.500000
    endloop
  endfacet
  facet normal 0.825748 -0.557188 0.087644
    outer loop
      vertex -0.112275 -9.207947 0.500000
      vertex -0.557536 -9.845499 0.641907
      vertex -0.581481 -9.903307 0.500000
    endloop
  endfacet
  facet normal 0.000000 0.000000 1.000000
    outer loop
      vertex -0.112275 -9.207947 0.500000
      vertex -0.581481 -9.903307 0.500000
      vertex -0.112275 -9.207947 0.500000
    endloop
  endfacet
  facet normal 0.955037 0.180956 0.234861
    outer loop
      vertex 0.047640 -8.384476 0.500000
      vertex -0.117389 -7.513499 0.500000
      vertex -0.162934 -7.623455 0.769923
    endloop
  endfacet
  facet normal 0.955037 0.180956 0.234861
    outer loop
      vertex 0.047640 -8.384476 0.500000
      vertex -0.162934 -7.623455 0.769923
      vertex 0.023695 -8.442283 0.641907
    endloop
  endfacet
  facet normal 0.806580 0.092561 0.583832
    outer loop
      vertex 0.023695 -8.442283 0.641907
      vertex -0.162934 -7.623455 0.769923
      vertex -0.292636 -7.936582 0.998752
    endloop
  endfacet
  facet normal 0.806580 0.092561 0.583832
    outer loop
      vertex 0.023695 -8.442283 0.641907
      vertex -0.292636 -7.936582 0.998752
      vertex -0.044493 -8.606904 0.762210
    endloop
  endfacet
  facet normal 0.654370 -0.024461 0.755779
    outer loop
      vertex -0.044493 -8.606904 0.762210
      vertex -0.292636 -7.936582 0.998752
      vertex -0.486748 -8.405209 1.151651
    endloop
  endfacet
  facet normal 0.654370 -0.024461 0.755779
    outer loop
      vertex -0.044493 -8.606904 0.762210
      vertex -0.486748 -8.405209 1.151651
      vertex -0.146544 -8.853276 0.842593
    endloop
  endfacet
  facet normal 0.550771 -0.148359 0.821365
    outer loop
      vertex -0.146544 -8.853276 0.842593
      vertex -0.486748 -8.405209 1.151651
      vertex -0.715718 -8.957993 1.205342
    endloop
  endfacet
  facet normal 0.550771 -0.148359 0.821365
    outer loop
      vertex -0.146544 -8.853276 0.842593
      vertex -0.715718 -8.957993 1.205342
      vertex -0.266921 -9.143891 0.870820
    endloop
  endfacet
  facet normal 0.494360 -0.284548 0.821365
    outer loop
      vertex -0.266921 -9.143891 0.870820
      vertex -0.715718 -8.957993 1.205342
      vertex -0.944689 -9.510777 1.151651
    endloop
  endfacet
  facet normal 0.494360 -0.284548 0.821365
    outer loop
      vertex -0.266921 -9.143891 0.870820
      vertex -0.944689 -9.510777 1.151651
      vertex -0.387297 -9.434507 0.842593
    endloop
  endfacet
  facet normal 0.480006 -0.445413 0.755779
    outer loop
      vertex -0.387297 -9.434507 0.842593
      vertex -0.944689 -9.510777 1.151651
      vertex -1.138801 -9.979404 0.998752
    endloop
  endfacet
  facet normal 0.480006 -0.445413 0.755779
    outer loop
      vertex -0.387297 -9.434507 0.842593
      vertex -1.138801 -9.979404 0.998752
      vertex -0.489348 -9.680879 0.762210
    endloop
  endfacet
  facet normal 0.504888 -0.635789 0.583832
    outer loop
      vertex -0.489348 -9.680879 0.762210
      vertex -1.138801 -9.979404 0.998752
      vertex -1.268502 -10.292531 0.769923
    endloop
  endfacet
  facet normal 0.504888 -0.635789 0.583832
    outer loop
      vertex -0.489348 -9.680879 0.762210
      vertex -1.268502 -10.292531 0.769923
      vertex -0.557536 -9.845499 0.641907
    endloop
  endfacet
  facet normal 0.547357 -0.803268 0.234861
    outer loop
      vertex -0.557536 -9.845499 0.641907
      vertex -1.268502 -10.292531 0.769923
      vertex -1.314047 -10.402487 0.500000
    endloop
  endfacet
  facet normal 0.547357 -0.803268 0.234861
    outer loop
      vertex -0.557536 -9.845499 0.641907
      vertex -1.314047 -10.402487 0.500000
      vertex -0.581481 -9.903307 0.500000
    endloop
  endfacet
  facet normal 0.820976 0.466854 0.328703
    outer loop
      vertex -0.117389 -7.513499 0.500000
      vertex -0.591208 -6.680275 0.500000
      vertex -0.653895 -6.831616 0.871517
    endloop
  endfacet
  facet normal 0.820976 0.466854 0.328703
    outer loop
      vertex -0.117389 -7.513499 0.500000
      vertex -0.653895 -6.831616 0.871517
      vertex -0.162934 -7.623455 0.769923
    endloop
  endfacet
  facet normal 0.612440 0.285132 0.737304
    outer loop
      vertex -0.162934 -7.623455 0.769923
      vertex -0.653895 -6.831616 0.871517
      vertex -0.832414 -7.262598 1.186474
    endloop
  endfacet
  facet normal 0.612440 0.285132 0.737304
    outer loop
      vertex -0.162934 -7.623455 0.769923
      vertex -0.832414 -7.262598 1.186474
      vertex -0.292636 -7.936582 0.998752
    endloop
  endfacet
  facet normal 0.443038 0.106902 0.890106
    outer loop
      vertex -0.292636 -7.936582 0.998752
      vertex -0.832414 -7.262598 1.186474
      vertex -1.099586 -7.907608 1.396921
    endloop
  endfacet
  facet normal 0.443038 0.106902 0.890106
    outer loop
      vertex -0.292636 -7.936582 0.998752
      vertex -1.099586 -7.907608 1.396921
      vertex -0.486748 -8.405209 1.151651
    endloop
  endfacet
  facet normal 0.337082 -0.048301 0.940235
    outer loop
      vertex -0.486748 -8.405209 1.151651
      vertex -1.099586 -7.907608 1.396921
      vertex -1.414737 -8.668450 1.470820
    endloop
  endfacet
  facet normal 0.337082 -0.048301 0.940235
    outer loop
      vertex -0.486748 -8.405209 1.151651
      vertex -1.414737 -8.668450 1.470820
      vertex -0.715718 -8.957993 1.205342
    endloop
  endfacet
  facet normal 0.272507 -0.204200 0.940235
    outer loop
      vertex -0.715718 -8.957993 1.205342
      vertex -1.414737 -8.668450 1.470820
      vertex -1.729888 -9.429292 1.396921
    endloop
  endfacet
  facet normal 0.272507 -0.204200 0.940235
    outer loop
      vertex -0.715718 -8.957993 1.205342
      vertex -1.729888 -9.429292 1.396921
      vertex -0.944689 -9.510777 1.151651
    endloop
  endfacet
  facet normal 0.237684 -0.388867 0.890106
    outer loop
      vertex -0.944689 -9.510777 1.151651
      vertex -1.729888 -9.429292 1.396921
      vertex -1.997060 -10.074302 1.186474
    endloop
  endfacet
  facet normal 0.237684 -0.388867 0.890106
    outer loop
      vertex -0.944689 -9.510777 1.151651
      vertex -1.997060 -10.074302 1.186474
      vertex -1.138801 -9.979404 0.998752
    endloop
  endfacet
  facet normal 0.231442 -0.634679 0.737304
    outer loop
      vertex -1.138801 -9.979404 0.998752
      vertex -1.997060 -10.074302 1.186474
      vertex -2.175579 -10.505284 0.871517
    endloop
  endfacet
  facet normal 0.231442 -0.634679 0.737304
    outer loop
      vertex -1.138801 -9.979404 0.998752
      vertex -2.175579 -10.505284 0.871517
      vertex -1.268502 -10.292531 0.769923
    endloop
  endfacet
  facet normal 0.250402 -0.910633 0.328703
    outer loop
      vertex -1.268502 -10.292531 0.769923
      vertex -2.175579 -10.505284 0.871517
      vertex -2.238266 -10.656625 0.500000
    endloop
  endfacet
  facet normal 0.250402 -0.910633 0.328703
    outer loop
      vertex -1.268502 -10.292531 0.769923
      vertex -2.238266 -10.656625 0.500000
      vertex -1.314047 -10.402487 0.500000
    endloop
  endfacet
  facet normal 0.644128 0.664264 0.379280
    outer loop
      vertex -0.591208 -6.680275 0.500000
      vertex -1.327436 -5.966364 0.500000
      vertex -1.401129 -6.144276 0.936744
    endloop
  endfacet
  facet normal 0.644128 0.664264 0.379280
    outer loop
      vertex -0.591208 -6.680275 0.500000
      vertex -1.401129 -6.144276 0.936744
      vertex -0.653895 -6.831616 0.871517
    endloop
  endfacet
  facet normal 0.440965 0.403300 0.801810
    outer loop
      vertex -0.653895 -6.831616 0.871517
      vertex -1.401129 -6.144276 0.936744
      vertex -1.610990 -6.650926 1.306998
    endloop
  endfacet
  facet normal 0.440965 0.403300 0.801810
    outer loop
      vertex -0.653895 -6.831616 0.871517
      vertex -1.610990 -6.650926 1.306998
      vertex -0.832414 -7.262598 1.186474
    endloop
  endfacet
  facet normal 0.291113 0.185624 0.938508
    outer loop
      vertex -0.832414 -7.262598 1.186474
      vertex -1.610990 -6.650926 1.306998
      vertex -1.925070 -7.409181 1.554394
    endloop
  endfacet
  facet normal 0.291113 0.185624 0.938508
    outer loop
      vertex -0.832414 -7.262598 1.186474
      vertex -1.925070 -7.409181 1.554394
      vertex -1.099586 -7.907608 1.396921
    endloop
  endfacet
  facet normal 0.195636 0.014206 0.980574
    outer loop
      vertex -1.099586 -7.907608 1.396921
      vertex -1.925070 -7.409181 1.554394
      vertex -2.295552 -8.303604 1.641268
    endloop
  endfacet
  facet normal 0.195636 0.014206 0.980574
    outer loop
      vertex -1.099586 -7.907608 1.396921
      vertex -2.295552 -8.303604 1.641268
      vertex -1.414737 -8.668450 1.470820
    endloop
  endfacet
  facet normal 0.128290 -0.148381 0.980574
    outer loop
      vertex -1.414737 -8.668450 1.470820
      vertex -2.295552 -8.303604 1.641268
      vertex -2.666034 -9.198027 1.554394
    endloop
  endfacet
  facet normal 0.128290 -0.148381 0.980574
    outer loop
      vertex -1.414737 -8.668450 1.470820
      vertex -2.666034 -9.198027 1.554394
      vertex -1.729888 -9.429292 1.396921
    endloop
  endfacet
  facet normal 0.074592 -0.337104 0.938508
    outer loop
      vertex -1.729888 -9.429292 1.396921
      vertex -2.666034 -9.198027 1.554394
      vertex -2.980114 -9.956283 1.306998
    endloop
  endfacet
  facet normal 0.074592 -0.337104 0.938508
    outer loop
      vertex -1.729888 -9.429292 1.396921
      vertex -2.980114 -9.956283 1.306998
      vertex -1.997060 -10.074302 1.186474
    endloop
  endfacet
  facet normal 0.026633 -0.596985 0.801810
    outer loop
      vertex -1.997060 -10.074302 1.186474
      vertex -2.980114 -9.956283 1.306998
      vertex -3.189975 -10.462933 0.936744
    endloop
  endfacet
  facet normal 0.026633 -0.596985 0.801810
    outer loop
      vertex -1.997060 -10.074302 1.186474
      vertex -3.189975 -10.462933 0.936744
      vertex -2.175579 -10.505284 0.871517
    endloop
  endfacet
  facet normal -0.014238 -0.925172 0.379280
    outer loop
      vertex -2.175579 -10.505284 0.871517
      vertex -3.189975 -10.462933 0.936744
      vertex -3.263669 -10.640844 0.500000
    endloop
  endfacet
  facet normal -0.014238 -0.925172 0.379280
    outer loop
      vertex -2.175579 -10.505284 0.871517
      vertex -3.263669 -10.640844 0.500000
      vertex -2.238266 -10.656625 0.500000
    endloop
  endfacet
  facet normal 0.451435 0.797170 0.400907
    outer loop
      vertex -1.327436 -5.966364 0.500000
      vertex -2.254005 -5.441650 0.500000
      vertex -2.331491 -5.628718 0.959220
    endloop
  endfacet
  facet normal 0.451435 0.797170 0.400907
    outer loop
      vertex -1.327436 -5.966364 0.500000
      vertex -2.331491 -5.628718 0.959220
      vertex -1.401129 -6.144276 0.936744
    endloop
  endfacet
  facet normal 0.288305 0.484256 0.826061
    outer loop
      vertex -1.401129 -6.144276 0.936744
      vertex -2.331491 -5.628718 0.959220
      vertex -2.552153 -6.161441 1.348528
    endloop
  endfacet
  facet normal 0.288305 0.484256 0.826061
    outer loop
      vertex -1.401129 -6.144276 0.936744
      vertex -2.552153 -6.161441 1.348528
      vertex -1.610990 -6.650926 1.306998
    endloop
  endfacet
  facet normal 0.168101 0.242143 0.955567
    outer loop
      vertex -1.610990 -6.650926 1.306998
      vertex -2.552153 -6.161441 1.348528
      vertex -2.882395 -6.958718 1.608655
    endloop
  endfacet
  facet normal 0.168101 0.242143 0.955567
    outer loop
      vertex -1.610990 -6.650926 1.306998
      vertex -2.882395 -6.958718 1.608655
      vertex -1.925070 -7.409181 1.554394
    endloop
  endfacet
  facet normal 0.085210 0.061297 0.994476
    outer loop
      vertex -1.925070 -7.409181 1.554394
      vertex -2.882395 -6.958718 1.608655
      vertex -3.271943 -7.899170 1.700000
    endloop
  endfacet
  facet normal 0.085210 0.061297 0.994476
    outer loop
      vertex -1.925070 -7.409181 1.554394
      vertex -3.271943 -7.899170 1.700000
      vertex -2.295552 -8.303604 1.641268
    endloop
  endfacet
  facet normal 0.016909 -0.103596 0.994476
    outer loop
      vertex -2.295552 -8.303604 1.641268
      vertex -3.271943 -7.899170 1.700000
      vertex -3.661491 -8.839622 1.608655
    endloop
  endfacet
  facet normal 0.016909 -0.103596 0.994476
    outer loop
      vertex -2.295552 -8.303604 1.641268
      vertex -3.661491 -8.839622 1.608655
      vertex -2.666034 -9.198027 1.554394
    endloop
  endfacet
  facet normal -0.052356 -0.290086 0.955567
    outer loop
      vertex -2.666034 -9.198027 1.554394
      vertex -3.661491 -8.839622 1.608655
      vertex -3.991734 -9.636899 1.348528
    endloop
  endfacet
  facet normal -0.052356 -0.290086 0.955567
    outer loop
      vertex -2.666034 -9.198027 1.554394
      vertex -3.991734 -9.636899 1.348528
      vertex -2.980114 -9.956283 1.306998
    endloop
  endfacet
  facet normal -0.138558 -0.546283 0.826061
    outer loop
      vertex -2.980114 -9.956283 1.306998
      vertex -3.991734 -9.636899 1.348528
      vertex -4.212395 -10.169622 0.959220
    endloop
  endfacet
  facet normal -0.138558 -0.546283 0.826061
    outer loop
      vertex -2.980114 -9.956283 1.306998
      vertex -4.212395 -10.169622 0.959220
      vertex -3.189975 -10.462933 0.936744
    endloop
  endfacet
  facet normal -0.244471 -0.882897 0.400907
    outer loop
      vertex -3.189975 -10.462933 0.936744
      vertex -4.212395 -10.169622 0.959220
      vertex -4.289881 -10.356690 0.500000
    endloop
  endfacet
  facet normal -0.244471 -0.882897 0.400907
    outer loop
      vertex -3.189975 -10.462933 0.936744
      vertex -4.289881 -10.356690 0.500000
      vertex -3.263669 -10.640844 0.500000
    endloop
  endfacet
  facet normal 0.244471 0.882897 0.400907
    outer loop
      vertex -2.254005 -5.441650 0.500000
      vertex -3.280218 -5.157496 0.500000
      vertex -3.353911 -5.335407 0.936744
    endloop
  endfacet
  facet normal 0.244471 0.882897 0.400907
    outer loop
      vertex -2.254005 -5.441650 0.500000
      vertex -3.353911 -5.335407 0.936744
      vertex -2.331491 -5.628718 0.959220
    endloop
  endfacet
  facet normal 0.138558 0.546283 0.826061
    outer loop
      vertex -2.331491 -5.628718 0.959220
      vertex -3.353911 -5.335407 0.936744
      vertex -3.563773 -5.842057 1.306998
    endloop
  endfacet
  facet normal 0.138558 0.546283 0.826061
    outer loop
      vertex -2.331491 -5.628718 0.959220
      vertex -3.563773 -5.842057 1.306998
      vertex -2.552153 -6.161441 1.348528
    endloop
  endfacet
  facet normal 0.052356 0.290086 0.955567
    outer loop
      vertex -2.552153 -6.161441 1.348528
      vertex -3.563773 -5.842057 1.306998
      vertex -3.877852 -6.600313 1.554394
    endloop
  endfacet
  facet normal 0.052356 0.290086 0.955567
    outer loop
      vertex -2.552153 -6.161441 1.348528
      vertex -3.877852 -6.600313 1.554394
      vertex -2.882395 -6.958718 1.608655
    endloop
  endfacet
  facet normal -0.016909 0.103596 0.994476
    outer loop
      vertex -2.882395 -6.958718 1.608655
      vertex -3.877852 -6.600313 1.554394
      vertex -4.248334 -7.494736 1.641268
    endloop
  endfacet
  facet normal -0.016909 0.103596 0.994476
    outer loop
      vertex -2.882395 -6.958718 1.608655
      vertex -4.248334 -7.494736 1.641268
      vertex -3.271943 -7.899170 1.700000
    endloop
  endfacet
  facet normal -0.085210 -0.061297 0.994476
    outer loop
      vertex -3.271943 -7.899170 1.700000
      vertex -4.248334 -7.494736 1.641268
      vertex -4.618817 -8.389159 1.554394
    endloop
  endfacet
  facet normal -0.085210 -0.061297 0.994476
    outer loop
      vertex -3.271943 -7.899170 1.700000
      vertex -4.618817 -8.389159 1.554394
      vertex -3.661491 -8.839622 1.608655
    endloop
  endfacet
  facet normal -0.168101 -0.242143 0.955567
    outer loop
      vertex -3.661491 -8.839622 1.608655
      vertex -4.618817 -8.389159 1.554394
      vertex -4.932896 -9.147414 1.306998
    endloop
  endfacet
  facet normal -0.168101 -0.242143 0.955567
    outer loop
      vertex -3.661491 -8.839622 1.608655
      vertex -4.932896 -9.147414 1.306998
      vertex -3.991734 -9.636899 1.348528
    endloop
  endfacet
  facet normal -0.288305 -0.484256 0.826061
    outer loop
      vertex -3.991734 -9.636899 1.348528
      vertex -4.932896 -9.147414 1.306998
      vertex -5.142757 -9.654064 0.936744
    endloop
  endfacet
  facet normal -0.288305 -0.484256 0.826061
    outer loop
      vertex -3.991734 -9.636899 1.348528
      vertex -5.142757 -9.654064 0.936744
      vertex -4.212395 -10.169622 0.959220
    endloop
  endfacet
  facet normal -0.451435 -0.797170 0.400907
    outer loop
      vertex -4.212395 -10.169622 0.959220
      vertex -5.142757 -9.654064 0.936744
      vertex -5.216451 -9.831976 0.500000
    endloop
  endfacet
  facet normal -0.451435 -0.797170 0.400907
    outer loop
      vertex -4.212395 -10.169622 0.959220
      vertex -5.216451 -9.831976 0.500000
      vertex -4.289881 -10.356690 0.500000
    endloop
  endfacet
  facet normal 0.014238 0.925172 0.379280
    outer loop
      vertex -3.280218 -5.157496 0.500000
      vertex -4.305621 -5.141715 0.500000
      vertex -4.368308 -5.293056 0.871517
    endloop
  endfacet
  facet normal 0.014238 0.925172 0.379280
    outer loop
      vertex -3.280218 -5.157496 0.500000
      vertex -4.368308 -5.293056 0.871517
      vertex -3.353911 -5.335407 0.936744
    endloop
  endfacet
  facet normal -0.026633 0.596985 0.801810
    outer loop
      vertex -3.353911 -5.335407 0.936744
      vertex -4.368308 -5.293056 0.871517
      vertex -4.546827 -5.724038 1.186474
    endloop
  endfacet
  facet normal -0.026633 0.596985 0.801810
    outer loop
      vertex -3.353911 -5.335407 0.936744
      vertex -4.546827 -5.724038 1.186474
      vertex -3.563773 -5.842057 1.306998
    endloop
  endfacet
  facet normal -0.074592 0.337104 0.938508
    outer loop
      vertex -3.563773 -5.842057 1.306998
      vertex -4.546827 -5.724038 1.186474
      vertex -4.813999 -6.369048 1.396921
    endloop
  endfacet
  facet normal -0.074592 0.337104 0.938508
    outer loop
      vertex -3.563773 -5.842057 1.306998
      vertex -4.813999 -6.369048 1.396921
      vertex -3.877852 -6.600313 1.554394
    endloop
  endfacet
  facet normal -0.128290 0.148381 0.980574
    outer loop
      vertex -3.877852 -6.600313 1.554394
      vertex -4.813999 -6.369048 1.396921
      vertex -5.129150 -7.129890 1.470820
    endloop
  endfacet
  facet normal -0.128290 0.148381 0.980574
    outer loop
      vertex -3.877852 -6.600313 1.554394
      vertex -5.129150 -7.129890 1.470820
      vertex -4.248334 -7.494736 1.641268
    endloop
  endfacet
  facet normal -0.195636 -0.014206 0.980574
    outer loop
      vertex -4.248334 -7.494736 1.641268
      vertex -5.129150 -7.129890 1.470820
      vertex -5.444301 -7.890732 1.396921
    endloop
  endfacet
  facet normal -0.195636 -0.014206 0.980574
    outer loop
      vertex -4.248334 -7.494736 1.641268
      vertex -5.444301 -7.890732 1.396921
      vertex -4.618817 -8.389159 1.554394
    endloop
  endfacet
  facet normal -0.291113 -0.185624 0.938508
    outer loop
      vertex -4.618817 -8.389159 1.554394
      vertex -5.444301 -7.890732 1.396921
      vertex -5.711473 -8.535742 1.186474
    endloop
  endfacet
  facet normal -0.291113 -0.185624 0.938508
    outer loop
      vertex -4.618817 -8.389159 1.554394
      vertex -5.711473 -8.535742 1.186474
      vertex -4.932896 -9.147414 1.306998
    endloop
  endfacet
  facet normal -0.440965 -0.403300 0.801810
    outer loop
      vertex -4.932896 -9.147414 1.306998
      vertex -5.711473 -8.535742 1.186474
      vertex -5.889991 -8.966724 0.871517
    endloop
  endfacet
  facet normal -0.440965 -0.403300 0.801810
    outer loop
      vertex -4.932896 -9.147414 1.306998
      vertex -5.889991 -8.966724 0.871517
      vertex -5.142757 -9.654064 0.936744
    endloop
  endfacet
  facet normal -0.644128 -0.664264 0.379280
    outer loop
      vertex -5.142757 -9.654064 0.936744
      vertex -5.889991 -8.966724 0.871517
      vertex -5.952679 -9.118065 0.500000
    endloop
  endfacet
  facet normal -0.644128 -0.664264 0.379280
    outer loop
      vertex -5.142757 -9.654064 0.936744
      vertex -5.952679 -9.118065 0.500000
      vertex -5.216451 -9.831976 0.500000
    endloop
  endfacet
  facet normal -0.250402 0.910633 0.328703
    outer loop
      vertex -4.305621 -5.141715 0.500000
      vertex -5.229840 -5.395853 0.500000
      vertex -5.275385 -5.505809 0.769923
    endloop
  endfacet
  facet normal -0.250402 0.910633 0.328703
    outer loop
      vertex -4.305621 -5.141715 0.500000
      vertex -5.275385 -5.505809 0.769923
      vertex -4.368308 -5.293056 0.871517
    endloop
  endfacet
  facet normal -0.231442 0.634679 0.737304
    outer loop
      vertex -4.368308 -5.293056 0.871517
      vertex -5.275385 -5.505809 0.769923
      vertex -5.405086 -5.818936 0.998752
    endloop
  endfacet
  facet normal -0.231442 0.634679 0.737304
    outer loop
      vertex -4.368308 -5.293056 0.871517
      vertex -5.405086 -5.818936 0.998752
      vertex -4.546827 -5.724038 1.186474
    endloop
  endfacet
  facet normal -0.237684 0.388867 0.890106
    outer loop
      vertex -4.546827 -5.724038 1.186474
      vertex -5.405086 -5.818936 0.998752
      vertex -5.599198 -6.287563 1.151651
    endloop
  endfacet
  facet normal -0.237684 0.388867 0.890106
    outer loop
      vertex -4.546827 -5.724038 1.186474
      vertex -5.599198 -6.287563 1.151651
      vertex -4.813999 -6.369048 1.396921
    endloop
  endfacet
  facet normal -0.272507 0.204200 0.940235
    outer loop
      vertex -4.813999 -6.369048 1.396921
      vertex -5.599198 -6.287563 1.151651
      vertex -5.828168 -6.840347 1.205342
    endloop
  endfacet
  facet normal -0.272507 0.204200 0.940235
    outer loop
      vertex -4.813999 -6.369048 1.396921
      vertex -5.828168 -6.840347 1.205342
      vertex -5.129150 -7.129890 1.470820
    endloop
  endfacet
  facet normal -0.337082 0.048301 0.940235
    outer loop
      vertex -5.129150 -7.129890 1.470820
      vertex -5.828168 -6.840347 1.205342
      vertex -6.057139 -7.393131 1.151651
    endloop
  endfacet
  facet normal -0.337082 0.048301 0.940235
    outer loop
      vertex -5.129150 -7.129890 1.470820
      vertex -6.057139 -7.393131 1.151651
      vertex -5.444301 -7.890732 1.396921
    endloop
  endfacet
  facet normal -0.443038 -0.106902 0.890106
    outer loop
      vertex -5.444301 -7.890732 1.396921
      vertex -6.057139 -7.393131 1.151651
      vertex -6.251251 -7.861758 0.998752
    endloop
  endfacet
  facet normal -0.443038 -0.106902 0.890106
    outer loop
      vertex -5.444301 -7.890732 1.396921
      vertex -6.251251 -7.861758 0.998752
      vertex -5.711473 -8.535742 1.186474
    endloop
  endfacet
  facet normal -0.612440 -0.285132 0.737304
    outer loop
      vertex -5.711473 -8.535742 1.186474
      vertex -6.251251 -7.861758 0.998752
      vertex -6.380952 -8.174885 0.769923
    endloop
  endfacet
  facet normal -0.612440 -0.285132 0.737304
    outer loop
      vertex -5.711473 -8.535742 1.186474
      vertex -6.380952 -8.174885 0.769923
      vertex -5.889991 -8.966724 0.871517
    endloop
  endfacet
  facet normal -0.820976 -0.466854 0.328703
    outer loop
      vertex -5.889991 -8.966724 0.871517
      vertex -6.380952 -8.174885 0.769923
      vertex -6.426497 -8.284841 0.500000
    endloop
  endfacet
  facet normal -0.820976 -0.466854 0.328703
    outer loop
      vertex -5.889991 -8.966724 0.871517
      vertex -6.426497 -8.284841 0.500000
      vertex -5.952679 -9.118065 0.500000
    endloop
  endfacet
  facet normal -0.547357 0.803268 0.234861
    outer loop
      vertex -5.229840 -5.395853 0.500000
      vertex -5.962406 -5.895033 0.500000
      vertex -5.986351 -5.952841 0.641907
    endloop
  endfacet
  facet normal -0.547357 0.803268 0.234861
    outer loop
      vertex -5.229840 -5.395853 0.500000
      vertex -5.986351 -5.952841 0.641907
      vertex -5.275385 -5.505809 0.769923
    endloop
  endfacet
  facet normal -0.504888 0.635789 0.583832
    outer loop
      vertex -5.275385 -5.505809 0.769923
      vertex -5.986351 -5.952841 0.641907
      vertex -6.054539 -6.117461 0.762210
    endloop
  endfacet
  facet normal -0.504888 0.635789 0.583832
    outer loop
      vertex -5.275385 -5.505809 0.769923
      vertex -6.054539 -6.117461 0.762210
      vertex -5.405086 -5.818936 0.998752
    endloop
  endfacet
  facet normal -0.480006 0.445413 0.755779
    outer loop
      vertex -5.405086 -5.818936 0.998752
      vertex -6.054539 -6.117461 0.762210
      vertex -6.156589 -6.363833 0.842593
    endloop
  endfacet
  facet normal -0.480006 0.445413 0.755779
    outer loop
      vertex -5.405086 -5.818936 0.998752
      vertex -6.156589 -6.363833 0.842593
      vertex -5.599198 -6.287563 1.151651
    endloop
  endfacet
  facet normal -0.494360 0.284548 0.821365
    outer loop
      vertex -5.599198 -6.287563 1.151651
      vertex -6.156589 -6.363833 0.842593
      vertex -6.276966 -6.654449 0.870820
    endloop
  endfacet
  facet normal -0.494360 0.284548 0.821365
    outer loop
      vertex -5.599198 -6.287563 1.151651
      vertex -6.276966 -6.654449 0.870820
      vertex -5.828168 -6.840347 1.205342
    endloop
  endfacet
  facet normal -0.550771 0.148359 0.821365
    outer loop
      vertex -5.828168 -6.840347 1.205342
      vertex -6.276966 -6.654449 0.870820
      vertex -6.397343 -6.945064 0.842593
    endloop
  endfacet
  facet normal -0.550771 0.148359 0.821365
    outer loop
      vertex -5.828168 -6.840347 1.205342
      vertex -6.397343 -6.945064 0.842593
      vertex -6.057139 -7.393131 1.151651
    endloop
  endfacet
  facet normal -0.654370 0.024461 0.755779
    outer loop
      vertex -6.057139 -7.393131 1.151651
      vertex -6.397343 -6.945064 0.842593
      vertex -6.499394 -7.191436 0.762210
    endloop
  endfacet
  facet normal -0.654370 0.024461 0.755779
    outer loop
      vertex -6.057139 -7.393131 1.151651
      vertex -6.499394 -7.191436 0.762210
      vertex -6.251251 -7.861758 0.998752
    endloop
  endfacet
  facet normal -0.806580 -0.092561 0.583832
    outer loop
      vertex -6.251251 -7.861758 0.998752
      vertex -6.499394 -7.191436 0.762210
      vertex -6.567582 -7.356057 0.641907
    endloop
  endfacet
  facet normal -0.806580 -0.092561 0.583832
    outer loop
      vertex -6.251251 -7.861758 0.998752
      vertex -6.567582 -7.356057 0.641907
      vertex -6.380952 -8.174885 0.769923
    endloop
  endfacet
  facet normal -0.955037 -0.180956 0.234861
    outer loop
      vertex -6.380952 -8.174885 0.769923
      vertex -6.567582 -7.356057 0.641907
      vertex -6.591526 -7.413864 0.500000
    endloop
  endfacet
  facet normal -0.955037 -0.180956 0.234861
    outer loop
      vertex -6.380952 -8.174885 0.769923
      vertex -6.591526 -7.413864 0.500000
      vertex -6.426497 -8.284841 0.500000
    endloop
  endfacet
  facet normal 0.000000 0.000000 1.000000
    outer loop
      vertex -5.962406 -5.895033 0.500000
      vertex -6.431611 -6.590393 0.500000
      vertex -6.431611 -6.590393 0.500000
    endloop
  endfacet
  facet normal -0.825748 0.557188 0.087644
    outer loop
      vertex -5.962406 -5.895033 0.500000
      vertex -6.431611 -6.590393 0.500000
      vertex -5.986351 -5.952841 0.641907
    endloop
  endfacet
  facet normal 0.000000 0.000000 1.000000
    outer loop
      vertex -5.986351 -5.952841 0.641907
      vertex -6.431611 -6.590393 0.500000
      vertex -6.431611 -6.590393 0.500000
    endloop
  endfacet
  facet normal -0.819691 0.518082 0.244331
    outer loop
      vertex -5.986351 -5.952841 0.641907
      vertex -6.431611 -6.590393 0.500000
      vertex -6.054539 -6.117461 0.762210
    endloop
  endfacet
  facet normal 0.000000 0.000000 1.000000
    outer loop
      vertex -6.054539 -6.117461 0.762210
      vertex -6.431611 -6.590393 0.500000
      vertex -6.431611 -6.590393 0.500000
    endloop
  endfacet
  facet normal -0.816904 0.454311 0.355344
    outer loop
      vertex -6.054539 -6.117461 0.762210
      vertex -6.431611 -6.590393 0.500000
      vertex -6.156589 -6.363833 0.842593
    endloop
  endfacet
  facet normal 0.000000 0.000000 1.000000
    outer loop
      vertex -6.156589 -6.363833 0.842593
      vertex -6.431611 -6.590393 0.500000
      vertex -6.431611 -6.590393 0.500000
    endloop
  endfacet
  facet normal -0.827373 0.382643 0.411142
    outer loop
      vertex -6.156589 -6.363833 0.842593
      vertex -6.431611 -6.590393 0.500000
      vertex -6.276966 -6.654449 0.870820
    endloop
  endfacet
  facet normal 0.000000 0.000000 1.000000
    outer loop
      vertex -6.276966 -6.654449 0.870820
      vertex -6.431611 -6.590393 0.500000
      vertex -6.431611 -6.590393 0.500000
    endloop
  endfacet
  facet normal -0.855611 0.314472 0.411142
    outer loop
      vertex -6.276966 -6.654449 0.870820
      vertex -6.431611 -6.590393 0.500000
      vertex -6.397343 -6.945064 0.842593
    endloop
  endfacet
  facet normal 0.000000 0.000000 1.000000
    outer loop
      vertex -6.397343 -6.945064 0.842593
      vertex -6.431611 -6.590393 0.500000
      vertex -6.431611 -6.590393 0.500000
    endloop
  endfacet
  facet normal -0.898885 0.256392 0.355344
    outer loop
      vertex -6.397343 -6.945064 0.842593
      vertex -6.431611 -6.590393 0.500000
      vertex -6.499394 -7.191436 0.762210
    endloop
  endfacet
  facet normal 0.000000 0.000000 1.000000
    outer loop
      vertex -6.499394 -7.191436 0.762210
      vertex -6.431611 -6.590393 0.500000
      vertex -6.431611 -6.590393 0.500000
    endloop
  endfacet
  facet normal -0.945948 0.213270 0.244331
    outer loop
      vertex -6.499394 -7.191436 0.762210
      vertex -6.431611 -6.590393 0.500000
      vertex -6.567582 -7.356057 0.641907
    endloop
  endfacet
  facet normal 0.000000 0.000000 1.000000
    outer loop
      vertex -6.567582 -7.356057 0.641907
      vertex -6.431611 -6.590393 0.500000
      vertex -6.431611 -6.590393 0.500000
    endloop
  endfacet
  facet normal -0.977883 0.189901 0.087644
    outer loop
      vertex -6.567582 -7.356057 0.641907
      vertex -6.431611 -6.590393 0.500000
      vertex -6.591526 -7.413864 0.500000
    endloop
  endfacet
  facet normal 0.825748 0.557188 0.087644
    outer loop
      vertex 6.431611 -6.590393 0.500000
      vertex 5.962406 -5.895033 0.500000
      vertex 5.986351 -5.952841 0.641907
    endloop
  endfacet
  facet normal 0.000000 0.000000 1.000000
    outer loop
      vertex 6.431611 -6.590393 0.500000
      vertex 5.986351 -5.952841 0.641907
      vertex 6.431611 -6.590393 0.500000
    endloop
  endfacet
  facet normal 0.819691 0.518082 0.244331
    outer loop
      vertex 6.431611 -6.590393 0.500000
      vertex 5.986351 -5.952841 0.641907
      vertex 6.054539 -6.117461 0.762210
    endloop
  endfacet
  facet normal 0.000000 0.000000 1.000000
    outer loop
      vertex 6.431611 -6.590393 0.500000
      vertex 6.054539 -6.117461 0.762210
      vertex 6.431611 -6.590393 0.500000
    endloop
  endfacet
  facet normal 0.816904 0.454311 0.355344
    outer loop
      vertex 6.431611 -6.590393 0.500000
      vertex 6.054539 -6.117461 0.762210
      vertex 6.156589 -6.363833 0.842593
    endloop
  endfacet
  facet normal 0.000000 0.000000 1.000000
    outer loop
      vertex 6.431611 -6.590393 0.500000
      vertex 6.156589 -6.363833 0.842593
      vertex 6.431611 -6.590393 0.500000
    endloop
  endfacet
  facet normal 0.827373 0.382643 0.411142
    outer loop
      vertex 6.431611 -6.590393 0.500000
      vertex 6.156589 -6.363833 0.842593
      vertex 6.276966 -6.654449 0.870820
    endloop
  endfacet
  facet normal 0.000000 0.000000 1.000000
    outer loop
      vertex 6.431611 -6.590393 0.500000
      vertex 6.276966 -6.654449 0.870820
      vertex 6.431611 -6.590393 0.500000
    endloop
  endfacet
  facet normal 0.855611 0.314472 0.411142
    outer loop
      vertex 6.431611 -6.590393 0.500000
      vertex 6.276966 -6.654449 0.870820
      vertex 6.397343 -6.945064 0.842593
    endloop
  endfacet
  facet normal 0.000000 0.000000 1.000000
    outer loop
      vertex 6.431611 -6.590393 0.500000
      vertex 6.397343 -6.945064 0.842593
      vertex 6.431611 -6.590393 0.500000
    endloop
  endfacet
  facet normal 0.898885 0.256392 0.355344
    outer loop
      vertex 6.431611 -6.590393 0.500000
      vertex 6.397343 -6.945064 0.842593
      vertex 6.499394 -7.191436 0.762210
    endloop
  endfacet
  facet normal 0.000000 0.000000 1.000000
    outer loop
      vertex 6.431611 -6.590393 0.500000
      vertex 6.499394 -7.191436 0.762210
      vertex 6.431611 -6.590393 0.500000
    endloop
  endfacet
  facet normal 0.945948 0.213270 0.244331
    outer loop
      vertex 6.431611 -6.590393 0.500000
      vertex 6.499394 -7.191436 0.762210
      vertex 6.567582 -7.356057 0.641907
    endloop
  endfacet
  facet normal 0.000000 0.000000 1.000000
    outer loop
      vertex 6.431611 -6.590393 0.500000
      vertex 6.567582 -7.356057 0.641907
      vertex 6.431611 -6.590393 0.500000
    endloop
  endfacet
  facet normal 0.977883 0.189901 0.087644
    outer loop
      vertex 6.431611 -6.590393 0.500000
      vertex 6.567582 -7.356057 0.641907
      vertex 6.591526 -7.413864 0.500000
    endloop
  endfacet
  facet normal 0.000000 0.000000 1.000000
    outer loop
      vertex 6.431611 -6.590393 0.500000
      vertex 6.591526 -7.413864 0.500000
      vertex 6.431611 -6.590393 0.500000
    endloop
  endfacet
  facet normal 0.547357 0.803268 0.234861
    outer loop
      vertex 5.962406 -5.895033 0.500000
      vertex 5.229840 -5.395853 0.500000
      vertex 5.275385 -5.505809 0.769923
    endloop
  endfacet
  facet normal 0.547357 0.803268 0.234861
    outer loop
      vertex 5.962406 -5.895033 0.500000
      vertex 5.275385 -5.505809 0.769923
      vertex 5.986351 -5.952841 0.641907
    endloop
  endfacet
  facet normal 0.504888 0.635789 0.583832
    outer loop
      vertex 5.986351 -5.952841 0.641907
      vertex 5.275385 -5.505809 0.769923
      vertex 5.405086 -5.818936 0.998752
    endloop
  endfacet
  facet normal 0.504888 0.635789 0.583832
    outer loop
      vertex 5.986351 -5.952841 0.641907
      vertex 5.405086 -5.818936 0.998752
      vertex 6.054539 -6.117461 0.762210
    endloop
  endfacet
  facet normal 0.480006 0.445413 0.755779
    outer loop
      vertex 6.054539 -6.117461 0.762210
      vertex 5.405086 -5.818936 0.998752
      vertex 5.599198 -6.287563 1.151651
    endloop
  endfacet
  facet normal 0.480006 0.445413 0.755779
    outer loop
      vertex 6.054539 -6.117461 0.762210
      vertex 5.599198 -6.287563 1.151651
      vertex 6.156589 -6.363833 0.842593
    endloop
  endfacet
  facet normal 0.494360 0.284548 0.821365
    outer loop
      vertex 6.156589 -6.363833 0.842593
      vertex 5.599198 -6.287563 1.151651
      vertex 5.828168 -6.840347 1.205342
    endloop
  endfacet
  facet normal 0.494360 0.284548 0.821365
    outer loop
      vertex 6.156589 -6.363833 0.842593
      vertex 5.828168 -6.840347 1.205342
      vertex 6.276966 -6.654449 0.870820
    endloop
  endfacet
  facet normal 0.550771 0.148359 0.821365
    outer loop
      vertex 6.276966 -6.654449 0.870820
      vertex 5.828168 -6.840347 1.205342
      vertex 6.057139 -7.393131 1.151651
    endloop
  endfacet
  facet normal 0.550771 0.148359 0.821365
    outer loop
      vertex 6.276966 -6.654449 0.870820
      vertex 6.057139 -7.393131 1.151651
      vertex 6.397343 -6.945064 0.842593
    endloop
  endfacet
  facet normal 0.654370 0.024461 0.755779
    outer loop
      vertex 6.397343 -6.945064 0.842593
      vertex 6.057139 -7.393131 1.151651
      vertex 6.251251 -7.861758 0.998752
    endloop
  endfacet
  facet normal 0.654370 0.024461 0.755779
    outer loop
      vertex 6.397343 -6.945064 0.842593
      vertex 6.251251 -7.861758 0.998752
      vertex 6.499394 -7.191436 0.762210
    endloop
  endfacet
  facet normal 0.806580 -0.092561 0.583832
    outer loop
      vertex 6.499394 -7.191436 0.762210
      vertex 6.251251 -7.861758 0.998752
      vertex 6.380952 -8.174885 0.769923
    endloop
  endfacet
  facet normal 0.806580 -0.092561 0.583832
    outer loop
      vertex 6.499394 -7.191436 0.762210
      vertex 6.380952 -8.174885 0.769923
      vertex 6.567582 -7.356057 0.641907
    endloop
  endfacet
  facet normal 0.955037 -0.180956 0.234861
    outer loop
      vertex 6.567582 -7.356057 0.641907
      vertex 6.380952 -8.174885 0.769923
      vertex 6.426497 -8.284841 0.500000
    endloop
  endfacet
  facet normal 0.955037 -0.180956 0.234861
    outer loop
      vertex 6.567582 -7.356057 0.641907
      vertex 6.426497 -8.284841 0.500000
      vertex 6.591526 -7.413864 0.500000
    endloop
  endfacet
  facet normal 0.250402 0.910633 0.328703
    outer loop
      vertex 5.229840 -5.395853 0.500000
      vertex 4.305621 -5.141715 0.500000
      vertex 4.368308 -5.293056 0.871517
    endloop
  endfacet
  facet normal 0.250402 0.910633 0.328703
    outer loop
      vertex 5.229840 -5.395853 0.500000
      vertex 4.368308 -5.293056 0.871517
      vertex 5.275385 -5.505809 0.769923
    endloop
  endfacet
  facet normal 0.231442 0.634679 0.737304
    outer loop
      vertex 5.275385 -5.505809 0.769923
      vertex 4.368308 -5.293056 0.871517
      vertex 4.546827 -5.724038 1.186474
    endloop
  endfacet
  facet normal 0.231442 0.634679 0.737304
    outer loop
      vertex 5.275385 -5.505809 0.769923
      vertex 4.546827 -5.724038 1.186474
      vertex 5.405086 -5.818936 0.998752
    endloop
  endfacet
  facet normal 0.237684 0.388867 0.890106
    outer loop
      vertex 5.405086 -5.818936 0.998752
      vertex 4.546827 -5.724038 1.186474
      vertex 4.813999 -6.369048 1.396921
    endloop
  endfacet
  facet normal 0.237684 0.388867 0.890106
    outer loop
      vertex 5.405086 -5.818936 0.998752
      vertex 4.813999 -6.369048 1.396921
      vertex 5.599198 -6.287563 1.151651
    endloop
  endfacet
  facet normal 0.272507 0.204200 0.940235
    outer loop
      vertex 5.599198 -6.287563 1.151651
      vertex 4.813999 -6.369048 1.396921
      vertex 5.129150 -7.129890 1.470820
    endloop
  endfacet
  facet normal 0.272507 0.204200 0.940235
    outer loop
      vertex 5.599198 -6.287563 1.151651
      vertex 5.129150 -7.129890 1.470820
      vertex 5.828168 -6.840347 1.205342
    endloop
  endfacet
  facet normal 0.337082 0.048301 0.940235
    outer loop
      vertex 5.828168 -6.840347 1.205342
      vertex 5.129150 -7.129890 1.470820
      vertex 5.444301 -7.890732 1.396921
    endloop
  endfacet
  facet normal 0.337082 0.048301 0.940235
    outer loop
      vertex 5.828168 -6.840347 1.205342
      vertex 5.444301 -7.890732 1.396921
      vertex 6.057139 -7.393131 1.151651
    endloop
  endfacet
  facet normal 0.443038 -0.106902 0.890106
    outer loop
      vertex 6.057139 -7.393131 1.151651
      vertex 5.444301 -7.890732 1.396921
      vertex 5.711473 -8.535742 1.186474
    endloop
  endfacet
  facet normal 0.443038 -0.106902 0.890106
    outer loop
      vertex 6.057139 -7.393131 1.151651
      vertex 5.711473 -8.535742 1.186474
      vertex 6.251251 -7.861758 0.998752
    endloop
  endfacet
  facet normal 0.612440 -0.285132 0.737304
    outer loop
      vertex 6.251251 -7.861758 0.998752
      vertex 5.711473 -8.535742 1.186474
      vertex 5.889991 -8.966724 0.871517
    endloop
  endfacet
  facet normal 0.612440 -0.285132 0.737304
    outer loop
      vertex 6.251251 -7.861758 0.998752
      vertex 5.889991 -8.966724 0.871517
      vertex 6.380952 -8.174885 0.769923
    endloop
  endfacet
  facet normal 0.820976 -0.466854 0.328703
    outer loop
      vertex 6.380952 -8.174885 0.769923
      vertex 5.889991 -8.966724 0.871517
      vertex 5.952679 -9.118065 0.500000
    endloop
  endfacet
  facet normal 0.820976 -0.466854 0.328703
    outer loop
      vertex 6.380952 -8.174885 0.769923
      vertex 5.952679 -9.118065 0.500000
      vertex 6.426497 -8.284841 0.500000
    endloop
  endfacet
  facet normal -0.014238 0.925172 0.379280
    outer loop
      vertex 4.305621 -5.141715 0.500000
      vertex 3.280218 -5.157496 0.500000
      vertex 3.353911 -5.335407 0.936744
    endloop
  endfacet
  facet normal -0.014238 0.925172 0.379280
    outer loop
      vertex 4.305621 -5.141715 0.500000
      vertex 3.353911 -5.335407 0.936744
      vertex 4.368308 -5.293056 0.871517
    endloop
  endfacet
  facet normal 0.026633 0.596985 0.801810
    outer loop
      vertex 4.368308 -5.293056 0.871517
      vertex 3.353911 -5.335407 0.936744
      vertex 3.563773 -5.842057 1.306998
    endloop
  endfacet
  facet normal 0.026633 0.596985 0.801810
    outer loop
      vertex 4.368308 -5.293056 0.871517
      vertex 3.563773 -5.842057 1.306998
      vertex 4.546827 -5.724038 1.186474
    endloop
  endfacet
  facet normal 0.074592 0.337104 0.938508
    outer loop
      vertex 4.546827 -5.724038 1.186474
      vertex 3.563773 -5.842057 1.306998
      vertex 3.877852 -6.600313 1.554394
    endloop
  endfacet
  facet normal 0.074592 0.337104 0.938508
    outer loop
      vertex 4.546827 -5.724038 1.186474
      vertex 3.877852 -6.600313 1.554394
      vertex 4.813999 -6.369048 1.396921
    endloop
  endfacet
  facet normal 0.128290 0.148381 0.980574
    outer loop
      vertex 4.813999 -6.369048 1.396921
      vertex 3.877852 -6.600313 1.554394
      vertex 4.248334 -7.494736 1.641268
    endloop
  endfacet
  facet normal 0.128290 0.148381 0.980574
    outer loop
      vertex 4.813999 -6.369048 1.396921
      vertex 4.248334 -7.494736 1.641268
      vertex 5.129150 -7.129890 1.470820
    endloop
  endfacet
  facet normal 0.195636 -0.014206 0.980574
    outer loop
      vertex 5.129150 -7.129890 1.470820
      vertex 4.248334 -7.494736 1.641268
      vertex 4.618817 -8.389159 1.554394
    endloop
  endfacet
  facet normal 0.195636 -0.014206 0.980574
    outer loop
      vertex 5.129150 -7.129890 1.470820
      vertex 4.618817 -8.389159 1.554394
      vertex 5.444301 -7.890732 1.396921
    endloop
  endfacet
  facet normal 0.291113 -0.185624 0.938508
    outer loop
      vertex 5.444301 -7.890732 1.396921
      vertex 4.618817 -8.389159 1.554394
      vertex 4.932896 -9.147414 1.306998
    endloop
  endfacet
  facet normal 0.291113 -0.185624 0.938508
    outer loop
      vertex 5.444301 -7.890732 1.396921
      vertex 4.932896 -9.147414 1.306998
      vertex 5.711473 -8.535742 1.186474
    endloop
  endfacet
  facet normal 0.440965 -0.403300 0.801810
    outer loop
      vertex 5.711473 -8.535742 1.186474
      vertex 4.932896 -9.147414 1.306998
      vertex 5.142757 -9.654064 0.936744
    endloop
  endfacet
  facet normal 0.440965 -0.403300 0.801810
    outer loop
      vertex 5.711473 -8.535742 1.186474
      vertex 5.142757 -9.654064 0.936744
      vertex 5.889991 -8.966724 0.871517
    endloop
  endfacet
  facet normal 0.644128 -0.664264 0.379280
    outer loop
      vertex 5.889991 -8.966724 0.871517
      vertex 5.142757 -9.654064 0.936744
      vertex 5.216451 -9.831976 0.500000
    endloop
  endfacet
  facet normal 0.644128 -0.664264 0.379280
    outer loop
      vertex 5.889991 -8.966724 0.871517
      vertex 5.216451 -9.831976 0.500000
      vertex 5.952679 -9.118065 0.500000
    endloop
  endfacet
  facet normal -0.244471 0.882897 0.400907
    outer loop
      vertex 3.280218 -5.157496 0.500000
      vertex 2.254005 -5.441650 0.500000
      vertex 2.331491 -5.628718 0.959220
    endloop
  endfacet
  facet normal -0.244471 0.882897 0.400907
    outer loop
      vertex 3.280218 -5.157496 0.500000
      vertex 2.331491 -5.628718 0.959220
      vertex 3.353911 -5.335407 0.936744
    endloop
  endfacet
  facet normal -0.138558 0.546283 0.826061
    outer loop
      vertex 3.353911 -5.335407 0.936744
      vertex 2.331491 -5.628718 0.959220
      vertex 2.552153 -6.161441 1.348528
    endloop
  endfacet
  facet normal -0.138558 0.546283 0.826061
    outer loop
      vertex 3.353911 -5.335407 0.936744
      vertex 2.552153 -6.161441 1.348528
      vertex 3.563773 -5.842057 1.306998
    endloop
  endfacet
  facet normal -0.052356 0.290086 0.955567
    outer loop
      vertex 3.563773 -5.842057 1.306998
      vertex 2.552153 -6.161441 1.348528
      vertex 2.882395 -6.958718 1.608655
    endloop
  endfacet
  facet normal -0.052356 0.290086 0.955567
    outer loop
      vertex 3.563773 -5.842057 1.306998
      vertex 2.882395 -6.958718 1.608655
      vertex 3.877852 -6.600313 1.554394
    endloop
  endfacet
  facet normal 0.016909 0.103596 0.994476
    outer loop
      vertex 3.877852 -6.600313 1.554394
      vertex 2.882395 -6.958718 1.608655
      vertex 3.271943 -7.899170 1.700000
    endloop
  endfacet
  facet normal 0.016909 0.103596 0.994476
    outer loop
      vertex 3.877852 -6.600313 1.554394
      vertex 3.271943 -7.899170 1.700000
      vertex 4.248334 -7.494736 1.641268
    endloop
  endfacet
  facet normal 0.085210 -0.061297 0.994476
    outer loop
      vertex 4.248334 -7.494736 1.641268
      vertex 3.271943 -7.899170 1.700000
      vertex 3.661491 -8.839622 1.608655
    endloop
  endfacet
  facet normal 0.085210 -0.061297 0.994476
    outer loop
      vertex 4.248334 -7.494736 1.641268
      vertex 3.661491 -8.839622 1.608655
      vertex 4.618817 -8.389159 1.554394
    endloop
  endfacet
  facet normal 0.168101 -0.242143 0.955567
    outer loop
      vertex 4.618817 -8.389159 1.554394
      vertex 3.661491 -8.839622 1.608655
      vertex 3.991734 -9.636899 1.348528
    endloop
  endfacet
  facet normal 0.168101 -0.242143 0.955567
    outer loop
      vertex 4.618817 -8.389159 1.554394
      vertex 3.991734 -9.636899 1.348528
      vertex 4.932896 -9.147414 1.306998
    endloop
  endfacet
  facet normal 0.288305 -0.484256 0.826061
    outer loop
      vertex 4.932896 -9.147414 1.306998
      vertex 3.991734 -9.636899 1.348528
      vertex 4.212395 -10.169622 0.959220
    endloop
  endfacet
  facet normal 0.288305 -0.484256 0.826061
    outer loop
      vertex 4.932896 -9.147414 1.306998
      vertex 4.212395 -10.169622 0.959220
      vertex 5.142757 -9.654064 0.936744
    endloop
  endfacet
  facet normal 0.451435 -0.797170 0.400907
    outer loop
      vertex 5.142757 -9.654064 0.936744
      vertex 4.212395 -10.169622 0.959220
      vertex 4.289881 -10.356690 0.500000
    endloop
  endfacet
  facet normal 0.451435 -0.797170 0.400907
    outer loop
      vertex 5.142757 -9.654064 0.936744
      vertex 4.289881 -10.356690 0.500000
      vertex 5.216451 -9.831976 0.500000
    endloop
  endfacet
  facet normal -0.451435 0.797170 0.400907
    outer loop
      vertex 2.254005 -5.441650 0.500000
      vertex 1.327436 -5.966364 0.500000
      vertex 1.401129 -6.144276 0.936744
    endloop
  endfacet
  facet normal -0.451435 0.797170 0.400907
    outer loop
      vertex 2.254005 -5.441650 0.500000
      vertex 1.401129 -6.144276 0.936744
      vertex 2.331491 -5.628718 0.959220
    endloop
  endfacet
  facet normal -0.288305 0.484256 0.826061
    outer loop
      vertex 2.331491 -5.628718 0.959220
      vertex 1.401129 -6.144276 0.936744
      vertex 1.610990 -6.650926 1.306998
    endloop
  endfacet
  facet normal -0.288305 0.484256 0.826061
    outer loop
      vertex 2.331491 -5.628718 0.959220
      vertex 1.610990 -6.650926 1.306998
      vertex 2.552153 -6.161441 1.348528
    endloop
  endfacet
  facet normal -0.168101 0.242143 0.955567
    outer loop
      vertex 2.552153 -6.161441 1.348528
      vertex 1.610990 -6.650926 1.306998
      vertex 1.925070 -7.409181 1.554394
    endloop
  endfacet
  facet normal -0.168101 0.242143 0.955567
    outer loop
      vertex 2.552153 -6.161441 1.348528
      vertex 1.925070 -7.409181 1.554394
      vertex 2.882395 -6.958718 1.608655
    endloop
  endfacet
  facet normal -0.085210 0.061297 0.994476
    outer loop
      vertex 2.882395 -6.958718 1.608655
      vertex 1.925070 -7.409181 1.554394
      vertex 2.295552 -8.303604 1.641268
    endloop
  endfacet
  facet normal -0.085210 0.061297 0.994476
    outer loop
      vertex 2.882395 -6.958718 1.608655
      vertex 2.295552 -8.303604 1.641268
      vertex 3.271943 -7.899170 1.700000
    endloop
  endfacet
  facet normal -0.016909 -0.103596 0.994476
    outer loop
      vertex 3.271943 -7.899170 1.700000
      vertex 2.295552 -8.303604 1.641268
      vertex 2.666034 -9.198027 1.554394
    endloop
  endfacet
  facet normal -0.016909 -0.103596 0.994476
    outer loop
      vertex 3.271943 -7.899170 1.700000
      vertex 2.666034 -9.198027 1.554394
      vertex 3.661491 -8.839622 1.608655
    endloop
  endfacet
  facet normal 0.052356 -0.290086 0.955567
    outer loop
      vertex 3.661491 -8.839622 1.608655
      vertex 2.666034 -9.198027 1.554394
      vertex 2.980114 -9.956283 1.306998
    endloop
  endfacet
  facet normal 0.052356 -0.290086 0.955567
    outer loop
      vertex 3.661491 -8.839622 1.608655
      vertex 2.980114 -9.956283 1.306998
      vertex 3.991734 -9.636899 1.348528
    endloop
  endfacet
  facet normal 0.138558 -0.546283 0.826061
    outer loop
      vertex 3.991734 -9.636899 1.348528
      vertex 2.980114 -9.956283 1.306998
      vertex 3.189975 -10.462933 0.936744
    endloop
  endfacet
  facet normal 0.138558 -0.546283 0.826061
    outer loop
      vertex 3.991734 -9.636899 1.348528
      vertex 3.189975 -10.462933 0.936744
      vertex 4.212395 -10.169622 0.959220
    endloop
  endfacet
  facet normal 0.244471 -0.882897 0.400907
    outer loop
      vertex 4.212395 -10.169622 0.959220
      vertex 3.189975 -10.462933 0.936744
      vertex 3.263669 -10.640844 0.500000
    endloop
  endfacet
  facet normal 0.244471 -0.882897 0.400907
    outer loop
      vertex 4.212395 -10.169622 0.959220
      vertex 3.263669 -10.640844 0.500000
      vertex 4.289881 -10.356690 0.500000
    endloop
  endfacet
  facet normal -0.644128 0.664264 0.379280
    outer loop
      vertex 1.327436 -5.966364 0.500000
      vertex 0.591208 -6.680275 0.500000
      vertex 0.653895 -6.831616 0.871517
    endloop
  endfacet
  facet normal -0.644128 0.664264 0.379280
    outer loop
      vertex 1.327436 -5.966364 0.500000
      vertex 0.653895 -6.831616 0.871517
      vertex 1.401129 -6.144276 0.936744
    endloop
  endfacet
  facet normal -0.440965 0.403300 0.801810
    outer loop
      vertex 1.401129 -6.144276 0.936744
      vertex 0.653895 -6.831616 0.871517
      vertex 0.832414 -7.262598 1.186474
    endloop
  endfacet
  facet normal -0.440965 0.403300 0.801810
    outer loop
      vertex 1.401129 -6.144276 0.936744
      vertex 0.832414 -7.262598 1.186474
      vertex 1.610990 -6.650926 1.306998
    endloop
  endfacet
  facet normal -0.291113 0.185624 0.938508
    outer loop
      vertex 1.610990 -6.650926 1.306998
      vertex 0.832414 -7.262598 1.186474
      vertex 1.099586 -7.907608 1.396921
    endloop
  endfacet
  facet normal -0.291113 0.185624 0.938508
    outer loop
      vertex 1.610990 -6.650926 1.306998
      vertex 1.099586 -7.907608 1.396921
      vertex 1.925070 -7.409181 1.554394
    endloop
  endfacet
  facet normal -0.195636 0.014206 0.980574
    outer loop
      vertex 1.925070 -7.409181 1.554394
      vertex 1.099586 -7.907608 1.396921
      vertex 1.414737 -8.668450 1.470820
    endloop
  endfacet
  facet normal -0.195636 0.014206 0.980574
    outer loop
      vertex 1.925070 -7.409181 1.554394
      vertex 1.414737 -8.668450 1.470820
      vertex 2.295552 -8.303604 1.641268
    endloop
  endfacet
  facet normal -0.128290 -0.148381 0.980574
    outer loop
      vertex 2.295552 -8.303604 1.641268
      vertex 1.414737 -8.668450 1.470820
      vertex 1.729888 -9.429292 1.396921
    endloop
  endfacet
  facet normal -0.128290 -0.148381 0.980574
    outer loop
      vertex 2.295552 -8.303604 1.641268
      vertex 1.729888 -9.429292 1.396921
      vertex 2.666034 -9.198027 1.554394
    endloop
  endfacet
  facet normal -0.074592 -0.337104 0.938508
    outer loop
      vertex 2.666034 -9.198027 1.554394
      vertex 1.729888 -9.429292 1.396921
      vertex 1.997060 -10.074302 1.186474
    endloop
  endfacet
  facet normal -0.074592 -0.337104 0.938508
    outer loop
      vertex 2.666034 -9.198027 1.554394
      vertex 1.997060 -10.074302 1.186474
      vertex 2.980114 -9.956283 1.306998
    endloop
  endfacet
  facet normal -0.026633 -0.596985 0.801810
    outer loop
      vertex 2.980114 -9.956283 1.306998
      vertex 1.997060 -10.074302 1.186474
      vertex 2.175579 -10.505284 0.871517
    endloop
  endfacet
  facet normal -0.026633 -0.596985 0.801810
    outer loop
      vertex 2.980114 -9.956283 1.306998
      vertex 2.175579 -10.505284 0.871517
      vertex 3.189975 -10.462933 0.936744
    endloop
  endfacet
  facet normal 0.014238 -0.925172 0.379280
    outer loop
      vertex 3.189975 -10.462933 0.936744
      vertex 2.175579 -10.505284 0.871517
      vertex 2.238266 -10.656625 0.500000
    endloop
  endfacet
  facet normal 0.014238 -0.925172 0.379280
    outer loop
      vertex 3.189975 -10.462933 0.936744
      vertex 2.238266 -10.656625 0.500000
      vertex 3.263669 -10.640844 0.500000
    endloop
  endfacet
  facet normal -0.820976 0.466854 0.328703
    outer loop
      vertex 0.591208 -6.680275 0.500000
      vertex 0.117389 -7.513499 0.500000
      vertex 0.162934 -7.623455 0.769923
    endloop
  endfacet
  facet normal -0.820976 0.466854 0.328703
    outer loop
      vertex 0.591208 -6.680275 0.500000
      vertex 0.162934 -7.623455 0.769923
      vertex 0.653895 -6.831616 0.871517
    endloop
  endfacet
  facet normal -0.612440 0.285132 0.737304
    outer loop
      vertex 0.653895 -6.831616 0.871517
      vertex 0.162934 -7.623455 0.769923
      vertex 0.292636 -7.936582 0.998752
    endloop
  endfacet
  facet normal -0.612440 0.285132 0.737304
    outer loop
      vertex 0.653895 -6.831616 0.871517
      vertex 0.292636 -7.936582 0.998752
      vertex 0.832414 -7.262598 1.186474
    endloop
  endfacet
  facet normal -0.443038 0.106902 0.890106
    outer loop
      vertex 0.832414 -7.262598 1.186474
      vertex 0.292636 -7.936582 0.998752
      vertex 0.486748 -8.405209 1.151651
    endloop
  endfacet
  facet normal -0.443038 0.106902 0.890106
    outer loop
      vertex 0.832414 -7.262598 1.186474
      vertex 0.486748 -8.405209 1.151651
      vertex 1.099586 -7.907608 1.396921
    endloop
  endfacet
  facet normal -0.337082 -0.048301 0.940235
    outer loop
      vertex 1.099586 -7.907608 1.396921
      vertex 0.486748 -8.405209 1.151651
      vertex 0.715718 -8.957993 1.205342
    endloop
  endfacet
  facet normal -0.337082 -0.048301 0.940235
    outer loop
      vertex 1.099586 -7.907608 1.396921
      vertex 0.715718 -8.957993 1.205342
      vertex 1.414737 -8.668450 1.470820
    endloop
  endfacet
  facet normal -0.272507 -0.204200 0.940235
    outer loop
      vertex 1.414737 -8.668450 1.470820
      vertex 0.715718 -8.957993 1.205342
      vertex 0.944689 -9.510777 1.151651
    endloop
  endfacet
  facet normal -0.272507 -0.204200 0.940235
    outer loop
      vertex 1.414737 -8.668450 1.470820
      vertex 0.944689 -9.510777 1.151651
      vertex 1.729888 -9.429292 1.396921
    endloop
  endfacet
  facet normal -0.237684 -0.388867 0.890106
    outer loop
      vertex 1.729888 -9.429292 1.396921
      vertex 0.944689 -9.510777 1.151651
      vertex 1.138801 -9.979404 0.998752
    endloop
  endfacet
  facet normal -0.237684 -0.388867 0.890106
    outer loop
      vertex 1.729888 -9.429292 1.396921
      vertex 1.138801 -9.979404 0.998752
      vertex 1.997060 -10.074302 1.186474
    endloop
  endfacet
  facet normal -0.231442 -0.634679 0.737304
    outer loop
      vertex 1.997060 -10.074302 1.186474
      vertex 1.138801 -9.979404 0.998752
      vertex 1.268502 -10.292531 0.769923
    endloop
  endfacet
  facet normal -0.231442 -0.634679 0.737304
    outer loop
      vertex 1.997060 -10.074302 1.186474
      vertex 1.268502 -10.292531 0.769923
      vertex 2.175579 -10.505284 0.871517
    endloop
  endfacet
  facet normal -0.250402 -0.910633 0.328703
    outer loop
      vertex 2.175579 -10.505284 0.871517
      vertex 1.268502 -10.292531 0.769923
      vertex 1.314047 -10.402487 0.500000
    endloop
  endfacet
  facet normal -0.250402 -0.910633 0.328703
    outer loop
      vertex 2.175579 -10.505284 0.871517
      vertex 1.314047 -10.402487 0.500000
      vertex 2.238266 -10.656625 0.500000
    endloop
  endfacet
  facet normal -0.955037 0.180956 0.234861
    outer loop
      vertex 0.117389 -7.513499 0.500000
      vertex -0.047640 -8.384476 0.500000
      vertex -0.023695 -8.442283 0.641907
    endloop
  endfacet
  facet normal -0.955037 0.180956 0.234861
    outer loop
      vertex 0.117389 -7.513499 0.500000
      vertex -0.023695 -8.442283 0.641907
      vertex 0.162934 -7.623455 0.769923
    endloop
  endfacet
  facet normal -0.806580 0.092561 0.583832
    outer loop
      vertex 0.162934 -7.623455 0.769923
      vertex -0.023695 -8.442283 0.641907
      vertex 0.044493 -8.606904 0.762210
    endloop
  endfacet
  facet normal -0.806580 0.092561 0.583832
    outer loop
      vertex 0.162934 -7.623455 0.769923
      vertex 0.044493 -8.606904 0.762210
      vertex 0.292636 -7.936582 0.998752
    endloop
  endfacet
  facet normal -0.654370 -0.024461 0.755779
    outer loop
      vertex 0.292636 -7.936582 0.998752
      vertex 0.044493 -8.606904 0.762210
      vertex 0.146544 -8.853276 0.842593
    endloop
  endfacet
  facet normal -0.654370 -0.024461 0.755779
    outer loop
      vertex 0.292636 -7.936582 0.998752
      vertex 0.146544 -8.853276 0.842593
      vertex 0.486748 -8.405209 1.151651
    endloop
  endfacet
  facet normal -0.550771 -0.148359 0.821365
    outer loop
      vertex 0.486748 -8.405209 1.151651
      vertex 0.146544 -8.853276 0.842593
      vertex 0.266921 -9.143891 0.870820
    endloop
  endfacet
  facet normal -0.550771 -0.148359 0.821365
    outer loop
      vertex 0.486748 -8.405209 1.151651
      vertex 0.266921 -9.143891 0.870820
      vertex 0.715718 -8.957993 1.205342
    endloop
  endfacet
  facet normal -0.494360 -0.284548 0.821365
    outer loop
      vertex 0.715718 -8.957993 1.205342
      vertex 0.266921 -9.143891 0.870820
      vertex 0.387297 -9.434507 0.842593
    endloop
  endfacet
  facet normal -0.494360 -0.284548 0.821365
    outer loop
      vertex 0.715718 -8.957993 1.205342
      vertex 0.387297 -9.434507 0.842593
      vertex 0.944689 -9.510777 1.151651
    endloop
  endfacet
  facet normal -0.480006 -0.445413 0.755779
    outer loop
      vertex 0.944689 -9.510777 1.151651
      vertex 0.387297 -9.434507 0.842593
      vertex 0.489348 -9.680879 0.762210
    endloop
  endfacet
  facet normal -0.480006 -0.445413 0.755779
    outer loop
      vertex 0.944689 -9.510777 1.151651
      vertex 0.489348 -9.680879 0.762210
      vertex 1.138801 -9.979404 0.998752
    endloop
  endfacet
  facet normal -0.504888 -0.635789 0.583832
    outer loop
      vertex 1.138801 -9.979404 0.998752
      vertex 0.489348 -9.680879 0.762210
      vertex 0.557536 -9.845499 0.641907
    endloop
  endfacet
  facet normal -0.504888 -0.635789 0.583832
    outer loop
      vertex 1.138801 -9.979404 0.998752
      vertex 0.557536 -9.845499 0.641907
      vertex 1.268502 -10.292531 0.769923
    endloop
  endfacet
  facet normal -0.547357 -0.803268 0.234861
    outer loop
      vertex 1.268502 -10.292531 0.769923
      vertex 0.557536 -9.845499 0.641907
      vertex 0.581481 -9.903307 0.500000
    endloop
  endfacet
  facet normal -0.547357 -0.803268 0.234861
    outer loop
      vertex 1.268502 -10.292531 0.769923
      vertex 0.581481 -9.903307 0.500000
      vertex 1.314047 -10.402487 0.500000
    endloop
  endfacet
  facet normal 0.000000 0.000000 1.000000
    outer loop
      vertex -0.047640 -8.384476 0.500000
      vertex 0.112275 -9.207947 0.500000
      vertex 0.112275 -9.207947 0.500000
    endloop
  endfacet
  facet normal -0.977883 -0.189901 0.087644
    outer loop
      vertex -0.047640 -8.384476 0.500000
      vertex 0.112275 -9.207947 0.500000
      vertex -0.023695 -8.442283 0.641907
    endloop
  endfacet
  facet normal 0.000000 0.000000 1.000000
    outer loop
      vertex -0.023695 -8.442283 0.641907
      vertex 0.112275 -9.207947 0.500000
      vertex 0.112275 -9.207947 0.500000
    endloop
  endfacet
  facet normal -0.945948 -0.213270 0.244331
    outer loop
      vertex -0.023695 -8.442283 0.641907
      vertex 0.112275 -9.207947 0.500000
      vertex 0.044493 -8.606904 0.762210
    endloop
  endfacet
  facet normal 0.000000 0.000000 1.000000
    outer loop
      vertex 0.044493 -8.606904 0.762210
      vertex 0.112275 -9.207947 0.500000
      vertex 0.112275 -9.207947 0.500000
    endloop
  endfacet
  facet normal -0.898885 -0.256392 0.355344
    outer loop
      vertex 0.044493 -8.606904 0.762210
      vertex 0.112275 -9.207947 0.500000
      vertex 0.146544 -8.853276 0.842593
    endloop
  endfacet
  facet normal 0.000000 0.000000 1.000000
    outer loop
      vertex 0.146544 -8.853276 0.842593
      vertex 0.112275 -9.207947 0.500000
      vertex 0.112275 -9.207947 0.500000
    endloop
  endfacet
  facet normal -0.855611 -0.314472 0.411142
    outer loop
      vertex 0.146544 -8.853276 0.842593
      vertex 0.112275 -9.207947 0.500000
      vertex 0.266921 -9.143891 0.870820
    endloop
  endfacet
  facet normal 0.000000 0.000000 1.000000
    outer loop
      vertex 0.266921 -9.143891 0.870820
      vertex 0.112275 -9.207947 0.500000
      vertex 0.112275 -9.207947 0.500000
    endloop
  endfacet
  facet normal -0.827373 -0.382643 0.411142
    outer loop
      vertex 0.266921 -9.143891 0.870820
      vertex 0.112275 -9.207947 0.500000
      vertex 0.387297 -9.434507 0.842593
    endloop
  endfacet
  facet normal 0.000000 0.000000 1.000000
    outer loop
      vertex 0.387297 -9.434507 0.842593
      vertex 0.112275 -9.207947 0.500000
      vertex 0.112275 -9.207947 0.500000
    endloop
  endfacet
  facet normal -0.816904 -0.454311 0.355344
    outer loop
      vertex 0.387297 -9.434507 0.842593
      vertex 0.112275 -9.207947 0.500000
      vertex 0.489348 -9.680879 0.762210
    endloop
  endfacet
  facet normal 0.000000 0.000000 1.000000
    outer loop
      vertex 0.489348 -9.680879 0.762210
      vertex 0.112275 -9.207947 0.500000
      vertex 0.112275 -9.207947 0.500000
    endloop
  endfacet
  facet normal -0.819691 -0.518082 0.244331
    outer loop
      vertex 0.489348 -9.680879 0.762210
      vertex 0.112275 -9.207947 0.500000
      vertex 0.557536 -9.845499 0.641907
    endloop
  endfacet
  facet normal 0.000000 0.000000 1.000000
    outer loop
      vertex 0.557536 -9.845499 0.641907
      vertex 0.112275 -9.207947 0.500000
      vertex 0.112275 -9.207947 0.500000
    endloop
  endfacet
  facet normal -0.825748 -0.557188 0.087644
    outer loop
      vertex 0.557536 -9.845499 0.641907
      vertex 0.112275 -9.207947 0.500000
      vertex 0.581481 -9.903307 0.500000
    endloop
  endfacet
  facet normal 0.189901 0.977883 0.087644
    outer loop
      vertex 9.207947 -0.112275 0.500000
      vertex 8.384476 0.047640 0.500000
      vertex 8.442283 0.023695 0.641907
    endloop
  endfacet
  facet normal 0.000000 0.000000 1.000000
    outer loop
      vertex 9.207947 -0.112275 0.500000
      vertex 8.442283 0.023695 0.641907
      vertex 9.207947 -0.112275 0.500000
    endloop
  endfacet
  facet normal 0.213270 0.945948 0.244331
    outer loop
      vertex 9.207947 -0.112275 0.500000
      vertex 8.442283 0.023695 0.641907
      vertex 8.606904 -0.044493 0.762210
    endloop
  endfacet
  facet normal 0.000000 0.000000 1.000000
    outer loop
      vertex 9.207947 -0.112275 0.500000
      vertex 8.606904 -0.044493 0.762210
      vertex 9.207947 -0.112275 0.500000
    endloop
  endfacet
  facet normal 0.256392 0.898885 0.355344
    outer loop
      vertex 9.207947 -0.112275 0.500000
      vertex 8.606904 -0.044493 0.762210
      vertex 8.853276 -0.146544 0.842593
    endloop
  endfacet
  facet normal 0.000000 0.000000 1.000000
    outer loop
      vertex 9.207947 -0.112275 0.500000
      vertex 8.853276 -0.146544 0.842593
      vertex 9.207947 -0.112275 0.500000
    endloop
  endfacet
  facet normal 0.314472 0.855611 0.411142
    outer loop
      vertex 9.207947 -0.112275 0.500000
      vertex 8.853276 -0.146544 0.842593
      vertex 9.143891 -0.266921 0.870820
    endloop
  endfacet
  facet normal 0.000000 0.000000 1.000000
    outer loop
      vertex 9.207947 -0.112275 0.500000
      vertex 9.143891 -0.266921 0.870820
      vertex 9.207947 -0.112275 0.500000
    endloop
  endfacet
  facet normal 0.382643 0.827373 0.411142
    outer loop
      vertex 9.207947 -0.112275 0.500000
      vertex 9.143891 -0.266921 0.870820
      vertex 9.434507 -0.387297 0.842593
    endloop
  endfacet
  facet normal 0.000000 0.000000 1.000000
    outer loop
      vertex 9.207947 -0.112275 0.500000
      vertex 9.434507 -0.387297 0.842593
      vertex 9.207947 -0.112275 0.500000
    endloop
  endfacet
  facet normal 0.454311 0.816904 0.355344
    outer loop
      vertex 9.207947 -0.112275 0.500000
      vertex 9.434507 -0.387297 0.842593
      vertex 9.680879 -0.489348 0.762210
    endloop
  endfacet
  facet normal 0.000000 0.000000 1.000000
    outer loop
      vertex 9.207947 -0.112275 0.500000
      vertex 9.680879 -0.489348 0.762210
      vertex 9.207947 -0.112275 0.500000
    endloop
  endfacet
  facet normal 0.518082 0.819691 0.244331
    outer loop
      vertex 9.207947 -0.112275 0.500000
      vertex 9.680879 -0.489348 0.762210
      vertex 9.845499 -0.557536 0.641907
    endloop
  endfacet
  facet normal 0.000000 0.000000 1.000000
    outer loop
      vertex 9.207947 -0.112275 0.500000
      vertex 9.845499 -0.557536 0.641907
      vertex 9.207947 -0.112275 0.500000
    endloop
  endfacet
  facet normal 0.557188 0.825748 0.087644
    outer loop
      vertex 9.207947 -0.112275 0.500000
      vertex 9.845499 -0.557536 0.641907
      vertex 9.903307 -0.581481 0.500000
    endloop
  endfacet
  facet normal 0.000000 0.000000 1.000000
    outer loop
      vertex 9.207947 -0.112275 0.500000
      vertex 9.903307 -0.581481 0.500000
      vertex 9.207947 -0.112275 0.500000
    endloop
  endfacet
  facet normal -0.180956 0.955037 0.234861
    outer loop
      vertex 8.384476 0.047640 0.500000
      vertex 7.513499 -0.117389 0.500000
      vertex 7.623455 -0.162934 0.769923
    endloop
  endfacet
  facet normal -0.180956 0.955037 0.234861
    outer loop
      vertex 8.384476 0.047640 0.500000
      vertex 7.623455 -0.162934 0.769923
      vertex 8.442283 0.023695 0.641907
    endloop
  endfacet
  facet normal -0.092561 0.806580 0.583832
    outer loop
      vertex 8.442283 0.023695 0.641907
      vertex 7.623455 -0.162934 0.769923
      vertex 7.936582 -0.292636 0.998752
    endloop
  endfacet
  facet normal -0.092561 0.806580 0.583832
    outer loop
      vertex 8.442283 0.023695 0.641907
      vertex 7.936582 -0.292636 0.998752
      vertex 8.606904 -0.044493 0.762210
    endloop
  endfacet
  facet normal 0.024461 0.654370 0.755779
    outer loop
      vertex 8.606904 -0.044493 0.762210
      vertex 7.936582 -0.292636 0.998752
      vertex 8.405209 -0.486748 1.151651
    endloop
  endfacet
  facet normal 0.024461 0.654370 0.755779
    outer loop
      vertex 8.606904 -0.044493 0.762210
      vertex 8.405209 -0.486748 1.151651
      vertex 8.853276 -0.146544 0.842593
    endloop
  endfacet
  facet normal 0.148359 0.550771 0.821365
    outer loop
      vertex 8.853276 -0.146544 0.842593
      vertex 8.405209 -0.486748 1.151651
      vertex 8.957993 -0.715718 1.205342
    endloop
  endfacet
  facet normal 0.148359 0.550771 0.821365
    outer loop
      vertex 8.853276 -0.146544 0.842593
      vertex 8.957993 -0.715718 1.205342
      vertex 9.143891 -0.266921 0.870820
    endloop
  endfacet
  facet normal 0.284548 0.494360 0.821365
    outer loop
      vertex 9.143891 -0.266921 0.870820
      vertex 8.957993 -0.715718 1.205342
      vertex 9.510777 -0.944689 1.151651
    endloop
  endfacet
  facet normal 0.284548 0.494360 0.821365
    outer loop
      vertex 9.143891 -0.266921 0.870820
      vertex 9.510777 -0.944689 1.151651
      vertex 9.434507 -0.387297 0.842593
    endloop
  endfacet
  facet normal 0.445413 0.480006 0.755779
    outer loop
      vertex 9.434507 -0.387297 0.842593
      vertex 9.510777 -0.944689 1.151651
      vertex 9.979404 -1.138801 0.998752
    endloop
  endfacet
  facet normal 0.445413 0.480006 0.755779
    outer loop
      vertex 9.434507 -0.387297 0.842593
      vertex 9.979404 -1.138801 0.998752
      vertex 9.680879 -0.489348 0.762210
    endloop
  endfacet
  facet normal 0.635789 0.504888 0.583832
    outer loop
      vertex 9.680879 -0.489348 0.762210
      vertex 9.979404 -1.138801 0.998752
      vertex 10.292531 -1.268502 0.769923
    endloop
  endfacet
  facet normal 0.635789 0.504888 0.583832
    outer loop
      vertex 9.680879 -0.489348 0.762210
      vertex 10.292531 -1.268502 0.769923
      vertex 9.845499 -0.557536 0.641907
    endloop
  endfacet
  facet normal 0.803268 0.547357 0.234861
    outer loop
      vertex 9.845499 -0.557536 0.641907
      vertex 10.292531 -1.268502 0.769923
      vertex 10.402487 -1.314047 0.500000
    endloop
  endfacet
  facet normal 0.803268 0.547357 0.234861
    outer loop
      vertex 9.845499 -0.557536 0.641907
      vertex 10.402487 -1.314047 0.500000
      vertex 9.903307 -0.581481 0.500000
    endloop
  endfacet
  facet normal -0.466854 0.820976 0.328703
    outer loop
      vertex 7.513499 -0.117389 0.500000
      vertex 6.680275 -0.591208 0.500000
      vertex 6.831616 -0.653895 0.871517
    endloop
  endfacet
  facet normal -0.466854 0.820976 0.328703
    outer loop
      vertex 7.513499 -0.117389 0.500000
      vertex 6.831616 -0.653895 0.871517
      vertex 7.623455 -0.162934 0.769923
    endloop
  endfacet
  facet normal -0.285132 0.612440 0.737304
    outer loop
      vertex 7.623455 -0.162934 0.769923
      vertex 6.831616 -0.653895 0.871517
      vertex 7.262598 -0.832414 1.186474
    endloop
  endfacet
  facet normal -0.285132 0.612440 0.737304
    outer loop
      vertex 7.623455 -0.162934 0.769923
      vertex 7.262598 -0.832414 1.186474
      vertex 7.936582 -0.292636 0.998752
    endloop
  endfacet
  facet normal -0.106902 0.443038 0.890106
    outer loop
      vertex 7.936582 -0.292636 0.998752
      vertex 7.262598 -0.832414 1.186474
      vertex 7.907608 -1.099586 1.396921
    endloop
  endfacet
  facet normal -0.106902 0.443038 0.890106
    outer loop
      vertex 7.936582 -0.292636 0.998752
      vertex 7.907608 -1.099586 1.396921
      vertex 8.405209 -0.486748 1.151651
    endloop
  endfacet
  facet normal 0.048301 0.337082 0.940235
    outer loop
      vertex 8.405209 -0.486748 1.151651
      vertex 7.907608 -1.099586 1.396921
      vertex 8.668450 -1.414737 1.470820
    endloop
  endfacet
  facet normal 0.048301 0.337082 0.940235
    outer loop
      vertex 8.405209 -0.486748 1.151651
      vertex 8.668450 -1.414737 1.470820
      vertex 8.957993 -0.715718 1.205342
    endloop
  endfacet
  facet normal 0.204200 0.272507 0.940235
    outer loop
      vertex 8.957993 -0.715718 1.205342
      vertex 8.668450 -1.414737 1.470820
      vertex 9.429292 -1.729888 1.396921
    endloop
  endfacet
  facet normal 0.204200 0.272507 0.940235
    outer loop
      vertex 8.957993 -0.715718 1.205342
      vertex 9.429292 -1.729888 1.396921
      vertex 9.510777 -0.944689 1.151651
    endloop
  endfacet
  facet normal 0.388867 0.237684 0.890106
    outer loop
      vertex 9.510777 -0.944689 1.151651
      vertex 9.429292 -1.729888 1.396921
      vertex 10.074302 -1.997060 1.186474
    endloop
  endfacet
  facet normal 0.388867 0.237684 0.890106
    outer loop
      vertex 9.510777 -0.944689 1.151651
      vertex 10.074302 -1.997060 1.186474
      vertex 9.979404 -1.138801 0.998752
    endloop
  endfacet
  facet normal 0.634679 0.231442 0.737304
    outer loop
      vertex 9.979404 -1.138801 0.998752
      vertex 10.074302 -1.997060 1.186474
      vertex 10.505284 -2.175579 0.871517
    endloop
  endfacet
  facet normal 0.634679 0.231442 0.737304
    outer loop
      vertex 9.979404 -1.138801 0.998752
      vertex 10.505284 -2.175579 0.871517
      vertex 10.292531 -1.268502 0.769923
    endloop
  endfacet
  facet normal 0.910633 0.250402 0.328703
    outer loop
      vertex 10.292531 -1.268502 0.769923
      vertex 10.505284 -2.175579 0.871517
      vertex 10.656625 -2.238266 0.500000
    endloop
  endfacet
  facet normal 0.910633 0.250402 0.328703
    outer loop
      vertex 10.292531 -1.268502 0.769923
      vertex 10.656625 -2.238266 0.500000
      vertex 10.402487 -1.314047 0.500000
    endloop
  endfacet
  facet normal -0.664264 0.644128 0.379280
    outer loop
      vertex 6.680275 -0.591208 0.500000
      vertex 5.966364 -1.327436 0.500000
      vertex 6.144276 -1.401129 0.936744
    endloop
  endfacet
  facet normal -0.664264 0.644128 0.379280
    outer loop
      vertex 6.680275 -0.591208 0.500000
      vertex 6.144276 -1.401129 0.936744
      vertex 6.831616 -0.653895 0.871517
    endloop
  endfacet
  facet normal -0.403300 0.440965 0.801810
    outer loop
      vertex 6.831616 -0.653895 0.871517
      vertex 6.144276 -1.401129 0.936744
      vertex 6.650926 -1.610990 1.306998
    endloop
  endfacet
  facet normal -0.403300 0.440965 0.801810
    outer loop
      vertex 6.831616 -0.653895 0.871517
      vertex 6.650926 -1.610990 1.306998
      vertex 7.262598 -0.832414 1.186474
    endloop
  endfacet
  facet normal -0.185624 0.291113 0.938508
    outer loop
      vertex 7.262598 -0.832414 1.186474
      vertex 6.650926 -1.610990 1.306998
      vertex 7.409181 -1.925070 1.554394
    endloop
  endfacet
  facet normal -0.185624 0.291113 0.938508
    outer loop
      vertex 7.262598 -0.832414 1.186474
      vertex 7.409181 -1.925070 1.554394
      vertex 7.907608 -1.099586 1.396921
    endloop
  endfacet
  facet normal -0.014206 0.195636 0.980574
    outer loop
      vertex 7.907608 -1.099586 1.396921
      vertex 7.409181 -1.925070 1.554394
      vertex 8.303604 -2.295552 1.641268
    endloop
  endfacet
  facet normal -0.014206 0.195636 0.980574
    outer loop
      vertex 7.907608 -1.099586 1.396921
      vertex 8.303604 -2.295552 1.641268
      vertex 8.668450 -1.414737 1.470820
    endloop
  endfacet
  facet normal 0.148381 0.128290 0.980574
    outer loop
      vertex 8.668450 -1.414737 1.470820
      vertex 8.303604 -2.295552 1.641268
      vertex 9.198027 -2.666034 1.554394
    endloop
  endfacet
  facet normal 0.148381 0.128290 0.980574
    outer loop
      vertex 8.668450 -1.414737 1.470820
      vertex 9.198027 -2.666034 1.554394
      vertex 9.429292 -1.729888 1.396921
    endloop
  endfacet
  facet normal 0.337104 0.074592 0.938508
    outer loop
      vertex 9.429292 -1.729888 1.396921
      vertex 9.198027 -2.666034 1.554394
      vertex 9.956283 -2.980114 1.306998
    endloop
  endfacet
  facet normal 0.337104 0.074592 0.938508
    outer loop
      vertex 9.429292 -1.729888 1.396921
      vertex 9.956283 -2.980114 1.306998
      vertex 10.074302 -1.997060 1.186474
    endloop
  endfacet
  facet normal 0.596985 0.026633 0.801810
    outer loop
      vertex 10.074302 -1.997060 1.186474
      vertex 9.956283 -2.980114 1.306998
      vertex 10.462933 -3.189975 0.936744
    endloop
  endfacet
  facet normal 0.596985 0.026633 0.801810
    outer loop
      vertex 10.074302 -1.997060 1.186474
      vertex 10.462933 -3.189975 0.936744
      vertex 10.505284 -2.175579 0.871517
    endloop
  endfacet
  facet normal 0.925172 -0.014238 0.379280
    outer loop
      vertex 10.505284 -2.175579 0.871517
      vertex 10.462933 -3.189975 0.936744
      vertex 10.640844 -3.263669 0.500000
    endloop
  endfacet
  facet normal 0.925172 -0.014238 0.379280
    outer loop
      vertex 10.505284 -2.175579 0.871517
      vertex 10.640844 -3.263669 0.500000
      vertex 10.656625 -2.238266 0.500000
    endloop
  endfacet
  facet normal -0.797170 0.451435 0.400907
    outer loop
      vertex 5.966364 -1.327436 0.500000
      vertex 5.441650 -2.254005 0.500000
      vertex 5.628718 -2.331491 0.959220
    endloop
  endfacet
  facet normal -0.797170 0.451435 0.400907
    outer loop
      vertex 5.966364 -1.327436 0.500000
      vertex 5.628718 -2.331491 0.959220
      vertex 6.144276 -1.401129 0.936744
    endloop
  endfacet
  facet normal -0.484256 0.288305 0.826061
    outer loop
      vertex 6.144276 -1.401129 0.936744
      vertex 5.628718 -2.331491 0.959220
      vertex 6.161441 -2.552153 1.348528
    endloop
  endfacet
  facet normal -0.484256 0.288305 0.826061
    outer loop
      vertex 6.144276 -1.401129 0.936744
      vertex 6.161441 -2.552153 1.348528
      vertex 6.650926 -1.610990 1.306998
    endloop
  endfacet
  facet normal -0.242143 0.168101 0.955567
    outer loop
      vertex 6.650926 -1.610990 1.306998
      vertex 6.161441 -2.552153 1.348528
      vertex 6.958718 -2.882395 1.608655
    endloop
  endfacet
  facet normal -0.242143 0.168101 0.955567
    outer loop
      vertex 6.650926 -1.610990 1.306998
      vertex 6.958718 -2.882395 1.608655
      vertex 7.409181 -1.925070 1.554394
    endloop
  endfacet
  facet normal -0.061297 0.085210 0.994476
    outer loop
      vertex 7.409181 -1.925070 1.554394
      vertex 6.958718 -2.882395 1.608655
      vertex 7.899170 -3.271943 1.700000
    endloop
  endfacet
  facet normal -0.061297 0.085210 0.994476
    outer loop
      vertex 7.409181 -1.925070 1.554394
      vertex 7.899170 -3.271943 1.700000
      vertex 8.303604 -2.295552 1.641268
    endloop
  endfacet
  facet normal 0.103596 0.016909 0.994476
    outer loop
      vertex 8.303604 -2.295552 1.641268
      vertex 7.899170 -3.271943 1.700000
      vertex 8.839622 -3.661491 1.608655
    endloop
  endfacet
  facet normal 0.103596 0.016909 0.994476
    outer loop
      vertex 8.303604 -2.295552 1.641268
      vertex 8.839622 -3.661491 1.608655
      vertex 9.198027 -2.666034 1.554394
    endloop
  endfacet
  facet normal 0.290086 -0.052356 0.955567
    outer loop
      vertex 9.198027 -2.666034 1.554394
      vertex 8.839622 -3.661491 1.608655
      vertex 9.636899 -3.991734 1.348528
    endloop
  endfacet
  facet normal 0.290086 -0.052356 0.955567
    outer loop
      vertex 9.198027 -2.666034 1.554394
      vertex 9.636899 -3.991734 1.348528
      vertex 9.956283 -2.980114 1.306998
    endloop
  endfacet
  facet normal 0.546283 -0.138558 0.826061
    outer loop
      vertex 9.956283 -2.980114 1.306998
      vertex 9.636899 -3.991734 1.348528
      vertex 10.169622 -4.212395 0.959220
    endloop
  endfacet
  facet normal 0.546283 -0.138558 0.826061
    outer loop
      vertex 9.956283 -2.980114 1.306998
      vertex 10.169622 -4.212395 0.959220
      vertex 10.462933 -3.189975 0.936744
    endloop
  endfacet
  facet normal 0.882897 -0.244471 0.400907
    outer loop
      vertex 10.462933 -3.189975 0.936744
      vertex 10.169622 -4.212395 0.959220
      vertex 10.356690 -4.289881 0.500000
    endloop
  endfacet
  facet normal 0.882897 -0.244471 0.400907
    outer loop
      vertex 10.462933 -3.189975 0.936744
      vertex 10.356690 -4.289881 0.500000
      vertex 10.640844 -3.263669 0.500000
    endloop
  endfacet
  facet normal -0.882897 0.244471 0.400907
    outer loop
      vertex 5.441650 -2.254005 0.500000
      vertex 5.157496 -3.280218 0.500000
      vertex 5.335407 -3.353911 0.936744
    endloop
  endfacet
  facet normal -0.882897 0.244471 0.400907
    outer loop
      vertex 5.441650 -2.254005 0.500000
      vertex 5.335407 -3.353911 0.936744
      vertex 5.628718 -2.331491 0.959220
    endloop
  endfacet
  facet normal -0.546283 0.138558 0.826061
    outer loop
      vertex 5.628718 -2.331491 0.959220
      vertex 5.335407 -3.353911 0.936744
      vertex 5.842057 -3.563773 1.306998
    endloop
  endfacet
  facet normal -0.546283 0.138558 0.826061
    outer loop
      vertex 5.628718 -2.331491 0.959220
      vertex 5.842057 -3.563773 1.306998
      vertex 6.161441 -2.552153 1.348528
    endloop
  endfacet
  facet normal -0.290086 0.052356 0.955567
    outer loop
      vertex 6.161441 -2.552153 1.348528
      vertex 5.842057 -3.563773 1.306998
      vertex 6.600313 -3.877852 1.554394
    endloop
  endfacet
  facet normal -0.290086 0.052356 0.955567
    outer loop
      vertex 6.161441 -2.552153 1.348528
      vertex 6.600313 -3.877852 1.554394
      vertex 6.958718 -2.882395 1.608655
    endloop
  endfacet
  facet normal -0.103596 -0.016909 0.994476
    outer loop
      vertex 6.958718 -2.882395 1.608655
      vertex 6.600313 -3.877852 1.554394
      vertex 7.494736 -4.248334 1.641268
    endloop
  endfacet
  facet normal -0.103596 -0.016909 0.994476
    outer loop
      vertex 6.958718 -2.882395 1.608655
      vertex 7.494736 -4.248334 1.641268
      vertex 7.899170 -3.271943 1.700000
    endloop
  endfacet
  facet normal 0.061297 -0.085210 0.994476
    outer loop
      vertex 7.899170 -3.271943 1.700000
      vertex 7.494736 -4.248334 1.641268
      vertex 8.389159 -4.618817 1.554394
    endloop
  endfacet
  facet normal 0.061297 -0.085210 0.994476
    outer loop
      vertex 7.899170 -3.271943 1.700000
      vertex 8.389159 -4.618817 1.554394
      vertex 8.839622 -3.661491 1.608655
    endloop
  endfacet
  facet normal 0.242143 -0.168101 0.955567
    outer loop
      vertex 8.839622 -3.661491 1.608655
      vertex 8.389159 -4.618817 1.554394
      vertex 9.147414 -4.932896 1.306998
    endloop
  endfacet
  facet normal 0.242143 -0.168101 0.955567
    outer loop
      vertex 8.839622 -3.661491 1.608655
      vertex 9.147414 -4.932896 1.306998
      vertex 9.636899 -3.991734 1.348528
    endloop
  endfacet
  facet normal 0.484256 -0.288305 0.826061
    outer loop
      vertex 9.636899 -3.991734 1.348528
      vertex 9.147414 -4.932896 1.306998
      vertex 9.654064 -5.142757 0.936744
    endloop
  endfacet
  facet normal 0.484256 -0.288305 0.826061
    outer loop
      vertex 9.636899 -3.991734 1.348528
      vertex 9.654064 -5.142757 0.936744
      vertex 10.169622 -4.212395 0.959220
    endloop
  endfacet
  facet normal 0.797170 -0.451435 0.400907
    outer loop
      vertex 10.169622 -4.212395 0.959220
      vertex 9.654064 -5.142757 0.936744
      vertex 9.831976 -5.216451 0.500000
    endloop
  endfacet
  facet normal 0.797170 -0.451435 0.400907
    outer loop
      vertex 10.169622 -4.212395 0.959220
      vertex 9.831976 -5.216451 0.500000
      vertex 10.356690 -4.289881 0.500000
    endloop
  endfacet
  facet normal -0.925172 0.014238 0.379280
    outer loop
      vertex 5.157496 -3.280218 0.500000
      vertex 5.141715 -4.305621 0.500000
      vertex 5.293056 -4.368308 0.871517
    endloop
  endfacet
  facet normal -0.925172 0.014238 0.379280
    outer loop
      vertex 5.157496 -3.280218 0.500000
      vertex 5.293056 -4.368308 0.871517
      vertex 5.335407 -3.353911 0.936744
    endloop
  endfacet
  facet normal -0.596985 -0.026633 0.801810
    outer loop
      vertex 5.335407 -3.353911 0.936744
      vertex 5.293056 -4.368308 0.871517
      vertex 5.724038 -4.546827 1.186474
    endloop
  endfacet
  facet normal -0.596985 -0.026633 0.801810
    outer loop
      vertex 5.335407 -3.353911 0.936744
      vertex 5.724038 -4.546827 1.186474
      vertex 5.842057 -3.563773 1.306998
    endloop
  endfacet
  facet normal -0.337104 -0.074592 0.938508
    outer loop
      vertex 5.842057 -3.563773 1.306998
      vertex 5.724038 -4.546827 1.186474
      vertex 6.369048 -4.813999 1.396921
    endloop
  endfacet
  facet normal -0.337104 -0.074592 0.938508
    outer loop
      vertex 5.842057 -3.563773 1.306998
      vertex 6.369048 -4.813999 1.396921
      vertex 6.600313 -3.877852 1.554394
    endloop
  endfacet
  facet normal -0.148381 -0.128290 0.980574
    outer loop
      vertex 6.600313 -3.877852 1.554394
      vertex 6.369048 -4.813999 1.396921
      vertex 7.129890 -5.129150 1.470820
    endloop
  endfacet
  facet normal -0.148381 -0.128290 0.980574
    outer loop
      vertex 6.600313 -3.877852 1.554394
      vertex 7.129890 -5.129150 1.470820
      vertex 7.494736 -4.248334 1.641268
    endloop
  endfacet
  facet normal 0.014206 -0.195636 0.980574
    outer loop
      vertex 7.494736 -4.248334 1.641268
      vertex 7.129890 -5.129150 1.470820
      vertex 7.890732 -5.444301 1.396921
    endloop
  endfacet
  facet normal 0.014206 -0.195636 0.980574
    outer loop
      vertex 7.494736 -4.248334 1.641268
      vertex 7.890732 -5.444301 1.396921
      vertex 8.389159 -4.618817 1.554394
    endloop
  endfacet
  facet normal 0.185624 -0.291113 0.938508
    outer loop
      vertex 8.389159 -4.618817 1.554394
      vertex 7.890732 -5.444301 1.396921
      vertex 8.535742 -5.711473 1.186474
    endloop
  endfacet
  facet normal 0.185624 -0.291113 0.938508
    outer loop
      vertex 8.389159 -4.618817 1.554394
      vertex 8.535742 -5.711473 1.186474
      vertex 9.147414 -4.932896 1.306998
    endloop
  endfacet
  facet normal 0.403300 -0.440965 0.801810
    outer loop
      vertex 9.147414 -4.932896 1.306998
      vertex 8.535742 -5.711473 1.186474
      vertex 8.966724 -5.889991 0.871517
    endloop
  endfacet
  facet normal 0.403300 -0.440965 0.801810
    outer loop
      vertex 9.147414 -4.932896 1.306998
      vertex 8.966724 -5.889991 0.871517
      vertex 9.654064 -5.142757 0.936744
    endloop
  endfacet
  facet normal 0.664264 -0.644128 0.379280
    outer loop
      vertex 9.654064 -5.142757 0.936744
      vertex 8.966724 -5.889991 0.871517
      vertex 9.118065 -5.952679 0.500000
    endloop
  endfacet
  facet normal 0.664264 -0.644128 0.379280
    outer loop
      vertex 9.654064 -5.142757 0.936744
      vertex 9.118065 -5.952679 0.500000
      vertex 9.831976 -5.216451 0.500000
    endloop
  endfacet
  facet normal -0.910633 -0.250402 0.328703
    outer loop
      vertex 5.141715 -4.305621 0.500000
      vertex 5.395853 -5.229840 0.500000
      vertex 5.505809 -5.275385 0.769923
    endloop
  endfacet
  facet normal -0.910633 -0.250402 0.328703
    outer loop
      vertex 5.141715 -4.305621 0.500000
      vertex 5.505809 -5.275385 0.769923
      vertex 5.293056 -4.368308 0.871517
    endloop
  endfacet
  facet normal -0.634679 -0.231442 0.737304
    outer loop
      vertex 5.293056 -4.368308 0.871517
      vertex 5.505809 -5.275385 0.769923
      vertex 5.818936 -5.405086 0.998752
    endloop
  endfacet
  facet normal -0.634679 -0.231442 0.737304
    outer loop
      vertex 5.293056 -4.368308 0.871517
      vertex 5.818936 -5.405086 0.998752
      vertex 5.724038 -4.546827 1.186474
    endloop
  endfacet
  facet normal -0.388867 -0.237684 0.890106
    outer loop
      vertex 5.724038 -4.546827 1.186474
      vertex 5.818936 -5.405086 0.998752
      vertex 6.287563 -5.599198 1.151651
    endloop
  endfacet
  facet normal -0.388867 -0.237684 0.890106
    outer loop
      vertex 5.724038 -4.546827 1.186474
      vertex 6.287563 -5.599198 1.151651
      vertex 6.369048 -4.813999 1.396921
    endloop
  endfacet
  facet normal -0.204200 -0.272507 0.940235
    outer loop
      vertex 6.369048 -4.813999 1.396921
      vertex 6.287563 -5.599198 1.151651
      vertex 6.840347 -5.828168 1.205342
    endloop
  endfacet
  facet normal -0.204200 -0.272507 0.940235
    outer loop
      vertex 6.369048 -4.813999 1.396921
      vertex 6.840347 -5.828168 1.205342
      vertex 7.129890 -5.129150 1.470820
    endloop
  endfacet
  facet normal -0.048301 -0.337082 0.940235
    outer loop
      vertex 7.129890 -5.129150 1.470820
      vertex 6.840347 -5.828168 1.205342
      vertex 7.393131 -6.057139 1.151651
    endloop
  endfacet
  facet normal -0.048301 -0.337082 0.940235
    outer loop
      vertex 7.129890 -5.129150 1.470820
      vertex 7.393131 -6.057139 1.151651
      vertex 7.890732 -5.444301 1.396921
    endloop
  endfacet
  facet normal 0.106902 -0.443038 0.890106
    outer loop
      vertex 7.890732 -5.444301 1.396921
      vertex 7.393131 -6.057139 1.151651
      vertex 7.861758 -6.251251 0.998752
    endloop
  endfacet
  facet normal 0.106902 -0.443038 0.890106
    outer loop
      vertex 7.890732 -5.444301 1.396921
      vertex 7.861758 -6.251251 0.998752
      vertex 8.535742 -5.711473 1.186474
    endloop
  endfacet
  facet normal 0.285132 -0.612440 0.737304
    outer loop
      vertex 8.535742 -5.711473 1.186474
      vertex 7.861758 -6.251251 0.998752
      vertex 8.174885 -6.380952 0.769923
    endloop
  endfacet
  facet normal 0.285132 -0.612440 0.737304
    outer loop
      vertex 8.535742 -5.711473 1.186474
      vertex 8.174885 -6.380952 0.769923
      vertex 8.966724 -5.889991 0.871517
    endloop
  endfacet
  facet normal 0.466854 -0.820976 0.328703
    outer loop
      vertex 8.966724 -5.889991 0.871517
      vertex 8.174885 -6.380952 0.769923
      vertex 8.284841 -6.426497 0.500000
    endloop
  endfacet
  facet normal 0.466854 -0.820976 0.328703
    outer loop
      vertex 8.966724 -5.889991 0.871517
      vertex 8.284841 -6.426497 0.500000
      vertex 9.118065 -5.952679 0.500000
    endloop
  endfacet
  facet normal -0.803268 -0.547357 0.234861
    outer loop
      vertex 5.395853 -5.229840 0.500000
      vertex 5.895033 -5.962406 0.500000
      vertex 5.952841 -5.986351 0.641907
    endloop
  endfacet
  facet normal -0.803268 -0.547357 0.234861
    outer loop
      vertex 5.395853 -5.229840 0.500000
      vertex 5.952841 -5.986351 0.641907
      vertex 5.505809 -5.275385 0.769923
    endloop
  endfacet
  facet normal -0.635789 -0.504888 0.583832
    outer loop
      vertex 5.505809 -5.275385 0.769923
      vertex 5.952841 -5.986351 0.641907
      vertex 6.117461 -6.054539 0.762210
    endloop
  endfacet
  facet normal -0.635789 -0.504888 0.583832
    outer loop
      vertex 5.505809 -5.275385 0.769923
      vertex 6.117461 -6.054539 0.762210
      vertex 5.818936 -5.405086 0.998752
    endloop
  endfacet
  facet normal -0.445413 -0.480006 0.755779
    outer loop
      vertex 5.818936 -5.405086 0.998752
      vertex 6.117461 -6.054539 0.762210
      vertex 6.363833 -6.156589 0.842593
    endloop
  endfacet
  facet normal -0.445413 -0.480006 0.755779
    outer loop
      vertex 5.818936 -5.405086 0.998752
      vertex 6.363833 -6.156589 0.842593
      vertex 6.287563 -5.599198 1.151651
    endloop
  endfacet
  facet normal -0.284548 -0.494360 0.821365
    outer loop
      vertex 6.287563 -5.599198 1.151651
      vertex 6.363833 -6.156589 0.842593
      vertex 6.654449 -6.276966 0.870820
    endloop
  endfacet
  facet normal -0.284548 -0.494360 0.821365
    outer loop
      vertex 6.287563 -5.599198 1.151651
      vertex 6.654449 -6.276966 0.870820
      vertex 6.840347 -5.828168 1.205342
    endloop
  endfacet
  facet normal -0.148359 -0.550771 0.821365
    outer loop
      vertex 6.840347 -5.828168 1.205342
      vertex 6.654449 -6.276966 0.870820
      vertex 6.945064 -6.397343 0.842593
    endloop
  endfacet
  facet normal -0.148359 -0.550771 0.821365
    outer loop
      vertex 6.840347 -5.828168 1.205342
      vertex 6.945064 -6.397343 0.842593
      vertex 7.393131 -6.057139 1.151651
    endloop
  endfacet
  facet normal -0.024461 -0.654370 0.755779
    outer loop
      vertex 7.393131 -6.057139 1.151651
      vertex 6.945064 -6.397343 0.842593
      vertex 7.191436 -6.499394 0.762210
    endloop
  endfacet
  facet normal -0.024461 -0.654370 0.755779
    outer loop
      vertex 7.393131 -6.057139 1.151651
      vertex 7.191436 -6.499394 0.762210
      vertex 7.861758 -6.251251 0.998752
    endloop
  endfacet
  facet normal 0.092561 -0.806580 0.583832
    outer loop
      vertex 7.861758 -6.251251 0.998752
      vertex 7.191436 -6.499394 0.762210
      vertex 7.356057 -6.567582 0.641907
    endloop
  endfacet
  facet normal 0.092561 -0.806580 0.583832
    outer loop
      vertex 7.861758 -6.251251 0.998752
      vertex 7.356057 -6.567582 0.641907
      vertex 8.174885 -6.380952 0.769923
    endloop
  endfacet
  facet normal 0.180956 -0.955037 0.234861
    outer loop
      vertex 8.174885 -6.380952 0.769923
      vertex 7.356057 -6.567582 0.641907
      vertex 7.413864 -6.591526 0.500000
    endloop
  endfacet
  facet normal 0.180956 -0.955037 0.234861
    outer loop
      vertex 8.174885 -6.380952 0.769923
      vertex 7.413864 -6.591526 0.500000
      vertex 8.284841 -6.426497 0.500000
    endloop
  endfacet
  facet normal 0.000000 0.000000 1.000000
    outer loop
      vertex 5.895033 -5.962406 0.500000
      vertex 6.590393 -6.431611 0.500000
      vertex 6.590393 -6.431611 0.500000
    endloop
  endfacet
  facet normal -0.557188 -0.825748 0.087644
    outer loop
      vertex 5.895033 -5.962406 0.500000
      vertex 6.590393 -6.431611 0.500000
      vertex 5.952841 -5.986351 0.641907
    endloop
  endfacet
  facet normal 0.000000 0.000000 1.000000
    outer loop
      vertex 5.952841 -5.986351 0.641907
      vertex 6.590393 -6.431611 0.500000
      vertex 6.590393 -6.431611 0.500000
    endloop
  endfacet
  facet normal -0.518082 -0.819691 0.244331
    outer loop
      vertex 5.952841 -5.986351 0.641907
      vertex 6.590393 -6.431611 0.500000
      vertex 6.117461 -6.054539 0.762210
    endloop
  endfacet
  facet normal 0.000000 0.000000 1.000000
    outer loop
      vertex 6.117461 -6.054539 0.762210
      vertex 6.590393 -6.431611 0.500000
      vertex 6.590393 -6.431611 0.500000
    endloop
  endfacet
  facet normal -0.454311 -0.816904 0.355344
    outer loop
      vertex 6.117461 -6.054539 0.762210
      vertex 6.590393 -6.431611 0.500000
      vertex 6.363833 -6.156589 0.842593
    endloop
  endfacet
  facet normal 0.000000 0.000000 1.000000
    outer loop
      vertex 6.363833 -6.156589 0.842593
      vertex 6.590393 -6.431611 0.500000
      vertex 6.590393 -6.431611 0.500000
    endloop
  endfacet
  facet normal -0.382643 -0.827373 0.411142
    outer loop
      vertex 6.363833 -6.156589 0.842593
      vertex 6.590393 -6.431611 0.500000
      vertex 6.654449 -6.276966 0.870820
    endloop
  endfacet
  facet normal 0.000000 0.000000 1.000000
    outer loop
      vertex 6.654449 -6.276966 0.870820
      vertex 6.590393 -6.431611 0.500000
      vertex 6.590393 -6.431611 0.500000
    endloop
  endfacet
  facet normal -0.314472 -0.855611 0.411142
    outer loop
      vertex 6.654449 -6.276966 0.870820
      vertex 6.590393 -6.431611 0.500000
      vertex 6.945064 -6.397343 0.842593
    endloop
  endfacet
  facet normal 0.000000 0.000000 1.000000
    outer loop
      vertex 6.945064 -6.397343 0.842593
      vertex 6.590393 -6.431611 0.500000
      vertex 6.590393 -6.431611 0.500000
    endloop
  endfacet
  facet normal -0.256392 -0.898885 0.355344
    outer loop
      vertex 6.945064 -6.397343 0.842593
      vertex 6.590393 -6.431611 0.500000
      vertex 7.191436 -6.499394 0.762210
    endloop
  endfacet
  facet normal 0.000000 0.000000 1.000000
    outer loop
      vertex 7.191436 -6.499394 0.762210
      vertex 6.590393 -6.431611 0.500000
      vertex 6.590393 -6.431611 0.500000
    endloop
  endfacet
  facet normal -0.213270 -0.945948 0.244331
    outer loop
      vertex 7.191436 -6.499394 0.762210
      vertex 6.590393 -6.431611 0.500000
      vertex 7.356057 -6.567582 0.641907
    endloop
  endfacet
  facet normal 0.000000 0.000000 1.000000
    outer loop
      vertex 7.356057 -6.567582 0.641907
      vertex 6.590393 -6.431611 0.500000
      vertex 6.590393 -6.431611 0.500000
    endloop
  endfacet
  facet normal -0.189901 -0.977883 0.087644
    outer loop
      vertex 7.356057 -6.567582 0.641907
      vertex 6.590393 -6.431611 0.500000
      vertex 7.413864 -6.591526 0.500000
    endloop
  endfacet
  facet normal 0.000000 0.000000 1.000000
    outer loop
      vertex 4.180000 0.000000 0.000000
      vertex 2.825618 0.372000 0.000000
      vertex 2.850000 0.000000 0.000000
    endloop
  endfacet
  facet normal 0.000000 0.000000 1.000000
    outer loop
      vertex 4.180000 0.000000 0.000000
      vertex 4.144240 0.545599 0.000000
      vertex 2.825618 0.372000 0.000000
    endloop
  endfacet
  facet normal 0.000000 0.000000 -1.000000
    outer loop
      vertex 4.180000 0.000000 4.000000
      vertex 2.850000 0.000000 4.000000
      vertex 2.825618 0.372000 4.000000
    endloop
  endfacet
  facet normal 0.000000 0.000000 -1.000000
    outer loop
      vertex 4.180000 0.000000 4.000000
      vertex 2.825618 0.372000 4.000000
      vertex 4.144240 0.545599 4.000000
    endloop
  endfacet
  facet normal 0.997859 0.065403 0.000000
    outer loop
      vertex 4.180000 0.000000 0.000000
      vertex 4.144240 0.545599 0.000000
      vertex 4.144240 0.545599 4.000000
    endloop
  endfacet
  facet normal 0.997859 0.065403 -0.000000
    outer loop
      vertex 4.180000 0.000000 0.000000
      vertex 4.144240 0.545599 4.000000
      vertex 4.180000 0.000000 4.000000
    endloop
  endfacet
  facet normal -0.997859 -0.065403 0.000000
    outer loop
      vertex 2.850000 0.000000 0.000000
      vertex 2.825618 0.372000 4.000000
      vertex 2.825618 0.372000 0.000000
    endloop
  endfacet
  facet normal -0.997859 -0.065403 0.000000
    outer loop
      vertex 2.850000 0.000000 0.000000
      vertex 2.850000 0.000000 4.000000
      vertex 2.825618 0.372000 4.000000
    endloop
  endfacet
  facet normal 0.000000 0.000000 1.000000
    outer loop
      vertex 4.144240 0.545599 0.000000
      vertex 2.752889 0.737634 0.000000
      vertex 2.825618 0.372000 0.000000
    endloop
  endfacet
  facet normal 0.000000 0.000000 1.000000
    outer loop
      vertex 4.144240 0.545599 0.000000
      vertex 4.037570 1.081864 0.000000
      vertex 2.752889 0.737634 0.000000
    endloop
  endfacet
  facet normal -0.000000 0.000000 -1.000000
    outer loop
      vertex 4.144240 0.545599 4.000000
      vertex 2.825618 0.372000 4.000000
      vertex 2.752889 0.737634 4.000000
    endloop
  endfacet
  facet normal 0.000000 0.000000 -1.000000
    outer loop
      vertex 4.144240 0.545599 4.000000
      vertex 2.752889 0.737634 4.000000
      vertex 4.037570 1.081864 4.000000
    endloop
  endfacet
  facet normal 0.980785 0.195090 0.000000
    outer loop
      vertex 4.144240 0.545599 0.000000
      vertex 4.037570 1.081864 0.000000
      vertex 4.037570 1.081864 4.000000
    endloop
  endfacet
  facet normal 0.980785 0.195090 -0.000000
    outer loop
      vertex 4.144240 0.545599 0.000000
      vertex 4.037570 1.081864 4.000000
      vertex 4.144240 0.545599 4.000000
    endloop
  endfacet
  facet normal -0.980785 -0.195090 0.000000
    outer loop
      vertex 2.825618 0.372000 0.000000
      vertex 2.752889 0.737634 4.000000
      vertex 2.752889 0.737634 0.000000
    endloop
  endfacet
  facet normal -0.980785 -0.195090 0.000000
    outer loop
      vertex 2.825618 0.372000 0.000000
      vertex 2.825618 0.372000 4.000000
      vertex 2.752889 0.737634 4.000000
    endloop
  endfacet
  facet normal 0.000000 0.000000 1.000000
    outer loop
      vertex 4.037570 1.081864 0.000000
      vertex 2.633057 1.090648 0.000000
      vertex 2.752889 0.737634 0.000000
    endloop
  endfacet
  facet normal 0.000000 0.000000 1.000000
    outer loop
      vertex 4.037570 1.081864 0.000000
      vertex 3.861816 1.599617 0.000000
      vertex 2.633057 1.090648 0.000000
    endloop
  endfacet
  facet normal -0.000000 0.000000 -1.000000
    outer loop
      vertex 4.037570 1.081864 4.000000
      vertex 2.752889 0.737634 4.000000
      vertex 2.633057 1.090648 4.000000
    endloop
  endfacet
  facet normal 0.000000 0.000000 -1.000000
    outer loop
      vertex 4.037570 1.081864 4.000000
      vertex 2.633057 1.090648 4.000000
      vertex 3.861816 1.599617 4.000000
    endloop
  endfacet
  facet normal 0.946930 0.321439 0.000000
    outer loop
      vertex 4.037570 1.081864 0.000000
      vertex 3.861816 1.599617 0.000000
      vertex 3.861816 1.599617 4.000000
    endloop
  endfacet
  facet normal 0.946930 0.321439 -0.000000
    outer loop
      vertex 4.037570 1.081864 0.000000
      vertex 3.861816 1.599617 4.000000
      vertex 4.037570 1.081864 4.000000
    endloop
  endfacet
  facet normal -0.946930 -0.321439 0.000000
    outer loop
      vertex 2.752889 0.737634 0.000000
      vertex 2.633057 1.090648 4.000000
      vertex 2.633057 1.090648 0.000000
    endloop
  endfacet
  facet normal -0.946930 -0.321439 0.000000
    outer loop
      vertex 2.752889 0.737634 0.000000
      vertex 2.752889 0.737634 4.000000
      vertex 2.633057 1.090648 4.000000
    endloop
  endfacet
  facet normal 0.000000 0.000000 1.000000
    outer loop
      vertex 3.861816 1.599617 0.000000
      vertex 2.468172 1.425000 0.000000
      vertex 2.633057 1.090648 0.000000
    endloop
  endfacet
  facet normal 0.000000 0.000000 1.000000
    outer loop
      vertex 3.861816 1.599617 0.000000
      vertex 3.619986 2.090000 0.000000
      vertex 2.468172 1.425000 0.000000
    endloop
  endfacet
  facet normal 0.000000 0.000000 -1.000000
    outer loop
      vertex 3.861816 1.599617 4.000000
      vertex 2.633057 1.090648 4.000000
      vertex 2.468172 1.425000 4.000000
    endloop
  endfacet
  facet normal -0.000000 0.000000 -1.000000
    outer loop
      vertex 3.861816 1.599617 4.000000
      vertex 2.468172 1.425000 4.000000
      vertex 3.619986 2.090000 4.000000
    endloop
  endfacet
  facet normal 0.896873 0.442289 0.000000
    outer loop
      vertex 3.861816 1.599617 0.000000
      vertex 3.619986 2.090000 0.000000
      vertex 3.619986 2.090000 4.000000
    endloop
  endfacet
  facet normal 0.896873 0.442289 -0.000000
    outer loop
      vertex 3.861816 1.599617 0.000000
      vertex 3.619986 2.090000 4.000000
      vertex 3.861816 1.599617 4.000000
    endloop
  endfacet
  facet normal -0.896873 -0.442289 0.000000
    outer loop
      vertex 2.633057 1.090648 0.000000
      vertex 2.468172 1.425000 4.000000
      vertex 2.468172 1.425000 0.000000
    endloop
  endfacet
  facet normal -0.896873 -0.442289 0.000000
    outer loop
      vertex 2.633057 1.090648 0.000000
      vertex 2.633057 1.090648 4.000000
      vertex 2.468172 1.425000 4.000000
    endloop
  endfacet
  facet normal 0.000000 0.000000 1.000000
    outer loop
      vertex 3.619986 2.090000 0.000000
      vertex 2.261057 1.734970 0.000000
      vertex 2.468172 1.425000 0.000000
    endloop
  endfacet
  facet normal 0.000000 0.000000 1.000000
    outer loop
      vertex 3.619986 2.090000 0.000000
      vertex 3.316217 2.544623 0.000000
      vertex 2.261057 1.734970 0.000000
    endloop
  endfacet
  facet normal 0.000000 0.000000 -1.000000
    outer loop
      vertex 3.619986 2.090000 4.000000
      vertex 2.468172 1.425000 4.000000
      vertex 2.261057 1.734970 4.000000
    endloop
  endfacet
  facet normal -0.000000 0.000000 -1.000000
    outer loop
      vertex 3.619986 2.090000 4.000000
      vertex 2.261057 1.734970 4.000000
      vertex 3.316217 2.544623 4.000000
    endloop
  endfacet
  facet normal 0.831470 0.555570 0.000000
    outer loop
      vertex 3.619986 2.090000 0.000000
      vertex 3.316217 2.544623 0.000000
      vertex 3.316217 2.544623 4.000000
    endloop
  endfacet
  facet normal 0.831470 0.555570 -0.000000
    outer loop
      vertex 3.619986 2.090000 0.000000
      vertex 3.316217 2.544623 4.000000
      vertex 3.619986 2.090000 4.000000
    endloop
  endfacet
  facet normal -0.831470 -0.555570 0.000000
    outer loop
      vertex 2.468172 1.425000 0.000000
      vertex 2.261057 1.734970 4.000000
      vertex 2.261057 1.734970 0.000000
    endloop
  endfacet
  facet normal -0.831470 -0.555570 0.000000
    outer loop
      vertex 2.468172 1.425000 0.000000
      vertex 2.468172 1.425000 4.000000
      vertex 2.261057 1.734970 4.000000
    endloop
  endfacet
  facet normal 0.000000 0.000000 1.000000
    outer loop
      vertex 3.316217 2.544623 0.000000
      vertex 2.015254 2.015254 0.000000
      vertex 2.261057 1.734970 0.000000
    endloop
  endfacet
  facet normal 0.000000 0.000000 1.000000
    outer loop
      vertex 3.316217 2.544623 0.000000
      vertex 2.955706 2.955706 0.000000
      vertex 2.015254 2.015254 0.000000
    endloop
  endfacet
  facet normal 0.000000 0.000000 -1.000000
    outer loop
      vertex 3.316217 2.544623 4.000000
      vertex 2.261057 1.734970 4.000000
      vertex 2.015254 2.015254 4.000000
    endloop
  endfacet
  facet normal -0.000000 0.000000 -1.000000
    outer loop
      vertex 3.316217 2.544623 4.000000
      vertex 2.015254 2.015254 4.000000
      vertex 2.955706 2.955706 4.000000
    endloop
  endfacet
  facet normal 0.751840 0.659346 0.000000
    outer loop
      vertex 3.316217 2.544623 0.000000
      vertex 2.955706 2.955706 0.000000
      vertex 2.955706 2.955706 4.000000
    endloop
  endfacet
  facet normal 0.751840 0.659346 -0.000000
    outer loop
      vertex 3.316217 2.544623 0.000000
      vertex 2.955706 2.955706 4.000000
      vertex 3.316217 2.544623 4.000000
    endloop
  endfacet
  facet normal -0.751840 -0.659346 0.000000
    outer loop
      vertex 2.261057 1.734970 0.000000
      vertex 2.015254 2.015254 4.000000
      vertex 2.015254 2.015254 0.000000
    endloop
  endfacet
  facet normal -0.751840 -0.659346 0.000000
    outer loop
      vertex 2.261057 1.734970 0.000000
      vertex 2.261057 1.734970 4.000000
      vertex 2.015254 2.015254 4.000000
    endloop
  endfacet
  facet normal 0.000000 0.000000 1.000000
    outer loop
      vertex 2.955706 2.955706 0.000000
      vertex 1.734970 2.261057 0.000000
      vertex 2.015254 2.015254 0.000000
    endloop
  endfacet
  facet normal 0.000000 0.000000 1.000000
    outer loop
      vertex 2.955706 2.955706 0.000000
      vertex 2.544623 3.316217 0.000000
      vertex 1.734970 2.261057 0.000000
    endloop
  endfacet
  facet normal 0.000000 0.000000 -1.000000
    outer loop
      vertex 2.955706 2.955706 4.000000
      vertex 2.015254 2.015254 4.000000
      vertex 1.734970 2.261057 4.000000
    endloop
  endfacet
  facet normal -0.000000 0.000000 -1.000000
    outer loop
      vertex 2.955706 2.955706 4.000000
      vertex 1.734970 2.261057 4.000000
      vertex 2.544623 3.316217 4.000000
    endloop
  endfacet
  facet normal 0.659346 0.751840 0.000000
    outer loop
      vertex 2.955706 2.955706 0.000000
      vertex 2.544623 3.316217 0.000000
      vertex 2.544623 3.316217 4.000000
    endloop
  endfacet
  facet normal 0.659346 0.751840 -0.000000
    outer loop
      vertex 2.955706 2.955706 0.000000
      vertex 2.544623 3.316217 4.000000
      vertex 2.955706 2.955706 4.000000
    endloop
  endfacet
  facet normal -0.659346 -0.751840 0.000000
    outer loop
      vertex 2.015254 2.015254 0.000000
      vertex 1.734970 2.261057 4.000000
      vertex 1.734970 2.261057 0.000000
    endloop
  endfacet
  facet normal -0.659346 -0.751840 0.000000
    outer loop
      vertex 2.015254 2.015254 0.000000
      vertex 2.015254 2.015254 4.000000
      vertex 1.734970 2.261057 4.000000
    endloop
  endfacet
  facet normal 0.000000 0.000000 1.000000
    outer loop
      vertex 2.544623 3.316217 0.000000
      vertex 1.425000 2.468172 0.000000
      vertex 1.734970 2.261057 0.000000
    endloop
  endfacet
  facet normal 0.000000 0.000000 1.000000
    outer loop
      vertex 2.544623 3.316217 0.000000
      vertex 2.090000 3.619986 0.000000
      vertex 1.425000 2.468172 0.000000
    endloop
  endfacet
  facet normal 0.000000 0.000000 -1.000000
    outer loop
      vertex 2.544623 3.316217 4.000000
      vertex 1.734970 2.261057 4.000000
      vertex 1.425000 2.468172 4.000000
    endloop
  endfacet
  facet normal -0.000000 0.000000 -1.000000
    outer loop
      vertex 2.544623 3.316217 4.000000
      vertex 1.425000 2.468172 4.000000
      vertex 2.090000 3.619986 4.000000
    endloop
  endfacet
  facet normal 0.555570 0.831470 0.000000
    outer loop
      vertex 2.544623 3.316217 0.000000
      vertex 2.090000 3.619986 0.000000
      vertex 2.090000 3.619986 4.000000
    endloop
  endfacet
  facet normal 0.555570 0.831470 -0.000000
    outer loop
      vertex 2.544623 3.316217 0.000000
      vertex 2.090000 3.619986 4.000000
      vertex 2.544623 3.316217 4.000000
    endloop
  endfacet
  facet normal -0.555570 -0.831470 0.000000
    outer loop
      vertex 1.734970 2.261057 0.000000
      vertex 1.425000 2.468172 4.000000
      vertex 1.425000 2.468172 0.000000
    endloop
  endfacet
  facet normal -0.555570 -0.831470 0.000000
    outer loop
      vertex 1.734970 2.261057 0.000000
      vertex 1.734970 2.261057 4.000000
      vertex 1.425000 2.468172 4.000000
    endloop
  endfacet
  facet normal 0.000000 0.000000 1.000000
    outer loop
      vertex 2.090000 3.619986 0.000000
      vertex 1.090648 2.633057 0.000000
      vertex 1.425000 2.468172 0.000000
    endloop
  endfacet
  facet normal 0.000000 0.000000 1.000000
    outer loop
      vertex 2.090000 3.619986 0.000000
      vertex 1.599617 3.861816 0.000000
      vertex 1.090648 2.633057 0.000000
    endloop
  endfacet
  facet normal 0.000000 0.000000 -1.000000
    outer loop
      vertex 2.090000 3.619986 4.000000
      vertex 1.425000 2.468172 4.000000
      vertex 1.090648 2.633057 4.000000
    endloop
  endfacet
  facet normal -0.000000 0.000000 -1.000000
    outer loop
      vertex 2.090000 3.619986 4.000000
      vertex 1.090648 2.633057 4.000000
      vertex 1.599617 3.861816 4.000000
    endloop
  endfacet
  facet normal 0.442289 0.896873 0.000000
    outer loop
      vertex 2.090000 3.619986 0.000000
      vertex 1.599617 3.861816 0.000000
      vertex 1.599617 3.861816 4.000000
    endloop
  endfacet
  facet normal 0.442289 0.896873 -0.000000
    outer loop
      vertex 2.090000 3.619986 0.000000
      vertex 1.599617 3.861816 4.000000
      vertex 2.090000 3.619986 4.000000
    endloop
  endfacet
  facet normal -0.442289 -0.896873 0.000000
    outer loop
      vertex 1.425000 2.468172 0.000000
      vertex 1.090648 2.633057 4.000000
      vertex 1.090648 2.633057 0.000000
    endloop
  endfacet
  facet normal -0.442289 -0.896873 0.000000
    outer loop
      vertex 1.425000 2.468172 0.000000
      vertex 1.425000 2.468172 4.000000
      vertex 1.090648 2.633057 4.000000
    endloop
  endfacet
  facet normal 0.000000 0.000000 1.000000
    outer loop
      vertex 1.599617 3.861816 0.000000
      vertex 0.737634 2.752889 0.000000
      vertex 1.090648 2.633057 0.000000
    endloop
  endfacet
  facet normal 0.000000 0.000000 1.000000
    outer loop
      vertex 1.599617 3.861816 0.000000
      vertex 1.081864 4.037570 0.000000
      vertex 0.737634 2.752889 0.000000
    endloop
  endfacet
  facet normal 0.000000 0.000000 -1.000000
    outer loop
      vertex 1.599617 3.861816 4.000000
      vertex 1.090648 2.633057 4.000000
      vertex 0.737634 2.752889 4.000000
    endloop
  endfacet
  facet normal -0.000000 0.000000 -1.000000
    outer loop
      vertex 1.599617 3.861816 4.000000
      vertex 0.737634 2.752889 4.000000
      vertex 1.081864 4.037570 4.000000
    endloop
  endfacet
  facet normal 0.321439 0.946930 0.000000
    outer loop
      vertex 1.599617 3.861816 0.000000
      vertex 1.081864 4.037570 0.000000
      vertex 1.081864 4.037570 4.000000
    endloop
  endfacet
  facet normal 0.321439 0.946930 -0.000000
    outer loop
      vertex 1.599617 3.861816 0.000000
      vertex 1.081864 4.037570 4.000000
      vertex 1.599617 3.861816 4.000000
    endloop
  endfacet
  facet normal -0.321439 -0.946930 0.000000
    outer loop
      vertex 1.090648 2.633057 0.000000
      vertex 0.737634 2.752889 4.000000
      vertex 0.737634 2.752889 0.000000
    endloop
  endfacet
  facet normal -0.321439 -0.946930 0.000000
    outer loop
      vertex 1.090648 2.633057 0.000000
      vertex 1.090648 2.633057 4.000000
      vertex 0.737634 2.752889 4.000000
    endloop
  endfacet
  facet normal 0.000000 0.000000 1.000000
    outer loop
      vertex 1.081864 4.037570 0.000000
      vertex 0.372000 2.825618 0.000000
      vertex 0.737634 2.752889 0.000000
    endloop
  endfacet
  facet normal 0.000000 0.000000 1.000000
    outer loop
      vertex 1.081864 4.037570 0.000000
      vertex 0.545599 4.144240 0.000000
      vertex 0.372000 2.825618 0.000000
    endloop
  endfacet
  facet normal 0.000000 0.000000 -1.000000
    outer loop
      vertex 1.081864 4.037570 4.000000
      vertex 0.737634 2.752889 4.000000
      vertex 0.372000 2.825618 4.000000
    endloop
  endfacet
  facet normal -0.000000 0.000000 -1.000000
    outer loop
      vertex 1.081864 4.037570 4.000000
      vertex 0.372000 2.825618 4.000000
      vertex 0.545599 4.144240 4.000000
    endloop
  endfacet
  facet normal 0.195090 0.980785 0.000000
    outer loop
      vertex 1.081864 4.037570 0.000000
      vertex 0.545599 4.144240 0.000000
      vertex 0.545599 4.144240 4.000000
    endloop
  endfacet
  facet normal 0.195090 0.980785 -0.000000
    outer loop
      vertex 1.081864 4.037570 0.000000
      vertex 0.545599 4.144240 4.000000
      vertex 1.081864 4.037570 4.000000
    endloop
  endfacet
  facet normal -0.195090 -0.980785 0.000000
    outer loop
      vertex 0.737634 2.752889 0.000000
      vertex 0.372000 2.825618 4.000000
      vertex 0.372000 2.825618 0.000000
    endloop
  endfacet
  facet normal -0.195090 -0.980785 0.000000
    outer loop
      vertex 0.737634 2.752889 0.000000
      vertex 0.737634 2.752889 4.000000
      vertex 0.372000 2.825618 4.000000
    endloop
  endfacet
  facet normal 0.000000 0.000000 1.000000
    outer loop
      vertex 0.545599 4.144240 0.000000
      vertex 0.000000 2.850000 0.000000
      vertex 0.372000 2.825618 0.000000
    endloop
  endfacet
  facet normal 0.000000 0.000000 1.000000
    outer loop
      vertex 0.545599 4.144240 0.000000
      vertex 0.000000 4.180000 0.000000
      vertex 0.000000 2.850000 0.000000
    endloop
  endfacet
  facet normal 0.000000 0.000000 -1.000000
    outer loop
      vertex 0.545599 4.144240 4.000000
      vertex 0.372000 2.825618 4.000000
      vertex 0.000000 2.850000 4.000000
    endloop
  endfacet
  facet normal -0.000000 0.000000 -1.000000
    outer loop
      vertex 0.545599 4.144240 4.000000
      vertex 0.000000 2.850000 4.000000
      vertex 0.000000 4.180000 4.000000
    endloop
  endfacet
  facet normal 0.065403 0.997859 0.000000
    outer loop
      vertex 0.545599 4.144240 0.000000
      vertex 0.000000 4.180000 0.000000
      vertex 0.000000 4.180000 4.000000
    endloop
  endfacet
  facet normal 0.065403 0.997859 -0.000000
    outer loop
      vertex 0.545599 4.144240 0.000000
      vertex 0.000000 4.180000 4.000000
      vertex 0.545599 4.144240 4.000000
    endloop
  endfacet
  facet normal -0.065403 -0.997859 0.000000
    outer loop
      vertex 0.372000 2.825618 0.000000
      vertex 0.000000 2.850000 4.000000
      vertex 0.000000 2.850000 0.000000
    endloop
  endfacet
  facet normal -0.065403 -0.997859 0.000000
    outer loop
      vertex 0.372000 2.825618 0.000000
      vertex 0.372000 2.825618 4.000000
      vertex 0.000000 2.850000 4.000000
    endloop
  endfacet
  facet normal 0.000000 0.000000 1.000000
    outer loop
      vertex 0.000000 4.180000 0.000000
      vertex -0.372000 2.825618 0.000000
      vertex 0.000000 2.850000 0.000000
    endloop
  endfacet
  facet normal 0.000000 0.000000 1.000000
    outer loop
      vertex 0.000000 4.180000 0.000000
      vertex -0.545599 4.144240 0.000000
      vertex -0.372000 2.825618 0.000000
    endloop
  endfacet
  facet normal 0.000000 0.000000 -1.000000
    outer loop
      vertex 0.000000 4.180000 4.000000
      vertex 0.000000 2.850000 4.000000
      vertex -0.372000 2.825618 4.000000
    endloop
  endfacet
  facet normal 0.000000 0.000000 -1.000000
    outer loop
      vertex 0.000000 4.180000 4.000000
      vertex -0.372000 2.825618 4.000000
      vertex -0.545599 4.144240 4.000000
    endloop
  endfacet
  facet normal -0.065403 0.997859 0.000000
    outer loop
      vertex 0.000000 4.180000 0.000000
      vertex -0.545599 4.144240 0.000000
      vertex -0.545599 4.144240 4.000000
    endloop
  endfacet
  facet normal -0.065403 0.997859 0.000000
    outer loop
      vertex 0.000000 4.180000 0.000000
      vertex -0.545599 4.144240 4.000000
      vertex 0.000000 4.180000 4.000000
    endloop
  endfacet
  facet normal 0.065403 -0.997859 0.000000
    outer loop
      vertex 0.000000 2.850000 0.000000
      vertex -0.372000 2.825618 4.000000
      vertex -0.372000 2.825618 0.000000
    endloop
  endfacet
  facet normal 0.065403 -0.997859 0.000000
    outer loop
      vertex 0.000000 2.850000 0.000000
      vertex 0.000000 2.850000 4.000000
      vertex -0.372000 2.825618 4.000000
    endloop
  endfacet
  facet normal 0.000000 0.000000 1.000000
    outer loop
      vertex -0.545599 4.144240 0.000000
      vertex -0.737634 2.752889 0.000000
      vertex -0.372000 2.825618 0.000000
    endloop
  endfacet
  facet normal 0.000000 0.000000 1.000000
    outer loop
      vertex -0.545599 4.144240 0.000000
      vertex -1.081864 4.037570 0.000000
      vertex -0.737634 2.752889 0.000000
    endloop
  endfacet
  facet normal 0.000000 -0.000000 -1.000000
    outer loop
      vertex -0.545599 4.144240 4.000000
      vertex -0.372000 2.825618 4.000000
      vertex -0.737634 2.752889 4.000000
    endloop
  endfacet
  facet normal 0.000000 0.000000 -1.000000
    outer loop
      vertex -0.545599 4.144240 4.000000
      vertex -0.737634 2.752889 4.000000
      vertex -1.081864 4.037570 4.000000
    endloop
  endfacet
  facet normal -0.195090 0.980785 0.000000
    outer loop
      vertex -0.545599 4.144240 0.000000
      vertex -1.081864 4.037570 0.000000
      vertex -1.081864 4.037570 4.000000
    endloop
  endfacet
  facet normal -0.195090 0.980785 0.000000
    outer loop
      vertex -0.545599 4.144240 0.000000
      vertex -1.081864 4.037570 4.000000
      vertex -0.545599 4.144240 4.000000
    endloop
  endfacet
  facet normal 0.195090 -0.980785 0.000000
    outer loop
      vertex -0.372000 2.825618 0.000000
      vertex -0.737634 2.752889 4.000000
      vertex -0.737634 2.752889 0.000000
    endloop
  endfacet
  facet normal 0.195090 -0.980785 0.000000
    outer loop
      vertex -0.372000 2.825618 0.000000
      vertex -0.372000 2.825618 4.000000
      vertex -0.737634 2.752889 4.000000
    endloop
  endfacet
  facet normal 0.000000 0.000000 1.000000
    outer loop
      vertex -1.081864 4.037570 0.000000
      vertex -1.090648 2.633057 0.000000
      vertex -0.737634 2.752889 0.000000
    endloop
  endfacet
  facet normal 0.000000 0.000000 1.000000
    outer loop
      vertex -1.081864 4.037570 0.000000
      vertex -1.599617 3.861816 0.000000
      vertex -1.090648 2.633057 0.000000
    endloop
  endfacet
  facet normal 0.000000 -0.000000 -1.000000
    outer loop
      vertex -1.081864 4.037570 4.000000
      vertex -0.737634 2.752889 4.000000
      vertex -1.090648 2.633057 4.000000
    endloop
  endfacet
  facet normal 0.000000 0.000000 -1.000000
    outer loop
      vertex -1.081864 4.037570 4.000000
      vertex -1.090648 2.633057 4.000000
      vertex -1.599617 3.861816 4.000000
    endloop
  endfacet
  facet normal -0.321439 0.946930 0.000000
    outer loop
      vertex -1.081864 4.037570 0.000000
      vertex -1.599617 3.861816 0.000000
      vertex -1.599617 3.861816 4.000000
    endloop
  endfacet
  facet normal -0.321439 0.946930 0.000000
    outer loop
      vertex -1.081864 4.037570 0.000000
      vertex -1.599617 3.861816 4.000000
      vertex -1.081864 4.037570 4.000000
    endloop
  endfacet
  facet normal 0.321439 -0.946930 0.000000
    outer loop
      vertex -0.737634 2.752889 0.000000
      vertex -1.090648 2.633057 4.000000
      vertex -1.090648 2.633057 0.000000
    endloop
  endfacet
  facet normal 0.321439 -0.946930 0.000000
    outer loop
      vertex -0.737634 2.752889 0.000000
      vertex -0.737634 2.752889 4.000000
      vertex -1.090648 2.633057 4.000000
    endloop
  endfacet
  facet normal 0.000000 0.000000 1.000000
    outer loop
      vertex -1.599617 3.861816 0.000000
      vertex -1.425000 2.468172 0.000000
      vertex -1.090648 2.633057 0.000000
    endloop
  endfacet
  facet normal 0.000000 0.000000 1.000000
    outer loop
      vertex -1.599617 3.861816 0.000000
      vertex -2.090000 3.619986 0.000000
      vertex -1.425000 2.468172 0.000000
    endloop
  endfacet
  facet normal 0.000000 0.000000 -1.000000
    outer loop
      vertex -1.599617 3.861816 4.000000
      vertex -1.090648 2.633057 4.000000
      vertex -1.425000 2.468172 4.000000
    endloop
  endfacet
  facet normal 0.000000 -0.000000 -1.000000
    outer loop
      vertex -1.599617 3.861816 4.000000
      vertex -1.425000 2.468172 4.000000
      vertex -2.090000 3.619986 4.000000
    endloop
  endfacet
  facet normal -0.442289 0.896873 0.000000
    outer loop
      vertex -1.599617 3.861816 0.000000
      vertex -2.090000 3.619986 0.000000
      vertex -2.090000 3.619986 4.000000
    endloop
  endfacet
  facet normal -0.442289 0.896873 0.000000
    outer loop
      vertex -1.599617 3.861816 0.000000
      vertex -2.090000 3.619986 4.000000
      vertex -1.599617 3.861816 4.000000
    endloop
  endfacet
  facet normal 0.442289 -0.896873 0.000000
    outer loop
      vertex -1.090648 2.633057 0.000000
      vertex -1.425000 2.468172 4.000000
      vertex -1.425000 2.468172 0.000000
    endloop
  endfacet
  facet normal 0.442289 -0.896873 0.000000
    outer loop
      vertex -1.090648 2.633057 0.000000
      vertex -1.090648 2.633057 4.000000
      vertex -1.425000 2.468172 4.000000
    endloop
  endfacet
  facet normal 0.000000 0.000000 1.000000
    outer loop
      vertex -2.090000 3.619986 0.000000
      vertex -1.734970 2.261057 0.000000
      vertex -1.425000 2.468172 0.000000
    endloop
  endfacet
  facet normal 0.000000 0.000000 1.000000
    outer loop
      vertex -2.090000 3.619986 0.000000
      vertex -2.544623 3.316217 0.000000
      vertex -1.734970 2.261057 0.000000
    endloop
  endfacet
  facet normal 0.000000 0.000000 -1.000000
    outer loop
      vertex -2.090000 3.619986 4.000000
      vertex -1.425000 2.468172 4.000000
      vertex -1.734970 2.261057 4.000000
    endloop
  endfacet
  facet normal 0.000000 -0.000000 -1.000000
    outer loop
      vertex -2.090000 3.619986 4.000000
      vertex -1.734970 2.261057 4.000000
      vertex -2.544623 3.316217 4.000000
    endloop
  endfacet
  facet normal -0.555570 0.831470 0.000000
    outer loop
      vertex -2.090000 3.619986 0.000000
      vertex -2.544623 3.316217 0.000000
      vertex -2.544623 3.316217 4.000000
    endloop
  endfacet
  facet normal -0.555570 0.831470 0.000000
    outer loop
      vertex -2.090000 3.619986 0.000000
      vertex -2.544623 3.316217 4.000000
      vertex -2.090000 3.619986 4.000000
    endloop
  endfacet
  facet normal 0.555570 -0.831470 0.000000
    outer loop
      vertex -1.425000 2.468172 0.000000
      vertex -1.734970 2.261057 4.000000
      vertex -1.734970 2.261057 0.000000
    endloop
  endfacet
  facet normal 0.555570 -0.831470 0.000000
    outer loop
      vertex -1.425000 2.468172 0.000000
      vertex -1.425000 2.468172 4.000000
      vertex -1.734970 2.261057 4.000000
    endloop
  endfacet
  facet normal 0.000000 0.000000 1.000000
    outer loop
      vertex -2.544623 3.316217 0.000000
      vertex -2.015254 2.015254 0.000000
      vertex -1.734970 2.261057 0.000000
    endloop
  endfacet
  facet normal 0.000000 0.000000 1.000000
    outer loop
      vertex -2.544623 3.316217 0.000000
      vertex -2.955706 2.955706 0.000000
      vertex -2.015254 2.015254 0.000000
    endloop
  endfacet
  facet normal 0.000000 0.000000 -1.000000
    outer loop
      vertex -2.544623 3.316217 4.000000
      vertex -1.734970 2.261057 4.000000
      vertex -2.015254 2.015254 4.000000
    endloop
  endfacet
  facet normal 0.000000 -0.000000 -1.000000
    outer loop
      vertex -2.544623 3.316217 4.000000
      vertex -2.015254 2.015254 4.000000
      vertex -2.955706 2.955706 4.000000
    endloop
  endfacet
  facet normal -0.659346 0.751840 0.000000
    outer loop
      vertex -2.544623 3.316217 0.000000
      vertex -2.955706 2.955706 0.000000
      vertex -2.955706 2.955706 4.000000
    endloop
  endfacet
  facet normal -0.659346 0.751840 0.000000
    outer loop
      vertex -2.544623 3.316217 0.000000
      vertex -2.955706 2.955706 4.000000
      vertex -2.544623 3.316217 4.000000
    endloop
  endfacet
  facet normal 0.659346 -0.751840 0.000000
    outer loop
      vertex -1.734970 2.261057 0.000000
      vertex -2.015254 2.015254 4.000000
      vertex -2.015254 2.015254 0.000000
    endloop
  endfacet
  facet normal 0.659346 -0.751840 0.000000
    outer loop
      vertex -1.734970 2.261057 0.000000
      vertex -1.734970 2.261057 4.000000
      vertex -2.015254 2.015254 4.000000
    endloop
  endfacet
  facet normal 0.000000 0.000000 1.000000
    outer loop
      vertex -2.955706 2.955706 0.000000
      vertex -2.261057 1.734970 0.000000
      vertex -2.015254 2.015254 0.000000
    endloop
  endfacet
  facet normal 0.000000 0.000000 1.000000
    outer loop
      vertex -2.955706 2.955706 0.000000
      vertex -3.316217 2.544623 0.000000
      vertex -2.261057 1.734970 0.000000
    endloop
  endfacet
  facet normal 0.000000 0.000000 -1.000000
    outer loop
      vertex -2.955706 2.955706 4.000000
      vertex -2.015254 2.015254 4.000000
      vertex -2.261057 1.734970 4.000000
    endloop
  endfacet
  facet normal 0.000000 -0.000000 -1.000000
    outer loop
      vertex -2.955706 2.955706 4.000000
      vertex -2.261057 1.734970 4.000000
      vertex -3.316217 2.544623 4.000000
    endloop
  endfacet
  facet normal -0.751840 0.659346 0.000000
    outer loop
      vertex -2.955706 2.955706 0.000000
      vertex -3.316217 2.544623 0.000000
      vertex -3.316217 2.544623 4.000000
    endloop
  endfacet
  facet normal -0.751840 0.659346 0.000000
    outer loop
      vertex -2.955706 2.955706 0.000000
      vertex -3.316217 2.544623 4.000000
      vertex -2.955706 2.955706 4.000000
    endloop
  endfacet
  facet normal 0.751840 -0.659346 0.000000
    outer loop
      vertex -2.015254 2.015254 0.000000
      vertex -2.261057 1.734970 4.000000
      vertex -2.261057 1.734970 0.000000
    endloop
  endfacet
  facet normal 0.751840 -0.659346 0.000000
    outer loop
      vertex -2.015254 2.015254 0.000000
      vertex -2.015254 2.015254 4.000000
      vertex -2.261057 1.734970 4.000000
    endloop
  endfacet
  facet normal 0.000000 0.000000 1.000000
    outer loop
      vertex -3.316217 2.544623 0.000000
      vertex -2.468172 1.425000 0.000000
      vertex -2.261057 1.734970 0.000000
    endloop
  endfacet
  facet normal 0.000000 0.000000 1.000000
    outer loop
      vertex -3.316217 2.544623 0.000000
      vertex -3.619986 2.090000 0.000000
      vertex -2.468172 1.425000 0.000000
    endloop
  endfacet
  facet normal 0.000000 0.000000 -1.000000
    outer loop
      vertex -3.316217 2.544623 4.000000
      vertex -2.261057 1.734970 4.000000
      vertex -2.468172 1.425000 4.000000
    endloop
  endfacet
  facet normal 0.000000 -0.000000 -1.000000
    outer loop
      vertex -3.316217 2.544623 4.000000
      vertex -2.468172 1.425000 4.000000
      vertex -3.619986 2.090000 4.000000
    endloop
  endfacet
  facet normal -0.831470 0.555570 0.000000
    outer loop
      vertex -3.316217 2.544623 0.000000
      vertex -3.619986 2.090000 0.000000
      vertex -3.619986 2.090000 4.000000
    endloop
  endfacet
  facet normal -0.831470 0.555570 0.000000
    outer loop
      vertex -3.316217 2.544623 0.000000
      vertex -3.619986 2.090000 4.000000
      vertex -3.316217 2.544623 4.000000
    endloop
  endfacet
  facet normal 0.831470 -0.555570 0.000000
    outer loop
      vertex -2.261057 1.734970 0.000000
      vertex -2.468172 1.425000 4.000000
      vertex -2.468172 1.425000 0.000000
    endloop
  endfacet
  facet normal 0.831470 -0.555570 0.000000
    outer loop
      vertex -2.261057 1.734970 0.000000
      vertex -2.261057 1.734970 4.000000
      vertex -2.468172 1.425000 4.000000
    endloop
  endfacet
  facet normal 0.000000 0.000000 1.000000
    outer loop
      vertex -3.619986 2.090000 0.000000
      vertex -2.633057 1.090648 0.000000
      vertex -2.468172 1.425000 0.000000
    endloop
  endfacet
  facet normal 0.000000 0.000000 1.000000
    outer loop
      vertex -3.619986 2.090000 0.000000
      vertex -3.861816 1.599617 0.000000
      vertex -2.633057 1.090648 0.000000
    endloop
  endfacet
  facet normal 0.000000 0.000000 -1.000000
    outer loop
      vertex -3.619986 2.090000 4.000000
      vertex -2.468172 1.425000 4.000000
      vertex -2.633057 1.090648 4.000000
    endloop
  endfacet
  facet normal 0.000000 -0.000000 -1.000000
    outer loop
      vertex -3.619986 2.090000 4.000000
      vertex -2.633057 1.090648 4.000000
      vertex -3.861816 1.599617 4.000000
    endloop
  endfacet
  facet normal -0.896873 0.442289 0.000000
    outer loop
      vertex -3.619986 2.090000 0.000000
      vertex -3.861816 1.599617 0.000000
      vertex -3.861816 1.599617 4.000000
    endloop
  endfacet
  facet normal -0.896873 0.442289 0.000000
    outer loop
      vertex -3.619986 2.090000 0.000000
      vertex -3.861816 1.599617 4.000000
      vertex -3.619986 2.090000 4.000000
    endloop
  endfacet
  facet normal 0.896873 -0.442289 0.000000
    outer loop
      vertex -2.468172 1.425000 0.000000
      vertex -2.633057 1.090648 4.000000
      vertex -2.633057 1.090648 0.000000
    endloop
  endfacet
  facet normal 0.896873 -0.442289 0.000000
    outer loop
      vertex -2.468172 1.425000 0.000000
      vertex -2.468172 1.425000 4.000000
      vertex -2.633057 1.090648 4.000000
    endloop
  endfacet
  facet normal 0.000000 0.000000 1.000000
    outer loop
      vertex -3.861816 1.599617 0.000000
      vertex -2.752889 0.737634 0.000000
      vertex -2.633057 1.090648 0.000000
    endloop
  endfacet
  facet normal 0.000000 0.000000 1.000000
    outer loop
      vertex -3.861816 1.599617 0.000000
      vertex -4.037570 1.081864 0.000000
      vertex -2.752889 0.737634 0.000000
    endloop
  endfacet
  facet normal 0.000000 0.000000 -1.000000
    outer loop
      vertex -3.861816 1.599617 4.000000
      vertex -2.633057 1.090648 4.000000
      vertex -2.752889 0.737634 4.000000
    endloop
  endfacet
  facet normal 0.000000 -0.000000 -1.000000
    outer loop
      vertex -3.861816 1.599617 4.000000
      vertex -2.752889 0.737634 4.000000
      vertex -4.037570 1.081864 4.000000
    endloop
  endfacet
  facet normal -0.946930 0.321439 0.000000
    outer loop
      vertex -3.861816 1.599617 0.000000
      vertex -4.037570 1.081864 0.000000
      vertex -4.037570 1.081864 4.000000
    endloop
  endfacet
  facet normal -0.946930 0.321439 0.000000
    outer loop
      vertex -3.861816 1.599617 0.000000
      vertex -4.037570 1.081864 4.000000
      vertex -3.861816 1.599617 4.000000
    endloop
  endfacet
  facet normal 0.946930 -0.321439 0.000000
    outer loop
      vertex -2.633057 1.090648 0.000000
      vertex -2.752889 0.737634 4.000000
      vertex -2.752889 0.737634 0.000000
    endloop
  endfacet
  facet normal 0.946930 -0.321439 0.000000
    outer loop
      vertex -2.633057 1.090648 0.000000
      vertex -2.633057 1.090648 4.000000
      vertex -2.752889 0.737634 4.000000
    endloop
  endfacet
  facet normal 0.000000 0.000000 1.000000
    outer loop
      vertex -4.037570 1.081864 0.000000
      vertex -2.825618 0.372000 0.000000
      vertex -2.752889 0.737634 0.000000
    endloop
  endfacet
  facet normal 0.000000 0.000000 1.000000
    outer loop
      vertex -4.037570 1.081864 0.000000
      vertex -4.144240 0.545599 0.000000
      vertex -2.825618 0.372000 0.000000
    endloop
  endfacet
  facet normal 0.000000 0.000000 -1.000000
    outer loop
      vertex -4.037570 1.081864 4.000000
      vertex -2.752889 0.737634 4.000000
      vertex -2.825618 0.372000 4.000000
    endloop
  endfacet
  facet normal 0.000000 -0.000000 -1.000000
    outer loop
      vertex -4.037570 1.081864 4.000000
      vertex -2.825618 0.372000 4.000000
      vertex -4.144240 0.545599 4.000000
    endloop
  endfacet
  facet normal -0.980785 0.195090 0.000000
    outer loop
      vertex -4.037570 1.081864 0.000000
      vertex -4.144240 0.545599 0.000000
      vertex -4.144240 0.545599 4.000000
    endloop
  endfacet
  facet normal -0.980785 0.195090 0.000000
    outer loop
      vertex -4.037570 1.081864 0.000000
      vertex -4.144240 0.545599 4.000000
      vertex -4.037570 1.081864 4.000000
    endloop
  endfacet
  facet normal 0.980785 -0.195090 0.000000
    outer loop
      vertex -2.752889 0.737634 0.000000
      vertex -2.825618 0.372000 4.000000
      vertex -2.825618 0.372000 0.000000
    endloop
  endfacet
  facet normal 0.980785 -0.195090 0.000000
    outer loop
      vertex -2.752889 0.737634 0.000000
      vertex -2.752889 0.737634 4.000000
      vertex -2.825618 0.372000 4.000000
    endloop
  endfacet
  facet normal 0.000000 0.000000 1.000000
    outer loop
      vertex -4.144240 0.545599 0.000000
      vertex -2.850000 0.000000 0.000000
      vertex -2.825618 0.372000 0.000000
    endloop
  endfacet
  facet normal 0.000000 0.000000 1.000000
    outer loop
      vertex -4.144240 0.545599 0.000000
      vertex -4.180000 0.000000 0.000000
      vertex -2.850000 0.000000 0.000000
    endloop
  endfacet
  facet normal 0.000000 0.000000 -1.000000
    outer loop
      vertex -4.144240 0.545599 4.000000
      vertex -2.825618 0.372000 4.000000
      vertex -2.850000 0.000000 4.000000
    endloop
  endfacet
  facet normal 0.000000 -0.000000 -1.000000
    outer loop
      vertex -4.144240 0.545599 4.000000
      vertex -2.850000 0.000000 4.000000
      vertex -4.180000 0.000000 4.000000
    endloop
  endfacet
  facet normal -0.997859 0.065403 0.000000
    outer loop
      vertex -4.144240 0.545599 0.000000
      vertex -4.180000 0.000000 0.000000
      vertex -4.180000 0.000000 4.000000
    endloop
  endfacet
  facet normal -0.997859 0.065403 0.000000
    outer loop
      vertex -4.144240 0.545599 0.000000
      vertex -4.180000 0.000000 4.000000
      vertex -4.144240 0.545599 4.000000
    endloop
  endfacet
  facet normal 0.997859 -0.065403 0.000000
    outer loop
      vertex -2.825618 0.372000 0.000000
      vertex -2.850000 0.000000 4.000000
      vertex -2.850000 0.000000 0.000000
    endloop
  endfacet
  facet normal 0.997859 -0.065403 0.000000
    outer loop
      vertex -2.825618 0.372000 0.000000
      vertex -2.825618 0.372000 4.000000
      vertex -2.850000 0.000000 4.000000
    endloop
  endfacet
  facet normal 0.000000 0.000000 1.000000
    outer loop
      vertex -4.180000 0.000000 0.000000
      vertex -2.825618 -0.372000 0.000000
      vertex -2.850000 0.000000 0.000000
    endloop
  endfacet
  facet normal 0.000000 0.000000 1.000000
    outer loop
      vertex -4.180000 0.000000 0.000000
      vertex -4.144240 -0.545599 0.000000
      vertex -2.825618 -0.372000 0.000000
    endloop
  endfacet
  facet normal 0.000000 0.000000 -1.000000
    outer loop
      vertex -4.180000 0.000000 4.000000
      vertex -2.850000 0.000000 4.000000
      vertex -2.825618 -0.372000 4.000000
    endloop
  endfacet
  facet normal 0.000000 0.000000 -1.000000
    outer loop
      vertex -4.180000 0.000000 4.000000
      vertex -2.825618 -0.372000 4.000000
      vertex -4.144240 -0.545599 4.000000
    endloop
  endfacet
  facet normal -0.997859 -0.065403 0.000000
    outer loop
      vertex -4.180000 0.000000 0.000000
      vertex -4.144240 -0.545599 0.000000
      vertex -4.144240 -0.545599 4.000000
    endloop
  endfacet
  facet normal -0.997859 -0.065403 0.000000
    outer loop
      vertex -4.180000 0.000000 0.000000
      vertex -4.144240 -0.545599 4.000000
      vertex -4.180000 0.000000 4.000000
    endloop
  endfacet
  facet normal 0.997859 0.065403 0.000000
    outer loop
      vertex -2.850000 0.000000 0.000000
      vertex -2.825618 -0.372000 4.000000
      vertex -2.825618 -0.372000 0.000000
    endloop
  endfacet
  facet normal 0.997859 0.065403 -0.000000
    outer loop
      vertex -2.850000 0.000000 0.000000
      vertex -2.850000 0.000000 4.000000
      vertex -2.825618 -0.372000 4.000000
    endloop
  endfacet
  facet normal -0.000000 0.000000 1.000000
    outer loop
      vertex -4.144240 -0.545599 0.000000
      vertex -2.752889 -0.737634 0.000000
      vertex -2.825618 -0.372000 0.000000
    endloop
  endfacet
  facet normal 0.000000 0.000000 1.000000
    outer loop
      vertex -4.144240 -0.545599 0.000000
      vertex -4.037570 -1.081864 0.000000
      vertex -2.752889 -0.737634 0.000000
    endloop
  endfacet
  facet normal 0.000000 0.000000 -1.000000
    outer loop
      vertex -4.144240 -0.545599 4.000000
      vertex -2.825618 -0.372000 4.000000
      vertex -2.752889 -0.737634 4.000000
    endloop
  endfacet
  facet normal 0.000000 0.000000 -1.000000
    outer loop
      vertex -4.144240 -0.545599 4.000000
      vertex -2.752889 -0.737634 4.000000
      vertex -4.037570 -1.081864 4.000000
    endloop
  endfacet
  facet normal -0.980785 -0.195090 0.000000
    outer loop
      vertex -4.144240 -0.545599 0.000000
      vertex -4.037570 -1.081864 0.000000
      vertex -4.037570 -1.081864 4.000000
    endloop
  endfacet
  facet normal -0.980785 -0.195090 0.000000
    outer loop
      vertex -4.144240 -0.545599 0.000000
      vertex -4.037570 -1.081864 4.000000
      vertex -4.144240 -0.545599 4.000000
    endloop
  endfacet
  facet normal 0.980785 0.195090 0.000000
    outer loop
      vertex -2.825618 -0.372000 0.000000
      vertex -2.752889 -0.737634 4.000000
      vertex -2.752889 -0.737634 0.000000
    endloop
  endfacet
  facet normal 0.980785 0.195090 -0.000000
    outer loop
      vertex -2.825618 -0.372000 0.000000
      vertex -2.825618 -0.372000 4.000000
      vertex -2.752889 -0.737634 4.000000
    endloop
  endfacet
  facet normal -0.000000 0.000000 1.000000
    outer loop
      vertex -4.037570 -1.081864 0.000000
      vertex -2.633057 -1.090648 0.000000
      vertex -2.752889 -0.737634 0.000000
    endloop
  endfacet
  facet normal 0.000000 0.000000 1.000000
    outer loop
      vertex -4.037570 -1.081864 0.000000
      vertex -3.861816 -1.599617 0.000000
      vertex -2.633057 -1.090648 0.000000
    endloop
  endfacet
  facet normal 0.000000 0.000000 -1.000000
    outer loop
      vertex -4.037570 -1.081864 4.000000
      vertex -2.752889 -0.737634 4.000000
      vertex -2.633057 -1.090648 4.000000
    endloop
  endfacet
  facet normal 0.000000 0.000000 -1.000000
    outer loop
      vertex -4.037570 -1.081864 4.000000
      vertex -2.633057 -1.090648 4.000000
      vertex -3.861816 -1.599617 4.000000
    endloop
  endfacet
  facet normal -0.946930 -0.321439 0.000000
    outer loop
      vertex -4.037570 -1.081864 0.000000
      vertex -3.861816 -1.599617 0.000000
      vertex -3.861816 -1.599617 4.000000
    endloop
  endfacet
  facet normal -0.946930 -0.321439 0.000000
    outer loop
      vertex -4.037570 -1.081864 0.000000
      vertex -3.861816 -1.599617 4.000000
      vertex -4.037570 -1.081864 4.000000
    endloop
  endfacet
  facet normal 0.946930 0.321439 0.000000
    outer loop
      vertex -2.752889 -0.737634 0.000000
      vertex -2.633057 -1.090648 4.000000
      vertex -2.633057 -1.090648 0.000000
    endloop
  endfacet
  facet normal 0.946930 0.321439 -0.000000
    outer loop
      vertex -2.752889 -0.737634 0.000000
      vertex -2.752889 -0.737634 4.000000
      vertex -2.633057 -1.090648 4.000000
    endloop
  endfacet
  facet normal 0.000000 0.000000 1.000000
    outer loop
      vertex -3.861816 -1.599617 0.000000
      vertex -2.468172 -1.425000 0.000000
      vertex -2.633057 -1.090648 0.000000
    endloop
  endfacet
  facet normal -0.000000 0.000000 1.000000
    outer loop
      vertex -3.861816 -1.599617 0.000000
      vertex -3.619986 -2.090000 0.000000
      vertex -2.468172 -1.425000 0.000000
    endloop
  endfacet
  facet normal 0.000000 0.000000 -1.000000
    outer loop
      vertex -3.861816 -1.599617 4.000000
      vertex -2.633057 -1.090648 4.000000
      vertex -2.468172 -1.425000 4.000000
    endloop
  endfacet
  facet normal 0.000000 0.000000 -1.000000
    outer loop
      vertex -3.861816 -1.599617 4.000000
      vertex -2.468172 -1.425000 4.000000
      vertex -3.619986 -2.090000 4.000000
    endloop
  endfacet
  facet normal -0.896873 -0.442289 0.000000
    outer loop
      vertex -3.861816 -1.599617 0.000000
      vertex -3.619986 -2.090000 0.000000
      vertex -3.619986 -2.090000 4.000000
    endloop
  endfacet
  facet normal -0.896873 -0.442289 0.000000
    outer loop
      vertex -3.861816 -1.599617 0.000000
      vertex -3.619986 -2.090000 4.000000
      vertex -3.861816 -1.599617 4.000000
    endloop
  endfacet
  facet normal 0.896873 0.442289 0.000000
    outer loop
      vertex -2.633057 -1.090648 0.000000
      vertex -2.468172 -1.425000 4.000000
      vertex -2.468172 -1.425000 0.000000
    endloop
  endfacet
  facet normal 0.896873 0.442289 -0.000000
    outer loop
      vertex -2.633057 -1.090648 0.000000
      vertex -2.633057 -1.090648 4.000000
      vertex -2.468172 -1.425000 4.000000
    endloop
  endfacet
  facet normal 0.000000 0.000000 1.000000
    outer loop
      vertex -3.619986 -2.090000 0.000000
      vertex -2.261057 -1.734970 0.000000
      vertex -2.468172 -1.425000 0.000000
    endloop
  endfacet
  facet normal -0.000000 0.000000 1.000000
    outer loop
      vertex -3.619986 -2.090000 0.000000
      vertex -3.316217 -2.544623 0.000000
      vertex -2.261057 -1.734970 0.000000
    endloop
  endfacet
  facet normal 0.000000 0.000000 -1.000000
    outer loop
      vertex -3.619986 -2.090000 4.000000
      vertex -2.468172 -1.425000 4.000000
      vertex -2.261057 -1.734970 4.000000
    endloop
  endfacet
  facet normal 0.000000 0.000000 -1.000000
    outer loop
      vertex -3.619986 -2.090000 4.000000
      vertex -2.261057 -1.734970 4.000000
      vertex -3.316217 -2.544623 4.000000
    endloop
  endfacet
  facet normal -0.831470 -0.555570 0.000000
    outer loop
      vertex -3.619986 -2.090000 0.000000
      vertex -3.316217 -2.544623 0.000000
      vertex -3.316217 -2.544623 4.000000
    endloop
  endfacet
  facet normal -0.831470 -0.555570 0.000000
    outer loop
      vertex -3.619986 -2.090000 0.000000
      vertex -3.316217 -2.544623 4.000000
      vertex -3.619986 -2.090000 4.000000
    endloop
  endfacet
  facet normal 0.831470 0.555570 0.000000
    outer loop
      vertex -2.468172 -1.425000 0.000000
      vertex -2.261057 -1.734970 4.000000
      vertex -2.261057 -1.734970 0.000000
    endloop
  endfacet
  facet normal 0.831470 0.555570 -0.000000
    outer loop
      vertex -2.468172 -1.425000 0.000000
      vertex -2.468172 -1.425000 4.000000
      vertex -2.261057 -1.734970 4.000000
    endloop
  endfacet
  facet normal 0.000000 0.000000 1.000000
    outer loop
      vertex -3.316217 -2.544623 0.000000
      vertex -2.015254 -2.015254 0.000000
      vertex -2.261057 -1.734970 0.000000
    endloop
  endfacet
  facet normal -0.000000 0.000000 1.000000
    outer loop
      vertex -3.316217 -2.544623 0.000000
      vertex -2.955706 -2.955706 0.000000
      vertex -2.015254 -2.015254 0.000000
    endloop
  endfacet
  facet normal 0.000000 0.000000 -1.000000
    outer loop
      vertex -3.316217 -2.544623 4.000000
      vertex -2.261057 -1.734970 4.000000
      vertex -2.015254 -2.015254 4.000000
    endloop
  endfacet
  facet normal 0.000000 0.000000 -1.000000
    outer loop
      vertex -3.316217 -2.544623 4.000000
      vertex -2.015254 -2.015254 4.000000
      vertex -2.955706 -2.955706 4.000000
    endloop
  endfacet
  facet normal -0.751840 -0.659346 0.000000
    outer loop
      vertex -3.316217 -2.544623 0.000000
      vertex -2.955706 -2.955706 0.000000
      vertex -2.955706 -2.955706 4.000000
    endloop
  endfacet
  facet normal -0.751840 -0.659346 0.000000
    outer loop
      vertex -3.316217 -2.544623 0.000000
      vertex -2.955706 -2.955706 4.000000
      vertex -3.316217 -2.544623 4.000000
    endloop
  endfacet
  facet normal 0.751840 0.659346 0.000000
    outer loop
      vertex -2.261057 -1.734970 0.000000
      vertex -2.015254 -2.015254 4.000000
      vertex -2.015254 -2.015254 0.000000
    endloop
  endfacet
  facet normal 0.751840 0.659346 -0.000000
    outer loop
      vertex -2.261057 -1.734970 0.000000
      vertex -2.261057 -1.734970 4.000000
      vertex -2.015254 -2.015254 4.000000
    endloop
  endfacet
  facet normal 0.000000 0.000000 1.000000
    outer loop
      vertex -2.955706 -2.955706 0.000000
      vertex -1.734970 -2.261057 0.000000
      vertex -2.015254 -2.015254 0.000000
    endloop
  endfacet
  facet normal -0.000000 0.000000 1.000000
    outer loop
      vertex -2.955706 -2.955706 0.000000
      vertex -2.544623 -3.316217 0.000000
      vertex -1.734970 -2.261057 0.000000
    endloop
  endfacet
  facet normal 0.000000 0.000000 -1.000000
    outer loop
      vertex -2.955706 -2.955706 4.000000
      vertex -2.015254 -2.015254 4.000000
      vertex -1.734970 -2.261057 4.000000
    endloop
  endfacet
  facet normal 0.000000 0.000000 -1.000000
    outer loop
      vertex -2.955706 -2.955706 4.000000
      vertex -1.734970 -2.261057 4.000000
      vertex -2.544623 -3.316217 4.000000
    endloop
  endfacet
  facet normal -0.659346 -0.751840 0.000000
    outer loop
      vertex -2.955706 -2.955706 0.000000
      vertex -2.544623 -3.316217 0.000000
      vertex -2.544623 -3.316217 4.000000
    endloop
  endfacet
  facet normal -0.659346 -0.751840 0.000000
    outer loop
      vertex -2.955706 -2.955706 0.000000
      vertex -2.544623 -3.316217 4.000000
      vertex -2.955706 -2.955706 4.000000
    endloop
  endfacet
  facet normal 0.659346 0.751840 0.000000
    outer loop
      vertex -2.015254 -2.015254 0.000000
      vertex -1.734970 -2.261057 4.000000
      vertex -1.734970 -2.261057 0.000000
    endloop
  endfacet
  facet normal 0.659346 0.751840 -0.000000
    outer loop
      vertex -2.015254 -2.015254 0.000000
      vertex -2.015254 -2.015254 4.000000
      vertex -1.734970 -2.261057 4.000000
    endloop
  endfacet
  facet normal 0.000000 0.000000 1.000000
    outer loop
      vertex -2.544623 -3.316217 0.000000
      vertex -1.425000 -2.468172 0.000000
      vertex -1.734970 -2.261057 0.000000
    endloop
  endfacet
  facet normal -0.000000 0.000000 1.000000
    outer loop
      vertex -2.544623 -3.316217 0.000000
      vertex -2.090000 -3.619986 0.000000
      vertex -1.425000 -2.468172 0.000000
    endloop
  endfacet
  facet normal 0.000000 0.000000 -1.000000
    outer loop
      vertex -2.544623 -3.316217 4.000000
      vertex -1.734970 -2.261057 4.000000
      vertex -1.425000 -2.468172 4.000000
    endloop
  endfacet
  facet normal 0.000000 0.000000 -1.000000
    outer loop
      vertex -2.544623 -3.316217 4.000000
      vertex -1.425000 -2.468172 4.000000
      vertex -2.090000 -3.619986 4.000000
    endloop
  endfacet
  facet normal -0.555570 -0.831470 0.000000
    outer loop
      vertex -2.544623 -3.316217 0.000000
      vertex -2.090000 -3.619986 0.000000
      vertex -2.090000 -3.619986 4.000000
    endloop
  endfacet
  facet normal -0.555570 -0.831470 0.000000
    outer loop
      vertex -2.544623 -3.316217 0.000000
      vertex -2.090000 -3.619986 4.000000
      vertex -2.544623 -3.316217 4.000000
    endloop
  endfacet
  facet normal 0.555570 0.831470 0.000000
    outer loop
      vertex -1.734970 -2.261057 0.000000
      vertex -1.425000 -2.468172 4.000000
      vertex -1.425000 -2.468172 0.000000
    endloop
  endfacet
  facet normal 0.555570 0.831470 -0.000000
    outer loop
      vertex -1.734970 -2.261057 0.000000
      vertex -1.734970 -2.261057 4.000000
      vertex -1.425000 -2.468172 4.000000
    endloop
  endfacet
  facet normal 0.000000 0.000000 1.000000
    outer loop
      vertex -2.090000 -3.619986 0.000000
      vertex -1.090648 -2.633057 0.000000
      vertex -1.425000 -2.468172 0.000000
    endloop
  endfacet
  facet normal -0.000000 0.000000 1.000000
    outer loop
      vertex -2.090000 -3.619986 0.000000
      vertex -1.599617 -3.861816 0.000000
      vertex -1.090648 -2.633057 0.000000
    endloop
  endfacet
  facet normal 0.000000 0.000000 -1.000000
    outer loop
      vertex -2.090000 -3.619986 4.000000
      vertex -1.425000 -2.468172 4.000000
      vertex -1.090648 -2.633057 4.000000
    endloop
  endfacet
  facet normal 0.000000 0.000000 -1.000000
    outer loop
      vertex -2.090000 -3.619986 4.000000
      vertex -1.090648 -2.633057 4.000000
      vertex -1.599617 -3.861816 4.000000
    endloop
  endfacet
  facet normal -0.442289 -0.896873 0.000000
    outer loop
      vertex -2.090000 -3.619986 0.000000
      vertex -1.599617 -3.861816 0.000000
      vertex -1.599617 -3.861816 4.000000
    endloop
  endfacet
  facet normal -0.442289 -0.896873 0.000000
    outer loop
      vertex -2.090000 -3.619986 0.000000
      vertex -1.599617 -3.861816 4.000000
      vertex -2.090000 -3.619986 4.000000
    endloop
  endfacet
  facet normal 0.442289 0.896873 0.000000
    outer loop
      vertex -1.425000 -2.468172 0.000000
      vertex -1.090648 -2.633057 4.000000
      vertex -1.090648 -2.633057 0.000000
    endloop
  endfacet
  facet normal 0.442289 0.896873 -0.000000
    outer loop
      vertex -1.425000 -2.468172 0.000000
      vertex -1.425000 -2.468172 4.000000
      vertex -1.090648 -2.633057 4.000000
    endloop
  endfacet
  facet normal 0.000000 0.000000 1.000000
    outer loop
      vertex -1.599617 -3.861816 0.000000
      vertex -0.737634 -2.752889 0.000000
      vertex -1.090648 -2.633057 0.000000
    endloop
  endfacet
  facet normal -0.000000 0.000000 1.000000
    outer loop
      vertex -1.599617 -3.861816 0.000000
      vertex -1.081864 -4.037570 0.000000
      vertex -0.737634 -2.752889 0.000000
    endloop
  endfacet
  facet normal 0.000000 0.000000 -1.000000
    outer loop
      vertex -1.599617 -3.861816 4.000000
      vertex -1.090648 -2.633057 4.000000
      vertex -0.737634 -2.752889 4.000000
    endloop
  endfacet
  facet normal 0.000000 0.000000 -1.000000
    outer loop
      vertex -1.599617 -3.861816 4.000000
      vertex -0.737634 -2.752889 4.000000
      vertex -1.081864 -4.037570 4.000000
    endloop
  endfacet
  facet normal -0.321439 -0.946930 0.000000
    outer loop
      vertex -1.599617 -3.861816 0.000000
      vertex -1.081864 -4.037570 0.000000
      vertex -1.081864 -4.037570 4.000000
    endloop
  endfacet
  facet normal -0.321439 -0.946930 0.000000
    outer loop
      vertex -1.599617 -3.861816 0.000000
      vertex -1.081864 -4.037570 4.000000
      vertex -1.599617 -3.861816 4.000000
    endloop
  endfacet
  facet normal 0.321439 0.946930 0.000000
    outer loop
      vertex -1.090648 -2.633057 0.000000
      vertex -0.737634 -2.752889 4.000000
      vertex -0.737634 -2.752889 0.000000
    endloop
  endfacet
  facet normal 0.321439 0.946930 -0.000000
    outer loop
      vertex -1.090648 -2.633057 0.000000
      vertex -1.090648 -2.633057 4.000000
      vertex -0.737634 -2.752889 4.000000
    endloop
  endfacet
  facet normal 0.000000 0.000000 1.000000
    outer loop
      vertex -1.081864 -4.037570 0.000000
      vertex -0.372000 -2.825618 0.000000
      vertex -0.737634 -2.752889 0.000000
    endloop
  endfacet
  facet normal -0.000000 0.000000 1.000000
    outer loop
      vertex -1.081864 -4.037570 0.000000
      vertex -0.545599 -4.144240 0.000000
      vertex -0.372000 -2.825618 0.000000
    endloop
  endfacet
  facet normal 0.000000 0.000000 -1.000000
    outer loop
      vertex -1.081864 -4.037570 4.000000
      vertex -0.737634 -2.752889 4.000000
      vertex -0.372000 -2.825618 4.000000
    endloop
  endfacet
  facet normal 0.000000 0.000000 -1.000000
    outer loop
      vertex -1.081864 -4.037570 4.000000
      vertex -0.372000 -2.825618 4.000000
      vertex -0.545599 -4.144240 4.000000
    endloop
  endfacet
  facet normal -0.195090 -0.980785 0.000000
    outer loop
      vertex -1.081864 -4.037570 0.000000
      vertex -0.545599 -4.144240 0.000000
      vertex -0.545599 -4.144240 4.000000
    endloop
  endfacet
  facet normal -0.195090 -0.980785 0.000000
    outer loop
      vertex -1.081864 -4.037570 0.000000
      vertex -0.545599 -4.144240 4.000000
      vertex -1.081864 -4.037570 4.000000
    endloop
  endfacet
  facet normal 0.195090 0.980785 0.000000
    outer loop
      vertex -0.737634 -2.752889 0.000000
      vertex -0.372000 -2.825618 4.000000
      vertex -0.372000 -2.825618 0.000000
    endloop
  endfacet
  facet normal 0.195090 0.980785 -0.000000
    outer loop
      vertex -0.737634 -2.752889 0.000000
      vertex -0.737634 -2.752889 4.000000
      vertex -0.372000 -2.825618 4.000000
    endloop
  endfacet
  facet normal 0.000000 0.000000 1.000000
    outer loop
      vertex -0.545599 -4.144240 0.000000
      vertex -0.000000 -2.850000 0.000000
      vertex -0.372000 -2.825618 0.000000
    endloop
  endfacet
  facet normal -0.000000 0.000000 1.000000
    outer loop
      vertex -0.545599 -4.144240 0.000000
      vertex -0.000000 -4.180000 0.000000
      vertex -0.000000 -2.850000 0.000000
    endloop
  endfacet
  facet normal 0.000000 0.000000 -1.000000
    outer loop
      vertex -0.545599 -4.144240 4.000000
      vertex -0.372000 -2.825618 4.000000
      vertex -0.000000 -2.850000 4.000000
    endloop
  endfacet
  facet normal 0.000000 0.000000 -1.000000
    outer loop
      vertex -0.545599 -4.144240 4.000000
      vertex -0.000000 -2.850000 4.000000
      vertex -0.000000 -4.180000 4.000000
    endloop
  endfacet
  facet normal -0.065403 -0.997859 0.000000
    outer loop
      vertex -0.545599 -4.144240 0.000000
      vertex -0.000000 -4.180000 0.000000
      vertex -0.000000 -4.180000 4.000000
    endloop
  endfacet
  facet normal -0.065403 -0.997859 0.000000
    outer loop
      vertex -0.545599 -4.144240 0.000000
      vertex -0.000000 -4.180000 4.000000
      vertex -0.545599 -4.144240 4.000000
    endloop
  endfacet
  facet normal 0.065403 0.997859 0.000000
    outer loop
      vertex -0.372000 -2.825618 0.000000
      vertex -0.000000 -2.850000 4.000000
      vertex -0.000000 -2.850000 0.000000
    endloop
  endfacet
  facet normal 0.065403 0.997859 -0.000000
    outer loop
      vertex -0.372000 -2.825618 0.000000
      vertex -0.372000 -2.825618 4.000000
      vertex -0.000000 -2.850000 4.000000
    endloop
  endfacet
  facet normal 0.000000 0.000000 1.000000
    outer loop
      vertex -0.000000 -4.180000 0.000000
      vertex 0.372000 -2.825618 0.000000
      vertex -0.000000 -2.850000 0.000000
    endloop
  endfacet
  facet normal 0.000000 0.000000 1.000000
    outer loop
      vertex -0.000000 -4.180000 0.000000
      vertex 0.545599 -4.144240 0.000000
      vertex 0.372000 -2.825618 0.000000
    endloop
  endfacet
  facet normal 0.000000 0.000000 -1.000000
    outer loop
      vertex -0.000000 -4.180000 4.000000
      vertex -0.000000 -2.850000 4.000000
      vertex 0.372000 -2.825618 4.000000
    endloop
  endfacet
  facet normal 0.000000 0.000000 -1.000000
    outer loop
      vertex -0.000000 -4.180000 4.000000
      vertex 0.372000 -2.825618 4.000000
      vertex 0.545599 -4.144240 4.000000
    endloop
  endfacet
  facet normal 0.065403 -0.997859 0.000000
    outer loop
      vertex -0.000000 -4.180000 0.000000
      vertex 0.545599 -4.144240 0.000000
      vertex 0.545599 -4.144240 4.000000
    endloop
  endfacet
  facet normal 0.065403 -0.997859 0.000000
    outer loop
      vertex -0.000000 -4.180000 0.000000
      vertex 0.545599 -4.144240 4.000000
      vertex -0.000000 -4.180000 4.000000
    endloop
  endfacet
  facet normal -0.065403 0.997859 0.000000
    outer loop
      vertex -0.000000 -2.850000 0.000000
      vertex 0.372000 -2.825618 4.000000
      vertex 0.372000 -2.825618 0.000000
    endloop
  endfacet
  facet normal -0.065403 0.997859 0.000000
    outer loop
      vertex -0.000000 -2.850000 0.000000
      vertex -0.000000 -2.850000 4.000000
      vertex 0.372000 -2.825618 4.000000
    endloop
  endfacet
  facet normal 0.000000 -0.000000 1.000000
    outer loop
      vertex 0.545599 -4.144240 0.000000
      vertex 0.737634 -2.752889 0.000000
      vertex 0.372000 -2.825618 0.000000
    endloop
  endfacet
  facet normal 0.000000 0.000000 1.000000
    outer loop
      vertex 0.545599 -4.144240 0.000000
      vertex 1.081864 -4.037570 0.000000
      vertex 0.737634 -2.752889 0.000000
    endloop
  endfacet
  facet normal 0.000000 0.000000 -1.000000
    outer loop
      vertex 0.545599 -4.144240 4.000000
      vertex 0.372000 -2.825618 4.000000
      vertex 0.737634 -2.752889 4.000000
    endloop
  endfacet
  facet normal 0.000000 0.000000 -1.000000
    outer loop
      vertex 0.545599 -4.144240 4.000000
      vertex 0.737634 -2.752889 4.000000
      vertex 1.081864 -4.037570 4.000000
    endloop
  endfacet
  facet normal 0.195090 -0.980785 0.000000
    outer loop
      vertex 0.545599 -4.144240 0.000000
      vertex 1.081864 -4.037570 0.000000
      vertex 1.081864 -4.037570 4.000000
    endloop
  endfacet
  facet normal 0.195090 -0.980785 0.000000
    outer loop
      vertex 0.545599 -4.144240 0.000000
      vertex 1.081864 -4.037570 4.000000
      vertex 0.545599 -4.144240 4.000000
    endloop
  endfacet
  facet normal -0.195090 0.980785 0.000000
    outer loop
      vertex 0.372000 -2.825618 0.000000
      vertex 0.737634 -2.752889 4.000000
      vertex 0.737634 -2.752889 0.000000
    endloop
  endfacet
  facet normal -0.195090 0.980785 0.000000
    outer loop
      vertex 0.372000 -2.825618 0.000000
      vertex 0.372000 -2.825618 4.000000
      vertex 0.737634 -2.752889 4.000000
    endloop
  endfacet
  facet normal 0.000000 -0.000000 1.000000
    outer loop
      vertex 1.081864 -4.037570 0.000000
      vertex 1.090648 -2.633057 0.000000
      vertex 0.737634 -2.752889 0.000000
    endloop
  endfacet
  facet normal 0.000000 0.000000 1.000000
    outer loop
      vertex 1.081864 -4.037570 0.000000
      vertex 1.599617 -3.861816 0.000000
      vertex 1.090648 -2.633057 0.000000
    endloop
  endfacet
  facet normal 0.000000 0.000000 -1.000000
    outer loop
      vertex 1.081864 -4.037570 4.000000
      vertex 0.737634 -2.752889 4.000000
      vertex 1.090648 -2.633057 4.000000
    endloop
  endfacet
  facet normal 0.000000 0.000000 -1.000000
    outer loop
      vertex 1.081864 -4.037570 4.000000
      vertex 1.090648 -2.633057 4.000000
      vertex 1.599617 -3.861816 4.000000
    endloop
  endfacet
  facet normal 0.321439 -0.946930 0.000000
    outer loop
      vertex 1.081864 -4.037570 0.000000
      vertex 1.599617 -3.861816 0.000000
      vertex 1.599617 -3.861816 4.000000
    endloop
  endfacet
  facet normal 0.321439 -0.946930 0.000000
    outer loop
      vertex 1.081864 -4.037570 0.000000
      vertex 1.599617 -3.861816 4.000000
      vertex 1.081864 -4.037570 4.000000
    endloop
  endfacet
  facet normal -0.321439 0.946930 0.000000
    outer loop
      vertex 0.737634 -2.752889 0.000000
      vertex 1.090648 -2.633057 4.000000
      vertex 1.090648 -2.633057 0.000000
    endloop
  endfacet
  facet normal -0.321439 0.946930 0.000000
    outer loop
      vertex 0.737634 -2.752889 0.000000
      vertex 0.737634 -2.752889 4.000000
      vertex 1.090648 -2.633057 4.000000
    endloop
  endfacet
  facet normal 0.000000 0.000000 1.000000
    outer loop
      vertex 1.599617 -3.861816 0.000000
      vertex 1.425000 -2.468172 0.000000
      vertex 1.090648 -2.633057 0.000000
    endloop
  endfacet
  facet normal 0.000000 -0.000000 1.000000
    outer loop
      vertex 1.599617 -3.861816 0.000000
      vertex 2.090000 -3.619986 0.000000
      vertex 1.425000 -2.468172 0.000000
    endloop
  endfacet
  facet normal 0.000000 0.000000 -1.000000
    outer loop
      vertex 1.599617 -3.861816 4.000000
      vertex 1.090648 -2.633057 4.000000
      vertex 1.425000 -2.468172 4.000000
    endloop
  endfacet
  facet normal 0.000000 0.000000 -1.000000
    outer loop
      vertex 1.599617 -3.861816 4.000000
      vertex 1.425000 -2.468172 4.000000
      vertex 2.090000 -3.619986 4.000000
    endloop
  endfacet
  facet normal 0.442289 -0.896873 0.000000
    outer loop
      vertex 1.599617 -3.861816 0.000000
      vertex 2.090000 -3.619986 0.000000
      vertex 2.090000 -3.619986 4.000000
    endloop
  endfacet
  facet normal 0.442289 -0.896873 0.000000
    outer loop
      vertex 1.599617 -3.861816 0.000000
      vertex 2.090000 -3.619986 4.000000
      vertex 1.599617 -3.861816 4.000000
    endloop
  endfacet
  facet normal -0.442289 0.896873 0.000000
    outer loop
      vertex 1.090648 -2.633057 0.000000
      vertex 1.425000 -2.468172 4.000000
      vertex 1.425000 -2.468172 0.000000
    endloop
  endfacet
  facet normal -0.442289 0.896873 0.000000
    outer loop
      vertex 1.090648 -2.633057 0.000000
      vertex 1.090648 -2.633057 4.000000
      vertex 1.425000 -2.468172 4.000000
    endloop
  endfacet
  facet normal 0.000000 0.000000 1.000000
    outer loop
      vertex 2.090000 -3.619986 0.000000
      vertex 1.734970 -2.261057 0.000000
      vertex 1.425000 -2.468172 0.000000
    endloop
  endfacet
  facet normal 0.000000 -0.000000 1.000000
    outer loop
      vertex 2.090000 -3.619986 0.000000
      vertex 2.544623 -3.316217 0.000000
      vertex 1.734970 -2.261057 0.000000
    endloop
  endfacet
  facet normal 0.000000 0.000000 -1.000000
    outer loop
      vertex 2.090000 -3.619986 4.000000
      vertex 1.425000 -2.468172 4.000000
      vertex 1.734970 -2.261057 4.000000
    endloop
  endfacet
  facet normal 0.000000 0.000000 -1.000000
    outer loop
      vertex 2.090000 -3.619986 4.000000
      vertex 1.734970 -2.261057 4.000000
      vertex 2.544623 -3.316217 4.000000
    endloop
  endfacet
  facet normal 0.555570 -0.831470 0.000000
    outer loop
      vertex 2.090000 -3.619986 0.000000
      vertex 2.544623 -3.316217 0.000000
      vertex 2.544623 -3.316217 4.000000
    endloop
  endfacet
  facet normal 0.555570 -0.831470 0.000000
    outer loop
      vertex 2.090000 -3.619986 0.000000
      vertex 2.544623 -3.316217 4.000000
      vertex 2.090000 -3.619986 4.000000
    endloop
  endfacet
  facet normal -0.555570 0.831470 0.000000
    outer loop
      vertex 1.425000 -2.468172 0.000000
      vertex 1.734970 -2.261057 4.000000
      vertex 1.734970 -2.261057 0.000000
    endloop
  endfacet
  facet normal -0.555570 0.831470 0.000000
    outer loop
      vertex 1.425000 -2.468172 0.000000
      vertex 1.425000 -2.468172 4.000000
      vertex 1.734970 -2.261057 4.000000
    endloop
  endfacet
  facet normal 0.000000 0.000000 1.000000
    outer loop
      vertex 2.544623 -3.316217 0.000000
      vertex 2.015254 -2.015254 0.000000
      vertex 1.734970 -2.261057 0.000000
    endloop
  endfacet
  facet normal 0.000000 -0.000000 1.000000
    outer loop
      vertex 2.544623 -3.316217 0.000000
      vertex 2.955706 -2.955706 0.000000
      vertex 2.015254 -2.015254 0.000000
    endloop
  endfacet
  facet normal 0.000000 0.000000 -1.000000
    outer loop
      vertex 2.544623 -3.316217 4.000000
      vertex 1.734970 -2.261057 4.000000
      vertex 2.015254 -2.015254 4.000000
    endloop
  endfacet
  facet normal 0.000000 0.000000 -1.000000
    outer loop
      vertex 2.544623 -3.316217 4.000000
      vertex 2.015254 -2.015254 4.000000
      vertex 2.955706 -2.955706 4.000000
    endloop
  endfacet
  facet normal 0.659346 -0.751840 0.000000
    outer loop
      vertex 2.544623 -3.316217 0.000000
      vertex 2.955706 -2.955706 0.000000
      vertex 2.955706 -2.955706 4.000000
    endloop
  endfacet
  facet normal 0.659346 -0.751840 0.000000
    outer loop
      vertex 2.544623 -3.316217 0.000000
      vertex 2.955706 -2.955706 4.000000
      vertex 2.544623 -3.316217 4.000000
    endloop
  endfacet
  facet normal -0.659346 0.751840 0.000000
    outer loop
      vertex 1.734970 -2.261057 0.000000
      vertex 2.015254 -2.015254 4.000000
      vertex 2.015254 -2.015254 0.000000
    endloop
  endfacet
  facet normal -0.659346 0.751840 0.000000
    outer loop
      vertex 1.734970 -2.261057 0.000000
      vertex 1.734970 -2.261057 4.000000
      vertex 2.015254 -2.015254 4.000000
    endloop
  endfacet
  facet normal 0.000000 0.000000 1.000000
    outer loop
      vertex 2.955706 -2.955706 0.000000
      vertex 2.261057 -1.734970 0.000000
      vertex 2.015254 -2.015254 0.000000
    endloop
  endfacet
  facet normal 0.000000 -0.000000 1.000000
    outer loop
      vertex 2.955706 -2.955706 0.000000
      vertex 3.316217 -2.544623 0.000000
      vertex 2.261057 -1.734970 0.000000
    endloop
  endfacet
  facet normal 0.000000 0.000000 -1.000000
    outer loop
      vertex 2.955706 -2.955706 4.000000
      vertex 2.015254 -2.015254 4.000000
      vertex 2.261057 -1.734970 4.000000
    endloop
  endfacet
  facet normal 0.000000 0.000000 -1.000000
    outer loop
      vertex 2.955706 -2.955706 4.000000
      vertex 2.261057 -1.734970 4.000000
      vertex 3.316217 -2.544623 4.000000
    endloop
  endfacet
  facet normal 0.751840 -0.659346 0.000000
    outer loop
      vertex 2.955706 -2.955706 0.000000
      vertex 3.316217 -2.544623 0.000000
      vertex 3.316217 -2.544623 4.000000
    endloop
  endfacet
  facet normal 0.751840 -0.659346 0.000000
    outer loop
      vertex 2.955706 -2.955706 0.000000
      vertex 3.316217 -2.544623 4.000000
      vertex 2.955706 -2.955706 4.000000
    endloop
  endfacet
  facet normal -0.751840 0.659346 0.000000
    outer loop
      vertex 2.015254 -2.015254 0.000000
      vertex 2.261057 -1.734970 4.000000
      vertex 2.261057 -1.734970 0.000000
    endloop
  endfacet
  facet normal -0.751840 0.659346 0.000000
    outer loop
      vertex 2.015254 -2.015254 0.000000
      vertex 2.015254 -2.015254 4.000000
      vertex 2.261057 -1.734970 4.000000
    endloop
  endfacet
  facet normal 0.000000 0.000000 1.000000
    outer loop
      vertex 3.316217 -2.544623 0.000000
      vertex 2.468172 -1.425000 0.000000
      vertex 2.261057 -1.734970 0.000000
    endloop
  endfacet
  facet normal 0.000000 -0.000000 1.000000
    outer loop
      vertex 3.316217 -2.544623 0.000000
      vertex 3.619986 -2.090000 0.000000
      vertex 2.468172 -1.425000 0.000000
    endloop
  endfacet
  facet normal 0.000000 0.000000 -1.000000
    outer loop
      vertex 3.316217 -2.544623 4.000000
      vertex 2.261057 -1.734970 4.000000
      vertex 2.468172 -1.425000 4.000000
    endloop
  endfacet
  facet normal 0.000000 0.000000 -1.000000
    outer loop
      vertex 3.316217 -2.544623 4.000000
      vertex 2.468172 -1.425000 4.000000
      vertex 3.619986 -2.090000 4.000000
    endloop
  endfacet
  facet normal 0.831470 -0.555570 0.000000
    outer loop
      vertex 3.316217 -2.544623 0.000000
      vertex 3.619986 -2.090000 0.000000
      vertex 3.619986 -2.090000 4.000000
    endloop
  endfacet
  facet normal 0.831470 -0.555570 0.000000
    outer loop
      vertex 3.316217 -2.544623 0.000000
      vertex 3.619986 -2.090000 4.000000
      vertex 3.316217 -2.544623 4.000000
    endloop
  endfacet
  facet normal -0.831470 0.555570 0.000000
    outer loop
      vertex 2.261057 -1.734970 0.000000
      vertex 2.468172 -1.425000 4.000000
      vertex 2.468172 -1.425000 0.000000
    endloop
  endfacet
  facet normal -0.831470 0.555570 0.000000
    outer loop
      vertex 2.261057 -1.734970 0.000000
      vertex 2.261057 -1.734970 4.000000
      vertex 2.468172 -1.425000 4.000000
    endloop
  endfacet
  facet normal 0.000000 0.000000 1.000000
    outer loop
      vertex 3.619986 -2.090000 0.000000
      vertex 2.633057 -1.090648 0.000000
      vertex 2.468172 -1.425000 0.000000
    endloop
  endfacet
  facet normal 0.000000 -0.000000 1.000000
    outer loop
      vertex 3.619986 -2.090000 0.000000
      vertex 3.861816 -1.599617 0.000000
      vertex 2.633057 -1.090648 0.000000
    endloop
  endfacet
  facet normal 0.000000 0.000000 -1.000000
    outer loop
      vertex 3.619986 -2.090000 4.000000
      vertex 2.468172 -1.425000 4.000000
      vertex 2.633057 -1.090648 4.000000
    endloop
  endfacet
  facet normal 0.000000 0.000000 -1.000000
    outer loop
      vertex 3.619986 -2.090000 4.000000
      vertex 2.633057 -1.090648 4.000000
      vertex 3.861816 -1.599617 4.000000
    endloop
  endfacet
  facet normal 0.896873 -0.442289 0.000000
    outer loop
      vertex 3.619986 -2.090000 0.000000
      vertex 3.861816 -1.599617 0.000000
      vertex 3.861816 -1.599617 4.000000
    endloop
  endfacet
  facet normal 0.896873 -0.442289 0.000000
    outer loop
      vertex 3.619986 -2.090000 0.000000
      vertex 3.861816 -1.599617 4.000000
      vertex 3.619986 -2.090000 4.000000
    endloop
  endfacet
  facet normal -0.896873 0.442289 0.000000
    outer loop
      vertex 2.468172 -1.425000 0.000000
      vertex 2.633057 -1.090648 4.000000
      vertex 2.633057 -1.090648 0.000000
    endloop
  endfacet
  facet normal -0.896873 0.442289 0.000000
    outer loop
      vertex 2.468172 -1.425000 0.000000
      vertex 2.468172 -1.425000 4.000000
      vertex 2.633057 -1.090648 4.000000
    endloop
  endfacet
  facet normal 0.000000 0.000000 1.000000
    outer loop
      vertex 3.861816 -1.599617 0.000000
      vertex 2.752889 -0.737634 0.000000
      vertex 2.633057 -1.090648 0.000000
    endloop
  endfacet
  facet normal 0.000000 -0.000000 1.000000
    outer loop
      vertex 3.861816 -1.599617 0.000000
      vertex 4.037570 -1.081864 0.000000
      vertex 2.752889 -0.737634 0.000000
    endloop
  endfacet
  facet normal 0.000000 0.000000 -1.000000
    outer loop
      vertex 3.861816 -1.599617 4.000000
      vertex 2.633057 -1.090648 4.000000
      vertex 2.752889 -0.737634 4.000000
    endloop
  endfacet
  facet normal 0.000000 0.000000 -1.000000
    outer loop
      vertex 3.861816 -1.599617 4.000000
      vertex 2.752889 -0.737634 4.000000
      vertex 4.037570 -1.081864 4.000000
    endloop
  endfacet
  facet normal 0.946930 -0.321439 0.000000
    outer loop
      vertex 3.861816 -1.599617 0.000000
      vertex 4.037570 -1.081864 0.000000
      vertex 4.037570 -1.081864 4.000000
    endloop
  endfacet
  facet normal 0.946930 -0.321439 0.000000
    outer loop
      vertex 3.861816 -1.599617 0.000000
      vertex 4.037570 -1.081864 4.000000
      vertex 3.861816 -1.599617 4.000000
    endloop
  endfacet
  facet normal -0.946930 0.321439 0.000000
    outer loop
      vertex 2.633057 -1.090648 0.000000
      vertex 2.752889 -0.737634 4.000000
      vertex 2.752889 -0.737634 0.000000
    endloop
  endfacet
  facet normal -0.946930 0.321439 0.000000
    outer loop
      vertex 2.633057 -1.090648 0.000000
      vertex 2.633057 -1.090648 4.000000
      vertex 2.752889 -0.737634 4.000000
    endloop
  endfacet
  facet normal 0.000000 0.000000 1.000000
    outer loop
      vertex 4.037570 -1.081864 0.000000
      vertex 2.825618 -0.372000 0.000000
      vertex 2.752889 -0.737634 0.000000
    endloop
  endfacet
  facet normal 0.000000 -0.000000 1.000000
    outer loop
      vertex 4.037570 -1.081864 0.000000
      vertex 4.144240 -0.545599 0.000000
      vertex 2.825618 -0.372000 0.000000
    endloop
  endfacet
  facet normal 0.000000 0.000000 -1.000000
    outer loop
      vertex 4.037570 -1.081864 4.000000
      vertex 2.752889 -0.737634 4.000000
      vertex 2.825618 -0.372000 4.000000
    endloop
  endfacet
  facet normal 0.000000 0.000000 -1.000000
    outer loop
      vertex 4.037570 -1.081864 4.000000
      vertex 2.825618 -0.372000 4.000000
      vertex 4.144240 -0.545599 4.000000
    endloop
  endfacet
  facet normal 0.980785 -0.195090 0.000000
    outer loop
      vertex 4.037570 -1.081864 0.000000
      vertex 4.144240 -0.545599 0.000000
      vertex 4.144240 -0.545599 4.000000
    endloop
  endfacet
  facet normal 0.980785 -0.195090 0.000000
    outer loop
      vertex 4.037570 -1.081864 0.000000
      vertex 4.144240 -0.545599 4.000000
      vertex 4.037570 -1.081864 4.000000
    endloop
  endfacet
  facet normal -0.980785 0.195090 0.000000
    outer loop
      vertex 2.752889 -0.737634 0.000000
      vertex 2.825618 -0.372000 4.000000
      vertex 2.825618 -0.372000 0.000000
    endloop
  endfacet
  facet normal -0.980785 0.195090 0.000000
    outer loop
      vertex 2.752889 -0.737634 0.000000
      vertex 2.752889 -0.737634 4.000000
      vertex 2.825618 -0.372000 4.000000
    endloop
  endfacet
  facet normal 0.000000 0.000000 1.000000
    outer loop
      vertex 4.144240 -0.545599 0.000000
      vertex 2.850000 -0.000000 0.000000
      vertex 2.825618 -0.372000 0.000000
    endloop
  endfacet
  facet normal 0.000000 -0.000000 1.000000
    outer loop
      vertex 4.144240 -0.545599 0.000000
      vertex 4.180000 -0.000000 0.000000
      vertex 2.850000 -0.000000 0.000000
    endloop
  endfacet
  facet normal 0.000000 0.000000 -1.000000
    outer loop
      vertex 4.144240 -0.545599 4.000000
      vertex 2.825618 -0.372000 4.000000
      vertex 2.850000 -0.000000 4.000000
    endloop
  endfacet
  facet normal 0.000000 0.000000 -1.000000
    outer loop
      vertex 4.144240 -0.545599 4.000000
      vertex 2.850000 -0.000000 4.000000
      vertex 4.180000 -0.000000 4.000000
    endloop
  endfacet
  facet normal 0.997859 -0.065403 0.000000
    outer loop
      vertex 4.144240 -0.545599 0.000000
      vertex 4.180000 -0.000000 0.000000
      vertex 4.180000 -0.000000 4.000000
    endloop
  endfacet
  facet normal 0.997859 -0.065403 0.000000
    outer loop
      vertex 4.144240 -0.545599 0.000000
      vertex 4.180000 -0.000000 4.000000
      vertex 4.144240 -0.545599 4.000000
    endloop
  endfacet
  facet normal -0.997859 0.065403 0.000000
    outer loop
      vertex 2.825618 -0.372000 0.000000
      vertex 2.850000 -0.000000 4.000000
      vertex 2.850000 -0.000000 0.000000
    endloop
  endfacet
  facet normal -0.997859 0.065403 0.000000
    outer loop
      vertex 2.825618 -0.372000 0.000000
      vertex 2.825618 -0.372000 4.000000
      vertex 2.850000 -0.000000 4.000000
    endloop
  endfacet
  facet normal 0.000000 0.000000 1.000000
    outer loop
      vertex -4.750000 16.150000 0.000000
      vertex 4.750000 16.150000 0.000000
      vertex 0.000000 23.370000 0.000000
    endloop
  endfacet
  facet normal 0.000000 0.000000 -1.000000
    outer loop
      vertex -4.750000 16.150000 6.650000
      vertex 0.000000 23.370000 6.650000
      vertex 4.750000 16.150000 6.650000
    endloop
  endfacet
  facet normal 0.835417 -0.549617 0.000000
    outer loop
      vertex -4.750000 16.150000 0.000000
      vertex 0.000000 23.370000 0.000000
      vertex 0.000000 23.370000 6.650000
    endloop
  endfacet
  facet normal 0.835417 -0.549617 0.000000
    outer loop
      vertex -4.750000 16.150000 0.000000
      vertex 0.000000 23.370000 6.650000
      vertex -4.750000 16.150000 6.650000
    endloop
  endfacet
  facet normal -0.835417 -0.549617 0.000000
    outer loop
      vertex 4.750000 16.150000 0.000000
      vertex 4.750000 16.150000 6.650000
      vertex 0.000000 23.370000 6.650000
    endloop
  endfacet
  facet normal -0.835417 -0.549617 0.000000
    outer loop
      vertex 4.750000 16.150000 0.000000
      vertex 0.000000 23.370000 6.650000
      vertex 0.000000 23.370000 0.000000
    endloop
  endfacet
  facet normal 0.000000 1.000000 0.000000
    outer loop
      vertex -4.750000 16.150000 0.000000
      vertex -4.750000 16.150000 6.650000
      vertex 4.750000 16.150000 6.650000
    endloop
  endfacet
  facet normal 0.000000 1.000000 0.000000
    outer loop
      vertex -4.750000 16.150000 0.000000
      vertex 4.750000 16.150000 6.650000
      vertex 4.750000 16.150000 0.000000
    endloop
  endfacet
endsolid pendant_38mm
